scenario,split,region,tech,available_cf,dispatch_cf,curtailment_cf
base,1000,BE2 0AC,offwind-dc,0.5955488012254254,0.5866112271923686,0.008937574033056839
base,1000,BE2 0AC,offwind-dc,0.5933939846571576,0.5799962746676576,0.013397709989500073
base,1000,DE2 0AC,offwind-dc,0.5722191564039367,0.572194207041592,2.494936234476164e-05
base,1000,DE2 0AC,offwind-dc,0.5810430788531005,0.5789495888157793,0.0020934900373211773
base,1000,DE2 0AC,offwind-dc,0.573374786150878,0.5732234318941295,0.00015135425674850378
base,1000,DE2 0AC,offwind-dc,0.5850728516361376,0.5850353212908305,3.753034530717958e-05
base,1000,DE2 0AC,offwind-dc,0.5769187155710038,0.574713879982043,0.002204835588960785
base,1000,DE2 0AC,offwind-dc,0.5786188126945155,0.5784971989519972,0.00012161374251828949
base,1000,DE2 0AC,offwind-dc,0.5820216357692428,0.5820024858899467,1.9149879296076477e-05
base,1000,DE2 0AC,offwind-dc,0.5798148269199155,0.5788479156023129,0.0009669113176026256
base,1000,DE2 0AC,offwind-dc,0.5814458102389004,0.5795236151857209,0.0019221950531794763
base,1000,DE2 0AC,offwind-dc,0.5820336100913186,0.5812204191607319,0.000813190930586738
base,1000,DE2 0AC,offwind-dc,0.5858186102128459,0.5858023383737151,1.627183913077701e-05
base,1000,DE2 0AC,offwind-dc,0.5844496455950542,0.5828025180551448,0.0016471275399093654
base,1000,DE2 0AC,offwind-dc,0.5874346583752407,0.587414993444779,1.9664930461682495e-05
base,1000,DE2 0AC,offwind-dc,0.5847858076078272,0.5832162362912463,0.0015695713165808645
base,1000,DE2 0AC,offwind-dc,0.5845286219432341,0.5841643825135323,0.0003642394297017626
base,1000,DE2 0AC,offwind-dc,0.587402743147438,0.5873884698523102,1.4273295127820163e-05
base,1000,DE2 0AC,offwind-dc,0.5859242763263022,0.5858988429411119,2.5433385190232194e-05
base,1000,DE2 0AC,offwind-dc,0.5880391958887125,0.5880117279534373,2.7467935275193867e-05
base,1000,DE2 0AC,offwind-dc,0.587351343418539,0.5873201175085357,3.1225910003263024e-05
base,1000,DE2 0AC,offwind-dc,0.5728227481448831,0.5591000500284763,0.013722698116406806
base,1000,DE2 0AC,offwind-dc,0.5871729992943144,0.5871147742085533,5.822508576114327e-05
base,1000,DE2 0AC,offwind-dc,0.5855136539366315,0.5854995709445416,1.4082992089825552e-05
base,1000,DE2 0AC,offwind-dc,0.5862575991314666,0.5862413305069585,1.626862450809785e-05
base,1000,DE2 0AC,offwind-dc,0.5869760868908882,0.5868979310205434,7.81558703447649e-05
base,1000,DE2 0AC,offwind-dc,0.58232887132851,0.58227229506455,5.6576263959939865e-05
base,1000,DE2 0AC,offwind-dc,0.5872692927080558,0.5870484307377376,0.0002208619703182313
base,1000,DE2 0AC,offwind-dc,0.5752525005402409,0.5690442482090116,0.006208252331229347
base,1000,DE2 0AC,offwind-dc,0.5826474613233975,0.5805279805026414,0.002119480820756081
base,1000,DE2 0AC,offwind-dc,0.585291890659692,0.5851348582444197,0.00015703241527231793
base,1000,DE2 0AC,offwind-dc,0.5697009290023957,0.5594455915535592,0.010255337448836443
base,1000,DE2 0AC,offwind-dc,0.5814097046153559,0.5785112579886975,0.002898446626658391
base,1000,DE2 0AC,offwind-dc,0.5838457081754201,0.5837781937390927,6.75144363274649e-05
base,1000,DK2 0AC,offwind-dc,0.5796035493911063,0.534760018507588,0.04484353088351822
base,1000,DK2 0AC,offwind-dc,0.5758352993891684,0.5304139616543135,0.045421337734854905
base,1000,DK2 0AC,offwind-dc,0.5872703238703599,0.550482421094164,0.036787902776195924
base,1000,DK2 0AC,offwind-dc,0.5829059702828963,0.5405184140062914,0.04238755627660484
base,1000,DK2 0AC,offwind-dc,0.5779301809650089,0.5316608095498185,0.046269371415190386
base,1000,DK2 0AC,offwind-dc,0.5810263353131989,0.5343606862803182,0.04666564903288073
base,1000,DK2 0AC,offwind-dc,0.5826564882100786,0.53910240323422,0.043554084975858665
base,1000,DK2 0AC,offwind-dc,0.5907122228238264,0.5548518674088939,0.03586035541493249
base,1000,DK2 0AC,offwind-dc,0.5906253756083756,0.5483295144415135,0.042295861166862125
base,1000,DK2 0AC,offwind-dc,0.5826189936903162,0.5353657855076891,0.04725320818262713
base,1000,DK2 0AC,offwind-dc,0.5976337781107902,0.569653128084419,0.02798065002637118
base,1000,DK2 0AC,offwind-dc,0.5915357125259548,0.5457525544896533,0.04578315803630151
base,1000,DK2 0AC,offwind-dc,0.5857602257792471,0.5424982212775933,0.04326200450165385
base,1000,DK2 0AC,offwind-dc,0.5927347896593016,0.5558181983794949,0.03691659127980673
base,1000,DK2 0AC,offwind-dc,0.6008028243980306,0.5741126939083357,0.02669013048969482
base,1000,DK2 0AC,offwind-dc,0.5920030715980208,0.5513349539734268,0.04066811762459399
base,1000,DK2 0AC,offwind-dc,0.5864068863065673,0.5416796983686367,0.044727187937930624
base,1000,DK2 0AC,offwind-dc,0.5886794893957673,0.5449933092841482,0.043686180111619066
base,1000,DK2 0AC,offwind-dc,0.5964205277855469,0.5601466426997874,0.03627388508575946
base,1000,DK2 0AC,offwind-dc,0.6069357515028329,0.5872056434048163,0.019730108098016563
base,1000,DK2 0AC,offwind-dc,0.5912173376059112,0.5461281781328684,0.04508915947304282
base,1000,DK2 0AC,offwind-dc,0.6023225039241342,0.5730788692117027,0.02924363471243152
base,1000,DK2 0AC,offwind-dc,0.6194779968523216,0.6192983808597723,0.00017961599254934235
base,1000,DK2 0AC,offwind-dc,0.6117321403130951,0.5985523134644224,0.013179826848672693
base,1000,DK2 0AC,offwind-dc,0.5950022982257376,0.5542080945516012,0.04079420367413633
base,1000,DK2 0AC,offwind-dc,0.6025572603816115,0.5711135020024756,0.03144375837913593
base,1000,DK2 0AC,offwind-dc,0.6077558467793617,0.5887479884192243,0.01900785836013741
base,1000,DK2 0AC,offwind-dc,0.6210589543403593,0.6209164169080772,0.00014253743228209714
base,1000,DK2 0AC,offwind-dc,0.5944490960241655,0.5552093753857076,0.03923972063845793
base,1000,DK2 0AC,offwind-dc,0.5993642740827988,0.5667351340779181,0.03262914000488071
base,1000,DK2 0AC,offwind-dc,0.59322712284759,0.5530042749316623,0.040222847915927784
base,1000,DK2 0AC,offwind-dc,0.6209476578844509,0.620703919883766,0.00024373800068488993
base,1000,DK2 0AC,offwind-dc,0.6081642101333484,0.5917183365264729,0.01644587360687555
base,1000,DK2 0AC,offwind-dc,0.6148078353293943,0.6139072160841721,0.0009006192452222228
base,1000,DK2 0AC,offwind-dc,0.5931201695260095,0.5908268511642069,0.0022933183618026876
base,1000,FR2 0AC,offwind-dc,0.5854885167107456,0.5854885167107405,5.10702591327572e-15
base,1000,FR2 0AC,offwind-dc,0.5702011876076012,0.5615589198340197,0.008642267773581458
base,1000,GB1 0AC,offwind-dc,0.54290345785625,0.5270889205247372,0.015814537331512835
base,1000,GB1 0AC,offwind-dc,0.5606942973085299,0.5450431065265248,0.015651190782005164
base,1000,GB1 0AC,offwind-dc,0.5573521167162842,0.5394068681096628,0.01794524860662139
base,1000,GB1 0AC,offwind-dc,0.5721213175190772,0.5565544927772916,0.015566824741785612
base,1000,GB1 0AC,offwind-dc,0.5645787443407395,0.48137466696215564,0.08320407737858387
base,1000,GB1 0AC,offwind-dc,0.5674629941117042,0.4875196963528935,0.0799432977588107
base,1000,GB1 0AC,offwind-dc,0.5672873388266216,0.48371061144530403,0.0835767273813176
base,1000,GB1 0AC,offwind-dc,0.5737110857307095,0.49374205203796223,0.07996903369274727
base,1000,GB1 0AC,offwind-dc,0.5750542427024556,0.4978209052544149,0.07723333744804073
base,1000,GB1 0AC,offwind-dc,0.5739691957473123,0.4969893462205427,0.07697984952676962
base,1000,GB1 0AC,offwind-dc,0.5767512927389513,0.49582511939360474,0.08092617334534657
base,1000,GB1 0AC,offwind-dc,0.5723311385988891,0.48827761092104777,0.0840535276778413
base,1000,GB1 0AC,offwind-dc,0.5768886615737158,0.5358149214286316,0.04107374014508414
base,1000,GB1 0AC,offwind-dc,0.5793015017224661,0.5494269724409064,0.029874529281559647
base,1000,GB1 0AC,offwind-dc,0.5797642394690172,0.5010378616873409,0.07872637778167635
base,1000,GB1 0AC,offwind-dc,0.5783339533107711,0.5014364758935816,0.07689747741718944
base,1000,GB1 0AC,offwind-dc,0.5681883271972842,0.481000621594357,0.08718770560292716
base,1000,GB1 0AC,offwind-dc,0.5737224506931133,0.5551441834492913,0.018578267243822055
base,1000,GB1 0AC,offwind-dc,0.578999728248356,0.4980226669528651,0.08097706129549087
base,1000,GB1 0AC,offwind-dc,0.5748365890513544,0.4967243067453545,0.07811228230599987
base,1000,GB1 0AC,offwind-dc,0.5760407773454574,0.5490605436705891,0.026980233674868348
base,1000,GB1 0AC,offwind-dc,0.5825748749769905,0.5392051067572361,0.04336976821975436
base,1000,GB1 0AC,offwind-dc,0.5759480938219712,0.49526681172082215,0.08068128210114905
base,1000,GB1 0AC,offwind-dc,0.5787503916129922,0.5001361444336448,0.0786142471793474
base,1000,GB1 0AC,offwind-dc,0.5724896384503881,0.5534394932258389,0.019050145224549286
base,1000,GB1 0AC,offwind-dc,0.5661308205741603,0.4794914056130639,0.0866394149610964
base,1000,GB1 0AC,offwind-dc,0.5922629962053562,0.5677890170386986,0.02447397916665761
base,1000,GB1 0AC,offwind-dc,0.5779708413401299,0.4953533257313857,0.0826175156087442
base,1000,GB1 0AC,offwind-dc,0.5931002494242301,0.5667131691018915,0.026387080322338607
base,1000,GB1 0AC,offwind-dc,0.5767845926758558,0.4925615927577032,0.08422299991815257
base,1000,GB1 0AC,offwind-dc,0.5782163823099086,0.4973212224449357,0.08089515986497287
base,1000,GB1 0AC,offwind-dc,0.5768680844852566,0.4960178909052307,0.08085019358002593
base,1000,GB1 0AC,offwind-dc,0.5732162378002534,0.49349530740700237,0.07972093039325107
base,1000,GB1 0AC,offwind-dc,0.5825382257126924,0.5036377108206558,0.07890051489203664
base,1000,GB1 0AC,offwind-dc,0.5986577683557414,0.5502771161011646,0.04838065225457677
base,1000,GB1 0AC,offwind-dc,0.5712858888807256,0.5527255492474534,0.018560339633272194
base,1000,GB1 0AC,offwind-dc,0.5968067236359869,0.5542028115970782,0.042603912038908676
base,1000,GB1 0AC,offwind-dc,0.5850795931302819,0.5428560305902238,0.0422235625400581
base,1000,GB1 0AC,offwind-dc,0.575277986242609,0.4912933100187478,0.08398467622386113
base,1000,GB1 0AC,offwind-dc,0.5715596468648908,0.4950314950737253,0.07652815179116551
base,1000,GB1 0AC,offwind-dc,0.5715937041955307,0.49245447837772377,0.07913922581780691
base,1000,GB1 0AC,offwind-dc,0.5801150010047351,0.49713123599464654,0.08298376501008858
base,1000,GB1 0AC,offwind-dc,0.5883507168827186,0.5615965913834776,0.026754125499240944
base,1000,GB1 0AC,offwind-dc,0.5967375610069665,0.5596414808558755,0.037096080151091004
base,1000,GB1 0AC,offwind-dc,0.5786508183764524,0.49634193706969754,0.08230888130675484
base,1000,GB1 0AC,offwind-dc,0.5732842343660695,0.49313359357427766,0.0801506407917918
base,1000,GB1 0AC,offwind-dc,0.5962454960336172,0.5686068438835713,0.027638652150045906
base,1000,GB1 0AC,offwind-dc,0.58435241215724,0.5663214957296319,0.018030916427608124
base,1000,GB1 0AC,offwind-dc,0.5814434460874432,0.5005256984348082,0.08091774765263504
base,1000,GB1 0AC,offwind-dc,0.5906890207570169,0.5750916183317103,0.015597402425306606
base,1000,GB1 0AC,offwind-dc,0.5849166267478985,0.5712475736211335,0.013669053126764918
base,1000,GB1 0AC,offwind-dc,0.571581383816548,0.5147915447560756,0.056789839060472413
base,1000,GB1 0AC,offwind-dc,0.5725958694211524,0.5577521255452688,0.014843743875883608
base,1000,GB4 0AC,offwind-dc,0.5929499785514185,0.47431750682503176,0.11863247172638675
base,1000,GB4 0AC,offwind-dc,0.5897654181946032,0.5493705023484122,0.040394915846190926
base,1000,GB4 0AC,offwind-dc,0.5779125104734218,0.44322231494969305,0.1346901955237288
base,1000,GB4 0AC,offwind-dc,0.5905438080982023,0.5637498585269107,0.026793949571291553
base,1000,NL2 0AC,offwind-dc,0.5719319595750633,0.5648060124642104,0.007125947110852904
base,1000,NL2 0AC,offwind-dc,0.5964018201488858,0.595453892324549,0.0009479278243367251
base,1000,NL2 0AC,offwind-dc,0.5788931233544203,0.5737957302433592,0.005097393111061166
base,1000,NL2 0AC,offwind-dc,0.5725563231286699,0.5722869458816299,0.00026937724704001464
base,1000,NL2 0AC,offwind-dc,0.5709459024182797,0.56310370151356,0.007842200904719654
base,1000,NL2 0AC,offwind-dc,0.570087691850875,0.5663190165572605,0.003768675293614576
base,1000,NL2 0AC,offwind-dc,0.5921765184969144,0.5917444049287905,0.000432113568123893
base,1000,NL2 0AC,offwind-dc,0.5719411793150521,0.5627261762401564,0.009215003074895645
base,1000,NL2 0AC,offwind-dc,0.5980820218937075,0.5974310636697103,0.0006509582239971889
base,1000,NL2 0AC,offwind-dc,0.5896308560601748,0.5891205820862586,0.000510273973916231
base,1000,NL2 0AC,offwind-dc,0.5815746079010595,0.5762645414803376,0.0053100664207219594
base,1000,NL2 0AC,offwind-dc,0.5864991764383155,0.5863143822819734,0.00018479415634209406
base,1000,NL2 0AC,offwind-dc,0.5738726394297543,0.5632406045827957,0.010632034846958627
base,1000,NL2 0AC,offwind-dc,0.5803989447118494,0.5734424006514444,0.006956544060405023
base,1000,NL2 0AC,offwind-dc,0.5709180140122956,0.5613722816204725,0.009545732391823103
base,1000,NL2 0AC,offwind-dc,0.5922689488845617,0.5919630888876277,0.00030585999693399923
base,1000,NL2 0AC,offwind-dc,0.584860324066676,0.5845971759494515,0.0002631481172244987
base,1000,NL2 0AC,offwind-dc,0.5700846664796879,0.562783290191976,0.00730137628771188
base,1000,NL2 0AC,offwind-dc,0.5906655208764788,0.5899833288866226,0.0006821919898561957
base,1000,NL2 0AC,offwind-dc,0.5805773631962519,0.5723723399556159,0.008205023240635989
base,1000,NL2 0AC,offwind-dc,0.5865891904937471,0.5863496301317332,0.00023956036201389086
base,1000,NL2 0AC,offwind-dc,0.5715621888958664,0.5606041944524272,0.010957994443439256
base,1000,NL2 0AC,offwind-dc,0.5723061294313498,0.5691786030111273,0.003127526420222515
base,1000,NL2 0AC,offwind-dc,0.5832562228474953,0.5756677675191865,0.007588455328308874
base,1000,NL2 0AC,offwind-dc,0.5746667227828075,0.5607389390907472,0.01392778369206027
base,1000,NL2 0AC,offwind-dc,0.5788108364116304,0.5671824411543113,0.01162839525731918
base,1000,NL2 0AC,offwind-dc,0.571284539013868,0.5620308416204101,0.009253697393457938
base,1000,NL2 0AC,offwind-dc,0.5828228872284118,0.575977037350489,0.006845849877922805
base,1000,NL2 0AC,offwind-dc,0.5749969630103944,0.562609752757458,0.012387210252936431
base,1000,NL2 0AC,offwind-dc,0.5738857006936944,0.5663621305470307,0.007523570146663716
base,1000,NL2 0AC,offwind-dc,0.5745682698097533,0.5696380096726588,0.004930260137094522
base,1000,NL2 0AC,offwind-dc,0.5826721516847613,0.5745942127817114,0.008077938903049864
base,1000,NL2 0AC,offwind-dc,0.5806842731218635,0.5691206911116868,0.01156358201017671
base,1000,NL2 0AC,offwind-dc,0.5756065298469907,0.5653280281030733,0.010278501743917423
base,1000,NL2 0AC,offwind-dc,0.582202480086828,0.573080904929257,0.00912157515757095
base,1000,NL2 0AC,offwind-dc,0.5763605391569142,0.5714810066225388,0.0048795325343754525
base,1000,NL2 0AC,offwind-dc,0.5786788909676885,0.5686569129213813,0.010021978046307223
base,1000,NL2 0AC,offwind-dc,0.5810096398599889,0.5709911467086041,0.01001849315138481
base,1000,NL2 0AC,offwind-dc,0.578465466979843,0.5693669809795432,0.009098486000299832
base,1000,NL2 0AC,offwind-dc,0.5812304809990843,0.570009993830795,0.011220487168289273
base,1000,NL2 0AC,offwind-dc,0.5781066070830951,0.5725965405567824,0.005510066526312696
base,1000,NL2 0AC,offwind-dc,0.5805090330353709,0.5707124792592475,0.009796553776123429
base,1000,NL2 0AC,offwind-dc,0.5859183293208605,0.585757788035265,0.00016054128559550573
base,1000,NL2 0AC,offwind-dc,0.5825026897164131,0.5743652285687714,0.00813746114764169
base,1000,NL2 0AC,offwind-dc,0.5818882614774432,0.5757232470408026,0.006165014436640637
base,1000,NL2 0AC,offwind-dc,0.5810537345071661,0.5673776830778771,0.013676051429289071
base,1000,NL2 0AC,offwind-dc,0.5847004115647366,0.5805108292649577,0.004189582299778949
base,1000,NL2 0AC,offwind-dc,0.5846080854461043,0.5796533826278919,0.00495470281821242
base,1000,NL2 0AC,offwind-dc,0.5851772584221738,0.5792266618146619,0.00595059660751196
base,1000,NL2 0AC,offwind-dc,0.5858553995870237,0.5855938409389848,0.0002615586480388954
base,1000,NO0 0AC,offwind-dc,0.5743984538431196,0.5491227951136801,0.025275658729439487
base,1000,NO0 0AC,offwind-dc,0.5855538812411748,0.569415247494815,0.01613863374635982
base,1000,NO0 0AC,offwind-dc,0.6057018031751187,0.6057018031751176,1.1102230246251565e-15
base,1000,NO0 0AC,offwind-dc,0.6127029548367725,0.612702954836772,5.551115123125783e-16
base,1000,NO0 0AC,offwind-dc,0.6052722898884503,0.603066724427024,0.002205565461426251
base,1000,BE2 0AC,offwind-ac,0.5653459630680616,0.5653459630680385,2.3092638912203256e-14
base,1000,BE2 0AC,offwind-ac,0.559247683762009,0.5592476837620082,7.771561172376096e-16
base,1000,DE2 0AC,offwind-ac,0.5859192962606986,0.5855980852800301,0.00032121098066850706
base,1000,DE2 0AC,offwind-ac,0.5140499122331237,0.49399682838200487,0.020053083851118814
base,1000,DE2 0AC,offwind-ac,0.5456704752223352,0.5453642850922197,0.00030619013011556895
base,1000,DE2 0AC,offwind-ac,0.5708924391167546,0.570569232449312,0.000323206667442566
base,1000,DE2 0AC,offwind-ac,0.5533558145105723,0.5532224533130836,0.00013336119748863506
base,1000,DE2 0AC,offwind-ac,0.5179410318659354,0.5014284348202152,0.01651259704572028
base,1000,DE2 0AC,offwind-ac,0.4336388821903812,0.37206837520220676,0.061570506988174456
base,1000,DE2 0AC,offwind-ac,0.5245364832059656,0.5119381973841386,0.012598285821826982
base,1000,DK2 0AC,offwind-ac,0.5654687031801501,0.5407120597629941,0.024756643417156
base,1000,DK2 0AC,offwind-ac,0.583110996732168,0.5828290742512711,0.0002819224808969789
base,1000,DK2 0AC,offwind-ac,0.589025367802504,0.5884199629507456,0.0006054048517584176
base,1000,DK2 0AC,offwind-ac,0.5660664267369808,0.5593738331128189,0.006692593624161969
base,1000,DK2 0AC,offwind-ac,0.5591336307661723,0.5339639483084719,0.02516968245770035
base,1000,DK2 0AC,offwind-ac,0.5768883016912545,0.5766035217363322,0.00028477995492226515
base,1000,DK2 0AC,offwind-ac,0.5156049422771894,0.45668765532375344,0.05891728695343601
base,1000,DK2 0AC,offwind-ac,0.5711108708576357,0.5622616422702456,0.008849228587390123
base,1000,DK2 0AC,offwind-ac,0.510357511199973,0.4434157844552105,0.06694172674476245
base,1000,DK2 0AC,offwind-ac,0.5687235839349314,0.5488947442782882,0.01982883965664317
base,1000,DK2 0AC,offwind-ac,0.472485427692225,0.3993232341468901,0.07316219354533493
base,1000,DK2 0AC,offwind-ac,0.5567564046246687,0.5477581388243239,0.008998265800344796
base,1000,DK2 0AC,offwind-ac,0.5606789237823334,0.5596673821759346,0.0010115416063988247
base,1000,DK2 0AC,offwind-ac,0.5085285788574401,0.4576899497790147,0.050838629078425346
base,1000,DK2 0AC,offwind-ac,0.5637147872630014,0.5623021117193305,0.0014126755436708605
base,1000,DK2 0AC,offwind-ac,0.5670348402636508,0.5665967106772144,0.00043812958643640876
base,1000,DK2 0AC,offwind-ac,0.5162291784560787,0.4826155234911297,0.03361365496494906
base,1000,GB1 0AC,offwind-ac,0.3624975739072199,0.2757900650216606,0.08670750888555934
base,1000,GB1 0AC,offwind-ac,0.39263981130818415,0.29750834769057366,0.09513146361761049
base,1000,GB1 0AC,offwind-ac,0.4511855532921738,0.4398808443488691,0.011304708943304709
base,1000,GB1 0AC,offwind-ac,0.5366986933796255,0.5216027042919236,0.015095989087701933
base,1000,GB1 0AC,offwind-ac,0.45283754718472097,0.36293489088958447,0.0899026562951365
base,1000,GB1 0AC,offwind-ac,0.4845248591108663,0.4667435556015633,0.017781303509303015
base,1000,GB1 0AC,offwind-ac,0.43053613763718673,0.34287552650512415,0.08766061113206258
base,1000,GB1 0AC,offwind-ac,0.4894270655509872,0.47020130341731126,0.01922576213367594
base,1000,GB1 0AC,offwind-ac,0.4720335650277757,0.45199536941964813,0.020038195608127585
base,1000,GB1 0AC,offwind-ac,0.4462019607837784,0.34992513614634785,0.09627682463743054
base,1000,GB1 0AC,offwind-ac,0.4986105900197557,0.4238597823963818,0.07475080762337394
base,1000,GB1 0AC,offwind-ac,0.5113309174469743,0.43318607288060995,0.07814484456636439
base,1000,GB1 0AC,offwind-ac,0.5203761656736913,0.5059561163922707,0.0144200492814206
base,1000,GB1 0AC,offwind-ac,0.5089325418953203,0.4842682480387989,0.024664293856521413
base,1000,GB1 0AC,offwind-ac,0.46618338765391776,0.3690010054057441,0.09718238224817366
base,1000,GB1 0AC,offwind-ac,0.5207033782038548,0.5038568464275117,0.0168465317763431
base,1000,GB1 0AC,offwind-ac,0.4714116183551392,0.3832910769681752,0.08812054138696396
base,1000,GB1 0AC,offwind-ac,0.41940501221936816,0.32377416610775095,0.09563084611161721
base,1000,GB1 0AC,offwind-ac,0.5186241090975278,0.49908345702189366,0.019540652075634102
base,1000,GB1 0AC,offwind-ac,0.5352384514833884,0.5111775135918303,0.024060937891558165
base,1000,GB1 0AC,offwind-ac,0.5545318244095849,0.5323996744469078,0.022132149962677095
base,1000,GB1 0AC,offwind-ac,0.5093906461935087,0.46803773555043565,0.04135291064307306
base,1000,GB1 0AC,offwind-ac,0.5485640999600077,0.5246624692764346,0.023901630683573094
base,1000,GB1 0AC,offwind-ac,0.5559717100905737,0.5110198462541236,0.04495186383645011
base,1000,GB1 0AC,offwind-ac,0.5281967352006948,0.4939299178478264,0.03426681735286835
base,1000,GB1 0AC,offwind-ac,0.529185397673725,0.49135176100042105,0.037833636673303916
base,1000,GB1 0AC,offwind-ac,0.5680570132856565,0.5148785723830996,0.053178440902556856
base,1000,GB1 0AC,offwind-ac,0.551535597153225,0.5142631599978897,0.037272437155335236
base,1000,GB1 0AC,offwind-ac,0.5794872884871209,0.5241753614703899,0.055311927016731044
base,1000,GB1 0AC,offwind-ac,0.5679090059602582,0.5352937381144122,0.03261526784584601
base,1000,GB1 0AC,offwind-ac,0.5736342457974096,0.5108168384624905,0.06281740733491914
base,1000,GB1 0AC,offwind-ac,0.5800055627101494,0.5252743893509574,0.054731173359191976
base,1000,GB4 0AC,offwind-ac,0.5715988539724701,0.5019582410684941,0.06964061290397605
base,1000,GB4 0AC,offwind-ac,0.57159885397247,0.506702119263827,0.06489673470864299
base,1000,GB4 0AC,offwind-ac,0.5974424106281204,0.5118620990703597,0.08558031155776069
base,1000,GB4 0AC,offwind-ac,0.6001263368277429,0.5542708932061932,0.045855443621549696
base,1000,GB4 0AC,offwind-ac,0.5974424106281204,0.5204068357648431,0.07703557486327728
base,1000,NL2 0AC,offwind-ac,0.5624630042225025,0.5618434342722548,0.0006195699502477003
base,1000,NL2 0AC,offwind-ac,0.433143706120761,0.36807934337878173,0.06506436274197924
base,1000,NL2 0AC,offwind-ac,0.5695356504136614,0.5687332278114126,0.0008024226022488312
base,1000,NL2 0AC,offwind-ac,0.5715407412006774,0.5708610138994819,0.0006797273011955873
base,1000,NL2 0AC,offwind-ac,0.5724192493448544,0.571726236996449,0.000693012348405464
base,1000,NL2 0AC,offwind-ac,0.5461681757276677,0.5458626567244909,0.0003055190031768795
base,1000,NL2 0AC,offwind-ac,0.5729319913852201,0.571791944246545,0.0011400471386751043
base,1000,NL2 0AC,offwind-ac,0.5454794332210933,0.5452586338398927,0.00022079938120056486
base,1000,NL2 0AC,offwind-ac,0.5458935019593171,0.5432668401074585,0.0026266618518585583
base,1000,NL2 0AC,offwind-ac,0.5677962114214707,0.5672446518421086,0.0005515595793621486
base,1000,NL2 0AC,offwind-ac,0.5574378609671113,0.5550685754395286,0.002369285527582754
base,1000,NL2 0AC,offwind-ac,0.45268663068903936,0.38852972064738767,0.0641569100416517
base,1000,NL2 0AC,offwind-ac,0.5706818942508043,0.5690957075784845,0.0015861866723198004
base,1000,NL2 0AC,offwind-ac,0.5740870399130423,0.5730430736186128,0.001043966294429488
base,1000,NO0 0AC,offwind-ac,0.34075212929135124,0.26891708558302374,0.0718350437083275
base,1000,NO0 0AC,offwind-ac,0.31817422008715296,0.24603729427334292,0.07213692581381004
base,1000,NO0 0AC,offwind-ac,0.3144559716664231,0.24600366385422068,0.0684523078122024
base,1000,NO0 0AC,offwind-ac,0.31817422008715296,0.24983831044850047,0.06833590963865249
base,1000,NO0 0AC,offwind-ac,0.4621057470412015,0.41694421516115326,0.045161531880048233
base,1000,NO0 0AC,offwind-ac,0.4349845887862846,0.37397339303456417,0.061011195751720426
base,1000,NO0 0AC,offwind-ac,0.2900715921162767,0.22159416094952206,0.06847743116675464
base,1000,NO0 0AC,offwind-ac,0.35666934295936353,0.28747159532146765,0.06919774763789588
base,1000,NO0 0AC,offwind-ac,0.2595487725579186,0.18922916303335222,0.07031960952456637
base,1000,NO0 0AC,offwind-ac,0.4105802253616839,0.35081252200829327,0.059767703353390655
base,1000,NO0 0AC,offwind-ac,0.3845179777652159,0.32021920699291123,0.06429877077230467
base,1000,NO0 0AC,offwind-ac,0.3537139589407681,0.28514051998121076,0.06857343895955736
base,1000,DE2 0AC,offwind-float,0.5633052657825731,0.44130588928576553,0.12199937649680759
base,1000,DK2 0AC,offwind-float,0.5706012881187338,0.43292637204107925,0.13767491607765453
base,1000,DK2 0AC,offwind-float,0.5725500379390428,0.4333992811418792,0.1391507567971636
base,1000,DK2 0AC,offwind-float,0.5826046305346425,0.44325490724485445,0.13934972328978806
base,1000,DK2 0AC,offwind-float,0.5763428057715849,0.4363689941932479,0.139973811578337
base,1000,DK2 0AC,offwind-float,0.6141309917898738,0.48856779567934683,0.12556319611052702
base,1000,DK2 0AC,offwind-float,0.6174586137628029,0.4896722490541473,0.12778636470865556
base,1000,DK2 0AC,offwind-float,0.588525097425846,0.4680482837566411,0.12047681366920493
base,1000,DK2 0AC,offwind-float,0.5775826677527635,0.45698287713899804,0.12059979061376541
base,1000,DK2 0AC,offwind-float,0.5687391914776826,0.4486450739172718,0.12009411756041077
base,1000,GB1 0AC,offwind-float,0.5050016955511013,0.3525615388721771,0.1524401566789242
base,1000,GB1 0AC,offwind-float,0.5814537647868393,0.4339073328574142,0.14754643192942513
base,1000,GB1 0AC,offwind-float,0.5306892024267728,0.3758540505793771,0.15483515184739566
base,1000,GB1 0AC,offwind-float,0.5688697132513086,0.41759551900433345,0.1512741942469752
base,1000,GB1 0AC,offwind-float,0.5148570896712324,0.34903602360323743,0.16582106606799502
base,1000,GB1 0AC,offwind-float,0.5490607658842162,0.39346269092923153,0.15559807495498462
base,1000,GB1 0AC,offwind-float,0.572660409206925,0.4209063386868742,0.15175407052005074
base,1000,GB1 0AC,offwind-float,0.5862303963854831,0.4411629428117026,0.14506745357378054
base,1000,GB1 0AC,offwind-float,0.5686495928600199,0.4139754113651282,0.1546741814948917
base,1000,GB1 0AC,offwind-float,0.5172932695326352,0.3613608821100209,0.15593238742261434
base,1000,GB1 0AC,offwind-float,0.5837034154751485,0.4371786924417583,0.1465247230333902
base,1000,GB1 0AC,offwind-float,0.5589431020915581,0.40129686024161665,0.15764624184994142
base,1000,GB1 0AC,offwind-float,0.5863520533195121,0.44029092891537563,0.1460611244041365
base,1000,GB1 0AC,offwind-float,0.5561243079223309,0.3979292904966367,0.1581950174256942
base,1000,GB1 0AC,offwind-float,0.5796455930815227,0.4280278184249764,0.15161777465654636
base,1000,GB1 0AC,offwind-float,0.5669603944008985,0.4099838796074267,0.1569765147934718
base,1000,GB1 0AC,offwind-float,0.5401640855669424,0.3725509165317429,0.16761316903519952
base,1000,GB1 0AC,offwind-float,0.574471025103342,0.4192242197018545,0.15524680540148755
base,1000,GB1 0AC,offwind-float,0.5721240780391997,0.4128528202580354,0.15927125778116435
base,1000,GB1 0AC,offwind-float,0.5573755930519082,0.3900690938228238,0.16730649922908442
base,1000,GB1 0AC,offwind-float,0.5371171047727178,0.3697024365561802,0.1674146682165376
base,1000,GB1 0AC,offwind-float,0.56687099135171,0.4078731392409886,0.15899785211072143
base,1000,GB1 0AC,offwind-float,0.5805165293566058,0.43124167689302706,0.14927485246357874
base,1000,GB1 0AC,offwind-float,0.5807911873584035,0.431166609497811,0.14962457786059252
base,1000,GB1 0AC,offwind-float,0.57901364520084,0.41635011294815977,0.1626635322526802
base,1000,GB1 0AC,offwind-float,0.5764631515186267,0.41585649456054924,0.16060665695807747
base,1000,GB1 0AC,offwind-float,0.5746479182753241,0.4174885764143907,0.15715934186093344
base,1000,GB1 0AC,offwind-float,0.5786689045968444,0.41260256103981113,0.16606634355703326
base,1000,GB1 0AC,offwind-float,0.5680731337323013,0.4003210515701353,0.16775208216216597
base,1000,GB1 0AC,offwind-float,0.5040456194005135,0.336732904043599,0.1673127153569145
base,1000,GB1 0AC,offwind-float,0.5836747868268238,0.41959193178527454,0.1640828550415493
base,1000,GB1 0AC,offwind-float,0.5756060988406009,0.42177077295002907,0.1538353258905718
base,1000,GB1 0AC,offwind-float,0.5753213326133911,0.41583420980409336,0.15948712280929778
base,1000,GB1 0AC,offwind-float,0.5404404495058598,0.3726255756368823,0.16781487386897748
base,1000,GB1 0AC,offwind-float,0.5748536374786346,0.42384496409900896,0.15100867337962565
base,1000,GB1 0AC,offwind-float,0.577222078325747,0.42591328241181875,0.15130879591392826
base,1000,GB1 0AC,offwind-float,0.5379602434910853,0.36843070797649335,0.16952953551459193
base,1000,GB1 0AC,offwind-float,0.5799145988951621,0.4193886313776426,0.16052596751751946
base,1000,GB1 0AC,offwind-float,0.5735147528682698,0.41619362848336516,0.15732112438490464
base,1000,GB1 0AC,offwind-float,0.555679870075543,0.387146583648106,0.16853328642743698
base,1000,GB1 0AC,offwind-float,0.5774688558580567,0.4102989482657143,0.16716990759234246
base,1000,GB1 0AC,offwind-float,0.57817770292273,0.4171432551418461,0.16103444778088388
base,1000,GB1 0AC,offwind-float,0.5419596375338376,0.37062259422859606,0.17133704330524152
base,1000,GB1 0AC,offwind-float,0.5689369781971235,0.3999761076372205,0.168960870559903
base,1000,GB1 0AC,offwind-float,0.556345605326393,0.3861877575276115,0.17015784779878151
base,1000,GB1 0AC,offwind-float,0.5746741449411378,0.41378580916068036,0.16088833578045741
base,1000,GB1 0AC,offwind-float,0.5804670403276878,0.41528061175591174,0.16518642857177607
base,1000,GB1 0AC,offwind-float,0.5737823319399021,0.41965447269956613,0.154127859240336
base,1000,GB1 0AC,offwind-float,0.5764792715099897,0.40895829542900963,0.16752097608098004
base,1000,GB1 0AC,offwind-float,0.5705278989498699,0.4000256116998346,0.1705022872500353
base,1000,GB1 0AC,offwind-float,0.5721980259356366,0.4180667456736823,0.15413128026195433
base,1000,GB1 0AC,offwind-float,0.5739149196136641,0.40502911070932923,0.1688858089043349
base,1000,GB1 0AC,offwind-float,0.5764800760696831,0.41348856160180275,0.16299151446788035
base,1000,GB1 0AC,offwind-float,0.5627323200638125,0.39095247633503855,0.17177984372877392
base,1000,GB1 0AC,offwind-float,0.5727096378050002,0.415137218670885,0.15757241913411518
base,1000,GB1 0AC,offwind-float,0.5785790515001378,0.4119881068244319,0.1665909446757059
base,1000,GB1 0AC,offwind-float,0.5703717190818454,0.41071927285999343,0.15965244622185193
base,1000,GB1 0AC,offwind-float,0.5595726775680115,0.3862756957909619,0.17329698177704966
base,1000,GB1 0AC,offwind-float,0.5695068406454942,0.3961182846398221,0.17338855600567205
base,1000,GB1 0AC,offwind-float,0.5643200661958241,0.41172313722195386,0.15259692897387023
base,1000,GB1 0AC,offwind-float,0.5706782683113728,0.41867305621433293,0.15200521209703988
base,1000,GB1 0AC,offwind-float,0.5691024772768554,0.4147332833355994,0.15436919394125598
base,1000,GB1 0AC,offwind-float,0.5750187530501703,0.4103890444278818,0.16462970862228843
base,1000,GB1 0AC,offwind-float,0.5726530073148209,0.40203168990734267,0.17062131740747827
base,1000,GB1 0AC,offwind-float,0.5736558347240277,0.4050231637644834,0.16863267095954432
base,1000,GB1 0AC,offwind-float,0.5704853439308811,0.40886208420357967,0.16162325972730146
base,1000,GB1 0AC,offwind-float,0.5736200636908754,0.40377388132958675,0.16984618236128862
base,1000,GB1 0AC,offwind-float,0.5660227318145559,0.408048381163485,0.15797435065107085
base,1000,GB1 0AC,offwind-float,0.5730490004230429,0.3985161383009525,0.17453286212209035
base,1000,GB1 0AC,offwind-float,0.572099359971726,0.3996920498178286,0.17240731015389743
base,1000,GB1 0AC,offwind-float,0.5735650166347221,0.4059554729313904,0.16760954370333175
base,1000,GB1 0AC,offwind-float,0.5644189303333237,0.40396752943985303,0.16045140089347065
base,1000,GB1 0AC,offwind-float,0.5669450968051157,0.4138889846406926,0.1530561121644231
base,1000,GB1 0AC,offwind-float,0.5699777111785145,0.40723893584939763,0.16273877532911685
base,1000,GB1 0AC,offwind-float,0.574182705435884,0.403286700840682,0.170896004595202
base,1000,GB1 0AC,offwind-float,0.5726831406175734,0.4036847897354123,0.16899835088216114
base,1000,GB1 0AC,offwind-float,0.5726640564844498,0.399145440907995,0.17351861557645487
base,1000,GB1 0AC,offwind-float,0.570592554215337,0.4050900424458855,0.16550251176945147
base,1000,GB1 0AC,offwind-float,0.5738149312809417,0.40271838249460057,0.17109654878634117
base,1000,GB1 0AC,offwind-float,0.5604358584253796,0.40236141752672105,0.15807444089865852
base,1000,GB1 0AC,offwind-float,0.5659932612356436,0.40323519152930476,0.16275806970633888
base,1000,GB1 0AC,offwind-float,0.5630684815625783,0.40641685695850743,0.15665162460407084
base,1000,GB1 0AC,offwind-float,0.5691421603396332,0.4025882684330435,0.16655389190658965
base,1000,GB1 0AC,offwind-float,0.5604832366255773,0.4063538535817748,0.15412938304380253
base,1000,GB1 0AC,offwind-float,0.5621798354336537,0.40155456761242675,0.16062526782122694
base,1000,GB1 0AC,offwind-float,0.5741966651991899,0.4015987950094788,0.17259787018971107
base,1000,GB1 0AC,offwind-float,0.5710517974969419,0.4021548697467952,0.1688969277501467
base,1000,GB1 0AC,offwind-float,0.559092689461409,0.4010578691565776,0.1580348203048314
base,1000,GB1 0AC,offwind-float,0.5661190733074343,0.4020996844328619,0.16401938887457235
base,1000,GB1 0AC,offwind-float,0.5718698060156123,0.4015534980880968,0.1703163079275155
base,1000,GB1 0AC,offwind-float,0.5760190973240832,0.40013186538865586,0.17588723193542732
base,1000,GB1 0AC,offwind-float,0.5690315184449971,0.40213794852234114,0.16689356992265597
base,1000,GB1 0AC,offwind-float,0.5577311744752064,0.40345821842536106,0.1542729560498453
base,1000,GB1 0AC,offwind-float,0.5614822235492436,0.40120540689133516,0.16027681665790844
base,1000,GB1 0AC,offwind-float,0.5639044036561741,0.4003324647379576,0.16357193891821653
base,1000,GB1 0AC,offwind-float,0.5598887519679941,0.4003779922664647,0.15951075970152945
base,1000,GB1 0AC,offwind-float,0.5691209299403535,0.40104825295044416,0.1680726769899093
base,1000,GB1 0AC,offwind-float,0.5568198123192462,0.3996443451021056,0.15717546721714054
base,1000,GB1 0AC,offwind-float,0.5721093103281139,0.40174225874167385,0.17036705158644
base,1000,GB1 0AC,offwind-float,0.5667861654272275,0.40091218490758496,0.16587398051964253
base,1000,GB1 0AC,offwind-float,0.5636931456201887,0.40151601231488215,0.16217713330530653
base,1000,GB1 0AC,offwind-float,0.5606702942652216,0.40134657864824963,0.159323715616972
base,1000,GB1 0AC,offwind-float,0.5700329732230692,0.4012778920420993,0.16875508118096993
base,1000,GB1 0AC,offwind-float,0.5667966569139693,0.40241519790710356,0.16438145900686574
base,1000,GB1 0AC,offwind-float,0.5677618990051098,0.40012365994452054,0.16763823906058922
base,1000,GB1 0AC,offwind-float,0.5671952572382726,0.40176580116722044,0.16542945607105214
base,1000,GB1 0AC,offwind-float,0.5700396073215133,0.39619171334288106,0.1738478939786322
base,1000,GB1 0AC,offwind-float,0.5696406555106635,0.40227952495327224,0.1673611305573912
base,1000,GB1 0AC,offwind-float,0.5706416227813699,0.40477224362933073,0.16586937915203914
base,1000,GB1 0AC,offwind-float,0.568920824609437,0.40324506577479907,0.16567575883463798
base,1000,GB4 0AC,offwind-float,0.5453969448010088,0.3526700431576594,0.19272690164334938
base,1000,GB4 0AC,offwind-float,0.5929499785514185,0.40095401860338487,0.19199595994803365
base,1000,GB4 0AC,offwind-float,0.5693463315276275,0.3742228893511132,0.19512344217651428
base,1000,GB4 0AC,offwind-float,0.590354600602978,0.3975751276473129,0.19277947295566505
base,1000,GB4 0AC,offwind-float,0.5915250568754946,0.4002117970936497,0.19131325978184494
base,1000,GB4 0AC,offwind-float,0.5942028894064862,0.4062610845893704,0.18794180481711587
base,1000,GB4 0AC,offwind-float,0.5919886331644509,0.4024980995330389,0.18949053363141205
base,1000,GB4 0AC,offwind-float,0.5955023050583589,0.4084497094179124,0.18705259564044646
base,1000,GB4 0AC,offwind-float,0.5934766281463041,0.4055280799341136,0.18794854821219048
base,1000,GB4 0AC,offwind-float,0.5924414003334807,0.40134680139322276,0.19109459894025793
base,1000,GB4 0AC,offwind-float,0.5872372949490777,0.39429849451491344,0.19293880043416428
base,1000,GB4 0AC,offwind-float,0.5917442601820744,0.4039497318373258,0.18779452834474858
base,1000,GB4 0AC,offwind-float,0.5912882836437874,0.40047315203238015,0.19081513161140723
base,1000,GB4 0AC,offwind-float,0.5950468622909408,0.41130352867063463,0.1837433336203062
base,1000,GB4 0AC,offwind-float,0.58279312406603,0.39015853410791856,0.19263458995811145
base,1000,GB4 0AC,offwind-float,0.5899306453122601,0.4085344014760706,0.18139624383618952
base,1000,GB4 0AC,offwind-float,0.5898042891849349,0.3996996408644033,0.1901046483205316
base,1000,GB4 0AC,offwind-float,0.590268426917894,0.40378079768695224,0.1864876292309418
base,1000,GB4 0AC,offwind-float,0.5856733248236062,0.4014307288768101,0.18424259594679615
base,1000,GB4 0AC,offwind-float,0.586083504744161,0.4061945006999141,0.17988900404424696
base,1000,GB4 0AC,offwind-float,0.5855971637643318,0.398381218440341,0.18721594532399077
base,1000,GB4 0AC,offwind-float,0.585773894207486,0.3930494003391356,0.19272449386835044
base,1000,GB4 0AC,offwind-float,0.5802760462312689,0.39587710721946545,0.1843989390118035
base,1000,GB4 0AC,offwind-float,0.5815287565086977,0.40217045926406425,0.17935829724463348
base,1000,GB4 0AC,offwind-float,0.586893890413269,0.3961348787526422,0.1907590116606268
base,1000,GB4 0AC,offwind-float,0.5825622831722193,0.3950556295344017,0.18750665363781754
base,1000,GB4 0AC,offwind-float,0.5795865527347205,0.38756546105220824,0.19202109168251225
base,1000,GB4 0AC,offwind-float,0.5757086492790052,0.3962437577592918,0.1794648915197134
base,1000,GB4 0AC,offwind-float,0.5784456571378436,0.39176003965821404,0.18668561747962953
base,1000,GB4 0AC,offwind-float,0.5847719069253816,0.3937575523302909,0.1910143545950907
base,1000,GB4 0AC,offwind-float,0.5754577979367763,0.3852189973366893,0.19023880060008702
base,1000,GB4 0AC,offwind-float,0.5684858478060674,0.3894114114493185,0.17907443635674886
base,1000,GB4 0AC,offwind-float,0.5741200882006562,0.3905841160757008,0.18353597212495537
base,1000,GB4 0AC,offwind-float,0.5801899097453704,0.38949353474427434,0.1906963750010961
base,1000,GB4 0AC,offwind-float,0.575623682821062,0.38630779972578877,0.18931588309527325
base,1000,GB4 0AC,offwind-float,0.5787565213979382,0.39007232875448467,0.18868419264345354
base,1000,GB4 0AC,offwind-float,0.5745470464180178,0.3877896714772559,0.1867573749407619
base,1000,GB4 0AC,offwind-float,0.5683395991565101,0.3803248011874214,0.1880147979690887
base,1000,GB4 0AC,offwind-float,0.554244988813369,0.37594765658104023,0.1782973322323288
base,1000,GB4 0AC,offwind-float,0.5698173009399298,0.3863115904258889,0.18350571051404085
base,1000,GB4 0AC,offwind-float,0.562411134043707,0.3830799498426757,0.17933118420103134
base,1000,GB4 0AC,offwind-float,0.5710410151047172,0.38414505210473193,0.18689596299998523
base,1000,GB4 0AC,offwind-float,0.5724843152759056,0.38325564540271245,0.18922866987319314
base,1000,GB4 0AC,offwind-float,0.5668123083143517,0.38328793793906774,0.18352437037528396
base,1000,GB4 0AC,offwind-float,0.5710584864402781,0.38273415932662763,0.1883243271136505
base,1000,GB4 0AC,offwind-float,0.5585673716500478,0.3790908228856083,0.17947654876443947
base,1000,GB4 0AC,offwind-float,0.5672715040680183,0.38127688842755825,0.18599461564046005
base,1000,GB4 0AC,offwind-float,0.5650838647631679,0.3781459447853662,0.18693791997780168
base,1000,GB4 0AC,offwind-float,0.5645379939885319,0.3807441782399776,0.1837938157485543
base,1000,GB4 0AC,offwind-float,0.5678818398022644,0.3805141974203731,0.18736764238189124
base,1000,GB4 0AC,offwind-float,0.558666828571916,0.37683120352310756,0.1818356250488084
base,1000,GB4 0AC,offwind-float,0.5649316953147415,0.3786636152003863,0.1862680801143552
base,1000,GB4 0AC,offwind-float,0.563762126434813,0.37871852997003935,0.1850435964647737
base,1000,GB4 0AC,offwind-float,0.560222971525062,0.37717664220297514,0.1830463293220868
base,1000,GB4 0AC,offwind-float,0.5522598604546408,0.373884290546893,0.17837556990774783
base,1000,NL2 0AC,offwind-float,0.5717950375327324,0.44732875675821965,0.12446628077451277
base,1000,NL2 0AC,offwind-float,0.45268663068903936,0.3222483111679207,0.13043831952111867
base,1000,NO0 0AC,offwind-float,0.5610423175757759,0.4259952769541377,0.13504704062163825
base,1000,NO0 0AC,offwind-float,0.5616634994531684,0.42732757604552707,0.13433592340764133
base,1000,NO0 0AC,offwind-float,0.5583064238148724,0.4237744436802052,0.13453198013466716
base,1000,NO0 0AC,offwind-float,0.558887406241129,0.42533585725170747,0.1335515489894215
base,1000,NO0 0AC,offwind-float,0.5590265846371002,0.4250411149589473,0.1339854696781529
base,1000,NO0 0AC,offwind-float,0.5561808481125553,0.4226667313911819,0.13351411672137342
base,1000,NO0 0AC,offwind-float,0.557403230023993,0.42326415104990966,0.13413907897408328
base,1000,NO0 0AC,offwind-float,0.5575211292049951,0.4221942428612681,0.13532688634372697
base,1000,NO0 0AC,offwind-float,0.5564298917052412,0.4226631166032394,0.13376677510200174
base,1000,NO0 0AC,offwind-float,0.5574744156498822,0.423040689419937,0.1344337262299452
base,1000,NO0 0AC,offwind-float,0.5554509884564566,0.42085625635425256,0.13459473210220402
base,1000,NO0 0AC,offwind-float,0.5541172696794042,0.41997655899033737,0.13414071068906686
base,1000,NO0 0AC,offwind-float,0.5554199601023694,0.420302883067927,0.13511707703444237
base,1000,NO0 0AC,offwind-float,0.5513169791959327,0.4181532769508657,0.13316370224506702
base,1000,NO0 0AC,offwind-float,0.5485604270567148,0.4157758365749204,0.13278459048179442
base,1000,NO0 0AC,offwind-float,0.5493697095513562,0.415888071871017,0.13348163768033922
base,1000,NO0 0AC,offwind-float,0.5610791806848848,0.42790435155621526,0.13317482912866957
base,1000,NO0 0AC,offwind-float,0.5607212757397381,0.4268642337374496,0.13385704200228848
base,1000,NO0 0AC,offwind-float,0.5582820962500292,0.4249018632780718,0.13338023297195745
base,1000,NO0 0AC,offwind-float,0.5552898192261809,0.4214132143894369,0.13387660483674402
base,1000,NO0 0AC,offwind-float,0.5644748216079688,0.43194934934559065,0.13252547226237815
base,1000,NO0 0AC,offwind-float,0.5438390588226188,0.4118697969367647,0.13196926188585417
base,1000,NO0 0AC,offwind-float,0.5468710035874698,0.41344557462708603,0.13342542896038373
base,1000,NO0 0AC,offwind-float,0.5550789947017555,0.42000792810322785,0.13507106659852763
base,1000,NO0 0AC,offwind-float,0.5543719224904671,0.41963772395190735,0.13473419853855972
base,1000,NO0 0AC,offwind-float,0.5591458505169069,0.423973904540536,0.1351719459763709
base,1000,NO0 0AC,offwind-float,0.30021484948217503,0.19829180920811615,0.10192304027405888
base,1000,NO0 0AC,offwind-float,0.35887848746507944,0.24621020401312443,0.11266828345195501
base,1000,NO0 0AC,offwind-float,0.34604998530171943,0.23467786118183798,0.11137212411988145
base,1000,NO0 0AC,offwind-float,0.5377266423340186,0.4051041559906636,0.132622486343355
base,1000,NO0 0AC,offwind-float,0.5653925394697769,0.43232308821659826,0.1330694512531786
base,1000,NO0 0AC,offwind-float,0.5624861555128752,0.42884925090207665,0.13363690461079852
base,1000,NO0 0AC,offwind-float,0.5561707415178018,0.42132341481164015,0.13484732670616162
base,1000,NO0 0AC,offwind-float,0.5586960731624269,0.42499411792260977,0.1337019552398171
base,1000,NO0 0AC,offwind-float,0.5521323907687885,0.4181803104910241,0.1339520802777644
base,1000,NO0 0AC,offwind-float,0.5464333263214743,0.41329953804262165,0.1331337882788527
base,1000,NO0 0AC,offwind-float,0.5668710634048316,0.43433196127872964,0.13253910212610198
base,1000,NO0 0AC,offwind-float,0.5637330843920574,0.42925804173531656,0.13447504265674082
base,1000,NO0 0AC,offwind-float,0.541972254325809,0.40925322788252955,0.13271902644327943
base,1000,NO0 0AC,offwind-float,0.56789620448879,0.4348528745715672,0.13304332991722279
base,1000,NO0 0AC,offwind-float,0.5546763726762036,0.4204761067138062,0.13420026596239742
base,1000,NO0 0AC,offwind-float,0.5667638130025736,0.4341907277311413,0.1325730852714323
base,1000,NO0 0AC,offwind-float,0.5649246297247239,0.43027970862188336,0.13464492110284054
base,1000,NO0 0AC,offwind-float,0.5602151822650537,0.4262715798703943,0.1339436023946594
base,1000,NO0 0AC,offwind-float,0.5136446198324541,0.38156644283119723,0.1320781770012569
base,1000,NO0 0AC,offwind-float,0.5308320078067952,0.39815781413770657,0.1326741936690886
base,1000,NO0 0AC,offwind-float,0.5685258601364934,0.4339736242289696,0.1345522359075238
base,1000,NO0 0AC,offwind-float,0.5712263595118275,0.4375290156739349,0.13369734383789267
base,1000,NO0 0AC,offwind-float,0.5680439277738506,0.4341984564248067,0.1338454713490439
base,1000,NO0 0AC,offwind-float,0.5602524379937726,0.42627818176769466,0.1339742562260779
base,1000,NO0 0AC,offwind-float,0.5479788181890334,0.4144195377900309,0.1335592803990025
base,1000,NO0 0AC,offwind-float,0.5732294005670223,0.4384612103541607,0.13476819021286163
base,1000,NO0 0AC,offwind-float,0.551445748433307,0.41769219315983436,0.1337535552734726
base,1000,NO0 0AC,offwind-float,0.523632040930836,0.3911168438748484,0.13251519705598763
base,1000,NO0 0AC,offwind-float,0.5354724343319565,0.40277326286862924,0.13269917146332721
base,1000,NO0 0AC,offwind-float,0.5761987448550825,0.44243436686734616,0.13376437798773633
base,1000,NO0 0AC,offwind-float,0.5697783255728833,0.43645177826990333,0.13332654730298
base,1000,NO0 0AC,offwind-float,0.5796439973525631,0.44471970768694435,0.13492428966561876
base,1000,NO0 0AC,offwind-float,0.5462122393122244,0.41367121841033433,0.13254102090189007
base,1000,NO0 0AC,offwind-float,0.5638262846274091,0.4296538539662529,0.13417243066115625
base,1000,NO0 0AC,offwind-float,0.5835052252655386,0.4492138052128257,0.13429142005271288
base,1000,NO0 0AC,offwind-float,0.5775726489970558,0.44310493023509895,0.1344677187619569
base,1000,NO0 0AC,offwind-float,0.5780318107966457,0.44518386819834943,0.13284794259829624
base,1000,NO0 0AC,offwind-float,0.5889652063415559,0.45436372639107375,0.13460147995048216
base,1000,NO0 0AC,offwind-float,0.573502156185499,0.43967106588931004,0.133831090296189
base,1000,NO0 0AC,offwind-float,0.5209510878562412,0.38884027048961467,0.13211081736662655
base,1000,NO0 0AC,offwind-float,0.5308820657056352,0.39889918405485497,0.13198288165078026
base,1000,NO0 0AC,offwind-float,0.5862233564005032,0.45262963614423923,0.13359372025626393
base,1000,NO0 0AC,offwind-float,0.5552494156512685,0.42304356645742963,0.13220584919383888
base,1000,NO0 0AC,offwind-float,0.5097868142236313,0.37797382833774923,0.13181298588588203
base,1000,NO0 0AC,offwind-float,0.587693095676939,0.453163239170586,0.13452985650635296
base,1000,NO0 0AC,offwind-float,0.5867638752348641,0.45290883383299113,0.13385504140187293
base,1000,NO0 0AC,offwind-float,0.5035065267784685,0.3711753726004452,0.13233115417802332
base,1000,NO0 0AC,offwind-float,0.5393392951884451,0.40683667356479525,0.1325026216236499
base,1000,NO0 0AC,offwind-float,0.5972015664786527,0.46302519134961956,0.1341763751290332
base,1000,NO0 0AC,offwind-float,0.5699232456349046,0.43686974529499956,0.13305350033990504
base,1000,NO0 0AC,offwind-float,0.48082030303260354,0.34975645599803395,0.13106384703456958
base,1000,NO0 0AC,offwind-float,0.6010851861346137,0.46646979793274596,0.13461538820186775
base,1000,NO0 0AC,offwind-float,0.5019069853227843,0.36985761175780624,0.1320493735649781
base,1000,NO0 0AC,offwind-float,0.5930119671631252,0.45935579529436593,0.13365617186875928
base,1000,NO0 0AC,offwind-float,0.4241138320452588,0.3017859209245162,0.1223279111207426
base,1000,NO0 0AC,offwind-float,0.4085207922661447,0.2876610993634976,0.12085969290264709
base,1000,NO0 0AC,offwind-float,0.5865527818492329,0.45262770255454704,0.13392507929468583
base,1000,NO0 0AC,offwind-float,0.6105644419186952,0.4768686266779003,0.13369581524079488
base,1000,NO0 0AC,offwind-float,0.6023081230349481,0.4682538745556519,0.13405424847929615
base,1000,NO0 0AC,offwind-float,0.428377706102384,0.30493278446804606,0.12344492163433796
base,1000,NO0 0AC,offwind-float,0.31817422008715296,0.21244171665627085,0.10573250343088211
base,1000,NO0 0AC,offwind-float,0.5595434581144808,0.42611474031840807,0.13342871779607274
base,1000,NO0 0AC,offwind-float,0.5958563617487924,0.46183786962132933,0.13401849212746308
base,1000,NO0 0AC,offwind-float,0.18662522038328785,0.11470794831904331,0.07191727206424454
base,1000,NO0 0AC,offwind-float,0.12289930638051424,0.0713876511295154,0.05151165525099885
base,1000,NO0 0AC,offwind-float,0.10214984246597365,0.05794410658359846,0.04420573588237519
base,1000,NO0 0AC,offwind-float,0.31817422008715296,0.21342152967967637,0.10475269040747659
base,1000,NO0 0AC,offwind-float,0.4899204631348412,0.35958280093629724,0.13033766219854398
base,1000,NO0 0AC,offwind-float,0.594388039207804,0.4602721054441081,0.1341159337636959
base,1000,NO0 0AC,offwind-float,0.6104862183414314,0.47596433297663365,0.1345218853647977
base,1000,NO0 0AC,offwind-float,0.6177631436001916,0.48404203621465786,0.13372110738553372
base,1000,NO0 0AC,offwind-float,0.612430656282523,0.4794141971113122,0.1330164591712108
base,1000,NO0 0AC,offwind-float,0.5734572269343997,0.4398367091207576,0.1336205178136421
base,1000,NO0 0AC,offwind-float,0.04280087996913611,0.022680827188693613,0.020120052780442498
base,1000,NO0 0AC,offwind-float,0.08583398702061212,0.04812084430067269,0.03771314271993943
base,1000,NO0 0AC,offwind-float,0.10709333660234463,0.06172734821510769,0.04536598838723694
base,1000,NO0 0AC,offwind-float,0.11100779600142013,0.06420660322204311,0.04680119277937703
base,1000,NO0 0AC,offwind-float,0.12289930638051427,0.07146483926234504,0.051434467118169236
base,1000,NO0 0AC,offwind-float,0.6162347442408801,0.4836763744068256,0.1325583698340545
base,1000,NO0 0AC,offwind-float,0.5859974962001923,0.45252960927925656,0.1334678869209357
base,1000,NO0 0AC,offwind-float,0.6229664516346826,0.4899134524891106,0.13305299914557195
base,1000,NO0 0AC,offwind-float,0.5515863811129261,0.41673105975573543,0.1348553213571907
base,1000,NO0 0AC,offwind-float,0.5774142962643396,0.4435214957398695,0.1338928005244701
base,1000,NO0 0AC,offwind-float,0.6245023220669965,0.49173049245499784,0.13277182961199868
base,1000,NO0 0AC,offwind-float,0.6210780988837739,0.4893702438853347,0.13170785499843918
base,1000,NO0 0AC,offwind-float,0.6257327994703553,0.49324305835085347,0.13248974111950185
base,1000,NO0 0AC,offwind-float,0.5520966443476377,0.41749977097383256,0.13459687337380516
base,1000,NO0 0AC,offwind-float,0.02122070963360617,0.010759405407614121,0.010461304225992047
base,1000,NO0 0AC,offwind-float,0.6251006168544279,0.49297193443007786,0.13212868242435
base,1000,NO0 0AC,offwind-float,0.6291407719337626,0.4974049691172054,0.13173580281655722
base,1000,NO0 0AC,offwind-float,0.613679247454978,0.4815008637632694,0.13217838369170865
base,1000,NO0 0AC,offwind-float,0.5833888486690983,0.4499515086046832,0.13343734006441516
base,1000,NO0 0AC,offwind-float,0.6272568697536745,0.4956198109471714,0.13163705880650306
base,1000,NO0 0AC,offwind-float,0.5778889773004976,0.4435425341482951,0.1343464431522025
base,1000,NO0 0AC,offwind-float,0.618742641855348,0.4860881891085725,0.1326544527467755
base,1000,NO0 0AC,offwind-float,0.5841872669720106,0.4499643328100565,0.13422293416195413
base,1000,NO0 0AC,offwind-float,0.6030740792410105,0.4695354788719271,0.13353860036908344
base,1000,NO0 0AC,offwind-float,0.545381729935349,0.4115299304888247,0.13385179944652426
base,1000,NO0 0AC,offwind-float,0.5114821460751618,0.3797992728897318,0.13168287318543004
base,1000,NO0 0AC,offwind-float,0.495730824868777,0.3638963101358614,0.13183451473291563
base,1000,NO0 0AC,offwind-float,0.4285963985817015,0.3022769858340547,0.1263194127476468
base,1000,NO0 0AC,offwind-float,0.5656712337601247,0.4319653669494607,0.13370586681066404
base,1000,NO0 0AC,offwind-float,0.5582387552980241,0.42524755872740466,0.13299119657061947
base,1000,NO0 0AC,offwind-float,0.5535790926532842,0.4198433863333486,0.1337357063199356
base,1000,NO0 0AC,offwind-float,0.5118773085802817,0.3791465776081456,0.1327307309721361
base,1000,NO0 0AC,offwind-float,0.5011656292831321,0.3684670021487834,0.1326986271343487
standard,1000,BE2 0AC,offwind-dc,0.5273388484521191,0.5156163492768108,0.01172249917530832
standard,1000,BE2 0AC,offwind-dc,0.525437461678747,0.5097160118838037,0.015721449794943387
standard,1000,DE2 0AC,offwind-dc,0.5066678880671133,0.5065926112323984,7.527683471486579e-05
standard,1000,DE2 0AC,offwind-dc,0.5144757908032429,0.5127094138403098,0.001766376962933136
standard,1000,DE2 0AC,offwind-dc,0.507716899522279,0.5074612508953148,0.0002556486269642555
standard,1000,DE2 0AC,offwind-dc,0.5180568298883993,0.5179479455185336,0.0001088843698656694
standard,1000,DE2 0AC,offwind-dc,0.5108483624938165,0.507450355827247,0.0033980066665695308
standard,1000,DE2 0AC,offwind-dc,0.5123606907043091,0.5110412299476307,0.0013194607566784367
standard,1000,DE2 0AC,offwind-dc,0.5153542978870329,0.5152946012437052,5.96966433277224e-05
standard,1000,DE2 0AC,offwind-dc,0.513406778275404,0.5121137582878269,0.0012930199875771375
standard,1000,DE2 0AC,offwind-dc,0.5148575711215407,0.5133264714474691,0.001531099674071612
standard,1000,DE2 0AC,offwind-dc,0.5153648341338901,0.5146916386747866,0.0006731954591034928
standard,1000,DE2 0AC,offwind-dc,0.518735641348464,0.5186850525348743,5.0588813589658166e-05
standard,1000,DE2 0AC,offwind-dc,0.5175104598043764,0.5159071881387061,0.0016032716656703139
standard,1000,DE2 0AC,offwind-dc,0.5201483518303337,0.5200868536593098,6.149817102385491e-05
standard,1000,DE2 0AC,offwind-dc,0.5178212786504065,0.5156227700485818,0.002198508601824689
standard,1000,DE2 0AC,offwind-dc,0.5175877983627705,0.5175201365454415,6.766181732897891e-05
standard,1000,DE2 0AC,offwind-dc,0.5200943790294921,0.5200495813629051,4.479766658693762e-05
standard,1000,DE2 0AC,offwind-dc,0.5188172149722102,0.5184280727393825,0.00038914223282771054
standard,1000,DE2 0AC,offwind-dc,0.520676854429466,0.520593360543835,8.349388563100302e-05
standard,1000,DE2 0AC,offwind-dc,0.5200802654806796,0.5199870037384086,9.326174227108908e-05
standard,1000,DE2 0AC,offwind-dc,0.5072156397204013,0.49402276028447584,0.013192879435925453
standard,1000,DE2 0AC,offwind-dc,0.5199354331375637,0.5197828107438137,0.00015262239375002373
standard,1000,DE2 0AC,offwind-dc,0.5184527941550654,0.5184084468857546,4.434726931079602e-05
standard,1000,DE2 0AC,offwind-dc,0.5190985385611143,0.5190479160410257,5.062252008858348e-05
standard,1000,DE2 0AC,offwind-dc,0.519747994479547,0.519562985331328,0.00018500914821895087
standard,1000,DE2 0AC,offwind-dc,0.5156134093725799,0.5154632136479015,0.000150195724678448
standard,1000,DE2 0AC,offwind-dc,0.5200138615030436,0.5197324006947621,0.00028146080828150843
standard,1000,DE2 0AC,offwind-dc,0.5093731247196199,0.5033262236284822,0.006046901091137702
standard,1000,DE2 0AC,offwind-dc,0.5159090975487742,0.5136213108291758,0.0022877867195983947
standard,1000,DE2 0AC,offwind-dc,0.5182499024416904,0.5179916776161796,0.00025822482551085546
standard,1000,DE2 0AC,offwind-dc,0.5044381139120249,0.4947256572112697,0.009712456700755157
standard,1000,DE2 0AC,offwind-dc,0.5148192376486754,0.5116345293266634,0.0031847083220120087
standard,1000,DE2 0AC,offwind-dc,0.5169892496930385,0.5168205239529876,0.00016872574005089014
standard,1000,DK2 0AC,offwind-dc,0.5132130050358668,0.4612044846584078,0.052008520377458956
standard,1000,DK2 0AC,offwind-dc,0.5098896499673593,0.45739381061025497,0.052495839357104335
standard,1000,DK2 0AC,offwind-dc,0.5200212927519976,0.47459285577578053,0.04542843697621707
standard,1000,DK2 0AC,offwind-dc,0.516137379353003,0.466276746762997,0.04986063259000595
standard,1000,DK2 0AC,offwind-dc,0.5117511101077573,0.4596201804719331,0.05213092963582422
standard,1000,DK2 0AC,offwind-dc,0.5144789878263651,0.461779581610257,0.052699406216108136
standard,1000,DK2 0AC,offwind-dc,0.5159360855215334,0.46584189873184567,0.05009418678968769
standard,1000,DK2 0AC,offwind-dc,0.5230570921280681,0.4791234298398881,0.043933662288179964
standard,1000,DK2 0AC,offwind-dc,0.5229799318769625,0.47194090573595404,0.051039026141008415
standard,1000,DK2 0AC,offwind-dc,0.5158758937327618,0.46166393229586344,0.054211961436898326
standard,1000,DK2 0AC,offwind-dc,0.5291729353500483,0.49075751933448686,0.03841541601556142
standard,1000,DK2 0AC,offwind-dc,0.5237728440781831,0.4700830294325804,0.05368981464560274
standard,1000,DK2 0AC,offwind-dc,0.5186844093200034,0.46868297122837227,0.0500014380916311
standard,1000,DK2 0AC,offwind-dc,0.5248538410976279,0.4804438220214788,0.04441001907614911
standard,1000,DK2 0AC,offwind-dc,0.532010901004456,0.49581716256230807,0.03619373844214796
standard,1000,DK2 0AC,offwind-dc,0.5242060191719948,0.47818805641724804,0.04601796275474679
standard,1000,DK2 0AC,offwind-dc,0.5192511083627501,0.4696788939664731,0.049572214396277015
standard,1000,DK2 0AC,offwind-dc,0.5212568984447156,0.47206781919810087,0.0491890792466147
standard,1000,DK2 0AC,offwind-dc,0.5281106302792402,0.48481640925981107,0.04329422101942915
standard,1000,DK2 0AC,offwind-dc,0.5374286514500473,0.5060606584924423,0.03136799295760495
standard,1000,DK2 0AC,offwind-dc,0.5234900033591082,0.4706788153889983,0.05281118797010992
standard,1000,DK2 0AC,offwind-dc,0.533336337863422,0.49476142321024136,0.03857491465318069
standard,1000,DK2 0AC,offwind-dc,0.5485286376783158,0.5471872052435801,0.0013414324347357232
standard,1000,DK2 0AC,offwind-dc,0.5416692684251417,0.514962424569716,0.026706843855425766
standard,1000,DK2 0AC,offwind-dc,0.5268677092703289,0.47879549736534277,0.04807221190498612
standard,1000,DK2 0AC,offwind-dc,0.5335381961186054,0.49199434136341147,0.041543854755193954
standard,1000,DK2 0AC,offwind-dc,0.5381294901486953,0.5065107171738217,0.03161877297487359
standard,1000,DK2 0AC,offwind-dc,0.549941553335798,0.5488309280634542,0.0011106252723437349
standard,1000,DK2 0AC,offwind-dc,0.526358230474367,0.47906634323514125,0.04729188723922578
standard,1000,DK2 0AC,offwind-dc,0.5307240790711227,0.48753164275772043,0.043192436313402305
standard,1000,DK2 0AC,offwind-dc,0.5252828830034243,0.4771882435634611,0.04809463943996317
standard,1000,DK2 0AC,offwind-dc,0.5498359159889483,0.548087334551176,0.0017485814377723452
standard,1000,DK2 0AC,offwind-dc,0.5384968707309652,0.5078704868432501,0.030626383887715103
standard,1000,DK2 0AC,offwind-dc,0.5443926505494215,0.5216355097561377,0.022757140793283837
standard,1000,DK2 0AC,offwind-dc,0.5252011647491072,0.5150537073741054,0.010147457375001778
standard,1000,FR2 0AC,offwind-dc,0.51843754842637,0.5184375484247024,1.6676660052894476e-12
standard,1000,FR2 0AC,offwind-dc,0.5048871695785504,0.4981068477212439,0.006780321857306482
standard,1000,GB1 0AC,offwind-dc,0.4807147851079884,0.4724225053742336,0.008292279733754793
standard,1000,GB1 0AC,offwind-dc,0.4964749287230683,0.4884376148255458,0.008037313897522491
standard,1000,GB1 0AC,offwind-dc,0.4935220543828766,0.4838687730515659,0.009653281331310715
standard,1000,GB1 0AC,offwind-dc,0.5065938729846329,0.4987175743844109,0.007876298600221987
standard,1000,GB1 0AC,offwind-dc,0.4999283681373663,0.4420839119808986,0.057844456156467716
standard,1000,GB1 0AC,offwind-dc,0.5024822223965012,0.4488786478359802,0.053603574560521006
standard,1000,GB1 0AC,offwind-dc,0.502326599292638,0.4448125921746167,0.05751400711802129
standard,1000,GB1 0AC,offwind-dc,0.507982890129138,0.4552727593970541,0.052710130732083915
standard,1000,GB1 0AC,offwind-dc,0.5091913761332705,0.4585297775786553,0.05066159855461516
standard,1000,GB1 0AC,offwind-dc,0.5082431451998617,0.4854482534370788,0.022794891762782876
standard,1000,GB1 0AC,offwind-dc,0.5107004250126406,0.4572086941195143,0.053491730893126255
standard,1000,GB1 0AC,offwind-dc,0.5067734888867256,0.45050596937081433,0.056267519515911246
standard,1000,GB1 0AC,offwind-dc,0.5108349098235253,0.5049437552040891,0.005891154619436234
standard,1000,GB1 0AC,offwind-dc,0.512945272988976,0.4765591516552424,0.03638612133373359
standard,1000,GB1 0AC,offwind-dc,0.513361738773437,0.4616142693440846,0.05174746942935243
standard,1000,GB1 0AC,offwind-dc,0.5120759812069614,0.458745151492042,0.053330829714919425
standard,1000,GB1 0AC,offwind-dc,0.5030847863757631,0.4425179451552207,0.060566841220542456
standard,1000,GB1 0AC,offwind-dc,0.5079797169763627,0.49808639826359136,0.009893318712771326
standard,1000,GB1 0AC,offwind-dc,0.5127042593639192,0.45926252022118813,0.05344173914273104
standard,1000,GB1 0AC,offwind-dc,0.5090051623443628,0.46196289967152493,0.04704226267283784
standard,1000,GB1 0AC,offwind-dc,0.5100708724840436,0.4933909088922293,0.016679963591814284
standard,1000,GB1 0AC,offwind-dc,0.5158442949832727,0.4853015257881624,0.030542769195110286
standard,1000,GB1 0AC,offwind-dc,0.5099762820513712,0.46086281349336317,0.04911346855800808
standard,1000,GB1 0AC,offwind-dc,0.512432014047407,0.4610748341862138,0.0513571798611932
standard,1000,GB1 0AC,offwind-dc,0.5069134027121458,0.4967585263756623,0.010154876336483487
standard,1000,GB1 0AC,offwind-dc,0.5012771902972525,0.43990060787134705,0.061376582425905435
standard,1000,GB1 0AC,offwind-dc,0.5244157564673989,0.5099169229443196,0.014498833523079346
standard,1000,GB1 0AC,offwind-dc,0.5117738692271531,0.4556819425235547,0.05609192670359836
standard,1000,GB1 0AC,offwind-dc,0.5251771070118862,0.5090656264969504,0.016111480514935828
standard,1000,GB1 0AC,offwind-dc,0.5107366799765493,0.45848347486270125,0.05225320511384801
standard,1000,GB1 0AC,offwind-dc,0.511971518828561,0.4591835622482632,0.05278795658029778
standard,1000,GB1 0AC,offwind-dc,0.510810129815091,0.4573970450588353,0.05341308475625567
standard,1000,GB1 0AC,offwind-dc,0.5075700420344742,0.4594398004608613,0.0481302415736129
standard,1000,GB1 0AC,offwind-dc,0.5158180990645642,0.4620459557199441,0.053772143344620105
standard,1000,GB1 0AC,offwind-dc,0.5300986593745441,0.49665937162278134,0.0334392877517628
standard,1000,GB1 0AC,offwind-dc,0.5058736546038826,0.496104009708293,0.009769644895589569
standard,1000,GB1 0AC,offwind-dc,0.528459686210556,0.49865620994491805,0.029803476265637896
standard,1000,GB1 0AC,offwind-dc,0.5180747371379754,0.48894905815204803,0.029125678985927328
standard,1000,GB1 0AC,offwind-dc,0.5093963350368004,0.45383167725424095,0.05556465778255942
standard,1000,GB1 0AC,offwind-dc,0.506084652297597,0.4600780361733948,0.046006616124202204
standard,1000,GB1 0AC,offwind-dc,0.5060882379553389,0.458040103486848,0.04804813446849088
standard,1000,GB1 0AC,offwind-dc,0.5136590232637316,0.4568075272239556,0.05685149603977596
standard,1000,GB1 0AC,offwind-dc,0.5209513623051775,0.504671218429841,0.016280143875336495
standard,1000,GB1 0AC,offwind-dc,0.5283850108551403,0.5034948596160086,0.02489015123913174
standard,1000,GB1 0AC,offwind-dc,0.51238229494435,0.4582529532183823,0.05412934172596767
standard,1000,GB1 0AC,offwind-dc,0.5076173866462125,0.45398456518358643,0.053632821462626046
standard,1000,GB1 0AC,offwind-dc,0.527975386737768,0.5109494632694078,0.017025923468360182
standard,1000,GB1 0AC,offwind-dc,0.5174311438203992,0.5086718178766045,0.008759325943794694
standard,1000,GB1 0AC,offwind-dc,0.5148418557408249,0.4610378859639282,0.053803969776896665
standard,1000,GB1 0AC,offwind-dc,0.5230423153029029,0.5148218695581658,0.008220445744737126
standard,1000,GB1 0AC,offwind-dc,0.5179055693100205,0.5107767568550976,0.007128812454922917
standard,1000,GB1 0AC,offwind-dc,0.5061285597365328,0.4698445138508577,0.03628404588567513
standard,1000,GB1 0AC,offwind-dc,0.5070205111117831,0.4991754325417698,0.00784507857001332
standard,1000,GB4 0AC,offwind-dc,0.5250378768452316,0.43244396704108723,0.09259390980414439
standard,1000,GB4 0AC,offwind-dc,0.5222239479931172,0.4387596506390614,0.0834642973540558
standard,1000,GB4 0AC,offwind-dc,0.5117162159588807,0.4081361148436372,0.10358010111524352
standard,1000,GB4 0AC,offwind-dc,0.5229009531766539,0.5018288223498236,0.021072130826830238
standard,1000,NL2 0AC,offwind-dc,0.5064062172608933,0.49535974304294433,0.011046474217948965
standard,1000,NL2 0AC,offwind-dc,0.5281069747527346,0.5262260551471359,0.0018809196055986632
standard,1000,NL2 0AC,offwind-dc,0.5125903222926735,0.5032381184654757,0.009352203827197814
standard,1000,NL2 0AC,offwind-dc,0.5069859797083964,0.5063903792429955,0.0005956004654009694
standard,1000,NL2 0AC,offwind-dc,0.5055661947620695,0.4934435506741048,0.012122644087964762
standard,1000,NL2 0AC,offwind-dc,0.5048063559533836,0.4964358013123142,0.00837055464106945
standard,1000,NL2 0AC,offwind-dc,0.5243529205010405,0.5234579604072241,0.0008949600938163993
standard,1000,NL2 0AC,offwind-dc,0.5064407610179812,0.49387575296072145,0.012565008057259741
standard,1000,NL2 0AC,offwind-dc,0.5295882285293548,0.5283227962028074,0.001265432326547411
standard,1000,NL2 0AC,offwind-dc,0.5220926046912151,0.5210648788284648,0.0010277258627503505
standard,1000,NL2 0AC,offwind-dc,0.5149843152963881,0.5057889725296759,0.009195342766712189
standard,1000,NL2 0AC,offwind-dc,0.5193319759969763,0.5189044483668278,0.00042752763014852757
standard,1000,NL2 0AC,offwind-dc,0.5081377432191905,0.49498493476857036,0.013152808450620113
standard,1000,NL2 0AC,offwind-dc,0.5139432655423425,0.5037723415794648,0.010170923962877665
standard,1000,NL2 0AC,offwind-dc,0.5055350673236647,0.4929364793890993,0.01259858793456542
standard,1000,NL2 0AC,offwind-dc,0.5244416529653916,0.5237841582306622,0.0006574947347294247
standard,1000,NL2 0AC,offwind-dc,0.5178554600274282,0.5098309552355165,0.008024504791911746
standard,1000,NL2 0AC,offwind-dc,0.5048099721677636,0.49402752086133356,0.010782451306430019
standard,1000,NL2 0AC,offwind-dc,0.5230214502823431,0.5216952478689919,0.0013262024133512407
standard,1000,NL2 0AC,offwind-dc,0.5140815302284039,0.502964469433483,0.011117060794920808
standard,1000,NL2 0AC,offwind-dc,0.5194047242474339,0.5188754665935338,0.0005292576539001059
standard,1000,NL2 0AC,offwind-dc,0.5060988768553558,0.4928708778719825,0.01322799898337329
standard,1000,NL2 0AC,offwind-dc,0.5067387309664417,0.49855581291871776,0.008182918047723975
standard,1000,NL2 0AC,offwind-dc,0.5164405631746254,0.5059643506366837,0.010476212537941731
standard,1000,NL2 0AC,offwind-dc,0.5088606235727788,0.4927215309732211,0.01613909259955776
standard,1000,NL2 0AC,offwind-dc,0.5125240635083267,0.4985290407659678,0.013995022742358865
standard,1000,NL2 0AC,offwind-dc,0.5058533365794626,0.4938250741513635,0.012028262428099123
standard,1000,NL2 0AC,offwind-dc,0.5160638170701382,0.5048166604162777,0.011247156653860446
standard,1000,NL2 0AC,offwind-dc,0.5091275086723894,0.4948043524651492,0.014323156207240229
standard,1000,NL2 0AC,offwind-dc,0.5081493854760077,0.49795050469686897,0.010198880779138775
standard,1000,NL2 0AC,offwind-dc,0.508754287464384,0.5003909079981282,0.00836337946625576
standard,1000,NL2 0AC,offwind-dc,0.5159302587389814,0.5046005179675657,0.011329740771415686
standard,1000,NL2 0AC,offwind-dc,0.5141959238494102,0.500387889223448,0.01380803462596214
standard,1000,NL2 0AC,offwind-dc,0.5096739099718743,0.497219432444632,0.012454477527242325
standard,1000,NL2 0AC,offwind-dc,0.5155336934313194,0.5032506882731972,0.012283005158122196
standard,1000,NL2 0AC,offwind-dc,0.5103160659433944,0.5022901454384077,0.008025920504986739
standard,1000,NL2 0AC,offwind-dc,0.5124008457170451,0.5001829891237156,0.012217856593329524
standard,1000,NL2 0AC,offwind-dc,0.5144774784447164,0.5008741538616345,0.013603324583081888
standard,1000,NL2 0AC,offwind-dc,0.5122113370027442,0.5006453224585875,0.011566014544156733
standard,1000,NL2 0AC,offwind-dc,0.5146600525926806,0.5009602548620861,0.013699797730594487
standard,1000,NL2 0AC,offwind-dc,0.5118939375158769,0.5035615700247867,0.00833236749109012
standard,1000,NL2 0AC,offwind-dc,0.5140149108601428,0.5014278392915922,0.012587071568550656
standard,1000,NL2 0AC,offwind-dc,0.5188306806136219,0.5184450876160703,0.00038559299755158705
standard,1000,NL2 0AC,offwind-dc,0.5157867271207244,0.5046414097415167,0.011145317379207653
standard,1000,NL2 0AC,offwind-dc,0.5152553982316153,0.5056424682094154,0.009612930022199873
standard,1000,NL2 0AC,offwind-dc,0.5145230819060955,0.49738274234524277,0.017140339560852758
standard,1000,NL2 0AC,offwind-dc,0.5177458553490971,0.5165726343148612,0.001173221034235894
standard,1000,NL2 0AC,offwind-dc,0.5176376476678181,0.5084521418389653,0.009185505828852802
standard,1000,NL2 0AC,offwind-dc,0.5181490954424505,0.5085922124010391,0.009556883041411335
standard,1000,NL2 0AC,offwind-dc,0.5187550352530137,0.5183379857751206,0.00041704947789311664
standard,1000,NO0 0AC,offwind-dc,0.5086165960329894,0.4907952532415678,0.017821342791421557
standard,1000,NO0 0AC,offwind-dc,0.518488804306323,0.5070830826995848,0.01140572160673825
standard,1000,NO0 0AC,offwind-dc,0.5363359010529509,0.5363359010526433,3.076428001236309e-13
standard,1000,NO0 0AC,offwind-dc,0.5425350948602817,0.5425350948601444,1.3733458814613186e-13
standard,1000,NO0 0AC,offwind-dc,0.5359623411484826,0.5346293823566453,0.0013329587918373687
standard,1000,DE2 0AC,offwind-float,0.4987871533086571,0.3891067435113373,0.1096804097973198
standard,1000,DK2 0AC,offwind-float,0.5052409541345737,0.3782190844662597,0.12702186966831402
standard,1000,DK2 0AC,offwind-float,0.5069730208144096,0.3778408278016013,0.12913219301280837
standard,1000,DK2 0AC,offwind-float,0.5158902960361439,0.3852932527263945,0.13059704330974942
standard,1000,DK2 0AC,offwind-float,0.5103260349457384,0.3797344966612753,0.13059153828446307
standard,1000,DK2 0AC,offwind-float,0.5438000500875325,0.41911755764164044,0.12468249244589208
standard,1000,DK2 0AC,offwind-float,0.5467274106829267,0.4203791325472398,0.12634827813568694
standard,1000,DK2 0AC,offwind-float,0.5211006114132678,0.4014913039476463,0.11960930746562148
standard,1000,DK2 0AC,offwind-float,0.51141794536893,0.3944236894909336,0.11699425587799644
standard,1000,DK2 0AC,offwind-float,0.5035725003047485,0.38675330332699714,0.1168191969777514
standard,1000,GB1 0AC,offwind-float,0.44715995210519793,0.3190217162686534,0.12813823583654455
standard,1000,GB1 0AC,offwind-float,0.514870728455643,0.39281791910268904,0.12205280935295393
standard,1000,GB1 0AC,offwind-float,0.4698805270470062,0.34296401182006064,0.12691651522694558
standard,1000,GB1 0AC,offwind-float,0.5037217133437313,0.37809864359800244,0.12562306974572884
standard,1000,GB1 0AC,offwind-float,0.4558748297711581,0.31270947926435755,0.14316535050680057
standard,1000,GB1 0AC,offwind-float,0.48616769836405216,0.3598194776861366,0.12634822067791557
standard,1000,GB1 0AC,offwind-float,0.5070647265863275,0.3837598312010366,0.12330489538529088
standard,1000,GB1 0AC,offwind-float,0.5190946219220985,0.4006415951972908,0.11845302672480773
standard,1000,GB1 0AC,offwind-float,0.5035065091405168,0.37889224641733066,0.1246142627231861
standard,1000,GB1 0AC,offwind-float,0.4580230129580634,0.32518008099361523,0.13284293196444819
standard,1000,GB1 0AC,offwind-float,0.5168439692065706,0.39760621040643557,0.11923775880013504
standard,1000,GB1 0AC,offwind-float,0.4949250341524555,0.35972608991474236,0.13519894423771311
standard,1000,GB1 0AC,offwind-float,0.5191755889202573,0.3977053218135761,0.12147026710668118
standard,1000,GB1 0AC,offwind-float,0.49242819244391167,0.359084072240346,0.13334412020356567
standard,1000,GB1 0AC,offwind-float,0.5132627208759765,0.39109612573512464,0.12216659514085182
standard,1000,GB1 0AC,offwind-float,0.5020243339732434,0.3746356017427488,0.12738873223049463
standard,1000,GB1 0AC,offwind-float,0.4782892863141944,0.33670489701655804,0.14158438929763634
standard,1000,GB1 0AC,offwind-float,0.5086813368959416,0.38572696690348324,0.1229543699924584
standard,1000,GB1 0AC,offwind-float,0.506583504035011,0.37429893475621745,0.1322845692787935
standard,1000,GB1 0AC,offwind-float,0.49351756746361514,0.3595897925853373,0.13392777487827784
standard,1000,GB1 0AC,offwind-float,0.47561719627624166,0.338345507688162,0.13727168858807964
standard,1000,GB1 0AC,offwind-float,0.5019454805463799,0.37326248775255955,0.12868299279382034
standard,1000,GB1 0AC,offwind-float,0.5140217740808876,0.3944489921459118,0.11957278193497578
standard,1000,GB1 0AC,offwind-float,0.5142773944233501,0.39377407606439835,0.12050331835895173
standard,1000,GB1 0AC,offwind-float,0.5126713640047992,0.3815251340110661,0.1311462299937331
standard,1000,GB1 0AC,offwind-float,0.5104451168887545,0.38222047265904774,0.12822464422970675
standard,1000,GB1 0AC,offwind-float,0.5088184454486027,0.382394769173197,0.12642367627540568
standard,1000,GB1 0AC,offwind-float,0.5123778667675531,0.3813829974979055,0.13099486926964765
standard,1000,GB1 0AC,offwind-float,0.5029965951355716,0.37076207809504796,0.13223451704052364
standard,1000,GB1 0AC,offwind-float,0.44631914351349145,0.30127865832562245,0.145040485187869
standard,1000,GB1 0AC,offwind-float,0.5168313522717005,0.3888394373546699,0.1279919149170306
standard,1000,GB1 0AC,offwind-float,0.509679601102579,0.3876242347036898,0.12205536639888925
standard,1000,GB1 0AC,offwind-float,0.5094342754847262,0.3820360523363211,0.1273982231484051
standard,1000,GB1 0AC,offwind-float,0.4785405415139146,0.33959486822917073,0.1389456732847439
standard,1000,GB1 0AC,offwind-float,0.5089877344580701,0.38473383083771484,0.12425390362035527
standard,1000,GB1 0AC,offwind-float,0.5111233639426741,0.3895062025394474,0.1216171614032267
standard,1000,GB1 0AC,offwind-float,0.4763511937218166,0.33125064667898,0.1451005470428366
standard,1000,GB1 0AC,offwind-float,0.5135018090379899,0.3859628870886359,0.127538921949354
standard,1000,GB1 0AC,offwind-float,0.5078275531503469,0.38380259596676275,0.12402495718358414
standard,1000,GB1 0AC,offwind-float,0.4920354602057083,0.3545778481060596,0.13745761209964874
standard,1000,GB1 0AC,offwind-float,0.5113291979280857,0.37891008993059283,0.1324191079974929
standard,1000,GB1 0AC,offwind-float,0.5119497192516201,0.38476346382138626,0.12718625543023387
standard,1000,GB1 0AC,offwind-float,0.4798735738669555,0.3335908653099862,0.1462827085569693
standard,1000,GB1 0AC,offwind-float,0.5037742224744962,0.3707538483165566,0.1330203741579396
standard,1000,GB1 0AC,offwind-float,0.4926125422198721,0.35368645396014914,0.13892608825972297
standard,1000,GB1 0AC,offwind-float,0.5088607168839138,0.38038793783160524,0.12847277905230853
standard,1000,GB1 0AC,offwind-float,0.5139710035772358,0.3849038077586444,0.12906719581859138
standard,1000,GB1 0AC,offwind-float,0.5080511166505711,0.38361558663384604,0.12443553001672508
standard,1000,GB1 0AC,offwind-float,0.5104460662125183,0.37650694968409015,0.13393911652842816
standard,1000,GB1 0AC,offwind-float,0.5051768443068494,0.36949509963295857,0.13568174467389083
standard,1000,GB1 0AC,offwind-float,0.5066688186099145,0.3812892676284784,0.1253795509814361
standard,1000,GB1 0AC,offwind-float,0.5081888724551793,0.3731980691230902,0.13499080333208907
standard,1000,GB1 0AC,offwind-float,0.5104468430064508,0.3821562961175277,0.1282905468889231
standard,1000,GB1 0AC,offwind-float,0.4982342774950064,0.3576049434154699,0.14062933407953648
standard,1000,GB1 0AC,offwind-float,0.5070959385541297,0.38233319930485477,0.12476273924927495
standard,1000,GB1 0AC,offwind-float,0.5123124217525851,0.38057811560848936,0.1317343061440957
standard,1000,GB1 0AC,offwind-float,0.5050509612609929,0.3788852650367306,0.12616569622426232
standard,1000,GB1 0AC,offwind-float,0.4954814830415876,0.35353230685187753,0.1419491761897101
standard,1000,GB1 0AC,offwind-float,0.5042916555475657,0.36661625251486396,0.13767540303270176
standard,1000,GB1 0AC,offwind-float,0.49969197050928904,0.3733831096394911,0.12630886086979792
standard,1000,GB1 0AC,offwind-float,0.5053037535682687,0.3818754105335606,0.12342834303470812
standard,1000,GB1 0AC,offwind-float,0.503901186483593,0.37904157991229614,0.12485960657129691
standard,1000,GB1 0AC,offwind-float,0.5091467413209082,0.3787209335037111,0.1304258078171971
standard,1000,GB1 0AC,offwind-float,0.5070777968632338,0.37113691020590905,0.1359408866573248
standard,1000,GB1 0AC,offwind-float,0.5079722416481265,0.3733209050995862,0.13465133654854028
standard,1000,GB1 0AC,offwind-float,0.5051253375065327,0.3768345697342376,0.12829076777229503
standard,1000,GB1 0AC,offwind-float,0.5079214826067948,0.37208758267026815,0.13583389993652667
standard,1000,GB1 0AC,offwind-float,0.501174595966063,0.3770626529687521,0.12411194299731088
standard,1000,GB1 0AC,offwind-float,0.5074091472135451,0.3697180319146497,0.13769111529889544
standard,1000,GB1 0AC,offwind-float,0.5065754176161702,0.36943392200276026,0.13714149561340994
standard,1000,GB1 0AC,offwind-float,0.5078728427629357,0.37630166582388985,0.1315711769390458
standard,1000,GB1 0AC,offwind-float,0.4997670510942955,0.37345933577246593,0.12630771532182955
standard,1000,GB1 0AC,offwind-float,0.5020041733537793,0.3776293205362774,0.12437485281750194
standard,1000,GB1 0AC,offwind-float,0.5046895424124089,0.374301266020074,0.1303882763923349
standard,1000,GB1 0AC,offwind-float,0.508412571828708,0.3721963483674404,0.1362162234612676
standard,1000,GB1 0AC,offwind-float,0.5070851336240345,0.3735985454841671,0.1334865881398674
standard,1000,GB1 0AC,offwind-float,0.5070811961259838,0.36829791726153255,0.13878327886445124
standard,1000,GB1 0AC,offwind-float,0.5052331843711331,0.3726563761345194,0.13257680823661366
standard,1000,GB1 0AC,offwind-float,0.5081065714587794,0.37297190645219863,0.13513466500658072
standard,1000,GB1 0AC,offwind-float,0.49625933764022667,0.370111426092472,0.12614791154775468
standard,1000,GB1 0AC,offwind-float,0.5011805986903187,0.3703010018968966,0.13087959679342215
standard,1000,GB1 0AC,offwind-float,0.49858454245368133,0.37286283435830897,0.12572170809537236
standard,1000,GB1 0AC,offwind-float,0.5039555210861525,0.37148436211703,0.13247115896912248
standard,1000,GB1 0AC,offwind-float,0.4962823948688698,0.3719860185615935,0.1242963763072763
standard,1000,GB1 0AC,offwind-float,0.4977975912746507,0.36896717925278905,0.12883041202186163
standard,1000,GB1 0AC,offwind-float,0.5084315435336656,0.3655928513317747,0.14283869220189088
standard,1000,GB1 0AC,offwind-float,0.5056476398672697,0.371097402632188,0.1345502372350817
standard,1000,GB1 0AC,offwind-float,0.4950379872784713,0.36905996665806745,0.12597802062040386
standard,1000,GB1 0AC,offwind-float,0.5012730133657554,0.37024350878784545,0.1310295045779099
standard,1000,GB1 0AC,offwind-float,0.5063777930626099,0.3719259744453803,0.1344518186172296
standard,1000,GB1 0AC,offwind-float,0.5100580698348963,0.3627957515754304,0.1472623182594659
standard,1000,GB1 0AC,offwind-float,0.5038646155104058,0.3716176434004719,0.13224697210993397
standard,1000,GB1 0AC,offwind-float,0.4938389101411988,0.36958579211621295,0.12425311802498584
standard,1000,GB1 0AC,offwind-float,0.497186396455573,0.36890466196460603,0.12828173449096697
standard,1000,GB1 0AC,offwind-float,0.4993115897216209,0.37016900772914957,0.1291425819924713
standard,1000,GB1 0AC,offwind-float,0.49574329110832055,0.36826554143409557,0.12747774967422498
standard,1000,GB1 0AC,offwind-float,0.5039440080756039,0.3703576941128067,0.1335863139627972
standard,1000,GB1 0AC,offwind-float,0.4930315668509898,0.3702213602689814,0.12281020658200842
standard,1000,GB1 0AC,offwind-float,0.5065899709144398,0.36626924074608797,0.14032073016835184
standard,1000,GB1 0AC,offwind-float,0.5018763169976402,0.3721275443665558,0.12974877263108442
standard,1000,GB1 0AC,offwind-float,0.49913719359858644,0.3690186263330442,0.13011856726554222
standard,1000,GB1 0AC,offwind-float,0.4964548144810466,0.369220460905938,0.1272343535751086
standard,1000,GB1 0AC,offwind-float,0.5047259955098796,0.3691400208806589,0.13558597462922073
standard,1000,GB1 0AC,offwind-float,0.5018722284284532,0.3669099139295739,0.13496231449887935
standard,1000,GB1 0AC,offwind-float,0.5027405016699297,0.3675982936506186,0.1351422080193111
standard,1000,GB1 0AC,offwind-float,0.5022118428004585,0.3686297492336361,0.13358209356682238
standard,1000,GB1 0AC,offwind-float,0.5047437512645724,0.3596091359868561,0.14513461527771626
standard,1000,GB1 0AC,offwind-float,0.5043911334549698,0.36688403315937673,0.13750710029559304
standard,1000,GB1 0AC,offwind-float,0.5052836555031023,0.367471172663758,0.13781248283934427
standard,1000,GB1 0AC,offwind-float,0.5037405867415345,0.3718050926169918,0.13193549412454275
standard,1000,GB4 0AC,offwind-float,0.4829295757950118,0.3177240743125978,0.16520550148241397
standard,1000,GB4 0AC,offwind-float,0.5250378768452316,0.36079571868353516,0.16424215816169646
standard,1000,GB4 0AC,offwind-float,0.5041430844495899,0.3394669477301041,0.16467613671948578
standard,1000,GB4 0AC,offwind-float,0.5227343759474771,0.36664451346611815,0.15608986248135892
standard,1000,GB4 0AC,offwind-float,0.5237827171933098,0.36985451634722033,0.1539282008460895
standard,1000,GB4 0AC,offwind-float,0.526153722338142,0.3753446393714752,0.15080908296666673
standard,1000,GB4 0AC,offwind-float,0.5241866864315348,0.3714061430885796,0.15278054334295516
standard,1000,GB4 0AC,offwind-float,0.5273047831363538,0.37082980982945946,0.1564749733068943
standard,1000,GB4 0AC,offwind-float,0.5254974097482007,0.37331913141411904,0.15217827833408165
standard,1000,GB4 0AC,offwind-float,0.5245941626008181,0.37055451923834004,0.1540396433624781
standard,1000,GB4 0AC,offwind-float,0.5199726288732285,0.36742744935407623,0.15254517951915225
standard,1000,GB4 0AC,offwind-float,0.5239641999196223,0.37163943088301243,0.15232476903660985
standard,1000,GB4 0AC,offwind-float,0.523579498422797,0.37071153109185984,0.15286796733093722
standard,1000,GB4 0AC,offwind-float,0.5269072680158147,0.375086785673786,0.15182048234202866
standard,1000,GB4 0AC,offwind-float,0.5160496486108274,0.36298568548801174,0.15306396312281562
standard,1000,GB4 0AC,offwind-float,0.5223771550433163,0.3738086059506462,0.1485685490926701
standard,1000,GB4 0AC,offwind-float,0.522264911380108,0.36946493450419554,0.15279997687591246
standard,1000,GB4 0AC,offwind-float,0.5226826920357952,0.37498798638984293,0.14769470564595227
standard,1000,GB4 0AC,offwind-float,0.5185761736264748,0.3691221303349982,0.1494540432914766
standard,1000,GB4 0AC,offwind-float,0.5189383742000249,0.3710942540360596,0.14784412016396525
standard,1000,GB4 0AC,offwind-float,0.5185262828719925,0.3689580656195691,0.14956821725242342
standard,1000,GB4 0AC,offwind-float,0.5186630459079188,0.36654621021962686,0.15211683568829193
standard,1000,GB4 0AC,offwind-float,0.5138218515093019,0.3683810163358555,0.14544083517344641
standard,1000,GB4 0AC,offwind-float,0.514911539508265,0.3664283985495189,0.14848314095874604
standard,1000,GB4 0AC,offwind-float,0.5196756772994536,0.3664772197765752,0.15319845752287842
standard,1000,GB4 0AC,offwind-float,0.5158521904486983,0.3653988024055812,0.15045338804311714
standard,1000,GB4 0AC,offwind-float,0.5132176129392545,0.3584178889029022,0.15479972403635228
standard,1000,GB4 0AC,offwind-float,0.5097701651970357,0.36577068560578163,0.14399947959125403
standard,1000,GB4 0AC,offwind-float,0.5121943728744949,0.3611327052924117,0.15106166758208317
standard,1000,GB4 0AC,offwind-float,0.5178031354111986,0.3636934174070083,0.15410971800419032
standard,1000,GB4 0AC,offwind-float,0.5095354746356267,0.3531056663299425,0.15642980830568415
standard,1000,GB4 0AC,offwind-float,0.5033611885811311,0.3622992072232922,0.14106198135783893
standard,1000,GB4 0AC,offwind-float,0.5083640807775623,0.35978011329569587,0.14858396748186647
standard,1000,GB4 0AC,offwind-float,0.5137455162456782,0.35723492532755086,0.15651059091812736
standard,1000,GB4 0AC,offwind-float,0.5097085811900244,0.3582953976679491,0.15141318352207528
standard,1000,GB4 0AC,offwind-float,0.512469653747838,0.35936509500252145,0.1531045587453166
standard,1000,GB4 0AC,offwind-float,0.5087160885499927,0.3581532376729989,0.15056285087699384
standard,1000,GB4 0AC,offwind-float,0.5032453810336528,0.3477179446594853,0.1555274363741675
standard,1000,GB4 0AC,offwind-float,0.4907640870205377,0.3468656482212889,0.1438984387992488
standard,1000,GB4 0AC,offwind-float,0.5045347101318095,0.3567763592589485,0.147758350872861
standard,1000,GB4 0AC,offwind-float,0.49799549270330723,0.35690593564793244,0.1410895570553748
standard,1000,GB4 0AC,offwind-float,0.5056368482322875,0.3556792553500712,0.14995759288221627
standard,1000,GB4 0AC,offwind-float,0.5069086112369035,0.3516062242499432,0.15530238698696025
standard,1000,GB4 0AC,offwind-float,0.5018603019864578,0.3541346815307355,0.1477256204557223
standard,1000,GB4 0AC,offwind-float,0.5056340219024866,0.35223903724551064,0.15339498465697599
standard,1000,GB4 0AC,offwind-float,0.494584972399799,0.3527217808573593,0.1418631915424397
standard,1000,GB4 0AC,offwind-float,0.5022809041516066,0.3506643686981135,0.15161653545349313
standard,1000,GB4 0AC,offwind-float,0.5003817622477852,0.3446569151173537,0.1557248471304315
standard,1000,GB4 0AC,offwind-float,0.49986530888367253,0.35127302864727283,0.1485922802363997
standard,1000,GB4 0AC,offwind-float,0.5028146109523387,0.34889001951671483,0.15392459143562387
standard,1000,GB4 0AC,offwind-float,0.49468058668908393,0.3476187671791278,0.14706181950995612
standard,1000,GB4 0AC,offwind-float,0.500227651602943,0.3470167370391504,0.1532109145637926
standard,1000,GB4 0AC,offwind-float,0.49918452827669013,0.34938398531680065,0.14980054295988948
standard,1000,GB4 0AC,offwind-float,0.49603786549381773,0.3451193235361185,0.15091854195769921
standard,1000,GB4 0AC,offwind-float,0.48899352941086555,0.34735217308659433,0.14164135632427122
standard,1000,NL2 0AC,offwind-float,0.5063052993974115,0.39062259178556624,0.11568270761184529
standard,1000,NL2 0AC,offwind-float,0.40083499669323225,0.2812984111182739,0.11953658557495833
standard,1000,NO0 0AC,offwind-float,0.496783701422292,0.39749875810862206,0.09928494331366994
standard,1000,NO0 0AC,offwind-float,0.49729451538281466,0.40109366366162985,0.09620085172118481
standard,1000,NO0 0AC,offwind-float,0.4943803382880694,0.3928514426973981,0.1015288955906713
standard,1000,NO0 0AC,offwind-float,0.49484467543637006,0.3988716138216259,0.09597306161474417
standard,1000,NO0 0AC,offwind-float,0.4950047023354429,0.39350006751006006,0.10150463482538286
standard,1000,NO0 0AC,offwind-float,0.49245885505600867,0.392434076830219,0.10002477822578965
standard,1000,NO0 0AC,offwind-float,0.4935549959085914,0.39244230233469307,0.10111269357389835
standard,1000,NO0 0AC,offwind-float,0.493672218565269,0.3916727321790172,0.10199948638625178
standard,1000,NO0 0AC,offwind-float,0.49269306209767416,0.3910990978566531,0.10159396424102107
standard,1000,NO0 0AC,offwind-float,0.4936307189068509,0.3944794067159791,0.09915131219087181
standard,1000,NO0 0AC,offwind-float,0.4918328481105444,0.39240448733260974,0.09942836077793465
standard,1000,NO0 0AC,offwind-float,0.490664602249442,0.3950497613373227,0.09561484091211925
standard,1000,NO0 0AC,offwind-float,0.4918179372350359,0.39122113735489283,0.10059679988014308
standard,1000,NO0 0AC,offwind-float,0.4881709174187431,0.38878900655105353,0.09938191086768955
standard,1000,NO0 0AC,offwind-float,0.4857368894432843,0.39089357202342784,0.09484331741985647
standard,1000,NO0 0AC,offwind-float,0.4864473744302837,0.3890456213580432,0.09740175307224047
standard,1000,NO0 0AC,offwind-float,0.4968026878475007,0.396293167631054,0.10050952021644671
standard,1000,NO0 0AC,offwind-float,0.49647363536588407,0.39865268599910786,0.09782094936677621
standard,1000,NO0 0AC,offwind-float,0.49433980453212145,0.3969042357639876,0.09743556876813386
standard,1000,NO0 0AC,offwind-float,0.4916842233131339,0.39095215639130776,0.10073206692182612
standard,1000,NO0 0AC,offwind-float,0.4998424545338563,0.3998904127280675,0.09995204180578876
standard,1000,NO0 0AC,offwind-float,0.48154334385738534,0.3858540872239801,0.09568925663340522
standard,1000,NO0 0AC,offwind-float,0.4842343306266809,0.38606260884049953,0.09817172178618139
standard,1000,NO0 0AC,offwind-float,0.4915224498084045,0.39297888283175136,0.09854356697665312
standard,1000,NO0 0AC,offwind-float,0.49088973148489706,0.390732819718986,0.10015691176591107
standard,1000,NO0 0AC,offwind-float,0.49511735927460465,0.39771294653939643,0.09740441273520822
standard,1000,NO0 0AC,offwind-float,0.2657625713317122,0.17820841065599588,0.08755416067571634
standard,1000,NO0 0AC,offwind-float,0.3177347983192541,0.22159956688258162,0.09613523143667249
standard,1000,NO0 0AC,offwind-float,0.3063808250408853,0.21081664915801962,0.0955641758828657
standard,1000,NO0 0AC,offwind-float,0.4761247692366871,0.3811912969944154,0.09493347224227172
standard,1000,NO0 0AC,offwind-float,0.5006482803456145,0.40040166073696726,0.10024661960864722
standard,1000,NO0 0AC,offwind-float,0.49805531202794273,0.3974943967178407,0.10056091531010203
standard,1000,NO0 0AC,offwind-float,0.4924502155163715,0.39240449446250697,0.10004572105386456
standard,1000,NO0 0AC,offwind-float,0.49471276186613494,0.3939685234124292,0.10074423845370573
standard,1000,NO0 0AC,offwind-float,0.48890069880733383,0.38952655403223735,0.09937414477509648
standard,1000,NO0 0AC,offwind-float,0.48385367386109485,0.3853029369401529,0.09855073692094196
standard,1000,NO0 0AC,offwind-float,0.5019446741904785,0.401526129329921,0.10041854486055751
standard,1000,NO0 0AC,offwind-float,0.4991530236827033,0.3995259404891495,0.09962708319355379
standard,1000,NO0 0AC,offwind-float,0.47990403343283633,0.3818692205293044,0.09803481290353194
standard,1000,NO0 0AC,offwind-float,0.5028655573054261,0.40508613431755763,0.09777942298786851
standard,1000,NO0 0AC,offwind-float,0.49115334711670133,0.38998959888798973,0.1011637482287116
standard,1000,NO0 0AC,offwind-float,0.5018502504748168,0.40213064815407423,0.09971960232074256
standard,1000,NO0 0AC,offwind-float,0.5002223589275183,0.40163684432341307,0.09858551460410525
standard,1000,NO0 0AC,offwind-float,0.4960501326433132,0.3970603166050807,0.09898981603823254
standard,1000,NO0 0AC,offwind-float,0.45482605912447793,0.3523835368614705,0.10244252226300743
standard,1000,NO0 0AC,offwind-float,0.4700383649547195,0.3707350744540225,0.09930329050069703
standard,1000,NO0 0AC,offwind-float,0.5033907477063607,0.40486369223129814,0.09852705547506257
standard,1000,NO0 0AC,offwind-float,0.5058017238096404,0.4048080060320044,0.100993717777636
standard,1000,NO0 0AC,offwind-float,0.5029900276927667,0.40424503896717195,0.09874498872559473
standard,1000,NO0 0AC,offwind-float,0.4960907137289527,0.3964848650880989,0.09960584864085381
standard,1000,NO0 0AC,offwind-float,0.48522227159672593,0.3835463477810232,0.10167592381570273
standard,1000,NO0 0AC,offwind-float,0.5075750213156214,0.408253919592413,0.0993211017232084
standard,1000,NO0 0AC,offwind-float,0.48825975302380825,0.3873109048630743,0.10094884816073396
standard,1000,NO0 0AC,offwind-float,0.46365621656217226,0.3636577777256161,0.09999843883655618
standard,1000,NO0 0AC,offwind-float,0.47412129184072077,0.3774012283574075,0.09672006348331325
standard,1000,NO0 0AC,offwind-float,0.510204071131783,0.4100385776094081,0.10016549352237492
standard,1000,NO0 0AC,offwind-float,0.5045188084778982,0.40589556773041946,0.09862324074747875
standard,1000,NO0 0AC,offwind-float,0.5132620714935258,0.41328866947038095,0.09997340202314481
standard,1000,NO0 0AC,offwind-float,0.4836455238058437,0.38291447892022346,0.10073104488562024
standard,1000,NO0 0AC,offwind-float,0.49924856438201304,0.40141866859825703,0.097829895783756
standard,1000,NO0 0AC,offwind-float,0.5166746471283769,0.417397559254619,0.09927708787375783
standard,1000,NO0 0AC,offwind-float,0.5114340206929295,0.4105584958550672,0.10087552483786233
standard,1000,NO0 0AC,offwind-float,0.5118273705281242,0.41165853955485615,0.10016883097326806
standard,1000,NO0 0AC,offwind-float,0.5215225533154991,0.42094000463216524,0.10058254868333388
standard,1000,NO0 0AC,offwind-float,0.5077977435309435,0.40661881360873525,0.10117892992220828
standard,1000,NO0 0AC,offwind-float,0.46127073674649655,0.3606636175823407,0.10060711916415582
standard,1000,NO0 0AC,offwind-float,0.4700637279053924,0.3682323138564067,0.10183141404898571
standard,1000,NO0 0AC,offwind-float,0.5190874351736235,0.41946370156150353,0.09962373361212001
standard,1000,NO0 0AC,offwind-float,0.491648045026745,0.39070364349573344,0.10094440153101153
standard,1000,NO0 0AC,offwind-float,0.45139081798713476,0.34238501555167095,0.10900580243546382
standard,1000,NO0 0AC,offwind-float,0.5203768386245206,0.41827385549381557,0.10210298313070498
standard,1000,NO0 0AC,offwind-float,0.5195463201757649,0.41763889489724126,0.10190742527852359
standard,1000,NO0 0AC,offwind-float,0.44582328864253784,0.33399080106626516,0.11183248757627268
standard,1000,NO0 0AC,offwind-float,0.4775599349516873,0.3729289780383005,0.10463095691338681
standard,1000,NO0 0AC,offwind-float,0.5288155003816943,0.4295326783152826,0.09928282206641176
standard,1000,NO0 0AC,offwind-float,0.5046541040111936,0.4033980469554134,0.10125605705578017
standard,1000,NO0 0AC,offwind-float,0.4257269959231361,0.314859846762724,0.11086714916041213
standard,1000,NO0 0AC,offwind-float,0.5322349592605454,0.4306405516814843,0.10159440757906113
standard,1000,NO0 0AC,offwind-float,0.4444136564650974,0.33287403224281625,0.11153962422228114
standard,1000,NO0 0AC,offwind-float,0.5250923106906749,0.4259370406213595,0.09915527006931535
standard,1000,NO0 0AC,offwind-float,0.37549321806737535,0.27270799825594955,0.1027852198114258
standard,1000,NO0 0AC,offwind-float,0.3616877565898679,0.25950286109424653,0.10218489549562138
standard,1000,NO0 0AC,offwind-float,0.5193793753343241,0.4147295828292623,0.10464979250506179
standard,1000,NO0 0AC,offwind-float,0.5406483275091222,0.4416372565068752,0.09901107100224699
standard,1000,NO0 0AC,offwind-float,0.5333370471557212,0.4332782759040969,0.10005877125162427
standard,1000,NO0 0AC,offwind-float,0.37927061131359974,0.27857263939250637,0.10069797192109337
standard,1000,NO0 0AC,offwind-float,0.2816915189272813,0.1926531686682679,0.08903835025901338
standard,1000,NO0 0AC,offwind-float,0.495417488438145,0.38595820837584754,0.10945928006229744
standard,1000,NO0 0AC,offwind-float,0.5275981739328065,0.42186448482154043,0.10573368911126607
standard,1000,NO0 0AC,offwind-float,0.16516695222015376,0.10327661124281096,0.061890340977342806
standard,1000,NO0 0AC,offwind-float,0.10871062694429905,0.06332927816226006,0.04538134878203899
standard,1000,NO0 0AC,offwind-float,0.09036890918319636,0.05176074181869962,0.03860816736449674
standard,1000,NO0 0AC,offwind-float,0.2816915189272813,0.1919561954112895,0.08973532351599178
standard,1000,NO0 0AC,offwind-float,0.4338117662064974,0.3298130450427731,0.10399872116372433
standard,1000,NO0 0AC,offwind-float,0.5263175577518518,0.4254861642719607,0.10083139347989117
standard,1000,NO0 0AC,offwind-float,0.5405662324299929,0.4362743183758026,0.1042919140541903
standard,1000,NO0 0AC,offwind-float,0.5470230121770411,0.4475867564826602,0.09943625569438086
standard,1000,NO0 0AC,offwind-float,0.5422694258252504,0.4404772594276598,0.10179216639759059
standard,1000,NO0 0AC,offwind-float,0.5077641711203269,0.4000928651347488,0.10767130598557811
standard,1000,NO0 0AC,offwind-float,0.03784107193939053,0.020088632368340582,0.017752439571049945
standard,1000,NO0 0AC,offwind-float,0.07596654701950818,0.04301088878307023,0.03295565823643795
standard,1000,NO0 0AC,offwind-float,0.0947856907842929,0.05518751678957056,0.03959817399472234
standard,1000,NO0 0AC,offwind-float,0.0982392157346091,0.05895709208081786,0.03928212365379124
standard,1000,NO0 0AC,offwind-float,0.10871062694429905,0.06398376323251781,0.04472686371178124
standard,1000,NO0 0AC,offwind-float,0.5456493366426077,0.4444309159078751,0.10121842073473264
standard,1000,NO0 0AC,offwind-float,0.5188746269906552,0.4104534908465781,0.10842113614407711
standard,1000,NO0 0AC,offwind-float,0.5516302932418733,0.4542453007697858,0.09738499247208748
standard,1000,NO0 0AC,offwind-float,0.48839134146334656,0.3773632532372987,0.11102808822604787
standard,1000,NO0 0AC,offwind-float,0.5112605869191325,0.4040919472616884,0.10716863965744405
standard,1000,NO0 0AC,offwind-float,0.5529708712074534,0.45444354341966486,0.0985273277877885
standard,1000,NO0 0AC,offwind-float,0.5499383001249839,0.44668697260024814,0.10325132752473576
standard,1000,NO0 0AC,offwind-float,0.5540798430828537,0.4554069447201591,0.09867289836269466
standard,1000,NO0 0AC,offwind-float,0.4888685259220438,0.37806799904599564,0.11080052687604813
standard,1000,NO0 0AC,offwind-float,0.01871972660362865,0.009287674393445742,0.009432052210182907
standard,1000,NO0 0AC,offwind-float,0.5534999760317533,0.4560028461273653,0.09749712990438797
standard,1000,NO0 0AC,offwind-float,0.5570978240347312,0.4612624727710904,0.09583535126364079
standard,1000,NO0 0AC,offwind-float,0.5434003249836269,0.43965980889477024,0.10374051608885665
standard,1000,NO0 0AC,offwind-float,0.5165651510080334,0.4106188320063226,0.10594631900171075
standard,1000,NO0 0AC,offwind-float,0.5554102525365175,0.45903196201337815,0.0963782905231394
standard,1000,NO0 0AC,offwind-float,0.5116750571318205,0.4022851002383178,0.10938995689350267
standard,1000,NO0 0AC,offwind-float,0.547890468133022,0.44738757170740356,0.10050289642561844
standard,1000,NO0 0AC,offwind-float,0.5172848753482558,0.4103759993640324,0.10690887598422344
standard,1000,NO0 0AC,offwind-float,0.5339967170869511,0.42915195261976796,0.1048447644671831
standard,1000,NO0 0AC,offwind-float,0.4828903448850333,0.37588455755695677,0.10700578732807653
standard,1000,NO0 0AC,offwind-float,0.4528790686994466,0.3472152034330149,0.10566386526643173
standard,1000,NO0 0AC,offwind-float,0.4389503808402329,0.33050171565126185,0.10844866518897106
standard,1000,NO0 0AC,offwind-float,0.3794900048228364,0.2754043508909271,0.10408565393190933
standard,1000,NO0 0AC,offwind-float,0.5008822361791136,0.3975972989060922,0.10328493727302146
standard,1000,NO0 0AC,offwind-float,0.4943009085610322,0.39215091629668625,0.10214999226434596
standard,1000,NO0 0AC,offwind-float,0.49015612946151615,0.38504155997412765,0.10511456948738851
standard,1000,NO0 0AC,offwind-float,0.45319658563711285,0.34240940998171837,0.11078717565539448
standard,1000,NO0 0AC,offwind-float,0.44376220359986,0.33236576428493164,0.11139643931492837
standard,1000,BE2 0AC,offwind-ac,0.5005810157187689,0.500581015711866,6.902922677909373e-12
standard,1000,BE2 0AC,offwind-ac,0.4951950115745678,0.4951950115742772,2.906008766956347e-13
standard,1000,DE2 0AC,offwind-ac,0.5188247237267584,0.5185256580164026,0.00029906571035576146
standard,1000,DE2 0AC,offwind-ac,0.4551465061098371,0.4389644826692231,0.01618202344061398
standard,1000,DE2 0AC,offwind-ac,0.483177997054681,0.4828825383107464,0.0002954587439346068
standard,1000,DE2 0AC,offwind-ac,0.5054989657732515,0.5051994966845134,0.0002994690887381246
standard,1000,DE2 0AC,offwind-ac,0.48997636607301115,0.4897333057716029,0.00024306030140824886
standard,1000,DE2 0AC,offwind-ac,0.4586239609875299,0.4462851234082576,0.012338837579272288
standard,1000,DE2 0AC,offwind-ac,0.3839680056334425,0.3323387718087681,0.051629233824674436
standard,1000,DE2 0AC,offwind-ac,0.4644578419999923,0.4558318630397928,0.00862597896019951
standard,1000,DK2 0AC,offwind-ac,0.5007098263253096,0.46637439216397947,0.034335434161330114
standard,1000,DK2 0AC,offwind-ac,0.5163385434175469,0.5143472271929188,0.0019913162246281146
standard,1000,DK2 0AC,offwind-ac,0.5215552561364967,0.5178058646578327,0.0037493914786639326
standard,1000,DK2 0AC,offwind-ac,0.501233136214708,0.4811534693775625,0.020079666837145516
standard,1000,DK2 0AC,offwind-ac,0.49510663633487195,0.4609240277827709,0.034182608552101035
standard,1000,DK2 0AC,offwind-ac,0.5108283758994012,0.5093178154536987,0.0015105604457025246
standard,1000,DK2 0AC,offwind-ac,0.4565298453517917,0.3968103346455228,0.05971951070626891
standard,1000,DK2 0AC,offwind-ac,0.5057058933226071,0.48339063277727756,0.022315260545329507
standard,1000,DK2 0AC,offwind-ac,0.4519082445819633,0.38292370322275715,0.06898454135920618
standard,1000,DK2 0AC,offwind-ac,0.5035856426122818,0.47340869790837725,0.03017694470390453
standard,1000,DK2 0AC,offwind-ac,0.4183596351544088,0.34292341912983976,0.07543621602456907
standard,1000,DK2 0AC,offwind-ac,0.49300779629514413,0.4701546975454465,0.022853098749697653
standard,1000,DK2 0AC,offwind-ac,0.49644935791819433,0.49056745215890013,0.005881905759294204
standard,1000,DK2 0AC,offwind-ac,0.45027558586448035,0.3926649581138397,0.05761062775064063
standard,1000,DK2 0AC,offwind-ac,0.49913112337244564,0.47618970786901516,0.022941415503430485
standard,1000,DK2 0AC,offwind-ac,0.5020842737935779,0.4992085381402036,0.0028757356533742895
standard,1000,DK2 0AC,offwind-ac,0.4570755583219939,0.41463479731963593,0.042440761002357996
standard,1000,GB1 0AC,offwind-ac,0.3209400978234478,0.25422093366705917,0.06671916415638862
standard,1000,GB1 0AC,offwind-ac,0.34765669286105844,0.2721522240983765,0.07550446876268191
standard,1000,GB1 0AC,offwind-ac,0.39950549423415394,0.39069932109134453,0.008806173142809404
standard,1000,GB1 0AC,offwind-ac,0.4751957843534278,0.4672320548711995,0.007963729482228288
standard,1000,GB1 0AC,offwind-ac,0.40096821386184217,0.33392729744594807,0.0670409164158941
standard,1000,GB1 0AC,offwind-ac,0.42902069360018635,0.41951288695224653,0.00950780664793982
standard,1000,GB1 0AC,offwind-ac,0.38120060425331886,0.3162359962678362,0.06496460798548265
standard,1000,GB1 0AC,offwind-ac,0.43336225412170415,0.42280492402728587,0.010557330094418282
standard,1000,GB1 0AC,offwind-ac,0.4179525923492603,0.40701612729760756,0.010936465051652744
standard,1000,GB1 0AC,offwind-ac,0.3950657451222953,0.32071821363137554,0.07434753149091977
standard,1000,GB1 0AC,offwind-ac,0.44148106103881174,0.39113054913136214,0.0503505119074496
standard,1000,GB1 0AC,offwind-ac,0.4527514078012649,0.40049204035596747,0.05225936744529741
standard,1000,GB1 0AC,offwind-ac,0.4607740784800223,0.4532385234496759,0.007535555030346364
standard,1000,GB1 0AC,offwind-ac,0.450653288069682,0.43652142101057495,0.014131867059107073
standard,1000,GB1 0AC,offwind-ac,0.41278594551378084,0.3444259704642906,0.06835997504949026
standard,1000,GB1 0AC,offwind-ac,0.46106977828145684,0.45204859940904984,0.009021178872406999
standard,1000,GB1 0AC,offwind-ac,0.41743498805347573,0.35267425491366916,0.06476073313980657
standard,1000,GB1 0AC,offwind-ac,0.3713580255649538,0.29468223698586754,0.07667578857908625
standard,1000,GB1 0AC,offwind-ac,0.45923517519365564,0.44869775308486776,0.010537422108787886
standard,1000,GB1 0AC,offwind-ac,0.4739148307655891,0.4598542338683778,0.014060596897211286
standard,1000,GB1 0AC,offwind-ac,0.49099962905053235,0.47898716510692735,0.012012463943605
standard,1000,GB1 0AC,offwind-ac,0.45105248596947534,0.4219156547035115,0.029136831265963836
standard,1000,GB1 0AC,offwind-ac,0.48572832117069586,0.47191635026642287,0.013811970904272997
standard,1000,GB1 0AC,offwind-ac,0.4922869462197998,0.4607445689490223,0.031542377270777466
standard,1000,GB1 0AC,offwind-ac,0.46769160898728884,0.4447891105207275,0.02290249846656134
standard,1000,GB1 0AC,offwind-ac,0.4685869295902957,0.44305372321716746,0.025533206373128225
standard,1000,GB1 0AC,offwind-ac,0.5030080324687619,0.46779982699662387,0.03520820547213804
standard,1000,GB1 0AC,offwind-ac,0.48835884731125795,0.4632657860091746,0.02509306130208333
standard,1000,GB1 0AC,offwind-ac,0.51312364199771,0.4769500457291033,0.03617359626860667
standard,1000,GB1 0AC,offwind-ac,0.5028447149602959,0.48179766387240935,0.02104705108788657
standard,1000,GB1 0AC,offwind-ac,0.5079279104335351,0.4686087839410369,0.039319126492498246
standard,1000,GB1 0AC,offwind-ac,0.5135886378236103,0.4776419777412953,0.03594666008231501
standard,1000,GB4 0AC,offwind-ac,0.5061182940415384,0.43468432907438787,0.07143396496715054
standard,1000,GB4 0AC,offwind-ac,0.5061182940415384,0.4403578361218148,0.06576045791972362
standard,1000,GB4 0AC,offwind-ac,0.5290032828762782,0.4481443947098031,0.08085888816647507
standard,1000,GB4 0AC,offwind-ac,0.5313741762097042,0.49458535381674723,0.036788822392956944
standard,1000,GB4 0AC,offwind-ac,0.5290032828762782,0.4511412988683827,0.07786198400789546
standard,1000,NL2 0AC,offwind-ac,0.49804209131260524,0.4968318246501697,0.0012102666624355662
standard,1000,NL2 0AC,offwind-ac,0.3835228285161015,0.32386616091449333,0.05965666760160815
standard,1000,NL2 0AC,offwind-ac,0.5042913757258648,0.5027477505243858,0.001543625201478993
standard,1000,NL2 0AC,offwind-ac,0.5060673824806643,0.5047449983041751,0.001322384176489222
standard,1000,NL2 0AC,offwind-ac,0.5068705068266541,0.5055122987345535,0.0013582080921006323
standard,1000,NL2 0AC,offwind-ac,0.48361944666814455,0.4829514660654602,0.0006679806026843593
standard,1000,NL2 0AC,offwind-ac,0.5072984105006904,0.5050598688094564,0.0022385416912339418
standard,1000,NL2 0AC,offwind-ac,0.4830024585186798,0.4825108495602073,0.0004916089584725003
standard,1000,NL2 0AC,offwind-ac,0.48337600681405074,0.4773679348430251,0.0060080719710256525
standard,1000,NL2 0AC,offwind-ac,0.5027774487746145,0.5016882159850874,0.001089232789527106
standard,1000,NL2 0AC,offwind-ac,0.49359767854266845,0.48809735813684463,0.005500320405823822
standard,1000,NL2 0AC,offwind-ac,0.40083499669323225,0.33952530021230365,0.0613096964809286
standard,1000,NL2 0AC,offwind-ac,0.5052941463402879,0.501903859021703,0.003390287318584928
standard,1000,NL2 0AC,offwind-ac,0.5083410068318567,0.5063037337292827,0.0020372731025739554
standard,1000,NO0 0AC,offwind-ac,0.3016841772340731,0.23886317565732698,0.06282100157674611
standard,1000,NO0 0AC,offwind-ac,0.2816915189272813,0.21819675301422659,0.0634947659130547
standard,1000,NO0 0AC,offwind-ac,0.278412799520832,0.21764911215102908,0.06076368736980289
standard,1000,NO0 0AC,offwind-ac,0.2816915189272813,0.2206042837226485,0.06108723520463277
standard,1000,NO0 0AC,offwind-ac,0.4091623934044244,0.36970916135806997,0.039453232046354425
standard,1000,NO0 0AC,offwind-ac,0.38515996098711525,0.3314323055568592,0.05372765543025604
standard,1000,NO0 0AC,offwind-ac,0.2568129211533846,0.196586959037438,0.06022596211594661
standard,1000,NO0 0AC,offwind-ac,0.31577853659391014,0.25454548971009355,0.06123304688381659
standard,1000,NO0 0AC,offwind-ac,0.22975840981984133,0.16778080185173747,0.061977607968103865
standard,1000,NO0 0AC,offwind-ac,0.36353782990818057,0.31062043181738785,0.05291739809079271
standard,1000,NO0 0AC,offwind-ac,0.3404385965594517,0.28406441563143153,0.05637418092802016
standard,1000,NO0 0AC,offwind-ac,0.3131807290436797,0.25402361105889154,0.05915711798478818
glaum,1000,BE2 0AC,offwind-dc,0.5395541251901652,0.528136985956392,0.011417139233773188
glaum,1000,BE2 0AC,offwind-dc,0.5376017394477073,0.5222891266004676,0.015312612847239726
glaum,1000,DE2 0AC,offwind-dc,0.5184045354870156,0.5183420976096837,6.243787733184458e-05
glaum,1000,DE2 0AC,offwind-dc,0.5263932869572528,0.5255813511330953,0.0008119358241575059
glaum,1000,DE2 0AC,offwind-dc,0.5194709327692658,0.5192245244330586,0.00024640833620726
glaum,1000,DE2 0AC,offwind-dc,0.5300502404052964,0.5299577116216526,9.252878364374162e-05
glaum,1000,DE2 0AC,offwind-dc,0.5226748914956497,0.5205236387310472,0.002151252764602485
glaum,1000,DE2 0AC,offwind-dc,0.5242222312570346,0.5240638519999833,0.00015837925705131095
glaum,1000,DE2 0AC,offwind-dc,0.5252925365528132,0.5248851418730709,0.00040739467974226784
glaum,1000,DE2 0AC,offwind-dc,0.5267769163592501,0.5261625507450941,0.0006143656141559539
glaum,1000,DE2 0AC,offwind-dc,0.527309702702748,0.527193830450343,0.00011587225240505816
glaum,1000,DE2 0AC,offwind-dc,0.5295050830425658,0.5288965970708928,0.0006084859716730673
glaum,1000,DE2 0AC,offwind-dc,0.5298092359765877,0.5286194872803585,0.0011897486962292314
glaum,1000,DE2 0AC,offwind-dc,0.5327378357518429,0.5326687906679576,6.904508388527741e-05
glaum,1000,DE2 0AC,offwind-dc,0.5321205200739647,0.5320426586483069,7.786142565779919e-05
glaum,1000,DE2 0AC,offwind-dc,0.5189580684208736,0.5067247297612204,0.012233338659653148
glaum,1000,DE2 0AC,offwind-dc,0.5319723347517027,0.531835418489021,0.00013691626268164114
glaum,1000,DE2 0AC,offwind-dc,0.5317875338332346,0.5316169372929497,0.00017059654028495075
glaum,1000,DE2 0AC,offwind-dc,0.5275571342596375,0.5274235060211423,0.0001336282384951648
glaum,1000,DE2 0AC,offwind-dc,0.5320595788065972,0.5317829617712222,0.00027661703537495974
glaum,1000,DE2 0AC,offwind-dc,0.5211723990657705,0.5162557051518413,0.004916693913929238
glaum,1000,DE2 0AC,offwind-dc,0.5278527864248328,0.5268374918115118,0.0010152946133209495
glaum,1000,DE2 0AC,offwind-dc,0.5302616303924205,0.5300120336148687,0.0002495967775517638
glaum,1000,DE2 0AC,offwind-dc,0.5161231707910796,0.507588640664964,0.008534530126115603
glaum,1000,DE2 0AC,offwind-dc,0.5267376954372672,0.5247598148012484,0.0019778806360187806
glaum,1000,DE2 0AC,offwind-dc,0.5289579449146166,0.528804253071262,0.0001536918433545642
glaum,1000,DK2 0AC,offwind-dc,0.5251080403935167,0.4749398053366825,0.050168235056834154
glaum,1000,DK2 0AC,offwind-dc,0.5216939840433966,0.4711565874047858,0.05053739663861084
glaum,1000,DK2 0AC,offwind-dc,0.53206018208166,0.48910552237437976,0.042954659707280185
glaum,1000,DK2 0AC,offwind-dc,0.528093216132286,0.4804809738152344,0.04761224231705158
glaum,1000,DK2 0AC,offwind-dc,0.5235985384050008,0.4731344572644851,0.050464081140515704
glaum,1000,DK2 0AC,offwind-dc,0.5263895685722042,0.47529693352989894,0.05109263504230527
glaum,1000,DK2 0AC,offwind-dc,0.527880399189734,0.47973813832645074,0.048142260863283215
glaum,1000,DK2 0AC,offwind-dc,0.5350873159576827,0.4856298468951209,0.049457469062561765
glaum,1000,DK2 0AC,offwind-dc,0.5278396528372298,0.47487376046225166,0.05296589237497812
glaum,1000,DK2 0AC,offwind-dc,0.5414306772240646,0.5049560143613872,0.03647466286267742
glaum,1000,DK2 0AC,offwind-dc,0.5358985846807837,0.48352220621783637,0.05237637846294729
glaum,1000,DK2 0AC,offwind-dc,0.530692348779134,0.48254707547582937,0.04814527330330459
glaum,1000,DK2 0AC,offwind-dc,0.5370046076052523,0.4944528913698777,0.04255171623537457
glaum,1000,DK2 0AC,offwind-dc,0.5333243929880433,0.48571757338323174,0.04760681960481161
glaum,1000,DK2 0AC,offwind-dc,0.5356230484786234,0.4841434090672412,0.05147963941138223
glaum,1000,DK2 0AC,offwind-dc,0.5456973463169679,0.5090139283646808,0.03668341795228702
glaum,1000,DK2 0AC,offwind-dc,0.5612274937736355,0.560194435840988,0.0010330579326474076
glaum,1000,DK2 0AC,offwind-dc,0.5390720821925183,0.49269928773675314,0.0463727944557652
glaum,1000,DK2 0AC,offwind-dc,0.545897019079868,0.5061152415829749,0.039781777496893045
glaum,1000,DK2 0AC,offwind-dc,0.5505875980516296,0.5204198481884583,0.030167749863171278
glaum,1000,DK2 0AC,offwind-dc,0.538557580092214,0.4932534586407984,0.0453041214514156
glaum,1000,DK2 0AC,offwind-dc,0.5430107460626057,0.5011268387233231,0.0418839073392826
glaum,1000,DK2 0AC,offwind-dc,0.5374505832425721,0.49157607322812913,0.04587451001444298
glaum,1000,DK2 0AC,offwind-dc,0.5625719007604147,0.5612127373151239,0.0013591634452908563
glaum,1000,DK2 0AC,offwind-dc,0.5509634837744263,0.5214596693634872,0.029503814410939078
glaum,1000,DK2 0AC,offwind-dc,0.5570026174957268,0.5336450299599456,0.02335758753578121
glaum,1000,DK2 0AC,offwind-dc,0.5373668735905646,0.5288952227722531,0.008471650818311471
glaum,1000,FR2 0AC,offwind-dc,0.5304397728676356,0.5304396192798913,1.5358774430040967e-07
glaum,1000,FR2 0AC,offwind-dc,0.5165895279042658,0.510600767077144,0.005988760827121853
glaum,1000,GB1 0AC,offwind-dc,0.49185056826176904,0.48207930703284924,0.009771261228919803
glaum,1000,GB1 0AC,offwind-dc,0.5079687017765103,0.4983543633771315,0.009614338399378808
glaum,1000,GB1 0AC,offwind-dc,0.5049544276579823,0.49363377345171605,0.011320654206266212
glaum,1000,GB1 0AC,offwind-dc,0.5183288324975504,0.5088403444241,0.009488488073450374
glaum,1000,GB1 0AC,offwind-dc,0.5115020909457413,0.448684983418878,0.06281710752686326
glaum,1000,GB1 0AC,offwind-dc,0.5141150688777304,0.4563281264730602,0.057786942404670194
glaum,1000,GB1 0AC,offwind-dc,0.513955842980384,0.45252996328318384,0.06142587969720015
glaum,1000,GB1 0AC,offwind-dc,0.5252533162517723,0.4680075253103453,0.05724579094142701
glaum,1000,GB1 0AC,offwind-dc,0.523937867451605,0.4671352246580215,0.05680264279358349
glaum,1000,GB1 0AC,offwind-dc,0.5147455515195022,0.4511167911402833,0.06362876037921888
glaum,1000,GB1 0AC,offwind-dc,0.5197467843684725,0.5081842123086433,0.011562572059829246
glaum,1000,GB1 0AC,offwind-dc,0.5245737537930105,0.46608891248867557,0.058484841304334956
glaum,1000,GB1 0AC,offwind-dc,0.5207890198576993,0.4673740920772252,0.05341492778047413
glaum,1000,GB1 0AC,offwind-dc,0.5218794019994847,0.5030416000515385,0.018837801947946153
glaum,1000,GB1 0AC,offwind-dc,0.5277864836305423,0.4948009075783724,0.03298557605216984
glaum,1000,GB1 0AC,offwind-dc,0.5217895998519302,0.46788435852463495,0.05390524132729524
glaum,1000,GB1 0AC,offwind-dc,0.5243022107550654,0.46716124520133107,0.05714096555373438
glaum,1000,GB1 0AC,offwind-dc,0.5186557875068428,0.5067979477015087,0.01185783980533417
glaum,1000,GB1 0AC,offwind-dc,0.5128890368713669,0.44656660169963136,0.06632243517173553
glaum,1000,GB1 0AC,offwind-dc,0.5365771902710785,0.5197185863980955,0.01685860387298299
glaum,1000,GB1 0AC,offwind-dc,0.5236288137914211,0.46290707673315024,0.060721737058270886
glaum,1000,GB1 0AC,offwind-dc,0.5373423206621132,0.5190345716737547,0.01830774898835852
glaum,1000,GB1 0AC,offwind-dc,0.5225606234429742,0.4640279684399726,0.05853265500300153
glaum,1000,GB1 0AC,offwind-dc,0.5226357737012676,0.4644974835515963,0.05813829014967126
glaum,1000,GB1 0AC,offwind-dc,0.5193275454402084,0.46591527427050916,0.053412271169699266
glaum,1000,GB1 0AC,offwind-dc,0.5277666765181551,0.4661000415040596,0.06166663501409553
glaum,1000,GB1 0AC,offwind-dc,0.5423708474233055,0.505799789895563,0.03657105752774259
glaum,1000,GB1 0AC,offwind-dc,0.5175850153259375,0.5061193241661218,0.01146569115981566
glaum,1000,GB1 0AC,offwind-dc,0.5406939307812126,0.5087194565691066,0.031974474212106085
glaum,1000,GB1 0AC,offwind-dc,0.5300755325431616,0.49875929025215177,0.03131624229100988
glaum,1000,GB1 0AC,offwind-dc,0.517800897777101,0.46723255889725146,0.05056833887984957
glaum,1000,GB1 0AC,offwind-dc,0.5178252871117854,0.46491209910292014,0.0529131880088653
glaum,1000,GB1 0AC,offwind-dc,0.5255644511444084,0.462374717707427,0.06318973343698142
glaum,1000,GB1 0AC,offwind-dc,0.5330255866162872,0.5146081244544072,0.018417462161880005
glaum,1000,GB1 0AC,offwind-dc,0.5406244189703863,0.5137554815284995,0.026868937441886787
glaum,1000,GB1 0AC,offwind-dc,0.5193759912332391,0.45959823091949703,0.059777760313742045
glaum,1000,GB1 0AC,offwind-dc,0.5401984194064572,0.5208977220666609,0.019300697339796336
glaum,1000,GB1 0AC,offwind-dc,0.5294100692278731,0.5190786696789371,0.010331399548936027
glaum,1000,GB1 0AC,offwind-dc,0.5267678418319909,0.4679335669842962,0.058834274847694656
glaum,1000,GB1 0AC,offwind-dc,0.5351511436074874,0.5254329200542238,0.009718223553263572
glaum,1000,GB1 0AC,offwind-dc,0.5298954780292249,0.5214498521103804,0.008445625918844457
glaum,1000,GB1 0AC,offwind-dc,0.5178527337377925,0.47653110327876874,0.04132163045902376
glaum,1000,GB1 0AC,offwind-dc,0.5187652862184154,0.5094968676307625,0.009268418587652927
glaum,1000,GB4 0AC,offwind-dc,0.5371997628007714,0.4474632874645122,0.08973647533625922
glaum,1000,GB4 0AC,offwind-dc,0.5343138304706542,0.4405785152373895,0.09373531523326467
glaum,1000,GB4 0AC,offwind-dc,0.5235628364299785,0.41405821407064525,0.10950462235933323
glaum,1000,GB4 0AC,offwind-dc,0.5350065088402579,0.5105479571181462,0.024458551722111754
glaum,1000,NL2 0AC,offwind-dc,0.5181506801098551,0.5071925237240626,0.01095815638579245
glaum,1000,NL2 0AC,offwind-dc,0.5403400490548905,0.5386040771823815,0.0017359718725090678
glaum,1000,NL2 0AC,offwind-dc,0.5244640469473348,0.5149392918539598,0.009524755093375026
glaum,1000,NL2 0AC,offwind-dc,0.5187230916045252,0.5182195838730207,0.0005035077315045378
glaum,1000,NL2 0AC,offwind-dc,0.5172704375544157,0.5052460876853945,0.012024349869021234
glaum,1000,NL2 0AC,offwind-dc,0.5164930078980978,0.5089906117102747,0.007502396187823113
glaum,1000,NL2 0AC,offwind-dc,0.5364989621211126,0.5357041868112327,0.0007947753098799248
glaum,1000,NL2 0AC,offwind-dc,0.5181721582990311,0.5057564590479824,0.012415699251048684
glaum,1000,NL2 0AC,offwind-dc,0.541855571591536,0.5406639002025267,0.001191671389009219
glaum,1000,NL2 0AC,offwind-dc,0.5341864061963727,0.5332470452602959,0.0009393609360768274
glaum,1000,NL2 0AC,offwind-dc,0.5365828770035516,0.5360178479745731,0.000565029028978481
glaum,1000,NL2 0AC,offwind-dc,0.5351297955457966,0.5338847966969773,0.0012449988488193453
glaum,1000,NL2 0AC,offwind-dc,0.5314432394454122,0.5309967857873664,0.00044645365804574233
glaum,1000,NL2 0AC,offwind-dc,0.518477106597082,0.5103668521096226,0.00811025448745939
glaum,1000,NL2 0AC,offwind-dc,0.5280180576558562,0.5165916903192946,0.01142636733656155
glaum,1000,NL2 0AC,offwind-dc,0.5274686914158954,0.514882012964903,0.012586678450992372
glaum,1000,NL2 0AC,offwind-dc,0.5263880242472199,0.5123330220005199,0.014055002246699977
glaum,1000,NL2 0AC,offwind-dc,0.5240833097197392,0.5121543949365963,0.011928914783142841
glaum,1000,NL2 0AC,offwind-dc,0.5259147478704567,0.5131128966105933,0.012801851259863328
glaum,1000,NL2 0AC,offwind-dc,0.5277275830280931,0.5162080899734408,0.011519493054652274
glaum,1000,NL2 0AC,offwind-dc,0.5271839534701789,0.5168568531522598,0.010327100317919058
glaum,1000,NL2 0AC,offwind-dc,0.5264346834634924,0.5092072303567492,0.01722745310674323
glaum,1000,NL2 0AC,offwind-dc,0.5297320665683592,0.5292258976443417,0.0005061689240175582
glaum,1000,NL2 0AC,offwind-dc,0.529628270813409,0.5198679325691178,0.009760338244291233
glaum,1000,NL2 0AC,offwind-dc,0.5301446419772561,0.5202594742329504,0.0098851677443057
glaum,1000,NO0 0AC,offwind-dc,0.5304922153602809,0.5216617696438359,0.008830445716444979
glaum,1000,NO0 0AC,offwind-dc,0.5487593638821177,0.5487593285694947,3.531262293687831e-08
glaum,1000,BE2 0AC,offwind-ac,0.5121837331522698,0.5121831087349777,6.244172920943925e-07
glaum,1000,BE2 0AC,offwind-ac,0.5066591535703654,0.5066591199156393,3.365472611704945e-08
glaum,1000,DE2 0AC,offwind-ac,0.5308428824121929,0.5305337466114175,0.00030913580077540637
glaum,1000,DE2 0AC,offwind-ac,0.4656903737396379,0.4500913973100395,0.015598976429598399
glaum,1000,DE2 0AC,offwind-ac,0.4943708518073885,0.49406894044898625,0.00030191135840224037
glaum,1000,DE2 0AC,offwind-ac,0.5172085470139506,0.5168983211533537,0.00031022586059692436
glaum,1000,DE2 0AC,offwind-ac,0.5013335581443762,0.501101530353027,0.0002320277913492319
glaum,1000,DE2 0AC,offwind-ac,0.46924145528481326,0.45778610720874807,0.011455348076065186
glaum,1000,DE2 0AC,offwind-ac,0.39285715765544776,0.35022071802121607,0.04263643963423169
glaum,1000,DE2 0AC,offwind-ac,0.4752173861735893,0.4676986183657489,0.0075187678078403875
glaum,1000,DK2 0AC,offwind-ac,0.5123016404864265,0.47917505177157893,0.03312658871484753
glaum,1000,DK2 0AC,offwind-ac,0.528292174292826,0.52674898999158,0.0015431843012460034
glaum,1000,DK2 0AC,offwind-ac,0.5336435207318374,0.5305106832203326,0.003132837511504838
glaum,1000,DK2 0AC,offwind-ac,0.5128370653986736,0.49202721957818163,0.020809845820491946
glaum,1000,DK2 0AC,offwind-ac,0.5065687323765038,0.4737902118926511,0.03277852048385271
glaum,1000,DK2 0AC,offwind-ac,0.4671057428716085,0.409566795126455,0.0575389477451535
glaum,1000,DK2 0AC,offwind-ac,0.5174133702431192,0.4944197215453762,0.022993648697742952
glaum,1000,DK2 0AC,offwind-ac,0.4623702649251935,0.39566166363508737,0.06670860129010614
glaum,1000,DK2 0AC,offwind-ac,0.5152440341126225,0.4858069513788512,0.029437082733771325
glaum,1000,DK2 0AC,offwind-ac,0.428058851426328,0.3538018541972107,0.07425699722911727
glaum,1000,DK2 0AC,offwind-ac,0.5044213025899498,0.4814025645047647,0.023018738085185064
glaum,1000,DK2 0AC,offwind-ac,0.5079494154556855,0.5030734459527715,0.004875969502914024
glaum,1000,DK2 0AC,offwind-ac,0.46070674138752066,0.40468073829962503,0.056026003087895626
glaum,1000,DK2 0AC,offwind-ac,0.5107002214976621,0.4874068346539257,0.02329338684373644
glaum,1000,DK2 0AC,offwind-ac,0.5137079074613006,0.5113233737855523,0.0023845336757483127
glaum,1000,GB1 0AC,offwind-ac,0.3283770882085022,0.25851249619546796,0.06986459201303424
glaum,1000,GB1 0AC,offwind-ac,0.3557121121158689,0.2792359377768567,0.07647617433901222
glaum,1000,GB1 0AC,offwind-ac,0.48619692899402106,0.4766858583872047,0.009511070606816385
glaum,1000,GB1 0AC,offwind-ac,0.41025790239492793,0.3414058764725541,0.06885202592237383
glaum,1000,GB1 0AC,offwind-ac,0.4389597662199024,0.4277640700237852,0.01119569619611721
glaum,1000,GB1 0AC,offwind-ac,0.3900325773803326,0.32467445507429793,0.06535812230603466
glaum,1000,GB1 0AC,offwind-ac,0.44340179752735404,0.43106352671296916,0.012338270814384877
glaum,1000,GB1 0AC,offwind-ac,0.4276423276554932,0.4147389041764454,0.012903423479047826
glaum,1000,GB1 0AC,offwind-ac,0.4042327217052621,0.3270315156556442,0.07720120604961789
glaum,1000,GB1 0AC,offwind-ac,0.45170858419536924,0.39460335211537223,0.057105232079997015
glaum,1000,GB1 0AC,offwind-ac,0.46323294801574927,0.40515051716939177,0.0580824308463575
glaum,1000,GB1 0AC,offwind-ac,0.471441349636251,0.46253828344858033,0.008903066187670672
glaum,1000,GB1 0AC,offwind-ac,0.4610862552130231,0.4446789455199396,0.016407309693083516
glaum,1000,GB1 0AC,offwind-ac,0.42234916282021917,0.35132338532399493,0.07102577749622424
glaum,1000,GB1 0AC,offwind-ac,0.4717508358934762,0.46115946240494293,0.010591373488533284
glaum,1000,GB1 0AC,offwind-ac,0.4270989262297561,0.3649213315042837,0.06217759472547241
glaum,1000,GB1 0AC,offwind-ac,0.37995524693602273,0.3007087266206347,0.07924652031538804
glaum,1000,GB1 0AC,offwind-ac,0.4698668195657279,0.45754595745552157,0.012320862110206332
glaum,1000,GB1 0AC,offwind-ac,0.4848863203541771,0.46851730587021967,0.016369014483957445
glaum,1000,GB1 0AC,offwind-ac,0.5023735328402948,0.48804380290642796,0.014329729933866886
glaum,1000,GB1 0AC,offwind-ac,0.4614946948484977,0.430016310596512,0.03147838425198568
glaum,1000,GB1 0AC,offwind-ac,0.49697330206736373,0.4806996266640506,0.016273675403313148
glaum,1000,GB1 0AC,offwind-ac,0.5036976079599805,0.4693682611101946,0.03432934684978595
glaum,1000,GB1 0AC,offwind-ac,0.47853290311671315,0.45357572581211036,0.024957177304602784
glaum,1000,GB1 0AC,offwind-ac,0.4794419702923949,0.4518315322445457,0.027610438047849184
glaum,1000,GB1 0AC,offwind-ac,0.5146530518539789,0.47508351147707684,0.03956954037690208
glaum,1000,GB1 0AC,offwind-ac,0.4996785904224724,0.4727469061996374,0.02693168422283504
glaum,1000,GB1 0AC,offwind-ac,0.5250028454544612,0.48407159761112173,0.04093124784333946
glaum,1000,GB1 0AC,offwind-ac,0.5144859534206979,0.49181131078660223,0.022674642634095687
glaum,1000,GB1 0AC,offwind-ac,0.519686828743967,0.4747694748024849,0.04491735394148211
glaum,1000,GB1 0AC,offwind-ac,0.5254786062881885,0.48490267596189435,0.040575930326294196
glaum,1000,GB4 0AC,offwind-ac,0.5178422089794653,0.4369613447035224,0.08088086427594293
glaum,1000,GB4 0AC,offwind-ac,0.5178422089794653,0.4422694011020773,0.07557280787738802
glaum,1000,GB4 0AC,offwind-ac,0.5412569989399583,0.4529572714284913,0.08829972751146697
glaum,1000,GB4 0AC,offwind-ac,0.5436758934455019,0.502738517721882,0.040937375723619884
glaum,1000,GB4 0AC,offwind-ac,0.5412569989399584,0.45546035135518487,0.08579664758477351
glaum,1000,NL2 0AC,offwind-ac,0.5095721453746137,0.5084734191495281,0.0010987262250855556
glaum,1000,NL2 0AC,offwind-ac,0.39240865091297683,0.3406647594456203,0.05174389146735653
glaum,1000,NL2 0AC,offwind-ac,0.5159730780325413,0.5145297406784514,0.0014433373540899685
glaum,1000,NL2 0AC,offwind-ac,0.517783228150742,0.5165738428548723,0.0012093852958696694
glaum,1000,NL2 0AC,offwind-ac,0.5186118399064381,0.5173660257258796,0.0012458141805584688
glaum,1000,NL2 0AC,offwind-ac,0.49481560551252296,0.4942547527615076,0.0005608527510153616
glaum,1000,NL2 0AC,offwind-ac,0.519042755407821,0.5169615816813167,0.002081173726504293
glaum,1000,NL2 0AC,offwind-ac,0.4941912636405344,0.49377944066590623,0.0004118229746281621
glaum,1000,NL2 0AC,offwind-ac,0.49456652984023713,0.48875441020577803,0.005812119634459101
glaum,1000,NL2 0AC,offwind-ac,0.5144171299715424,0.5134213574665892,0.0009957725049531962
glaum,1000,NL2 0AC,offwind-ac,0.5050387020362029,0.49976321780906585,0.005275484227137084
glaum,1000,NL2 0AC,offwind-ac,0.4101146324156617,0.35965705537270076,0.050457577042960944
glaum,1000,NL2 0AC,offwind-ac,0.5169920910042926,0.5138705550280799,0.003121535976212675
glaum,1000,NL2 0AC,offwind-ac,0.5201164799455168,0.5182284206415219,0.0018880593039949378
glaum,1000,NO0 0AC,offwind-ac,0.3086823305665382,0.24623034191913923,0.06245198864739898
glaum,1000,NO0 0AC,offwind-ac,0.28821985347624324,0.22164078533469755,0.06657906814154568
glaum,1000,NO0 0AC,offwind-ac,0.2848582680585814,0.22350173571504128,0.061356532343540104
glaum,1000,NO0 0AC,offwind-ac,0.28821985347624324,0.22650185162554748,0.06171800185069576
glaum,1000,NO0 0AC,offwind-ac,0.4186486604355057,0.3821064033890888,0.03654225704641689
glaum,1000,NO0 0AC,offwind-ac,0.3940767076841631,0.33815285867876316,0.05592384900539993
glaum,1000,NO0 0AC,offwind-ac,0.262779047844,0.20194170809294287,0.06083733975105715
glaum,1000,NO0 0AC,offwind-ac,0.32311681022964395,0.2628085890600887,0.060308221169555254
glaum,1000,NO0 0AC,offwind-ac,0.23510526255219208,0.17286569004452906,0.062239572507663016
glaum,1000,NO0 0AC,offwind-ac,0.3719540077886071,0.3205879314232239,0.051366076365383206
glaum,1000,NO0 0AC,offwind-ac,0.34832689235292835,0.2937479274039452,0.05457896494898318
glaum,1000,NO0 0AC,offwind-ac,0.32045178905071964,0.26319029369396385,0.05726149535675579
glaum,1000,DE2 0AC,offwind-float,0.5103413066991866,0.40370257409294796,0.10663873260623868
glaum,1000,DK2 0AC,offwind-float,0.5169515020317617,0.3920349880734358,0.12491651395832587
glaum,1000,DK2 0AC,offwind-float,0.5187238266417046,0.39159763819638077,0.1271261884453238
glaum,1000,DK2 0AC,offwind-float,0.5278335496428531,0.39973920184446987,0.12809434779838325
glaum,1000,DK2 0AC,offwind-float,0.522140471666673,0.3908799836477263,0.13126048801894669
glaum,1000,DK2 0AC,offwind-float,0.5563964160270222,0.4347282865322393,0.12166812949478284
glaum,1000,DK2 0AC,offwind-float,0.5593915527864726,0.43592824016007753,0.12346331262639504
glaum,1000,DK2 0AC,offwind-float,0.5331644877926829,0.41640651193332234,0.11675797585936054
glaum,1000,DK2 0AC,offwind-float,0.5232576606485044,0.40856587103964664,0.11469178960885779
glaum,1000,DK2 0AC,offwind-float,0.5152584240602889,0.4023713298849728,0.11288709417531606
glaum,1000,GB1 0AC,offwind-float,0.4575189368376358,0.33182950574870856,0.12568943108892722
glaum,1000,GB1 0AC,offwind-float,0.5267903782956663,0.40738719410743435,0.11940318418823198
glaum,1000,GB1 0AC,offwind-float,0.5153832549852293,0.3924027052483348,0.12298054973689448
glaum,1000,GB1 0AC,offwind-float,0.46642867958517137,0.3223248806525619,0.1441037989326095
glaum,1000,GB1 0AC,offwind-float,0.468640476286234,0.3383507579952937,0.13028971829094033
glaum,1000,GB1 0AC,offwind-float,0.5063829259651323,0.370519485927503,0.13586344003762935
glaum,1000,GB1 0AC,offwind-float,0.5312018169988592,0.41266076806859747,0.11854104893026168
glaum,1000,GB1 0AC,offwind-float,0.5038351910299247,0.3731788145127928,0.1306563765171319
glaum,1000,GB1 0AC,offwind-float,0.4893690463035668,0.3502146562243438,0.13915439007922303
glaum,1000,GB1 0AC,offwind-float,0.5183183019735484,0.3881641972167605,0.13015410475678796
glaum,1000,GB1 0AC,offwind-float,0.45665864030320086,0.31075809523046155,0.1459005450727393
glaum,1000,GB1 0AC,offwind-float,0.4896191198324186,0.35236364363509826,0.13725547619732037
glaum,1000,GB1 0AC,offwind-float,0.4873790869700349,0.34316234682173785,0.14421674014829705
glaum,1000,GB1 0AC,offwind-float,0.49098301290057783,0.3461910287649392,0.14479198413563865
glaum,1000,GB1 0AC,offwind-float,0.5202090222390227,0.3787577552884172,0.14145126695060545
glaum,1000,GB1 0AC,offwind-float,0.5218733021756193,0.3720616628550067,0.14981163932061264
glaum,1000,GB1 0AC,offwind-float,0.516442764471564,0.3666952508871018,0.1497475135844622
glaum,1000,GB4 0AC,offwind-float,0.4941097636028015,0.3291301970066526,0.16497956659614893
glaum,1000,GB4 0AC,offwind-float,0.5371997628007714,0.36845551767232865,0.16874424512844277
glaum,1000,GB4 0AC,offwind-float,0.5158212304811645,0.35137167485849524,0.16444955562266922
glaum,1000,GB4 0AC,offwind-float,0.5395122908204817,0.3849862831371604,0.1545260076833213
glaum,1000,GB4 0AC,offwind-float,0.5391124572355923,0.3862512302159431,0.15286122701964922
glaum,1000,GB4 0AC,offwind-float,0.5268390035087532,0.37531032792208324,0.15152867558667
glaum,1000,NL2 0AC,offwind-float,0.5180266530254714,0.40568943782812394,0.1123372151973474
glaum,1000,NL2 0AC,offwind-float,0.4101146324156617,0.2914365967268349,0.11867803568882679
glaum,1000,NO0 0AC,offwind-float,0.2719290170478373,0.18200872057988401,0.08992029646795327
glaum,1000,NO0 0AC,offwind-float,0.3251182878888588,0.22761489523763803,0.0975033926512208
glaum,1000,NO0 0AC,offwind-float,0.31350146099774745,0.21631162770257997,0.09718983329516748
glaum,1000,NO0 0AC,offwind-float,0.4653556290985623,0.3635797105597646,0.1017759185387977
glaum,1000,NO0 0AC,offwind-float,0.5236835409423681,0.42456343684314646,0.09912010409922167
glaum,1000,NO0 0AC,offwind-float,0.5335961979715893,0.43427167355826063,0.09932452441332867
glaum,1000,NO0 0AC,offwind-float,0.48095990084543794,0.37971547204202744,0.1012444288034105
glaum,1000,NO0 0AC,offwind-float,0.461847753378482,0.3558513245817532,0.10599642879672877
glaum,1000,NO0 0AC,offwind-float,0.5324239591121578,0.43268407193039654,0.09973988718176124
glaum,1000,NO0 0AC,offwind-float,0.5315811538529218,0.4319592041873955,0.09962194966552634
glaum,1000,NO0 0AC,offwind-float,0.45615138625090984,0.3458218476698294,0.11032953858108047
glaum,1000,NO0 0AC,offwind-float,0.4886158114807777,0.3867803618543987,0.10183544962637903
glaum,1000,NO0 0AC,offwind-float,0.5163372312073874,0.4160999084762168,0.10023732273117059
glaum,1000,NO0 0AC,offwind-float,0.43559682498936153,0.3240877020747268,0.11150912291463472
glaum,1000,NO0 0AC,offwind-float,0.5445634748064758,0.44562141084548995,0.09894206396098587
glaum,1000,NO0 0AC,offwind-float,0.4547021713804385,0.34459205332615006,0.11011011805428844
glaum,1000,NO0 0AC,offwind-float,0.38420691607940977,0.28439443002387854,0.09981248605553122
glaum,1000,NO0 0AC,offwind-float,0.3700680694552857,0.271323766435809,0.09874430301947668
glaum,1000,NO0 0AC,offwind-float,0.5314103343864998,0.42993920321207285,0.10147113117442691
glaum,1000,NO0 0AC,offwind-float,0.5531647484170127,0.45604131343422355,0.09712343498278914
glaum,1000,NO0 0AC,offwind-float,0.5456911594696631,0.44754904711301785,0.09814211235664522
glaum,1000,NO0 0AC,offwind-float,0.38806476694302316,0.2893876381158851,0.09867712882713808
glaum,1000,NO0 0AC,offwind-float,0.28821985347624324,0.19722567459915702,0.09099417887708622
glaum,1000,NO0 0AC,offwind-float,0.5069076119858501,0.39918410444599856,0.10772350753985155
glaum,1000,NO0 0AC,offwind-float,0.5398194022652886,0.43740515550058784,0.10241424676470073
glaum,1000,NO0 0AC,offwind-float,0.16900453173204188,0.10697786801286295,0.062026663719178934
glaum,1000,NO0 0AC,offwind-float,0.11127577598064112,0.0655439587515843,0.04573181722905682
glaum,1000,NO0 0AC,offwind-float,0.0924887572438497,0.05273259505601451,0.03975616218783518
glaum,1000,NO0 0AC,offwind-float,0.28821985347624324,0.19686067274696897,0.09135918072927426
glaum,1000,NO0 0AC,offwind-float,0.44386170135377706,0.341935238725679,0.10192646262809807
glaum,1000,NO0 0AC,offwind-float,0.5385022104157853,0.4396534844946575,0.09884872592112776
glaum,1000,NO0 0AC,offwind-float,0.553080752774222,0.45266892027682476,0.10041183249739721
glaum,1000,NO0 0AC,offwind-float,0.5596870118942961,0.46286109607591547,0.09682591581838068
glaum,1000,NO0 0AC,offwind-float,0.5548233763948921,0.4563527374950088,0.09847063889988328
glaum,1000,NO0 0AC,offwind-float,0.5195261884916441,0.41406006906317666,0.10546611942846745
glaum,1000,NO0 0AC,offwind-float,0.038737846762231166,0.02062353947646492,0.018114307285766247
glaum,1000,NO0 0AC,offwind-float,0.07774592731777961,0.04383031168610067,0.03391561563167894
glaum,1000,NO0 0AC,offwind-float,0.09699385029533535,0.05637811098140776,0.04061573931392758
glaum,1000,NO0 0AC,offwind-float,0.10052737670426334,0.05852982447772199,0.041997552226541356
glaum,1000,NO0 0AC,offwind-float,0.11127577598064112,0.06638184608190345,0.04489392989873767
glaum,1000,NO0 0AC,offwind-float,0.5582884163292962,0.4603959495908619,0.09789246673843427
glaum,1000,NO0 0AC,offwind-float,0.5308939671927502,0.4238223727536568,0.10707159443909336
glaum,1000,NO0 0AC,offwind-float,0.564400955027823,0.46876730328527316,0.09563365174254979
glaum,1000,NO0 0AC,offwind-float,0.4997048881413056,0.389488899782987,0.11021598835831858
glaum,1000,NO0 0AC,offwind-float,0.5231243838276406,0.4187859380316136,0.10433844579602697
glaum,1000,NO0 0AC,offwind-float,0.5657725683952036,0.4701460113259631,0.0956265570692405
glaum,1000,NO0 0AC,offwind-float,0.562683519026875,0.46342465015863266,0.09925886886824231
glaum,1000,NO0 0AC,offwind-float,0.5669072138148679,0.4708883063099138,0.09601890750495407
glaum,1000,NO0 0AC,offwind-float,0.500193139521541,0.390444869725734,0.10974826979580699
glaum,1000,NO0 0AC,offwind-float,0.019167045260846633,0.009694379453148287,0.009472665807698346
glaum,1000,NO0 0AC,offwind-float,0.5663208898268128,0.47082590187779294,0.0954949879490199
glaum,1000,NO0 0AC,offwind-float,0.5559804567308482,0.4551350638067763,0.10084539292407185
glaum,1000,NO0 0AC,offwind-float,0.5285309007834805,0.424769893734307,0.10376100704917351
glaum,1000,NO0 0AC,offwind-float,0.5682753491356054,0.473518519843265,0.09475682929234042
glaum,1000,NO0 0AC,offwind-float,0.5235345874020652,0.4161127091290459,0.10742187827301924
glaum,1000,NO0 0AC,offwind-float,0.5605745501169035,0.4634357964646715,0.09713875365223201
glaum,1000,NO0 0AC,offwind-float,0.5292673334087519,0.4249526661854661,0.10431466722328575
glaum,1000,NO0 0AC,offwind-float,0.5463591481431707,0.43847741928267225,0.1078817288604984
glaum,1000,NO0 0AC,offwind-float,0.4940696244673521,0.3904782581991578,0.10359136626819426
glaum,1000,NO0 0AC,offwind-float,0.46337051098278736,0.36084870672679764,0.10252180425598972
glaum,1000,NO0 0AC,offwind-float,0.4491124167603061,0.342320946663966,0.1067914700963401
glaum,1000,NO0 0AC,offwind-float,0.38828235093493163,0.283422479167436,0.10485987176749562
glaum,1000,NO0 0AC,offwind-float,0.5124918172864813,0.41212995406956104,0.10036186321692026
glaum,1000,NO0 0AC,offwind-float,0.5057512033014201,0.406115222467737,0.09963598083368308
glaum,1000,NO0 0AC,offwind-float,0.5015036174953514,0.40014591649741504,0.1013577009979364
glaum,1000,NO0 0AC,offwind-float,0.4637022294624836,0.3552508642400584,0.10845136522242516
glaum,1000,NO0 0AC,offwind-float,0.45404258831917316,0.3420810527364502,0.11196153558272298
glaum,1000,DE2 0AC,offwind-dc,0.5272988796771747,0.5272456757010175,5.3203976157156774e-05
glaum,1000,DE2 0AC,offwind-dc,0.459787008789794,0.4089177459217258,0.0508692628680682
glaum,1000,DE2 0AC,offwind-dc,0.5307516608528383,0.530698443710453,5.321714238526454e-05
glaum,1000,DE2 0AC,offwind-dc,0.4628105910435388,0.4074217170889916,0.05538887395454717
glaum,1000,DE2 0AC,offwind-dc,0.5321901826745142,0.5321368360864829,5.33465880313555e-05
glaum,1000,DE2 0AC,offwind-dc,0.46405876037236365,0.4156653603744617,0.04839339999790193
glaum,1000,DE2 0AC,offwind-dc,0.5295703504423152,0.5295170402978109,5.331014450427052e-05
glaum,1000,DE2 0AC,offwind-dc,0.46177963617188506,0.40538527994000534,0.056394356231879716
glaum,1000,DE2 0AC,offwind-dc,0.5321419582947104,0.5320886550704259,5.330322428453993e-05
glaum,1000,DE2 0AC,offwind-dc,0.4640231270439693,0.40889767626978957,0.05512545077417974
glaum,1000,DE2 0AC,offwind-dc,0.5308282289834246,0.5307749490531269,5.3279930297689404e-05
glaum,1000,DE2 0AC,offwind-dc,0.4628768105612001,0.4068786908823097,0.0559981196788904
glaum,1000,DE2 0AC,offwind-dc,0.5304623339849647,0.5304090186153702,5.331536959451988e-05
glaum,1000,DE2 0AC,offwind-dc,0.4625584202871784,0.4078195948996595,0.0547388253875189
glaum,1000,DE2 0AC,offwind-dc,0.5311300271969788,0.5310767411911845,5.32860057942397e-05
glaum,1000,DE2 0AC,offwind-dc,0.46312185844701975,0.40794659484553925,0.055175263601480506
glaum,1000,DK2 0AC,offwind-dc,0.5351662625274193,0.4933866148762391,0.041779647651180196
glaum,1000,DK2 0AC,offwind-dc,0.46664085586858134,0.39666152740460103,0.0699793284639803
glaum,1000,DK2 0AC,offwind-dc,0.5443273589046157,0.5092557468107441,0.03507161209387155
glaum,1000,DK2 0AC,offwind-dc,0.47466190242741774,0.40855376489395745,0.06610813753346029
glaum,1000,DK2 0AC,offwind-dc,0.5363417881082183,0.4912768246517823,0.045064963456436014
glaum,1000,DK2 0AC,offwind-dc,0.46767812995654584,0.39623975776174863,0.0714383721947972
glaum,1000,DK2 0AC,offwind-dc,0.5312721673367042,0.48311397048760857,0.04815819684909567
glaum,1000,DK2 0AC,offwind-dc,0.4632643507636466,0.38765570594686743,0.07560864481677915
glaum,1000,DK2 0AC,offwind-dc,0.5403436590531644,0.49862729402321865,0.041716365029945746
glaum,1000,DK2 0AC,offwind-dc,0.4711692346557453,0.39932606381885355,0.07184317083689173
glaum,1000,DK2 0AC,offwind-dc,0.549877512322072,0.5195708983779231,0.030306613944148908
glaum,1000,DK2 0AC,offwind-dc,0.47950184252962624,0.41479606637380995,0.0647057761558163
glaum,1000,DK2 0AC,offwind-dc,0.5542093248934821,0.5280792334159699,0.02613009147751222
glaum,1000,DK2 0AC,offwind-dc,0.4832392653517624,0.4203882994733631,0.06285096587839933
glaum,1000,DK2 0AC,offwind-dc,0.5626731195056273,0.5616933266024486,0.0009797929031786223
glaum,1000,DK2 0AC,offwind-dc,0.49064020955539883,0.43482401789752206,0.05581619165787677
glaum,1000,GB1 0AC,offwind-dc,0.5197430812614331,0.46217351809858703,0.05756956316284606
glaum,1000,GB1 0AC,offwind-dc,0.45322357106953476,0.3736736744886615,0.07954989658087325
glaum,1000,GB1 0AC,offwind-dc,0.5209795446377675,0.46445136925294705,0.05652817538482047
glaum,1000,GB1 0AC,offwind-dc,0.4542759593242154,0.37705111184436957,0.07722484747984582
glaum,1000,GB1 0AC,offwind-dc,0.5200093614354316,0.4635648938580939,0.05644446757733773
glaum,1000,GB1 0AC,offwind-dc,0.4534493138627294,0.3771105864597582,0.07633872740297121
glaum,1000,GB1 0AC,offwind-dc,0.5225303896964204,0.46434536911525615,0.05818502058116426
glaum,1000,GB1 0AC,offwind-dc,0.4556352351906405,0.3763705067820182,0.07926472840862225
glaum,1000,GB1 0AC,offwind-dc,0.5185126509782264,0.4579620816920957,0.06055056928613073
glaum,1000,GB1 0AC,offwind-dc,0.4521251628352474,0.3705488343656328,0.0815763284696146
glaum,1000,GB1 0AC,offwind-dc,0.5226611273857864,0.5142646701622829,0.008396457223503462
glaum,1000,GB1 0AC,offwind-dc,0.4557361633531098,0.37819901306298914,0.07753715029012065
glaum,1000,GB1 0AC,offwind-dc,0.5248272102609716,0.500087356597544,0.02473985366342757
glaum,1000,GB1 0AC,offwind-dc,0.45761839589202513,0.37953111018933994,0.0780872857026852
glaum,1000,GB1 0AC,offwind-dc,0.5238310016499502,0.4654412657830352,0.05838973586691504
glaum,1000,GB1 0AC,offwind-dc,0.45678860987150766,0.3767324558482375,0.08005615402327015
glaum,1000,GB1 0AC,offwind-dc,0.5211892484961504,0.4606449211761358,0.060544327320014635
glaum,1000,GB1 0AC,offwind-dc,0.4544784459380382,0.37319193332162315,0.08128651261641506
glaum,1000,GB1 0AC,offwind-dc,0.5242443356517008,0.46480443468688476,0.05943990096481605
glaum,1000,GB1 0AC,offwind-dc,0.457142370302284,0.37647647304470605,0.08066589725757795
glaum,1000,NL2 0AC,offwind-dc,0.5269065947583599,0.5172787680476496,0.009627826710710274
glaum,1000,NL2 0AC,offwind-dc,0.4594640825912292,0.40539839474722217,0.054065687844007004
glaum,1000,NL2 0AC,offwind-dc,0.5313619131687907,0.5309632765696944,0.00039863659909622484
glaum,1000,NL2 0AC,offwind-dc,0.463342995803098,0.41024365803262447,0.05309933777047354
glaum,1000,NL2 0AC,offwind-dc,0.5199153835571716,0.5063255757141097,0.013589807843061852
glaum,1000,NL2 0AC,offwind-dc,0.4533487216532274,0.40058579820458906,0.052762923448638366
glaum,1000,NL2 0AC,offwind-dc,0.5258414439089355,0.5150132319142675,0.010828211994667991
glaum,1000,NL2 0AC,offwind-dc,0.4585287519685863,0.4057290686347428,0.052799683333843495
glaum,1000,NL2 0AC,offwind-dc,0.5172385894920839,0.5042393774617555,0.012999212030328389
glaum,1000,NL2 0AC,offwind-dc,0.45102597047328546,0.3989149034317765,0.052111067041508974
glaum,1000,NL2 0AC,offwind-dc,0.5298442086785432,0.5281619372112427,0.001682271467300489
glaum,1000,NL2 0AC,offwind-dc,0.46203181400723325,0.4101612870938931,0.051870526913340154
glaum,1000,NL2 0AC,offwind-dc,0.5164967078305973,0.505400465980522,0.011096241850075295
glaum,1000,NL2 0AC,offwind-dc,0.4503601840873915,0.394561190157739,0.055798993929652485
glaum,1000,NL2 0AC,offwind-dc,0.5259829095278757,0.5141432090336859,0.011839700494189809
glaum,1000,NL2 0AC,offwind-dc,0.45865811834966685,0.40507571013467525,0.053582408214991606
glaum,1000,NL2 0AC,offwind-dc,0.517815451644215,0.504028101346072,0.013787350298143042
glaum,1000,NL2 0AC,offwind-dc,0.45154273239984244,0.39985738842732305,0.05168534397251939
glaum,1000,NL2 0AC,offwind-dc,0.5284102610834972,0.5172059614783922,0.01120429960510505
glaum,1000,NL2 0AC,offwind-dc,0.4607505043766062,0.40900796921662874,0.051742535159977454
glaum,1000,NL2 0AC,offwind-dc,0.5206480508412236,0.5043432337813107,0.016304817059912824
glaum,1000,NL2 0AC,offwind-dc,0.4539806574553222,0.3989963963332087,0.054984261122113465
glaum,1000,NL2 0AC,offwind-dc,0.5243963153518503,0.510013309600425,0.01438300575142526
glaum,1000,NL2 0AC,offwind-dc,0.4572688670938174,0.40297615824901306,0.05429270884480436
glaum,1000,NL2 0AC,offwind-dc,0.5175642269237641,0.5050680111877907,0.012496215735973482
glaum,1000,NL2 0AC,offwind-dc,0.4513236656926349,0.39844088409709194,0.05288278159554294
glaum,1000,NL2 0AC,offwind-dc,0.5209211501177836,0.5061007880848558,0.014820362032927803
glaum,1000,NL2 0AC,offwind-dc,0.4542250634059333,0.4013252878302355,0.052899775575697805
glaum,1000,NL2 0AC,offwind-dc,0.519927186903797,0.5090777509912299,0.010849435912567151
glaum,1000,NL2 0AC,offwind-dc,0.4533532200202242,0.40153986476914644,0.051813355251077775
glaum,1000,NL2 0AC,offwind-dc,0.5205393161513469,0.5119454963684062,0.008593819782940604
glaum,1000,NL2 0AC,offwind-dc,0.4538989886544232,0.40170522771992645,0.052193760934496736
glaum,1000,NL2 0AC,offwind-dc,0.5278744375127241,0.5161723737729041,0.011702063739819968
glaum,1000,NL2 0AC,offwind-dc,0.4603139701507509,0.40416636142992035,0.05614760872083052
glaum,1000,NL2 0AC,offwind-dc,0.5260999514484084,0.5116787019807153,0.014421249467693076
glaum,1000,NL2 0AC,offwind-dc,0.45871484609754454,0.4057022005168774,0.05301264558066715
glaum,1000,NL2 0AC,offwind-dc,0.5214801012402852,0.5085254669662157,0.01295463427406951
glaum,1000,NL2 0AC,offwind-dc,0.45471933885426297,0.40205068783668596,0.052668651017577006
glaum,1000,NL2 0AC,offwind-dc,0.5221441447093786,0.5137518957185115,0.008392248990867102
glaum,1000,NL2 0AC,offwind-dc,0.4552791188152015,0.4049193993151375,0.050359719500064015
glaum,1000,NL2 0AC,offwind-dc,0.5242633158889249,0.5115277776691921,0.012735538219732834
glaum,1000,NL2 0AC,offwind-dc,0.4571454935878973,0.40226121229893386,0.054884281288963443
glaum,1000,NL2 0AC,offwind-dc,0.5265748251258822,0.5123816826034138,0.014193142522468394
glaum,1000,NL2 0AC,offwind-dc,0.4591873597150827,0.40419673303383086,0.05499062668125182
glaum,1000,NL2 0AC,offwind-dc,0.5237446723764928,0.5146900915883228,0.009054580788170008
glaum,1000,NL2 0AC,offwind-dc,0.45669979445090025,0.4051532704653593,0.05154652398554094
glaum,1000,NL2 0AC,offwind-dc,0.5308420063646997,0.5304436484704339,0.0003983578942657884
glaum,1000,NL2 0AC,offwind-dc,0.4628895844362479,0.41008656072672006,0.05280302370952783
glaum,1000,NL2 0AC,offwind-dc,0.5307715617468379,0.5303677969418312,0.0004037648050067011
glaum,1000,NL2 0AC,offwind-dc,0.462815021604263,0.40841924648700517,0.05439577511725785
glaum,1000,NO0 0AC,offwind-dc,0.5203984389749878,0.5054017654043618,0.014996673570626062
glaum,1000,NO0 0AC,offwind-dc,0.45377596617843974,0.40433591066581853,0.049440055512621206
glaum,1000,NO0 0AC,offwind-dc,0.555102098570248,0.5551020805034591,1.8066788842752146e-08
glaum,1000,NO0 0AC,offwind-dc,0.48403145370195094,0.4448193935967115,0.03921206010523942
glaum,1000,NO0 0AC,offwind-dc,0.5483702779000851,0.5473387804524071,0.0010314974476779426
glaum,1000,NO0 0AC,offwind-dc,0.47818092795870026,0.4389412792386694,0.039239648720030884
glaum,1000,DK2 0AC,offwind-ac,0.5226544421963382,0.521649663783205,0.0010047784131331783
glaum,1000,DK2 0AC,offwind-ac,0.45574959517056784,0.39985308270447256,0.05589651246609528
glaum,1000,DK2 0AC,offwind-ac,0.46766417268070326,0.42741983880876927,0.04024433387193399
glaum,1000,DK2 0AC,offwind-ac,0.4077775988776313,0.34864153073569404,0.05913606814193728
glaum,1000,GB1 0AC,offwind-ac,0.4087613352261922,0.40034599734090043,0.008415337885291752
glaum,1000,GB1 0AC,offwind-ac,0.3564004675087855,0.29777326851812347,0.058627198990662044
glaum,1000,GB1 0AC,offwind-float,0.48075861942923515,0.3557050428787992,0.12505357655043592
glaum,1000,GB1 0AC,offwind-float,0.4191891112583025,0.28840366393427724,0.13078544732402525
glaum,1000,GB1 0AC,offwind-float,0.4974228511776752,0.37235141904212443,0.12507143213555078
glaum,1000,GB1 0AC,offwind-float,0.4337333058325078,0.3047853596349555,0.1289479461975523
glaum,1000,GB1 0AC,offwind-float,0.5188106688739044,0.3972576877248931,0.12155298114901125
glaum,1000,GB1 0AC,offwind-float,0.45241069679465024,0.3239242846617152,0.12848641213293505
glaum,1000,GB1 0AC,offwind-float,0.5311120581156651,0.41488914730214377,0.11622291081352132
glaum,1000,GB1 0AC,offwind-float,0.46311171046975996,0.337655762600912,0.12545594786884795
glaum,1000,GB1 0AC,offwind-float,0.5151630686406642,0.39130302052730065,0.12386004811336354
glaum,1000,GB1 0AC,offwind-float,0.4492234625892863,0.3235597120672486,0.1256637505220377
glaum,1000,GB1 0AC,offwind-float,0.5288093010741423,0.41130757613713953,0.11750172493700273
glaum,1000,GB1 0AC,offwind-float,0.46111683339960724,0.33638579132513446,0.12473104207447278
glaum,1000,GB1 0AC,offwind-float,0.5251520990293285,0.4038119964968328,0.12134010253249566
glaum,1000,GB1 0AC,offwind-float,0.4579213087495197,0.3336720239000257,0.12424928484949399
glaum,1000,GB1 0AC,offwind-float,0.5136465799884342,0.38759536605544187,0.12605121393299235
glaum,1000,GB1 0AC,offwind-float,0.44789451598495783,0.31806571187076377,0.12982880411419406
glaum,1000,GB1 0AC,offwind-float,0.5204576976033011,0.3962470612991484,0.12421063630415269
glaum,1000,GB1 0AC,offwind-float,0.45382772866884824,0.3298456592947697,0.12398206937407852
glaum,1000,GB1 0AC,offwind-float,0.5049498410719909,0.3694722659252454,0.13547757514674552
glaum,1000,GB1 0AC,offwind-float,0.4402912206682768,0.3088670934609546,0.13142412720732222
glaum,1000,GB1 0AC,offwind-float,0.4866280969240824,0.3502089832042545,0.1364191137198279
glaum,1000,GB1 0AC,offwind-float,0.4243462677266532,0.28682085716308997,0.1375254105635632
glaum,1000,GB1 0AC,offwind-float,0.5135659010446304,0.38583035975428354,0.12773554129034687
glaum,1000,GB1 0AC,offwind-float,0.4478105914176841,0.3188310047637737,0.1289795866539104
glaum,1000,GB1 0AC,offwind-float,0.5259287127553359,0.4060193584047902,0.11990935435054573
glaum,1000,GB1 0AC,offwind-float,0.45860432957322206,0.3375166445968703,0.12108768497635175
glaum,1000,GB1 0AC,offwind-float,0.5261902881711521,0.4063709692249199,0.11981931894623221
glaum,1000,GB1 0AC,offwind-float,0.4588269542587431,0.3365727755486947,0.1222541787100484
glaum,1000,GB1 0AC,offwind-float,0.524547014938935,0.3935158698621285,0.13103114507680647
glaum,1000,GB1 0AC,offwind-float,0.4574001164074866,0.32635165448476305,0.13104846192272357
glaum,1000,GB1 0AC,offwind-float,0.522262310447444,0.3931515669649872,0.12911074348245677
glaum,1000,GB1 0AC,offwind-float,0.45541370331276637,0.32719572909255895,0.12821797422020742
glaum,1000,GB1 0AC,offwind-float,0.5206049385762436,0.3943791057665922,0.12622583280965138
glaum,1000,GB1 0AC,offwind-float,0.45395596896838936,0.32750644045597405,0.1264495285124153
glaum,1000,GB1 0AC,offwind-float,0.5242674757903513,0.3905231707657236,0.13374430502462764
glaum,1000,GB1 0AC,offwind-float,0.45713122670057726,0.32644624939159217,0.1306849773089851
glaum,1000,GB1 0AC,offwind-float,0.5146482408602236,0.3787177744270092,0.13593046643321444
glaum,1000,GB1 0AC,offwind-float,0.44874883338015414,0.31776480715294664,0.1309840262272075
glaum,1000,GB1 0AC,offwind-float,0.5287963920476123,0.3967041838121403,0.13209220823547202
glaum,1000,GB1 0AC,offwind-float,0.46109900371216783,0.33349100154653766,0.12760800216563017
glaum,1000,GB1 0AC,offwind-float,0.5214928737513417,0.39806232202920355,0.12343055172213813
glaum,1000,GB1 0AC,offwind-float,0.4547046277870872,0.33106492461968645,0.12363970316740075
glaum,1000,GB1 0AC,offwind-float,0.521228067294367,0.3931380665585188,0.1280900007358482
glaum,1000,GB1 0AC,offwind-float,0.45449890605361787,0.3271030089681071,0.12739589708551075
glaum,1000,GB1 0AC,offwind-float,0.5207781701952602,0.3988606536203732,0.12191751657488697
glaum,1000,GB1 0AC,offwind-float,0.45411324402282205,0.3241808203557643,0.12993242366705776
glaum,1000,GB1 0AC,offwind-float,0.5229632029631268,0.40146462189450693,0.12149858106861988
glaum,1000,GB1 0AC,offwind-float,0.4560062484068358,0.33314725580806265,0.12285899259877314
glaum,1000,GB1 0AC,offwind-float,0.525389767349993,0.3961860432949485,0.1292037240550445
glaum,1000,GB1 0AC,offwind-float,0.4581217333396661,0.3300557251319707,0.12806600820769543
glaum,1000,GB1 0AC,offwind-float,0.5195979888058999,0.39331952357418165,0.12627846523171826
glaum,1000,GB1 0AC,offwind-float,0.4530592164196607,0.328865349714458,0.12419386670520266
glaum,1000,GB1 0AC,offwind-float,0.5034334534099135,0.3664036080716373,0.13702984533827622
glaum,1000,GB1 0AC,offwind-float,0.4389947693214464,0.3025123522115242,0.13648241710992215
glaum,1000,GB1 0AC,offwind-float,0.5231668586367539,0.38817012079767566,0.13499673783907828
glaum,1000,GB1 0AC,offwind-float,0.45619009821954903,0.32428156245194995,0.1319085357675991
glaum,1000,GB1 0AC,offwind-float,0.5238155003415077,0.39427594851968245,0.12953955182182525
glaum,1000,GB1 0AC,offwind-float,0.45675566715014304,0.3293660778571757,0.12738958929296734
glaum,1000,GB1 0AC,offwind-float,0.5154439743541174,0.3784795905268111,0.13696438382730625
glaum,1000,GB1 0AC,offwind-float,0.4494546321409136,0.31824645442343397,0.1312081777174796
glaum,1000,GB1 0AC,offwind-float,0.5040168980815406,0.36536948471642205,0.13864741336511854
glaum,1000,GB1 0AC,offwind-float,0.43949106539112,0.30173466031849766,0.13775640507262232
glaum,1000,GB1 0AC,offwind-float,0.5206412303747329,0.3913930990766453,0.12924813129808754
glaum,1000,GB1 0AC,offwind-float,0.4539941621576236,0.3258589405986489,0.12813522155897472
glaum,1000,GB1 0AC,offwind-float,0.5258836495541004,0.39264836540647385,0.13323528414762653
glaum,1000,GB1 0AC,offwind-float,0.4585595010787038,0.3311012067756905,0.1274582943030133
glaum,1000,GB1 0AC,offwind-float,0.5198267563903453,0.39593936728885476,0.1238873891014905
glaum,1000,GB1 0AC,offwind-float,0.45326440181322036,0.3277801146350083,0.12548428717821208
glaum,1000,GB1 0AC,offwind-float,0.5222701766483451,0.3866662295085777,0.13560394713976737
glaum,1000,GB1 0AC,offwind-float,0.45541455105479206,0.3226031652377291,0.13281138581706298
glaum,1000,GB1 0AC,offwind-float,0.5168789682248988,0.3785462225158789,0.13833274570901988
glaum,1000,GB1 0AC,offwind-float,0.4507200811723594,0.3169203528485995,0.13379972832375991
glaum,1000,GB1 0AC,offwind-float,0.5183985879848475,0.39445849036094316,0.12394009762390434
glaum,1000,GB1 0AC,offwind-float,0.45205134811509673,0.32473066421888835,0.12732068389620838
glaum,1000,GB1 0AC,offwind-float,0.5199538322353388,0.3827964299743663,0.13715740226097245
glaum,1000,GB1 0AC,offwind-float,0.45340708093369236,0.31993397433981957,0.1334731065938728
glaum,1000,GB1 0AC,offwind-float,0.5222779431312733,0.3909132440494473,0.13136469908182602
glaum,1000,GB1 0AC,offwind-float,0.4554093592332578,0.3276904454788703,0.12771891375438754
glaum,1000,GB1 0AC,offwind-float,0.5097827022640946,0.36965293439297875,0.14012976787111586
glaum,1000,GB1 0AC,offwind-float,0.44451220047090567,0.30345690415562854,0.14105529631527713
glaum,1000,GB1 0AC,offwind-float,0.518835596081357,0.39201826138431106,0.12681733469704592
glaum,1000,GB1 0AC,offwind-float,0.4524054856681946,0.3271644261064297,0.1252410595617649
glaum,1000,GB1 0AC,offwind-float,0.5241728448422835,0.3894035311603503,0.13476931368193323
glaum,1000,GB1 0AC,offwind-float,0.45708016784658706,0.3259719596653158,0.13110820818127128
glaum,1000,GB1 0AC,offwind-float,0.5167501501544454,0.3884833808337941,0.12826676932065129
glaum,1000,GB1 0AC,offwind-float,0.4506076438289386,0.32464864907065155,0.12595899475828704
glaum,1000,GB1 0AC,offwind-float,0.5069660878550115,0.36575268439609737,0.14121340345891414
glaum,1000,GB1 0AC,offwind-float,0.44205699426887746,0.2997555346059913,0.14230145966288615
glaum,1000,GB1 0AC,offwind-float,0.5159663917855389,0.37506945123201885,0.1408969405535201
glaum,1000,GB1 0AC,offwind-float,0.4499241434789917,0.31524168740737496,0.13468245607161672
glaum,1000,GB1 0AC,offwind-float,0.5112671820996766,0.38791867552169806,0.12334850657797852
glaum,1000,GB1 0AC,offwind-float,0.4457940819830474,0.314052060161966,0.13174202182108136
glaum,1000,GB1 0AC,offwind-float,0.5170087890019612,0.39432965999634273,0.1226791290056185
glaum,1000,GB1 0AC,offwind-float,0.45083279575430973,0.3264334652863714,0.12439933046793833
glaum,1000,GB1 0AC,offwind-float,0.5155806953378962,0.39122741712826187,0.12435327820963432
glaum,1000,GB1 0AC,offwind-float,0.4495818319098352,0.3243087406389462,0.12527309127088898
glaum,1000,GB1 0AC,offwind-float,0.5209338764954747,0.38784703301178264,0.1330868434836921
glaum,1000,GB1 0AC,offwind-float,0.45422217297041073,0.324453601073664,0.12976857189674673
glaum,1000,GB1 0AC,offwind-float,0.5188170343964876,0.38025573768673443,0.1385612967097532
glaum,1000,GB1 0AC,offwind-float,0.4524031405343035,0.3183715114468194,0.13403162908748412
glaum,1000,GB1 0AC,offwind-float,0.519732186259969,0.3828754481760148,0.13685673808395415
glaum,1000,GB1 0AC,offwind-float,0.4531876053587509,0.3195352009888434,0.1336524043699075
glaum,1000,GB1 0AC,offwind-float,0.5168263565459651,0.3865737690964143,0.13025258744955082
glaum,1000,GB1 0AC,offwind-float,0.4506603828821843,0.32305127426852154,0.12760910861366276
glaum,1000,GB1 0AC,offwind-float,0.519680252108138,0.3818920812302533,0.13778817087788464
glaum,1000,GB1 0AC,offwind-float,0.4531427306962364,0.31892913202259293,0.13421359867364346
glaum,1000,GB1 0AC,offwind-float,0.5127771698986482,0.38556216018763917,0.12721500971100902
glaum,1000,GB1 0AC,offwind-float,0.44711716959891873,0.3238778868204948,0.12323928277842394
glaum,1000,GB1 0AC,offwind-float,0.5191560557599908,0.3772282065143012,0.14192784924568957
glaum,1000,GB1 0AC,offwind-float,0.4526989539648301,0.3184530132300889,0.13424594073474122
glaum,1000,GB1 0AC,offwind-float,0.5183030246869003,0.3781972138580831,0.14010581082881718
glaum,1000,GB1 0AC,offwind-float,0.45196111866112615,0.31673070124097064,0.1352304174201555
glaum,1000,GB1 0AC,offwind-float,0.5196304862148161,0.3839151128262075,0.13571537338860862
glaum,1000,GB1 0AC,offwind-float,0.4531066498183029,0.32247159066346065,0.13063505915484225
glaum,1000,GB1 0AC,offwind-float,0.5113440013640288,0.38204302147208796,0.12930097989194084
glaum,1000,GB1 0AC,offwind-float,0.4458739314984298,0.32099084935712846,0.12488308214130134
glaum,1000,GB1 0AC,offwind-float,0.513632960327667,0.39010260395146135,0.12353035637620569
glaum,1000,GB1 0AC,offwind-float,0.4478435368453092,0.3229059550621783,0.12493758178313091
glaum,1000,GB1 0AC,offwind-float,0.5163734900346049,0.38466025809037346,0.1317132319442314
glaum,1000,GB1 0AC,offwind-float,0.4502589310864306,0.32091696087959076,0.12934197020683985
glaum,1000,GB1 0AC,offwind-float,0.5201827104198865,0.3808373281381784,0.13934538228170812
glaum,1000,GB1 0AC,offwind-float,0.4535998721610356,0.3189025437508061,0.13469732841022947
glaum,1000,GB1 0AC,offwind-float,0.5188315389756992,0.3815220125398395,0.13730952643585975
glaum,1000,GB1 0AC,offwind-float,0.4524099756523723,0.320253030452659,0.13215694519971327
glaum,1000,GB1 0AC,offwind-float,0.5188205123547617,0.3775942967189061,0.14122621563585558
glaum,1000,GB1 0AC,offwind-float,0.4524122995311822,0.31605232751802026,0.13635997201316197
glaum,1000,GB1 0AC,offwind-float,0.5169366476815858,0.3828188175658458,0.13411783011573997
glaum,1000,GB1 0AC,offwind-float,0.4507566036131145,0.3190481819626573,0.1317084216504572
glaum,1000,GB1 0AC,offwind-float,0.5198696259081357,0.38056471769397215,0.13930490821416353
glaum,1000,GB1 0AC,offwind-float,0.4533276794093629,0.3200506823400798,0.13327699706928314
glaum,1000,GB1 0AC,offwind-float,0.5077481195957598,0.3802313207448834,0.1275167988508764
glaum,1000,GB1 0AC,offwind-float,0.4427432080416392,0.3172747227699998,0.1254684852716394
glaum,1000,GB1 0AC,offwind-float,0.5127833115905465,0.3809633775148503,0.13181993407569614
glaum,1000,GB1 0AC,offwind-float,0.44712176213899013,0.3174771835095827,0.12964457862940743
glaum,1000,GB1 0AC,offwind-float,0.510127154673106,0.38396379812042575,0.12616335655268024
glaum,1000,GB1 0AC,offwind-float,0.44482486750074424,0.3196281223733238,0.12519674512742046
glaum,1000,GB1 0AC,offwind-float,0.5156364112050761,0.3805331781524773,0.1351032330525988
glaum,1000,GB1 0AC,offwind-float,0.449591302396235,0.31796080779617925,0.13163049460005577
glaum,1000,GB1 0AC,offwind-float,0.5077717106168224,0.38350751968941804,0.12426419092740432
glaum,1000,GB1 0AC,offwind-float,0.44276419423936764,0.3190718968321315,0.12369229740723614
glaum,1000,GB1 0AC,offwind-float,0.5093219849744027,0.37943690763626436,0.12988507733813837
glaum,1000,GB1 0AC,offwind-float,0.44410926120010524,0.3165054770169125,0.12760378418319274
glaum,1000,GB1 0AC,offwind-float,0.5173537681758851,0.3796874564836718,0.13766631169221327
glaum,1000,GB1 0AC,offwind-float,0.4511329066655165,0.3180162150722851,0.13311669159323136
glaum,1000,GB1 0AC,offwind-float,0.5065053986329905,0.378938343271992,0.1275670553609985
glaum,1000,GB1 0AC,offwind-float,0.44165428475980223,0.3158787455376322,0.12577553922217005
glaum,1000,GB1 0AC,offwind-float,0.5128848185300546,0.3798051083863282,0.13307971014372644
glaum,1000,GB1 0AC,offwind-float,0.4472238523074355,0.3175840447849255,0.12963980752250998
glaum,1000,GB1 0AC,offwind-float,0.5181008249742796,0.3793421838161464,0.13875864115813313
glaum,1000,GB1 0AC,offwind-float,0.45177135070854335,0.320214864552576,0.13155648615596738
glaum,1000,GB1 0AC,offwind-float,0.5155294654459941,0.3799127899839408,0.1356166754620533
glaum,1000,GB1 0AC,offwind-float,0.44953631834666413,0.318626413490354,0.13090990485631016
glaum,1000,GB1 0AC,offwind-float,0.5052785639710121,0.3806932299451131,0.124585334025899
glaum,1000,GB1 0AC,offwind-float,0.4405840854420836,0.3167550554530663,0.12382902998901729
glaum,1000,GB1 0AC,offwind-float,0.5086966405293611,0.3790606058930814,0.12963603463627976
glaum,1000,GB1 0AC,offwind-float,0.4435516260502074,0.31661084167420145,0.12694078437600598
glaum,1000,GB1 0AC,offwind-float,0.5108848531331757,0.37815907949361405,0.13272577363956162
glaum,1000,GB1 0AC,offwind-float,0.4454603777680225,0.31840609392236713,0.12705428384565537
glaum,1000,GB1 0AC,offwind-float,0.5072270088838161,0.3782125904054365,0.12901441847837963
glaum,1000,GB1 0AC,offwind-float,0.44229706336999103,0.31648874768926655,0.12580831568072448
glaum,1000,GB1 0AC,offwind-float,0.5156106960095959,0.3784560838626989,0.13715461214689695
glaum,1000,GB1 0AC,offwind-float,0.44961968775671185,0.31773434145484697,0.13188534630186488
glaum,1000,GB1 0AC,offwind-float,0.5044524996045598,0.3775627599409581,0.12688973966360173
glaum,1000,GB1 0AC,offwind-float,0.43989010279309954,0.3196093058480924,0.12028079694500715
glaum,1000,GB1 0AC,offwind-float,0.5183179149051185,0.37882510068517,0.13949281421994847
glaum,1000,GB1 0AC,offwind-float,0.4519480625682442,0.3086348224386916,0.1433132401295526
glaum,1000,GB1 0AC,offwind-float,0.5134951363070155,0.3786962372826206,0.1347988990243949
glaum,1000,GB1 0AC,offwind-float,0.44775614967946664,0.32073509262818506,0.12702105705128158
glaum,1000,GB1 0AC,offwind-float,0.5106926001132912,0.3790699944701616,0.1316226056431296
glaum,1000,GB1 0AC,offwind-float,0.4452925667740982,0.31690844373001475,0.12838412304408342
glaum,1000,GB1 0AC,offwind-float,0.507948121874453,0.3789866488039371,0.12896147307051592
glaum,1000,GB1 0AC,offwind-float,0.4429242361666201,0.3170901713018505,0.12583406486476956
glaum,1000,GB1 0AC,offwind-float,0.5164107870490694,0.37871436026452565,0.13769642678454375
glaum,1000,GB1 0AC,offwind-float,0.4503045828230552,0.3171805672382057,0.1331240155848495
glaum,1000,GB1 0AC,offwind-float,0.5135046925354986,0.3796905814636051,0.13381411107189345
glaum,1000,GB1 0AC,offwind-float,0.4477647714699714,0.3135517763109019,0.13421299515906948
glaum,1000,GB1 0AC,offwind-float,0.51437932751322,0.3773448607847902,0.13703446672842984
glaum,1000,GB1 0AC,offwind-float,0.44854596887207415,0.3155596621751773,0.13298630669689687
glaum,1000,GB1 0AC,offwind-float,0.5138454130048277,0.3792885923870922,0.13455682061773544
glaum,1000,GB1 0AC,offwind-float,0.44806802784583893,0.3159838394107634,0.13208418843507552
glaum,1000,GB1 0AC,offwind-float,0.5160750477695142,0.37954502093566217,0.13653002683385201
glaum,1000,GB1 0AC,offwind-float,0.4500063310434736,0.31279601972212934,0.13721031132134426
glaum,1000,GB1 0AC,offwind-float,0.516981357296229,0.38137023455432545,0.1356111227419035
glaum,1000,GB1 0AC,offwind-float,0.4508152649038463,0.31023224867707244,0.14058301622677388
glaum,1000,GB1 0AC,offwind-float,0.5154094891802151,0.3804239555970677,0.1349855335831474
glaum,1000,GB1 0AC,offwind-float,0.4494252841536448,0.3199545487820985,0.1294707353715463
glaum,1000,GB4 0AC,offwind-float,0.534836075221247,0.3770468115020257,0.1577892637192213
glaum,1000,GB4 0AC,offwind-float,0.4663787009767399,0.31613504200312964,0.15024365897361025
glaum,1000,GB4 0AC,offwind-float,0.5359086863660517,0.37915141458136664,0.15675727178468507
glaum,1000,GB4 0AC,offwind-float,0.4672952427325641,0.32232497248770586,0.14497027024485826
glaum,1000,GB4 0AC,offwind-float,0.5383345820873593,0.3847624312024597,0.15357215088489962
glaum,1000,GB4 0AC,offwind-float,0.46942273236469806,0.327131105676518,0.14229162668818007
glaum,1000,GB4 0AC,offwind-float,0.5363289865961877,0.38046956322647235,0.1558594233697153
glaum,1000,GB4 0AC,offwind-float,0.4676611316477999,0.32356790298208027,0.1440932286657196
glaum,1000,GB4 0AC,offwind-float,0.5376630753606662,0.3838537218767019,0.15380935348396424
glaum,1000,GB4 0AC,offwind-float,0.4688309393416755,0.32551861709704577,0.14331232224462975
glaum,1000,GB4 0AC,offwind-float,0.5367389173532935,0.3815195210144974,0.1552193963387961
glaum,1000,GB4 0AC,offwind-float,0.4680441938955792,0.3228077114378583,0.14523648245772092
glaum,1000,GB4 0AC,offwind-float,0.5320173912103866,0.3737416891564736,0.158275702053913
glaum,1000,GB4 0AC,offwind-float,0.46392062018221364,0.3181196778103762,0.14580094237183744
glaum,1000,GB4 0AC,offwind-float,0.5360943705558192,0.3825745925177437,0.15351977803807554
glaum,1000,GB4 0AC,offwind-float,0.4674690349117648,0.31715663465379224,0.15031240025797254
glaum,1000,GB4 0AC,offwind-float,0.5357007629260917,0.3807602069365563,0.15494055598953538
glaum,1000,GB4 0AC,offwind-float,0.4671387171596489,0.32292290783358213,0.14421580932606676
glaum,1000,GB4 0AC,offwind-float,0.5280105704038232,0.3696410718770035,0.15836949852681964
glaum,1000,GB4 0AC,offwind-float,0.46041446353983173,0.3142835937206152,0.14613086981921652
glaum,1000,GB4 0AC,offwind-float,0.534470584380852,0.3844366351012076,0.15003394927964442
glaum,1000,GB4 0AC,offwind-float,0.4660465933826768,0.32236759827373496,0.14367899510894183
glaum,1000,GB4 0AC,offwind-float,0.534362686001551,0.3787497549881741,0.15561293101337692
glaum,1000,GB4 0AC,offwind-float,0.46595991016452487,0.32199632217726815,0.14396358798725672
glaum,1000,GB4 0AC,offwind-float,0.534783194787612,0.38151520844576153,0.15326798634185052
glaum,1000,GB4 0AC,offwind-float,0.46633266204866325,0.3239924421243115,0.14234021992435175
glaum,1000,GB4 0AC,offwind-float,0.5305816073467942,0.3788326833187147,0.15174892402807943
glaum,1000,GB4 0AC,offwind-float,0.4626616507769527,0.32151253538420665,0.14114911539274605
glaum,1000,GB4 0AC,offwind-float,0.530959070506356,0.38172590228630693,0.14923316822004912
glaum,1000,GB4 0AC,offwind-float,0.46299198690590276,0.31916000990632254,0.14383197699958022
glaum,1000,GB4 0AC,offwind-float,0.5305443768555413,0.37659441451121256,0.15394996234432878
glaum,1000,GB4 0AC,offwind-float,0.46263054045388313,0.32015321940389274,0.1424773210499904
glaum,1000,GB4 0AC,offwind-float,0.5306774591816242,0.3724252440283318,0.1582522151532924
glaum,1000,GB4 0AC,offwind-float,0.4627071835347851,0.31649972805384174,0.14620745548094338
glaum,1000,GB4 0AC,offwind-float,0.5257172190484782,0.38662558904360456,0.13909163000487368
glaum,1000,GB4 0AC,offwind-float,0.45842611446049175,0.31853258637042625,0.1398935280900655
glaum,1000,GB4 0AC,offwind-float,0.5317065653679334,0.3754071508389935,0.15629941452893986
glaum,1000,GB4 0AC,offwind-float,0.4636366181733973,0.31911383250965286,0.14452278566374444
glaum,1000,GB4 0AC,offwind-float,0.5278014285540307,0.37366600153113017,0.1541354270229005
glaum,1000,GB4 0AC,offwind-float,0.4602379870060263,0.3178067948059164,0.1424311922001099
glaum,1000,GB4 0AC,offwind-float,0.5250989918949346,0.3669632960738281,0.15813569582110648
glaum,1000,GB4 0AC,offwind-float,0.45788744190497815,0.3121179604153767,0.14576948148960145
glaum,1000,GB4 0AC,offwind-float,0.5215787275100122,0.37235322011096283,0.14922550739904938
glaum,1000,GB4 0AC,offwind-float,0.4547986189463837,0.3168676496687115,0.13793096927767218
glaum,1000,GB4 0AC,offwind-float,0.524052063042679,0.370835708415352,0.15321635462732702
glaum,1000,GB4 0AC,offwind-float,0.4569810556136341,0.3148532733410813,0.1421277822725528
glaum,1000,GB4 0AC,offwind-float,0.5297906727075619,0.37331583020916925,0.1564748424983926
glaum,1000,GB4 0AC,offwind-float,0.4619851719873604,0.31720664134830834,0.14477853063905205
glaum,1000,GB4 0AC,offwind-float,0.5213385911267939,0.363319314948608,0.15801927617818595
glaum,1000,GB4 0AC,offwind-float,0.45460899682134004,0.30897171542780244,0.1456372813935376
glaum,1000,GB4 0AC,offwind-float,0.5150213324755608,0.3668278263224753,0.14819350615308552
glaum,1000,GB4 0AC,offwind-float,0.449080983704287,0.3140841581393949,0.13499682556489212
glaum,1000,GB4 0AC,offwind-float,0.520133096763943,0.36871399825841333,0.1514190985055297
glaum,1000,GB4 0AC,offwind-float,0.45355077102118707,0.3135350098423787,0.14001576117880837
glaum,1000,GB4 0AC,offwind-float,0.5256391165653128,0.3681730383968581,0.1574660781684547
glaum,1000,GB4 0AC,offwind-float,0.4583332971769171,0.31150161183178177,0.14683168534513535
glaum,1000,GB4 0AC,offwind-float,0.5215087233858409,0.36504711581650123,0.15646160756933963
glaum,1000,GB4 0AC,offwind-float,0.45474374151770597,0.31036939199732105,0.14437434952038491
glaum,1000,GB4 0AC,offwind-float,0.5243337168780817,0.36946322111745195,0.15487049576062978
glaum,1000,GB4 0AC,offwind-float,0.4572197785447639,0.31303772574926875,0.14418205279549517
glaum,1000,GB4 0AC,offwind-float,0.5205002378012138,0.3666310300398351,0.1538692077613787
glaum,1000,GB4 0AC,offwind-float,0.4538527052294311,0.3115343808301176,0.14231832439931352
glaum,1000,GB4 0AC,offwind-float,0.5148958952190732,0.3576301181527698,0.1572657770663034
glaum,1000,GB4 0AC,offwind-float,0.44897735675255246,0.3046144734969756,0.14436288325557683
glaum,1000,GB4 0AC,offwind-float,0.5021325106399473,0.3557887760643937,0.14634373457555366
glaum,1000,GB4 0AC,offwind-float,0.4378413552358696,0.30241638460337983,0.13542497063248976
glaum,1000,GB4 0AC,offwind-float,0.5162220663822485,0.364814227107909,0.15140783927433954
glaum,1000,GB4 0AC,offwind-float,0.4501335858836467,0.31021410416895245,0.13991948171469426
glaum,1000,GB4 0AC,offwind-float,0.5095244679719891,0.361612448663958,0.14791201930803116
glaum,1000,GB4 0AC,offwind-float,0.444286414264905,0.30891520092433294,0.13537121334057206
glaum,1000,GB4 0AC,offwind-float,0.5173496678847312,0.3631669641410645,0.15418270374366677
glaum,1000,GB4 0AC,offwind-float,0.45112326383541973,0.3086949441624064,0.14242831967301334
glaum,1000,GB4 0AC,offwind-float,0.5186439319939407,0.3611894084175551,0.15745452357638556
glaum,1000,GB4 0AC,offwind-float,0.4522582618691229,0.30759556315029857,0.1446626987188243
glaum,1000,GB4 0AC,offwind-float,0.5134926133871924,0.3621174176631419,0.1513751957240505
glaum,1000,GB4 0AC,offwind-float,0.44772872922245105,0.30766886831710966,0.1400598609053414
glaum,1000,GB4 0AC,offwind-float,0.5173398349448368,0.3614090143007505,0.1559308206440863
glaum,1000,GB4 0AC,offwind-float,0.4511084509162113,0.3074792812758274,0.1436291696403839
glaum,1000,GB4 0AC,offwind-float,0.5060488377994002,0.35864644859041844,0.1474023892089818
glaum,1000,GB4 0AC,offwind-float,0.4412566722971712,0.3068132185875151,0.1344434537096561
glaum,1000,GB4 0AC,offwind-float,0.5139159754982092,0.3600757946586099,0.15384018083959933
glaum,1000,GB4 0AC,offwind-float,0.4481361660468283,0.30646792305307224,0.14166824299375608
glaum,1000,GB4 0AC,offwind-float,0.5119659814754302,0.35504505446751633,0.15692092700791382
glaum,1000,GB4 0AC,offwind-float,0.4464283776080986,0.3007407496069597,0.14568762800113894
glaum,1000,GB4 0AC,offwind-float,0.5114445064306384,0.36001170258470433,0.1514328038459341
glaum,1000,GB4 0AC,offwind-float,0.4459613647108542,0.3061530881110302,0.13980827659982398
glaum,1000,GB4 0AC,offwind-float,0.5144621489666121,0.35897358825317904,0.1554885607134331
glaum,1000,GB4 0AC,offwind-float,0.4485987629574689,0.3048948110255485,0.14370395193192043
glaum,1000,GB4 0AC,offwind-float,0.5061328193566461,0.35643719456530254,0.14969562479134357
glaum,1000,GB4 0AC,offwind-float,0.44132944896958987,0.30315011630570843,0.13817933266388144
glaum,1000,GB4 0AC,offwind-float,0.511815297724057,0.3568453451175553,0.1549699526065017
glaum,1000,GB4 0AC,offwind-float,0.44628522223106226,0.30381600993812463,0.14246921229293763
glaum,1000,GB4 0AC,offwind-float,0.5107549477435057,0.35786374715446356,0.15289120058904215
glaum,1000,GB4 0AC,offwind-float,0.445373575400983,0.3076609834159738,0.13771259198500918
glaum,1000,GB4 0AC,offwind-float,0.507542357235498,0.35658909865749194,0.15095325857800607
glaum,1000,GB4 0AC,offwind-float,0.44254026953552955,0.30637347890743,0.13616679062809955
glaum,1000,GB4 0AC,offwind-float,0.5003280637522769,0.3536202302659171,0.1467078334863598
glaum,1000,GB4 0AC,offwind-float,0.43625423065966606,0.3016654245057414,0.13458880615392466
glaum,1000,NO0 0AC,offwind-float,0.5082915475682799,0.4078379690781929,0.10045357849008696
glaum,1000,NO0 0AC,offwind-float,0.4432378131086998,0.33843422401983714,0.10480358908886267
glaum,1000,NO0 0AC,offwind-float,0.5088211967412216,0.40849307931514345,0.10032811742607817
glaum,1000,NO0 0AC,offwind-float,0.44366748059149747,0.3397826235646516,0.10388485702684586
glaum,1000,NO0 0AC,offwind-float,0.5058256199762744,0.4052582971350401,0.10056732284123432
glaum,1000,NO0 0AC,offwind-float,0.44108082097719264,0.33475006355037784,0.1063307574268148
glaum,1000,NO0 0AC,offwind-float,0.5063007068835136,0.40663187022142927,0.09966883666208431
glaum,1000,NO0 0AC,offwind-float,0.44148820121273835,0.33912445285053056,0.1023637483622078
glaum,1000,NO0 0AC,offwind-float,0.5064713342715145,0.40600780510012363,0.10046352917139084
glaum,1000,NO0 0AC,offwind-float,0.4416505636427455,0.3313750274744312,0.11027553616831431
glaum,1000,NO0 0AC,offwind-float,0.5038803560871223,0.4036180241592308,0.10026233192789152
glaum,1000,NO0 0AC,offwind-float,0.4393595955780076,0.33428323546527317,0.10507636011273441
glaum,1000,NO0 0AC,offwind-float,0.5049811702915684,0.40422234358863085,0.10075882670293757
glaum,1000,NO0 0AC,offwind-float,0.4403313196855557,0.33428206198211075,0.10604925770344498
glaum,1000,NO0 0AC,offwind-float,0.5051011067421046,0.40412752951744274,0.10097357722466188
glaum,1000,NO0 0AC,offwind-float,0.4404163080435019,0.3332719555669922,0.10714435247650972
glaum,1000,NO0 0AC,offwind-float,0.5040992820558925,0.4025976682716848,0.10150161378420769
glaum,1000,NO0 0AC,offwind-float,0.4395880838134973,0.32819974801806023,0.11138833579543705
glaum,1000,NO0 0AC,offwind-float,0.5050586463349598,0.4049423303479197,0.10011631598704007
glaum,1000,NO0 0AC,offwind-float,0.440404858177061,0.3357312253908342,0.10467363278622677
glaum,1000,NO0 0AC,offwind-float,0.5032191534592357,0.40284032804510134,0.1003788254141344
glaum,1000,NO0 0AC,offwind-float,0.43880077311272736,0.3340462096997841,0.10475456341294326
glaum,1000,NO0 0AC,offwind-float,0.502023861815917,0.4020137022407541,0.10001015957516285
glaum,1000,NO0 0AC,offwind-float,0.43777200819106615,0.3384078141162578,0.09936419407480834
glaum,1000,NO0 0AC,offwind-float,0.503203897385593,0.4024619390473158,0.1007419583382772
glaum,1000,NO0 0AC,offwind-float,0.43879383839264874,0.33324466082280535,0.10554917756984339
glaum,1000,NO0 0AC,offwind-float,0.4994863514053655,0.3993135091944165,0.10017284221094902
glaum,1000,NO0 0AC,offwind-float,0.4355336951503091,0.33134203850498944,0.10419165664531965
glaum,1000,NO0 0AC,offwind-float,0.496989070058251,0.39710309727212867,0.09988597278612232
glaum,1000,NO0 0AC,offwind-float,0.4333625288365134,0.33413636978042777,0.09922615905608562
glaum,1000,NO0 0AC,offwind-float,0.4977158971200319,0.397455792708621,0.10026010441141087
glaum,1000,NO0 0AC,offwind-float,0.4339698904177596,0.3297982413346398,0.10417164908311977
glaum,1000,NO0 0AC,offwind-float,0.5083109415152731,0.40806009216910144,0.10025084934617168
glaum,1000,NO0 0AC,offwind-float,0.44324198250972363,0.3368048324404367,0.10643715006928695
glaum,1000,NO0 0AC,offwind-float,0.5079811273240716,0.4075024044074346,0.10047872291663701
glaum,1000,NO0 0AC,offwind-float,0.44293502506037363,0.3383171912665662,0.10461783379380746
glaum,1000,NO0 0AC,offwind-float,0.5057841478329781,0.40563262152457824,0.10015152630839985
glaum,1000,NO0 0AC,offwind-float,0.4410253535050241,0.33666441640469685,0.10436093710032723
glaum,1000,NO0 0AC,offwind-float,0.5030670878844714,0.4024539347466325,0.10061315313783892
glaum,1000,NO0 0AC,offwind-float,0.43867523862877317,0.3331584402144539,0.10551679841431927
glaum,1000,NO0 0AC,offwind-float,0.5114141883768196,0.4121145593024538,0.09929962907436585
glaum,1000,NO0 0AC,offwind-float,0.4459477412013688,0.3398986023192819,0.10604913888208695
glaum,1000,NO0 0AC,offwind-float,0.49270518381275985,0.3928340108418359,0.09987117297092396
glaum,1000,NO0 0AC,offwind-float,0.4296145687527689,0.32696833113843904,0.10264623761432984
glaum,1000,NO0 0AC,offwind-float,0.49545169457094307,0.3952458107928143,0.10020588377812878
glaum,1000,NO0 0AC,offwind-float,0.43202143440481877,0.32828001388228867,0.1037414205225301
glaum,1000,NO0 0AC,offwind-float,0.5029015691997905,0.4021308785504307,0.10077069064935973
glaum,1000,NO0 0AC,offwind-float,0.43851122793859443,0.33337272934616813,0.1051384985924263
glaum,1000,NO0 0AC,offwind-float,0.5022542029647846,0.40177314257375224,0.10048106039103238
glaum,1000,NO0 0AC,offwind-float,0.437953388621374,0.33284917871076364,0.10510420991061037
glaum,1000,NO0 0AC,offwind-float,0.5065797035604651,0.40576393284692885,0.10081577071353626
glaum,1000,NO0 0AC,offwind-float,0.4417445164505545,0.3378766772686847,0.10386783918186981
glaum,1000,NO0 0AC,offwind-float,0.4871474205854755,0.38713251131182097,0.10001490927365453
glaum,1000,NO0 0AC,offwind-float,0.424761099146132,0.3268600497444511,0.09790104940168093
glaum,1000,NO0 0AC,offwind-float,0.5122456407596179,0.4126448619149167,0.09960077884470114
glaum,1000,NO0 0AC,offwind-float,0.44667280834486445,0.3390197419066254,0.10765306643823902
glaum,1000,NO0 0AC,offwind-float,0.5095926508845531,0.40942644114876864,0.10016620973578444
glaum,1000,NO0 0AC,offwind-float,0.4443468449310185,0.3383518998554959,0.1059949450755226
glaum,1000,NO0 0AC,offwind-float,0.5038648136100644,0.4031815783587998,0.1006832352512646
glaum,1000,NO0 0AC,offwind-float,0.43933967899653786,0.3341578727087497,0.10518180628778817
glaum,1000,NO0 0AC,offwind-float,0.5061657394135723,0.4057902511478567,0.10037548826571563
glaum,1000,NO0 0AC,offwind-float,0.4413704596761868,0.33568117798521147,0.10568928169097536
glaum,1000,NO0 0AC,offwind-float,0.5002191226645335,0.40006807423228397,0.10015104843224953
glaum,1000,NO0 0AC,offwind-float,0.4361855297855395,0.33187513833943494,0.10431039144610454
glaum,1000,NO0 0AC,offwind-float,0.49506219693088127,0.39477739262464095,0.10028480430624032
glaum,1000,NO0 0AC,offwind-float,0.4316631514242193,0.3280567013405167,0.10360645008370262
glaum,1000,NO0 0AC,offwind-float,0.5135650760209753,0.4140455357296809,0.09951954029129445
glaum,1000,NO0 0AC,offwind-float,0.44782339064104965,0.33753653822490326,0.11028685241614639
glaum,1000,NO0 0AC,offwind-float,0.5107296093556749,0.410341982873425,0.10038762648224991
glaum,1000,NO0 0AC,offwind-float,0.44531999466403216,0.340166137017883,0.10515385764614915
glaum,1000,NO0 0AC,offwind-float,0.49101417762862765,0.39122596964238493,0.09978820798624272
glaum,1000,NO0 0AC,offwind-float,0.4281708960435814,0.3252251927766271,0.10294570326695429
glaum,1000,NO0 0AC,offwind-float,0.5145072782820058,0.4154319234419688,0.09907535484003704
glaum,1000,NO0 0AC,offwind-float,0.44865053930906956,0.34512398810339956,0.10352655120567
glaum,1000,NO0 0AC,offwind-float,0.5025239214994144,0.4021792766905324,0.100344644808882
glaum,1000,NO0 0AC,offwind-float,0.4381882980127979,0.33203404568733846,0.10615425232545944
glaum,1000,NO0 0AC,offwind-float,0.5134753816414591,0.4139781089593786,0.09949727268208053
glaum,1000,NO0 0AC,offwind-float,0.44773825604122014,0.3411203253244023,0.10661793071681785
glaum,1000,NO0 0AC,offwind-float,0.5118028878467891,0.4113872266980787,0.10041566114871037
glaum,1000,NO0 0AC,offwind-float,0.44629268440605474,0.34114640056536194,0.1051462838406928
glaum,1000,NO0 0AC,offwind-float,0.5075549551321387,0.4070627431225452,0.10049221200959346
glaum,1000,NO0 0AC,offwind-float,0.4425769742976907,0.3381081473035367,0.104468826994154
glaum,1000,NO0 0AC,offwind-float,0.48092704014033116,0.3805830040290931,0.10034403611123804
glaum,1000,NO0 0AC,offwind-float,0.41933729445571355,0.3167487939163461,0.10258850053936747
glaum,1000,NO0 0AC,offwind-float,0.5150515531406986,0.41478516556966266,0.10026638757103595
glaum,1000,NO0 0AC,offwind-float,0.4491066304251219,0.34378730747313707,0.10531932295198482
glaum,1000,NO0 0AC,offwind-float,0.5175183548302384,0.4176438210287547,0.09987453380148376
glaum,1000,NO0 0AC,offwind-float,0.45127762491365386,0.3373229812131151,0.11395464370053876
glaum,1000,NO0 0AC,offwind-float,0.5146346302536947,0.4147365098431555,0.09989812041053919
glaum,1000,NO0 0AC,offwind-float,0.44873664775312344,0.3439875711251186,0.10474907662800487
glaum,1000,NO0 0AC,offwind-float,0.5075755919124011,0.40740589937558175,0.10016969253681934
glaum,1000,NO0 0AC,offwind-float,0.44259371120120916,0.33762118153290493,0.10497252966830423
glaum,1000,NO0 0AC,offwind-float,0.4964555370600042,0.3961732415133684,0.10028229554663581
glaum,1000,NO0 0AC,offwind-float,0.4328899063942217,0.32378864546320835,0.10910126093101336
glaum,1000,NO0 0AC,offwind-float,0.5193395897028004,0.4192070882638917,0.10013250143890867
glaum,1000,NO0 0AC,offwind-float,0.45286598934793953,0.3473538808850942,0.10551210846284531
glaum,1000,NO0 0AC,offwind-float,0.49957724156457695,0.3991850628239291,0.10039217874064782
glaum,1000,NO0 0AC,offwind-float,0.43560005239306815,0.32944997899052425,0.1061500734025439
glaum,1000,NO0 0AC,offwind-float,0.4743972079581139,0.37379878790386134,0.10059842005425257
glaum,1000,NO0 0AC,offwind-float,0.4136098933084303,0.3108352051136707,0.1027746881947596
glaum,1000,NO0 0AC,offwind-float,0.48509756116057934,0.38484979704329075,0.10024776411728858
glaum,1000,NO0 0AC,offwind-float,0.4229988913694023,0.31986545446463616,0.10313343690476612
glaum,1000,NO0 0AC,offwind-float,0.5220294273185156,0.42236707227779446,0.09966235504072118
glaum,1000,NO0 0AC,offwind-float,0.45516082540530123,0.3478193902783076,0.10734143512699362
glaum,1000,NO0 0AC,offwind-float,0.5162057556154086,0.41651969475372924,0.09968606086167936
glaum,1000,NO0 0AC,offwind-float,0.4501327765243373,0.34578766795984556,0.10434510856449175
glaum,1000,NO0 0AC,offwind-float,0.5251444796986272,0.42544789250420284,0.09969658719442437
glaum,1000,NO0 0AC,offwind-float,0.4579333100434863,0.3507208694179938,0.10721244062549251
glaum,1000,NO0 0AC,offwind-float,0.4948422863558379,0.3948729266663937,0.0999693596894442
glaum,1000,NO0 0AC,offwind-float,0.43148321111583016,0.326044645244229,0.10543856587160116
glaum,1000,NO0 0AC,offwind-float,0.5108203435409189,0.410560617956295,0.10025972558462387
glaum,1000,NO0 0AC,offwind-float,0.44540449925563225,0.34044423302800475,0.1049602662276275
glaum,1000,NO0 0AC,offwind-float,0.5286360590607673,0.429381282788383,0.09925477627238427
glaum,1000,NO0 0AC,offwind-float,0.4609590272285822,0.3543489411912503,0.10661008603733185
glaum,1000,NO0 0AC,offwind-float,0.5232741081285085,0.41774463357517483,0.10552947455333367
glaum,1000,NO0 0AC,offwind-float,0.4563090460341573,0.34347195503645134,0.11283709099770595
glaum,1000,NO0 0AC,offwind-float,0.5195605379606347,0.41946577649868466,0.10009476146195007
glaum,1000,NO0 0AC,offwind-float,0.4530453977270383,0.3399314202143622,0.1131139775126761
glaum,1000,NO0 0AC,offwind-float,0.4719495059201873,0.37157395606336446,0.10037554985682284
glaum,1000,NO0 0AC,offwind-float,0.4115075683479793,0.30822551979354024,0.10328204855443907
glaum,1000,NO0 0AC,offwind-float,0.5311116420414861,0.43231084829159233,0.09880079374989376
glaum,1000,NO0 0AC,offwind-float,0.4630927687106039,0.35234696185739806,0.11074580685320584
glaum,1000,NO0 0AC,offwind-float,0.5030300720431745,0.40308986628177795,0.09994020576139656
glaum,1000,NO0 0AC,offwind-float,0.4386167505368417,0.32637827263102154,0.11223847790582014
glaum,1000,NO0 0AC,offwind-float,0.5410579823216431,0.4428440635482762,0.09821391877336694
glaum,1000,NO0 0AC,offwind-float,0.47181706093839904,0.3603228483345905,0.11149421260380854
glaum,1000,NO0 0AC,offwind-float,0.5372485979511593,0.43878898753245327,0.09845961041870605
glaum,1000,NO0 0AC,offwind-float,0.46845643344056015,0.35935739394059757,0.10909903949996258
glaum,1000,NO0 0AC,offwind-float,0.5699950633263314,0.47567504702014657,0.09432001630618486
glaum,1000,NO0 0AC,offwind-float,0.4970258585575443,0.38410238915724687,0.1129234694002974
new_more,1000,DE2 0AC,offwind-ac,0.5206130655387053,0.5200631443087406,0.0005499212299647782
new_more,1000,DE2 0AC,offwind-ac,0.4848434678297413,0.4843292999146108,0.0005141679151304812
new_more,1000,DE2 0AC,offwind-ac,0.5072413749049804,0.5066864181316346,0.0005549567733458272
new_more,1000,DE2 0AC,offwind-ac,0.38529150855749716,0.34747857654959075,0.03781293200790642
new_more,1000,DE2 0AC,offwind-ac,0.46606564254623256,0.46553942106087326,0.0005262214853593017
new_more,1000,DK2 0AC,offwind-ac,0.45810346236252286,0.41284613695706573,0.04525732540545713
new_more,1000,DK2 0AC,offwind-ac,0.4534659313536044,0.3970566924040579,0.056409238949546525
new_more,1000,GB1 0AC,offwind-ac,0.32204634926024384,0.2678119789572465,0.054234370302997326
new_more,1000,GB1 0AC,offwind-ac,0.418873848633487,0.3699515937648633,0.04892225486862367
new_more,1000,GB1 0AC,offwind-ac,0.5148923326975122,0.49032616264836043,0.024566170049151792
new_more,1000,GB1 0AC,offwind-ac,0.5096786919174212,0.4800430716594024,0.029635620258018802
new_more,1000,NL2 0AC,offwind-ac,0.3848447969549701,0.32733403257974675,0.057510764375223344
new_more,1000,NL2 0AC,offwind-ac,0.4850421601108099,0.47909831019404403,0.0059438499167658865
new_more,1000,NL2 0AC,offwind-ac,0.49529906501569004,0.4900579985459489,0.005241066469741151
new_more,1000,DE2 0AC,offwind-float,0.5005064274309784,0.4039882493912683,0.09651817803971008
new_more,1000,GB1 0AC,offwind-float,0.5118230582105792,0.3834089160506703,0.12841414215990887
new_more,1000,GB1 0AC,offwind-float,0.50648355724032,0.37862126945304364,0.12786228778727637
new_more,1000,NL2 0AC,offwind-float,0.508050487888081,0.4052004952947395,0.10284999259334154
new_more,1000,NO0 0AC,offwind-float,0.10909907146503031,0.06416487509536045,0.04493419636966986
new_more,1000,NO0 0AC,offwind-float,0.09858469887372663,0.05776797684746052,0.040816722026266114
new_more,1000,NO0 0AC,offwind-float,0.10909907146503031,0.06498286397990632,0.04411620748512399
new_more,1000,GB1 0AC,offwind-dc,0.5107596570179758,0.47986986568227924,0.030889791335696526
new_more,1000,GB1 0AC,offwind-dc,0.5117341240866209,0.48123723215099173,0.030496891935629156
new_more,1000,GB1 0AC,offwind-dc,0.5124971430345473,0.4813444925036809,0.03115265053086641
new_more,1000,GB1 0AC,offwind-dc,0.5093195899784153,0.47852639948016606,0.030793190498249245
new_more,1000,GB1 0AC,offwind-dc,0.5078290802377063,0.47685676602421134,0.030972314213495
new_more,1000,GB1 0AC,offwind-dc,0.5078326782548855,0.4777154909123331,0.03011718734255242
new_more,1000,GB1 0AC,offwind-dc,0.5078731390216057,0.48191812988967536,0.02595500913193033
new_more,1000,NL2 0AC,offwind-dc,0.5065463777218209,0.500428618833322,0.006117758888498859
new_more,1000,BE2 0AC,offwind-ac,0.5023064731222758,0.5018160785397023,0.0004903945825734946
new_more,1000,BE2 0AC,offwind-ac,0.478425823881084,0.47751069364926774,0.0009151302318162746
new_more,1000,DE2 0AC,offwind-ac,0.4567153548755456,0.45629762832683346,0.00041772654871213843
new_more,1000,DE2 0AC,offwind-ac,0.4350013900453506,0.4269353447522133,0.008066045293137314
new_more,1000,DE2 0AC,offwind-ac,0.49167212615099853,0.4912699461553513,0.00040217999564723383
new_more,1000,DE2 0AC,offwind-ac,0.4682903023650481,0.4680294204596613,0.00026088190538681166
new_more,1000,DE2 0AC,offwind-ac,0.46020479622510946,0.45978581351876885,0.0004189827063406093
new_more,1000,DE2 0AC,offwind-ac,0.43832516257828763,0.4333025893762055,0.0050225732020821034
new_more,1000,DK2 0AC,offwind-ac,0.5233530098462463,0.5131888082174462,0.010164201628800162
new_more,1000,DK2 0AC,offwind-ac,0.4984718268244637,0.4952935634993662,0.003178263325097519
new_more,1000,DK2 0AC,offwind-ac,0.5029608414184756,0.4927177484460682,0.010243092972407442
new_more,1000,DK2 0AC,offwind-ac,0.47902891182185897,0.4661084286396803,0.0129204831821787
new_more,1000,DK2 0AC,offwind-ac,0.49681322404867645,0.4764006113976321,0.020412612651044326
new_more,1000,DK2 0AC,offwind-ac,0.4732002337574498,0.4429666026103347,0.03023363114711508
new_more,1000,DK2 0AC,offwind-ac,0.41980168290919456,0.36135161497862195,0.05845006793057261
new_more,1000,DK2 0AC,offwind-ac,0.3998355650870393,0.34332303747675824,0.05651252761028108
new_more,1000,DK2 0AC,offwind-ac,0.4947071494975076,0.48321852422974326,0.01148862526776434
new_more,1000,DK2 0AC,offwind-ac,0.4711875668127545,0.46534999362018264,0.005837573192571832
new_more,1000,DK2 0AC,offwind-ac,0.4981605738716325,0.4878931152766478,0.01026745859498468
new_more,1000,DK2 0AC,offwind-ac,0.4744835455138885,0.4692191098305517,0.005264435683336788
new_more,1000,DK2 0AC,offwind-ac,0.4518276450094575,0.41361687555676707,0.03821076945269042
new_more,1000,DK2 0AC,offwind-ac,0.43034603957483586,0.38842002006700393,0.041926019507831924
new_more,1000,DK2 0AC,offwind-ac,0.5038149127914584,0.4934196601482533,0.010395252643205122
new_more,1000,DK2 0AC,offwind-ac,0.47984915363242003,0.4775199439417978,0.002329209690622225
new_more,1000,GB1 0AC,offwind-ac,0.3964343523542172,0.3465123313454438,0.04992202100877341
new_more,1000,GB1 0AC,offwind-ac,0.3775725203215752,0.32722677019275914,0.050345750128816036
new_more,1000,GB1 0AC,offwind-ac,0.44300280625358723,0.4185889726554227,0.024413833598164514
new_more,1000,GB1 0AC,offwind-ac,0.4219473663886709,0.4108134592567858,0.011133907131885112
new_more,1000,GB1 0AC,offwind-ac,0.4543120008801237,0.4304894103058914,0.023822590574232305
new_more,1000,GB1 0AC,offwind-ac,0.43270580004188297,0.3991909023138475,0.03351489772803545
new_more,1000,GB1 0AC,offwind-ac,0.4522066491199369,0.4289959876596923,0.023210661460244586
new_more,1000,GB1 0AC,offwind-ac,0.43070700774160114,0.4242808713383768,0.0064261364032243695
new_more,1000,GB1 0AC,offwind-ac,0.4142087812654078,0.36034172177756363,0.05386705948784415
new_more,1000,GB1 0AC,offwind-ac,0.394508413381966,0.3377860716748221,0.05672234170714391
new_more,1000,GB1 0AC,offwind-ac,0.3726380630303033,0.3143090964001315,0.058328966630171786
new_more,1000,GB1 0AC,offwind-ac,0.3549201687273482,0.2956871049165862,0.05923306381076204
new_more,1000,GB1 0AC,offwind-ac,0.475548372245787,0.4522159452270918,0.0233324270186952
new_more,1000,GB1 0AC,offwind-ac,0.45294607715118584,0.44644581371747294,0.006500263433712905
new_more,1000,GB1 0AC,offwind-ac,0.4526072230187194,0.4298275488097033,0.02277967420901611
new_more,1000,GB1 0AC,offwind-ac,0.4310750503587877,0.4134136182970053,0.01766143206178239
new_more,1000,GB1 0AC,offwind-ac,0.4874025826818992,0.4641787317578869,0.0232238509240123
new_more,1000,GB1 0AC,offwind-ac,0.4642368699035717,0.45774545777409326,0.006491412129478458
new_more,1000,GB1 0AC,offwind-ac,0.4939838147172698,0.4701828438262678,0.023800970891002027
new_more,1000,GB1 0AC,offwind-ac,0.47050530316340033,0.4508928760475983,0.019612427115802022
new_more,1000,GB1 0AC,offwind-ac,0.4693036995859034,0.4460852775730053,0.023218422012898088
new_more,1000,GB1 0AC,offwind-ac,0.44699137001562855,0.4347288136987049,0.012262556316923634
new_more,1000,GB1 0AC,offwind-ac,0.47020210627790376,0.4455776235458216,0.024624482732082176
new_more,1000,GB1 0AC,offwind-ac,0.4478471645468046,0.4341046244278762,0.013742540118928448
new_more,1000,GB1 0AC,offwind-ac,0.5047418555790939,0.4805381828789061,0.024203672700187806
new_more,1000,GB1 0AC,offwind-ac,0.48073869360986865,0.4520900457926506,0.028648647817218043
new_more,1000,GB1 0AC,offwind-ac,0.49004217600771555,0.4658304606605749,0.024211715347140672
new_more,1000,GB1 0AC,offwind-ac,0.46675100623960153,0.4532868692385902,0.013464137001011345
new_more,1000,GB1 0AC,offwind-ac,0.5045779751299744,0.4818018151298646,0.02277616000010979
new_more,1000,GB1 0AC,offwind-ac,0.4805758440198723,0.46938708888908404,0.011188755130788264
new_more,1000,GB1 0AC,offwind-ac,0.5153589313218911,0.49078135942787476,0.02457757189401638
new_more,1000,GB1 0AC,offwind-ac,0.4908442305240293,0.4597666062259882,0.031077624298041118
new_more,1000,GB4 0AC,offwind-ac,0.5308267092593336,0.452501643569987,0.0783250656893466
new_more,1000,GB4 0AC,offwind-ac,0.5055837831741913,0.43444125335611,0.07114252981808128
new_more,1000,NL2 0AC,offwind-ac,0.4997587972737362,0.49671866365556605,0.0030401336181701266
new_more,1000,NL2 0AC,offwind-ac,0.4759990605791845,0.4751055477949031,0.0008935127842814028
new_more,1000,NL2 0AC,offwind-ac,0.5060296224041201,0.5020433851858016,0.003986237218318478
new_more,1000,NL2 0AC,offwind-ac,0.48197185824894734,0.4808374143230531,0.0011344439258942352
new_more,1000,NL2 0AC,offwind-ac,0.5078117508932795,0.5044376338094521,0.0033741170838273993
new_more,1000,NL2 0AC,offwind-ac,0.4836559867688063,0.4826949748070911,0.0009610119617151636
new_more,1000,NL2 0AC,offwind-ac,0.5086176435361187,0.5051394889543248,0.003478154581793902
new_more,1000,NL2 0AC,offwind-ac,0.48443686913359857,0.48344910256674667,0.0009877665668518998
new_more,1000,NL2 0AC,offwind-ac,0.509047022155347,0.5045652243921149,0.004481797763232098
new_more,1000,NL2 0AC,offwind-ac,0.4848459675208521,0.48314063780918404,0.0017053297116680355
new_more,1000,NL2 0AC,offwind-ac,0.504510477083846,0.5014478005520345,0.00306267653181147
new_more,1000,NL2 0AC,offwind-ac,0.48051836488522703,0.4797225798860203,0.000795784999206739
new_more,1000,NL2 0AC,offwind-ac,0.40221663860715084,0.3551801545116498,0.04703648409550104
new_more,1000,NL2 0AC,offwind-ac,0.3830997207743238,0.3268655883957868,0.05623413237853703
new_more,1000,NL2 0AC,offwind-ac,0.5070358494779902,0.5037653796828162,0.0032704697951739803
new_more,1000,NL2 0AC,offwind-ac,0.4829302454697968,0.4787262118483995,0.004204033621397318
new_more,1000,NL2 0AC,offwind-ac,0.5101000688896179,0.5069853014284954,0.003114767461122492
new_more,1000,NL2 0AC,offwind-ac,0.4858423586393568,0.48421109952809394,0.0016312591112628838
new_more,1000,NO0 0AC,offwind-ac,0.27937246321377995,0.22752720148313005,0.051845261730649905
new_more,1000,NO0 0AC,offwind-ac,0.2660806948161114,0.22013964864059815,0.045941046175513256
new_more,1000,NO0 0AC,offwind-ac,0.3864875724732707,0.3409045142851181,0.045583058188152614
new_more,1000,NO0 0AC,offwind-ac,0.3681047089131508,0.3166341060234102,0.05147060288974059
new_more,1000,NO0 0AC,offwind-ac,0.25769813202276626,0.20645267249496235,0.051245459527803905
new_more,1000,NO0 0AC,offwind-ac,0.24542342761154862,0.19939957896806368,0.04602384864348494
new_more,1000,NO0 0AC,offwind-ac,0.3168738467036485,0.2664587755016789,0.050415071201969586
new_more,1000,NO0 0AC,offwind-ac,0.30177993902225214,0.25634647854174947,0.045433460480502674
new_more,1000,NO0 0AC,offwind-ac,0.2305572195800193,0.17490997286637633,0.05564724671364296
new_more,1000,NO0 0AC,offwind-ac,0.21957925257553104,0.1705981419705764,0.048981110604954636
new_more,1000,NO0 0AC,offwind-ac,0.36479091186768964,0.32532324891145015,0.03946766295623949
new_more,1000,NO0 0AC,offwind-ac,0.34744596495089236,0.3091743843837219,0.03827158056717045
new_more,1000,NO0 0AC,offwind-ac,0.34161205755463053,0.29641424474702155,0.045197812807608984
new_more,1000,NO0 0AC,offwind-ac,0.32535545562281115,0.2841074944375909,0.04124796118522023
new_more,1000,DK2 0AC,offwind-float,0.5456744795864293,0.4411132627413593,0.10456121684507003
new_more,1000,DK2 0AC,offwind-float,0.5197391671492103,0.4250077176688345,0.09473144948037582
new_more,1000,DK2 0AC,offwind-float,0.5486187817823817,0.44485774598753314,0.10376103579484852
new_more,1000,DK2 0AC,offwind-float,0.5225370042541365,0.42668574714202834,0.09585125711210818
new_more,1000,DK2 0AC,offwind-float,0.5228967980038519,0.4237791820776386,0.09911761592621332
new_more,1000,DK2 0AC,offwind-float,0.4980374937352081,0.40635759402712146,0.09167989970808665
new_more,1000,GB1 0AC,offwind-float,0.4574461890025337,0.33736545544431445,0.12008073355821924
new_more,1000,GB1 0AC,offwind-float,0.4357042709198196,0.3283237503507877,0.10738052056903191
new_more,1000,GB1 0AC,offwind-float,0.4966309958999922,0.38615601613853195,0.11047497976146026
new_more,1000,GB1 0AC,offwind-float,0.4730199963320212,0.37318127839156445,0.09983871794045673
new_more,1000,GB1 0AC,offwind-float,0.4478575651601782,0.32571569253893856,0.12214187262123966
new_more,1000,GB1 0AC,offwind-float,0.42656472902639364,0.316545464197959,0.11001926482843466
new_more,1000,GB1 0AC,offwind-float,0.4779931331243657,0.3547138655411927,0.12327926758317298
new_more,1000,GB1 0AC,offwind-float,0.4552679427869963,0.34567092564091895,0.10959701714607734
new_more,1000,GB1 0AC,offwind-float,0.4815276545947017,0.35747856762121066,0.12404908697349104
new_more,1000,GB1 0AC,offwind-float,0.4586344956586582,0.3477490129535987,0.11088548270505949
new_more,1000,NL2 0AC,offwind-float,0.40221663860715084,0.2778605185306268,0.12435612007652402
new_more,1000,NL2 0AC,offwind-float,0.3830997207743238,0.26928486531453516,0.11381485545978864
new_more,1000,NO0 0AC,offwind-float,0.2666786308343302,0.1864297263750988,0.08024890445923138
new_more,1000,NO0 0AC,offwind-float,0.2539968506399878,0.18309050522048445,0.07090634541950333
new_more,1000,NO0 0AC,offwind-float,0.31883687195529037,0.23021292885147396,0.08862394310381641
new_more,1000,NO0 0AC,offwind-float,0.303642933150699,0.21873050884155187,0.08491242430914714
new_more,1000,NO0 0AC,offwind-float,0.3074437494413689,0.2208289643565712,0.08661478508479767
new_more,1000,NO0 0AC,offwind-float,0.29279143533924634,0.2157892972637823,0.07700213807546405
new_more,1000,NO0 0AC,offwind-float,0.45294672123618746,0.3677925849953865,0.08515413624080098
new_more,1000,NO0 0AC,offwind-float,0.4314118496749681,0.35680952257212323,0.07460232710284487
new_more,1000,NO0 0AC,offwind-float,0.44736000112241386,0.35920739792664763,0.08815260319576623
new_more,1000,NO0 0AC,offwind-float,0.4260775027459227,0.3461790063198925,0.0798984964260302
new_more,1000,NO0 0AC,offwind-float,0.47920604077573153,0.3967330669766091,0.08247297379912244
new_more,1000,NO0 0AC,offwind-float,0.45642990068807193,0.38190829361560197,0.07452160707246996
new_more,1000,NO0 0AC,offwind-float,0.4272013048457788,0.3387860206550976,0.08841528419068118
new_more,1000,NO0 0AC,offwind-float,0.40687024944836336,0.3185330334762026,0.08833721597216077
new_more,1000,NO0 0AC,offwind-float,0.44594551007058464,0.3603427744897296,0.08560273558085502
new_more,1000,NO0 0AC,offwind-float,0.4247234809777061,0.3459646204787992,0.0787588604989069
new_more,1000,NO0 0AC,offwind-float,0.36293446151428393,0.278173801629691,0.08476065988459291
new_more,1000,NO0 0AC,offwind-float,0.34567115340009397,0.2722746548879349,0.07339649851215907
new_more,1000,NO0 0AC,offwind-float,0.4971320145088777,0.4143487911976609,0.08278322331121679
new_more,1000,NO0 0AC,offwind-float,0.4734905240061024,0.3992487440230894,0.07424177998301301
new_more,1000,NO0 0AC,offwind-float,0.5294167570326509,0.4496755343441653,0.0797412226884856
new_more,1000,NO0 0AC,offwind-float,0.5042473724466181,0.4330296218155803,0.0712177506310378
new_more,1000,NO0 0AC,offwind-float,0.16573626773866923,0.10821166134029196,0.05752460639837727
new_more,1000,NO0 0AC,offwind-float,0.15783220070557935,0.10819005084466453,0.04964214986091482
new_more,1000,NO0 0AC,offwind-float,0.0906872525038685,0.05260589799415168,0.038081354509716815
new_more,1000,NO0 0AC,offwind-float,0.0863569390376449,0.051183247641865645,0.03517369139577925
new_more,1000,NO0 0AC,offwind-float,0.5424295152524405,0.4641929376293922,0.07823657762304836
new_more,1000,NO0 0AC,offwind-float,0.5166350535399513,0.4432233455643263,0.07341170797562502
new_more,1000,NO0 0AC,offwind-float,0.544138579401005,0.4678405822037397,0.07629799719726527
new_more,1000,NO0 0AC,offwind-float,0.5182631382388105,0.4479155733863198,0.07034756485249072
new_more,1000,NO0 0AC,offwind-float,0.5095143882096369,0.4292013998315519,0.08031298837808498
new_more,1000,NO0 0AC,offwind-float,0.4852774931037627,0.4123073083129016,0.07297018479086115
new_more,1000,NO0 0AC,offwind-float,0.03797150668558382,0.020664473432604576,0.017307033252979245
new_more,1000,NO0 0AC,offwind-float,0.03611359755045695,0.02079425559060358,0.015319341959853367
new_more,1000,NO0 0AC,offwind-float,0.07622839682375107,0.043865311063256876,0.032363085760494195
new_more,1000,NO0 0AC,offwind-float,0.07255795049892615,0.04190109313180407,0.03065685736712208
new_more,1000,NO0 0AC,offwind-float,0.09511240847188926,0.05656963561165601,0.03854277286023325
new_more,1000,NO0 0AC,offwind-float,0.09054513577773535,0.05362377494142778,0.036921360836307565
new_more,1000,NO0 0AC,offwind-float,0.5206700031240543,0.44190021370864546,0.07876978941540885
new_more,1000,NO0 0AC,offwind-float,0.495916590010559,0.42211007423742186,0.07380651577313713
new_more,1000,NO0 0AC,offwind-float,0.49007478216420214,0.4055282043124298,0.08454657785177233
new_more,1000,NO0 0AC,offwind-float,0.4667752814609168,0.38947017258920513,0.07730510887171166
new_more,1000,NO0 0AC,offwind-float,0.5130297057527471,0.43094174435707905,0.08208796139566804
new_more,1000,NO0 0AC,offwind-float,0.4886328090307797,0.4159499735565216,0.07268283547425813
new_more,1000,NO0 0AC,offwind-float,0.5518338876155726,0.4754246615010199,0.0764092261145527
new_more,1000,NO0 0AC,offwind-float,0.5255857382374413,0.4575321873265048,0.06805355091093646
new_more,1000,NO0 0AC,offwind-float,0.4905536114344908,0.4067680916956401,0.08378551973885068
new_more,1000,NO0 0AC,offwind-float,0.4672313844817095,0.38904628300124083,0.07818510148046864
new_more,1000,NO0 0AC,offwind-float,0.018791114853539768,0.009713850150947875,0.009077264702591892
new_more,1000,NO0 0AC,offwind-float,0.017858300224881354,0.009461579608642056,0.008396720616239297
new_more,1000,NO0 0AC,offwind-float,0.5452733766663097,0.46947183536330556,0.07580154130300415
new_more,1000,NO0 0AC,offwind-float,0.519350400733767,0.4501679763921264,0.06918242434164062
new_more,1000,NO0 0AC,offwind-float,0.5183457042775589,0.437902311980498,0.08044339229706088
new_more,1000,NO0 0AC,offwind-float,0.4937092987027229,0.41961755782811266,0.07409174087461023
new_more,1000,NO0 0AC,offwind-float,0.5134387546908465,0.4291531515636052,0.08428560312724137
new_more,1000,NO0 0AC,offwind-float,0.4890222550075767,0.41463606179258766,0.07438619321498902
new_more,1000,NO0 0AC,offwind-float,0.5190679094423679,0.4392935420628216,0.0797743673795463
new_more,1000,NO0 0AC,offwind-float,0.49439717824430096,0.4224485565817266,0.07194862166257437
new_more,1000,NO0 0AC,offwind-float,0.5358373553852753,0.45761746255854313,0.0782198928267322
new_more,1000,NO0 0AC,offwind-float,0.510369590724588,0.4376853481519852,0.07268424257260281
new_more,1000,NO0 0AC,offwind-float,0.48455482414912915,0.4016073991968609,0.08294742495226826
new_more,1000,NO0 0AC,offwind-float,0.4615108991058017,0.38702016613919105,0.07449073296661063
new_more,1000,NO0 0AC,offwind-float,0.45444010181385414,0.369075166499005,0.08536493531484912
new_more,1000,NO0 0AC,offwind-float,0.4328342960626921,0.3577164145249332,0.07511788153775889
new_more,1000,NO0 0AC,offwind-float,0.440463403029669,0.3543612435944838,0.08610215943518523
new_more,1000,NO0 0AC,offwind-float,0.41952182736929444,0.3422933040339248,0.07722852333536967
new_more,1000,BE2 0AC,offwind-dc,0.529156537680529,0.5286509836902556,0.0005055539902732997
new_more,1000,BE2 0AC,offwind-dc,0.5039996361269847,0.4969199237596497,0.0070797123673350115
new_more,1000,DE2 0AC,offwind-dc,0.5094669536706738,0.5090377033627927,0.00042925030788110163
new_more,1000,DE2 0AC,offwind-dc,0.48524595908302687,0.4849658511683541,0.00028010791467275586
new_more,1000,DE2 0AC,offwind-dc,0.512609210511332,0.5121764519936256,0.00043275851770641083
new_more,1000,DE2 0AC,offwind-dc,0.48821866368237704,0.4880067174558186,0.00021194622655845707
new_more,1000,DE2 0AC,offwind-dc,0.5171412500199112,0.516727528542628,0.00041372147728313546
new_more,1000,DE2 0AC,offwind-dc,0.4925488764556618,0.49244140943101916,0.00010746702464264901
new_more,1000,DE2 0AC,offwind-dc,0.5089639660716782,0.508548537669729,0.0004154284019491916
new_more,1000,DE2 0AC,offwind-dc,0.4847468293456315,0.47866439106178377,0.006082438283847746
new_more,1000,DE2 0AC,offwind-dc,0.5217276034642082,0.5212983040614793,0.0004292994027289554
new_more,1000,DE2 0AC,offwind-dc,0.4969168923047055,0.49678813963008805,0.00012875267461742723
new_more,1000,DE2 0AC,offwind-dc,0.5215395187221211,0.5211088817486592,0.00043063697346190644
new_more,1000,DE2 0AC,offwind-dc,0.49673780818766367,0.49656751767328444,0.00017029051437922327
new_more,1000,DE2 0AC,offwind-dc,0.5173906820749254,0.5169780760160213,0.00041260605890414137
new_more,1000,DE2 0AC,offwind-dc,0.49279966766301975,0.49267336384293847,0.00012630382008127494
new_more,1000,DE2 0AC,offwind-dc,0.5218131673717711,0.5213872721900722,0.0004258951816988876
new_more,1000,DE2 0AC,offwind-dc,0.49698526350006733,0.4965919364162746,0.0003933270837927494
new_more,1000,DE2 0AC,offwind-dc,0.5111288877261992,0.5107032866997904,0.00042560102640887276
new_more,1000,DE2 0AC,offwind-dc,0.486821840004515,0.48646195566959055,0.00035988433492445404
new_more,1000,DE2 0AC,offwind-dc,0.5200362628967523,0.5196085381939183,0.0004277247028340314
new_more,1000,DE2 0AC,offwind-dc,0.49531268511415166,0.49502391769639775,0.00028876741775391013
new_more,1000,DE2 0AC,offwind-dc,0.5061768663835119,0.5057410265101043,0.0004358398734075619
new_more,1000,DE2 0AC,offwind-dc,0.4821188323920771,0.47885270634815785,0.0032661260439192374
new_more,1000,DE2 0AC,offwind-dc,0.5187712647923037,0.5183642613230258,0.0004070034692779112
new_more,1000,DE2 0AC,offwind-dc,0.49409420888026734,0.4939434575622482,0.00015075131801911557
new_more,1000,DK2 0AC,offwind-dc,0.5247825963148994,0.49749157649239323,0.0272910198225062
new_more,1000,DK2 0AC,offwind-dc,0.49984025228708767,0.4628781402761747,0.036962112010912984
new_more,1000,DK2 0AC,offwind-dc,0.5176677893917582,0.48658629076501003,0.03108149862674814
new_more,1000,DK2 0AC,offwind-dc,0.49302386208324583,0.4554899651241343,0.03753389695911152
new_more,1000,DK2 0AC,offwind-dc,0.5255782416126319,0.49564734837624896,0.029930893236382927
new_more,1000,DK2 0AC,offwind-dc,0.5005914802608421,0.4630813652930611,0.037510114967781005
new_more,1000,DK2 0AC,offwind-dc,0.5252944259672266,0.4963558486615689,0.028938577305657742
new_more,1000,DK2 0AC,offwind-dc,0.5003143425220645,0.4635132404579309,0.03680110206413362
new_more,1000,DK2 0AC,offwind-dc,0.5353841260104798,0.524976221774472,0.010407904236007792
new_more,1000,DK2 0AC,offwind-dc,0.5099313573956833,0.4805833690211571,0.02934798837452618
new_more,1000,DK2 0AC,offwind-dc,0.5325534368827405,0.5118269603443921,0.02072647653834836
new_more,1000,DK2 0AC,offwind-dc,0.507241753284239,0.4772300814266624,0.03001167185757664
new_more,1000,DK2 0AC,offwind-dc,0.5403530206511412,0.5293917885126104,0.010961232138530841
new_more,1000,DK2 0AC,offwind-dc,0.5146505798261123,0.49298747046973435,0.02166310935637794
new_more,1000,DK2 0AC,offwind-dc,0.5462691226884149,0.5353610452501482,0.010908077438266717
new_more,1000,DK2 0AC,offwind-dc,0.5202787931014905,0.5158808783810807,0.004397914720409846
new_more,1000,DK2 0AC,offwind-dc,0.5270114855754885,0.5153884089073107,0.011623076668177745
new_more,1000,DK2 0AC,offwind-dc,0.5019566419027108,0.4920431678376241,0.009913474065086747
new_more,1000,FR2 0AC,offwind-dc,0.5202245556801385,0.5202241561736178,3.995065206430226e-07
new_more,1000,FR2 0AC,offwind-dc,0.495492262422755,0.49549216319700823,9.922574678578044e-08
new_more,1000,FR2 0AC,offwind-dc,0.506627469904231,0.506626856239831,6.13664400073155e-07
new_more,1000,FR2 0AC,offwind-dc,0.48254801921926854,0.4773871296266393,0.005160889592629225
new_more,1000,GB1 0AC,offwind-dc,0.5016515759237965,0.4784906830299175,0.023160892893879015
new_more,1000,GB1 0AC,offwind-dc,0.47779505802952627,0.44169705217247673,0.03609800585704953
new_more,1000,GB1 0AC,offwind-dc,0.511829040563944,0.4881875153260364,0.02364152523790758
new_more,1000,GB1 0AC,offwind-dc,0.48749554622068425,0.47956116229719625,0.007934383923487998
new_more,1000,GB1 0AC,offwind-dc,0.5176223635273977,0.4930125315440438,0.02460983198335387
new_more,1000,GB1 0AC,offwind-dc,0.49299376675787354,0.47500252139453775,0.017991245363335795
new_more,1000,GB1 0AC,offwind-dc,0.503005047351451,0.47829516953537043,0.024709877816080583
new_more,1000,GB1 0AC,offwind-dc,0.4790911735236429,0.44164122902301195,0.03744994450063094
new_more,1000,GB1 0AC,offwind-dc,0.526223370062599,0.502525336856749,0.023698033205849955
new_more,1000,GB1 0AC,offwind-dc,0.5012057455870844,0.49435847938652533,0.006847266200559088
new_more,1000,GB1 0AC,offwind-dc,0.526987344913427,0.5035936247323903,0.023393720181036692
new_more,1000,GB1 0AC,offwind-dc,0.5019333786652387,0.49418412126813227,0.007749257397106413
new_more,1000,GB1 0AC,offwind-dc,0.5176029378606812,0.49353453151940846,0.024068406341272774
new_more,1000,GB1 0AC,offwind-dc,0.4929817957717274,0.4797586317140696,0.013223164057657777
new_more,1000,GB1 0AC,offwind-dc,0.5319258614211371,0.5078132459897605,0.02411261543137655
new_more,1000,GB1 0AC,offwind-dc,0.506637454915394,0.4848910516131914,0.02174640330220262
new_more,1000,GB1 0AC,offwind-dc,0.53028123886516,0.5055174067878172,0.024763832077342784
new_more,1000,GB1 0AC,offwind-dc,0.505070840414648,0.4880691080231921,0.017001732391455915
new_more,1000,GB1 0AC,offwind-dc,0.5198604938141071,0.49554398377244724,0.02431651004165991
new_more,1000,GB1 0AC,offwind-dc,0.4951385816934648,0.4785918660357633,0.016546715657701494
new_more,1000,GB1 0AC,offwind-dc,0.515429559374247,0.4918353240097818,0.023594235364465144
new_more,1000,GB1 0AC,offwind-dc,0.4909317549838331,0.45630672980626635,0.03462502517756677
new_more,1000,GB1 0AC,offwind-dc,0.5227470344476094,0.4983928407733126,0.02435419367429681
new_more,1000,GB1 0AC,offwind-dc,0.49789464151369106,0.49032255527242663,0.007572086241264431
new_more,1000,GB1 0AC,offwind-dc,0.5302063061105606,0.5069435872297456,0.023262718880814992
new_more,1000,GB1 0AC,offwind-dc,0.5049995939279135,0.4914712256034921,0.013528368324421391
new_more,1000,GB1 0AC,offwind-dc,0.5297952700559718,0.5054885438684982,0.02430672618747365
new_more,1000,GB1 0AC,offwind-dc,0.5046079240261937,0.4965360681317196,0.008071855894474123
new_more,1000,GB4 0AC,offwind-dc,0.5268476348330038,0.44876338100694424,0.07808425382605955
new_more,1000,GB4 0AC,offwind-dc,0.5017871437472434,0.4209482642464864,0.08083887950075702
new_more,1000,NL2 0AC,offwind-dc,0.5299341721984884,0.5268988187421103,0.003035353456378065
new_more,1000,NL2 0AC,offwind-dc,0.5047337400359138,0.5032446119518121,0.0014891280841016208
new_more,1000,NL2 0AC,offwind-dc,0.5261603175063582,0.5231314855362295,0.003028831970128709
new_more,1000,NL2 0AC,offwind-dc,0.5011524918940331,0.5005417077668887,0.000610784127144437
new_more,1000,NL2 0AC,offwind-dc,0.5314136711670744,0.5282056336482248,0.0032080375188495713
new_more,1000,NL2 0AC,offwind-dc,0.5061426749919627,0.5052141556402654,0.0009285193516973544
new_more,1000,NL2 0AC,offwind-dc,0.5238922105927438,0.5208530556675753,0.0030391549251684857
new_more,1000,NL2 0AC,offwind-dc,0.49898563067273666,0.49827135001740375,0.0007142806553329106
new_more,1000,NL2 0AC,offwind-dc,0.5248242578304615,0.5215030880679529,0.0033211697625086245
new_more,1000,NL2 0AC,offwind-dc,0.4998597896767243,0.4988785393361394,0.0009812503405848827
new_more,1000,NL2 0AC,offwind-dc,0.5084922666179805,0.5050737498711836,0.00341851674679694
new_more,1000,NL2 0AC,offwind-dc,0.4843040141767761,0.4826148160951989,0.0016891980815771923
new_more,1000,NL2 0AC,offwind-dc,0.5178426422870056,0.5147023180337584,0.003140324253247173
new_more,1000,NL2 0AC,offwind-dc,0.49323014669951276,0.4860855875304324,0.007144559169080356
new_more,1000,NL2 0AC,offwind-dc,0.5162508356960803,0.5130678773342221,0.0031829583618582236
new_more,1000,NL2 0AC,offwind-dc,0.49169372698443675,0.4834048531459136,0.00828887383852317
new_more,1000,NL2 0AC,offwind-dc,0.5170314369019973,0.5134888627940326,0.0035425741079646578
new_more,1000,NL2 0AC,offwind-dc,0.49245082928501377,0.4916153870107385,0.0008354422742752887
new_more,1000,NL2 0AC,offwind-dc,0.5162965963484587,0.5129734047372466,0.003323191611212084
new_more,1000,NL2 0AC,offwind-dc,0.49173758040317794,0.48140224083854743,0.010335339564630508
new_more,1000,NL2 0AC,offwind-dc,0.5194218977361509,0.5164355305088745,0.0029863672272764097
new_more,1000,NL2 0AC,offwind-dc,0.49472778959794145,0.49402998563406814,0.0006978039638733113
new_more,1000,DK2 0AC,offwind-ac,0.5181183155912409,0.5078916481804988,0.010226667410742074
new_more,1000,DK2 0AC,offwind-ac,0.4934927175524818,0.4916984866672306,0.0017942308852512134
new_more,1000,DK2 0AC,offwind-ac,0.48842808661244647,0.4830018698323447,0.005426216780101745
new_more,1000,DK2 0AC,offwind-ac,0.5074490157148489,0.4958055975608188,0.011643418154030083
new_more,1000,DK2 0AC,offwind-ac,0.48331707470656604,0.4808563605361018,0.002460714170464229
new_more,1000,DK2 0AC,offwind-ac,0.47835687464009613,0.4598018422941957,0.018555032345900446
new_more,1000,GB1 0AC,offwind-ac,0.3488550339801568,0.2915907343837459,0.05726429959641094
new_more,1000,GB1 0AC,offwind-ac,0.3322607853817696,0.27813571260537423,0.05412507277639539
new_more,1000,GB1 0AC,offwind-ac,0.3288508500494899,0.27413375917227994,0.05471709087720994
new_more,1000,GB1 0AC,offwind-ac,0.4768337411645757,0.45590689226495834,0.02092684889961738
new_more,1000,GB1 0AC,offwind-ac,0.45417035388818305,0.44852461526766546,0.005645738620517593
new_more,1000,GB1 0AC,offwind-ac,0.4495092816078121,0.4432786216119616,0.00623065999585054
new_more,1000,GB1 0AC,offwind-ac,0.40235031496327006,0.36047845341970197,0.04187186154356809
new_more,1000,GB1 0AC,offwind-ac,0.38318670160302404,0.3388288266070333,0.044357874995990754
new_more,1000,GB1 0AC,offwind-ac,0.37925412234557565,0.3304866455458114,0.04876747679976423
new_more,1000,GB1 0AC,offwind-ac,0.4304994890574355,0.40861957541843535,0.02187991363900016
new_more,1000,GB1 0AC,offwind-ac,0.4100112766036994,0.4043025080152765,0.005708768588422897
new_more,1000,GB1 0AC,offwind-ac,0.405789765322187,0.3963571563105012,0.0094326090116858
new_more,1000,GB1 0AC,offwind-ac,0.43485601454468187,0.4122937593444782,0.022562255200203662
new_more,1000,GB1 0AC,offwind-ac,0.41417443039923013,0.4081973663495677,0.005977064049662417
new_more,1000,GB1 0AC,offwind-ac,0.4099170047618873,0.398699081121594,0.011217923640293281
new_more,1000,GB1 0AC,offwind-ac,0.4193932370643789,0.39808937799042404,0.02130385907395488
new_more,1000,GB1 0AC,offwind-ac,0.39944645816352253,0.39323345913133967,0.006212999032182864
new_more,1000,GB1 0AC,offwind-ac,0.39534700781917703,0.38344065050893794,0.01190635731023909
new_more,1000,GB1 0AC,offwind-ac,0.4626590440296329,0.440543708151961,0.02211533587767195
new_more,1000,GB1 0AC,offwind-ac,0.4406626761993878,0.43580476298904935,0.00485791321033846
new_more,1000,GB1 0AC,offwind-ac,0.4361402308934733,0.4249744400017107,0.011165790891762617
new_more,1000,GB1 0AC,offwind-ac,0.46081811723122146,0.4379875793204218,0.022830537910799642
new_more,1000,GB1 0AC,offwind-ac,0.4389092104461649,0.43348941854982304,0.005419791896341841
new_more,1000,GB1 0AC,offwind-ac,0.4344047606578948,0.42043229320026626,0.013972467457628535
new_more,1000,GB1 0AC,offwind-ac,0.49269206028236373,0.46998148535476947,0.022710574927594263
new_more,1000,GB1 0AC,offwind-ac,0.4692613016842314,0.46224992517795277,0.007011376506278644
new_more,1000,GB1 0AC,offwind-ac,0.46443850756555466,0.45127647303921586,0.013162034526338795
new_more,1000,GB4 0AC,offwind-ac,0.5332057748472533,0.466358165443834,0.06684760940341927
new_more,1000,GB4 0AC,offwind-ac,0.5078564599693853,0.48059946008480875,0.027256999884576583
new_more,1000,GB4 0AC,offwind-ac,0.5026444164097269,0.47197413444025443,0.030670281969472468
new_more,1000,NL2 0AC,offwind-ac,0.4852864390800228,0.4821173645514196,0.003169074528603155
new_more,1000,NL2 0AC,offwind-ac,0.4622213042974234,0.4616456270946491,0.000575677202774294
new_more,1000,NL2 0AC,offwind-ac,0.457477606496778,0.4565652227273517,0.0009123837694262615
new_more,1000,NO0 0AC,offwind-ac,0.4105727391002606,0.384694691426559,0.02587804767370161
new_more,1000,NO0 0AC,offwind-ac,0.39103841221205915,0.3628897500820254,0.028148662130033753
new_more,1000,NO0 0AC,offwind-ac,0.3870184682526897,0.35580112457614144,0.03121734367654827
new_more,1000,DK2 0AC,offwind-float,0.51766852314173,0.40366061583160623,0.11400790731012372
new_more,1000,DK2 0AC,offwind-float,0.49304449369212217,0.39144894025582677,0.1015955534362954
new_more,1000,DK2 0AC,offwind-float,0.4879776819190431,0.38503645924812174,0.10294122267092137
new_more,1000,DK2 0AC,offwind-float,0.5120850825475238,0.39758709144910914,0.11449799109841469
new_more,1000,DK2 0AC,offwind-float,0.4877462374903482,0.3860308995118468,0.10171533797850135
new_more,1000,DK2 0AC,offwind-float,0.48274058168750095,0.380096160420528,0.10264442126697293
new_more,1000,DK2 0AC,offwind-float,0.5131807566870062,0.41313557581252297,0.10004518087448327
new_more,1000,DK2 0AC,offwind-float,0.4887898354338567,0.39842980543195794,0.09036003000189874
new_more,1000,DK2 0AC,offwind-float,0.483773469364686,0.3891614773999996,0.09461199196468639
new_more,1000,DK2 0AC,offwind-float,0.5053151284339066,0.4049445514827244,0.10037057695118218
new_more,1000,DK2 0AC,offwind-float,0.48128480100785215,0.3908677569491826,0.09041704405866957
new_more,1000,DK2 0AC,offwind-float,0.47634545781705045,0.38129011016920983,0.09505534764784063
new_more,1000,GB1 0AC,offwind-float,0.4487012719429147,0.33910209783982115,0.10959917410309356
new_more,1000,GB1 0AC,offwind-float,0.42736151445502646,0.32776409639727905,0.09959741805774741
new_more,1000,GB1 0AC,offwind-float,0.42296196994900753,0.3227589243674384,0.10020304558156912
new_more,1000,GB1 0AC,offwind-float,0.5054579964473725,0.40234737369185203,0.10311062275552052
new_more,1000,GB1 0AC,offwind-float,0.4814341295593904,0.3848794458791501,0.09655468368024034
new_more,1000,GB1 0AC,offwind-float,0.4764932538353305,0.38102937587907953,0.09546387795625094
new_more,1000,GB1 0AC,offwind-float,0.4596086444220864,0.34759293410225706,0.11201571031982932
new_more,1000,GB1 0AC,offwind-float,0.43775062239509555,0.33722857800813766,0.10052204438695789
new_more,1000,GB1 0AC,offwind-float,0.4332580629968585,0.3183885414447753,0.11486952155208319
new_more,1000,GB1 0AC,offwind-float,0.49412554780431794,0.38233664443009563,0.11178890337422231
new_more,1000,GB1 0AC,offwind-float,0.4706335706756676,0.3700557299498826,0.10057784072578496
new_more,1000,GB1 0AC,offwind-float,0.46580353923106016,0.3646178259619326,0.10118571326912756
new_more,1000,GB1 0AC,offwind-float,0.4799447697908842,0.3600006369860738,0.11994413280481037
new_more,1000,GB1 0AC,offwind-float,0.45711348333748675,0.34936533320652147,0.10774815013096528
new_more,1000,GB1 0AC,offwind-float,0.45242220622543483,0.3420338559117944,0.11038835031364042
new_more,1000,GB1 0AC,offwind-float,0.5083365202562946,0.39771544298446543,0.11062107727182918
new_more,1000,GB1 0AC,offwind-float,0.48415575598650396,0.38372581668799505,0.10042993929850891
new_more,1000,GB1 0AC,offwind-float,0.4791869486782084,0.3785951860335824,0.10059176264462599
new_more,1000,GB4 0AC,offwind-float,0.4845941902844995,0.3357177281551929,0.1488764621293066
new_more,1000,GB4 0AC,offwind-float,0.461555230246007,0.3295138614925729,0.13204136875343409
new_more,1000,GB4 0AC,offwind-float,0.45681151977981727,0.3015749281299923,0.15523659164982495
new_more,1000,GB4 0AC,offwind-float,0.5058808199812527,0.35752605664172,0.14835476333953268
new_more,1000,GB4 0AC,offwind-float,0.48182345797909165,0.34884757520566423,0.13297588277342742
new_more,1000,GB4 0AC,offwind-float,0.47687858664437693,0.3412795975458817,0.13559898909849522
new_more,1000,NO0 0AC,offwind-float,0.5221705304358828,0.44108927925993546,0.08108125117594733
new_more,1000,NO0 0AC,offwind-float,0.4973455367742781,0.42492306064238955,0.07242247613188857
new_more,1000,NO0 0AC,offwind-float,0.49223456450718683,0.41732634140366803,0.0749082231035188
new_more,1000,NO0 0AC,offwind-float,0.5340695249392751,0.456263503662026,0.07780602127724906
new_more,1000,NO0 0AC,offwind-float,0.5086722492462521,0.43435872173698875,0.07431352750926334
new_more,1000,NO0 0AC,offwind-float,0.5034518333814608,0.4279163530392578,0.07553548034220303
new_more,1000,NO0 0AC,offwind-float,0.37678750916659065,0.28964328972663883,0.08714421943995182
new_more,1000,NO0 0AC,offwind-float,0.35885210292420394,0.2852661781748389,0.07358592474936504
new_more,1000,NO0 0AC,offwind-float,0.35516243384339646,0.27588551001516093,0.07927692382823553
new_more,1000,NO0 0AC,offwind-float,0.5211696289801053,0.43950007314232936,0.08166955583777596
new_more,1000,NO0 0AC,offwind-float,0.4963990053463358,0.424338617678384,0.07206038766795181
new_more,1000,NO0 0AC,offwind-float,0.49129774110043145,0.41082212752501124,0.08047561357542021
new_more,1000,NO0 0AC,offwind-float,0.3805779227450649,0.2954861120684244,0.08509181067664051
new_more,1000,NO0 0AC,offwind-float,0.362476202842087,0.28756560601890513,0.07491059682318185
new_more,1000,NO0 0AC,offwind-float,0.35875617187375697,0.2807912053042817,0.07796496656947527
new_more,1000,NO0 0AC,offwind-float,0.2826624840689383,0.1953114548390729,0.0873510292298654
new_more,1000,NO0 0AC,offwind-float,0.2691874700919308,0.1888107716195216,0.08037669847240919
new_more,1000,NO0 0AC,offwind-float,0.26641800564363805,0.18577376449668068,0.08064424114695737
new_more,1000,NO0 0AC,offwind-float,0.43530707605690117,0.34921393729719336,0.08609313875970781
new_more,1000,NO0 0AC,offwind-float,0.41461740584871287,0.3371977101687548,0.07741969567995804
new_more,1000,NO0 0AC,offwind-float,0.41036225867581627,0.33059530852843927,0.079766950147377
new_more,1000,NO0 0AC,offwind-float,0.5281317266837572,0.44842215243897304,0.07970957424478414
new_more,1000,NO0 0AC,offwind-float,0.5030166312671501,0.4311194115751507,0.07189721969199941
new_more,1000,NO0 0AC,offwind-float,0.49785425803760597,0.42562092712471433,0.07223333091289164
new_more,1000,NO0 0AC,offwind-float,0.5489085509342276,0.4739139762500604,0.07499457468416726
new_more,1000,NO0 0AC,offwind-float,0.5228129644977187,0.45279476847776284,0.0700181960199559
new_more,1000,NO0 0AC,offwind-float,0.5174406028180487,0.4440058943745489,0.07343470844349981
new_more,1000,NO0 0AC,offwind-float,0.5475301404646958,0.471083623191149,0.07644651727354684
new_more,1000,NO0 0AC,offwind-float,0.5214866860919752,0.4494449789891613,0.07204170710281393
new_more,1000,NO0 0AC,offwind-float,0.5161347578643475,0.44021093178801146,0.07592382607633602
new_more,1000,NO0 0AC,offwind-float,0.5548769116957818,0.4806532439351999,0.07422366776058187
new_more,1000,NO0 0AC,offwind-float,0.5285042177044186,0.4574237501225154,0.07108046758190317
new_more,1000,NO0 0AC,offwind-float,0.5230802697560069,0.4514326990794098,0.07164757067659705
new_more,1000,NO0 0AC,offwind-float,0.5559897060967527,0.48103582207566303,0.07495388402108966
new_more,1000,NO0 0AC,offwind-float,0.5295442095337147,0.4607139232321744,0.06883028630154031
new_more,1000,NO0 0AC,offwind-float,0.52410958832791,0.4550171466559249,0.06909244167198508
new_more,1000,NO0 0AC,offwind-float,0.5573247013512548,0.48466141574385685,0.07266328560739793
new_more,1000,NO0 0AC,offwind-float,0.530835666589212,0.4618406241652182,0.06899504242399379
new_more,1000,NO0 0AC,offwind-float,0.525380982356789,0.4533285849228977,0.0720523974338913
new_more,1000,NO0 0AC,offwind-float,0.5497789969322885,0.47200330607487306,0.07777569085741542
new_more,1000,NO0 0AC,offwind-float,0.5236352712746439,0.4546719900164841,0.06896328125815981
new_more,1000,NO0 0AC,offwind-float,0.5182612924865795,0.44796571268234187,0.07029557980423762
new_more,1000,NO0 0AC,offwind-float,0.5026087318622537,0.4201420377950789,0.08246669406717483
new_more,1000,NO0 0AC,offwind-float,0.4787069339077854,0.40540885933294474,0.07329807457484067
new_more,1000,NO0 0AC,offwind-float,0.47379404692395477,0.39863089604240237,0.0751631508815524
new_more,1000,NO0 0AC,offwind-float,0.4960047190042073,0.4124281353028595,0.0835765837013478
new_more,1000,NO0 0AC,offwind-float,0.4724235801402284,0.39882416080364147,0.07359941933658692
new_more,1000,NO0 0AC,offwind-float,0.4675751781361482,0.39386028149326263,0.07371489664288555
new_more,1000,NO0 0AC,offwind-float,0.4918456532266939,0.40739067137650414,0.08445498185018974
new_more,1000,NO0 0AC,offwind-float,0.46846876615477084,0.39427385241960977,0.07419491373516107
new_more,1000,NO0 0AC,offwind-float,0.46366095172688054,0.38378814306723846,0.07987280865964208
new_more,1000,NO0 0AC,offwind-float,0.4547587132036343,0.36225655341977236,0.09250215978386195
new_more,1000,NO0 0AC,offwind-float,0.4331175164284491,0.35565013769809395,0.07746737873035514
new_more,1000,NO0 0AC,offwind-float,0.428672505800422,0.33429326250130087,0.09437924329912112
new_more,1000,BE2 0AC,offwind-dc,0.5272485969992339,0.526745172652751,0.0005034243464828725
new_more,1000,BE2 0AC,offwind-dc,0.5021822013661912,0.4922923092461322,0.009889892120058974
new_more,1000,BE2 0AC,offwind-dc,0.497028391747301,0.4832120635903999,0.013816328156901092
new_more,1000,DE2 0AC,offwind-dc,0.5162559970567638,0.5158408240621032,0.00041517299466065083
new_more,1000,DE2 0AC,offwind-dc,0.4917058173084486,0.4916023741849278,0.00010344312352078555
new_more,1000,DE2 0AC,offwind-dc,0.4866595250184902,0.4839295821798528,0.002729942838637367
new_more,1000,DE2 0AC,offwind-dc,0.5198425248398644,0.5194278309253096,0.00041469391455473126
new_more,1000,DE2 0AC,offwind-dc,0.4951282083057074,0.49502519951659407,0.00010300878911334577
new_more,1000,DE2 0AC,offwind-dc,0.4900400022931216,0.489813044939808,0.0002269573533136282
new_more,1000,DE2 0AC,offwind-dc,0.5166322385179214,0.5162378029238857,0.0003944355940357358
new_more,1000,DE2 0AC,offwind-dc,0.49207065998367977,0.4919803096594028,9.035032427695544e-05
new_more,1000,DE2 0AC,offwind-dc,0.4870206233760537,0.48451710890549177,0.0025035144705619072
new_more,1000,DE2 0AC,offwind-dc,0.5192942714676686,0.5188897251868625,0.0004045462808061062
new_more,1000,DE2 0AC,offwind-dc,0.49460602862704556,0.4945092678016763,9.676082536924646e-05
new_more,1000,DE2 0AC,offwind-dc,0.4895299719668049,0.4871890865534128,0.002340885413392113
new_more,1000,DE2 0AC,offwind-dc,0.5196061616780976,0.5191939846654295,0.00041217701266804685
new_more,1000,DE2 0AC,offwind-dc,0.4948963922272821,0.49479500221946504,0.00010139000781705931
new_more,1000,DE2 0AC,offwind-dc,0.48981055143185126,0.48700243664311743,0.0028081147887338287
new_more,1000,DE2 0AC,offwind-dc,0.5218729350312876,0.5214711781789936,0.000401756852294044
new_more,1000,DE2 0AC,offwind-dc,0.49706888402853017,0.49697395358625224,9.493044227792957e-05
new_more,1000,DE2 0AC,offwind-dc,0.4919675515066132,0.49178930501411844,0.0001782464924947602
new_more,1000,DE2 0AC,offwind-dc,0.5176873894614707,0.5172518191324911,0.00043557032897967307
new_more,1000,DE2 0AC,offwind-dc,0.4930756419047127,0.49295678105383617,0.00011886085087653431
new_more,1000,DE2 0AC,offwind-dc,0.48801529134036464,0.48609896775723577,0.001916323583128876
new_more,1000,DE2 0AC,offwind-dc,0.5165937729130486,0.5161627697284124,0.0004310031846362916
new_more,1000,DE2 0AC,offwind-dc,0.4920136027674162,0.49189875564661634,0.0001148471207998436
new_more,1000,DE2 0AC,offwind-dc,0.48696415172819374,0.4845399677609614,0.0024241839672323184
new_more,1000,DK2 0AC,offwind-dc,0.5149820037619643,0.4853884779643343,0.029593525797630027
new_more,1000,DK2 0AC,offwind-dc,0.4904988171223654,0.4541703218566546,0.0363284952657108
new_more,1000,DK2 0AC,offwind-dc,0.48545807507579747,0.4468038297498339,0.038654245325963565
new_more,1000,DK2 0AC,offwind-dc,0.5204722674809042,0.4931371880189917,0.027335079461912548
new_more,1000,DK2 0AC,offwind-dc,0.4957279421418684,0.46075206703982635,0.03497587510204203
new_more,1000,DK2 0AC,offwind-dc,0.49064037147605655,0.4533557597589974,0.03728461171705916
new_more,1000,DK2 0AC,offwind-dc,0.5286906238611746,0.5036927350112866,0.02499788884988796
new_more,1000,DK2 0AC,offwind-dc,0.5035426385028866,0.4701735685695213,0.0333690699333653
new_more,1000,DK2 0AC,offwind-dc,0.49837486695149075,0.46120617604762315,0.037168690903867596
new_more,1000,DK2 0AC,offwind-dc,0.5281725396014615,0.5037340004527898,0.024438539148671667
new_more,1000,DK2 0AC,offwind-dc,0.5030690752692,0.4699657864729302,0.03310328879626978
new_more,1000,DK2 0AC,offwind-dc,0.4979061638158766,0.46185033904728606,0.03605582476859054
new_more,1000,DK2 0AC,offwind-dc,0.5271003517625887,0.5014434994814592,0.025656852281129572
new_more,1000,DK2 0AC,offwind-dc,0.5020214083524921,0.46720367549332376,0.03481773285916834
new_more,1000,DK2 0AC,offwind-dc,0.4968692489246647,0.4604126811604138,0.036456567764250936
new_more,1000,DK2 0AC,offwind-dc,0.5517311505706972,0.5410075646316992,0.010723585938998026
new_more,1000,DK2 0AC,offwind-dc,0.5255079711721619,0.5234714564599035,0.002036514712258408
new_more,1000,DK2 0AC,offwind-dc,0.5201079300934772,0.5171695339710379,0.0029383961224392907
new_more,1000,GB1 0AC,offwind-dc,0.48237176541466026,0.45968134179995507,0.02269042361470519
new_more,1000,GB1 0AC,offwind-dc,0.45943166461344087,0.45397019217308515,0.005461472440355719
new_more,1000,GB1 0AC,offwind-dc,0.45471659640539636,0.4479293403255582,0.006787256079838155
new_more,1000,GB1 0AC,offwind-dc,0.49818623281675384,0.4758908214691439,0.022295411347609928
new_more,1000,GB1 0AC,offwind-dc,0.47450116534157666,0.46933521170857656,0.005165953633000098
new_more,1000,GB1 0AC,offwind-dc,0.4696314414376648,0.4623788400305461,0.007252601407118697
new_more,1000,GB1 0AC,offwind-dc,0.4952231801862715,0.47128475273353104,0.02393842745274044
new_more,1000,GB1 0AC,offwind-dc,0.47167919803204583,0.4650878819995543,0.006591316032491523
new_more,1000,GB1 0AC,offwind-dc,0.46683843549359955,0.4593551506417016,0.00748328485189792
new_more,1000,GB1 0AC,offwind-dc,0.504214233087158,0.4812430862091378,0.022971146878020154
new_more,1000,GB1 0AC,offwind-dc,0.48022946061551963,0.44428802597388634,0.035941434641633296
new_more,1000,GB1 0AC,offwind-dc,0.4753009482017754,0.44016578068185186,0.035135167519923516
new_more,1000,GB1 0AC,offwind-dc,0.5040580735645566,0.4809543209507928,0.02310375261376374
new_more,1000,GB1 0AC,offwind-dc,0.48010074348324605,0.442591298004147,0.03750944547909907
new_more,1000,GB1 0AC,offwind-dc,0.47517355207130657,0.4370718658681795,0.038101686203127094
new_more,1000,GB1 0AC,offwind-dc,0.5138410607149467,0.48990987326179847,0.02393118745314826
new_more,1000,GB1 0AC,offwind-dc,0.48939880339218944,0.48314339605385676,0.006255407338332686
new_more,1000,GB1 0AC,offwind-dc,0.4843693601212786,0.45050399947578096,0.033865360645497666
new_more,1000,GB1 0AC,offwind-dc,0.5097306770327078,0.48596837705009915,0.023762299982608648
new_more,1000,GB1 0AC,offwind-dc,0.4854770183006117,0.4792702300005297,0.006206788300081978
new_more,1000,GB1 0AC,offwind-dc,0.4804946511042814,0.46951659014005626,0.010978060964225156
new_more,1000,GB1 0AC,offwind-dc,0.5086606872798409,0.4855085998808124,0.02315208739902852
new_more,1000,GB1 0AC,offwind-dc,0.4844712443565842,0.47855335445718356,0.005917889899400619
new_more,1000,GB1 0AC,offwind-dc,0.47949919924537165,0.46960161288651453,0.009897586358857124
new_more,1000,GB1 0AC,offwind-dc,0.5135447621570698,0.4894297917793033,0.024114970377766498
new_more,1000,GB1 0AC,offwind-dc,0.4891166965195096,0.4538644043632395,0.035252292156270126
new_more,1000,GB1 0AC,offwind-dc,0.4840969759311968,0.4481602132601104,0.03593676267108642
new_more,1000,GB1 0AC,offwind-dc,0.5125708460480273,0.48990747052644396,0.022663375521583318
new_more,1000,GB1 0AC,offwind-dc,0.4882022527385511,0.4520027108614554,0.03619954187709573
new_more,1000,GB1 0AC,offwind-dc,0.48318508473789445,0.4479849071204889,0.03520017761740557
new_more,1000,GB1 0AC,offwind-dc,0.5076173552540602,0.48490117241419817,0.022716182839861987
new_more,1000,GB1 0AC,offwind-dc,0.4834773393788658,0.4777715853362149,0.00570575404265089
new_more,1000,GB1 0AC,offwind-dc,0.4785154945436099,0.46861961279459663,0.009895881749013291
new_more,1000,GB1 0AC,offwind-dc,0.5093670977827404,0.48531520688774044,0.024051890894999928
new_more,1000,GB1 0AC,offwind-dc,0.4851574355748848,0.4507450876504016,0.034412347924483166
new_more,1000,GB1 0AC,offwind-dc,0.48017834820113964,0.440485750068118,0.03969259813302162
new_more,1000,GB4 0AC,offwind-dc,0.5134800553886542,0.4197832553946091,0.09369679999404507
new_more,1000,GB4 0AC,offwind-dc,0.4890749087948854,0.39896704993400245,0.09010785886088296
new_more,1000,GB4 0AC,offwind-dc,0.4840556170668083,0.38871451945382596,0.09534109761298232
new_more,1000,NL2 0AC,offwind-dc,0.5143571746877768,0.5111992792035801,0.003157895484196649
new_more,1000,NL2 0AC,offwind-dc,0.48989691910822875,0.48223651060130074,0.007660408506928007
new_more,1000,NL2 0AC,offwind-dc,0.4848691912295906,0.4753283426870992,0.009540848542491376
new_more,1000,NL2 0AC,offwind-dc,0.5073088356260314,0.5039811155352688,0.0033277200907625426
new_more,1000,NL2 0AC,offwind-dc,0.4831704795766522,0.47398619171181444,0.00918428786483777
new_more,1000,NL2 0AC,offwind-dc,0.4782117839908043,0.46608413602075505,0.012127647970049227
new_more,1000,NL2 0AC,offwind-dc,0.5262493558234739,0.5231865891210575,0.003062766702416342
new_more,1000,NL2 0AC,offwind-dc,0.5012372983171173,0.5006202703827873,0.000617027934329939
new_more,1000,NL2 0AC,offwind-dc,0.4960931860758123,0.4951586275828524,0.0009345584929599249
new_more,1000,NL2 0AC,offwind-dc,0.5157866736829559,0.5124300710461426,0.003356602636813366
new_more,1000,NL2 0AC,offwind-dc,0.4912718960392223,0.4829755150619889,0.008296380977233397
new_more,1000,NL2 0AC,offwind-dc,0.4862300570086688,0.47502771109065006,0.011202345918018719
new_more,1000,NL2 0AC,offwind-dc,0.5195304783995026,0.5163586301215952,0.0031718482779073964
new_more,1000,NL2 0AC,offwind-dc,0.4948377618037748,0.4942286962075977,0.0006090655961771274
new_more,1000,NL2 0AC,offwind-dc,0.48975932690577123,0.48190817577876727,0.007851151127003964
new_more,1000,NO0 0AC,offwind-dc,0.5202759882344654,0.5202757094307571,2.788037083423234e-07
new_more,1000,NO0 0AC,offwind-dc,0.49552779532740987,0.48814271527756936,0.007385080049840509
new_more,1000,NO0 0AC,offwind-dc,0.49044227873395424,0.4806057237583635,0.009836554975590717
new_more,1000,BE2 0AC,offwind-ac,0.49690190390981587,0.4964170920009411,0.00048481190887478265
new_more,1000,BE2 0AC,offwind-ac,0.4732846987615791,0.47320018423516597,8.45145264131153e-05
new_more,1000,BE2 0AC,offwind-ac,0.4684274592450947,0.46815561772834285,0.0002718415167518584
new_more,1000,BE2 0AC,offwind-ac,0.46268083621252154,0.45751192601306595,0.00516891019945559
new_more,1000,DK2 0AC,offwind-ac,0.5024357277273058,0.49118046007142985,0.011255267655875978
new_more,1000,DK2 0AC,offwind-ac,0.4785487056597623,0.45521861475180336,0.023330090907958956
new_more,1000,DK2 0AC,offwind-ac,0.47363061364381726,0.4482160269584563,0.02541458668536095
new_more,1000,DK2 0AC,offwind-ac,0.4678202754907029,0.4383648274849774,0.02945544800572547
new_more,1000,DK2 0AC,offwind-ac,0.5125891550249367,0.5019980013755588,0.010591153649377905
new_more,1000,DK2 0AC,offwind-ac,0.4882197308055295,0.4862811338159453,0.001938596989584207
new_more,1000,DK2 0AC,offwind-ac,0.483202404817307,0.4723362060233194,0.010866198793987591
new_more,1000,DK2 0AC,offwind-ac,0.47727478760638653,0.4576372387454641,0.01963754886092245
new_more,1000,DK2 0AC,offwind-ac,0.4586510563558862,0.43505832090459157,0.023592735451294644
new_more,1000,DK2 0AC,offwind-ac,0.43683163866680486,0.4064029067825453,0.03042873188425954
new_more,1000,DK2 0AC,offwind-ac,0.4323485106406189,0.40014573632635714,0.03220277431426177
new_more,1000,DK2 0AC,offwind-ac,0.42704400760181244,0.39253505248851867,0.03450895511329377
new_more,1000,GB1 0AC,offwind-ac,0.40088940323547245,0.3813612672842033,0.019528135951269177
new_more,1000,GB1 0AC,offwind-ac,0.3818025129353358,0.37572506282355134,0.006077450111784455
new_more,1000,GB1 0AC,offwind-ac,0.3778705014836311,0.34964112283260207,0.028229378651029036
new_more,1000,GB1 0AC,offwind-ac,0.3732403358232603,0.34328749725667185,0.02995283856658848
new_more,1000,GB1 0AC,offwind-ac,0.3825145681955705,0.3399948872198442,0.04251968097572628
new_more,1000,GB1 0AC,offwind-ac,0.36432056286391984,0.31986372691341336,0.04445683595050648
new_more,1000,GB1 0AC,offwind-ac,0.3605816035456895,0.3157382761558698,0.04484332738981972
new_more,1000,GB1 0AC,offwind-ac,0.35616328416922716,0.30495633075158496,0.0512069534176422
new_more,1000,GB1 0AC,offwind-ac,0.46236232497777613,0.4388022495710976,0.023560075406678538
new_more,1000,GB1 0AC,offwind-ac,0.4403867483178853,0.43430174902130975,0.006084999296575577
new_more,1000,GB1 0AC,offwind-ac,0.4358603414892938,0.4291727474149002,0.006687594074393621
new_more,1000,GB1 0AC,offwind-ac,0.43051960814822177,0.3976577025324825,0.03286190561573926
new_more,1000,NL2 0AC,offwind-ac,0.48466732422831205,0.4816874143856469,0.0029799098426651627
new_more,1000,NL2 0AC,offwind-ac,0.46161167028990724,0.4610344626265959,0.0005772076633113188
new_more,1000,NL2 0AC,offwind-ac,0.45687422905829866,0.45627437130722587,0.0005998577510727965
new_more,1000,NL2 0AC,offwind-ac,0.4512692175463561,0.4492793919305223,0.001989825615833829
new_more,1000,NO0 0AC,offwind-ac,0.3027309077393482,0.24280962399809655,0.059921283741251635
new_more,1000,NO0 0AC,offwind-ac,0.28831561638729,0.22969668934032395,0.05861892704696603
new_more,1000,NO0 0AC,offwind-ac,0.28534984067024627,0.22609814670883044,0.05925169396141583
new_more,1000,NO0 0AC,offwind-ac,0.28185335965816366,0.2227253756930801,0.059127983965083564
new_more,1000,NO0 0AC,offwind-ac,0.3142602346393687,0.2627672210024676,0.05149301363690112
new_more,1000,NO0 0AC,offwind-ac,0.2992899466790007,0.2534309960295957,0.04585895064940504
new_more,1000,NO0 0AC,offwind-ac,0.2962183853973881,0.24982691523025793,0.04639147016713016
new_more,1000,NO0 0AC,offwind-ac,0.2925887287011062,0.24544816268626532,0.04714056601484087
new_more,1000,DK2 0AC,offwind-float,0.5087342353242434,0.39459004004631626,0.11414419527792719
new_more,1000,DK2 0AC,offwind-float,0.4845415802422,0.3830147533620904,0.10152682688010961
new_more,1000,DK2 0AC,offwind-float,0.47956881328588263,0.3771878833833247,0.10238092990255793
new_more,1000,DK2 0AC,offwind-float,0.47369250634384086,0.3549998397939837,0.11869266654985716
new_more,1000,GB1 0AC,offwind-float,0.5166454412041621,0.41492202017445684,0.10172342102970527
new_more,1000,GB1 0AC,offwind-float,0.4920631914498752,0.3989447347952592,0.09311845665461599
new_more,1000,GB1 0AC,offwind-float,0.4870064154306938,0.39400087639170817,0.09300553903898562
new_more,1000,GB1 0AC,offwind-float,0.48103897321899963,0.387125932778742,0.09391304044025761
new_more,1000,GB1 0AC,offwind-float,0.47150016264783473,0.36133880172458976,0.11016136092324497
new_more,1000,GB1 0AC,offwind-float,0.44907675932943564,0.34928009380121,0.09979666552822564
new_more,1000,GB1 0AC,offwind-float,0.44446113074162685,0.34478888000612934,0.09967225073549751
new_more,1000,GB1 0AC,offwind-float,0.43900139996423826,0.3400214857782649,0.09897991418597335
new_more,1000,GB1 0AC,offwind-float,0.487843474368629,0.3798485025497026,0.10799497181892642
new_more,1000,GB1 0AC,offwind-float,0.46464352000843406,0.3649854169498562,0.09965810305857786
new_more,1000,GB1 0AC,offwind-float,0.4598749634242706,0.36072934544976415,0.09914561797450644
new_more,1000,GB1 0AC,offwind-float,0.45423997139564937,0.3557017349345318,0.09853823646111759
new_more,1000,GB1 0AC,offwind-float,0.508819405147419,0.4047263356820074,0.10409306946541158
new_more,1000,GB1 0AC,offwind-float,0.4846292284163987,0.3890749284476028,0.09555429996879594
new_more,1000,GB1 0AC,offwind-float,0.4796555619419343,0.3839494887988897,0.09570607314304463
new_more,1000,GB1 0AC,offwind-float,0.47377819204142724,0.3778293197916964,0.09594887224973081
new_more,1000,GB1 0AC,offwind-float,0.5186254835371628,0.41906010785844366,0.09956537567871909
new_more,1000,GB1 0AC,offwind-float,0.4939623176481697,0.4015451602743715,0.09241715737379824
new_more,1000,GB1 0AC,offwind-float,0.48889286728306613,0.39628455725284645,0.09260831003021969
new_more,1000,GB1 0AC,offwind-float,0.48289552213460685,0.38979535517406827,0.09310016696053858
new_more,1000,GB1 0AC,offwind-float,0.5209651401327343,0.4205528986494534,0.10041224148328093
new_more,1000,GB1 0AC,offwind-float,0.49619744793863024,0.40435158640651747,0.09184586153211277
new_more,1000,GB1 0AC,offwind-float,0.4911050588155237,0.39946642924653336,0.09163862956899033
new_more,1000,GB1 0AC,offwind-float,0.4850805611275077,0.39133231552626885,0.09374824560123884
new_more,1000,GB1 0AC,offwind-float,0.4772566056561034,0.35728061660401583,0.11997598905208756
new_more,1000,GB1 0AC,offwind-float,0.45457312009196466,0.3456192578014934,0.10895386229047127
new_more,1000,GB1 0AC,offwind-float,0.4499079142912706,0.34166847604525546,0.10823943824601512
new_more,1000,GB1 0AC,offwind-float,0.44438827142567805,0.3371262929857646,0.10726197843991347
new_more,1000,GB1 0AC,offwind-float,0.4801900273999261,0.3578925368879934,0.12229749051193273
new_more,1000,GB1 0AC,offwind-float,0.4573671195019927,0.3486630586467236,0.10870406085526912
new_more,1000,GB1 0AC,offwind-float,0.45266644858936944,0.34468475941027843,0.10798168917909101
new_more,1000,GB1 0AC,offwind-float,0.44711978475180775,0.3395339938232522,0.10758579092855552
new_more,1000,GB1 0AC,offwind-float,0.4971893628180251,0.373613852154542,0.1235755106634831
new_more,1000,GB1 0AC,offwind-float,0.47354518815889834,0.3605394120123549,0.11300577614654345
new_more,1000,GB1 0AC,offwind-float,0.46868527528450155,0.3566094900649485,0.11207578521955303
new_more,1000,GB1 0AC,offwind-float,0.4629354809862951,0.35196942362571976,0.11096605736057535
new_more,1000,GB1 0AC,offwind-float,0.5101840609952136,0.3877847102098407,0.12239935078537295
new_more,1000,GB1 0AC,offwind-float,0.4859287966456686,0.3750639164561219,0.11086488018954671
new_more,1000,GB1 0AC,offwind-float,0.48094179292583356,0.3704344137271568,0.11050737919867676
new_more,1000,GB1 0AC,offwind-float,0.47504189564425026,0.36137304891558614,0.11366884672866412
new_more,1000,GB1 0AC,offwind-float,0.5070253224798393,0.38857728958890353,0.1184480328909358
new_more,1000,GB1 0AC,offwind-float,0.4829201774772646,0.3755937799246955,0.10732639755256912
new_more,1000,GB1 0AC,offwind-float,0.47796405069884146,0.37073770353241386,0.1072263471664276
new_more,1000,GB1 0AC,offwind-float,0.47210740741563084,0.36500289544574843,0.10710451196988241
new_more,1000,GB4 0AC,offwind-float,0.5257702570403178,0.3862456711586638,0.13952458588165395
new_more,1000,GB4 0AC,offwind-float,0.5007809705762113,0.3703970717853007,0.1303838987909106
new_more,1000,GB4 0AC,offwind-float,0.4956279178701391,0.36595357031175396,0.12967434755838514
new_more,1000,GB4 0AC,offwind-float,0.4895548336875073,0.361080236497617,0.1284745971898903
new_more,1000,GB4 0AC,offwind-float,0.5287234696255662,0.3904231662652694,0.13830030336029675
new_more,1000,GB4 0AC,offwind-float,0.5035802890233098,0.3753872534249749,0.12819303559833484
new_more,1000,GB4 0AC,offwind-float,0.4984121310710941,0.371437023151286,0.1269751079198081
new_more,1000,GB4 0AC,offwind-float,0.49229812072134205,0.362642499020872,0.12965562170047007
new_more,1000,GB4 0AC,offwind-float,0.5166863929287847,0.38117782337944084,0.13550856954934387
new_more,1000,GB4 0AC,offwind-float,0.4921221972980637,0.3659221141491964,0.12620008314886733
new_more,1000,GB4 0AC,offwind-float,0.48707163177183815,0.3615201914829783,0.12555144028885984
new_more,1000,GB4 0AC,offwind-float,0.4811033904438804,0.35251496587364173,0.12858842457023867
new_more,1000,NO0 0AC,offwind-float,0.4967109386919876,0.4134872384222157,0.08322370026977194
new_more,1000,NO0 0AC,offwind-float,0.4731028099121249,0.3963586696575766,0.07674414025454829
new_more,1000,NO0 0AC,offwind-float,0.4682474370896399,0.3913379714548973,0.0769094656347426
new_more,1000,NO0 0AC,offwind-float,0.462509854517683,0.3850044876568704,0.07750536686081261
new_more,1000,NO0 0AC,offwind-float,0.45639380333846363,0.36988322679667573,0.0865105765417879
new_more,1000,NO0 0AC,offwind-float,0.43468835302069564,0.3594981943641649,0.07519015865653073
new_more,1000,NO0 0AC,offwind-float,0.4302272211667134,0.35497079313668334,0.07525642803003008
new_more,1000,NO0 0AC,offwind-float,0.424948682896932,0.34663094607459805,0.07831773682233395
new_more,1000,NO0 0AC,offwind-float,0.513591593097626,0.4333672943607776,0.08022429873684844
new_more,1000,NO0 0AC,offwind-float,0.48917459850005357,0.4139594193683453,0.07521517913170828
new_more,1000,NO0 0AC,offwind-float,0.4841542836736667,0.4086566213500339,0.07549766232363281
new_more,1000,NO0 0AC,offwind-float,0.47822178952610656,0.40067234199443597,0.07754944753167059
new_more,1000,NO0 0AC,offwind-float,0.5233201943015879,0.441408873025896,0.08191132127569195
new_more,1000,NO0 0AC,offwind-float,0.4984473566453273,0.42650515627020125,0.07194220037512605
new_more,1000,NO0 0AC,offwind-float,0.4933318770958722,0.42089905355285284,0.07243282354301933
new_more,1000,NO0 0AC,offwind-float,0.4872869270203116,0.414028160713758,0.07325876630655365
new_more,1000,NO0 0AC,offwind-float,0.5095480763413109,0.4271006184479017,0.08244745789340924
new_more,1000,NO0 0AC,offwind-float,0.485316457997514,0.4092086402983928,0.07610781769912117
new_more,1000,NO0 0AC,offwind-float,0.4803357386039778,0.40406495350427585,0.07627078509970198
new_more,1000,NO0 0AC,offwind-float,0.4744500342856974,0.3981454605430553,0.0763045737426421
new_more,1000,NO0 0AC,offwind-float,0.47168399498297986,0.38778001755067043,0.08390397743230943
new_more,1000,NO0 0AC,offwind-float,0.4492518040290571,0.37221879739398606,0.07703300663507107
new_more,1000,NO0 0AC,offwind-float,0.444641209980503,0.3675181951192948,0.0771230148612082
new_more,1000,NO0 0AC,offwind-float,0.43919288190632366,0.3569669137466253,0.08222596815969835
new_more,1000,NO0 0AC,offwind-float,0.5208766825281235,0.44157579784787626,0.07930088468024721
new_more,1000,NO0 0AC,offwind-float,0.4961066819667916,0.4236805649095085,0.07242611705728308
new_more,1000,NO0 0AC,offwind-float,0.49099473033918517,0.41811762053646706,0.07287710980271811
new_more,1000,NO0 0AC,offwind-float,0.4849716328617543,0.40941548952539186,0.07555614333636246
new_more,1000,NO0 0AC,offwind-float,0.49334271128969354,0.41126056153815,0.08208214975154354
new_more,1000,NO0 0AC,offwind-float,0.46988798162562195,0.3962415542142946,0.07364642741132738
new_more,1000,NO0 0AC,offwind-float,0.4650519934497736,0.3911602789861856,0.073891714463588
new_more,1000,NO0 0AC,offwind-float,0.4593467596915261,0.38200574448143215,0.07734101521009396
new_more,1000,NO0 0AC,offwind-float,0.5213371492652877,0.4389070941319336,0.08243005513335416
new_more,1000,NO0 0AC,offwind-float,0.49653166898351303,0.4243851340971112,0.07214653488640183
new_more,1000,NO0 0AC,offwind-float,0.4914358498072679,0.41663330208365146,0.07480254772361644
new_more,1000,NO0 0AC,offwind-float,0.48541413234819464,0.40675395581966217,0.07866017652853247
new_more,1000,NO0 0AC,offwind-float,0.5063936009809817,0.4240903404891994,0.08230326049178233
new_more,1000,NO0 0AC,offwind-float,0.48231191698387155,0.40923307799287156,0.07307883899099998
new_more,1000,NO0 0AC,offwind-float,0.47735524177381083,0.4038572689419706,0.07349797283184023
new_more,1000,NO0 0AC,offwind-float,0.4714856109372237,0.39304658507146695,0.07843902586575674
new_more,1000,NO0 0AC,offwind-float,0.5425118933058689,0.46494718073623365,0.07756471256963526
new_more,1000,NO0 0AC,offwind-float,0.5167203209433324,0.44388448718710055,0.07283583375623187
new_more,1000,NO0 0AC,offwind-float,0.5114173091019951,0.43808328316983364,0.07333402593216148
new_more,1000,NO0 0AC,offwind-float,0.5051507525609948,0.42692487100560433,0.07822588155539051
new_more,1000,NO0 0AC,offwind-float,0.5351754116315652,0.4565972124794266,0.07857819915213865
new_more,1000,NO0 0AC,offwind-float,0.5097391084350119,0.4388299788618895,0.0709091295731224
new_more,1000,NO0 0AC,offwind-float,0.5045009236057907,0.4305562671764615,0.07394465642932918
new_more,1000,NO0 0AC,offwind-float,0.4983191157035243,0.40679607959274683,0.09152303611077744
new_more,1000,NO0 0AC,offwind-float,0.2826624840689383,0.18755688755314961,0.09510559651578868
new_more,1000,NO0 0AC,offwind-float,0.2691874700919308,0.1825241385936271,0.08666333149830369
new_more,1000,NO0 0AC,offwind-float,0.2664180056436381,0.18168592351740645,0.08473208212623165
new_more,1000,NO0 0AC,offwind-float,0.26314670531159756,0.17754220152017555,0.08560450379142201
new_more,1000,NO0 0AC,offwind-float,0.5535317128794242,0.47858822406709484,0.07494348881232932
new_more,1000,NO0 0AC,offwind-float,0.5272161821505769,0.4581673977016016,0.06904878444897528
new_more,1000,NO0 0AC,offwind-float,0.5217986399472925,0.4492916444743983,0.07250699547289419
new_more,1000,NO0 0AC,offwind-float,0.5154048777064556,0.43887638016641906,0.07652849754003654
new_more,1000,NO0 0AC,offwind-float,0.5554078402964687,0.47938918487432597,0.07601865542214276
new_more,1000,NO0 0AC,offwind-float,0.5290032899746565,0.46052285235662055,0.06848043761803596
new_more,1000,NO0 0AC,offwind-float,0.5235674140645665,0.4521633835316632,0.07140403053290334
new_more,1000,NO0 0AC,offwind-float,0.5171519784802254,0.44265353518725775,0.07449844329296768
new_more,1000,NO0 0AC,offwind-float,0.5590180897555118,0.48590355413627184,0.07311453561923997
new_more,1000,NO0 0AC,offwind-float,0.532428561837558,0.46384712127154837,0.06858144056600968
new_more,1000,NO0 0AC,offwind-float,0.5269575170860777,0.45529250957498235,0.07166500751109539
new_more,1000,NO0 0AC,offwind-float,0.5205005415071255,0.447854063871818,0.07264647763530757
new_more,1000,DE2 0AC,offwind-dc,0.508414326368073,0.5079663634757473,0.00044796289232573727
new_more,1000,DE2 0AC,offwind-dc,0.4842499483456523,0.48411974757262544,0.00013020077302688948
new_more,1000,DE2 0AC,offwind-dc,0.47928017435736425,0.47846860940433567,0.0008115649530285873
new_more,1000,DE2 0AC,offwind-dc,0.47340740419855865,0.46810967244658025,0.005297731751978396
new_more,1000,DE2 0AC,offwind-dc,0.5141267515801341,0.5136849461843342,0.00044180539579985467
new_more,1000,DE2 0AC,offwind-dc,0.4896841684712883,0.4895595444640301,0.00012462400725821166
new_more,1000,DE2 0AC,offwind-dc,0.4846586240158702,0.4821597347362816,0.0024988892795885786
new_more,1000,DE2 0AC,offwind-dc,0.47871995002806206,0.47165758069943814,0.007062369328623919
new_more,1000,DE2 0AC,offwind-dc,0.517130677455566,0.5167405768291878,0.0003901006263781204
new_more,1000,DE2 0AC,offwind-dc,0.49255202077943583,0.4924643091712905,8.771160814530221e-05
new_more,1000,DE2 0AC,offwind-dc,0.48749021689136235,0.486245886370156,0.0012443305212063716
new_more,1000,DE2 0AC,offwind-dc,0.48151004515090995,0.47550594777587896,0.006004097375030992
new_more,1000,DE2 0AC,offwind-dc,0.5151764449203006,0.5147701355004058,0.0004063094198947237
new_more,1000,DE2 0AC,offwind-dc,0.4906840617989575,0.4905863003026381,9.7761496319404e-05
new_more,1000,DE2 0AC,offwind-dc,0.48564825561017644,0.4832583366649666,0.0023899189452098457
new_more,1000,DE2 0AC,offwind-dc,0.47969066227505613,0.472518290465474,0.007172371809582134
new_more,1000,DE2 0AC,offwind-dc,0.5219412560684197,0.5215488203494139,0.00039243571900582364
new_more,1000,DE2 0AC,offwind-dc,0.49711404429529876,0.4970250374016526,8.900689364615966e-05
new_more,1000,DE2 0AC,offwind-dc,0.49201224830132584,0.4919137800933273,9.846820799852551e-05
new_more,1000,DE2 0AC,offwind-dc,0.4859834680508905,0.48275035016480544,0.0032331178860850462
new_more,1000,DE2 0AC,offwind-dc,0.5224715803681235,0.5220460407237084,0.00042553964441505165
new_more,1000,DE2 0AC,offwind-dc,0.49761913298311483,0.49750846299916285,0.00011066998395198313
new_more,1000,DE2 0AC,offwind-dc,0.49250535650524113,0.4923822730800133,0.00012308342522782123
new_more,1000,DE2 0AC,offwind-dc,0.48647053404546775,0.4851363445655046,0.001334189479963166
new_more,1000,DK2 0AC,offwind-dc,0.5116471933896652,0.4807920921185581,0.030855101271107133
new_more,1000,DK2 0AC,offwind-dc,0.48732236322622835,0.4500531292971495,0.03726923392907883
new_more,1000,DK2 0AC,offwind-dc,0.48232105757209937,0.4428784888541354,0.03944256871796398
new_more,1000,DK2 0AC,offwind-dc,0.47641102651840306,0.43283249030228976,0.043578536216113295
new_more,1000,DK2 0AC,offwind-dc,0.5218137590289534,0.49817644633103886,0.02363731269791458
new_more,1000,DK2 0AC,offwind-dc,0.4970058592603285,0.46499768697378957,0.032008172286538905
new_more,1000,DK2 0AC,offwind-dc,0.4919051735507749,0.45758302902459924,0.03432214452617566
new_more,1000,DK2 0AC,offwind-dc,0.4858708644034942,0.44838615248913827,0.03748471191435593
new_more,1000,DK2 0AC,offwind-dc,0.5179164581323941,0.4900991293159516,0.027817328816442444
new_more,1000,DK2 0AC,offwind-dc,0.49330045415833634,0.4582083005710995,0.03509215358723683
new_more,1000,DK2 0AC,offwind-dc,0.48823098357554046,0.4508627797138117,0.03736820386172873
new_more,1000,DK2 0AC,offwind-dc,0.48224853634664916,0.4410521815091291,0.041196354837520044
new_more,1000,DK2 0AC,offwind-dc,0.5162523502804308,0.48526027892132123,0.030992071359109585
new_more,1000,DK2 0AC,offwind-dc,0.49170877535693847,0.4543829246634539,0.03732585069348454
new_more,1000,DK2 0AC,offwind-dc,0.48666245270903685,0.44720817633164045,0.0394542763773964
new_more,1000,DK2 0AC,offwind-dc,0.480692408977026,0.4388025768398023,0.04188983213722369
new_more,1000,DK2 0AC,offwind-dc,0.5177144704593267,0.4897886788081733,0.027925791651153442
new_more,1000,DK2 0AC,offwind-dc,0.49310149895018573,0.45797077759680643,0.0351307213533793
new_more,1000,DK2 0AC,offwind-dc,0.48804088301942417,0.45081133129765705,0.03722955172176712
new_more,1000,DK2 0AC,offwind-dc,0.48206076515221485,0.44075983945580494,0.04130092569640992
new_more,1000,DK2 0AC,offwind-dc,0.5248600225303992,0.5026943532989545,0.022165669231444696
new_more,1000,DK2 0AC,offwind-dc,0.49988736788489513,0.4677891838649068,0.03209818401998832
new_more,1000,DK2 0AC,offwind-dc,0.4947571097475936,0.46136390892062773,0.033393200826965896
new_more,1000,DK2 0AC,offwind-dc,0.48869469584975495,0.452114255959997,0.036580439889757954
new_more,1000,DK2 0AC,offwind-dc,0.5310037970338463,0.5198625720087708,0.011141225025075419
new_more,1000,DK2 0AC,offwind-dc,0.5057457031475524,0.47895530982919887,0.026790393318353534
new_more,1000,DK2 0AC,offwind-dc,0.5005553219223652,0.471479148611136,0.029076173311229192
new_more,1000,DK2 0AC,offwind-dc,0.4944218607138798,0.4617990636782178,0.032622797035661955
new_more,1000,DK2 0AC,offwind-dc,0.5266629647308535,0.5040936354391475,0.022569329291705964
new_more,1000,DK2 0AC,offwind-dc,0.5016245091255714,0.47016003723604494,0.0314644718895265
new_more,1000,DK2 0AC,offwind-dc,0.49646958753292886,0.46299095935063844,0.033478628182290415
new_more,1000,DK2 0AC,offwind-dc,0.4903861901081817,0.45391518288519694,0.03647100722298474
new_more,1000,DK2 0AC,offwind-dc,0.5210409198839026,0.49297313558738787,0.028067784296514686
new_more,1000,DK2 0AC,offwind-dc,0.4962630241554784,0.46003848884405213,0.036224535311426276
new_more,1000,DK2 0AC,offwind-dc,0.4911699620349294,0.4537763990223779,0.037393563012551534
new_more,1000,DK2 0AC,offwind-dc,0.4851515025820465,0.4454893152741047,0.0396621873079418
new_more,1000,DK2 0AC,offwind-dc,0.5230536237425358,0.49601878467038185,0.027034839072153982
new_more,1000,DK2 0AC,offwind-dc,0.49818669307002333,0.4625400421353349,0.03564665093468844
new_more,1000,DK2 0AC,offwind-dc,0.4930738886660394,0.4560918333555671,0.03698205531047233
new_more,1000,DK2 0AC,offwind-dc,0.48703209980355033,0.44438612458173404,0.04264597522181629
new_more,1000,DK2 0AC,offwind-dc,0.5351815716922916,0.5242987166987346,0.010882854993557012
new_more,1000,DK2 0AC,offwind-dc,0.5097384305259371,0.48227653477116594,0.027461895754771204
new_more,1000,DK2 0AC,offwind-dc,0.5045070726259249,0.4750557632762081,0.029451309349716792
new_more,1000,DK2 0AC,offwind-dc,0.4983251893777879,0.46580736670909706,0.032517822668690854
new_more,1000,DK2 0AC,offwind-dc,0.5504193661901805,0.5393699529988629,0.01104941319131758
new_more,1000,DK2 0AC,offwind-dc,0.5242517593814771,0.5221296194847317,0.0021221398967453675
new_more,1000,DK2 0AC,offwind-dc,0.5188646569465329,0.516543610183986,0.0023210467625469633
new_more,1000,DK2 0AC,offwind-dc,0.512500071834664,0.4940075556476272,0.018492516187036734
new_more,1000,DK2 0AC,offwind-dc,0.5435363533127184,0.5329591313154238,0.010577221997294606
new_more,1000,DK2 0AC,offwind-dc,0.5176960049099015,0.4971956696517474,0.020500335258154145
new_more,1000,DK2 0AC,offwind-dc,0.5123829797917132,0.49028598825375785,0.022096991537955357
new_more,1000,DK2 0AC,offwind-dc,0.5060910340540985,0.48086681732670117,0.02522421672739733
new_more,1000,DK2 0AC,offwind-dc,0.5399843737412926,0.5294484237055831,0.010535950035709507
new_more,1000,DK2 0AC,offwind-dc,0.5143127098345261,0.4909907768422067,0.02332193299231944
new_more,1000,DK2 0AC,offwind-dc,0.5090344068921847,0.4840538642281821,0.024980542664002625
new_more,1000,DK2 0AC,offwind-dc,0.5027970487986434,0.47204901478079986,0.03074803401784354
new_more,1000,DK2 0AC,offwind-dc,0.5518371520399096,0.5413075780848695,0.010529573955040061
new_more,1000,DK2 0AC,offwind-dc,0.5256023730249028,0.5236453959616156,0.001956977063287124
new_more,1000,DK2 0AC,offwind-dc,0.5202013641373623,0.5180753280584562,0.002126036078906046
new_more,1000,DK2 0AC,offwind-dc,0.513820325474256,0.49577404351113397,0.01804628196312208
new_more,1000,GB1 0AC,offwind-dc,0.5083400561623098,0.4852529543182471,0.023087101844062707
new_more,1000,GB1 0AC,offwind-dc,0.4841724642107826,0.47844128009440506,0.005731184116377519
new_more,1000,GB1 0AC,offwind-dc,0.47919668388290276,0.4728861262782639,0.006310557604638889
new_more,1000,GB1 0AC,offwind-dc,0.4733249367590423,0.44789894263111524,0.025425994127927065
new_more,1000,GB1 0AC,offwind-dc,0.5097338611230532,0.48581943340651634,0.023914427716536846
new_more,1000,GB1 0AC,offwind-dc,0.4854999917193619,0.4503824384251143,0.03511755329424765
new_more,1000,GB1 0AC,offwind-dc,0.48051738875078365,0.445230219899637,0.03528716885114663
new_more,1000,GB1 0AC,offwind-dc,0.4746294586163344,0.43729439433676703,0.03733506427956734
new_more,1000,GB1 0AC,offwind-dc,0.5124607631030632,0.4887400351017932,0.02372072800127001
new_more,1000,GB1 0AC,offwind-dc,0.48809067458046823,0.45258908241415285,0.03550159216631538
new_more,1000,GB1 0AC,offwind-dc,0.4830814838789661,0.44747244480637977,0.035609039072586335
new_more,1000,GB1 0AC,offwind-dc,0.4771621350834522,0.4399774175092056,0.03718471757424657
new_more,1000,GB1 0AC,offwind-dc,0.5085202911841421,0.4850110902176833,0.02350920096645881
new_more,1000,GB1 0AC,offwind-dc,0.48433045530261976,0.44756534534482084,0.036765109957798914
new_more,1000,GB1 0AC,offwind-dc,0.4793598550852698,0.4419433624325416,0.03741649265272817
new_more,1000,GB1 0AC,offwind-dc,0.4734861085735371,0.43427095964782375,0.03921514892571337
new_more,1000,GB1 0AC,offwind-dc,0.5151312501712513,0.4909700007273182,0.024161249443933053
new_more,1000,GB1 0AC,offwind-dc,0.49064092682026483,0.4531215806096731,0.03751934621059172
new_more,1000,GB1 0AC,offwind-dc,0.485605563318356,0.4511996047530054,0.034405958565350614
new_more,1000,GB1 0AC,offwind-dc,0.47965528618655123,0.44384344218010624,0.03581184400644499
new_more,1000,GB1 0AC,offwind-dc,0.504825731011482,0.48072350202733133,0.024102228984150653
new_more,1000,GB1 0AC,offwind-dc,0.4808186492360491,0.4427560154268282,0.038062633809220925
new_more,1000,GB1 0AC,offwind-dc,0.4758840900807605,0.4365716182221507,0.03931247185860981
new_more,1000,GB1 0AC,offwind-dc,0.4700529332067588,0.42783704226950214,0.04221589093725664
new_more,1000,GB1 0AC,offwind-dc,0.5144715044897831,0.49046359293561603,0.02400791155416704
new_more,1000,GB1 0AC,offwind-dc,0.49001242046586796,0.4549581980117746,0.03505422245409334
new_more,1000,GB1 0AC,offwind-dc,0.4849766933787206,0.44970617830015996,0.03527051507856066
new_more,1000,GB1 0AC,offwind-dc,0.4790205189498786,0.44200689429309026,0.03701362465678837
new_more,1000,GB1 0AC,offwind-dc,0.5142051908317794,0.4909479970894942,0.023257193742285187
new_more,1000,GB1 0AC,offwind-dc,0.4897524835082573,0.45109211944956606,0.03866036405869122
new_more,1000,GB1 0AC,offwind-dc,0.4847262379473565,0.44979360632898124,0.03493263161837523
new_more,1000,GB1 0AC,offwind-dc,0.47877991023047994,0.4428983161589062,0.035881594071573764
new_more,1000,GB1 0AC,offwind-dc,0.5137362382641931,0.49082082069683763,0.02291541756735549
new_more,1000,GB1 0AC,offwind-dc,0.4893189155779614,0.45324129120877826,0.03607762436918316
new_more,1000,GB1 0AC,offwind-dc,0.4842971196502087,0.4480880697448351,0.0362090499053736
new_more,1000,GB1 0AC,offwind-dc,0.47836287528867033,0.4415561326914128,0.036806742597257525
new_more,1000,GB1 0AC,offwind-dc,0.5192146820886813,0.4945671577707854,0.024647524317895853
new_more,1000,GB1 0AC,offwind-dc,0.49453040495496076,0.4874798651607376,0.007050539794223154
new_more,1000,GB1 0AC,offwind-dc,0.4894482837110884,0.4552201864673015,0.03422809724378689
new_more,1000,GB1 0AC,offwind-dc,0.48345092052219535,0.44869911036052923,0.03475181016166612
new_more,1000,GB1 0AC,offwind-dc,0.5166233387480458,0.4916985556028053,0.024924783145240492
new_more,1000,GB1 0AC,offwind-dc,0.492035658277304,0.45731068684864273,0.034724971428661267
new_more,1000,GB1 0AC,offwind-dc,0.48697914560512967,0.4521734183455599,0.03480572725956976
new_more,1000,GB1 0AC,offwind-dc,0.48101203753915306,0.4445277783883748,0.03648425915077824
new_more,1000,GB1 0AC,offwind-dc,0.5248451947708567,0.5001301862876316,0.024715008483225054
new_more,1000,GB1 0AC,offwind-dc,0.49989327078693685,0.49243922191289885,0.0074540488740379995
new_more,1000,GB1 0AC,offwind-dc,0.49475616511181303,0.48657622503798237,0.00817994007383066
new_more,1000,GB1 0AC,offwind-dc,0.48868693588820317,0.48026770663478124,0.008419229253421923
new_more,1000,GB1 0AC,offwind-dc,0.5087681648724267,0.48532341503755083,0.023444749834875878
new_more,1000,GB1 0AC,offwind-dc,0.48456672968659553,0.477979030615412,0.006587699071183506
new_more,1000,GB1 0AC,offwind-dc,0.4795868910418606,0.4723516994887332,0.007235191553127407
new_more,1000,GB1 0AC,offwind-dc,0.47370358131126217,0.4638003202676359,0.009903261043626266
new_more,1000,GB4 0AC,offwind-dc,0.5240240066231064,0.489555328473509,0.03446867814959742
new_more,1000,GB4 0AC,offwind-dc,0.4991042331857471,0.4188182028488692,0.08028603033687787
new_more,1000,GB4 0AC,offwind-dc,0.4939751953625793,0.41434847359024474,0.07962672177233454
new_more,1000,GB4 0AC,offwind-dc,0.487922362506713,0.40812614138980113,0.07979622111691187
new_more,1000,GB4 0AC,offwind-dc,0.5247033453821671,0.49270699523613337,0.03199635014603375
new_more,1000,GB4 0AC,offwind-dc,0.49975132971929265,0.4895558792521834,0.010195450467109235
new_more,1000,GB4 0AC,offwind-dc,0.49462246771830287,0.415782573123331,0.07883989459497187
new_more,1000,GB4 0AC,offwind-dc,0.48856170363143914,0.41134836596148494,0.0772133376699542
new_more,1000,NL2 0AC,offwind-dc,0.508151753606294,0.5046257119371159,0.003526041669178137
new_more,1000,NL2 0AC,offwind-dc,0.48399320958884573,0.47555652988688285,0.00843667970196288
new_more,1000,NL2 0AC,offwind-dc,0.4790260704662912,0.4678092809627289,0.011216789503562308
new_more,1000,NL2 0AC,offwind-dc,0.47313600722923355,0.4584623230445317,0.01467368418470183
new_more,1000,NL2 0AC,offwind-dc,0.5087335144424214,0.5053673459371651,0.003366168505256284
new_more,1000,NL2 0AC,offwind-dc,0.48455396575920534,0.4839148722968602,0.0006390934623451416
new_more,1000,NL2 0AC,offwind-dc,0.4795742829305672,0.4787559377177771,0.000818345212790117
new_more,1000,NL2 0AC,offwind-dc,0.47369106187760895,0.4636624858819755,0.010028575995633449
new_more,1000,NL2 0AC,offwind-dc,0.5081864164325824,0.5047366174033052,0.003449799029277223
new_more,1000,NL2 0AC,offwind-dc,0.48401966964902743,0.47482729742369817,0.00919237222532926
new_more,1000,NL2 0AC,offwind-dc,0.4790522589714232,0.4670483941894971,0.012003864781926055
new_more,1000,NL2 0AC,offwind-dc,0.4731822815312587,0.4577071361619087,0.015475145369349963
new_more,1000,NL2 0AC,offwind-dc,0.5212019217652637,0.5179130818083786,0.0032888399568851145
new_more,1000,NL2 0AC,offwind-dc,0.4964097684780301,0.4957935953379804,0.0006161731400496917
new_more,1000,NL2 0AC,offwind-dc,0.49131520034572085,0.4840220114839423,0.007293188861778543
new_more,1000,NL2 0AC,offwind-dc,0.48528819259758543,0.47458149847124365,0.010706694126341787
new_more,1000,NL2 0AC,offwind-dc,0.5177086235923831,0.5144915138914617,0.0032171097009213723
new_more,1000,NL2 0AC,offwind-dc,0.4931024977671706,0.4857437593402603,0.007358738426910261
new_more,1000,NL2 0AC,offwind-dc,0.4880418715857221,0.47812173178393136,0.00992013980179074
new_more,1000,NL2 0AC,offwind-dc,0.4820617416053002,0.46879427470945423,0.013267466895845959
new_more,1000,NL2 0AC,offwind-dc,0.5173106913600384,0.5140668263389725,0.0032438650210658837
new_more,1000,NL2 0AC,offwind-dc,0.4927100438745148,0.48478567327381594,0.007924370600698838
new_more,1000,NL2 0AC,offwind-dc,0.4876534453799127,0.47708693894199156,0.01056650643792112
new_more,1000,NL2 0AC,offwind-dc,0.4816780749075038,0.46617839971871505,0.015499675188788753
new_more,1000,NL2 0AC,offwind-dc,0.5139768830698929,0.5105429766912332,0.0034339063786597013
new_more,1000,NL2 0AC,offwind-dc,0.48954137007557036,0.4811518366886302,0.008389533386940151
new_more,1000,NL2 0AC,offwind-dc,0.48451729113554365,0.4734179457509091,0.011099345384634529
new_more,1000,NL2 0AC,offwind-dc,0.4785803489438048,0.46427469311039377,0.014305655833411035
new_more,1000,NL2 0AC,offwind-dc,0.5175645972336435,0.5142622872638707,0.0033023099697727654
new_more,1000,NL2 0AC,offwind-dc,0.492965316824064,0.48570433421120546,0.007260982612858569
new_more,1000,NL2 0AC,offwind-dc,0.48790609850705624,0.478073829609671,0.009832268897385255
new_more,1000,NL2 0AC,offwind-dc,0.4819276321967117,0.46699127959319897,0.014936352603512726
new_more,1000,NL2 0AC,offwind-dc,0.5199351084249202,0.5167133270888762,0.003221781336044005
new_more,1000,NL2 0AC,offwind-dc,0.49520971609805864,0.4945931713173267,0.0006165447807319202
new_more,1000,NL2 0AC,offwind-dc,0.4901274638970632,0.48147582110922854,0.008651642787834646
new_more,1000,NL2 0AC,offwind-dc,0.48412177850053023,0.47159615525860044,0.012525623241929795
new_more,1000,NO0 0AC,offwind-dc,0.510369751353735,0.5103695467346984,2.0461903660340397e-07
new_more,1000,NO0 0AC,offwind-dc,0.486105824864036,0.47387505339757846,0.012230771466457513
new_more,1000,NO0 0AC,offwind-dc,0.4811170043340228,0.4668403056832275,0.014276698650795339
new_more,1000,NO0 0AC,offwind-dc,0.4752217269219427,0.45816504870943486,0.017056678212507836
new_more,1000,NO0 0AC,offwind-dc,0.5381846023064525,0.5381843392121367,2.6309431577775655e-07
new_more,1000,NO0 0AC,offwind-dc,0.512598451181653,0.5125984358703932,1.5311259815575795e-08
new_more,1000,NO0 0AC,offwind-dc,0.5073377413812239,0.5054601295545861,0.001877611826637815
new_more,1000,NO0 0AC,offwind-dc,0.5011211730618385,0.49594194044153256,0.005179232620305896
new_more,1000,NO0 0AC,offwind-dc,0.5444051641731279,0.5444048986463499,2.6552677800939506e-07
new_more,1000,NO0 0AC,offwind-dc,0.5185301809121062,0.5185301660015877,1.4910518486566104e-08
new_more,1000,NO0 0AC,offwind-dc,0.5132085947889832,0.5132085770171173,1.7771865867821646e-08
new_more,1000,NO0 0AC,offwind-dc,0.506920089063161,0.5040339430513456,0.0028861460118153603
new_more,1000,NO0 0AC,offwind-dc,0.5378097547748417,0.5378095378007418,2.1697409990917293e-07
new_more,1000,NO0 0AC,offwind-dc,0.5122415504803304,0.5122415304748552,2.0005475165341124e-08
new_more,1000,NO0 0AC,offwind-dc,0.5069777159005896,0.5040397617363204,0.0029379541642692297
new_more,1000,NO0 0AC,offwind-dc,0.5007655590862323,0.4946186436011388,0.0061469154850935515
new_more,1000,DK2 0AC,offwind-ac,0.5053214566924411,0.4930288335531947,0.012292623139246395
new_more,1000,DK2 0AC,offwind-ac,0.4812972970867806,0.4600749766171223,0.021222320469658273
new_more,1000,DK2 0AC,offwind-ac,0.4763578256508686,0.45319131198070806,0.023166513670160538
new_more,1000,DK2 0AC,offwind-ac,0.47051409561699337,0.44480572398009527,0.025708371636898097
new_more,1000,DK2 0AC,offwind-ac,0.46390003487910303,0.4324663177292157,0.03143371714988735
new_more,1000,DK2 0AC,offwind-ac,0.5008515831284096,0.4846416367430237,0.01620994638538592
new_more,1000,DK2 0AC,offwind-ac,0.47703324246112466,0.47010968162736816,0.0069235608337565036
new_more,1000,DK2 0AC,offwind-ac,0.4721375322849415,0.4527067418352473,0.019430790449694202
new_more,1000,DK2 0AC,offwind-ac,0.46634547276456234,0.4441482017305184,0.022197271034043953
new_more,1000,DK2 0AC,offwind-ac,0.45979001074878506,0.43370515075891863,0.026084859989866427
new_more,1000,DK2 0AC,offwind-float,0.5069824739235627,0.3906565399039767,0.11632593401958596
new_more,1000,DK2 0AC,offwind-float,0.4828861502850312,0.3813499243385228,0.10153622594650835
new_more,1000,DK2 0AC,offwind-float,0.47792355874207476,0.3754823703491416,0.10244118839293315
new_more,1000,DK2 0AC,offwind-float,0.47206741161949856,0.37017683553439995,0.1018905760850986
new_more,1000,DK2 0AC,offwind-float,0.46543151577298675,0.36186067279525547,0.10357084297773128
new_more,1000,GB1 0AC,offwind-float,0.5208838940486694,0.421521603403301,0.09936229064536839
new_more,1000,GB1 0AC,offwind-float,0.4961134556425737,0.40474968827416713,0.09136376736840657
new_more,1000,GB1 0AC,offwind-float,0.4910151259325575,0.39973006699148933,0.09128505894106814
new_more,1000,GB1 0AC,offwind-float,0.48499856373495487,0.3928214799110021,0.09217708382395279
new_more,1000,GB1 0AC,offwind-float,0.47817406929110284,0.38509760354544115,0.0930764657456617
new_more,1000,GB1 0AC,offwind-float,0.5052420504547692,0.39936939818184025,0.10587265227292897
new_more,1000,GB1 0AC,offwind-float,0.4812150145954798,0.38355762871665844,0.09765738587882133
new_more,1000,GB1 0AC,offwind-float,0.4762763876106334,0.3787612461251556,0.0975151414854778
new_more,1000,GB1 0AC,offwind-float,0.4704404237920718,0.37245532907049517,0.09798509472157663
new_more,1000,GB1 0AC,offwind-float,0.46382739866592876,0.361787261319341,0.10204013734658773
new_more,1000,GB1 0AC,offwind-float,0.5150318909680701,0.411845158010276,0.10318673295779413
new_more,1000,GB1 0AC,offwind-float,0.490539610706602,0.39522647375479686,0.09531313695180516
new_more,1000,GB1 0AC,offwind-float,0.4855052869945539,0.39009756771439275,0.09540771928016117
new_more,1000,GB1 0AC,offwind-float,0.4795562385799662,0.3837076012521591,0.09584863732780713
new_more,1000,GB1 0AC,offwind-float,0.4728150715910307,0.3766128974907398,0.09620217410029092
new_more,1000,GB1 0AC,offwind-float,0.5037547663639944,0.3950794876150453,0.10867527874894911
new_more,1000,GB1 0AC,offwind-float,0.4798052901334649,0.3805229972872337,0.09928229284623119
new_more,1000,GB1 0AC,offwind-float,0.4748743465382723,0.3755897413098161,0.09928460522845622
new_more,1000,GB1 0AC,offwind-float,0.46905556236829976,0.3695467008950294,0.09950886147327037
new_more,1000,GB1 0AC,offwind-float,0.46245524895028683,0.35791133768357947,0.10454391126670737
new_more,1000,GB1 0AC,offwind-float,0.495218677801006,0.3779235312348293,0.11729514656617668
new_more,1000,GB1 0AC,offwind-float,0.4716679146716177,0.3640053258972963,0.10766258877432144
new_more,1000,GB1 0AC,offwind-float,0.4668272679323601,0.3600172153556529,0.10681005257670723
new_more,1000,GB1 0AC,offwind-float,0.46110026980946134,0.353765322473557,0.10733494733590432
new_more,1000,GB1 0AC,offwind-float,0.45461173407364314,0.3487369790575258,0.10587475501611732
new_more,1000,GB1 0AC,offwind-float,0.5036756411365132,0.39271925823049525,0.11095638290601795
new_more,1000,GB1 0AC,offwind-float,0.47972284101418994,0.3792809824192498,0.10044185859494015
new_more,1000,GB1 0AC,offwind-float,0.47479952795033753,0.3742631223173943,0.10053640563294325
new_more,1000,GB1 0AC,offwind-float,0.46897482012829766,0.36837351965217546,0.1006013004761222
new_more,1000,GB1 0AC,offwind-float,0.4623756105312448,0.36231488656794414,0.10006072396330068
new_more,1000,GB1 0AC,offwind-float,0.516050062003222,0.41461927221954714,0.10143078978367487
new_more,1000,GB1 0AC,offwind-float,0.49151620449817907,0.3965525529062439,0.09496365159193515
new_more,1000,GB1 0AC,offwind-float,0.48646507842140174,0.3917542554114703,0.09471082300993144
new_more,1000,GB1 0AC,offwind-float,0.4804974913032437,0.3850387766521115,0.0954587146511322
new_more,1000,GB1 0AC,offwind-float,0.4737430930365643,0.37705609273647345,0.09668700030009086
new_more,1000,GB1 0AC,offwind-float,0.5107421690593381,0.4049862400222181,0.10575592903712
new_more,1000,GB1 0AC,offwind-float,0.48646034242690295,0.39031996682798314,0.0961403755989198
new_more,1000,GB1 0AC,offwind-float,0.48146788354407566,0.385214638862328,0.09625324468174767
new_more,1000,GB1 0AC,offwind-float,0.47556830669908673,0.3789501390507648,0.09661816764832193
new_more,1000,GB1 0AC,offwind-float,0.4688831984423431,0.3694401193672748,0.09944307907506833
new_more,1000,GB1 0AC,offwind-float,0.512885159865266,0.40874274154642065,0.1041424183188453
new_more,1000,GB1 0AC,offwind-float,0.4884949579668561,0.39269563333796864,0.09579932462888746
new_more,1000,GB1 0AC,offwind-float,0.4834747842744973,0.3875467463674138,0.09592803790708349
new_more,1000,GB1 0AC,offwind-float,0.4775506162459963,0.3812483157812449,0.09630230046475141
new_more,1000,GB1 0AC,offwind-float,0.47083764247817306,0.37440231961389886,0.0964353228642742
new_more,1000,GB1 0AC,offwind-float,0.4937383243319565,0.37264155721797587,0.12109676711398065
new_more,1000,GB1 0AC,offwind-float,0.4702649443559812,0.3619717860636969,0.10829315829228431
new_more,1000,GB1 0AC,offwind-float,0.46543869605993415,0.35747982176595106,0.1079588742939831
new_more,1000,GB1 0AC,offwind-float,0.459735529871933,0.3517611545847335,0.1079743752871995
new_more,1000,GB1 0AC,offwind-float,0.45326617783648254,0.34630298068722404,0.1069631971492585
new_more,1000,GB1 0AC,offwind-float,0.4943105330172522,0.37163659065851895,0.12267394235873325
new_more,1000,GB1 0AC,offwind-float,0.4707963846223161,0.3611239952694449,0.10967238935287121
new_more,1000,GB1 0AC,offwind-float,0.4659578905454603,0.3564689586277412,0.10948893191771908
new_more,1000,GB1 0AC,offwind-float,0.46024836250473844,0.3509667219656139,0.10928164053912454
new_more,1000,GB1 0AC,offwind-float,0.4537786081392945,0.34539914317212206,0.10837946496717243
new_more,1000,GB1 0AC,offwind-float,0.499958497166228,0.3761072958647865,0.1238512013014415
new_more,1000,GB1 0AC,offwind-float,0.4761894898478974,0.36551904106554794,0.11067044878234944
new_more,1000,GB1 0AC,offwind-float,0.4713024389597618,0.360838717646006,0.11046372131375581
new_more,1000,GB1 0AC,offwind-float,0.4655137942039571,0.35514817152529293,0.11036562267866418
new_more,1000,GB1 0AC,offwind-float,0.4589700231716498,0.34788726519620927,0.11108275797544054
new_more,1000,GB1 0AC,offwind-float,0.5014143634545152,0.39203412154274736,0.10938024191176782
new_more,1000,GB1 0AC,offwind-float,0.47756943789769474,0.37995366752911497,0.09761577036857977
new_more,1000,GB1 0AC,offwind-float,0.4726613987588498,0.3751652134357284,0.09749618532312143
new_more,1000,GB1 0AC,offwind-float,0.4668697305314455,0.36899869186272577,0.09787103866871971
new_more,1000,GB1 0AC,offwind-float,0.4602865313290829,0.3623907810739425,0.09789575025514041
new_more,1000,GB1 0AC,offwind-float,0.5070454898212152,0.4006887005005051,0.10635678932071013
new_more,1000,GB1 0AC,offwind-float,0.48294617110584726,0.38591476514380507,0.09703140596204218
new_more,1000,GB1 0AC,offwind-float,0.4779897775592816,0.38079086889285463,0.097198908666427
new_more,1000,GB1 0AC,offwind-float,0.4721328190367885,0.3747493666844492,0.0973834523523393
new_more,1000,GB1 0AC,offwind-float,0.465496003752082,0.36798534723988313,0.09751065651219887
new_more,1000,GB1 0AC,offwind-float,0.5091581405676171,0.38648740983002167,0.12267073073759543
new_more,1000,GB1 0AC,offwind-float,0.48494504789327203,0.37169390392654683,0.1132511439667252
new_more,1000,GB1 0AC,offwind-float,0.47996814021779854,0.3678499334588248,0.11211820675897377
new_more,1000,GB1 0AC,offwind-float,0.47408694019773095,0.3612127056333733,0.11287423456435763
new_more,1000,GB1 0AC,offwind-float,0.46741587580047733,0.35516906371130497,0.11224681208917237
new_more,1000,GB1 0AC,offwind-float,0.5037414089908605,0.3961493442950225,0.10759206469583799
new_more,1000,GB1 0AC,offwind-float,0.4797790189868069,0.3818743990553038,0.09790461993150312
new_more,1000,GB1 0AC,offwind-float,0.4748551293780774,0.3768600987041961,0.09799503067388127
new_more,1000,GB1 0AC,offwind-float,0.4690229978965499,0.37080122451297753,0.09822177338357235
new_more,1000,GB1 0AC,offwind-float,0.4624163409968403,0.36403079708588715,0.09838554391095317
new_more,1000,GB1 0AC,offwind-float,0.5088290590623726,0.3857083425983147,0.12312071646405792
new_more,1000,GB1 0AC,offwind-float,0.48464496924765277,0.37348481259468497,0.1111601566529678
new_more,1000,GB1 0AC,offwind-float,0.47966431512370883,0.36880287425042096,0.11086144087328786
new_more,1000,GB1 0AC,offwind-float,0.4737868379677226,0.3629196575424921,0.11086718042523047
new_more,1000,GB1 0AC,offwind-float,0.467126771983892,0.35608543438645013,0.11104133759744189
new_more,1000,GB1 0AC,offwind-float,0.5003031181947439,0.39085676323672996,0.10944635495801397
new_more,1000,GB1 0AC,offwind-float,0.47651745014999985,0.37655028412905195,0.0999671660209479
new_more,1000,GB1 0AC,offwind-float,0.47162703346165274,0.37177543489009096,0.09985159857156178
new_more,1000,GB1 0AC,offwind-float,0.46584803963635324,0.3657503169521623,0.10009772268419093
new_more,1000,GB1 0AC,offwind-float,0.4592927349378129,0.35920055725667976,0.10009217768113315
new_more,1000,GB1 0AC,offwind-float,0.49799303531580547,0.3893324952585296,0.10866054005727588
new_more,1000,GB1 0AC,offwind-float,0.47431726221245285,0.37515485685489947,0.09916240535755338
new_more,1000,GB1 0AC,offwind-float,0.46944942567474646,0.3703707894678469,0.09907863620689955
new_more,1000,GB1 0AC,offwind-float,0.4636971147600132,0.36438619028392283,0.09931092447609036
new_more,1000,GB1 0AC,offwind-float,0.45717207878168314,0.3574995819288506,0.09967249685283253
new_more,1000,GB1 0AC,offwind-float,0.5083361406420343,0.38575503646718734,0.12258110417484691
new_more,1000,GB1 0AC,offwind-float,0.4841619266739646,0.37466240938052003,0.10949951729344459
new_more,1000,GB1 0AC,offwind-float,0.47919305603696427,0.3702562147039477,0.10893684133301657
new_more,1000,GB1 0AC,offwind-float,0.4733077576633147,0.3639533348017377,0.10935442286157698
new_more,1000,GB1 0AC,offwind-float,0.46664760380285664,0.35592960275549773,0.1107180010473589
new_more,1000,GB1 0AC,offwind-float,0.5061297239890784,0.3866944639530825,0.11943526003599592
new_more,1000,GB1 0AC,offwind-float,0.4820605186788428,0.3740452224899375,0.10801529618890532
new_more,1000,GB1 0AC,offwind-float,0.4771064016023015,0.3692921076148837,0.10781429398741782
new_more,1000,GB1 0AC,offwind-float,0.47126026736221505,0.36351271180793404,0.107747555554281
new_more,1000,GB1 0AC,offwind-float,0.4646357176181722,0.3538341930619418,0.11080152455623038
new_more,1000,GB4 0AC,offwind-float,0.524536193976375,0.3807672787542319,0.14376891522214308
new_more,1000,GB4 0AC,offwind-float,0.4995989300213478,0.36709627625594554,0.13250265376540227
new_more,1000,GB4 0AC,offwind-float,0.49447163207226397,0.36342007895876594,0.13105155311349803
new_more,1000,GB4 0AC,offwind-float,0.4884059093228807,0.35731360113993266,0.13109230818294804
new_more,1000,GB4 0AC,offwind-float,0.48154034168293547,0.3527840402638389,0.12875630141909655
new_more,1000,GB4 0AC,offwind-float,0.525588148759492,0.3849570320110003,0.1406311167484917
new_more,1000,GB4 0AC,offwind-float,0.5005808340697586,0.3688903585435857,0.1316904755261729
new_more,1000,GB4 0AC,offwind-float,0.495443459008193,0.36470644277256803,0.13073701623562495
new_more,1000,GB4 0AC,offwind-float,0.48937263505779666,0.3600645885425188,0.12930804651527783
new_more,1000,GB4 0AC,offwind-float,0.4824866795610202,0.3538387586969178,0.12864792086410243
new_more,1000,GB4 0AC,offwind-float,0.5259935104430774,0.38581860788389877,0.14017490255917864
new_more,1000,GB4 0AC,offwind-float,0.5009802713820867,0.3700680057105233,0.1309122656715634
new_more,1000,GB4 0AC,offwind-float,0.49583879696403876,0.3656796826611457,0.13015911430289306
new_more,1000,GB4 0AC,offwind-float,0.4897631288137904,0.36095527082997025,0.12880785798382016
new_more,1000,GB4 0AC,offwind-float,0.4828784826122652,0.35617035715449336,0.12670812545777183
new_more,1000,GB4 0AC,offwind-float,0.5291223549447069,0.3847587248453627,0.14436363009934422
new_more,1000,GB4 0AC,offwind-float,0.5039601852488351,0.3738844407729554,0.13007574447587972
new_more,1000,GB4 0AC,offwind-float,0.4987881284869525,0.36918612389169814,0.12960200459525434
new_more,1000,GB4 0AC,offwind-float,0.492676321253381,0.3638042623609913,0.12887205889238973
new_more,1000,GB4 0AC,offwind-float,0.4857439201054277,0.3514245641321825,0.13431935597324524
new_more,1000,GB4 0AC,offwind-float,0.5273087517042511,0.3878455035952074,0.13946324810904365
new_more,1000,GB4 0AC,offwind-float,0.502232988662655,0.3718501057506672,0.1303828829119878
new_more,1000,GB4 0AC,offwind-float,0.49707865782247035,0.3675179824073497,0.12956067541512067
new_more,1000,GB4 0AC,offwind-float,0.4909877972686133,0.36257595250965297,0.12841184475896034
new_more,1000,GB4 0AC,offwind-float,0.48407917540724144,0.35735536973390547,0.12672380567333597
new_more,1000,GB4 0AC,offwind-float,0.5264023911457948,0.3850522010291669,0.14135019011662792
new_more,1000,GB4 0AC,offwind-float,0.501383060037599,0.3694848859283274,0.13189817410927163
new_more,1000,GB4 0AC,offwind-float,0.49623745186880985,0.36527693935190614,0.13096051251690372
new_more,1000,GB4 0AC,offwind-float,0.4901500639804433,0.3599572556379132,0.1301928083425301
new_more,1000,GB4 0AC,offwind-float,0.48325997859501746,0.3551002908517584,0.12815968774325903
new_more,1000,GB4 0AC,offwind-float,0.5241777417641255,0.38788057794531705,0.1362971638188084
new_more,1000,GB4 0AC,offwind-float,0.49925075377640515,0.372011677074638,0.12723907670176715
new_more,1000,GB4 0AC,offwind-float,0.49412702910027956,0.3677520478397684,0.12637498126051117
new_more,1000,GB4 0AC,offwind-float,0.48807233577804815,0.3625935232244498,0.12547881255359833
new_more,1000,GB4 0AC,offwind-float,0.4812114572126847,0.3555992642939899,0.1256121929186948
new_more,1000,GB4 0AC,offwind-float,0.5240651112071805,0.3829826330244736,0.14108247818270686
new_more,1000,GB4 0AC,offwind-float,0.49915024284822557,0.36723657903811474,0.13191366381011083
new_more,1000,GB4 0AC,offwind-float,0.4940207296951368,0.36284753067866526,0.1311731990164715
new_more,1000,GB4 0AC,offwind-float,0.4879673388928255,0.3579741932955854,0.12999314559724012
new_more,1000,GB4 0AC,offwind-float,0.4811079362785177,0.35267502217042956,0.12843291410808816
new_more,1000,GB4 0AC,offwind-float,0.5244843319149327,0.3868437795054837,0.137640552409449
new_more,1000,GB4 0AC,offwind-float,0.4995426496217216,0.36886835938422136,0.13067429023750027
new_more,1000,GB4 0AC,offwind-float,0.4944159292687058,0.36503251643574586,0.12938341283295995
new_more,1000,GB4 0AC,offwind-float,0.4883576959621838,0.3598389124907166,0.12851878347146722
new_more,1000,GB4 0AC,offwind-float,0.4814928060619684,0.35403096287303376,0.12746184318893466
new_more,1000,GB4 0AC,offwind-float,0.5203636587087472,0.38254349446905644,0.1378201642396908
new_more,1000,GB4 0AC,offwind-float,0.4956245302747066,0.36644873337208,0.1291757969026266
new_more,1000,GB4 0AC,offwind-float,0.4905380209071134,0.36226182975665294,0.12827619115046046
new_more,1000,GB4 0AC,offwind-float,0.48452730482688827,0.3574487939089342,0.12707851091795408
new_more,1000,GB4 0AC,offwind-float,0.47770942969047553,0.35071036671349554,0.12699906297698
new_more,1000,GB4 0AC,offwind-float,0.5207271077548553,0.3833799183136256,0.1373471894412297
new_more,1000,GB4 0AC,offwind-float,0.4959640675318275,0.370005460155938,0.1259586073758895
new_more,1000,GB4 0AC,offwind-float,0.4908740735517232,0.3660438287108927,0.1248302448408305
new_more,1000,GB4 0AC,offwind-float,0.48485923971314165,0.3599872826166938,0.12487195709644783
new_more,1000,GB4 0AC,offwind-float,0.4780435279402885,0.3548366094426516,0.12320691849763687
new_more,1000,GB4 0AC,offwind-float,0.5204508304310738,0.37885310796681615,0.1415977224642576
new_more,1000,GB4 0AC,offwind-float,0.4956874999908975,0.361718477222576,0.1339690227683215
new_more,1000,GB4 0AC,offwind-float,0.4906003443759301,0.3581599036971685,0.1324404406787616
new_more,1000,GB4 0AC,offwind-float,0.48458202613259305,0.3533012028675158,0.13128082326507723
new_more,1000,GB4 0AC,offwind-float,0.4777634323515824,0.34791579808623735,0.12984763426534507
new_more,1000,GB4 0AC,offwind-float,0.5049800222629817,0.3620747854295414,0.14290523683344025
new_more,1000,GB4 0AC,offwind-float,0.48096548294254415,0.3494175029725709,0.13154797996997325
new_more,1000,GB4 0AC,offwind-float,0.4760294168581631,0.34523788661415916,0.13079153024400392
new_more,1000,GB4 0AC,offwind-float,0.47019647924961977,0.34059173951088545,0.12960473973873432
new_more,1000,GB4 0AC,offwind-float,0.4635732921030373,0.33418129402873986,0.12939199807429747
new_more,1000,GB4 0AC,offwind-float,0.502106532842632,0.35930448480136945,0.1428020480412625
new_more,1000,GB4 0AC,offwind-float,0.47823528709703544,0.3470971253045151,0.13113816179252036
new_more,1000,GB4 0AC,offwind-float,0.47332724054335823,0.34266227854754744,0.1306649619958108
new_more,1000,GB4 0AC,offwind-float,0.46752741354792693,0.33821651068757375,0.12931090286035318
new_more,1000,GB4 0AC,offwind-float,0.4609553368797883,0.3330537422117326,0.12790159466805567
new_more,1000,NO0 0AC,offwind-float,0.4990154983037744,0.41748362373819303,0.08153187456558136
new_more,1000,NO0 0AC,offwind-float,0.4752847575918114,0.40053674101821146,0.07474801657359992
new_more,1000,NO0 0AC,offwind-float,0.47040016278925745,0.3931779893323283,0.07722217345692917
new_more,1000,NO0 0AC,offwind-float,0.4646362021947467,0.3865474632946447,0.07808873890010204
new_more,1000,NO0 0AC,offwind-float,0.45810476755555934,0.37975106311498813,0.07835370444057121
new_more,1000,NO0 0AC,offwind-float,0.4960844225183165,0.4120079580675813,0.08407646445073524
new_more,1000,NO0 0AC,offwind-float,0.47249937277612347,0.3985144363734073,0.0739849364027162
new_more,1000,NO0 0AC,offwind-float,0.46764338364805613,0.3907886380401011,0.07685474560795502
new_more,1000,NO0 0AC,offwind-float,0.4619132027321992,0.38431317708350765,0.07760002564869156
new_more,1000,NO0 0AC,offwind-float,0.45542004555165183,0.37790126799904306,0.07751877755260878
new_more,1000,NO0 0AC,offwind-float,0.4952562352584407,0.4110700833594073,0.08418615189903339
new_more,1000,NO0 0AC,offwind-float,0.47171043980833105,0.39763644656227687,0.07407399324605418
new_more,1000,NO0 0AC,offwind-float,0.4668625397995895,0.39258375993745714,0.07427877986213238
new_more,1000,NO0 0AC,offwind-float,0.46113516039075897,0.3860540182152739,0.07508114217548506
new_more,1000,NO0 0AC,offwind-float,0.45464617850474176,0.3767978845065468,0.07784829399819498
new_more,1000,NO0 0AC,offwind-float,0.4953738619709942,0.41009746840833444,0.08527639356265976
new_more,1000,NO0 0AC,offwind-float,0.4718161723735491,0.3974109789477823,0.07440519342576679
new_more,1000,NO0 0AC,offwind-float,0.46697400409097867,0.39234791856066187,0.0746260855303168
new_more,1000,NO0 0AC,offwind-float,0.4612384694077323,0.3832956782577862,0.07794279114994607
new_more,1000,NO0 0AC,offwind-float,0.4547547970167619,0.3763296751536974,0.0784251218630645
new_more,1000,NO0 0AC,offwind-float,0.4943913304397772,0.410003913279027,0.08438741716075016
new_more,1000,NO0 0AC,offwind-float,0.4708934501084007,0.39410813402986655,0.07678531607853417
new_more,1000,NO0 0AC,offwind-float,0.4660607515658425,0.3893812678838144,0.0766794836820281
new_more,1000,NO0 0AC,offwind-float,0.46034996313680654,0.38290048673631916,0.07744947640048738
new_more,1000,NO0 0AC,offwind-float,0.45387878056175573,0.3708617640179892,0.08301701654376653
new_more,1000,NO0 0AC,offwind-float,0.4985151216971898,0.4146170981214217,0.08389802357576809
new_more,1000,NO0 0AC,offwind-float,0.47481443009179647,0.40153446121763997,0.0732799688741565
new_more,1000,NO0 0AC,offwind-float,0.46993469363846513,0.3941273999761427,0.07580729366232242
new_more,1000,NO0 0AC,offwind-float,0.46417643658331376,0.38764802657363895,0.07652841000967481
new_more,1000,NO0 0AC,offwind-float,0.45765146491241476,0.38053688282752834,0.07711458208488642
new_more,1000,NO0 0AC,offwind-float,0.4933790142793575,0.4096654701176535,0.08371354416170401
new_more,1000,NO0 0AC,offwind-float,0.46992254201230405,0.39585274186002634,0.07406980015227771
new_more,1000,NO0 0AC,offwind-float,0.46509980773265897,0.3908206334301572,0.07427917430250175
new_more,1000,NO0 0AC,offwind-float,0.4593940039954852,0.38171962333922277,0.07767438065626242
new_more,1000,NO0 0AC,offwind-float,0.45293625942767496,0.3752522089694493,0.07768405045822568
new_more,1000,NO0 0AC,offwind-float,0.5015653661838798,0.418528435310333,0.0830369308735468
new_more,1000,NO0 0AC,offwind-float,0.4777129837122547,0.40508415549700966,0.07262882821524502
new_more,1000,NO0 0AC,offwind-float,0.4728102974684432,0.3999048007656882,0.07290549670275503
new_more,1000,NO0 0AC,offwind-float,0.4670099890835322,0.3910998141014249,0.07591017498210728
new_more,1000,NO0 0AC,offwind-float,0.4604451858995818,0.38373878635500586,0.07670639954457592
new_more,1000,NO0 0AC,offwind-float,0.5023739696041952,0.4193990680695587,0.08297490153463655
new_more,1000,NO0 0AC,offwind-float,0.47848998296832296,0.40311181489924264,0.07537816806908032
new_more,1000,NO0 0AC,offwind-float,0.47357932251469526,0.3981485977311035,0.07543072478359175
new_more,1000,NO0 0AC,offwind-float,0.46777640667987913,0.3915197521283479,0.07625665455153124
new_more,1000,NO0 0AC,offwind-float,0.4612008298919495,0.3847750403424309,0.07642578954951862
new_more,1000,NO0 0AC,offwind-float,0.49641799193033465,0.41331569828867776,0.08310229364165689
new_more,1000,NO0 0AC,offwind-float,0.47281712557936917,0.39885490440806926,0.07396222117129991
new_more,1000,NO0 0AC,offwind-float,0.46796468468608865,0.3913007950581664,0.07666388962792225
new_more,1000,NO0 0AC,offwind-float,0.46223056676793284,0.3848704386674291,0.07736012810050374
new_more,1000,NO0 0AC,offwind-float,0.45573294837139244,0.37860554987241307,0.07712739849897937
new_more,1000,NO0 0AC,offwind-float,0.5075451765208878,0.42405239661633576,0.08349277990455206
new_more,1000,NO0 0AC,offwind-float,0.4834154645613038,0.4080666942744458,0.07534877028685799
new_more,1000,NO0 0AC,offwind-float,0.4784542547366658,0.40291351053403623,0.07554074420262957
new_more,1000,NO0 0AC,offwind-float,0.47259160482977436,0.39630317155777756,0.0762884332719968
new_more,1000,NO0 0AC,offwind-float,0.4659483403501792,0.38549256361050505,0.08045577673967413
new_more,1000,NO0 0AC,offwind-float,0.5047237887422673,0.4231951807266804,0.08152860801558692
new_more,1000,NO0 0AC,offwind-float,0.48072154505178344,0.4070595535052645,0.07366199154651892
new_more,1000,NO0 0AC,offwind-float,0.4757743615548986,0.40172452974190986,0.07404983181298874
new_more,1000,NO0 0AC,offwind-float,0.4699445492189078,0.3927128978699784,0.07723165134892945
new_more,1000,NO0 0AC,offwind-float,0.46333166709268797,0.38612124937272296,0.07721041771996501
new_more,1000,NO0 0AC,offwind-float,0.48689478880090087,0.4010530998991772,0.08584168890172367
new_more,1000,NO0 0AC,offwind-float,0.4637395902720087,0.3898799032547757,0.073859687017233
new_more,1000,NO0 0AC,offwind-float,0.45898031056336497,0.38481719763122424,0.07416311293214073
new_more,1000,NO0 0AC,offwind-float,0.45334944393738197,0.3762270346054027,0.07712240933197928
new_more,1000,NO0 0AC,offwind-float,0.4469698944900821,0.36943056756007286,0.07753932693000926
new_more,1000,NO0 0AC,offwind-float,0.48994274015123607,0.4050584321919339,0.08488430795930219
new_more,1000,NO0 0AC,offwind-float,0.4666495593689099,0.39258586442122023,0.07406369494768966
new_more,1000,NO0 0AC,offwind-float,0.4618536286154581,0.38753318980016865,0.07432043881528944
new_more,1000,NO0 0AC,offwind-float,0.45618072011322197,0.3786183286105986,0.0775623915026234
new_more,1000,NO0 0AC,offwind-float,0.44976814497808837,0.37166266494348066,0.07810548003460771
new_more,1000,NO0 0AC,offwind-float,0.46526125933526513,0.3801374767182764,0.08512378261698872
new_more,1000,NO0 0AC,offwind-float,0.4431146799531704,0.36829356435337446,0.07482111559979593
new_more,1000,NO0 0AC,offwind-float,0.43855347129394234,0.3635673449922125,0.07498612630172985
new_more,1000,NO0 0AC,offwind-float,0.43317292089864695,0.3554121102060137,0.07776081069263324
new_more,1000,NO0 0AC,offwind-float,0.4270769610782813,0.3492332889805397,0.07784367209774162
new_more,1000,NO0 0AC,offwind-float,0.5119626983353529,0.43038335626070967,0.08157934207464324
new_more,1000,NO0 0AC,offwind-float,0.48758944674353155,0.41190754762971,0.07568189911382156
new_more,1000,NO0 0AC,offwind-float,0.4825854000571701,0.40681287442886377,0.07577252562830633
new_more,1000,NO0 0AC,offwind-float,0.47667212993217256,0.4000153543339743,0.07665677559819828
new_more,1000,NO0 0AC,offwind-float,0.46996466847360363,0.3923667976161512,0.07759787085745246
new_more,1000,NO0 0AC,offwind-float,0.5062578390962422,0.4248118730157571,0.0814459660804851
new_more,1000,NO0 0AC,offwind-float,0.48219595656014913,0.40917175748378903,0.0730241990763601
new_more,1000,NO0 0AC,offwind-float,0.47724046182370733,0.4013596411290185,0.07588082069468882
new_more,1000,NO0 0AC,offwind-float,0.4713926849017203,0.3946743870683243,0.07671829783339601
new_more,1000,NO0 0AC,offwind-float,0.4647662737519147,0.3875504495993849,0.07721582415252981
new_more,1000,NO0 0AC,offwind-float,0.5150312393472571,0.4333849531720457,0.08164628617521147
new_more,1000,NO0 0AC,offwind-float,0.49055236667297886,0.4147796556153317,0.07577271105764716
new_more,1000,NO0 0AC,offwind-float,0.4855179120486403,0.409647368347224,0.07587054370141633
new_more,1000,NO0 0AC,offwind-float,0.47956870893530873,0.40280847017094545,0.07676023876436328
new_more,1000,NO0 0AC,offwind-float,0.4728273666494195,0.3959189399276605,0.07690842672175902
new_more,1000,NO0 0AC,offwind-float,0.4853126061032527,0.4014700329205858,0.08384257318266691
new_more,1000,NO0 0AC,offwind-float,0.4622327024465143,0.38843096252581427,0.07380173992070005
new_more,1000,NO0 0AC,offwind-float,0.457488887668624,0.38351391955662306,0.07397496811200094
new_more,1000,NO0 0AC,offwind-float,0.45187630162758735,0.3747448487175753,0.07713145291001205
new_more,1000,NO0 0AC,offwind-float,0.4455174066279634,0.36838468079399894,0.07713272583396447
new_more,1000,NO0 0AC,offwind-float,0.5131968874211909,0.43059325492740447,0.08260363249378638
new_more,1000,NO0 0AC,offwind-float,0.48880519949185147,0.4129441678305992,0.0758610316612523
new_more,1000,NO0 0AC,offwind-float,0.4837886757439945,0.407979298849176,0.07580937689481848
new_more,1000,NO0 0AC,offwind-float,0.4778606615049598,0.4011306754761521,0.0767299860288077
new_more,1000,NO0 0AC,offwind-float,0.4711433294018743,0.38545834248983446,0.08568498691203985
new_more,1000,NO0 0AC,offwind-float,0.46286069518029266,0.378937676134134,0.08392301904615868
new_more,1000,NO0 0AC,offwind-float,0.44084132561073525,0.3655820981857501,0.07525922742498514
new_more,1000,NO0 0AC,offwind-float,0.4363102362332718,0.36115585122701516,0.07515438500625665
new_more,1000,NO0 0AC,offwind-float,0.43096399019092735,0.3530117527802542,0.07795223741067314
new_more,1000,NO0 0AC,offwind-float,0.42489228450919936,0.3429877763140119,0.08190450819518746
new_more,1000,NO0 0AC,offwind-float,0.5306382794955059,0.4520222332731726,0.07861604622233331
new_more,1000,NO0 0AC,offwind-float,0.5054176212373174,0.43121161215950304,0.07420600907781433
new_more,1000,NO0 0AC,offwind-float,0.500230607060385,0.4257615881737363,0.0744690188866487
new_more,1000,NO0 0AC,offwind-float,0.49410112468485284,0.4185884919644255,0.07551263272042735
new_more,1000,NO0 0AC,offwind-float,0.4871554988688183,0.4028110314538778,0.0843444674149405
new_more,1000,NO0 0AC,offwind-float,0.5269022563069801,0.44702299293007375,0.07987926337690632
new_more,1000,NO0 0AC,offwind-float,0.501845893796467,0.43004442605276944,0.07180146774369761
new_more,1000,NO0 0AC,offwind-float,0.4966955356443613,0.424394974753934,0.0723005608904273
new_more,1000,NO0 0AC,offwind-float,0.4905957339008792,0.4147938472002033,0.07580188670067589
new_more,1000,NO0 0AC,offwind-float,0.48369938369161436,0.40613960135321286,0.0775597823384015
new_more,1000,NO0 0AC,offwind-float,0.445291811706349,0.344283815620164,0.10100799608618499
new_more,1000,NO0 0AC,offwind-float,0.42411407690153596,0.32989032161641585,0.09422375528512011
new_more,1000,NO0 0AC,offwind-float,0.4197614670258865,0.3247992060109245,0.09496226101496202
new_more,1000,NO0 0AC,offwind-float,0.41461799823819573,0.3198039078767171,0.09481409036147864
new_more,1000,NO0 0AC,offwind-float,0.4087896741796488,0.30920321684562124,0.09958645733402754
new_more,1000,DE2 0AC,offwind-dc,0.5205236761015246,0.5201123073097157,0.0004113687918089193
new_more,1000,DE2 0AC,offwind-dc,0.4957769356832033,0.4956761113692465,0.00010082431395680436
new_more,1000,DE2 0AC,offwind-dc,0.4906888622050978,0.4905102964634297,0.0001785657416680797
new_more,1000,DE2 0AC,offwind-dc,0.48467629781918237,0.47968769812039197,0.004988599698790397
new_more,1000,DE2 0AC,offwind-dc,0.4778631576776776,0.46743010015770065,0.010433057519976974
new_more,1000,DE2 0AC,offwind-dc,0.5193718766050656,0.51896816631783,0.0004037102872355147
new_more,1000,DE2 0AC,offwind-dc,0.49467992115799764,0.4945837223977597,9.619876023791996e-05
new_more,1000,DE2 0AC,offwind-dc,0.48960310615141234,0.4883380357620223,0.001265070389390055
new_more,1000,DE2 0AC,offwind-dc,0.48360384587464433,0.4778418009637014,0.005762044910942954
new_more,1000,DE2 0AC,offwind-dc,0.47680578129063245,0.46573514585553594,0.01107063543509651
new_more,1000,DE2 0AC,offwind-dc,0.5218939603944531,0.5214842800433458,0.00040968035110733325
new_more,1000,DE2 0AC,offwind-dc,0.49707565240708107,0.49697589481669646,9.975759038460819e-05
new_more,1000,DE2 0AC,offwind-dc,0.4919742504224583,0.49186393441628945,0.0001103160061688424
new_more,1000,DE2 0AC,offwind-dc,0.4859459357719392,0.48231728812144337,0.0036286476504958087
new_more,1000,DE2 0AC,offwind-dc,0.4791081897127229,0.4702147094626262,0.008893480250096675
new_more,1000,DE2 0AC,offwind-dc,0.5206055309021607,0.5202001037675805,0.00040542713458013857
new_more,1000,DE2 0AC,offwind-dc,0.4958550460205942,0.4957578356893747,9.72103312195105e-05
new_more,1000,DE2 0AC,offwind-dc,0.4907661709095214,0.4898079029068292,0.0009582680026922197
new_more,1000,DE2 0AC,offwind-dc,0.48475265923582594,0.47928621866306453,0.005466440572761411
new_more,1000,DE2 0AC,offwind-dc,0.47793844567473104,0.4673433097417275,0.010595135933003541
new_more,1000,DE2 0AC,offwind-dc,0.5202398539594791,0.5198325752903059,0.00040727866917322775
new_more,1000,DE2 0AC,offwind-dc,0.4955068217559002,0.49540859547134947,9.822628455075089e-05
new_more,1000,DE2 0AC,offwind-dc,0.49042152041060416,0.4903129606945183,0.00010855971608586534
new_more,1000,DE2 0AC,offwind-dc,0.4844122318474681,0.4812278425668046,0.003184389280663502
new_more,1000,DE2 0AC,offwind-dc,0.4776028037060757,0.469140638514274,0.008462165191801707
new_more,1000,DE2 0AC,offwind-dc,0.5208946868881656,0.5204749413141352,0.0004197455740304612
new_more,1000,DE2 0AC,offwind-dc,0.4961170123849791,0.4960105665508954,0.00010644583408364605
new_more,1000,DE2 0AC,offwind-dc,0.491018636299822,0.4909002215618119,0.0001184147380101086
new_more,1000,DE2 0AC,offwind-dc,0.4849952451267712,0.48052907817743606,0.00446616694933516
new_more,1000,DE2 0AC,offwind-dc,0.47817762151307264,0.4683328780247031,0.009844743488369556
new_more,1000,DK2 0AC,offwind-dc,0.5135150698145002,0.48256735820406327,0.030947711610436968
new_more,1000,DK2 0AC,offwind-dc,0.4891082590232877,0.4518228773675789,0.03728538165570877
new_more,1000,DK2 0AC,offwind-dc,0.4840886250275485,0.4446632274711348,0.03942539755641372
new_more,1000,DK2 0AC,offwind-dc,0.4781569354159534,0.4368651539123785,0.041291781503574876
new_more,1000,DK2 0AC,offwind-dc,0.4714354385627348,0.4200456249442867,0.05138981361844808
new_more,1000,DK2 0AC,offwind-dc,0.533844694374679,0.5235807221557411,0.010263972218937822
new_more,1000,DK2 0AC,offwind-dc,0.5084650587660012,0.4816618982704786,0.026803160495522615
new_more,1000,DK2 0AC,offwind-dc,0.5032467692614976,0.474612869544531,0.02863389971696656
new_more,1000,DK2 0AC,offwind-dc,0.49708032890540077,0.4654103730033849,0.03166995590201588
new_more,1000,DK2 0AC,offwind-dc,0.49009282413643196,0.4523505101542269,0.03774231398220507
new_more,1000,DK2 0AC,offwind-dc,0.526012909821742,0.5011481369115369,0.024864772910205057
new_more,1000,DK2 0AC,offwind-dc,0.5010054463621287,0.46685922213896236,0.03414622422316638
new_more,1000,DK2 0AC,offwind-dc,0.49586371357758774,0.4604969251880134,0.035366788389574355
new_more,1000,DK2 0AC,offwind-dc,0.48978774011626597,0.45147673904999547,0.0383110010662705
new_more,1000,DK2 0AC,offwind-dc,0.4828959360772235,0.4417102858819779,0.04118565019524556
new_more,1000,DK2 0AC,offwind-dc,0.5299309797696771,0.5079424537017143,0.021988526067962755
new_more,1000,DK2 0AC,offwind-dc,0.5047236598572378,0.4732236483517847,0.03150001150545306
new_more,1000,DK2 0AC,offwind-dc,0.49954376768667297,0.46647068556600524,0.03307308212066773
new_more,1000,DK2 0AC,offwind-dc,0.49342270136920785,0.457518585873539,0.035904115495668854
new_more,1000,DK2 0AC,offwind-dc,0.4864866122133021,0.4403396349607001,0.04614697725260197
new_more,1000,DK2 0AC,offwind-dc,0.5392811193151534,0.5286378906244689,0.01064322869068457
new_more,1000,DK2 0AC,offwind-dc,0.513649676313582,0.49041671607526865,0.023232960238313394
new_more,1000,DK2 0AC,offwind-dc,0.5083781779703057,0.483465829901822,0.024912348068483692
new_more,1000,DK2 0AC,offwind-dc,0.5021488608553735,0.4739846077630415,0.028164253092331948
new_more,1000,DK2 0AC,offwind-dc,0.4950901072577694,0.46241181766709305,0.03267828959067637
new_more,1000,GB1 0AC,offwind-dc,0.5109465126689409,0.48702799282283327,0.0239185198461076
new_more,1000,GB1 0AC,offwind-dc,0.486648411231171,0.48043889307642546,0.006209518154745519
new_more,1000,GB1 0AC,offwind-dc,0.4816472127307782,0.4475227925011027,0.03412442022967549
new_more,1000,GB1 0AC,offwind-dc,0.4757386293595312,0.4398115434718631,0.03592708588766813
new_more,1000,GB1 0AC,offwind-dc,0.4690511268611874,0.4315487098068525,0.03750241705433488
new_more,1000,GB1 0AC,offwind-dc,0.509995013269424,0.4868779228289475,0.023117090440476495
new_more,1000,GB1 0AC,offwind-dc,0.48574895498448,0.48024770554078694,0.005501249443693068
new_more,1000,GB1 0AC,offwind-dc,0.48076379694870286,0.44616061740611473,0.034603179542588125
new_more,1000,GB1 0AC,offwind-dc,0.47487284749739245,0.43869239993740067,0.03618044755999178
new_more,1000,GB1 0AC,offwind-dc,0.4681975153758243,0.43010388283080137,0.03809363254502296
new_more,1000,GB1 0AC,offwind-dc,0.5125957114709053,0.4884390821452841,0.024156629325621237
new_more,1000,GB1 0AC,offwind-dc,0.48821254798768354,0.4817831309502021,0.006429417037481455
new_more,1000,GB1 0AC,offwind-dc,0.48320210652035034,0.4493440722688964,0.03385803425145395
new_more,1000,GB1 0AC,offwind-dc,0.4772676630476408,0.4419854059489115,0.035282257098729286
new_more,1000,GB1 0AC,offwind-dc,0.4705518227112857,0.4334438635762948,0.03710795913499093
new_more,1000,GB1 0AC,offwind-dc,0.5147133488669672,0.4902501429854185,0.024463205881548655
new_more,1000,GB1 0AC,offwind-dc,0.4902296151837015,0.4834830956721034,0.006746519511598104
new_more,1000,GB1 0AC,offwind-dc,0.4851984729024237,0.4512337897249334,0.033964683177490296
new_more,1000,GB1 0AC,offwind-dc,0.4792531839770471,0.4439154088924821,0.03533777508456498
new_more,1000,GB1 0AC,offwind-dc,0.4725162770550665,0.4337859592941274,0.038730317760939104
new_more,1000,GB1 0AC,offwind-dc,0.5111521780472399,0.487650129844788,0.023502048202451886
new_more,1000,GB1 0AC,offwind-dc,0.48685111635531964,0.45035395995045596,0.03649715640486367
new_more,1000,GB1 0AC,offwind-dc,0.48184783410604026,0.4446483783904428,0.03719945571559746
new_more,1000,GB1 0AC,offwind-dc,0.4759436016077581,0.4361696502754607,0.03977395133229744
new_more,1000,GB1 0AC,offwind-dc,0.46925321779531126,0.42634942345808013,0.04290379433723113
new_more,1000,GB1 0AC,offwind-dc,0.5141484302880328,0.49001485416036644,0.024133576127666367
new_more,1000,GB1 0AC,offwind-dc,0.4897049597852137,0.4548849355469772,0.03482002423823655
new_more,1000,GB1 0AC,offwind-dc,0.4846792019521143,0.44899746623736914,0.035681735714745144
new_more,1000,GB1 0AC,offwind-dc,0.4787402758164052,0.4409830445771683,0.03775723123923691
new_more,1000,GB1 0AC,offwind-dc,0.47200374445077353,0.4320412626893979,0.03996248176137562
new_more,1000,GB1 0AC,offwind-dc,0.5196907428799776,0.4948929208712989,0.02479782200867875
new_more,1000,GB1 0AC,offwind-dc,0.49498369236402445,0.4876483716296754,0.00733532073434906
new_more,1000,GB1 0AC,offwind-dc,0.48990375980576295,0.48182671348351164,0.008077046322251313
new_more,1000,GB1 0AC,offwind-dc,0.48390081552555836,0.45003203097816746,0.033868784547390896
new_more,1000,GB1 0AC,offwind-dc,0.4770849541893892,0.4414432281213846,0.03564172606800459
new_more,1000,NL2 0AC,offwind-dc,0.5167594195684552,0.5133058236669941,0.003453595901461104
new_more,1000,NL2 0AC,offwind-dc,0.4921849227015646,0.490660244727428,0.0015246779741366345
new_more,1000,NL2 0AC,offwind-dc,0.48713371343530404,0.47770564903112644,0.009428064404177594
new_more,1000,NL2 0AC,offwind-dc,0.48116471140127043,0.4685000815000017,0.01266462990126871
new_more,1000,NL2 0AC,offwind-dc,0.47440093395914246,0.4577186135822799,0.01668232037686257
new_more,1000,NL2 0AC,offwind-dc,0.5211289373893941,0.5177092707732439,0.00341966661615023
new_more,1000,NL2 0AC,offwind-dc,0.49634701077149784,0.49569161402612577,0.0006553967453720722
new_more,1000,NL2 0AC,offwind-dc,0.4912530867107441,0.48413316201774315,0.007119924693000934
new_more,1000,NL2 0AC,offwind-dc,0.48522682686764923,0.47534646483442083,0.009880362033228396
new_more,1000,NL2 0AC,offwind-dc,0.47840594788771573,0.46430845651135816,0.014097491376357574
new_more,1000,NL2 0AC,offwind-dc,0.5157147814102371,0.5124286905995832,0.0032860908106538966
new_more,1000,NL2 0AC,offwind-dc,0.49119007245636825,0.48359824095058795,0.0075918315057803
new_more,1000,NL2 0AC,offwind-dc,0.48614907316718187,0.4760116838608279,0.010137389306353939
new_more,1000,NL2 0AC,offwind-dc,0.4801921362388906,0.46684331623973524,0.013348819999155381
new_more,1000,NL2 0AC,offwind-dc,0.4734351964015081,0.4563001713501211,0.01713502505138703
new_more,1000,NL2 0AC,offwind-dc,0.5196404608752286,0.5164853398384854,0.0031551210367432025
new_more,1000,NL2 0AC,offwind-dc,0.49494251693247027,0.49432948114384895,0.0006130357886213189
new_more,1000,NL2 0AC,offwind-dc,0.4898630069505858,0.4820551523331834,0.00780785461740241
new_more,1000,NL2 0AC,offwind-dc,0.48385371755550494,0.47249008140953525,0.011363636145969691
new_more,1000,NL2 0AC,offwind-dc,0.4770521405018577,0.4618865160538368,0.015165624448020887
new_more,1000,NL2 0AC,offwind-dc,0.5065500064009643,0.5032774314550285,0.0032725749459358022
new_more,1000,NL2 0AC,offwind-dc,0.4824538506248189,0.47376950923441014,0.008684341390408745
new_more,1000,NL2 0AC,offwind-dc,0.47749566388363324,0.46624478598357466,0.011250877900058576
new_more,1000,NL2 0AC,offwind-dc,0.47164475989083837,0.457231689888748,0.014413070002090356
new_more,1000,NL2 0AC,offwind-dc,0.46500796856806725,0.44270238208365786,0.02230558648440939
new_more,1000,NL2 0AC,offwind-dc,0.5158535226821431,0.512506607449824,0.0033469152323191143
new_more,1000,NL2 0AC,offwind-dc,0.4913355677784406,0.4834229470302712,0.007912620748169397
new_more,1000,NL2 0AC,offwind-dc,0.4862862593779149,0.4756024637618156,0.010683795616099334
new_more,1000,NL2 0AC,offwind-dc,0.4803276414639961,0.46648963538920785,0.013838006074788245
new_more,1000,NL2 0AC,offwind-dc,0.4735756307924252,0.45606640659406766,0.017509224198357543
new_more,1000,NL2 0AC,offwind-dc,0.5182206870011781,0.5151139740782295,0.003106712922948618
new_more,1000,NL2 0AC,offwind-dc,0.4935700162533555,0.48566154370230746,0.00790847255104804
new_more,1000,NL2 0AC,offwind-dc,0.48850459201003904,0.4786133769440707,0.00989121506596835
new_more,1000,NL2 0AC,offwind-dc,0.48251879217126464,0.46904758317993334,0.013471208991331307
new_more,1000,NL2 0AC,offwind-dc,0.4757291764041371,0.4584780415063001,0.017251134897836973
new_more,1000,NL2 0AC,offwind-dc,0.5106146200343427,0.5073190014250535,0.003295618609289175
new_more,1000,NL2 0AC,offwind-dc,0.48633214017557896,0.47493218420698013,0.01139995596859883
new_more,1000,NL2 0AC,offwind-dc,0.48134099701042193,0.4672135883169366,0.014127408693485333
new_more,1000,NL2 0AC,offwind-dc,0.47543616590723903,0.45820326676275486,0.01723289914448417
new_more,1000,NL2 0AC,offwind-dc,0.4687461574418756,0.448052102238889,0.02069405520298656
new_more,1000,NL2 0AC,offwind-dc,0.5142906875154039,0.510979054929005,0.0033116325863988827
new_more,1000,NL2 0AC,offwind-dc,0.48984040912623406,0.4801734017106818,0.009667007415552265
new_more,1000,NL2 0AC,offwind-dc,0.48481326119982837,0.47235608058234324,0.01245718061748513
new_more,1000,NL2 0AC,offwind-dc,0.47887269239414965,0.46326477604028193,0.015607916353867712
new_more,1000,NL2 0AC,offwind-dc,0.4721343535632593,0.4529828524541175,0.019151501109141766
new_more,1000,NL2 0AC,offwind-dc,0.5105079173950174,0.5072439274801732,0.003263989914844223
new_more,1000,NL2 0AC,offwind-dc,0.48623746914358235,0.47805498543627395,0.008182483707308397
new_more,1000,NL2 0AC,offwind-dc,0.4812404711878718,0.47161790740533,0.009622563782541782
new_more,1000,NL2 0AC,offwind-dc,0.4753436808977429,0.46249990256686196,0.012843778330880962
new_more,1000,NL2 0AC,offwind-dc,0.4686549227664896,0.4519459091843264,0.0167090135821632
new_more,1000,NL2 0AC,offwind-dc,0.5141670450035606,0.5110231591781256,0.003143885825435011
new_more,1000,NL2 0AC,offwind-dc,0.4897226410376092,0.48061427343796054,0.00910836759964867
new_more,1000,NL2 0AC,offwind-dc,0.4846898974178578,0.47339768831803414,0.011292209099823647
new_more,1000,NL2 0AC,offwind-dc,0.47875084022725556,0.46368589714487074,0.015064943082384818
new_more,1000,NL2 0AC,offwind-dc,0.4720209947984447,0.4531371379170846,0.018883856881360128
new_more,1000,NL2 0AC,offwind-dc,0.5164340391605895,0.5132815333468841,0.0031525058137054085
new_more,1000,NL2 0AC,offwind-dc,0.49188849294227227,0.4823747940308577,0.00951369891141457
new_more,1000,NL2 0AC,offwind-dc,0.48684032588368176,0.47511611559023365,0.011724210293448112
new_more,1000,NL2 0AC,offwind-dc,0.4808749188192512,0.46550506925905205,0.015369849560199156
new_more,1000,NL2 0AC,offwind-dc,0.47411521501860754,0.4548959136089941,0.01921930140961342
new_more,1000,NL2 0AC,offwind-dc,0.5136583895357538,0.5104725283053916,0.0031858612303622413
new_more,1000,NL2 0AC,offwind-dc,0.4892382034978309,0.4884181596836834,0.0008200438141475197
new_more,1000,NL2 0AC,offwind-dc,0.48421723590428395,0.474695405495539,0.009521830408744936
new_more,1000,NL2 0AC,offwind-dc,0.47828397038331605,0.4651898211408501,0.013094149242465936
new_more,1000,NL2 0AC,offwind-dc,0.47156068778765575,0.45496240841068913,0.016598279376966618
new_more,1000,NL2 0AC,offwind-dc,0.5206190429584182,0.517457037790243,0.0031620051681752193
new_more,1000,NL2 0AC,offwind-dc,0.4958543724467899,0.49525381200787666,0.0006005604389132668
new_more,1000,NL2 0AC,offwind-dc,0.4907655042484893,0.4833880793291139,0.0073774249193754304
new_more,1000,NL2 0AC,offwind-dc,0.4847520007436005,0.47386543853826285,0.010886562205337624
new_more,1000,NL2 0AC,offwind-dc,0.4779377964389925,0.4627805144380827,0.015157282000909766
new_more,1000,NL2 0AC,offwind-dc,0.5205431368551061,0.5172874680210624,0.0032556688340437123
new_more,1000,NL2 0AC,offwind-dc,0.495795645143017,0.49518401360644787,0.0006116315365691238
new_more,1000,NL2 0AC,offwind-dc,0.4907005807312821,0.4830945889940403,0.007605991737241802
new_more,1000,NL2 0AC,offwind-dc,0.4846810605183073,0.4738867905249826,0.010794269993324668
new_more,1000,NL2 0AC,offwind-dc,0.4778678534270947,0.4613392235020747,0.016528629925020022
new_more,1000,GB4 0AC,offwind-ac,0.5078628379416907,0.42551342367029077,0.08234941427139997
new_more,1000,GB4 0AC,offwind-ac,0.48371791072746717,0.4119471949810598,0.07177071574640737
new_more,1000,GB4 0AC,offwind-ac,0.4787535969498093,0.40695207851813747,0.07180151843167182
new_more,1000,GB4 0AC,offwind-ac,0.4728804860976459,0.40251266887157783,0.07036781722606805
new_more,1000,GB4 0AC,offwind-ac,0.46623316078699484,0.3974471818443006,0.06878597894269423
new_more,1000,GB4 0AC,offwind-ac,0.45939791363199883,0.3896960260036275,0.06970188762837132
new_more,1000,GB4 0AC,offwind-ac,0.5078628379416906,0.42583683896659097,0.08202599897509966
new_more,1000,GB4 0AC,offwind-ac,0.48371791072746717,0.4137718900439624,0.06994602068350475
new_more,1000,GB4 0AC,offwind-ac,0.4787535969498093,0.40859588597769064,0.07015771097211865
new_more,1000,GB4 0AC,offwind-ac,0.4728804860976459,0.4042593898324511,0.0686210962651948
new_more,1000,GB4 0AC,offwind-ac,0.46623316078699484,0.3993085216365418,0.06692463915045305
new_more,1000,GB4 0AC,offwind-ac,0.45939791363199883,0.39554851365720395,0.06384939997479488
new_more,1000,GB4 0AC,offwind-ac,0.5308267092593336,0.44937237826607845,0.08145433099325516
new_more,1000,GB4 0AC,offwind-ac,0.5055837831741913,0.431632316532834,0.07395146664135727
new_more,1000,GB4 0AC,offwind-ac,0.5003950637058604,0.426825665162414,0.07356939854344641
new_more,1000,GB4 0AC,offwind-ac,0.4942635661915186,0.42185382148611583,0.07240974470540279
new_more,1000,GB4 0AC,offwind-ac,0.4873088210114635,0.4161480385676548,0.07116078244380869
new_more,1000,GB4 0AC,offwind-ac,0.48017170475904924,0.41060408629770273,0.06956761846134651
new_more,1000,NO0 0AC,offwind-ac,0.2826624840689383,0.24485549008377097,0.03780699398516732
new_more,1000,NO0 0AC,offwind-ac,0.2691874700919308,0.2092550266939975,0.05993244339793327
new_more,1000,NO0 0AC,offwind-ac,0.2664180056436381,0.20731757530692257,0.059100430336715526
new_more,1000,NO0 0AC,offwind-ac,0.26314670531159756,0.20303291512609448,0.060113790185503085
new_more,1000,NO0 0AC,offwind-ac,0.2594407797338282,0.19822532046596442,0.06121545926786376
new_more,1000,NO0 0AC,offwind-ac,0.2556341885798627,0.19464376121399987,0.060990427365862826
new_more,1000,NO0 0AC,offwind-ac,0.2826624840689383,0.22680678982730382,0.055855694241634474
new_more,1000,NO0 0AC,offwind-ac,0.2691874700919308,0.2148835563019271,0.05430391379000368
new_more,1000,NO0 0AC,offwind-ac,0.2664180056436381,0.21180986635613908,0.054608139287499025
new_more,1000,NO0 0AC,offwind-ac,0.26314670531159756,0.20849081178186207,0.05465589352973549
new_more,1000,NO0 0AC,offwind-ac,0.2594407797338282,0.20476610414747123,0.05467467558635694
new_more,1000,NO0 0AC,offwind-ac,0.2556341885798627,0.19953046022880608,0.05610372835105662
new_more,1000,GB1 0AC,offwind-float,0.5104347153725757,0.40398521891353645,0.10644949645903923
new_more,1000,GB1 0AC,offwind-float,0.4861610760731886,0.38844611437429827,0.09771496169889032
new_more,1000,GB1 0AC,offwind-float,0.4811648844028691,0.3834282226123887,0.0977366617904804
new_more,1000,GB1 0AC,offwind-float,0.475269020301302,0.37718544654829905,0.09808357375300297
new_more,1000,GB1 0AC,offwind-float,0.4685813461693376,0.3699361815808971,0.09864516458844053
new_more,1000,GB1 0AC,offwind-float,0.4617185121775749,0.3599030798058658,0.10181543237170915
new_more,1000,GB1 0AC,offwind-float,0.5157935605606008,0.41305230275801585,0.10274125780258492
new_more,1000,GB1 0AC,offwind-float,0.4912784555910894,0.3969083070837831,0.0943701485073063
new_more,1000,GB1 0AC,offwind-float,0.4862365492409824,0.39159343212807846,0.09464311711290396
new_more,1000,GB1 0AC,offwind-float,0.4802785404409482,0.38530859012072977,0.09496995032021843
new_more,1000,GB1 0AC,offwind-float,0.4735272199870599,0.37804293607339334,0.09548428391366653
new_more,1000,GB1 0AC,offwind-float,0.4665919488160695,0.36711436365385053,0.099477585162219
new_more,1000,GB1 0AC,offwind-float,0.5144384957433409,0.4010748663907851,0.11336362935255578
new_more,1000,GB1 0AC,offwind-float,0.48998121460470284,0.3877828625982741,0.10219835200642874
new_more,1000,GB1 0AC,offwind-float,0.4849526216158729,0.3827691945111272,0.1021834271047457
new_more,1000,GB1 0AC,offwind-float,0.47901034518334773,0.37662822262286766,0.10238212256048007
new_more,1000,GB1 0AC,offwind-float,0.4722768518690488,0.36974648281372935,0.10253036905531943
new_more,1000,GB1 0AC,offwind-float,0.46535989356708873,0.3511283020776262,0.11423159148946255
new_more,1000,GB1 0AC,offwind-float,0.5122045749552075,0.4010662530525207,0.11113832190268685
new_more,1000,GB1 0AC,offwind-float,0.4878532317811562,0.38676984214027155,0.10108338964088465
new_more,1000,GB1 0AC,offwind-float,0.48284647791429225,0.38179912446270187,0.10104735345159038
new_more,1000,GB1 0AC,offwind-float,0.4769300087205026,0.3756516366189915,0.10127837210151114
new_more,1000,GB1 0AC,offwind-float,0.4702257588908275,0.36851356906076055,0.10171218983006697
new_more,1000,GB1 0AC,offwind-float,0.4633320624449618,0.35120282911273754,0.11212923333222424
new_more,1000,GB1 0AC,offwind-float,0.5105722965259943,0.4011315829608978,0.10944071356509655
new_more,1000,GB1 0AC,offwind-float,0.48629870519508167,0.38730623065757924,0.09899247453750243
new_more,1000,GB1 0AC,offwind-float,0.4813079051673828,0.3823683841856645,0.09893952098171832
new_more,1000,GB1 0AC,offwind-float,0.47541028858757267,0.37610104735227773,0.09930924123529494
new_more,1000,GB1 0AC,offwind-float,0.46872064069350594,0.36924095440412624,0.0994796862893797
new_more,1000,GB1 0AC,offwind-float,0.4618489822140334,0.35999268341198315,0.10185629880205027
new_more,1000,GB1 0AC,offwind-float,0.5141439868477118,0.3990352908403353,0.1151086960073765
new_more,1000,GB1 0AC,offwind-float,0.48970728431634347,0.38508466223884324,0.10462262207750023
new_more,1000,GB1 0AC,offwind-float,0.4846815026269806,0.3802432001894873,0.1044383024374933
new_more,1000,GB1 0AC,offwind-float,0.47873572723052554,0.3740508566787673,0.10468487055175824
new_more,1000,GB1 0AC,offwind-float,0.4719993028908404,0.3668610830767916,0.1051382198140488
new_more,1000,GB1 0AC,offwind-float,0.4650864095662373,0.3604260316564872,0.10466037790975014
new_more,1000,GB1 0AC,offwind-float,0.5047303788224523,0.3874631430982751,0.11726723572417719
new_more,1000,GB1 0AC,offwind-float,0.48072770272858556,0.37355179644455405,0.10717590628403151
new_more,1000,GB1 0AC,offwind-float,0.47579407694167136,0.3691635039425275,0.10663057299914386
new_more,1000,GB1 0AC,offwind-float,0.4699572527752609,0.36298016481616896,0.10697708795909194
new_more,1000,GB1 0AC,offwind-float,0.4633373395979234,0.35570245888421254,0.10763488071371086
new_more,1000,GB1 0AC,offwind-float,0.45655130923235177,0.3491213885151992,0.10742992071715257
new_more,1000,GB1 0AC,offwind-float,0.5186128231128614,0.40575162945332427,0.11286119365953712
new_more,1000,GB1 0AC,offwind-float,0.4939435280434319,0.39065433841361785,0.10328918962981404
new_more,1000,GB1 0AC,offwind-float,0.48887427051281207,0.38582095802111266,0.10305331249169941
new_more,1000,GB1 0AC,offwind-float,0.4828839408875044,0.379435053031502,0.10344888785600242
new_more,1000,GB1 0AC,offwind-float,0.476095996075365,0.3719452570951732,0.10415073898019184
new_more,1000,GB1 0AC,offwind-float,0.4691231026558575,0.3659299379009779,0.10319316475487961
new_more,1000,GB1 0AC,offwind-float,0.5114364205054804,0.40538738782610634,0.1060490326793741
new_more,1000,GB1 0AC,offwind-float,0.4871149957536039,0.3900623275824939,0.09705266817111002
new_more,1000,GB1 0AC,offwind-float,0.48211581827620476,0.3848848693340654,0.09723094894213935
new_more,1000,GB1 0AC,offwind-float,0.47620148998444695,0.3787115582711306,0.09748993171331632
new_more,1000,GB1 0AC,offwind-float,0.46950067195981676,0.3715825978933503,0.09791807406646647
new_more,1000,GB1 0AC,offwind-float,0.46261760197091595,0.3650882437790945,0.09752935819182146
new_more,1000,GB1 0AC,offwind-float,0.5111902492724519,0.40022800671272346,0.11096224255972847
new_more,1000,GB1 0AC,offwind-float,0.4868872870292791,0.3864130081069143,0.10047427892236477
new_more,1000,GB1 0AC,offwind-float,0.48188363063648354,0.3813325376944307,0.10055109294205283
new_more,1000,GB1 0AC,offwind-float,0.47597895951209696,0.3752714557353257,0.10070750377677123
new_more,1000,GB1 0AC,offwind-float,0.46928129717881817,0.3683543040553484,0.10092699312346975
new_more,1000,GB1 0AC,offwind-float,0.4624082117171245,0.3609653634919801,0.10144284822514438
new_more,1000,GB1 0AC,offwind-float,0.5152718032453143,0.4036492571734098,0.11162254607190447
new_more,1000,GB1 0AC,offwind-float,0.49076797817780066,0.38986044542116544,0.10090753275663522
new_more,1000,GB1 0AC,offwind-float,0.48572453106490426,0.38484783263353656,0.1008766984313677
new_more,1000,GB1 0AC,offwind-float,0.4797727961840225,0.3786124233609612,0.10116037282306134
new_more,1000,GB1 0AC,offwind-float,0.47301494588571247,0.37165463025850076,0.1013603156272117
new_more,1000,GB1 0AC,offwind-float,0.4660871774720225,0.3648874512240684,0.10119972624795409
new_more,1000,GB1 0AC,offwind-float,0.5095848399121068,0.401311912668645,0.10827292724346177
new_more,1000,GB1 0AC,offwind-float,0.4853381800168225,0.3856918283087964,0.0996463517080261
new_more,1000,GB1 0AC,offwind-float,0.4803572376939356,0.3809239434687482,0.09943329422518743
new_more,1000,GB1 0AC,offwind-float,0.47447126994056915,0.37457408509131374,0.09989718484925542
new_more,1000,GB1 0AC,offwind-float,0.4677947370525718,0.3670982777645646,0.10069645928800719
new_more,1000,GB1 0AC,offwind-float,0.46093663766910026,0.35957464535279,0.10136199231631027
new_more,1000,GB1 0AC,offwind-float,0.5130917033417747,0.3967200220661134,0.11637168127566128
new_more,1000,GB1 0AC,offwind-float,0.48869180317724836,0.3832348790790293,0.10545692409821905
new_more,1000,GB1 0AC,offwind-float,0.4836764431962778,0.37835451578801904,0.10532192740825874
new_more,1000,GB1 0AC,offwind-float,0.47774303104768134,0.37228790339159484,0.1054551276560865
new_more,1000,GB1 0AC,offwind-float,0.4710205146781983,0.36521847275816305,0.10580204192003523
new_more,1000,GB1 0AC,offwind-float,0.46412195666820255,0.3580550004779891,0.10606695619021345
new_more,1000,GB1 0AC,offwind-float,0.5137143635460858,0.40243094612110375,0.11128341742498205
new_more,1000,GB1 0AC,offwind-float,0.48929808054133056,0.38757211600388725,0.10172596453744331
new_more,1000,GB1 0AC,offwind-float,0.48427649843997767,0.3827075352147166,0.10156896322526104
new_more,1000,GB1 0AC,offwind-float,0.47834250675659,0.3764178798910842,0.1019246268655058
new_more,1000,GB1 0AC,offwind-float,0.47161840130964466,0.36906598008341085,0.10255242122623381
new_more,1000,GB1 0AC,offwind-float,0.4647042919136234,0.36193973312113453,0.10276455879248886
new_more,1000,GB1 0AC,offwind-float,0.5055175464817341,0.386478158465883,0.11903938801585107
new_more,1000,GB1 0AC,offwind-float,0.4814843153802396,0.3737672176413445,0.1077170977388951
new_more,1000,GB1 0AC,offwind-float,0.47654292460772607,0.36911049112627,0.10743243348145609
new_more,1000,GB1 0AC,offwind-float,0.4707036948278198,0.36319556377692563,0.10750813105089418
new_more,1000,GB1 0AC,offwind-float,0.46408013938958287,0.35627013815476116,0.1078100012348217
new_more,1000,GB1 0AC,offwind-float,0.4572832299915851,0.3503673039221138,0.10691592606947131
new_more,1000,GB1 0AC,offwind-float,0.5106147136671128,0.39820012384737885,0.1124145898197339
new_more,1000,GB1 0AC,offwind-float,0.48633248553634506,0.3847647865034506,0.10156769903289448
new_more,1000,GB1 0AC,offwind-float,0.48134133882680985,0.3797267552568869,0.10161458356992292
new_more,1000,GB1 0AC,offwind-float,0.47544331257389444,0.37370790182121133,0.10173541075268311
new_more,1000,GB1 0AC,offwind-float,0.4687531902927603,0.36683964825680315,0.10191354203595715
new_more,1000,GB1 0AC,offwind-float,0.461887839475048,0.3602702687040437,0.1016175707710043
new_more,1000,GB1 0AC,offwind-float,0.5157426150556232,0.40175232732776545,0.1139902877278578
new_more,1000,GB1 0AC,offwind-float,0.4912231191973796,0.38652773850619804,0.10469538069118156
new_more,1000,GB1 0AC,offwind-float,0.4861817807551702,0.3819735730269127,0.10420820772825751
new_more,1000,GB1 0AC,offwind-float,0.4802244430505545,0.37549034308749263,0.10473409996306188
new_more,1000,GB1 0AC,offwind-float,0.47347388304875276,0.36785492507651235,0.10561895797224041
new_more,1000,GB1 0AC,offwind-float,0.46653255675667016,0.36308217016024913,0.10345038659642103
new_more,1000,GB1 0AC,offwind-float,0.5098091876501237,0.4017754791917907,0.10803370845833304
new_more,1000,GB1 0AC,offwind-float,0.4855719748365061,0.3882097120514011,0.09736226278510501
new_more,1000,GB1 0AC,offwind-float,0.4805817853442757,0.3835597511493982,0.09702203419487748
new_more,1000,GB1 0AC,offwind-float,0.4746862574982126,0.3769343412865595,0.09775191621165308
new_more,1000,GB1 0AC,offwind-float,0.46800677564916016,0.3698821051229234,0.09812467052623675
new_more,1000,GB1 0AC,offwind-float,0.4611523568069306,0.3634639307275267,0.09768842607940392
new_more,1000,GB1 0AC,offwind-float,0.5122055275512043,0.39425499386227175,0.11795053368893255
new_more,1000,GB1 0AC,offwind-float,0.48786095787446365,0.38208408062352006,0.10577687725094359
new_more,1000,GB1 0AC,offwind-float,0.48285412471603206,0.3773517095782675,0.10550241513776454
new_more,1000,GB1 0AC,offwind-float,0.476930792466942,0.37112142001144277,0.1058093724554992
new_more,1000,GB1 0AC,offwind-float,0.47021975502531066,0.3644682787554561,0.10575147626985454
new_more,1000,GB1 0AC,offwind-float,0.463332924926829,0.35842424956676705,0.10490867536006193
new_more,1000,GB1 0AC,offwind-float,0.5069181431150712,0.3860772174511697,0.12084092566390153
new_more,1000,GB1 0AC,offwind-float,0.48281821521449064,0.37378313637462446,0.10903507883986618
new_more,1000,GB1 0AC,offwind-float,0.47786313485724535,0.3690314567069648,0.10883167815028055
new_more,1000,GB1 0AC,offwind-float,0.4720077281274639,0.3632076073634436,0.10880012076402029
new_more,1000,GB1 0AC,offwind-float,0.465372671257393,0.35639080309007387,0.10898186816731914
new_more,1000,GB1 0AC,offwind-float,0.4585568314608415,0.34968353116558193,0.10887330029525955
new_more,1000,GB1 0AC,offwind-float,0.508415260118371,0.399247076822572,0.10916818329579903
new_more,1000,GB1 0AC,offwind-float,0.48424428863814334,0.38744990121707273,0.0967943874210706
new_more,1000,GB1 0AC,offwind-float,0.4792745727344608,0.38214892509280124,0.09712564764165954
new_more,1000,GB1 0AC,offwind-float,0.4734018712140957,0.3762013225111869,0.09720054870290884
new_more,1000,GB1 0AC,offwind-float,0.46674721674399944,0.36905762933640496,0.09768958740759448
new_more,1000,GB1 0AC,offwind-float,0.4599112453789042,0.3620779616974457,0.0978332836814585
new_more,1000,GB1 0AC,offwind-float,0.5099405534515082,0.3905258153123113,0.11941473813919695
new_more,1000,GB1 0AC,offwind-float,0.4857036355216155,0.37849367109580084,0.10720996442581465
new_more,1000,GB1 0AC,offwind-float,0.4807189425916964,0.3736537143344061,0.10706522825729031
new_more,1000,GB1 0AC,offwind-float,0.4748285427548775,0.3677275697098657,0.10710097304501182
new_more,1000,GB1 0AC,offwind-float,0.46814702347473147,0.3610487493753296,0.10709827409940187
new_more,1000,GB1 0AC,offwind-float,0.46129055056536417,0.3547136057083001,0.1065769448570641
new_more,1000,GB1 0AC,offwind-float,0.5122063070226752,0.3991425666829209,0.1130637403397543
new_more,1000,GB1 0AC,offwind-float,0.4878483774381552,0.38459358602494664,0.10325479141320854
new_more,1000,GB1 0AC,offwind-float,0.48284167339057915,0.37980146277624866,0.1030402106143305
new_more,1000,GB1 0AC,offwind-float,0.47691848222194627,0.37359170628060573,0.10332677594134054
new_more,1000,GB1 0AC,offwind-float,0.4702143944213416,0.3662970676858659,0.10391732673547571
new_more,1000,GB1 0AC,offwind-float,0.46332764283416955,0.3609321322902252,0.10239551054394436
new_more,1000,GB1 0AC,offwind-float,0.5088438523063327,0.3992496584507922,0.10959419385554048
new_more,1000,GB1 0AC,offwind-float,0.48465905938487336,0.38503960594550063,0.09961945343937273
new_more,1000,GB1 0AC,offwind-float,0.47967828672030405,0.37994984616788424,0.0997284405524198
new_more,1000,GB1 0AC,offwind-float,0.4738006383659668,0.37391797072722494,0.09988266763874187
new_more,1000,GB1 0AC,offwind-float,0.46712676295849775,0.36683684200273237,0.10028992095576539
new_more,1000,GB1 0AC,offwind-float,0.46027841764919464,0.360861441124897,0.09941697652429765
new_more,1000,GB1 0AC,offwind-float,0.5140783162497071,0.39765889739441035,0.11641941885529677
new_more,1000,GB1 0AC,offwind-float,0.4896381384755628,0.38457605479123513,0.10506208368432768
new_more,1000,GB1 0AC,offwind-float,0.48460623569314526,0.3794719807336543,0.10513425495949097
new_more,1000,GB1 0AC,offwind-float,0.47866820363587137,0.3735655761750397,0.10510262746083165
new_more,1000,GB1 0AC,offwind-float,0.4719395198373701,0.3666876193177477,0.10525190051962241
new_more,1000,GB1 0AC,offwind-float,0.4650275020942959,0.3600162710667987,0.10501123102749721
new_more,1000,GB1 0AC,offwind-float,0.5067918261617617,0.3958778108929458,0.11091401526881584
new_more,1000,GB1 0AC,offwind-float,0.48269777061984864,0.3816795273994616,0.10101824322038705
new_more,1000,GB1 0AC,offwind-float,0.4777439263647763,0.3768070230536131,0.10093690331116323
new_more,1000,GB1 0AC,offwind-float,0.4718899803340069,0.37071284788874426,0.10117713244526266
new_more,1000,GB1 0AC,offwind-float,0.4652565786557039,0.3635961717586244,0.1016604068970795
new_more,1000,GB1 0AC,offwind-float,0.45844243914931454,0.3574782368257911,0.10096420232352343
new_more,1000,GB1 0AC,offwind-float,0.5060299031903412,0.3832409279258559,0.12278897526448534
new_more,1000,GB1 0AC,offwind-float,0.48196559463558486,0.3709299019445495,0.11103569269103536
new_more,1000,GB1 0AC,offwind-float,0.4770192645767946,0.3663308043931624,0.11068846018363221
new_more,1000,GB1 0AC,offwind-float,0.47117419805398614,0.3604000841200103,0.11077411393397585
new_more,1000,GB1 0AC,offwind-float,0.4645508581942753,0.35337360157348585,0.11117725662078942
new_more,1000,GB1 0AC,offwind-float,0.4577470546571066,0.34052392812082516,0.11722312653628142
new_more,1000,GB1 0AC,offwind-float,0.5056380882148854,0.3974713378237473,0.10816675039113816
new_more,1000,GB1 0AC,offwind-float,0.48159890526945404,0.383524266475857,0.09807463879359701
new_more,1000,GB1 0AC,offwind-float,0.47665633848060285,0.37842378748416605,0.0982325509964368
new_more,1000,GB1 0AC,offwind-float,0.4708157190049739,0.3724238792068986,0.09839183979807525
new_more,1000,GB1 0AC,offwind-float,0.46419741831885103,0.365609447233988,0.098587971084863
new_more,1000,GB1 0AC,offwind-float,0.4573987912557587,0.3517612976658544,0.10563749358990432
new_more,1000,GB1 0AC,offwind-float,0.5109017240044248,0.3954541032932355,0.1154476207111893
new_more,1000,GB1 0AC,offwind-float,0.48661248626480946,0.3824052808740452,0.10420720539076428
new_more,1000,GB1 0AC,offwind-float,0.48160481124509347,0.37731073041801794,0.10429408082707553
new_more,1000,GB1 0AC,offwind-float,0.47570355658207775,0.3714256008012738,0.10427795578080395
new_more,1000,GB1 0AC,offwind-float,0.4690097150855285,0.3645474946513676,0.10446222043416092
new_more,1000,GB1 0AC,offwind-float,0.4621406072103023,0.3579204351152894,0.10422017209501289
new_more,1000,GB1 0AC,offwind-float,0.5088256480826718,0.3880457769678746,0.12077987111479721
new_more,1000,GB1 0AC,offwind-float,0.4846284100913021,0.37581797649692567,0.10881043359437642
new_more,1000,GB1 0AC,offwind-float,0.4796547520151675,0.3709620504232479,0.10869270159191957
new_more,1000,GB1 0AC,offwind-float,0.4737773920389469,0.3651523892557765,0.10862500278317044
new_more,1000,GB1 0AC,offwind-float,0.4671174588374224,0.358349967654369,0.1087674911830534
new_more,1000,GB1 0AC,offwind-float,0.46027606491326734,0.3511923036491598,0.10908376126410751
new_more,1000,GB1 0AC,offwind-float,0.5097231759376925,0.3903191037291866,0.11940407220850585
new_more,1000,GB1 0AC,offwind-float,0.485489743167546,0.37863459488563467,0.10685514828191134
new_more,1000,GB1 0AC,offwind-float,0.4804935686336133,0.37399975734049257,0.10649381129312074
new_more,1000,GB1 0AC,offwind-float,0.4746059303745237,0.3677769433837772,0.1068289869907465
new_more,1000,GB1 0AC,offwind-float,0.4679343503319668,0.3612426405422391,0.1066917097897277
new_more,1000,GB1 0AC,offwind-float,0.4610741815769894,0.35459603406548795,0.10647814751150142
new_more,1000,GB1 0AC,offwind-float,0.5068664587754808,0.39366425042732067,0.11320220834816008
new_more,1000,GB1 0AC,offwind-float,0.4827756492103127,0.38036182901165383,0.10241382019865886
new_more,1000,GB1 0AC,offwind-float,0.4778210057006521,0.3753791779117204,0.10244182778893174
new_more,1000,GB1 0AC,offwind-float,0.47195930245632955,0.36943527839248713,0.10252402406384242
new_more,1000,GB1 0AC,offwind-float,0.46532492631045624,0.3625291746238952,0.10279575168656102
new_more,1000,GB1 0AC,offwind-float,0.45850301881952277,0.35668096313316366,0.1018220556863591
new_more,1000,GB1 0AC,offwind-float,0.5096722419345446,0.3892532616836372,0.12041898025090741
new_more,1000,GB1 0AC,offwind-float,0.4854348511203745,0.37745464148780733,0.10798020963256716
new_more,1000,GB1 0AC,offwind-float,0.48045291667856743,0.37260358369499286,0.10784933298357458
new_more,1000,GB1 0AC,offwind-float,0.4745657765406214,0.3667219430826566,0.10784383345796478
new_more,1000,GB1 0AC,offwind-float,0.46788799163975164,0.36006443921838505,0.1078235524213666
new_more,1000,GB1 0AC,offwind-float,0.4610285098835605,0.35405148647528334,0.10697702340827714
new_more,1000,GB1 0AC,offwind-float,0.5029020993868979,0.3932335452722332,0.1096685541146647
new_more,1000,GB1 0AC,offwind-float,0.47897278925219816,0.37802920309292015,0.10094358615927801
new_more,1000,GB1 0AC,offwind-float,0.47405036918259125,0.3735024427006071,0.10054792648198413
new_more,1000,GB1 0AC,offwind-float,0.4682416814653511,0.36720093399409187,0.10104074747125924
new_more,1000,GB1 0AC,offwind-float,0.46165956426615723,0.35978136880273615,0.10187819546342108
new_more,1000,GB1 0AC,offwind-float,0.4548912754224834,0.3543544489257614,0.10053682649672202
new_more,1000,GB1 0AC,offwind-float,0.5083215371798644,0.38605991436679565,0.12226162281306874
new_more,1000,GB1 0AC,offwind-float,0.4841548991185584,0.37383144336158003,0.11032345575697838
new_more,1000,GB1 0AC,offwind-float,0.4791861006041513,0.3690941511176086,0.11009194948654266
new_more,1000,GB1 0AC,offwind-float,0.47331448316052166,0.3632436597999739,0.11007082336054774
new_more,1000,GB1 0AC,offwind-float,0.46666105711248423,0.35641070491275195,0.11025035219973228
new_more,1000,GB1 0AC,offwind-float,0.45982634763980695,0.34927209830841693,0.11055424933139002
new_more,1000,GB1 0AC,offwind-float,0.5096234344335508,0.39221511104079176,0.11740832339275908
new_more,1000,GB1 0AC,offwind-float,0.4853816959958445,0.37895476186828597,0.10642693412755855
new_more,1000,GB1 0AC,offwind-float,0.48040030707594444,0.3741754500384216,0.10622485703752282
new_more,1000,GB1 0AC,offwind-float,0.4745070151387325,0.36816949010633565,0.10633752503239685
new_more,1000,GB1 0AC,offwind-float,0.4678368255569152,0.3611799078390467,0.1066569177178685
new_more,1000,GB1 0AC,offwind-float,0.4609848958006887,0.35497091597030533,0.10601397983038335
new_more,1000,GB1 0AC,offwind-float,0.5014897028354951,0.3895857514634791,0.11190395137201598
new_more,1000,GB1 0AC,offwind-float,0.47764120310476954,0.37512253441913257,0.10251866868563697
new_more,1000,GB1 0AC,offwind-float,0.47273925353299523,0.3705811246027697,0.10215812893022552
new_more,1000,GB1 0AC,offwind-float,0.4669398406442223,0.3644166189794627,0.10252322166475958
new_more,1000,GB1 0AC,offwind-float,0.46037602354345736,0.35713592204466404,0.10324010149879331
new_more,1000,GB1 0AC,offwind-float,0.4536333645597069,0.35191528450149095,0.10171808005821592
new_more,1000,GB1 0AC,offwind-float,0.506429161535155,0.391482498580436,0.11494666295471906
new_more,1000,GB1 0AC,offwind-float,0.4823522965970756,0.37891989670143195,0.10343239989564368
new_more,1000,GB1 0AC,offwind-float,0.4773883485640835,0.37406722641712126,0.10332112214696226
new_more,1000,GB1 0AC,offwind-float,0.47153195056840913,0.3679897879642195,0.10354216260418964
new_more,1000,GB1 0AC,offwind-float,0.46490358174807506,0.3613809949649401,0.10352258678313497
new_more,1000,GB1 0AC,offwind-float,0.45809461222806364,0.3551975690545665,0.10289704317349713
new_more,1000,GB1 0AC,offwind-float,0.5101650238965081,0.388765549081037,0.12139947481547109
new_more,1000,GB1 0AC,offwind-float,0.48591743713136326,0.37700859795356395,0.10890883917779931
new_more,1000,GB1 0AC,offwind-float,0.4809305499922711,0.3720577371424689,0.10887281284980216
new_more,1000,GB1 0AC,offwind-float,0.47503755726366576,0.3662825063114389,0.10875505095222687
new_more,1000,GB1 0AC,offwind-float,0.4683530612192545,0.35958722886243,0.10876583235682452
new_more,1000,GB1 0AC,offwind-float,0.46149357068477626,0.3538290582053458,0.10766451247943043
new_more,1000,GB1 0AC,offwind-float,0.508839873332477,0.390063340311311,0.11877653302116603
new_more,1000,GB1 0AC,offwind-float,0.4846354285538114,0.3768143613675585,0.1078210671862529
new_more,1000,GB1 0AC,offwind-float,0.47966169844840234,0.37213747050230994,0.1075242279460924
new_more,1000,GB1 0AC,offwind-float,0.47377743683937945,0.3661574751131811,0.10761996172619837
new_more,1000,GB1 0AC,offwind-float,0.467117503008091,0.35912342818825654,0.10799407481983447
new_more,1000,GB1 0AC,offwind-float,0.46027610843701317,0.35387533577310976,0.10640077266390341
new_more,1000,GB1 0AC,offwind-float,0.5069746773784514,0.3897402849668147,0.11723439241163669
new_more,1000,GB1 0AC,offwind-float,0.4828787243011995,0.37761801165621633,0.10526071264498316
new_more,1000,GB1 0AC,offwind-float,0.4779230229495975,0.37289886224364466,0.10502416070595283
new_more,1000,GB1 0AC,offwind-float,0.47206004290503767,0.3668057814884066,0.10525426141663108
new_more,1000,GB1 0AC,offwind-float,0.46542425064123566,0.3602377299973459,0.10518652064388978
new_more,1000,GB1 0AC,offwind-float,0.45860086879494416,0.3541456003089512,0.10445526848599296
new_more,1000,GB1 0AC,offwind-float,0.5098579687710311,0.38942312853061456,0.12043484024041651
new_more,1000,GB1 0AC,offwind-float,0.48561837267310654,0.3758299452251403,0.10978842744796624
new_more,1000,GB1 0AC,offwind-float,0.48062776665430573,0.3713421245176877,0.10928564213661801
new_more,1000,GB1 0AC,offwind-float,0.47473848402481766,0.36521975140059615,0.10951873262422152
new_more,1000,GB1 0AC,offwind-float,0.4680650406631758,0.35799697820283344,0.11006806246034234
new_more,1000,GB1 0AC,offwind-float,0.4612097684725961,0.35201318848290586,0.10919657998969023
new_more,1000,GB1 0AC,offwind-float,0.4979698986109843,0.38708337420355454,0.11088652440742974
new_more,1000,GB1 0AC,offwind-float,0.47430193284026606,0.3730840218492762,0.10121791099098987
new_more,1000,GB1 0AC,offwind-float,0.4694342536252715,0.3684010247943038,0.10103322883096771
new_more,1000,GB1 0AC,offwind-float,0.4636821286184147,0.362424528995099,0.10125759962331565
new_more,1000,GB1 0AC,offwind-float,0.4571573260276699,0.3553912157599531,0.10176611026771681
new_more,1000,GB1 0AC,offwind-float,0.45045498940985906,0.34453581900914315,0.10591917040071591
new_more,1000,GB1 0AC,offwind-float,0.5029081228020003,0.38785284046103546,0.11505528234096479
new_more,1000,GB1 0AC,offwind-float,0.47899211203890496,0.3752230871675205,0.10376902487138445
new_more,1000,GB1 0AC,offwind-float,0.4740695011911479,0.37030640199307535,0.10376309919807253
new_more,1000,GB1 0AC,offwind-float,0.4682605790434118,0.36448738971904376,0.10377318932436802
new_more,1000,GB1 0AC,offwind-float,0.4616781961991922,0.35787589741696546,0.10380229878222674
new_more,1000,GB1 0AC,offwind-float,0.45490290840138564,0.3505746061237018,0.10432830227768386
new_more,1000,GB1 0AC,offwind-float,0.5056994708356355,0.3881327252846975,0.11756674555093799
new_more,1000,GB1 0AC,offwind-float,0.48163760454881566,0.37532881286495223,0.10630879168386342
new_more,1000,GB1 0AC,offwind-float,0.4766878387518442,0.37043799248419723,0.10624984626764694
new_more,1000,GB1 0AC,offwind-float,0.47084683329352106,0.3646534081216059,0.10619342517191516
new_more,1000,GB1 0AC,offwind-float,0.4642212479439989,0.3578676619716985,0.10635358597230038
new_more,1000,GB1 0AC,offwind-float,0.457422271872644,0.3520728908337952,0.10534938103884878
new_more,1000,GB1 0AC,offwind-float,0.49951345446630496,0.38605847720648273,0.11345497725982223
new_more,1000,GB1 0AC,offwind-float,0.4757654936518094,0.3732562039486731,0.10250928970313633
new_more,1000,GB1 0AC,offwind-float,0.470882794163759,0.3682950667202881,0.10258772744347089
new_more,1000,GB1 0AC,offwind-float,0.465112919735784,0.3625852971228967,0.10252762261288728
new_more,1000,GB1 0AC,offwind-float,0.45856798512923297,0.35589912890638786,0.1026688562228451
new_more,1000,GB1 0AC,offwind-float,0.4518518066436691,0.34834068399706686,0.10351112264660223
new_more,1000,GB1 0AC,offwind-float,0.5073905614651293,0.38752068320349004,0.11986987826163925
new_more,1000,GB1 0AC,offwind-float,0.48327484187115516,0.37553653000606435,0.10773831186509081
new_more,1000,GB1 0AC,offwind-float,0.47831507523301625,0.3706130039304685,0.10770207130254777
new_more,1000,GB1 0AC,offwind-float,0.47245413073619486,0.36487945338620376,0.1075746773499911
new_more,1000,GB1 0AC,offwind-float,0.46581279874281706,0.3582377267668581,0.10757507197595895
new_more,1000,GB1 0AC,offwind-float,0.458983685940862,0.3520782974072601,0.10690538853360187
new_more,1000,GB1 0AC,offwind-float,0.49674433836519866,0.3846499594756151,0.11209437888958357
new_more,1000,GB1 0AC,offwind-float,0.47312128810269677,0.3715991957336313,0.10152209236906545
new_more,1000,GB1 0AC,offwind-float,0.46826572564171776,0.3667055792748926,0.10156014636682514
new_more,1000,GB1 0AC,offwind-float,0.46252791897440154,0.3609636968767531,0.10156422209764843
new_more,1000,GB1 0AC,offwind-float,0.4560261206700274,0.35427256097777887,0.10175355969224853
new_more,1000,GB1 0AC,offwind-float,0.4493471702857435,0.3479477022288548,0.10139946805688871
new_more,1000,GB1 0AC,offwind-float,0.5030008560224495,0.3874977391040089,0.11550311691844056
new_more,1000,GB1 0AC,offwind-float,0.4790870076559964,0.37378995436059104,0.10529705329540534
new_more,1000,GB1 0AC,offwind-float,0.474170220040614,0.3691820991176512,0.10498812092296278
new_more,1000,GB1 0AC,offwind-float,0.4683532648816148,0.3631555032301267,0.10519776165148809
new_more,1000,GB1 0AC,offwind-float,0.4617627824723965,0.35613768803329404,0.10562509443910245
new_more,1000,GB1 0AC,offwind-float,0.4549998130422449,0.3462773516676575,0.10872246137458741
new_more,1000,GB1 0AC,offwind-float,0.5081232314323747,0.3878190703562401,0.12030416107613462
new_more,1000,GB1 0AC,offwind-float,0.48396592887409573,0.3747981893555153,0.10916773951858044
new_more,1000,GB1 0AC,offwind-float,0.47899906972882783,0.37017189634045794,0.10882717338836989
new_more,1000,GB1 0AC,offwind-float,0.4731297440331198,0.36417643533703986,0.10895330869607994
new_more,1000,GB1 0AC,offwind-float,0.46647209061636846,0.3571047697627521,0.10936732085361639
new_more,1000,GB1 0AC,offwind-float,0.45963330475880354,0.35189257067080776,0.10774073408799578
new_more,1000,GB1 0AC,offwind-float,0.5056013911848674,0.3880381699745282,0.11756322121033913
new_more,1000,GB1 0AC,offwind-float,0.48155744924530397,0.3747461517406704,0.10681129750463358
new_more,1000,GB1 0AC,offwind-float,0.4766153079125034,0.37004022893935024,0.10657507897315316
new_more,1000,GB1 0AC,offwind-float,0.47077519119728234,0.3640929568070545,0.10668223439022784
new_more,1000,GB1 0AC,offwind-float,0.4641574602143504,0.35711620424442586,0.10704125596992453
new_more,1000,GB1 0AC,offwind-float,0.45735941837693983,0.35182417003573996,0.10553524834119987
new_more,1000,GB1 0AC,offwind-float,0.4955411281176823,0.3861649698512076,0.10937615826647473
new_more,1000,GB1 0AC,offwind-float,0.4719885991576242,0.37248097058355417,0.09950762857407003
new_more,1000,GB1 0AC,offwind-float,0.4671446612886051,0.3676768249384093,0.09946783635019579
new_more,1000,GB1 0AC,offwind-float,0.4614137631211288,0.361762358202236,0.0996514049188928
new_more,1000,GB1 0AC,offwind-float,0.4549140752213623,0.35484332279051906,0.10007075243084324
new_more,1000,GB1 0AC,offwind-float,0.44824459936839445,0.34402003407464027,0.10422456529375418
new_more,1000,GB1 0AC,offwind-float,0.49890015291406636,0.3854641378689077,0.11343601504515866
new_more,1000,GB1 0AC,offwind-float,0.4751678742941936,0.37254740956319127,0.10262046473100234
new_more,1000,GB1 0AC,offwind-float,0.47029130807089325,0.36760343718206256,0.10268787088883069
new_more,1000,GB1 0AC,offwind-float,0.46452868130735614,0.36189240506549464,0.1026362762418615
new_more,1000,GB1 0AC,offwind-float,0.45799196671344733,0.3552005982698796,0.10279136844356773
new_more,1000,GB1 0AC,offwind-float,0.45127060840325584,0.3492902974945362,0.10198031090871962
new_more,1000,GB1 0AC,offwind-float,0.5010326715287384,0.38581276258744074,0.11521990894129769
new_more,1000,GB1 0AC,offwind-float,0.4772125806557078,0.3718030877896319,0.10540949286607593
new_more,1000,GB1 0AC,offwind-float,0.47230818171101385,0.36732631459444404,0.10498186711656982
new_more,1000,GB1 0AC,offwind-float,0.4665208415627773,0.3612426124803276,0.10527822908244971
new_more,1000,GB1 0AC,offwind-float,0.4599560726198932,0.3540298450390518,0.10592622758084136
new_more,1000,GB1 0AC,offwind-float,0.45321956422983717,0.3492171125137311,0.10400245171610606
new_more,1000,GB1 0AC,offwind-float,0.4974520733134417,0.3842041548958156,0.1132479184176261
new_more,1000,GB1 0AC,offwind-float,0.4737953502658482,0.3712891806379065,0.10250616962794168
new_more,1000,GB1 0AC,offwind-float,0.4689328700207449,0.3663556756828275,0.1025771943379174
new_more,1000,GB1 0AC,offwind-float,0.46318688862430285,0.3606452298201332,0.10254165880416966
new_more,1000,GB1 0AC,offwind-float,0.45667582712180244,0.35397043391607125,0.10270539320573119
new_more,1000,GB1 0AC,offwind-float,0.4499873611484787,0.3479158396454991,0.1020715215029796
new_more,1000,GB1 0AC,offwind-float,0.5056810574090438,0.3864776834609694,0.1192033739480744
new_more,1000,GB1 0AC,offwind-float,0.4816465886770138,0.3740065901232627,0.10763999855375112
new_more,1000,GB1 0AC,offwind-float,0.47670353252154657,0.36919551791334687,0.1075080146081997
new_more,1000,GB1 0AC,offwind-float,0.47086233476254563,0.3633869132492766,0.10747542151326905
new_more,1000,GB1 0AC,offwind-float,0.4642433787943499,0.35660009370923473,0.10764328508511517
new_more,1000,GB1 0AC,offwind-float,0.4574373053089842,0.3510580543871279,0.1063792509218563
new_more,1000,GB1 0AC,offwind-float,0.4947310019883055,0.3841337421605433,0.1105972598277622
new_more,1000,GB1 0AC,offwind-float,0.47121697743896274,0.3692613836676193,0.10195559377134344
new_more,1000,GB1 0AC,offwind-float,0.46638095859101797,0.36500629541818475,0.10137466317283322
new_more,1000,GB1 0AC,offwind-float,0.4606662465649657,0.3587187761553021,0.10194747040966357
new_more,1000,GB1 0AC,offwind-float,0.45419061796412374,0.35129948392210847,0.10289113404201528
new_more,1000,GB1 0AC,offwind-float,0.4475385503195499,0.3463861166414972,0.10115243367805271
new_more,1000,GB1 0AC,offwind-float,0.5036062391872881,0.38712317521800743,0.11648306396928065
new_more,1000,GB1 0AC,offwind-float,0.47965712584334275,0.3727146128523204,0.10694251299102236
new_more,1000,GB1 0AC,offwind-float,0.47472770052976687,0.36838508002492754,0.10634262050483934
new_more,1000,GB1 0AC,offwind-float,0.46891071325928807,0.36218987535236186,0.10672083790692621
new_more,1000,GB1 0AC,offwind-float,0.4623123844543652,0.35486884441725547,0.10744354003710971
new_more,1000,GB1 0AC,offwind-float,0.4555413655634431,0.34967851430630986,0.10586285125713324
new_more,1000,GB1 0AC,offwind-float,0.5008576742780698,0.38565263428981894,0.11520503998825088
new_more,1000,GB1 0AC,offwind-float,0.47703921156498247,0.3727062431914321,0.10433296837355038
new_more,1000,GB1 0AC,offwind-float,0.47213664608202915,0.3678176526562686,0.10431899342576056
new_more,1000,GB1 0AC,offwind-float,0.46633099833529906,0.3620036061354031,0.10432739219989595
new_more,1000,GB1 0AC,offwind-float,0.45977573978793046,0.3552896956429845,0.10448604414494594
new_more,1000,GB1 0AC,offwind-float,0.45304187254929695,0.34922364108609916,0.1038182314631978
new_more,1000,GB1 0AC,offwind-float,0.49816604924276237,0.38547474708580826,0.11269130215695411
new_more,1000,GB1 0AC,offwind-float,0.47448876064660467,0.3718352475726375,0.1026535130739672
new_more,1000,GB1 0AC,offwind-float,0.46961916404994525,0.3671328757749655,0.10248628827497974
new_more,1000,GB1 0AC,offwind-float,0.46386477327771314,0.3612203177243016,0.10264445555341156
new_more,1000,GB1 0AC,offwind-float,0.4573441826871096,0.35430255288249235,0.10304162980461723
new_more,1000,GB1 0AC,offwind-float,0.45063228931317956,0.34789515728201836,0.1027371320311612
new_more,1000,GB1 0AC,offwind-float,0.5064657402831496,0.38585695402784237,0.12060878625530724
new_more,1000,GB1 0AC,offwind-float,0.4823873786413252,0.37402022756313924,0.10836715107818595
new_more,1000,GB1 0AC,offwind-float,0.47743671988577924,0.3690768118618459,0.10835990802393336
new_more,1000,GB1 0AC,offwind-float,0.4715865381522602,0.36340551527439086,0.10818102287786935
new_more,1000,GB1 0AC,offwind-float,0.46495740198914404,0.35681273272581643,0.10814466926332761
new_more,1000,GB1 0AC,offwind-float,0.458134108767771,0.3503597038545572,0.10777440491321377
new_more,1000,GB1 0AC,offwind-float,0.5036021365251736,0.3852569478224989,0.11834518870267469
new_more,1000,GB1 0AC,offwind-float,0.47965966248636516,0.3737713308318796,0.10588833165448558
new_more,1000,GB1 0AC,offwind-float,0.47473699781288503,0.3694745012478064,0.10526249656507863
new_more,1000,GB1 0AC,offwind-float,0.4689198966198828,0.36317520527011266,0.10574469134977016
new_more,1000,GB1 0AC,offwind-float,0.46232824568670056,0.35658329628371765,0.1057449494029829
new_more,1000,GB1 0AC,offwind-float,0.4555569944924542,0.3442748239255846,0.11128217056686956
new_more,1000,GB1 0AC,offwind-float,0.5044734026258392,0.38450083369524235,0.11997256893059682
new_more,1000,GB1 0AC,offwind-float,0.48049633240755757,0.3727714219903501,0.10772491041720744
new_more,1000,GB1 0AC,offwind-float,0.4755650811344807,0.3677853445104197,0.10777973662406098
new_more,1000,GB1 0AC,offwind-float,0.46973783317705914,0.36215148178376494,0.1075863513932942
new_more,1000,GB1 0AC,offwind-float,0.46312788010860373,0.3555667043539529,0.10756117575465085
new_more,1000,GB1 0AC,offwind-float,0.45634491748295586,0.34734120717050987,0.10900371031244599
new_more,1000,GB1 0AC,offwind-float,0.5039429215171466,0.3864026895540407,0.11754023196310587
new_more,1000,GB1 0AC,offwind-float,0.47998442629923843,0.3735990824405034,0.10638534385873505
new_more,1000,GB1 0AC,offwind-float,0.4750584286305662,0.3687518015977242,0.106306627032842
new_more,1000,GB1 0AC,offwind-float,0.4692373888450347,0.3629564357212094,0.1062809531238253
new_more,1000,GB1 0AC,offwind-float,0.46264127489388857,0.35620157935266483,0.10643969554122373
new_more,1000,GB1 0AC,offwind-float,0.4558586664110145,0.3430680175815335,0.11279064882948103
new_more,1000,GB1 0AC,offwind-float,0.5054769349000678,0.3878615211558704,0.11761541374419743
new_more,1000,GB1 0AC,offwind-float,0.48144545181615367,0.3742493000596669,0.10719615175648678
new_more,1000,GB1 0AC,offwind-float,0.4764976152637031,0.36962185322895613,0.10687576203474697
new_more,1000,GB1 0AC,offwind-float,0.47065894067338676,0.3636223216984426,0.10703661897494415
new_more,1000,GB1 0AC,offwind-float,0.464042843834964,0.3565569027230389,0.10748594111192511
new_more,1000,GB1 0AC,offwind-float,0.45724648066699025,0.3512854363541662,0.10596104431282405
new_more,1000,GB4 0AC,offwind-float,0.5268476348330038,0.3699473467065017,0.15690028812650209
new_more,1000,GB4 0AC,offwind-float,0.5017871437472434,0.34748076845328796,0.15430637529395547
new_more,1000,GB4 0AC,offwind-float,0.496637388536795,0.3510352350118079,0.14560215352498712
new_more,1000,GB4 0AC,offwind-float,0.49054510440229615,0.33801253889906935,0.1525325655032268
new_more,1000,GB4 0AC,offwind-float,0.4836494658966378,0.33059856081303673,0.15305090508360109
new_more,1000,GB4 0AC,offwind-float,0.47655911173302656,0.324938080935073,0.15162103079795358
new_more,1000,GB4 0AC,offwind-float,0.5279673265442214,0.3880551965698878,0.1399121299743336
new_more,1000,GB4 0AC,offwind-float,0.5028601104959499,0.3724901611588962,0.1303699493370537
new_more,1000,GB4 0AC,offwind-float,0.49769934361217805,0.3684933515291426,0.12920599208303546
new_more,1000,GB4 0AC,offwind-float,0.4916008776008479,0.36296181715362685,0.12863906044722107
new_more,1000,GB4 0AC,offwind-float,0.4846903979923923,0.35761140555534415,0.12707899243704812
new_more,1000,GB4 0AC,offwind-float,0.47759163111655273,0.3500337098965065,0.12755792122004622
new_more,1000,GB4 0AC,offwind-float,0.5217717922249278,0.3793609734441689,0.14241081878075884
new_more,1000,GB4 0AC,offwind-float,0.4969660098917912,0.3638536786010949,0.13311233129069627
new_more,1000,GB4 0AC,offwind-float,0.4918657331494577,0.3596525773862134,0.13221315576324427
new_more,1000,GB4 0AC,offwind-float,0.48583874819508865,0.35500810670177835,0.1308306414933103
new_more,1000,GB4 0AC,offwind-float,0.479009267379707,0.35066885863612673,0.12834040874358027
new_more,1000,GB4 0AC,offwind-float,0.4719868905924185,0.3439006451685652,0.12808624542385327
new_more,1000,GB4 0AC,offwind-float,0.5253842295122909,0.38393821015076757,0.14144601936152335
new_more,1000,GB4 0AC,offwind-float,0.500413290515261,0.3685855656880247,0.13182772482723626
new_more,1000,GB4 0AC,offwind-float,0.49527763492439814,0.36428915785665217,0.13098847706774597
new_more,1000,GB4 0AC,offwind-float,0.48920884286846156,0.3594079958766131,0.12980084699184846
new_more,1000,GB4 0AC,offwind-float,0.4823319883164166,0.35440620378188364,0.12792578453453296
new_more,1000,GB4 0AC,offwind-float,0.47526094119488577,0.34186277059587106,0.1333981705990147
new_more,1000,GB4 0AC,offwind-float,0.5178352977101394,0.37505744580252137,0.142777851907618
new_more,1000,GB4 0AC,offwind-float,0.4932099251293837,0.35963206889765637,0.13357785623172735
new_more,1000,GB4 0AC,offwind-float,0.4881481964393811,0.35564979564530574,0.13249840079407538
new_more,1000,GB4 0AC,offwind-float,0.4821599791320507,0.35086421715816696,0.13129576197388376
new_more,1000,GB4 0AC,offwind-float,0.4753822111181564,0.34572677660103157,0.1296554345171248
new_more,1000,GB4 0AC,offwind-float,0.46841977178033,0.33775527448951614,0.13066449729081386
new_more,1000,GB4 0AC,offwind-float,0.5203135959853549,0.3807804555582454,0.13953314042710946
new_more,1000,GB4 0AC,offwind-float,0.49557688058775834,0.3649665002805981,0.1306103803071602
new_more,1000,GB4 0AC,offwind-float,0.4904908602407123,0.3607561857941099,0.12973467444660242
new_more,1000,GB4 0AC,offwind-float,0.4844807220349105,0.35596463362890046,0.12851608840601003
new_more,1000,GB4 0AC,offwind-float,0.47767033112053425,0.35129129341161613,0.12637903770891812
new_more,1000,GB4 0AC,offwind-float,0.4706743800181918,0.34376937627265075,0.12690500374554103
new_more,1000,GB4 0AC,offwind-float,0.5155929488740258,0.37772874097593817,0.13786420789808768
new_more,1000,GB4 0AC,offwind-float,0.49108737875901937,0.3614781781282238,0.12960920063079556
new_more,1000,GB4 0AC,offwind-float,0.48604743339759815,0.35751356759089387,0.12853386580670428
new_more,1000,GB4 0AC,offwind-float,0.4800917418932524,0.3527648719720992,0.12732686992115316
new_more,1000,GB4 0AC,offwind-float,0.4733362118673543,0.34740252419681417,0.12593368767054014
new_more,1000,GB4 0AC,offwind-float,0.46640373819785924,0.341349986846697,0.12505375135116226
new_more,1000,GB4 0AC,offwind-float,0.5214669522712607,0.3795374918812175,0.14192946039004323
new_more,1000,GB4 0AC,offwind-float,0.49667561487207396,0.3641541168815932,0.13252149799048074
new_more,1000,GB4 0AC,offwind-float,0.49157831840391564,0.35992646498846537,0.13165185341545027
new_more,1000,GB4 0AC,offwind-float,0.48554126112436263,0.3551680394631549,0.13037322166120774
new_more,1000,GB4 0AC,offwind-float,0.47870911571296926,0.3500093290643075,0.12869978664866177
new_more,1000,GB4 0AC,offwind-float,0.4716979505901169,0.32585555505516617,0.1458423955349507
new_more,1000,GB4 0AC,offwind-float,0.5176302862077774,0.37704743135592317,0.14058285485185423
new_more,1000,GB4 0AC,offwind-float,0.49302788367295364,0.3620433520127285,0.1309845316602251
new_more,1000,GB4 0AC,offwind-float,0.48796117503465153,0.35786018371624484,0.1301009913184067
new_more,1000,GB4 0AC,offwind-float,0.4819820338543561,0.3529148686562373,0.12906716519811884
new_more,1000,GB4 0AC,offwind-float,0.4751999974574344,0.3477849440897098,0.12741505336772463
new_more,1000,GB4 0AC,offwind-float,0.4682402268176149,0.34018419788209275,0.12805602893552215
new_more,1000,GB4 0AC,offwind-float,0.5149866275483775,0.37066504578810455,0.144321581760273
new_more,1000,GB4 0AC,offwind-float,0.49050312890131725,0.3570554486882002,0.13344768021311704
new_more,1000,GB4 0AC,offwind-float,0.48546917959576635,0.3526271092787047,0.13284207031706163
new_more,1000,GB4 0AC,offwind-float,0.47952057361645023,0.3483954914238918,0.13112508219255842
new_more,1000,GB4 0AC,offwind-float,0.47277990797324937,0.3431375363395445,0.12964237163370484
new_more,1000,GB4 0AC,offwind-float,0.46584881237045106,0.33709979169801824,0.12874902067243282
new_more,1000,GB4 0AC,offwind-float,0.5115341564683482,0.3768363025282712,0.134697853940077
new_more,1000,GB4 0AC,offwind-float,0.4872016070019292,0.36116847057623763,0.12603313642569158
new_more,1000,GB4 0AC,offwind-float,0.48220154064817494,0.3571468384444466,0.12505470220372833
new_more,1000,GB4 0AC,offwind-float,0.47629297407279814,0.3528179953873813,0.12347497868541685
new_more,1000,GB4 0AC,offwind-float,0.46959085605582246,0.3464702040170669,0.12312065203875555
new_more,1000,GB4 0AC,offwind-float,0.46271323680036824,0.3392937402851728,0.12341949651519546
new_more,1000,GB4 0AC,offwind-float,0.5139598604678305,0.3732381381886492,0.14072172227918128
new_more,1000,GB4 0AC,offwind-float,0.48952506638778864,0.3587209884696806,0.13080407791810805
new_more,1000,GB4 0AC,offwind-float,0.48450115476970734,0.35461213233340233,0.129889022436305
new_more,1000,GB4 0AC,offwind-float,0.4785644103019154,0.3497245980830039,0.1288398122189115
new_more,1000,GB4 0AC,offwind-float,0.471837185536037,0.34484548714539803,0.12699169839063895
new_more,1000,GB4 0AC,offwind-float,0.4649266665793047,0.33639164692597123,0.12853501965333347
new_more,1000,GB4 0AC,offwind-float,0.519587955900788,0.37706846823618195,0.14251948766460604
new_more,1000,GB4 0AC,offwind-float,0.4948925074621581,0.3619995608408625,0.13289294662129564
new_more,1000,GB4 0AC,offwind-float,0.4898135107188719,0.35778611227780294,0.13202739844106898
new_more,1000,GB4 0AC,offwind-float,0.4838048726188024,0.353029948443172,0.1307749241756304
new_more,1000,GB4 0AC,offwind-float,0.477003982183008,0.34838131098466885,0.12862267119833914
new_more,1000,GB4 0AC,offwind-float,0.4700177904152531,0.32819859433875903,0.14181919607649407
new_more,1000,GB4 0AC,offwind-float,0.5112917972476558,0.3670170584296624,0.1442747388179934
new_more,1000,GB4 0AC,offwind-float,0.4869840808841025,0.3541248522597276,0.13285922862437488
new_more,1000,GB4 0AC,offwind-float,0.48198624696350767,0.3497542688638348,0.13223197809967285
new_more,1000,GB4 0AC,offwind-float,0.4760803184491113,0.3455515077324142,0.13052881071669709
new_more,1000,GB4 0AC,offwind-float,0.46938801279521264,0.33974344117815153,0.1296445716170611
new_more,1000,GB4 0AC,offwind-float,0.4625133643785153,0.3321157943188845,0.13039757005963082
new_more,1000,GB4 0AC,offwind-float,0.505096228988583,0.37068926510848804,0.13440696388009493
new_more,1000,GB4 0AC,offwind-float,0.48106932876840564,0.35557683435594595,0.1254924944124597
new_more,1000,GB4 0AC,offwind-float,0.47613219693216247,0.35162208423209723,0.12451011270006523
new_more,1000,GB4 0AC,offwind-float,0.4702912155858616,0.3473414749795593,0.12294974060630232
new_more,1000,GB4 0AC,offwind-float,0.46368028789345683,0.3403459595808892,0.12333432831256763
new_more,1000,GB4 0AC,offwind-float,0.4568892347132998,0.3346803285841966,0.12220890612910318
new_more,1000,GB4 0AC,offwind-float,0.5101163657011029,0.3720620455714381,0.13805432012966473
new_more,1000,GB4 0AC,offwind-float,0.4858576374058326,0.35707802361530044,0.12877961379053215
new_more,1000,GB4 0AC,offwind-float,0.4808713639810452,0.3529924542173904,0.1278789097636548
new_more,1000,GB4 0AC,offwind-float,0.4749790964771814,0.34860387893179984,0.12637521754538156
new_more,1000,GB4 0AC,offwind-float,0.468302270803747,0.3436504837897041,0.12465178701404289
new_more,1000,GB4 0AC,offwind-float,0.4614367390179898,0.3330749698638308,0.12836176915415903
new_more,1000,GB4 0AC,offwind-float,0.5155163504896652,0.3703996456990317,0.14511670479063343
new_more,1000,GB4 0AC,offwind-float,0.49098081526595355,0.35829084411678,0.13268997114917352
new_more,1000,GB4 0AC,offwind-float,0.4859419635473458,0.35478900316568185,0.13115296038166396
new_more,1000,GB4 0AC,offwind-float,0.47998756439812423,0.34832241101945105,0.13166515337867318
new_more,1000,GB4 0AC,offwind-float,0.47324033422173967,0.34386307603362043,0.12937725818811924
new_more,1000,GB4 0AC,offwind-float,0.4663024198073743,0.3362792927696589,0.1300231270377154
new_more,1000,GB4 0AC,offwind-float,0.5114655004846614,0.36912352752148486,0.14234197296317658
new_more,1000,GB4 0AC,offwind-float,0.4871425740726329,0.354887373472887,0.13225520059974588
new_more,1000,GB4 0AC,offwind-float,0.48214311356368567,0.3508770891165145,0.13126602444717117
new_more,1000,GB4 0AC,offwind-float,0.47622849106712084,0.346644211547523,0.12958427951959783
new_more,1000,GB4 0AC,offwind-float,0.4695341025368443,0.3409718019965375,0.12856230054030682
new_more,1000,GB4 0AC,offwind-float,0.4626573144924112,0.3345757012932843,0.12808161319912692
new_more,1000,GB4 0AC,offwind-float,0.5142360902094009,0.37131909824635545,0.14291699196304541
new_more,1000,GB4 0AC,offwind-float,0.4897950101057779,0.35798092182750324,0.13181408827827468
new_more,1000,GB4 0AC,offwind-float,0.48476832810171616,0.3543195912941903,0.1304487368075259
new_more,1000,GB4 0AC,offwind-float,0.4788283098753683,0.3486318469489061,0.1301964629264622
new_more,1000,GB4 0AC,offwind-float,0.4720905813803796,0.3437012460192749,0.12838933536110475
new_more,1000,GB4 0AC,offwind-float,0.46516954022853535,0.33636511334224023,0.12880442688629512
new_more,1000,GB4 0AC,offwind-float,0.510476436330712,0.3695377853779215,0.14093865095279057
new_more,1000,GB4 0AC,offwind-float,0.4861739298128712,0.3550014424010273,0.1311724874118439
new_more,1000,GB4 0AC,offwind-float,0.4811844103334739,0.3507919062572129,0.13039250407626102
new_more,1000,GB4 0AC,offwind-float,0.47528830697456076,0.34623328607421755,0.1290550209003432
new_more,1000,GB4 0AC,offwind-float,0.46860713470018583,0.3414220294165453,0.12718510528364052
new_more,1000,GB4 0AC,offwind-float,0.4617439230100629,0.335241268830415,0.1265026541796479
new_more,1000,GB4 0AC,offwind-float,0.4924557063603343,0.3577891189900014,0.13466658737033294
new_more,1000,GB4 0AC,offwind-float,0.4690363099249872,0.3446338982548521,0.1244024116701351
new_more,1000,GB4 0AC,offwind-float,0.46422267089293107,0.3404617153895478,0.12376095550338329
new_more,1000,GB4 0AC,offwind-float,0.4585275950282458,0.3362969495510154,0.12223064547723039
new_more,1000,GB4 0AC,offwind-float,0.45207526707724904,0.33052813391403285,0.12154713316321619
new_more,1000,GB4 0AC,offwind-float,0.44545418082382465,0.3245239241371089,0.12093025668671575
new_more,1000,GB4 0AC,offwind-float,0.5062806540017915,0.36787889757600545,0.138401756425786
new_more,1000,GB4 0AC,offwind-float,0.4822111546322324,0.3535216970767734,0.12868945755545902
new_more,1000,GB4 0AC,offwind-float,0.4772555151572069,0.34937487081482244,0.12788064434238444
new_more,1000,GB4 0AC,offwind-float,0.47140755378200755,0.3450509917736376,0.12635656200836992
new_more,1000,GB4 0AC,offwind-float,0.4647741737967077,0.34023267777230937,0.12454149602439835
new_more,1000,GB4 0AC,offwind-float,0.457967099583231,0.33216301736304354,0.12580408222018746
new_more,1000,GB4 0AC,offwind-float,0.4997120380432542,0.3655070272059432,0.134205010837311
new_more,1000,GB4 0AC,offwind-float,0.47594783590935824,0.35044003011134117,0.12550780579801707
new_more,1000,GB4 0AC,offwind-float,0.4710632650740591,0.3467860446854812,0.12427722038857791
new_more,1000,GB4 0AC,offwind-float,0.46529117927946967,0.34269688592071135,0.12259429335875832
new_more,1000,GB4 0AC,offwind-float,0.4587505375660189,0.33477161421849994,0.12397892334751898
new_more,1000,GB4 0AC,offwind-float,0.4520113012415466,0.3303667094177446,0.121644591823802
new_more,1000,GB4 0AC,offwind-float,0.5073797326323591,0.3665106597245594,0.14086907290779976
new_more,1000,GB4 0AC,offwind-float,0.4832645277209875,0.352155614306969,0.13110891341401848
new_more,1000,GB4 0AC,offwind-float,0.47830486693519897,0.3481480275318168,0.13015683940338219
new_more,1000,GB4 0AC,offwind-float,0.47244404752384955,0.3438232362323521,0.12862081129149744
new_more,1000,GB4 0AC,offwind-float,0.46580285727113263,0.33910226750676814,0.1267005897643645
new_more,1000,GB4 0AC,offwind-float,0.4589739354274523,0.3320653889109921,0.12690854651646022
new_more,1000,GB4 0AC,offwind-float,0.5086558792888174,0.3655858144635704,0.14307006482524698
new_more,1000,GB4 0AC,offwind-float,0.484473236722658,0.3520309924470843,0.13244224427557372
new_more,1000,GB4 0AC,offwind-float,0.47950117116413504,0.34788756270234417,0.13161360846179088
new_more,1000,GB4 0AC,offwind-float,0.4736256930622067,0.34369920293119394,0.12992649013101276
new_more,1000,GB4 0AC,offwind-float,0.4669678923074152,0.3375728248174383,0.12939506748997692
new_more,1000,GB4 0AC,offwind-float,0.46012868893197606,0.3276537220603398,0.13247496687163623
new_more,1000,GB4 0AC,offwind-float,0.5035901689738133,0.36546554297611467,0.1381246259976986
new_more,1000,GB4 0AC,offwind-float,0.47963485496813435,0.35064954815730953,0.12898530681082482
new_more,1000,GB4 0AC,offwind-float,0.47471244488994985,0.3466888685008492,0.12802357638910067
new_more,1000,GB4 0AC,offwind-float,0.46888202056365186,0.3421609066675061,0.12672111389614577
new_more,1000,GB4 0AC,offwind-float,0.4622840725777449,0.33708550857699277,0.12519856400075213
new_more,1000,GB4 0AC,offwind-float,0.45551346834206,0.32956709229075676,0.12594637605130327
new_more,1000,GB4 0AC,offwind-float,0.5073768965604556,0.3642583836281379,0.1431185129323177
new_more,1000,GB4 0AC,offwind-float,0.4832484228812608,0.3510151013831763,0.13223332149808448
new_more,1000,GB4 0AC,offwind-float,0.4782821249381207,0.34669196419580006,0.13159016074232066
new_more,1000,GB4 0AC,offwind-float,0.4724215841915877,0.3423696091061029,0.13005197508548477
new_more,1000,GB4 0AC,offwind-float,0.4657807097080377,0.3383411556669624,0.12743955404107532
new_more,1000,GB4 0AC,offwind-float,0.45895889378765636,0.33000627359457047,0.1289526201930859
new_more,1000,GB4 0AC,offwind-float,0.496296614686595,0.3621836603156844,0.1341129543709106
new_more,1000,GB4 0AC,offwind-float,0.4726950035081284,0.34712519356852184,0.12556980993960654
new_more,1000,GB4 0AC,offwind-float,0.46783703595763854,0.34344714708203206,0.12438988887560648
new_more,1000,GB4 0AC,offwind-float,0.4621044821593512,0.3391998811963872,0.12290460096296396
new_more,1000,GB4 0AC,offwind-float,0.45560863614596997,0.33205594757141194,0.12355268857455803
new_more,1000,GB4 0AC,offwind-float,0.44893580023253765,0.3275600828688443,0.12137571736369335
new_more,1000,GB4 0AC,offwind-float,0.5040122209165145,0.36298564578696146,0.14102657512955308
new_more,1000,GB4 0AC,offwind-float,0.480050285980165,0.34918174658766804,0.13086853939249699
new_more,1000,GB4 0AC,offwind-float,0.4751236124049073,0.34520393134367683,0.12991968106123047
new_more,1000,GB4 0AC,offwind-float,0.46930177390216343,0.34114914145178843,0.128152632450375
new_more,1000,GB4 0AC,offwind-float,0.4627047548842351,0.3353776174062475,0.12732713747798763
new_more,1000,GB4 0AC,offwind-float,0.45592798934303447,0.3262940905120739,0.12963389883096055
new_more,1000,GB4 0AC,offwind-float,0.5015882993105691,0.36291259706843054,0.1386757022421386
new_more,1000,GB4 0AC,offwind-float,0.47774168349349283,0.3490827010843176,0.12865898240917523
new_more,1000,GB4 0AC,offwind-float,0.47283870270875944,0.3450429693498592,0.12779573335890027
new_more,1000,GB4 0AC,offwind-float,0.4670312871145834,0.34090741238202027,0.12612387473256315
new_more,1000,GB4 0AC,offwind-float,0.4604661845422145,0.3347700256333442,0.12569615890887031
new_more,1000,GB4 0AC,offwind-float,0.4537153743490739,0.3279098505605588,0.12580552378851506
new_more,1000,GB4 0AC,offwind-float,0.5045546291024261,0.3605987307534936,0.14395589834893252
new_more,1000,GB4 0AC,offwind-float,0.48056716266347793,0.34853783892186874,0.1320293237416092
new_more,1000,GB4 0AC,offwind-float,0.4756283538798536,0.34427575505964886,0.13135259882020472
new_more,1000,GB4 0AC,offwind-float,0.46980033062165655,0.34005737770499483,0.1297429529166617
new_more,1000,GB4 0AC,offwind-float,0.46319630334519857,0.33419692827317116,0.1289993750720274
new_more,1000,GB4 0AC,offwind-float,0.4564055819998687,0.32796161982615496,0.12844396217371373
new_more,1000,GB4 0AC,offwind-float,0.4963857058483637,0.35897507164834797,0.13741063420001576
new_more,1000,GB4 0AC,offwind-float,0.4727729243594106,0.34564584828934114,0.12712707607006946
new_more,1000,GB4 0AC,offwind-float,0.46791415077261844,0.3414275243675462,0.12648662640507224
new_more,1000,GB4 0AC,offwind-float,0.4621806520623393,0.3373383356544848,0.12484231640785454
new_more,1000,GB4 0AC,offwind-float,0.45568373532149314,0.33148744288251447,0.12419629243897867
new_more,1000,GB4 0AC,offwind-float,0.449009799506883,0.32484344734058307,0.12416635216629995
new_more,1000,GB4 0AC,offwind-float,0.5019587509612271,0.3587310399104938,0.1432277110507333
new_more,1000,GB4 0AC,offwind-float,0.4780814449003662,0.34679418556368685,0.13128725933667934
new_more,1000,GB4 0AC,offwind-float,0.4731681706385693,0.3421088555540303,0.131059315084539
new_more,1000,GB4 0AC,offwind-float,0.4673702927765259,0.33842688939650195,0.12894340338002397
new_more,1000,GB4 0AC,offwind-float,0.4607936381981317,0.3322365906876515,0.1285570475104802
new_more,1000,GB4 0AC,offwind-float,0.4540448628376389,0.3269688949428374,0.12707596789480152
new_more,1000,GB4 0AC,offwind-float,0.5009051721145199,0.361664907330101,0.13924026478441892
new_more,1000,GB4 0AC,offwind-float,0.4770909568073313,0.3465565732721701,0.13053438353516122
new_more,1000,GB4 0AC,offwind-float,0.47219465431873286,0.34349111288305134,0.12870354143568152
new_more,1000,GB4 0AC,offwind-float,0.4664087052572076,0.3387607445161789,0.12764796074102874
new_more,1000,GB4 0AC,offwind-float,0.45985235437635524,0.3307183015155611,0.12913405286079416
new_more,1000,GB4 0AC,offwind-float,0.4531173650418338,0.326835456260789,0.12628190878104478
new_more,1000,GB4 0AC,offwind-float,0.49775452615583204,0.3610499465123194,0.13670457964351262
new_more,1000,GB4 0AC,offwind-float,0.4740700286217187,0.344917353646074,0.1291526749756447
new_more,1000,GB4 0AC,offwind-float,0.46919788615783586,0.34259912435580503,0.12659876180203083
new_more,1000,GB4 0AC,offwind-float,0.4634486574356232,0.3380352469387576,0.1254134104968656
new_more,1000,GB4 0AC,offwind-float,0.45693391622440954,0.32882699511070634,0.1281069211137032
new_more,1000,GB4 0AC,offwind-float,0.45024167028271794,0.3247202312977734,0.12552143898494456
new_more,1000,GB4 0AC,offwind-float,0.49068590114954036,0.3562738614067087,0.13441203974283167
new_more,1000,GB4 0AC,offwind-float,0.46735089018960707,0.34317589764092277,0.1241749925486843
new_more,1000,GB4 0AC,offwind-float,0.4625545483306097,0.33920380666578914,0.12335074166482057
new_more,1000,GB4 0AC,offwind-float,0.45687989963065906,0.33492338491314727,0.12195651471751179
new_more,1000,GB4 0AC,offwind-float,0.45045749606352287,0.32788058499339184,0.12257691107013102
new_more,1000,GB4 0AC,offwind-float,0.4438464144921897,0.3229020546479656,0.12094435984422408
new_more,1000,NO0 0AC,offwind-float,0.4984960698274938,0.41597607380796353,0.08251999601953025
new_more,1000,NO0 0AC,offwind-float,0.4748030957131454,0.3980588290613549,0.07674426665179046
new_more,1000,NO0 0AC,offwind-float,0.4699302731497252,0.392897407778583,0.07703286537114218
new_more,1000,NO0 0AC,offwind-float,0.4641720702602074,0.38654732074683046,0.07762474951337694
new_more,1000,NO0 0AC,offwind-float,0.4576471599671215,0.379321890543633,0.0783252694234885
new_more,1000,NO0 0AC,offwind-float,0.45094446787036657,0.36218595718634466,0.08875851068402191
new_more,1000,NO0 0AC,offwind-float,0.4965503601946936,0.4144354023926184,0.08211495780207523
new_more,1000,NO0 0AC,offwind-float,0.4729498635355436,0.39916035558829543,0.07378950794724815
new_more,1000,NO0 0AC,offwind-float,0.4680960603754334,0.39420745668860785,0.07388860368682554
new_more,1000,NO0 0AC,offwind-float,0.46234670026508834,0.38506264373261206,0.07728405653247628
new_more,1000,NO0 0AC,offwind-float,0.45584066942964774,0.3776939176357306,0.07814675179391711
new_more,1000,NO0 0AC,offwind-float,0.44916443516090426,0.37105834203500715,0.07810609312589711
new_more,1000,NO0 0AC,offwind-float,0.4941563161076604,0.4099255176524904,0.08423079845517001
new_more,1000,NO0 0AC,offwind-float,0.4706628614374224,0.39701232304027056,0.07365053839715185
new_more,1000,NO0 0AC,offwind-float,0.4658257208410045,0.38956623833626003,0.07625948250474446
new_more,1000,NO0 0AC,offwind-float,0.46011781231708676,0.3831129174225542,0.07700489489453255
new_more,1000,NO0 0AC,offwind-float,0.45364989310786563,0.3759410737637897,0.07770881934407592
new_more,1000,NO0 0AC,offwind-float,0.4470057449098383,0.3678618889211559,0.0791438559886824
new_more,1000,NO0 0AC,offwind-float,0.495332219267014,0.411155111166719,0.084177108100295
new_more,1000,NO0 0AC,offwind-float,0.4717896195166141,0.39818136933874787,0.07360825017786621
new_more,1000,NO0 0AC,offwind-float,0.46694091250276437,0.39053265997631775,0.07640825252644662
new_more,1000,NO0 0AC,offwind-float,0.4612193391859698,0.384075935717966,0.0771434034680038
new_more,1000,NO0 0AC,offwind-float,0.45473593571031956,0.37700756648674344,0.07772836922357612
new_more,1000,NO0 0AC,offwind-float,0.448062255847009,0.37029170202717665,0.07777055381983233
new_more,1000,NO0 0AC,offwind-float,0.49352815137297773,0.40985839206377256,0.08366975930920517
new_more,1000,NO0 0AC,offwind-float,0.47006448325923006,0.3957512274386805,0.07431325582054954
new_more,1000,NO0 0AC,offwind-float,0.46524029226096425,0.3880959158555349,0.07714437640542937
new_more,1000,NO0 0AC,offwind-float,0.45953955717688166,0.3818097376614275,0.07772981951545416
new_more,1000,NO0 0AC,offwind-float,0.4530797665543596,0.37473879570637875,0.07834097084798086
new_more,1000,NO0 0AC,offwind-float,0.4464371900508235,0.3613562898057997,0.0850809002450238
new_more,1000,NO0 0AC,offwind-float,0.492355878674247,0.41034512778404836,0.08201075089019866
new_more,1000,NO0 0AC,offwind-float,0.46894804224364334,0.39201494828058714,0.0769330939630562
new_more,1000,NO0 0AC,offwind-float,0.4641353090876296,0.38717730789069693,0.07695800119693269
new_more,1000,NO0 0AC,offwind-float,0.45844811370861643,0.3807172337282566,0.07773087998035982
new_more,1000,NO0 0AC,offwind-float,0.4520036656092159,0.37330775089541957,0.07869591471379633
new_more,1000,NO0 0AC,offwind-float,0.44538362802960796,0.36778944392926477,0.07759418410034319
new_more,1000,NO0 0AC,offwind-float,0.49351318910103237,0.40922216058232574,0.08429102851870662
new_more,1000,NO0 0AC,offwind-float,0.4700570458690375,0.392805887794019,0.07725115807501853
new_more,1000,NO0 0AC,offwind-float,0.46523293119942893,0.38803347267473337,0.07719945852469556
new_more,1000,NO0 0AC,offwind-float,0.45953228631273996,0.3816166381290091,0.07791564818373087
new_more,1000,NO0 0AC,offwind-float,0.4530725978974365,0.3745934992180935,0.078479098679343
new_more,1000,NO0 0AC,offwind-float,0.44643010129037486,0.3642376102084894,0.08219249108188548
new_more,1000,NO0 0AC,offwind-float,0.48985359833788955,0.40547022494211415,0.0843833733957754
new_more,1000,NO0 0AC,offwind-float,0.466571391460599,0.39327116969333037,0.07330022176726864
new_more,1000,NO0 0AC,offwind-float,0.46176939667704436,0.385726996676095,0.07604240000094936
new_more,1000,NO0 0AC,offwind-float,0.4561111915641565,0.37937481810177526,0.07673637346238127
new_more,1000,NO0 0AC,offwind-float,0.44969959379835317,0.37231969038565327,0.0773799034126999
new_more,1000,NO0 0AC,offwind-float,0.44311330161316254,0.3653513695475999,0.07776193206556264
new_more,1000,NO0 0AC,offwind-float,0.487418047012579,0.40550023605444513,0.08191781095813389
new_more,1000,NO0 0AC,offwind-float,0.4642314775226329,0.39038611637144166,0.07384536115119122
new_more,1000,NO0 0AC,offwind-float,0.4594671496596804,0.3856149867812694,0.07385216287841101
new_more,1000,NO0 0AC,offwind-float,0.453830373298751,0.37672811221485836,0.07710226108389262
new_more,1000,NO0 0AC,offwind-float,0.447450837209059,0.3695359704928825,0.07791486671617648
new_more,1000,NO0 0AC,offwind-float,0.4408974802725426,0.3636785800627206,0.07721890020982203
new_more,1000,NO0 0AC,offwind-float,0.48812411445291926,0.4045721860173314,0.08355192843558784
new_more,1000,NO0 0AC,offwind-float,0.4649107949163721,0.3911128856695531,0.073797909246819
new_more,1000,NO0 0AC,offwind-float,0.460139495335767,0.3861804380238568,0.07395905731191016
new_more,1000,NO0 0AC,offwind-float,0.45450126191474327,0.37730894386514524,0.07719231804959803
new_more,1000,NO0 0AC,offwind-float,0.4480918632974858,0.37028648810049786,0.07780537519698794
new_more,1000,NO0 0AC,offwind-float,0.44152231783474816,0.36405833395802106,0.0774639838767271
new_more,1000,NO0 0AC,offwind-float,0.4981849350014846,0.4149742574995021,0.08321067750198247
new_more,1000,NO0 0AC,offwind-float,0.4744934077754549,0.398102263975687,0.07639114379976791
new_more,1000,NO0 0AC,offwind-float,0.46962376348611085,0.39324145819499123,0.07638230529111961
new_more,1000,NO0 0AC,offwind-float,0.4638693163555462,0.38669168018178546,0.07717763617376072
new_more,1000,NO0 0AC,offwind-float,0.45734866190247164,0.37961310389839575,0.07773555800407589
new_more,1000,NO0 0AC,offwind-float,0.45065034160301776,0.3732328513563243,0.07741749024669348
new_more,1000,NO0 0AC,offwind-float,0.4960437490461845,0.4138073403021919,0.08223640874399257
new_more,1000,NO0 0AC,offwind-float,0.4724471856453264,0.39873339942265507,0.07371378622267133
new_more,1000,NO0 0AC,offwind-float,0.4675985413820046,0.3936051782395887,0.07399336314241589
new_more,1000,NO0 0AC,offwind-float,0.46186890993248486,0.3847581045481328,0.07711080538435205
new_more,1000,NO0 0AC,offwind-float,0.4553627748713133,0.37747619148443157,0.07788658338688176
new_more,1000,NO0 0AC,offwind-float,0.4486935398376999,0.36957483680549247,0.07911870303220742
new_more,1000,NO0 0AC,offwind-float,0.4832031801309906,0.4003886313561128,0.08281454877487782
new_more,1000,NO0 0AC,offwind-float,0.46022388732513675,0.3868412139992771,0.07338267332585963
new_more,1000,NO0 0AC,offwind-float,0.45549387149513954,0.3793507018801593,0.07614316961498024
new_more,1000,NO0 0AC,offwind-float,0.44991256235874083,0.37323355696143473,0.0766790053973061
new_more,1000,NO0 0AC,offwind-float,0.44358809930460324,0.36641877351133084,0.0771693257932724
new_more,1000,NO0 0AC,offwind-float,0.4370913159581555,0.35995277650646473,0.07713853945169075
new_more,1000,NO0 0AC,offwind-float,0.4859034424878495,0.40190837115210226,0.08399507133574724
new_more,1000,NO0 0AC,offwind-float,0.4628023441564455,0.389015755079131,0.0737865890773145
new_more,1000,NO0 0AC,offwind-float,0.4580526832435946,0.38149278130778597,0.07655990193580864
new_more,1000,NO0 0AC,offwind-float,0.45244002018503854,0.37526404956273085,0.07717597062230769
new_more,1000,NO0 0AC,offwind-float,0.44608002841936756,0.36845669271270215,0.07762333570666541
new_more,1000,NO0 0AC,offwind-float,0.43953997603747674,0.36214605824631485,0.07739391779116189
new_more,1000,NO0 0AC,offwind-float,0.4932166831560155,0.40945598493227664,0.08376069822373888
new_more,1000,NO0 0AC,offwind-float,0.46976124131406855,0.39500016863132903,0.07476107268273952
new_more,1000,NO0 0AC,offwind-float,0.4649401624357655,0.3900280624305016,0.07491210000526394
new_more,1000,NO0 0AC,offwind-float,0.45923632790607843,0.3810999900341785,0.07813633787189994
new_more,1000,NO0 0AC,offwind-float,0.45278079980583413,0.37400331960965477,0.07877748019617936
new_more,1000,NO0 0AC,offwind-float,0.44614259907283726,0.3655417319595259,0.08060086711331138
new_more,1000,NO0 0AC,offwind-float,0.4925817839097776,0.4080367980561782,0.08454498585359937
new_more,1000,NO0 0AC,offwind-float,0.46915645133899564,0.39484420140784765,0.07431224993114799
new_more,1000,NO0 0AC,offwind-float,0.46434157931625714,0.3898548072226534,0.07448677209360371
new_more,1000,NO0 0AC,offwind-float,0.4586450450973178,0.38082265754596833,0.07782238755134946
new_more,1000,NO0 0AC,offwind-float,0.4521978287149303,0.3738802163544377,0.07831761236049262
new_more,1000,NO0 0AC,offwind-float,0.44556816215374695,0.36415622718830476,0.08141193496544219
new_more,1000,NO0 0AC,offwind-float,0.4968239839494108,0.4139903238135881,0.08283366013582272
new_more,1000,NO0 0AC,offwind-float,0.47321048225184625,0.39866612083927117,0.07454436141257509
new_more,1000,NO0 0AC,offwind-float,0.468354004406645,0.3936433418602011,0.07471066254644387
new_more,1000,NO0 0AC,offwind-float,0.4626151160319601,0.3871532058989147,0.07546191013304537
new_more,1000,NO0 0AC,offwind-float,0.45610531729400794,0.3773504678494504,0.07875484944455752
new_more,1000,NO0 0AC,offwind-float,0.4494252069973897,0.3703599635041177,0.07906524349327199
new_more,1000,NO0 0AC,offwind-float,0.47776592817455227,0.3954979908406119,0.08226793733394039
new_more,1000,NO0 0AC,offwind-float,0.45503130383003315,0.380217403010489,0.07481390081954414
new_more,1000,NO0 0AC,offwind-float,0.450347732291504,0.3756902884770967,0.07465744381440731
new_more,1000,NO0 0AC,offwind-float,0.4448226954596702,0.36688772052242635,0.07793497493724383
new_more,1000,NO0 0AC,offwind-float,0.43856978114154677,0.35972317718958835,0.07884660395195842
new_more,1000,NO0 0AC,offwind-float,0.4321464959929091,0.35452814610811695,0.07761834988479216
new_more,1000,NO0 0AC,offwind-float,0.4997720635596814,0.415718023146381,0.08405404041330039
new_more,1000,NO0 0AC,offwind-float,0.4759982060098764,0.40254221335399415,0.07345599265588226
new_more,1000,NO0 0AC,offwind-float,0.4711131182348931,0.3973577670114372,0.07375535122345589
new_more,1000,NO0 0AC,offwind-float,0.4653404215739025,0.3886706704594043,0.0766697511144982
new_more,1000,NO0 0AC,offwind-float,0.4587922456272045,0.38127938904078124,0.07751285658642326
new_more,1000,NO0 0AC,offwind-float,0.45207278262640954,0.37083709652145647,0.08123568610495308
new_more,1000,NO0 0AC,offwind-float,0.49416137739083343,0.40961708008263203,0.0845442973082014
new_more,1000,NO0 0AC,offwind-float,0.4706413434026482,0.39610779678932645,0.07453354661332173
new_more,1000,NO0 0AC,offwind-float,0.4658044210722531,0.39104910213942246,0.07475531893283066
new_more,1000,NO0 0AC,offwind-float,0.4600967735410761,0.38208094700623174,0.07801582653484435
new_more,1000,NO0 0AC,offwind-float,0.4536291500759012,0.3751022537254118,0.07852689635048943
new_more,1000,NO0 0AC,offwind-float,0.44697855620645116,0.3666205071351868,0.08035804907126437
new_more,1000,NO0 0AC,offwind-float,0.4905858952168012,0.40652862060542644,0.08405727461137474
new_more,1000,NO0 0AC,offwind-float,0.4672485824142957,0.3904924827997879,0.0767560996145078
new_more,1000,NO0 0AC,offwind-float,0.4624532905224121,0.38563489510428706,0.07681839541812502
new_more,1000,NO0 0AC,offwind-float,0.4567867054439387,0.3793142409899635,0.07747246445397515
new_more,1000,NO0 0AC,offwind-float,0.4503656119162194,0.3723783999265941,0.07798721198962527
new_more,1000,NO0 0AC,offwind-float,0.4437695652416197,0.36375789922790164,0.08001166601371806
new_more,1000,NO0 0AC,offwind-float,0.48552147363288384,0.4019918585225786,0.08352961511030521
new_more,1000,NO0 0AC,offwind-float,0.46242512239591166,0.38856596908160534,0.07385915331430631
new_more,1000,NO0 0AC,offwind-float,0.45767253607981495,0.38357194252688037,0.07410059355293458
new_more,1000,NO0 0AC,offwind-float,0.45205770807238077,0.3747954215915773,0.07726228648080347
new_more,1000,NO0 0AC,offwind-float,0.44570309050390705,0.36792924853765197,0.07777384196625509
new_more,1000,NO0 0AC,offwind-float,0.439168555482658,0.3581749445289378,0.08099361095372021
new_more,1000,NO0 0AC,offwind-float,0.5036748320011762,0.41933805529214435,0.08433677670903189
new_more,1000,NO0 0AC,offwind-float,0.479729073457587,0.4073695981701658,0.07235947528742115
new_more,1000,NO0 0AC,offwind-float,0.4747920011850945,0.39937436826111794,0.07541763292397657
new_more,1000,NO0 0AC,offwind-float,0.4689742260185373,0.39321162304868884,0.07576260296984844
new_more,1000,NO0 0AC,offwind-float,0.46238181137190654,0.38605137318815863,0.0763304381837479
new_more,1000,NO0 0AC,offwind-float,0.4556097756555953,0.37353806850646815,0.08207170714912715
new_more,1000,NO0 0AC,offwind-float,0.5008804266501742,0.4176745022146728,0.0832059244355014
new_more,1000,NO0 0AC,offwind-float,0.4770476515234744,0.40313626269388136,0.07391138882959303
new_more,1000,NO0 0AC,offwind-float,0.472151793469561,0.39797024510970463,0.07418154835985635
new_more,1000,NO0 0AC,offwind-float,0.4663663695954511,0.39146148128925695,0.07490488830619413
new_more,1000,NO0 0AC,offwind-float,0.4597970317676579,0.38172717132350714,0.07806986044415076
new_more,1000,NO0 0AC,offwind-float,0.4530628526870712,0.3711483256032439,0.0819145270838273
new_more,1000,NO0 0AC,offwind-float,0.4815582191519462,0.39779507275683595,0.08376314639511023
new_more,1000,NO0 0AC,offwind-float,0.45867028259335496,0.38490531047866317,0.0737649721146918
new_more,1000,NO0 0AC,offwind-float,0.45396302831811836,0.3800540511897207,0.07390897712839767
new_more,1000,NO0 0AC,offwind-float,0.44840047708285735,0.3714445728108786,0.07695590427197874
new_more,1000,NO0 0AC,offwind-float,0.4420904281171234,0.364724709374861,0.07736571874226239
new_more,1000,NO0 0AC,offwind-float,0.43561557963602593,0.3582192083807714,0.0773963712552545
new_more,1000,NO0 0AC,offwind-float,0.5045988893167799,0.4223992642785255,0.0821996250382544
new_more,1000,NO0 0AC,offwind-float,0.4806158548530405,0.405592359988048,0.07502349486499249
new_more,1000,NO0 0AC,offwind-float,0.4756833769416489,0.4005670776895894,0.07511629925205954
new_more,1000,NO0 0AC,offwind-float,0.4698546794686342,0.39391321256609874,0.07594146690253545
new_more,1000,NO0 0AC,offwind-float,0.46324988820534063,0.38652088576724003,0.0767290024381006
new_more,1000,NO0 0AC,offwind-float,0.4564651386512963,0.3794340231964919,0.0770311154548044
new_more,1000,NO0 0AC,offwind-float,0.49284630820077857,0.4071839943327839,0.08566231386799467
new_more,1000,NO0 0AC,offwind-float,0.46942186109010414,0.39572317939110474,0.0736986816989994
new_more,1000,NO0 0AC,offwind-float,0.4645906534220267,0.39042084513950104,0.07416980828252567
new_more,1000,NO0 0AC,offwind-float,0.4588910814149528,0.38176951099278195,0.07712157042217083
new_more,1000,NO0 0AC,offwind-float,0.45244040647699013,0.37465117089024097,0.07778923558674916
new_more,1000,NO0 0AC,offwind-float,0.445807155956578,0.3665188758790639,0.0792882800775141
new_more,1000,NO0 0AC,offwind-float,0.5035800828155225,0.4202309935595541,0.08334908925596834
new_more,1000,NO0 0AC,offwind-float,0.4796454711128095,0.40717050908933505,0.07247496202347442
new_more,1000,NO0 0AC,offwind-float,0.47472295208295684,0.40186919649512387,0.07285375558783297
new_more,1000,NO0 0AC,offwind-float,0.4688991867446226,0.39317502060783444,0.07572416613678817
new_more,1000,NO0 0AC,offwind-float,0.4623078269320978,0.3858023278632325,0.07650549906886533
new_more,1000,NO0 0AC,offwind-float,0.4555301165983009,0.3747696674302191,0.08076044916808178
new_more,1000,NO0 0AC,offwind-float,0.5019465800735639,0.41950362648567874,0.08244295358788511
new_more,1000,NO0 0AC,offwind-float,0.4780828303839768,0.40148372031671364,0.07659911006726317
new_more,1000,NO0 0AC,offwind-float,0.47317634846734186,0.39627279014282435,0.07690355832451751
new_more,1000,NO0 0AC,offwind-float,0.4673783703997999,0.38984736535843373,0.07753100504136617
new_more,1000,NO0 0AC,offwind-float,0.4608083888451626,0.3825610735448876,0.07824731530027501
new_more,1000,NO0 0AC,offwind-float,0.45405939744695806,0.3700283750710037,0.08403102237595433
new_more,1000,NO0 0AC,offwind-float,0.49777369855275655,0.4141947930246604,0.08357890552809616
new_more,1000,NO0 0AC,offwind-float,0.47409519511451675,0.3975584795779057,0.07653671553661107
new_more,1000,NO0 0AC,offwind-float,0.469229637613268,0.39272622323128664,0.07650341438198138
new_more,1000,NO0 0AC,offwind-float,0.4634800198305227,0.3862019955599689,0.0772780242705538
new_more,1000,NO0 0AC,offwind-float,0.4569648377551847,0.37910068959578214,0.07786414815940257
new_more,1000,NO0 0AC,offwind-float,0.45027213893730794,0.37161941233535123,0.07865272660195671
new_more,1000,NO0 0AC,offwind-float,0.4716585446085141,0.387026175628781,0.08463236897973309
new_more,1000,NO0 0AC,offwind-float,0.4492145836483919,0.3748145071624761,0.07440007648591579
new_more,1000,NO0 0AC,offwind-float,0.4445975397029092,0.3676085777424592,0.07698896196045002
new_more,1000,NO0 0AC,offwind-float,0.4391497467343255,0.3617553906532685,0.07739435608105699
new_more,1000,NO0 0AC,offwind-float,0.43297657758809366,0.3553256762227436,0.07765090136535008
new_more,1000,NO0 0AC,offwind-float,0.4266283866447932,0.34299241170467354,0.08363597494011965
new_more,1000,NO0 0AC,offwind-float,0.5051258900014389,0.4220190630664237,0.0831068269350152
new_more,1000,NO0 0AC,offwind-float,0.48111109762111,0.4075090454945549,0.07360205212655507
new_more,1000,NO0 0AC,offwind-float,0.4761735371183108,0.4022986345399661,0.07387490257834467
new_more,1000,NO0 0AC,offwind-float,0.47032524213981675,0.3931284580216534,0.07719678411816333
new_more,1000,NO0 0AC,offwind-float,0.4637138361329541,0.38580319699004006,0.07791063914291402
new_more,1000,NO0 0AC,offwind-float,0.4569222916058831,0.37928089053690067,0.07764140106898243
new_more,1000,NO0 0AC,offwind-float,0.4978006934683672,0.41371001339199504,0.08409068007637216
new_more,1000,NO0 0AC,offwind-float,0.4741341631870795,0.40034469838564685,0.07378946480143267
new_more,1000,NO0 0AC,offwind-float,0.4692545642262843,0.3927641428311041,0.0764904213951802
new_more,1000,NO0 0AC,offwind-float,0.4635046410099389,0.38624642096464584,0.07725822004529304
new_more,1000,NO0 0AC,offwind-float,0.45698911283237437,0.37907366231805295,0.07791545051432142
new_more,1000,NO0 0AC,offwind-float,0.45029605848215254,0.37123405766264955,0.07906200081950299
new_more,1000,NO0 0AC,offwind-float,0.5093245864226932,0.427172357482736,0.08215222893995716
new_more,1000,NO0 0AC,offwind-float,0.48511694473338157,0.40900333355937535,0.07611361117400622
new_more,1000,NO0 0AC,offwind-float,0.48013827291018335,0.4040304219165898,0.07610785099359357
new_more,1000,NO0 0AC,offwind-float,0.47425498820092477,0.39729497332067987,0.0769600148802449
new_more,1000,NO0 0AC,offwind-float,0.46758834138539196,0.3898875954972481,0.07770074588814385
new_more,1000,NO0 0AC,offwind-float,0.46074005092388476,0.38113720668351886,0.0796028442403659
new_more,1000,NO0 0AC,offwind-float,0.47575554497353717,0.39214837145144765,0.08360717352208952
new_more,1000,NO0 0AC,offwind-float,0.45313011927227625,0.37607017950993354,0.07705993976234271
new_more,1000,NO0 0AC,offwind-float,0.4484797227409754,0.37136373006195783,0.07711599267901759
new_more,1000,NO0 0AC,offwind-float,0.44298436016714443,0.365404727034826,0.07757963313231842
new_more,1000,NO0 0AC,offwind-float,0.4367572875005139,0.35859705088216404,0.07816023661834987
new_more,1000,NO0 0AC,offwind-float,0.43036054810123486,0.3430984436388968,0.08726210446233806
new_more,1000,NO0 0AC,offwind-float,0.5009694289464955,0.41883530045057205,0.0821341284959235
new_more,1000,NO0 0AC,offwind-float,0.4771456504737854,0.40295121521620986,0.07419443525757552
new_more,1000,NO0 0AC,offwind-float,0.47224878667348874,0.39536191971757495,0.07688686695591379
new_more,1000,NO0 0AC,offwind-float,0.4664621743112583,0.38893306592067467,0.07752910839058363
new_more,1000,NO0 0AC,offwind-float,0.459905071810902,0.3815718297273679,0.0783332420835341
new_more,1000,NO0 0AC,offwind-float,0.453155728994864,0.3475396194490137,0.10561610954585032
new_more,1000,NO0 0AC,offwind-float,0.5184555778211076,0.43664136952035676,0.08181420830075087
new_more,1000,NO0 0AC,offwind-float,0.49380731554965224,0.4213546103203207,0.07245270522933156
new_more,1000,NO0 0AC,offwind-float,0.4887326531570175,0.4136212555046365,0.075111397652381
new_more,1000,NO0 0AC,offwind-float,0.4827440588135462,0.4066887192484197,0.0760553395651265
new_more,1000,NO0 0AC,offwind-float,0.4759444781860988,0.39889454155312687,0.07704993663297194
new_more,1000,NO0 0AC,offwind-float,0.4689738038948798,0.38682417711349154,0.08214962678138826
new_more,1000,NO0 0AC,offwind-float,0.3807980724838488,0.2911044946074294,0.0896935778764194
new_more,1000,NO0 0AC,offwind-float,0.3626856630715786,0.26155831311503785,0.10112734995654077
new_more,1000,NO0 0AC,offwind-float,0.35895665109501695,0.25548558845215336,0.1034710626428636
new_more,1000,NO0 0AC,offwind-float,0.35455146671502086,0.2536888317209191,0.10086263499410175
new_more,1000,NO0 0AC,offwind-float,0.3495675035194311,0.2492628419775144,0.10030466154191672
new_more,1000,NO0 0AC,offwind-float,0.34443414703684283,0.24611600307375248,0.09831814396309035
new_more,1000,NL2 0AC,offwind-dc,0.5098892479776759,0.5068268943985957,0.003062353579080135
new_more,1000,NL2 0AC,offwind-dc,0.4856413455391905,0.4755226758924027,0.010118669646787815
new_more,1000,NL2 0AC,offwind-dc,0.480657291880655,0.46818823160599987,0.012469060274655108
new_more,1000,NL2 0AC,offwind-dc,0.4747676474693167,0.45864544452720346,0.01612220294211325
new_more,1000,NL2 0AC,offwind-dc,0.4680937941544024,0.4489224965726091,0.019171297581793312
new_more,1000,NL2 0AC,offwind-dc,0.4612381008407059,0.4353785688135186,0.02585953202718727
new_more,1000,NL2 0AC,offwind-dc,0.5072776008941667,0.5040825293705544,0.003195071523612314
new_more,1000,NL2 0AC,offwind-dc,0.48316725019283946,0.47310187996079367,0.01006537023204579
new_more,1000,NL2 0AC,offwind-dc,0.4782085877496025,0.4658072272278402,0.012401360521762328
new_more,1000,NL2 0AC,offwind-dc,0.4723489480772833,0.4564726018629188,0.015876346214364456
new_more,1000,NL2 0AC,offwind-dc,0.4657023334762167,0.44623400138989033,0.019468332086326368
new_more,1000,NL2 0AC,offwind-dc,0.45886803931349707,0.43545768145506236,0.023410357858434705
new_more,1000,NL2 0AC,offwind-dc,0.5078433538262268,0.5048392018236376,0.003004152002589189
new_more,1000,NL2 0AC,offwind-dc,0.4836994517379761,0.47325668044310565,0.010442771294870479
new_more,1000,NL2 0AC,offwind-dc,0.47873532740175473,0.4655432098352323,0.013192117566522443
new_more,1000,NL2 0AC,offwind-dc,0.472869233423424,0.4566317929812048,0.016237440442219198
new_more,1000,NL2 0AC,offwind-dc,0.466222066292669,0.446730227705022,0.01949183858764697
new_more,1000,NL2 0AC,offwind-dc,0.4593937862716651,0.43599176303647863,0.023402023235186475
new_more,1000,NL2 0AC,offwind-dc,0.507596967195251,0.5042888895569251,0.003308077638325968
new_more,1000,NL2 0AC,offwind-dc,0.4834647841449286,0.47402448563742383,0.009440298507504774
new_more,1000,NL2 0AC,offwind-dc,0.47850306816188076,0.4664041450990677,0.012098923062813072
new_more,1000,NL2 0AC,offwind-dc,0.4726398201287944,0.4573870332237844,0.01525278690501003
new_more,1000,NL2 0AC,offwind-dc,0.46599587788222235,0.44686927805970744,0.01912659982251491
new_more,1000,NL2 0AC,offwind-dc,0.4591709106126211,0.4357634540070282,0.023407456605592902
new_more,1000,NL2 0AC,offwind-dc,0.5108824250627092,0.5078793922822744,0.003003032780434789
new_more,1000,NL2 0AC,offwind-dc,0.4865941026460376,0.47585787324410833,0.010736229401929254
new_more,1000,NL2 0AC,offwind-dc,0.48160027100507175,0.4679150968562362,0.013685174148835522
new_more,1000,NL2 0AC,offwind-dc,0.4756990719750395,0.4591107434632119,0.01658832851182762
new_more,1000,NL2 0AC,offwind-dc,0.468998526466306,0.4490845353274333,0.01991399113887271
new_more,1000,NL2 0AC,offwind-dc,0.46212275544446707,0.436795526421684,0.02532722902278306
new_more,1000,NL2 0AC,offwind-dc,0.5099009303642974,0.5066794604145374,0.003221469949760025
new_more,1000,NL2 0AC,offwind-dc,0.48564613277354673,0.4771265046135032,0.008519628160043535
new_more,1000,NL2 0AC,offwind-dc,0.48066202998444757,0.469730751718221,0.010931278266226585
new_more,1000,NL2 0AC,offwind-dc,0.47477232751563897,0.460474186446835,0.014298141068803949
new_more,1000,NL2 0AC,offwind-dc,0.4680984084128749,0.44996758994959357,0.01813081846328135
new_more,1000,NL2 0AC,offwind-dc,0.46124264751883154,0.4393652715690496,0.021877375949781952
new_more,1000,NL2 0AC,offwind-dc,0.5159683106075956,0.5127988270865252,0.003169483521070382
new_more,1000,NL2 0AC,offwind-dc,0.49143176594933885,0.4816988474523031,0.009732918497035725
new_more,1000,NL2 0AC,offwind-dc,0.4863747097293554,0.4742063302579335,0.012168379471421908
new_more,1000,NL2 0AC,offwind-dc,0.4804081962952319,0.46481774643735674,0.015590449857875166
new_more,1000,NL2 0AC,offwind-dc,0.47364822332068834,0.45442903161699166,0.01921919170369668
new_more,1000,NL2 0AC,offwind-dc,0.4667044102947965,0.4433359975369888,0.023368412757807655
new_more,1000,NL2 0AC,offwind-dc,0.511430709757964,0.5081482475752599,0.0032824621827041156
new_more,1000,NL2 0AC,offwind-dc,0.4871162217902514,0.47772585011470076,0.009390371675550624
new_more,1000,NL2 0AC,offwind-dc,0.4821101880354102,0.47002522676546277,0.012084961269947458
new_more,1000,NL2 0AC,offwind-dc,0.4762027408322229,0.46101242599602626,0.01519031483619665
new_more,1000,NL2 0AC,offwind-dc,0.469501941969346,0.4502347859546316,0.019267156014714404
new_more,1000,NL2 0AC,offwind-dc,0.46262562494800763,0.438703215670989,0.023922409277018608
new_more,1000,NL2 0AC,offwind-dc,0.5120819372196163,0.5088600653986063,0.0032218718210099695
new_more,1000,NL2 0AC,offwind-dc,0.48772313164809644,0.4870545673736883,0.0006685642744081455
new_more,1000,NL2 0AC,offwind-dc,0.48271771297653676,0.47324671476246344,0.009470998214073323
new_more,1000,NL2 0AC,offwind-dc,0.47679602864540443,0.46391023876399373,0.012885789881410703
new_more,1000,NL2 0AC,offwind-dc,0.47009366218620136,0.45341890721576716,0.01667475497043419
new_more,1000,NL2 0AC,offwind-dc,0.463195137902779,0.4418867560650594,0.021308381837719603
base,10000,GB1 0AC,offwind-float,0.573765583287835,0.4221230886275747,0.1516424946602603
base,10000,GB1 0AC,offwind-float,0.5490238457748811,0.37651489959425427,0.1725089461806268
base,10000,GB1 0AC,offwind-float,0.575671491216171,0.4223184764198201,0.15335301479635088
base,10000,GB1 0AC,offwind-float,0.5709333056190796,0.4076028337302788,0.16333047188880084
base,10000,GB1 0AC,offwind-float,0.5774680858185602,0.41043552556708124,0.167032560251479
base,10000,GB1 0AC,offwind-float,0.5709400177125502,0.41416004526291483,0.15677997244963537
base,10000,GB1 0AC,offwind-float,0.5717167957158373,0.4027787131562482,0.16893808255958914
base,10000,GB1 0AC,offwind-float,0.5666607310190731,0.38938313051692175,0.17727760050215136
base,10000,GB1 0AC,offwind-float,0.5606663919694521,0.40367575800388933,0.1569906339655628
base,10000,GB1 0AC,offwind-float,0.5732214293730238,0.39553852863685807,0.17768290073616572
base,10000,GB1 0AC,offwind-float,0.5659119374769972,0.3997571479224853,0.1661547895545119
base,10000,GB1 0AC,offwind-float,0.5689713636625537,0.3991879670194259,0.16978339664312786
base,10000,GB4 0AC,offwind-float,0.5867575800139231,0.44450459676769943,0.14225298324622365
base,10000,GB4 0AC,offwind-float,0.5929499785514185,0.4507048999136145,0.142245078637804
base,10000,GB4 0AC,offwind-float,0.5702914792821512,0.42545359249986625,0.14483788678228493
base,10000,GB4 0AC,offwind-float,0.590962488569548,0.45292009784867954,0.1380423907208685
base,10000,GB4 0AC,offwind-float,0.5832821705201288,0.4393069964949917,0.14397517402513704
base,10000,GB4 0AC,offwind-float,0.5767030568986644,0.44249905817582746,0.13420399872283695
base,10000,GB4 0AC,offwind-float,0.5604528766630129,0.4225010140749308,0.13795186258808212
base,10000,NL2 0AC,offwind-float,0.45268663068903936,0.3227162666193143,0.12997036406972506
base,10000,NO0 0AC,offwind-float,0.5581306835480563,0.5143813451445829,0.04374933840347339
base,10000,NO0 0AC,offwind-float,0.5589828542497991,0.5161318356743044,0.04285101857549467
base,10000,NO0 0AC,offwind-float,0.5511808316187873,0.5050829348530319,0.046097896765755375
base,10000,NO0 0AC,offwind-float,0.5370360230906329,0.4844913537923623,0.05254466929827062
base,10000,NO0 0AC,offwind-float,0.5770956627355819,0.5445063683869924,0.03258929434858948
base,10000,NO0 0AC,offwind-float,0.5634735623038147,0.5242887904102512,0.03918477189356351
base,10000,NO0 0AC,offwind-float,0.49455416239162175,0.42764834826093506,0.06690581413068669
base,10000,NO0 0AC,offwind-float,0.5707881975382378,0.533138013837683,0.03765018370055484
base,10000,NO0 0AC,offwind-float,0.5996938132847773,0.5825224417634854,0.01717137152129189
base,10000,NO0 0AC,offwind-float,0.4753194948580945,0.4026538397617293,0.07266565509636519
base,10000,NO0 0AC,offwind-float,0.1570676428293536,0.10089150572725403,0.056176137102099566
base,10000,NO0 0AC,offwind-float,0.6206763395963067,0.6206763395962075,9.9253938401489e-14
base,10000,NO0 0AC,offwind-float,0.5657566133975912,0.525704426946816,0.04005218645077524
base,10000,NO0 0AC,offwind-float,0.6172213799242534,0.615324097489039,0.0018972824352143647
base,10000,NO0 0AC,offwind-float,0.5261409524654239,0.46840618412103563,0.05773476834438829
base,10000,BE2 0AC,offwind-dc,0.5938659701081414,0.5938659701079115,2.298161660974074e-13
base,10000,DE2 0AC,offwind-dc,0.5756890374754142,0.5756550335270006,3.400394841357457e-05
base,10000,DE2 0AC,offwind-dc,0.5855019194994173,0.5854907743874049,1.1145112012389546e-05
base,10000,DE2 0AC,offwind-dc,0.5800201403527135,0.5781502776474109,0.0018698627053026495
base,10000,DE2 0AC,offwind-dc,0.5839930653779235,0.583921556742781,7.150863514249206e-05
base,10000,DK2 0AC,offwind-dc,0.5778592671740521,0.5363505625123915,0.04150870466166057
base,10000,DK2 0AC,offwind-dc,0.5897622583237987,0.5534831379699138,0.03627912035388492
base,10000,DK2 0AC,offwind-dc,0.619247382832462,0.619016418253048,0.00023096457941396142
base,10000,DK2 0AC,offwind-dc,0.6050297757670812,0.5864348833287818,0.01859489243829937
base,10000,FR2 0AC,offwind-dc,0.5826198774371905,0.5826198774357474,1.4430678874077785e-12
base,10000,GB1 0AC,offwind-dc,0.5709690042920672,0.5401690158416069,0.03079998845046028
base,10000,GB1 0AC,offwind-dc,0.5760073015079813,0.48151464991956194,0.09449265158841935
base,10000,GB1 0AC,offwind-dc,0.5914127469333071,0.5482438189980027,0.04316892793530447
base,10000,GB1 0AC,offwind-dc,0.583626234499566,0.5669572036490653,0.016669030850500643
base,10000,GB1 0AC,offwind-dc,0.5758670139810417,0.5539093594820759,0.021957654498965806
base,10000,NL2 0AC,offwind-dc,0.5788406769658262,0.5734648444590558,0.005375832506770428
base,10000,NL2 0AC,offwind-dc,0.5920627637526019,0.5916518660323592,0.00041089772024272
base,10000,NL2 0AC,offwind-dc,0.5711601038909637,0.5691265361871065,0.0020335677038572086
base,10000,NL2 0AC,offwind-dc,0.5835893098981904,0.5833736351832458,0.00021567471494454704
base,10000,NL2 0AC,offwind-dc,0.5762680237060356,0.5696901665811471,0.006577857124888453
base,10000,NL2 0AC,offwind-dc,0.5854210468302173,0.5851842121866291,0.00023683464358825734
base,10000,NL2 0AC,offwind-dc,0.581939804579731,0.5730706860836751,0.008869118496055983
base,10000,DK2 0AC,offwind-ac,0.5753048207901392,0.575138088637788,0.00016673215235119
base,10000,DK2 0AC,offwind-ac,0.4975459513240466,0.44266684143143153,0.054879109892615074
base,10000,DK2 0AC,offwind-ac,0.5373504349576597,0.5276028625921387,0.009747572365520929
base,10000,GB1 0AC,offwind-ac,0.48908911110401204,0.46803040048156813,0.02105871062244391
base,10000,GB1 0AC,offwind-ac,0.5484817940751215,0.5078106248903795,0.040671169184742006
base,10000,GB1 0AC,offwind-ac,0.46845276588902024,0.4450460744175444,0.023406691471475838
base,10000,GB4 0AC,offwind-ac,0.6001263368277429,0.5308162956546693,0.0693100411730736
base,10000,NL2 0AC,offwind-ac,0.4708103763897188,0.42433719968254635,0.04647317670717244
standard,10000,GB1 0AC,offwind-float,0.5080316501906929,0.3910066873734327,0.11702496281726016
standard,10000,GB1 0AC,offwind-float,0.4861470965490236,0.3510252582823227,0.13512183826670088
standard,10000,GB1 0AC,offwind-float,0.5097571054719194,0.37386068545694806,0.13589642001497138
standard,10000,GB1 0AC,offwind-float,0.5055484450322781,0.4043491860009529,0.10119925903132526
standard,10000,GB1 0AC,offwind-float,0.5113353747640845,0.3693730501598345,0.14196232460425
standard,10000,GB1 0AC,offwind-float,0.5055546202671916,0.3680519475619408,0.13750267270525074
standard,10000,GB1 0AC,offwind-float,0.5062355960046916,0.3644542320516405,0.14178136395305108
standard,10000,GB1 0AC,offwind-float,0.5017521260239368,0.3656236503815891,0.1361284756423477
standard,10000,GB1 0AC,offwind-float,0.4964572359186807,0.358161626856692,0.13829560906198868
standard,10000,GB1 0AC,offwind-float,0.5075747224991071,0.3731188637194379,0.13445585877966915
standard,10000,GB1 0AC,offwind-float,0.5010894296345471,0.36204914665737914,0.13904028297716792
standard,10000,GB1 0AC,offwind-float,0.5038241425231913,0.36834946116649725,0.13547468135669405
standard,10000,GB4 0AC,offwind-float,0.5195546738885926,0.40988502702642887,0.10966964686216368
standard,10000,GB4 0AC,offwind-float,0.5250378768452316,0.42164959501863786,0.10338828182659376
standard,10000,GB4 0AC,offwind-float,0.5049670615790143,0.38226468321764806,0.12270237836136622
standard,10000,GB4 0AC,offwind-float,0.5232908021133308,0.4079736548694876,0.11531714724384318
standard,10000,GB4 0AC,offwind-float,0.5164707685781453,0.3951208710691682,0.12134989750897712
standard,10000,GB4 0AC,offwind-float,0.5106639961087334,0.39673780226773087,0.1139261938410025
standard,10000,GB4 0AC,offwind-float,0.4962352358690989,0.39308291084100044,0.10315232502809846
standard,10000,NL2 0AC,offwind-float,0.40083499669323225,0.28577544992796056,0.11505954676527169
standard,10000,NO0 0AC,offwind-float,0.4941927770044547,0.4505273384391423,0.04366543856531241
standard,10000,NO0 0AC,offwind-float,0.4949793174381971,0.4518453742568529,0.043133943181344225
standard,10000,NO0 0AC,offwind-float,0.488043889026401,0.44178927475314034,0.046254614273260664
standard,10000,NO0 0AC,offwind-float,0.4755193615266751,0.4238057060609651,0.051713655465709996
standard,10000,NO0 0AC,offwind-float,0.5109984196319345,0.47860700168336556,0.032391417948568924
standard,10000,NO0 0AC,offwind-float,0.4989305214901967,0.45914673577446546,0.03978378571573121
standard,10000,NO0 0AC,offwind-float,0.43788884450230214,0.3745109587985838,0.06337788570371833
standard,10000,NO0 0AC,offwind-float,0.5054075315289116,0.473742493382064,0.031665038146847624
standard,10000,NO0 0AC,offwind-float,0.5309901194917508,0.5142123200578743,0.016777799433876472
standard,10000,NO0 0AC,offwind-float,0.4208555707648898,0.35343746814674476,0.06741810261814501
standard,10000,NO0 0AC,offwind-float,0.1389935503460256,0.08740135638220173,0.05159219396382386
standard,10000,NO0 0AC,offwind-float,0.549583341988443,0.549583294289656,4.7698787031258405e-08
standard,10000,NO0 0AC,offwind-float,0.5009524154133825,0.4594580639903599,0.04149435142302266
standard,10000,NO0 0AC,offwind-float,0.5465495319229264,0.5449370055370042,0.0016125263859222416
standard,10000,NO0 0AC,offwind-float,0.4658716915759958,0.40896246368372596,0.05690922789226982
standard,10000,BE2 0AC,offwind-dc,0.5258481023171301,0.5258360949537506,1.2007363379473723e-05
standard,10000,DE2 0AC,offwind-dc,0.5097468607186374,0.5096345287860298,0.00011233193260762331
standard,10000,DE2 0AC,offwind-dc,0.5184493720372635,0.5184154602496351,3.391178762834901e-05
standard,10000,DE2 0AC,offwind-dc,0.5135698696769213,0.5088472323340624,0.0047226373428589374
standard,10000,DE2 0AC,offwind-dc,0.5170937093140179,0.5168986862764133,0.00019502303760454698
standard,10000,DK2 0AC,offwind-dc,0.5116876454898363,0.44144408209275476,0.07024356339708149
standard,10000,DK2 0AC,offwind-dc,0.5222214401751897,0.4574410223796493,0.06478041779554039
standard,10000,DK2 0AC,offwind-dc,0.5483182024669266,0.5466918033644974,0.0016263991024292324
standard,10000,DK2 0AC,offwind-dc,0.5357346408047533,0.48930429684617355,0.046430343958579756
standard,10000,FR2 0AC,offwind-dc,0.5158709366117518,0.51587046314541,4.7346634179934455e-07
standard,10000,GB1 0AC,offwind-dc,0.5055474780434109,0.4936159620014698,0.011931516041941148
standard,10000,GB1 0AC,offwind-dc,0.5100347458582184,0.4553287619449334,0.05470598391328502
standard,10000,GB1 0AC,offwind-dc,0.5236833391808399,0.5045514628204468,0.01913187636039304
standard,10000,GB1 0AC,offwind-dc,0.5167555524429759,0.5101523611566894,0.006603191286286503
standard,10000,GB1 0AC,offwind-dc,0.5099302408802124,0.5006274610340532,0.009302779846159237
standard,10000,NL2 0AC,offwind-dc,0.5125634194532392,0.49973870959920635,0.01282470985403289
standard,10000,NL2 0AC,offwind-dc,0.5242650235173915,0.5234810717607291,0.0007839517566623488
standard,10000,NL2 0AC,offwind-dc,0.5057490771275335,0.5028372078386434,0.00291186928889009
standard,10000,NL2 0AC,offwind-dc,0.516742923525554,0.5163199487989787,0.0004229747265752648
standard,10000,NL2 0AC,offwind-dc,0.5102527054335858,0.4988527825033753,0.011399922930210526
standard,10000,NL2 0AC,offwind-dc,0.5183903369681574,0.5179374166500275,0.0004529203181299346
standard,10000,NL2 0AC,offwind-dc,0.5152944998147686,0.4981178989060716,0.017176600908696993
standard,10000,DK2 0AC,offwind-ac,0.509419447737886,0.5082414935664828,0.001177954171403206
standard,10000,DK2 0AC,offwind-ac,0.44052531399818196,0.37121598302642494,0.06930933097175701
standard,10000,DK2 0AC,offwind-ac,0.4757914864635408,0.44326102514752735,0.03253046131601345
standard,10000,GB1 0AC,offwind-ac,0.4330618621654594,0.42348411132883723,0.009577750836622156
standard,10000,GB1 0AC,offwind-ac,0.48564837625547674,0.46606285828353283,0.01958551797194391
standard,10000,GB1 0AC,offwind-ac,0.41477544798552385,0.40516501703245006,0.00961043095307379
standard,10000,GB4 0AC,offwind-ac,0.5313741762097042,0.49837208939888356,0.03300208681082062
standard,10000,NL2 0AC,offwind-ac,0.4168896323888861,0.3962064833981758,0.020683148990710276
glaum,10000,GB4 0AC,offwind-float,0.5371997628007714,0.4428618829055187,0.09433787989525272
glaum,10000,NL2 0AC,offwind-float,0.4101146324156617,0.3002099666893785,0.10990466572628321
glaum,10000,NO0 0AC,offwind-float,0.14221821211133567,0.08890157766742281,0.053316634443912866
glaum,10000,BE2 0AC,offwind-dc,0.5380357715725339,0.537978185427618,5.7586144915910964e-05
glaum,10000,FR2 0AC,offwind-dc,0.5278276903587075,0.5278267722711708,9.180875366610053e-07
glaum,10000,GB1 0AC,offwind-dc,0.5358070076768391,0.5272184411804938,0.008588566496345318
glaum,10000,DK2 0AC,offwind-ac,0.4507306674282561,0.40295049517363707,0.04778017225461906
glaum,10000,GB4 0AC,offwind-ac,0.5436758934455019,0.5183137156098493,0.025362177835652644
glaum,10000,NL2 0AC,offwind-ac,0.4265409451658169,0.415505952705773,0.011034992460043913
glaum,10000,GB4 0AC,offwind-float,0.5315827606358723,0.4507552273723876,0.08082753326348469
glaum,10000,GB4 0AC,offwind-float,0.4635282024269729,0.3710748228396409,0.09245337958733202
glaum,10000,NO0 0AC,offwind-float,0.4480400612529685,0.391097930194229,0.05694213105873952
glaum,10000,NO0 0AC,offwind-float,0.3906585056629762,0.3221392807212494,0.0685192249417268
glaum,10000,NO0 0AC,offwind-float,0.430612548986718,0.3682850407820003,0.06232750820471772
glaum,10000,NO0 0AC,offwind-float,0.3754676438714743,0.30444404110777606,0.07102360276369823
glaum,10000,NO0 0AC,offwind-float,0.5623066152925233,0.5623065506204338,6.467208957250392e-08
glaum,10000,NO0 0AC,offwind-float,0.4903464383523702,0.4443645316689351,0.0459819066834351
glaum,10000,NO0 0AC,offwind-float,0.5125498456968092,0.47795867769635886,0.03459116800045031
glaum,10000,NO0 0AC,offwind-float,0.44693178044278686,0.3858170134099974,0.06111476703278945
glaum,10000,NO0 0AC,offwind-float,0.5592025702113735,0.5592024416881033,1.2852327024859278e-07
glaum,10000,NO0 0AC,offwind-float,0.4875946819460045,0.4412378048176638,0.046356877128340745
glaum,10000,NO0 0AC,offwind-float,0.47665697636121085,0.4272111322204013,0.04944584414080955
glaum,10000,NO0 0AC,offwind-float,0.41561354384161675,0.3492447292959361,0.06636881454568067
glaum,10000,DE2 0AC,offwind-dc,0.5215548379269014,0.5214466488105521,0.00010818911634924433
glaum,10000,DE2 0AC,offwind-dc,0.4547972545001331,0.4514523730012723,0.0033448814988608078
glaum,10000,DE2 0AC,offwind-dc,0.5254594036445971,0.5253512180870938,0.00010818555750324865
glaum,10000,DE2 0AC,offwind-dc,0.45817616375921383,0.4578908135319518,0.00028535022726200454
glaum,10000,DK2 0AC,offwind-dc,0.5235404960596913,0.49617350298628193,0.027366993073409396
glaum,10000,DK2 0AC,offwind-dc,0.4565159874615331,0.3958166958165483,0.060699291644984776
glaum,10000,DK2 0AC,offwind-dc,0.5610191121318019,0.5583155866060526,0.002703525525749262
glaum,10000,DK2 0AC,offwind-dc,0.48921148135334913,0.4569606180550549,0.03225086329829424
glaum,10000,GB1 0AC,offwind-dc,0.5172651772256869,0.5087442813122702,0.008520895913416648
glaum,10000,GB1 0AC,offwind-dc,0.4510372474929721,0.4416837831402454,0.00935346435272666
glaum,10000,GB1 0AC,offwind-dc,0.5217355146668238,0.5132193949075371,0.008516119759286678
glaum,10000,GB1 0AC,offwind-dc,0.45496072269918,0.4479231128595408,0.007037609839639192
glaum,10000,NL2 0AC,offwind-dc,0.5364021584491888,0.5354848054805481,0.0009173529686407056
glaum,10000,NL2 0AC,offwind-dc,0.4677377790998139,0.4667890283733446,0.0009487507264692718
glaum,10000,NL2 0AC,offwind-dc,0.5287059161085848,0.5278500587744385,0.0008558573341462816
glaum,10000,NL2 0AC,offwind-dc,0.46104572816523764,0.4581786010078142,0.0028671271574234325
glaum,10000,NL2 0AC,offwind-dc,0.530391468428177,0.529470452681428,0.0009210157467489655
glaum,10000,NL2 0AC,offwind-dc,0.4625032004112877,0.46205566282340504,0.0004475375878826293
glaum,10000,NL2 0AC,offwind-dc,0.5272239602847888,0.5263040779868624,0.0009198822979263888
glaum,10000,NL2 0AC,offwind-dc,0.45974727947851474,0.4460538667641092,0.01369341271440555
glaum,10000,DK2 0AC,offwind-ac,0.5212128962738846,0.518482013251146,0.002730883022738606
glaum,10000,DK2 0AC,offwind-ac,0.45449175948985154,0.41811252110529457,0.03637923838455698
glaum,10000,DK2 0AC,offwind-ac,0.4868133874355637,0.48409327907637195,0.0027201083591917308
glaum,10000,DK2 0AC,offwind-ac,0.42448288091876085,0.38207701622950696,0.04240586468925389
glaum,10000,GB1 0AC,offwind-ac,0.4431015380447535,0.4350661977324938,0.00803534031225972
glaum,10000,GB1 0AC,offwind-ac,0.3863647015779975,0.38138455997059145,0.004980141607406063
glaum,10000,GB1 0AC,offwind-ac,0.4968984762117071,0.4887048484944729,0.008193627717234198
glaum,10000,GB1 0AC,offwind-ac,0.43329007514154194,0.40683739495060856,0.026452680190933386
glaum,10000,GB1 0AC,offwind-ac,0.4243917715222355,0.4157969461433623,0.008594825378873183
glaum,10000,GB1 0AC,offwind-ac,0.3700500302116133,0.3648063185129754,0.0052437116986379095
glaum,10000,GB1 0AC,offwind-float,0.5197929701555819,0.43113169270013685,0.08866127745544505
glaum,10000,GB1 0AC,offwind-float,0.4532476816216694,0.3535183347429993,0.09972934687867008
glaum,10000,GB1 0AC,offwind-float,0.3901753427723657,0.28645106527394804,0.10372427749841767
glaum,10000,GB1 0AC,offwind-float,0.4974087649565146,0.3950635139519857,0.1023452510045289
glaum,10000,GB1 0AC,offwind-float,0.43371527732087856,0.3209408201039358,0.11277445721694274
glaum,10000,GB1 0AC,offwind-float,0.37339165612026554,0.27614414176647695,0.09724751435378859
glaum,10000,GB1 0AC,offwind-float,0.521558371041851,0.4309186945500371,0.09063967649181387
glaum,10000,GB1 0AC,offwind-float,0.4547993448202559,0.35239321035999294,0.10240613446026298
glaum,10000,GB1 0AC,offwind-float,0.3915322282167572,0.2917473210935465,0.0997849071232107
glaum,10000,GB1 0AC,offwind-float,0.5172522769048493,0.42233020255595155,0.09492207434889777
glaum,10000,GB1 0AC,offwind-float,0.4510314917298495,0.34493940425674013,0.10609208747310939
glaum,10000,GB1 0AC,offwind-float,0.3882793893064118,0.2863740706851468,0.101905318621265
glaum,10000,GB1 0AC,offwind-float,0.5231731784712148,0.42597128108894405,0.09720189738227075
glaum,10000,GB1 0AC,offwind-float,0.45618253954021276,0.34540294770350427,0.11077959183670849
glaum,10000,GB1 0AC,offwind-float,0.3927354423349092,0.2756595797434832,0.117075862591426
glaum,10000,GB1 0AC,offwind-float,0.5172585951011582,0.42489087244839924,0.092367722652759
glaum,10000,GB1 0AC,offwind-float,0.4510378253970562,0.34728560221093746,0.10375222318611876
glaum,10000,GB1 0AC,offwind-float,0.3883117996390887,0.2777314345718281,0.1105803650672606
glaum,10000,GB1 0AC,offwind-float,0.5179623144288439,0.4183531619200697,0.09960915250877417
glaum,10000,GB1 0AC,offwind-float,0.4516377866400182,0.34115993018496876,0.11047785645504943
glaum,10000,GB1 0AC,offwind-float,0.3888279549697095,0.2682824509992602,0.12054550397044933
glaum,10000,GB1 0AC,offwind-float,0.5133750172655693,0.40859650021539673,0.1047785170501726
glaum,10000,GB1 0AC,offwind-float,0.44765742244377243,0.3348324354701146,0.11282498697365784
glaum,10000,GB1 0AC,offwind-float,0.38540808938262794,0.2730186720682217,0.11238941731440621
glaum,10000,GB1 0AC,offwind-float,0.5079505993702144,0.4129973907004037,0.09495320866981066
glaum,10000,GB1 0AC,offwind-float,0.4429139572041503,0.33672259296190127,0.10619136424224901
glaum,10000,GB1 0AC,offwind-float,0.381304677918519,0.27060578683843295,0.11069889108008607
glaum,10000,GB1 0AC,offwind-float,0.5193254642396284,0.4146354286609912,0.10469003557863726
glaum,10000,GB1 0AC,offwind-float,0.45283335776975503,0.3389820042519611,0.11385135351779391
glaum,10000,GB1 0AC,offwind-float,0.38985752992902367,0.28832438029130486,0.10153314963771881
glaum,10000,GB1 0AC,offwind-float,0.5126970278850801,0.41230307191437254,0.10039395597070755
glaum,10000,GB1 0AC,offwind-float,0.4470667793491986,0.3332110283690278,0.11385575098017081
glaum,10000,GB1 0AC,offwind-float,0.38488661949883596,0.26420380923887543,0.12068281025996053
glaum,10000,GB1 0AC,offwind-float,0.5154880554782738,0.4134041923615237,0.1020838631167501
glaum,10000,GB1 0AC,offwind-float,0.44951292441031954,0.3376327375976391,0.11188018681268042
glaum,10000,GB1 0AC,offwind-float,0.3870050338707354,0.2888286603017804,0.09817637356895503
glaum,10000,GB4 0AC,offwind-float,0.5166711878394041,0.42801799669964835,0.08865319113975578
glaum,10000,GB4 0AC,offwind-float,0.4505133887304806,0.3519341694148017,0.09857921931567887
glaum,10000,GB4 0AC,offwind-float,0.38782727930251126,0.2832145654991295,0.10461271380338177
glaum,10000,GB4 0AC,offwind-float,0.5354053830769934,0.4568328792188846,0.07857250385810877
glaum,10000,GB4 0AC,offwind-float,0.46687509479118905,0.37359937970293183,0.09327571508825722
glaum,10000,GB4 0AC,offwind-float,0.4019346739182164,0.30112531196519376,0.10080936195302265
glaum,10000,GB4 0AC,offwind-float,0.5284343977865655,0.443814265446821,0.08462013233974452
glaum,10000,GB4 0AC,offwind-float,0.46079048658499366,0.36382575094065267,0.096964735644341
glaum,10000,GB4 0AC,offwind-float,0.3966767384368755,0.2959349652874969,0.1007417731493786
glaum,10000,GB4 0AC,offwind-float,0.5224862568882128,0.44296967172179036,0.07951658516642246
glaum,10000,GB4 0AC,offwind-float,0.45560899094028995,0.3631826051865371,0.09242638575375284
glaum,10000,GB4 0AC,offwind-float,0.39222837718950876,0.2931829494817961,0.09904542770771269
glaum,10000,GB4 0AC,offwind-float,0.5077372712311043,0.4226353713068756,0.08510189992422873
glaum,10000,GB4 0AC,offwind-float,0.4427167176355738,0.3477843050100848,0.09493241262548902
glaum,10000,GB4 0AC,offwind-float,0.38109620123192856,0.2772151411745854,0.10388106005734316
glaum,10000,NO0 0AC,offwind-float,0.5056337165059694,0.46821494882605247,0.037418767679916975
glaum,10000,NO0 0AC,offwind-float,0.44090042607143765,0.3778295663482378,0.06307085972319987
glaum,10000,NO0 0AC,offwind-float,0.37958380587402435,0.3036100330235302,0.07597377285049417
glaum,10000,NO0 0AC,offwind-float,0.5064384659503179,0.4693264671398707,0.037111998810447244
glaum,10000,NO0 0AC,offwind-float,0.4416149308394348,0.37919545447399694,0.062419476365437876
glaum,10000,NO0 0AC,offwind-float,0.3801592961986562,0.3015562640181354,0.07860303218052078
glaum,10000,NO0 0AC,offwind-float,0.4993563300011492,0.4599075705015654,0.03944875949958382
glaum,10000,NO0 0AC,offwind-float,0.43540061555422965,0.37228049510518757,0.06312012044904208
glaum,10000,NO0 0AC,offwind-float,0.374810321810685,0.2942989244355048,0.0805113973751802
glaum,10000,NO0 0AC,offwind-float,0.48654190842325196,0.4416312163979924,0.044910692025259547
glaum,10000,NO0 0AC,offwind-float,0.4242397261187969,0.35882051910807,0.0654192070107269
glaum,10000,NO0 0AC,offwind-float,0.3652130709248756,0.2874692164468467,0.0777438544780289
glaum,10000,NO0 0AC,offwind-float,0.5228352789030102,0.49505983077823607,0.027775448124774116
glaum,10000,NO0 0AC,offwind-float,0.455907689636908,0.39734014457246536,0.05856754506444262
glaum,10000,NO0 0AC,offwind-float,0.39249133791403895,0.32008887215071646,0.07240246576332249
glaum,10000,NO0 0AC,offwind-float,0.5104811433880498,0.4766950999739848,0.03378604341406505
glaum,10000,NO0 0AC,offwind-float,0.4451215832509346,0.38408552239784255,0.061036060853092045
glaum,10000,NO0 0AC,offwind-float,0.38319931310368405,0.30435372286698215,0.0788455902367019
glaum,10000,NO0 0AC,offwind-float,0.517108101146464,0.48459584449801785,0.03251225664844615
glaum,10000,NO0 0AC,offwind-float,0.4509255242929062,0.3902745725671115,0.06065095172579471
glaum,10000,NO0 0AC,offwind-float,0.3881964547793904,0.31541113972807067,0.07278531505131974
glaum,10000,NO0 0AC,offwind-float,0.5432899279127799,0.530030800287053,0.013259127625726896
glaum,10000,NO0 0AC,offwind-float,0.4737509984354574,0.4200603970940961,0.05369060134136133
glaum,10000,NO0 0AC,offwind-float,0.4078541693405779,0.33575699430136086,0.07209717503921703
glaum,10000,DE2 0AC,offwind-dc,0.5304518702041341,0.5303438432000637,0.0001080270040704212
glaum,10000,DE2 0AC,offwind-dc,0.462528564853175,0.46249392242036474,3.464243281026125e-05
glaum,10000,DE2 0AC,offwind-dc,0.3982046839064779,0.34169050902761045,0.05651417487886745
glaum,10000,DE2 0AC,offwind-dc,0.529071682601031,0.5289631129379418,0.00010856966308914195
glaum,10000,DE2 0AC,offwind-dc,0.46133919700007575,0.46129423827304744,4.4958727028310275e-05
glaum,10000,DE2 0AC,offwind-dc,0.3971807526381653,0.34165104563221615,0.05552970700594917
glaum,10000,DK2 0AC,offwind-dc,0.53431126459483,0.5313523512674931,0.0029589133273368873
glaum,10000,DK2 0AC,offwind-dc,0.46592724910450256,0.4067341932647582,0.05919305583974438
glaum,10000,DK2 0AC,offwind-dc,0.4011177453620087,0.3248978608669384,0.07621988449507033
glaum,10000,DK2 0AC,offwind-dc,0.5481373061198268,0.545418865834412,0.0027184402854147915
glaum,10000,DK2 0AC,offwind-dc,0.4779708300552396,0.4277429492906222,0.05022788076461743
glaum,10000,DK2 0AC,offwind-dc,0.4115069573321461,0.3398882398136014,0.0716187175185447
glaum,10000,GB1 0AC,offwind-dc,0.5218494288019258,0.5132826249652699,0.008566803836655867
glaum,10000,GB1 0AC,offwind-dc,0.45506059219821265,0.42037780223531473,0.03468278996289792
glaum,10000,GB1 0AC,offwind-dc,0.39175537583807474,0.33529625897029136,0.05645911686778338
glaum,10000,GB1 0AC,offwind-dc,0.5287188373950719,0.5202325688810762,0.008486268513995698
glaum,10000,GB1 0AC,offwind-dc,0.46103754668731484,0.4569309264615744,0.004106620225740432
glaum,10000,GB1 0AC,offwind-dc,0.3969016235616816,0.33663277258923874,0.06026885097244289
glaum,10000,NL2 0AC,offwind-dc,0.5244296533310386,0.5235734762036881,0.0008561771273505325
glaum,10000,NL2 0AC,offwind-dc,0.4573036903712124,0.4443441625888429,0.012959527782369473
glaum,10000,NL2 0AC,offwind-dc,0.3936919692890752,0.34057807611847235,0.05311389317060283
glaum,10000,NL2 0AC,offwind-dc,0.5174575537860479,0.5165638583984019,0.000893695387645943
glaum,10000,NL2 0AC,offwind-dc,0.4512112987136684,0.43556238341017334,0.015648915303495048
glaum,10000,NL2 0AC,offwind-dc,0.38844864513955263,0.33523204530990974,0.053216599829642885
glaum,10000,NL2 0AC,offwind-dc,0.5220724206963222,0.5212092320892256,0.0008631886070965544
glaum,10000,NL2 0AC,offwind-dc,0.45523572799386336,0.43966797301395705,0.015567754979906312
glaum,10000,NL2 0AC,offwind-dc,0.39191311685982866,0.33708349242993496,0.0548296244298937
new_more,10000,NL2 0AC,offwind-float,0.40221663860715084,0.27848689878486643,0.12372973982228441
new_more,10000,NL2 0AC,offwind-ac,0.4183266131773361,0.3961968461953912,0.02212976698194491
new_more,10000,BE2 0AC,offwind-dc,0.5276606530786894,0.527395909254328,0.0002647438243613687
new_more,10000,BE2 0AC,offwind-dc,0.5025815181541554,0.5025038389311202,7.76792230352541e-05
new_more,10000,DE2 0AC,offwind-dc,0.5153400984831011,0.5150208157579783,0.00031928272512282696
new_more,10000,DE2 0AC,offwind-dc,0.49082636258141993,0.49065684192751663,0.00016952065390329896
new_more,10000,DK2 0AC,offwind-dc,0.550208205627685,0.5405596669778846,0.00964853864980042
new_more,10000,DK2 0AC,offwind-dc,0.524050789294955,0.5219290780931641,0.0021217112017908324
new_more,10000,FR2 0AC,offwind-dc,0.5176490969871561,0.5176490969575229,2.963318479487498e-11
new_more,10000,FR2 0AC,offwind-dc,0.4930458003965196,0.4930458003761594,2.036015800399582e-11
new_more,10000,GB1 0AC,offwind-dc,0.5072969160156064,0.48490950219817935,0.022387413817427093
new_more,10000,GB1 0AC,offwind-dc,0.48317247588354023,0.4772912468545994,0.0058812290289408375
new_more,10000,GB1 0AC,offwind-dc,0.5254884282000176,0.5020638386123605,0.02342458958765714
new_more,10000,GB1 0AC,offwind-dc,0.5005059447392254,0.48859853047929713,0.01190741425992825
new_more,10000,GB1 0AC,offwind-dc,0.511687924215717,0.4894247561414636,0.02226316807425338
new_more,10000,GB1 0AC,offwind-dc,0.4873679556605727,0.4827926116300025,0.00457534403057025
new_more,10000,NL2 0AC,offwind-dc,0.5260721175497708,0.5237221502051127,0.002349967344658088
new_more,10000,NL2 0AC,offwind-dc,0.5010617440347181,0.5004039664937068,0.0006577775410113729
new_more,10000,NO0 0AC,offwind-float,0.43939820767216725,0.37921205111258344,0.060186156559583814
new_more,10000,NO0 0AC,offwind-float,0.41850746114860526,0.3565793346057487,0.061928126542856565
new_more,10000,NO0 0AC,offwind-float,0.4223062217835681,0.35557551837781226,0.06673070340575582
new_more,10000,NO0 0AC,offwind-float,0.4022277775512351,0.33337483505766236,0.06885294249357277
new_more,10000,NO0 0AC,offwind-float,0.13947264851985444,0.08840212410350848,0.051070524416345964
new_more,10000,NO0 0AC,offwind-float,0.13280348693326968,0.08258919669857039,0.050214290234699296
new_more,10000,NO0 0AC,offwind-float,0.5026791529979842,0.4773269281582037,0.025352224839780446
new_more,10000,NO0 0AC,offwind-float,0.4787671250101859,0.4392278241045409,0.039539300905645
new_more,10000,NO0 0AC,offwind-float,0.548433438636579,0.5484334386321434,4.4355630279824254e-12
new_more,10000,NO0 0AC,offwind-float,0.5223469767908633,0.5203894217815714,0.0019575550092918448
new_more,10000,NO0 0AC,offwind-float,0.4674775090841964,0.42077235702403915,0.04670515206015724
new_more,10000,NO0 0AC,offwind-float,0.44521873143684015,0.38964440173627723,0.05557432970056292
new_more,10000,DK2 0AC,offwind-ac,0.4420437648395088,0.38885177282008304,0.05319199201942576
new_more,10000,DK2 0AC,offwind-ac,0.42103390716625594,0.35312280467145496,0.06791110249480098
new_more,10000,DK2 0AC,offwind-ac,0.4774314966058857,0.4663677940105595,0.011063702595326186
new_more,10000,DK2 0AC,offwind-ac,0.454719556157943,0.42981218152192685,0.024907374636016166
new_more,10000,GB1 0AC,offwind-ac,0.48732236220380104,0.4634271610079133,0.023895201195887728
new_more,10000,GB1 0AC,offwind-ac,0.4641537819013365,0.4532848955974007,0.010868886303935787
new_more,10000,DE2 0AC,offwind-dc,0.5115039119593411,0.5110605787553799,0.0004433332039611715
new_more,10000,DE2 0AC,offwind-dc,0.4871926893059018,0.48705549197996034,0.00013719732594147382
new_more,10000,DE2 0AC,offwind-dc,0.4821927144729292,0.4746923439098313,0.007500370563097936
new_more,10000,DE2 0AC,offwind-dc,0.5202364200459473,0.5199354213166119,0.00030099872933542215
new_more,10000,DE2 0AC,offwind-dc,0.4955034743770657,0.4954698415051569,3.3632871908828577e-05
new_more,10000,DE2 0AC,offwind-dc,0.4904182073853433,0.49009278198681444,0.00032542539852886687
new_more,10000,DK2 0AC,offwind-dc,0.5134513864397916,0.46989092324219406,0.04356046319759754
new_more,10000,DK2 0AC,offwind-dc,0.4890341359316987,0.4404375125843605,0.04859662334733822
new_more,10000,DK2 0AC,offwind-dc,0.4840152626485084,0.43243634050392166,0.05157892214458676
new_more,10000,DK2 0AC,offwind-dc,0.5375812695686596,0.5294471296315845,0.008134139937075124
new_more,10000,DK2 0AC,offwind-dc,0.5120238265321331,0.47876984306712156,0.033253983465011516
new_more,10000,DK2 0AC,offwind-dc,0.506769014005717,0.4711525870970358,0.035616426908681165
new_more,10000,GB1 0AC,offwind-dc,0.5117996445906782,0.48911883253174143,0.02268081205893674
new_more,10000,GB1 0AC,offwind-dc,0.48746783672940125,0.4599483289445635,0.02751950778483775
new_more,10000,GB1 0AC,offwind-dc,0.4824650381057129,0.45276217607042907,0.029702862035283828
new_more,10000,GB1 0AC,offwind-dc,0.5185367620089955,0.49544902194888885,0.02308774006010661
new_more,10000,GB1 0AC,offwind-dc,0.49388463647288083,0.4887801913924581,0.005104445080422737
new_more,10000,GB1 0AC,offwind-dc,0.4888159833363275,0.46432252241336447,0.024493460922963006
new_more,10000,NL2 0AC,offwind-dc,0.5185240895608393,0.5161757792061001,0.002348310354739147
new_more,10000,NL2 0AC,offwind-dc,0.4938792055281881,0.49354516310238017,0.0003340424258079233
new_more,10000,NL2 0AC,offwind-dc,0.4888106081284867,0.4780802377015053,0.010730370426981384
new_more,10000,NL2 0AC,offwind-dc,0.5201771814883074,0.5173310367718822,0.002846144716425192
new_more,10000,NL2 0AC,offwind-dc,0.49544047199479896,0.4949699479227671,0.00047052407203185265
new_more,10000,NL2 0AC,offwind-dc,0.490355851585697,0.4890364696599124,0.001319381925784624
new_more,10000,NL2 0AC,offwind-dc,0.5170706732647649,0.5146063361218062,0.0024643371429586836
new_more,10000,NL2 0AC,offwind-dc,0.4924882875201852,0.4848319115521378,0.007656375968047413
new_more,10000,NL2 0AC,offwind-dc,0.48743396487293267,0.47239648240788584,0.015037482465046825
new_more,10000,GB1 0AC,offwind-float,0.487829659420129,0.364936629609576,0.122893029810553
new_more,10000,GB1 0AC,offwind-float,0.4646236494782989,0.35832896986145873,0.10629467961684014
new_more,10000,GB1 0AC,offwind-float,0.45984847494854453,0.35700207256741967,0.10284640238112486
new_more,10000,NO0 0AC,offwind-float,0.5328203943205925,0.5328203943161006,4.491851335330921e-12
new_more,10000,NO0 0AC,offwind-float,0.5074892845371581,0.48853844589597223,0.018950838641185908
new_more,10000,NO0 0AC,offwind-float,0.5022810092358516,0.47796492598104817,0.024316083254803444
new_more,10000,NO0 0AC,offwind-float,0.5514777059704978,0.5514777059652459,5.251910017989303e-12
new_more,10000,NO0 0AC,offwind-float,0.5252665725171873,0.5252665725162019,9.85433956657289e-13
new_more,10000,NO0 0AC,offwind-float,0.5198758519648543,0.5128058342386536,0.00707001772620075
new_more,10000,DK2 0AC,offwind-ac,0.511175370415712,0.5013850096360394,0.009790360779672658
new_more,10000,DK2 0AC,offwind-ac,0.4868797629832541,0.4854920756018111,0.0013876873814429591
new_more,10000,DK2 0AC,offwind-ac,0.48187621710959905,0.4558129307049015,0.026063286404697572
new_more,10000,GB1 0AC,offwind-ac,0.43456144995377505,0.41111718958489235,0.023444260368882697
new_more,10000,GB1 0AC,offwind-ac,0.413894106186756,0.40739343855326043,0.006500667633495549
new_more,10000,GB1 0AC,offwind-ac,0.40964638211397114,0.3966346682521266,0.01301171386184452
new_more,10000,GB1 0AC,offwind-ac,0.4162051413719018,0.39335567285545103,0.022849468516450755
new_more,10000,GB1 0AC,offwind-ac,0.3964102267486749,0.3903431061862083,0.006067120562466555
new_more,10000,GB1 0AC,offwind-ac,0.39234193672548073,0.36673083535049944,0.025611101374981293
new_more,10000,GB4 0AC,offwind-ac,0.5332057748472533,0.5028772698990749,0.030328504948178403
new_more,10000,GB4 0AC,offwind-ac,0.5078564599693853,0.48167887541035165,0.026177584559033684
new_more,10000,GB4 0AC,offwind-ac,0.5026444164097269,0.4760444988643134,0.02659991754541352
new_more,10000,DE2 0AC,offwind-dc,0.5188760844761314,0.518541918924865,0.0003341655512664188
new_more,10000,DE2 0AC,offwind-dc,0.4942144705093419,0.49416823001699567,4.624049234625005e-05
new_more,10000,DE2 0AC,offwind-dc,0.48914243234276333,0.48474111985573054,0.0044013124870327935
new_more,10000,DE2 0AC,offwind-dc,0.48313525902527615,0.47107336518550386,0.012061893839772297
new_more,10000,DK2 0AC,offwind-dc,0.5240214901609577,0.4906637217936885,0.03335776836726917
new_more,10000,DK2 0AC,offwind-dc,0.49911532067793196,0.4549724516249865,0.044142869052945455
new_more,10000,DK2 0AC,offwind-dc,0.4939929859284181,0.4475722547477873,0.046420731180630836
new_more,10000,DK2 0AC,offwind-dc,0.48793313524097304,0.43767927580447097,0.05025385943650207
new_more,10000,NL2 0AC,offwind-dc,0.5074923483704381,0.5050882471060026,0.0024041012644354653
new_more,10000,NL2 0AC,offwind-dc,0.4833650588795238,0.4819179133809882,0.0014471454985355847
new_more,10000,NL2 0AC,offwind-dc,0.47839078866903206,0.4657993085084989,0.012591480160533186
new_more,10000,NL2 0AC,offwind-dc,0.47252214602312664,0.4524864383308199,0.020035707692306726
new_more,10000,GB1 0AC,offwind-float,0.5097827892561221,0.3993483775977662,0.11043441165835588
new_more,10000,GB1 0AC,offwind-float,0.4855466439406904,0.3887310371551504,0.09681560678554002
new_more,10000,GB1 0AC,offwind-float,0.48056356218838303,0.38627143563465305,0.09429212655372998
new_more,10000,GB1 0AC,offwind-float,0.4746547079172028,0.38251472801772224,0.09213997989948058
new_more,10000,GB1 0AC,offwind-float,0.5072910247145296,0.39030192791261675,0.11698909680191283
new_more,10000,GB1 0AC,offwind-float,0.48317327482951333,0.38245867788937205,0.10071459694014129
new_more,10000,GB1 0AC,offwind-float,0.4782145505564657,0.3802337561058424,0.0979807944506233
new_more,10000,GB1 0AC,offwind-float,0.4723548378200056,0.37127436849376483,0.10108046932624076
new_more,10000,GB1 0AC,offwind-float,0.5034816201385512,0.3797393106647779,0.12374230947377335
new_more,10000,GB1 0AC,offwind-float,0.4795516882594074,0.37507614102044307,0.10447554723896435
new_more,10000,GB1 0AC,offwind-float,0.4746301317068602,0.36650868653672775,0.10812144517013245
new_more,10000,GB1 0AC,offwind-float,0.4688143399777416,0.36099045675518393,0.10782388322255765
new_more,10000,GB1 0AC,offwind-float,0.5093242865761856,0.38504735623020286,0.1242769303459827
new_more,10000,GB1 0AC,offwind-float,0.4850965793805739,0.3796715752790537,0.10542500410152017
new_more,10000,GB1 0AC,offwind-float,0.4801181165634912,0.37234926390027095,0.10776885266322023
new_more,10000,GB1 0AC,offwind-float,0.4742350788362647,0.3474788461994508,0.1267562326368139
new_more,10000,GB1 0AC,offwind-float,0.5055607786909332,0.3820622535216397,0.1234985251692935
new_more,10000,GB1 0AC,offwind-float,0.4815320266750965,0.3770161958281398,0.1045158308469567
new_more,10000,GB1 0AC,offwind-float,0.47659014624976426,0.3740324013229469,0.10255774492681735
new_more,10000,GB1 0AC,offwind-float,0.4707435569832315,0.3570941143407122,0.1136494426425193
new_more,10000,GB4 0AC,offwind-float,0.5213455317726066,0.4117994086951678,0.10954612307743877
new_more,10000,GB4 0AC,offwind-float,0.4965598742660445,0.4021945463100441,0.09436532795600039
new_more,10000,GB4 0AC,offwind-float,0.4914637656238326,0.38092611980519375,0.11053764581863884
new_more,10000,GB4 0AC,offwind-float,0.48544170610351145,0.37354463110929503,0.11189707499421642
new_more,10000,NO0 0AC,offwind-float,0.5071496254950851,0.4859139805583819,0.021235644936703213
new_more,10000,NO0 0AC,offwind-float,0.48304535732479725,0.4453977805008586,0.037647576823938655
new_more,10000,NO0 0AC,offwind-float,0.4780879458471143,0.43808112078847417,0.040006825058640116
new_more,10000,NO0 0AC,offwind-float,0.4722297844378294,0.4276812095216586,0.04454857491617081
new_more,10000,NL2 0AC,offwind-dc,0.5143301791166924,0.5120357385370681,0.002294440579624357
new_more,10000,NL2 0AC,offwind-dc,0.4898778809422353,0.48858317924675954,0.0012947016954757418
new_more,10000,NL2 0AC,offwind-dc,0.4848503484490224,0.4721005958321945,0.012749752616827925
new_more,10000,NL2 0AC,offwind-dc,0.4789093252016581,0.4601808608814563,0.018728464320201754
new_more,10000,NL2 0AC,offwind-dc,0.47217725193470905,0.4470979626607175,0.025079289273991556
new_more,10000,NL2 0AC,offwind-dc,0.5120115002751873,0.5097114656091384,0.002300034666048889
new_more,10000,NL2 0AC,offwind-dc,0.4876695401899587,0.4801392364864069,0.007530303703551788
new_more,10000,NL2 0AC,offwind-dc,0.4826578777039703,0.4698807735471978,0.012777104156772467
new_more,10000,NL2 0AC,offwind-dc,0.47674371948765554,0.457898830065742,0.018844889421913535
new_more,10000,NL2 0AC,offwind-dc,0.4700420883431853,0.44564654025094763,0.02439554809223765
new_more,10000,GB1 0AC,offwind-float,0.5115141920253594,0.3966683184169835,0.11484587360837589
new_more,10000,GB1 0AC,offwind-float,0.4872024807716025,0.3879671351165812,0.09923534565502129
new_more,10000,GB1 0AC,offwind-float,0.48220240545050036,0.3854584409587372,0.09674396449176315
new_more,10000,GB1 0AC,offwind-float,0.47629382827842964,0.37741544661087933,0.09887838166755031
new_more,10000,GB1 0AC,offwind-float,0.46959852129685037,0.37111261633622866,0.0984859049606217
new_more,10000,GB4 0AC,offwind-float,0.5250945380928045,0.42210125436957024,0.10299328372323424
new_more,10000,GB4 0AC,offwind-float,0.5001307780149357,0.40634888215283427,0.0937818958621014
new_more,10000,GB4 0AC,offwind-float,0.49499802180130636,0.3893505038745838,0.10564751792672256
new_more,10000,GB4 0AC,offwind-float,0.4889326559325837,0.3810670010790526,0.10786565485353111
new_more,10000,GB4 0AC,offwind-float,0.48205287290813637,0.37638937446725845,0.10566349844087791
new_more,10000,GB4 0AC,offwind-float,0.5124242086320251,0.40825228491160825,0.10417192372041684
new_more,10000,GB4 0AC,offwind-float,0.48806252067188377,0.3825854382399244,0.10547708243195936
new_more,10000,GB4 0AC,offwind-float,0.48305361890910636,0.3788030904730082,0.10425052843609817
new_more,10000,GB4 0AC,offwind-float,0.47713461155179965,0.37114388917783536,0.10599072237396429
new_more,10000,GB4 0AC,offwind-float,0.47042748560095,0.3636968499238999,0.1067306356770501
new_more,10000,NO0 0AC,offwind-float,0.495896214727952,0.46627161240918064,0.029624602318771343
new_more,10000,NO0 0AC,offwind-float,0.4723134146315755,0.43042434984161765,0.04188906478995785
new_more,10000,NO0 0AC,offwind-float,0.46745931829459036,0.4211923398365902,0.04626697845800015
new_more,10000,NO0 0AC,offwind-float,0.4617313927891862,0.4127383987734429,0.04899299401574325
new_more,10000,NO0 0AC,offwind-float,0.45524079132804673,0.4067975762176459,0.04844321511040084
new_more,10000,NO0 0AC,offwind-float,0.5127597848828085,0.5004926560064946,0.01226712887631387
new_more,10000,NO0 0AC,offwind-float,0.48838225208067887,0.4563112684066611,0.03207098367401778
new_more,10000,NO0 0AC,offwind-float,0.48337006896940765,0.44925611160634465,0.034113957363063
new_more,10000,NO0 0AC,offwind-float,0.47744034892260884,0.4378616549900192,0.039578693932589615
new_more,10000,NO0 0AC,offwind-float,0.47072892519288445,0.42690219452569284,0.043826730667191616
new_more,10000,GB1 0AC,offwind-float,0.5130979014687675,0.3941065455736195,0.11899135589514803
new_more,10000,GB1 0AC,offwind-float,0.4886838438984615,0.386527287944268,0.10215655595419348
new_more,10000,GB1 0AC,offwind-float,0.4836617807514678,0.38249244983112857,0.10116933092033925
new_more,10000,GB1 0AC,offwind-float,0.4777353213965392,0.3745184776002371,0.10321684379630208
new_more,10000,GB1 0AC,offwind-float,0.47101975121110445,0.3817843881977211,0.08923536301338336
new_more,10000,GB1 0AC,offwind-float,0.46412120438283383,0.3609694235378277,0.10315178084500615
new_more,10000,GB1 0AC,offwind-float,0.5072972212349182,0.39363873789337706,0.1136584833415411
new_more,10000,GB1 0AC,offwind-float,0.48317247972095795,0.38255255489315154,0.1006199248278064
new_more,10000,GB1 0AC,offwind-float,0.47820692514430413,0.37983088455785424,0.09837604058644989
new_more,10000,GB1 0AC,offwind-float,0.4723404795088416,0.37158656504351356,0.10075391446532805
new_more,10000,GB1 0AC,offwind-float,0.46570074512141785,0.3666546898934488,0.09904605522796905
new_more,10000,GB1 0AC,offwind-float,0.4588801003609379,0.3525364909128076,0.10634360944813032
new_more,10000,GB1 0AC,offwind-float,0.507980544234082,0.3875448818854845,0.12043566234859748
new_more,10000,GB1 0AC,offwind-float,0.4838299747391862,0.37912048577121926,0.10470948896796695
new_more,10000,GB1 0AC,offwind-float,0.47886451086783755,0.37606787034384515,0.1027966405239924
new_more,10000,GB1 0AC,offwind-float,0.47299683396401704,0.3688757979226831,0.10412103604133394
new_more,10000,GB1 0AC,offwind-float,0.46634110758204367,0.3744000069878145,0.09194110059422916
new_more,10000,GB1 0AC,offwind-float,0.4594974372712272,0.3596165610855152,0.09988087618571201
new_more,10000,GB1 0AC,offwind-float,0.4981684790268726,0.38152150585482886,0.11664697317204376
new_more,10000,GB1 0AC,offwind-float,0.47448443234160026,0.3733925228059077,0.10109190953569258
new_more,10000,GB1 0AC,offwind-float,0.4696148801655911,0.37029563218869466,0.09931924797689645
new_more,10000,GB1 0AC,offwind-float,0.46386054188513637,0.362606899035718,0.10125364284941835
new_more,10000,GB1 0AC,offwind-float,0.4573196620070277,0.3577582686762374,0.09956139333079034
new_more,10000,GB1 0AC,offwind-float,0.4506149810255518,0.34285247548128,0.1077625055442718
new_more,10000,GB1 0AC,offwind-float,0.502823500749442,0.383904781634049,0.11891871911539303
new_more,10000,GB1 0AC,offwind-float,0.47891165539516795,0.3811990441577808,0.09771261123738717
new_more,10000,GB1 0AC,offwind-float,0.47398982560229846,0.370077479257293,0.10391234634500546
new_more,10000,GB1 0AC,offwind-float,0.4681818797445189,0.3706066491655562,0.09757523057896272
new_more,10000,GB1 0AC,offwind-float,0.46160060318371937,0.3591218769124949,0.10247872627122445
new_more,10000,GB1 0AC,offwind-float,0.4548400090285209,0.3519347830255817,0.10290522600293922
new_more,10000,GB4 0AC,offwind-float,0.5268476348330038,0.49076759727811997,0.036080037554883815
new_more,10000,GB4 0AC,offwind-float,0.5017871437472434,0.39361272064044633,0.10817442310679709
new_more,10000,GB4 0AC,offwind-float,0.496637388536795,0.3883183565733038,0.10831903196349119
new_more,10000,GB4 0AC,offwind-float,0.49054510440229615,0.3810256713773539,0.10951943302494227
new_more,10000,GB4 0AC,offwind-float,0.4836494658966378,0.3669120261289249,0.11673743976771295
new_more,10000,GB4 0AC,offwind-float,0.47655911173302656,0.35493619986229136,0.1216229118707352
new_more,10000,GB4 0AC,offwind-float,0.5067076372851815,0.394449567489822,0.11225806979535952
new_more,10000,GB4 0AC,offwind-float,0.48261085298673867,0.37008393790190824,0.11252691508483043
new_more,10000,GB4 0AC,offwind-float,0.4776579007523958,0.3664759452634311,0.1111819554889647
new_more,10000,GB4 0AC,offwind-float,0.47179821839680913,0.35923509139689025,0.11256312699991888
new_more,10000,GB4 0AC,offwind-float,0.4651592593908623,0.35125862969252536,0.11390062969833692
new_more,10000,GB4 0AC,offwind-float,0.45834654522068036,0.3416295554829254,0.11671698973775496
new_more,10000,GB4 0AC,offwind-float,0.5182509965199871,0.4058339424072634,0.11241705411272368
new_more,10000,GB4 0AC,offwind-float,0.4936057868602171,0.38514478291669163,0.10846100394352548
new_more,10000,GB4 0AC,offwind-float,0.48853999550931054,0.3785409337213545,0.10999906178795604
new_more,10000,GB4 0AC,offwind-float,0.4825537618603659,0.3731701327323736,0.10938362912799232
new_more,10000,GB4 0AC,offwind-float,0.4757704584057548,0.3657322431667857,0.11003821523896912
new_more,10000,GB4 0AC,offwind-float,0.46880233280511774,0.3546074851433644,0.11419484766175336
new_more,10000,GB4 0AC,offwind-float,0.4979457137632353,0.39044023262584227,0.10750548113739306
new_more,10000,GB4 0AC,offwind-float,0.47425866953029705,0.36515374304446035,0.1091049264858367
new_more,10000,GB4 0AC,offwind-float,0.46937779650901224,0.361704821323199,0.10767297518581326
new_more,10000,GB4 0AC,offwind-float,0.46362636328889173,0.354285675622202,0.10934068766668975
new_more,10000,GB4 0AC,offwind-float,0.4571091240498444,0.3468398301629736,0.11026929388687079
new_more,10000,GB4 0AC,offwind-float,0.4504143120174839,0.34067308380985023,0.10974122820763366
new_more,10000,NO0 0AC,offwind-float,0.4966854662953011,0.4675488902250749,0.029136576070226183
new_more,10000,NO0 0AC,offwind-float,0.47307170735962173,0.4316781444577868,0.041393562901834935
new_more,10000,NO0 0AC,offwind-float,0.4682166537372872,0.4235727128661285,0.044643940871158694
new_more,10000,NO0 0AC,offwind-float,0.4624794483633927,0.4150473040288644,0.0474321443345283
new_more,10000,NO0 0AC,offwind-float,0.4559715189466025,0.404635288948464,0.05133622999813847
new_more,10000,NO0 0AC,offwind-float,0.4492933682581806,0.39169712670653734,0.05759624155164328
new_more,10000,NO0 0AC,offwind-float,0.48972613209018917,0.45242614283793375,0.03729998925225542
new_more,10000,NO0 0AC,offwind-float,0.4664433767686683,0.42068373633690204,0.04575964043176628
new_more,10000,NO0 0AC,offwind-float,0.4616495044908226,0.41425064539873363,0.04739885909208896
new_more,10000,NO0 0AC,offwind-float,0.4559927684544606,0.40609748040957355,0.04989528804488702
new_more,10000,NO0 0AC,offwind-float,0.4495692006079475,0.4050420466415517,0.04452715396639578
new_more,10000,NO0 0AC,offwind-float,0.4429848181590848,0.38626963908276435,0.056715179076320454
new_more,10000,NO0 0AC,offwind-float,0.47716529095750304,0.4399570621854042,0.03720822877209884
new_more,10000,NO0 0AC,offwind-float,0.4544664288232913,0.40403826434264184,0.05042816448064946
new_more,10000,NO0 0AC,offwind-float,0.44980231797674974,0.4009121721069633,0.04889014586978646
new_more,10000,NO0 0AC,offwind-float,0.44429074922905964,0.390649055106085,0.05364169412297465
new_more,10000,NO0 0AC,offwind-float,0.43803850762663255,0.3802766745203986,0.05776183310623395
new_more,10000,NO0 0AC,offwind-float,0.4316230035003657,0.3663231946598077,0.06529980884055797
new_more,10000,NO0 0AC,offwind-float,0.5006502897896491,0.4776377106515501,0.02301257913809901
new_more,10000,NO0 0AC,offwind-float,0.4768281856187331,0.43639956680822284,0.04042861881051024
new_more,10000,NO0 0AC,offwind-float,0.47193457990567883,0.42972468799092534,0.042209891914753495
new_more,10000,NO0 0AC,offwind-float,0.4661518176174311,0.42138489743535323,0.04476692018207784
new_more,10000,NO0 0AC,offwind-float,0.45959907783020604,0.41203481261026403,0.047564265219942004
new_more,10000,NO0 0AC,offwind-float,0.45286099145941294,0.4016085883582166,0.05125240310119633
base,100000,GB1 0AC,offwind-float,0.5694833431746111,0.5493433428518607,0.02014000032275043
base,100000,GB1 0AC,offwind-float,0.5680207495077773,0.531724050656593,0.03629669885118425
base,100000,GB4 0AC,offwind-float,0.5767093234566315,0.48716836387815726,0.08954095957847424
base,100000,GB4 0AC,offwind-float,0.5929499785514185,0.46689961644055805,0.12605036211086046
base,100000,NL2 0AC,offwind-float,0.45268663068903936,0.32408263644447594,0.12860399424456342
base,100000,NO0 0AC,offwind-float,0.5595113706528272,0.5325976309207425,0.026913739732084663
base,100000,NO0 0AC,offwind-float,0.5932944952009628,0.593294495200526,4.367617378875366e-13
base,100000,NO0 0AC,offwind-float,0.23766795171473948,0.1672668102106856,0.07040114150405388
base,100000,NO0 0AC,offwind-float,0.1837628923691869,0.1231673287426836,0.060595563626503285
base,100000,NO0 0AC,offwind-float,0.12289930638051427,0.07679665670343963,0.04610264967707464
base,100000,NO0 0AC,offwind-float,0.08583398702061212,0.050801775267245414,0.03503221175336671
base,100000,NO0 0AC,offwind-float,0.03195573470092069,0.0169677574886003,0.01498797721232039
base,100000,GB4 0AC,offwind-ac,0.6001263368277429,0.5109269321787309,0.08919940464901199
base,100000,BE2 0AC,offwind-dc,0.5938659701081414,0.5938659701070181,1.1232126340132709e-12
base,100000,DE2 0AC,offwind-dc,0.5837258025337415,0.583709065514767,1.6737018974533058e-05
base,100000,DK2 0AC,offwind-dc,0.595548014150497,0.5952277673621816,0.00032024678831532594
base,100000,FR2 0AC,offwind-dc,0.5826198774371905,0.5826198774298811,7.309375327224643e-12
base,100000,NL2 0AC,offwind-dc,0.5788640904094802,0.5785416272280164,0.0003224631814637835
standard,100000,GB1 0AC,offwind-float,0.5042709365059292,0.4956347787181501,0.008636157787779153
standard,100000,GB1 0AC,offwind-float,0.5029755890785151,0.4779574689544731,0.02501812012404203
standard,100000,GB4 0AC,offwind-float,0.5106503702432255,0.46159507901992286,0.0490552912233026
standard,100000,GB4 0AC,offwind-float,0.5250378768452316,0.4419748090410071,0.08306306780422451
standard,100000,NL2 0AC,offwind-float,0.40083499669323225,0.2813436278973871,0.11949136879584515
standard,100000,NO0 0AC,offwind-float,0.49544117614183714,0.46799410048540374,0.027447075656433395
standard,100000,NO0 0AC,offwind-float,0.52534964874134,0.5253496487413402,0.0
standard,100000,NO0 0AC,offwind-float,0.2103826864815731,0.1477704027384599,0.0626122837431132
standard,100000,NO0 0AC,offwind-float,0.16262630680102336,0.10862986377151565,0.05399644302950771
standard,100000,NO0 0AC,offwind-float,0.10871062694429905,0.06722667955342825,0.0414839473908708
standard,100000,NO0 0AC,offwind-float,0.07596654701950818,0.045015783787798885,0.030950763231709297
standard,100000,NO0 0AC,offwind-float,0.028232956417568192,0.014965029034978221,0.01326792738258997
standard,100000,GB4 0AC,offwind-ac,0.5313741762097042,0.47680883799033835,0.05456533821936582
standard,100000,BE2 0AC,offwind-dc,0.5258481023171301,0.5256048017683889,0.00024330054874122098
standard,100000,DE2 0AC,offwind-dc,0.516889198143628,0.5168489843799154,4.021376371254881e-05
standard,100000,DK2 0AC,offwind-dc,0.527357766530265,0.5262782686202511,0.001079497910013938
standard,100000,FR2 0AC,offwind-dc,0.5158709366117518,0.5158709366117504,1.3322676295501878e-15
standard,100000,NL2 0AC,offwind-dc,0.5125712965537763,0.5121625032186693,0.0004087933351070161
glaum,100000,GB4 0AC,offwind-ac,0.5436758934455019,0.4898354227208439,0.05384047072465803
glaum,100000,BE2 0AC,offwind-dc,0.5380357715725339,0.5372797162897691,0.0007560552827647893
glaum,100000,FR2 0AC,offwind-dc,0.5278276903587075,0.527827690348891,9.816480961433172e-12
glaum,100000,GB4 0AC,offwind-float,0.5371997628007714,0.4325519199068117,0.10464784289395973
glaum,100000,NL2 0AC,offwind-float,0.4101146324156617,0.3147465092605936,0.0953681231550681
glaum,100000,NO0 0AC,offwind-float,0.21528075321332707,0.15446223558077707,0.06081851763255
glaum,100000,NO0 0AC,offwind-float,0.16640515148533852,0.11256789876079715,0.05383725272454137
glaum,100000,NO0 0AC,offwind-float,0.11127577598064112,0.07022131796800866,0.04105445801263245
glaum,100000,NO0 0AC,offwind-float,0.07774592731777961,0.045694002248734655,0.03205192506904496
glaum,100000,NO0 0AC,offwind-float,0.028900305883729126,0.015395112073511838,0.013505193810217288
glaum,100000,DE2 0AC,offwind-dc,0.5288555770955697,0.5286636017796306,0.0001919753159391746
glaum,100000,DE2 0AC,offwind-dc,0.4611699139398877,0.46107931971641203,9.05942234756818e-05
glaum,100000,DE2 0AC,offwind-dc,0.39704154589049667,0.3970076600070442,3.388588345248911e-05
glaum,100000,DK2 0AC,offwind-dc,0.5395665008203503,0.5355641819064517,0.004002318913898573
glaum,100000,DK2 0AC,offwind-dc,0.470510004346058,0.46848322517616797,0.002026779169890025
glaum,100000,DK2 0AC,offwind-dc,0.40507682949827545,0.34889948025345635,0.0561773492448191
glaum,100000,NL2 0AC,offwind-dc,0.5244445902608732,0.522302837632253,0.0021417526286201527
glaum,100000,NL2 0AC,offwind-dc,0.4573237404857261,0.4566276523002821,0.0006960881854439771
glaum,100000,NL2 0AC,offwind-dc,0.39370944474656483,0.39271491758567173,0.0009945271608930994
glaum,100000,GB1 0AC,offwind-float,0.5159451930822947,0.5098147866350417,0.006130406447253045
glaum,100000,GB1 0AC,offwind-float,0.4499115069432158,0.44785942719187816,0.002052079751337643
glaum,100000,GB1 0AC,offwind-float,0.3873545347250282,0.3856357462902467,0.0017187884347814597
glaum,100000,GB1 0AC,offwind-float,0.5146267990540463,0.5084227679543096,0.006204031099736662
glaum,100000,GB1 0AC,offwind-float,0.4487555885104169,0.44671246086313665,0.002043127647280263
glaum,100000,GB1 0AC,offwind-float,0.38635918631374516,0.3575665279113373,0.028792658402407856
glaum,100000,GB4 0AC,offwind-float,0.5224723155735317,0.5055904431021642,0.01688187247136752
glaum,100000,GB4 0AC,offwind-float,0.4555773432300431,0.34526888361181574,0.11030845961822738
glaum,100000,GB4 0AC,offwind-float,0.3922005169965086,0.2701271758962769,0.12207334110023171
glaum,100000,NO0 0AC,offwind-float,0.5069110170350134,0.5069110170334824,1.5309975509580909e-12
glaum,100000,NO0 0AC,offwind-float,0.4420266622788882,0.4025481115817002,0.03947855069718803
glaum,100000,NO0 0AC,offwind-float,0.3805533807903711,0.3141698456473738,0.06638353514299727
glaum,100000,NO0 0AC,offwind-float,0.5375118935738612,0.5375118935730838,7.773781618425346e-13
glaum,100000,NO0 0AC,offwind-float,0.4687181151543689,0.4422835647258853,0.026434550428483583
glaum,100000,NO0 0AC,offwind-float,0.4035337619472968,0.34766367004909365,0.055870091898203134
new_more,100000,NL2 0AC,offwind-float,0.40221663860715084,0.28437486531218037,0.11784177329497048
new_more,100000,NO0 0AC,offwind-float,0.5271604813785885,0.5271604813781845,4.0401015866109447e-13
new_more,100000,NO0 0AC,offwind-float,0.5021051190690471,0.5021051190688461,2.0095036745715333e-13
new_more,100000,NO0 0AC,offwind-float,0.2111078565390873,0.15038280286202485,0.06072505367706246
new_more,100000,NO0 0AC,offwind-float,0.2010605619373348,0.14132530220569742,0.059735259731637375
new_more,100000,NO0 0AC,offwind-float,0.16319372930277376,0.11044140354361487,0.05275232575915889
new_more,100000,NO0 0AC,offwind-float,0.15539057766360082,0.10385075528145463,0.05153982238214619
new_more,100000,NO0 0AC,offwind-float,0.10909907146503031,0.06858172565126303,0.040517345813767286
new_more,100000,NO0 0AC,offwind-float,0.10385377190696192,0.06460929280422834,0.039244479102733584
new_more,100000,NO0 0AC,offwind-float,0.07622839682375107,0.04543277848506459,0.03079561833868648
new_more,100000,NO0 0AC,offwind-float,0.07255795049892615,0.04289124719573903,0.029666703303187117
new_more,100000,NO0 0AC,offwind-float,0.028330272860149684,0.015091027487530733,0.013239245372618951
new_more,100000,NO0 0AC,offwind-float,0.026923601295911044,0.01428979135539559,0.012633809940515455
new_more,100000,BE2 0AC,offwind-dc,0.5276606530786894,0.5262344819851147,0.0014261710935746796
new_more,100000,BE2 0AC,offwind-dc,0.5025815181541554,0.50208412433901,0.0004973938151454638
new_more,100000,FR2 0AC,offwind-dc,0.5176490969871561,0.5176490969773739,9.782175069972254e-12
new_more,100000,FR2 0AC,offwind-dc,0.4930458003965196,0.4930458003929875,3.532063530542473e-12
new_more,100000,GB1 0AC,offwind-float,0.5047093003594206,0.48538555093765573,0.019323749421764902
new_more,100000,GB1 0AC,offwind-float,0.480721018179333,0.451467029469851,0.02925398870948198
new_more,100000,GB1 0AC,offwind-float,0.47578746099479885,0.4245921576770782,0.05119530331772065
new_more,100000,GB4 0AC,offwind-ac,0.5332057748472533,0.45130918874275366,0.08189658610449962
new_more,100000,GB4 0AC,offwind-ac,0.5078564599693853,0.45328282351310045,0.05457363645628488
new_more,100000,GB4 0AC,offwind-ac,0.5026444164097269,0.44445271995954605,0.05819169645018085
new_more,100000,DE2 0AC,offwind-dc,0.518670868374268,0.5183843920164029,0.0002864763578651619
new_more,100000,DE2 0AC,offwind-dc,0.4940122352212863,0.4939651530102941,4.708221099219978e-05
new_more,100000,DE2 0AC,offwind-dc,0.48894227256070943,0.4832814438461644,0.005660828714545041
new_more,100000,DK2 0AC,offwind-dc,0.5291755209675761,0.5260874428495066,0.0030880781180695482
new_more,100000,DK2 0AC,offwind-dc,0.5040243860256893,0.5025728809126359,0.001451505113053475
new_more,100000,DK2 0AC,offwind-dc,0.4988448375179513,0.475179361949213,0.02366547556873827
new_more,100000,NL2 0AC,offwind-dc,0.5143380833688814,0.5126912590222951,0.001646824346586362
new_more,100000,NL2 0AC,offwind-dc,0.48989215564170896,0.48943342410398405,0.00045873153772491015
new_more,100000,NL2 0AC,offwind-dc,0.484864476649709,0.4721618573769697,0.012702619272739302
new_more,100000,NL2 0AC,offwind-dc,0.4789232802850745,0.46116461979633777,0.017758660488736755
new_more,100000,GB1 0AC,offwind-float,0.5060091127320456,0.4851687179060038,0.02084039482604183
new_more,100000,GB1 0AC,offwind-float,0.48195905188856986,0.4768265037523717,0.005132548136198178
new_more,100000,GB1 0AC,offwind-float,0.47701278897686783,0.42502634338670386,0.051986445590163965
new_more,100000,GB1 0AC,offwind-float,0.4711609646907699,0.41636757578274,0.05479338890802993
new_more,100000,GB1 0AC,offwind-float,0.4645378108536859,0.4067961199175425,0.0577416909361434
new_more,100000,GB4 0AC,offwind-float,0.5124105357993934,0.47389062542065585,0.03851991037873759
new_more,100000,GB4 0AC,offwind-float,0.4880495794987353,0.39469834347100846,0.09335123602772682
new_more,100000,GB4 0AC,offwind-float,0.48303401453790473,0.38874030869154574,0.09429370584635899
new_more,100000,GB4 0AC,offwind-float,0.47710843877215686,0.38179036677662603,0.09531807199553083
new_more,100000,GB4 0AC,offwind-float,0.4704016807345235,0.374050139489314,0.0963515412452095
new_more,100000,NO0 0AC,offwind-float,0.4971489169840434,0.4933079598715668,0.0038409571124766173
new_more,100000,NO0 0AC,offwind-float,0.47351997157399156,0.4507378974712305,0.022782074102761063
new_more,100000,NO0 0AC,offwind-float,0.46866031749307147,0.4426505989729851,0.026009718520086378
new_more,100000,NO0 0AC,offwind-float,0.46291767576815523,0.43331455506566985,0.029603120702485386
new_more,100000,NO0 0AC,offwind-float,0.4564036219967683,0.4229598027678366,0.03344381922893169
new_more,100000,GB4 0AC,offwind-float,0.5268476348330038,0.4398591978408711,0.08698843699213271
new_more,100000,GB4 0AC,offwind-float,0.5017871437472434,0.410459608583488,0.09132753516375541
new_more,100000,GB4 0AC,offwind-float,0.496637388536795,0.40384641746867644,0.09279097106811857
new_more,100000,GB4 0AC,offwind-float,0.49054510440229615,0.39656234882211944,0.09398275558017671
new_more,100000,GB4 0AC,offwind-float,0.4836494658966378,0.388461412843444,0.09518805305319383
new_more,100000,GB4 0AC,offwind-float,0.47655911173302656,0.3802557941700972,0.09630331756292937
