scenario,split,density_mw_per_km2,wake_loss
base,1000,0.3040735717901503,0.0
base,1000,0.10582116388845832,0.0
base,1000,0.7664279795519479,0.0
base,1000,1.1185352674578475,0.0
base,1000,2.078359868771556,0.0
base,1000,0.1969338549437576,0.0
base,1000,1.4061797555247377,0.0
base,1000,1.690314529975273,0.0
base,1000,1.2826523805616836,0.0
base,1000,0.0038230213022220167,0.0
base,1000,0.7844443711933466,0.0
base,1000,1.96767961228624,0.0
base,1000,0.4767878133401417,0.0
base,1000,0.6039111685827634,0.0
base,1000,2.8691419778587828,0.0
base,1000,2.6427612378511753,0.0
base,1000,3.2286815823237514,0.0
base,1000,2.9217123295470193,0.0
base,1000,3.478935285749235,0.0
base,1000,1.2315814804550325,0.0
base,1000,2.678867187393882,0.0
base,1000,2.3295289856194783,0.0
base,1000,0.4733345189286736,0.0
base,1000,2.9987464990038073,0.0
base,1000,1.8547776938524212,0.0
base,1000,3.541609436802907,0.0
base,1000,0.20877130577669903,0.0
base,1000,3.0977850213025895,0.0
base,1000,3.2888951960319868,0.0
base,1000,3.4049925093892575,0.0
base,1000,3.108005870468198,0.0
base,1000,0.4714796150499132,0.0
base,1000,3.0995723791367946,0.0
base,1000,3.5896452543359834,0.0
base,1000,2.804611294356145,0.0
base,1000,2.175996731462657,0.0
base,1000,1.6092160592146274,0.0
base,1000,3.454386534270807,0.0
base,1000,3.3036265166585848,0.0
base,1000,3.3341422101205156,0.0
base,1000,2.562206468519632,0.0
base,1000,0.564565159353198,0.0
base,1000,2.2470965677967643,0.0
base,1000,2.5988585052567803,0.0
base,1000,2.843793349281539,0.0
base,1000,1.1919558610261378,0.0
base,1000,2.4340088936967703,0.0
base,1000,1.5602815929808964,0.0
base,1000,0.670890412990666,0.0
base,1000,0.7459655847276367,0.0
base,1000,1.457297434650458,0.0
base,1000,0.5708065240334697,0.0
base,1000,1.7228055132650053,0.0
base,1000,2.358339020910263,0.0
base,1000,2.2570659985973536,0.0
base,1000,1.2409924740949967,0.0
base,1000,0.1877035682347649,0.0
base,1000,1.0480856388207191,0.0
base,1000,0.3477474379241487,0.0
base,1000,2.224658791756797,0.0
base,1000,1.7289290107553552,0.0
base,1000,1.8113600349957937,0.0
base,1000,1.0066190447943606,0.0
base,1000,0.7684724709209954,0.0
base,1000,2.6252535664798793,0.0
base,1000,1.2887328764422614,0.0
base,1000,1.7121736346777106,0.0
base,1000,1.3585023959409028,0.0
base,1000,2.6526205651118437,0.0
base,1000,2.8140166976004735,0.0
base,1000,2.342434287033124,0.0
base,1000,1.6360549972654024,0.0
base,1000,1.1399866330064403,0.0
base,1000,0.22252639106384714,0.0
base,1000,0.7177809291104884,0.0
base,1000,2.8005152693524358,0.0
base,1000,2.694234355443699,0.0
base,1000,0.4968812612084833,0.0
base,1000,0.6118177633890353,0.0
base,1000,0.0788280327826381,0.0
base,1000,0.504351384673827,0.0
base,1000,1.3661189825482123,0.0
base,1000,0.17753359674306163,0.0
base,1000,0.007138598720158741,0.0
base,1000,0.2581230911262277,0.0
base,1000,1.3676900763223712,0.0
base,1000,0.481515530987897,0.0
base,1000,2.418487216948842,0.0
base,1000,1.4726789655785224,0.0
base,1000,0.22176988822429552,0.0
base,1000,1.4039910739033714,0.0
base,1000,1.502983620502734,0.0
base,1000,0.5803266104251296,0.0
base,1000,2.9460355950735955,0.0
base,1000,2.4471510775655774,0.0
base,1000,2.0986620991328504,0.0
base,1000,2.013242419096896,0.0
base,1000,1.1767758923600078,0.0
base,1000,1.9333352970367834,0.0
base,1000,0.6208824016605448,0.0
base,1000,2.244805802455449,0.0
base,1000,1.6623697453453639,0.0
base,1000,1.5193222923771526,0.0
base,1000,2.1137864448625803,0.0
base,1000,0.5662986258620889,0.0
base,1000,0.8089110873435897,0.0
base,1000,1.3047782009945015,0.0
base,1000,0.6770058986098725,0.0
base,1000,0.007575586179058723,0.0
base,1000,1.3389909632533827,0.0
base,1000,0.047529844001492495,0.0
base,1000,0.3187330447772354,0.0
base,1000,2.4157318911882206,0.0
base,1000,0.24454792855895052,0.0
base,1000,0.0053824415362041965,0.0
base,1000,0.2661258587352374,0.0
base,1000,1.7574881713717578,0.0
base,1000,0.13071661425785258,0.0
base,1000,0.15857840478770271,0.0
base,1000,1.1294972888166195,0.0
base,1000,0.006800699596620164,0.0
base,1000,1.0994315284347438,0.0
base,1000,1.0542546273604485,0.0
base,1000,0.5428864946305367,0.0
base,1000,1.1046972521378078,0.0
base,1000,0.1995723965234643,0.0
base,1000,2.647223283191601,0.0
base,1000,0.3511495371242015,0.0
base,1000,2.606740046345078,0.0
base,1000,2.6447890740471736,0.0
base,1000,0.00651317767378753,0.0
base,1000,2.3131211131335645,0.0
base,1000,1.4131525733128738,0.0
base,1000,1.3850802575860282,0.0
base,1000,1.4360945634174926,0.0
base,1000,1.108384274345374,0.0
base,1000,1.9183510582447103,0.0
base,1000,1.8973963321836307,0.0
base,1000,1.8051820571911552,0.0
base,1000,1.655708903957858,0.0
base,1000,1.824839655972084,0.0
base,1000,0.9718237843731256,0.0
base,1000,1.6967055751428533,0.0
base,1000,2.310395743244836,0.0
base,1000,1.5526081099782993,0.0
base,1000,1.4400662163682976,0.0
base,1000,2.336481865838517,0.0
base,1000,2.331336936029754,0.0
base,1000,2.5240781472280758,0.0
base,1000,1.3287970511978153,0.0
base,1000,2.277058001308226,0.0
base,1000,2.359983023336438,0.0
base,1000,2.0703876770717455,0.0
base,1000,1.65420756082096,0.0
base,1000,0.5633187941781842,0.0
base,1000,0.36180614620219215,0.0
base,1000,2.0987178660876085,0.0
base,1000,0.5182846368460112,0.0
base,1000,1.9383550658378768,0.0
base,1000,2.0809502676482063,0.0
base,1000,1.1410187703786279,0.0
base,1000,1.358647796691967,0.0
base,1000,0.09617136569477519,0.0
base,1000,0.3529368860500937,0.0
base,1000,1.7435333591103295,0.0
base,1000,0.7001178876561762,0.0
base,1000,1.4446763449046895,0.0
base,1000,0.6547003952610518,0.0
base,1000,2.2016887576981996,0.0
base,1000,1.4096832388031861,0.0
base,1000,2.030267781853431,0.0
base,1000,1.3706804955477174,0.0
base,1000,1.9451739292957284,0.0
base,1000,0.004452907520735426,0.0
base,1000,0.00018856383525308172,0.0
base,1000,0.005515746097889226,0.0
base,1000,0.0032028405713850467,0.0
base,1000,0.004120377553282128,0.0
base,1000,0.01790663915050082,0.0
base,1000,1.9760875129991107,0.0
base,1000,1.4041386532521518,0.0
base,1000,1.6675817064610514,0.0
base,1000,1.8113408454938857,0.0
base,1000,2.474393084204556,0.0
base,1000,1.7803226262522174,0.0
base,1000,1.7145979197972578,0.0
base,1000,0.4702687766183733,0.0
base,1000,2.1624113608855273,0.0
base,1000,1.3826471328009657,0.0
base,1000,0.4171048075435402,0.0
base,1000,2.9869343146801253,0.0
base,1000,2.557698688806125,0.0
base,1000,1.9396845748134806,0.0
base,1000,0.5236006261087498,0.0
base,1000,1.676265897140373,0.0
base,1000,2.912636075952429,0.0
base,1000,1.3532380094513314,0.0
base,1000,1.210737074907423,0.0
base,1000,1.352761174661076,0.0
base,1000,2.6284317714433727,0.0
base,1000,1.9264591787143437,0.0
base,1000,1.9691803200962326,0.0
base,1000,2.562289649072301,0.0
base,1000,2.620276901116719,0.0
base,1000,2.284232616439103,0.0
base,1000,1.9587889856104803,0.0
base,1000,2.784760850652405,0.0
base,1000,3.5195069530933547,0.0
base,1000,2.2369949095843156,0.0
base,1000,3.411670788213927,0.0
base,1000,2.5580134232729352,0.0
base,1000,2.9247454901322327,0.0
base,1000,3.1177756084625234,0.0
base,1000,3.428546895863915,0.0
base,1000,3.080476416820594,0.0
base,1000,3.1939914872333297,0.0
base,1000,3.137119119672239,0.0
base,1000,0.008445491987875767,0.0
base,1000,3.226308019881483,0.0
base,1000,1.5023040681678905,0.0
base,1000,3.6211750315085944,0.0
base,1000,3.5234626038417414,0.0
base,1000,3.7021722466171307,0.0
base,1000,3.527398801406489,0.0
base,1000,4.043500730587794,0.0
base,1000,3.0754575870595624,0.0
base,1000,3.758476576035443,0.0
base,1000,3.162675018825955,0.0
base,1000,3.427572959933838,0.0
base,1000,3.7270129200606106,0.0
base,1000,3.5887253757448536,0.0
base,1000,3.4739848356125327,0.0
base,1000,3.244398149764856,0.0
base,1000,3.2741771997509415,0.0
base,1000,1.5722052329781036,0.0
base,1000,3.793056986707885,0.0
base,1000,3.7479904298076776,0.0
base,1000,3.4830916773276113,0.0
base,1000,3.358917707567572,0.0
base,1000,3.6326798423429993,0.0
base,1000,3.319117926680103,0.0
base,1000,3.455557969665769,0.0
base,1000,3.29732952033517,0.0
base,1000,3.840456978222993,0.0
base,1000,3.246039944469517,0.0
base,1000,3.593032130488699,0.0
base,1000,2.5222555805854925,0.0
base,1000,3.1077727750443627,0.0
base,1000,3.7084537552421843,0.0
base,1000,1.521275361245838,0.0
base,1000,3.515304089373208,0.0
base,1000,3.265580959109492,0.0
base,1000,3.629923671297008,0.0
base,1000,3.602186677742512,0.0
base,1000,3.288807442577083,0.0
base,1000,3.6913721099711525,0.0
base,1000,1.3375221114653355,0.0
base,1000,3.4711245846312777,0.0
base,1000,3.2689242752633354,0.0
base,1000,3.23163537593716,0.0
base,1000,3.1118707497540514,0.0
base,1000,3.774779412220073,0.0
base,1000,3.4051998165992337,0.0
base,1000,3.7026131247147935,0.0
base,1000,3.889679639636291,0.0
base,1000,3.4581287886404497,0.0
base,1000,3.8663428442533734,0.0
base,1000,3.2055973225510344,0.0
base,1000,3.261630319968078,0.0
base,1000,3.366488720636101,0.0
base,1000,3.508236230308999,0.0
base,1000,3.036736204624807,0.0
base,1000,3.9023186665733967,0.0
base,1000,3.6764442107832274,0.0
base,1000,3.206688508319362,0.0
base,1000,3.1916174900040577,0.0
base,1000,3.7941281982228356,0.0
base,1000,3.3315489638547207,0.0
base,1000,3.162601558660718,0.0
base,1000,3.4798302719966885,0.0
base,1000,3.4991945527466095,0.0
base,1000,3.9425335464623936,0.0
base,1000,3.5089101447250117,0.0
base,1000,3.471258504369255,0.0
base,1000,3.535837525486778,0.0
base,1000,3.761363333650873,0.0
base,1000,3.4715082133586233,0.0
base,1000,3.89466245933093,0.0
base,1000,3.3176607586331146,0.0
base,1000,2.976716702793987,0.0
base,1000,3.7367306852075206,0.0
base,1000,3.748264486312476,0.0
base,1000,3.549576924248553,0.0
base,1000,2.872873471722974,0.0
base,1000,3.692751888790153,0.0
base,1000,3.390504322174801,0.0
base,1000,3.927440240460775,0.0
base,1000,3.2689658946358535,0.0
base,1000,3.6442426772669365,0.0
base,1000,3.659151932371887,0.0
base,1000,2.7692176783765334,0.0
base,1000,3.5662957940217432,0.0
base,1000,3.606338386308112,0.0
base,1000,2.5608656906740883,0.0
base,1000,3.7266764401482,0.0
base,1000,3.467696826803157,0.0
base,1000,3.8663793937258957,0.0
base,1000,3.4643039822451156,0.0
base,1000,3.6907898545158866,0.0
base,1000,3.7666548839417824,0.0
base,1000,3.352893276749759,0.0
base,1000,3.471380115799566,0.0
base,1000,3.2678670188133605,0.0
base,1000,0.005631983612200626,0.0
base,1000,3.189634100802295,0.0
base,1000,3.7865646910298185,0.0
base,1000,3.6594891394860407,0.0
base,1000,3.13576019367591,0.0
base,1000,3.293877109497496,0.0
base,1000,3.7131524213430165,0.0
base,1000,3.6240854071224264,0.0
base,1000,3.3773093826782823,0.0
base,1000,3.484022096369276,0.0
base,1000,3.59464009979331,0.0
base,1000,3.482326722802068,0.0
base,1000,3.457969216927614,0.0
base,1000,3.4739369158823115,0.0
base,1000,3.832721522397344,0.0
base,1000,3.2259839085535353,0.0
base,1000,2.0660299277163006,0.0
base,1000,3.713820554724751,0.0
base,1000,2.231468513318674,0.0
base,1000,3.682814173777718,0.0
base,1000,3.3921014766508706,0.0
base,1000,3.4839750339391427,0.0
base,1000,0.004941438609018034,0.0
base,1000,3.544625057947717,0.0
base,1000,3.427160671225076,0.0
base,1000,3.498938661995005,0.0
base,1000,1.8344436129973267,0.0
base,1000,3.2964625988437866,0.0
base,1000,0.006652620857194649,0.0
base,1000,3.617824012951869,0.0
base,1000,2.530067412028012,0.0
base,1000,1.248697721214587,0.0
base,1000,0.5995414951182834,0.0
base,1000,0.7891285864403739,0.0
base,1000,0.14789142942217134,0.0
base,1000,0.258442402699223,0.0
base,1000,1.1810416023777532,0.0
base,1000,3.454100523812629,0.0
base,1000,2.9336991377488237,0.0
base,1000,3.120073966515986,0.0
base,1000,3.6486436897115,0.0
base,1000,2.336361874408371,0.0
base,1000,3.5634281780263373,0.0
base,1000,2.5032452020742197,0.0
base,1000,3.6549640761802022,0.0
base,1000,3.4962809081060935,0.0
base,1000,3.533405062157562,0.0
base,1000,3.4345207042512413,0.0
base,1000,3.1203826143481344,0.0
base,1000,3.7860136415800385,0.0
base,1000,2.9141020352512186,0.0
base,1000,3.4402961885116374,0.0
base,1000,3.5803455259530708,0.0
base,1000,2.8759493949877095,0.0
base,1000,3.6729924457001735,0.0
base,1000,3.680175050006895,0.0
base,1000,3.569210389046235,0.0
base,1000,3.6923905385131266,0.0
base,1000,3.4299850268176852,0.0
base,1000,3.3324288637999695,0.0
base,1000,2.651566499753927,0.0
base,1000,3.7080362249545162,0.0
base,1000,3.276999302630057,0.0
base,1000,3.3661414703881025,0.0
base,1000,3.060177026869263,0.0
base,1000,3.2087280883085305,0.0
base,1000,3.457979324648883,0.0
base,1000,3.5521015591214002,0.0
base,1000,3.389262480571223,0.0
base,1000,3.7373684555668887,0.0
base,1000,3.250086682831989,0.0
base,1000,3.422838308919708,0.0
base,1000,2.906195686563467,0.0
base,1000,3.0858267521073484,0.0
base,1000,3.7412443215846745,0.0
base,1000,3.1295822507519357,0.0
base,1000,3.256548893234007,0.0
base,1000,3.539536887021435,0.0
base,1000,3.4277628807273905,0.0
base,1000,3.695701988909432,0.0
base,1000,2.8853545795804103,0.0
base,1000,3.1204050691904457,0.0
base,1000,3.191754479535015,0.0
base,1000,3.4053836705635763,0.0
base,1000,3.354373403795217,0.0
base,1000,2.841212272937829,0.0
base,1000,3.380761288647836,0.0
base,1000,2.3069886371387254,0.0
base,1000,2.9587938788546158,0.0
base,1000,2.8316186815352165,0.0
base,1000,2.9766956267191347,0.0
base,1000,2.337826715656464,0.0
base,1000,2.581905468902381,0.0
base,1000,1.8812249538380406,0.0
base,1000,1.616634200884604,0.0
base,1000,1.4340963698071696,0.0
base,1000,2.124833196921583,0.0
base,1000,2.88899951459755,0.0
base,1000,1.6221884797973745,0.0
base,1000,1.3571532495276866,0.0
base,1000,1.3295104365998833,0.0
base,1000,0.38905620185986156,0.0
base,1000,1.8441123318239665,0.0
base,1000,1.4488015942005492,0.0
base,1000,2.3623060244504677,0.0
base,1000,0.4303298825738748,0.0
base,1000,0.47594917514628876,0.0
base,1000,0.052719353335234635,0.0
base,1000,1.2960458595655664,0.0
base,1000,2.5196836943159804,0.0
base,1000,1.390215468945548,0.0
base,1000,0.443220959008034,0.0
base,1000,1.4152448267894755,0.0
base,1000,0.8871816223124872,0.0
base,1000,0.2839377662407136,0.0
base,1000,1.1868446659698055,0.0
base,1000,0.873626877129174,0.0
base,1000,0.2859395137550252,0.0
base,1000,1.5056712582118001,0.0
base,1000,0.9847211240951796,0.0
base,1000,1.3345896888759565,0.0
base,1000,0.7109428619745283,0.0
base,1000,1.275492490017962,0.0
base,1000,1.6625367607994659,0.0
base,1000,0.22900575672227402,0.0
base,1000,0.4289256747953419,0.0
base,1000,0.31974909989960826,0.0
base,1000,0.5970079785963573,0.0
base,1000,0.38316263066623885,0.0
base,1000,0.7733845091148083,0.0
base,1000,0.6605648042371403,0.0
base,1000,0.2917960420220877,0.0
base,1000,0.4494892463593447,0.0
base,1000,0.5309265294079953,0.0
base,1000,1.2714249985093822,0.0
base,1000,0.7983694236166946,0.0
base,1000,0.12589549249960957,0.0
base,1000,0.5626979265588388,0.0
base,1000,0.04649424719946283,0.0
base,1000,0.04280149861090816,0.0
base,1000,0.07572203678834047,0.0
base,1000,1.115136740400198,0.0
base,1000,0.6818669538099129,0.0
base,1000,1.5437533003001984,0.0
base,1000,0.12325576209272084,0.0
base,1000,0.3409544368894279,0.0
base,1000,1.3169239685124037,0.0
base,1000,0.6008239801620863,0.0
base,1000,1.5011931239660166,0.0
base,1000,0.3262904421762398,0.0
base,1000,1.1821722242046433,0.0
base,1000,1.7839938918681868,0.0
base,1000,1.8203052401516207,0.0
base,1000,0.6201822285515974,0.0
base,1000,0.4978525848738881,0.0
base,1000,2.0588326658274014,0.0
base,1000,0.6154664533155072,0.0
base,1000,0.8060482895189789,0.0
base,1000,0.4995905159934741,0.0
base,1000,0.5299911316286409,0.0
base,1000,0.7984678956173418,0.0
base,1000,1.4220354421130765,0.0
base,1000,0.7056907643516735,0.0
base,1000,0.3288773428115925,0.0
base,1000,1.1016902984466705,0.0
base,1000,1.9709683569711314,0.0
base,1000,0.039263658647670265,0.0
base,1000,1.417916176462225,0.0
base,1000,0.4487086558940757,0.0
base,1000,0.0015541370306217466,0.0
base,1000,0.5819203024924258,0.0
base,1000,0.49968689697229196,0.0
base,1000,0.5278760521825093,0.0
base,1000,1.2955943273356385,0.0
base,1000,0.3558401223103301,0.0
base,1000,1.6078247698191714,0.0
base,1000,0.5429699791605114,0.0
base,1000,0.053852559375825775,0.0
base,1000,0.17309055150565553,0.0
base,1000,0.12634829464580355,0.0
base,1000,0.021760158075100615,0.0
base,1000,0.18036692408456304,0.0
base,1000,0.08798040148056753,0.0
base,1000,0.005501124422195383,0.0
base,1000,0.006856523193868873,0.0
base,1000,0.009001263030032298,0.0
base,1000,0.013039498357212792,0.0
base,1000,0.20184964271548902,0.0
base,1000,1.138956783025267,0.0
base,1000,1.2540246914086992,0.0
base,1000,1.1153799701012808,0.0
base,1000,2.384538104400613,0.0
base,1000,1.5238694177711838,0.0
base,1000,0.6161696885185595,0.0
base,1000,1.0310155352546635,0.0
base,1000,1.6346979699326711,0.0
base,1000,0.9379836474560592,0.0
base,1000,0.8294392631756784,0.0
base,1000,0.5913314167795676,0.0
base,1000,0.2704634580822495,0.0
base,1000,0.6271259266397987,0.0
base,1000,0.02398117108577423,0.0
base,1000,0.24405803349386224,0.0
base,1000,1.7482496045665106,0.0
base,1000,0.5497827733692985,0.0
base,1000,1.780723788644881,0.0
base,1000,1.1337294433341865,0.0
base,1000,0.7789171188231188,0.0
base,1000,0.8168530591996371,0.0
base,1000,0.11588772483158553,0.0
base,1000,0.3181810579369239,0.0
base,1000,0.3060971006754275,0.0
base,1000,0.1448843456370399,0.0
base,1000,0.09009396346228382,0.0
base,1000,0.006905755097060731,0.0
base,1000,0.06212909191774978,0.0
base,1000,0.8509224616984512,0.0
base,1000,0.1744994580697832,0.0
base,1000,0.704023651228853,0.0
base,1000,2.5230069816625345,0.0
base,1000,0.129570002070701,0.0
base,1000,1.3634157341920667,0.0
base,1000,0.139620189607951,0.0
base,1000,0.03259504979032815,0.0
base,1000,0.8407745612548166,0.0
base,1000,1.222511875976039,0.0
base,1000,1.3804630540924765,0.0
base,1000,0.23390205728329186,0.0
base,1000,2.5688138638666818,0.0
base,1000,0.6418247673706112,0.0
base,1000,0.39781937395769507,0.0
base,1000,1.8336061988216599,0.0
base,1000,1.88832686223434,0.0
base,1000,3.7792065837234525,0.0
base,1000,0.5650756006635476,0.0
base,1000,0.011046653169754589,0.0
base,1000,0.48370982267402485,0.0
base,1000,0.019452810214291273,0.0
base,1000,3.680147351689098,0.0
base,1000,0.0922225001873825,0.0
base,1000,0.37646837317435805,0.0
base,1000,0.6735988290643191,0.0
base,1000,0.7478868935610861,0.0
base,1000,0.6379827720844398,0.0
base,1000,1.7685144389013598,0.0
base,1000,0.7761158955955213,0.0
standard,1000,0.3040735717901503,0.11450000000000005
standard,1000,0.10582116388845832,0.11450000000000005
standard,1000,0.7664279795519479,0.11450000000000005
standard,1000,1.1185352674578475,0.11450000000000005
standard,1000,2.078359868771556,0.11450000000000005
standard,1000,0.1969338549437576,0.11450000000000005
standard,1000,1.4061797555247377,0.11450000000000005
standard,1000,1.690314529975273,0.11450000000000005
standard,1000,1.2826523805616836,0.11450000000000005
standard,1000,0.0038230213022220167,0.11450000000000005
standard,1000,0.7844443711933466,0.11450000000000005
standard,1000,1.96767961228624,0.11450000000000005
standard,1000,0.4767878133401417,0.11450000000000005
standard,1000,0.6039111685827634,0.11450000000000005
standard,1000,2.8691419778587828,0.11450000000000005
standard,1000,2.6427612378511753,0.11450000000000005
standard,1000,3.2286815823237514,0.11450000000000005
standard,1000,2.9217123295470193,0.11450000000000005
standard,1000,3.478935285749235,0.11450000000000005
standard,1000,1.2315814804550325,0.11450000000000005
standard,1000,2.678867187393882,0.11450000000000005
standard,1000,2.3295289856194783,0.11450000000000005
standard,1000,0.4733345189286736,0.11450000000000005
standard,1000,2.9987464990038073,0.11450000000000005
standard,1000,1.8547776938524212,0.11450000000000005
standard,1000,3.541609436802907,0.11450000000000005
standard,1000,0.20877130577669903,0.11450000000000005
standard,1000,3.0977850213025895,0.11450000000000005
standard,1000,3.2888951960319868,0.11450000000000005
standard,1000,3.4049925093892575,0.11450000000000005
standard,1000,3.108005870468198,0.11450000000000005
standard,1000,0.4714796150499132,0.11450000000000005
standard,1000,3.0995723791367946,0.11450000000000005
standard,1000,3.5896452543359834,0.11450000000000005
standard,1000,2.804611294356145,0.11450000000000005
standard,1000,2.175996731462657,0.11450000000000005
standard,1000,1.6092160592146274,0.11450000000000005
standard,1000,3.454386534270807,0.11450000000000005
standard,1000,3.3036265166585848,0.11450000000000005
standard,1000,3.3341422101205156,0.11450000000000005
standard,1000,2.562206468519632,0.11450000000000005
standard,1000,0.564565159353198,0.11450000000000005
standard,1000,2.2470965677967643,0.11450000000000005
standard,1000,2.5988585052567803,0.11450000000000005
standard,1000,2.843793349281539,0.11450000000000005
standard,1000,1.1919558610261378,0.11450000000000005
standard,1000,2.4340088936967703,0.11450000000000005
standard,1000,1.5602815929808964,0.11450000000000005
standard,1000,0.670890412990666,0.11450000000000005
standard,1000,0.7459655847276367,0.11450000000000005
standard,1000,1.457297434650458,0.11450000000000005
standard,1000,0.5708065240334697,0.11450000000000005
standard,1000,1.7228055132650053,0.11450000000000005
standard,1000,2.358339020910263,0.11450000000000005
standard,1000,2.2570659985973536,0.11450000000000005
standard,1000,1.2409924740949967,0.11450000000000005
standard,1000,0.1877035682347649,0.11450000000000005
standard,1000,1.0480856388207191,0.11450000000000005
standard,1000,0.3477474379241487,0.11450000000000005
standard,1000,2.224658791756797,0.11450000000000005
standard,1000,1.7289290107553552,0.11450000000000005
standard,1000,1.8113600349957937,0.11450000000000005
standard,1000,1.0066190447943606,0.11450000000000005
standard,1000,0.7684724709209954,0.11450000000000005
standard,1000,2.6252535664798793,0.11450000000000005
standard,1000,1.2887328764422614,0.11450000000000005
standard,1000,1.7121736346777106,0.11450000000000005
standard,1000,1.3585023959409028,0.11450000000000005
standard,1000,2.6526205651118437,0.11450000000000005
standard,1000,2.8140166976004735,0.11450000000000005
standard,1000,2.342434287033124,0.11450000000000005
standard,1000,1.6360549972654024,0.11450000000000005
standard,1000,1.1399866330064403,0.11450000000000005
standard,1000,0.22252639106384714,0.11450000000000005
standard,1000,0.7177809291104884,0.11450000000000005
standard,1000,2.8005152693524358,0.11450000000000005
standard,1000,2.694234355443699,0.11450000000000005
standard,1000,0.4968812612084833,0.11450000000000005
standard,1000,0.6118177633890353,0.11450000000000005
standard,1000,0.0788280327826381,0.11450000000000005
standard,1000,0.504351384673827,0.11450000000000005
standard,1000,1.3661189825482123,0.11450000000000005
standard,1000,0.17753359674306163,0.11450000000000005
standard,1000,0.007138598720158741,0.11450000000000005
standard,1000,0.2581230911262277,0.11450000000000005
standard,1000,1.3676900763223712,0.11450000000000005
standard,1000,0.481515530987897,0.11450000000000005
standard,1000,2.418487216948842,0.11450000000000005
standard,1000,1.4726789655785224,0.11450000000000005
standard,1000,0.22176988822429552,0.11450000000000005
standard,1000,1.4039910739033714,0.11450000000000005
standard,1000,1.502983620502734,0.11450000000000005
standard,1000,0.5803266104251296,0.11450000000000005
standard,1000,2.9460355950735955,0.11450000000000005
standard,1000,2.4471510775655774,0.11450000000000005
standard,1000,2.0986620991328504,0.11450000000000005
standard,1000,2.013242419096896,0.11450000000000005
standard,1000,1.1767758923600078,0.11450000000000005
standard,1000,1.9333352970367834,0.11450000000000005
standard,1000,0.6208824016605448,0.11450000000000005
standard,1000,2.244805802455449,0.11450000000000005
standard,1000,1.6623697453453639,0.11450000000000005
standard,1000,1.5193222923771526,0.11450000000000005
standard,1000,2.1137864448625803,0.11450000000000005
standard,1000,0.5662986258620889,0.11450000000000005
standard,1000,0.8089110873435897,0.11450000000000005
standard,1000,1.3047782009945015,0.11450000000000005
standard,1000,0.6770058986098725,0.11450000000000005
standard,1000,0.007575586179058723,0.11450000000000005
standard,1000,1.3389909632533827,0.11450000000000005
standard,1000,0.047529844001492495,0.11450000000000005
standard,1000,0.3187330447772354,0.11450000000000005
standard,1000,2.4157318911882206,0.11450000000000005
standard,1000,0.24454792855895052,0.11450000000000005
standard,1000,0.0053824415362041965,0.11450000000000005
standard,1000,0.2661258587352374,0.11450000000000005
standard,1000,1.7574881713717578,0.11450000000000005
standard,1000,0.13071661425785258,0.11450000000000005
standard,1000,0.15857840478770271,0.11450000000000005
standard,1000,1.1294972888166195,0.11450000000000005
standard,1000,0.006800699596620164,0.11450000000000005
standard,1000,1.0994315284347438,0.11450000000000005
standard,1000,1.0542546273604485,0.11450000000000005
standard,1000,0.5428864946305367,0.11450000000000005
standard,1000,1.1046972521378078,0.11450000000000005
standard,1000,0.1995723965234643,0.11450000000000005
standard,1000,2.647223283191601,0.11450000000000005
standard,1000,0.3511495371242015,0.11450000000000005
standard,1000,2.606740046345078,0.11450000000000005
standard,1000,2.6447890740471736,0.11450000000000005
standard,1000,0.00651317767378753,0.11450000000000005
standard,1000,2.3131211131335645,0.11450000000000005
standard,1000,1.4131525733128738,0.11450000000000005
standard,1000,1.3850802575860282,0.11450000000000005
standard,1000,1.4360945634174926,0.11450000000000005
standard,1000,1.108384274345374,0.11450000000000005
standard,1000,1.9183510582447103,0.11450000000000005
standard,1000,1.8973963321836307,0.11450000000000005
standard,1000,1.8051820571911552,0.11450000000000005
standard,1000,1.655708903957858,0.11450000000000005
standard,1000,1.824839655972084,0.11450000000000005
standard,1000,0.9718237843731256,0.11450000000000005
standard,1000,1.6967055751428533,0.11450000000000005
standard,1000,2.310395743244836,0.11450000000000005
standard,1000,1.5526081099782993,0.11450000000000005
standard,1000,1.4400662163682976,0.11450000000000005
standard,1000,2.336481865838517,0.11450000000000005
standard,1000,2.331336936029754,0.11450000000000005
standard,1000,2.5240781472280758,0.11450000000000005
standard,1000,1.3287970511978153,0.11450000000000005
standard,1000,2.277058001308226,0.11450000000000005
standard,1000,2.359983023336438,0.11450000000000005
standard,1000,2.0703876770717455,0.11450000000000005
standard,1000,1.65420756082096,0.11450000000000005
standard,1000,0.5633187941781842,0.11450000000000005
standard,1000,0.36180614620219215,0.11450000000000005
standard,1000,2.0987178660876085,0.11450000000000005
standard,1000,0.5182846368460112,0.11450000000000005
standard,1000,1.9383550658378768,0.11450000000000005
standard,1000,2.0809502676482063,0.11450000000000005
standard,1000,1.1410187703786279,0.11450000000000005
standard,1000,1.358647796691967,0.11450000000000005
standard,1000,0.09617136569477519,0.11450000000000005
standard,1000,0.3529368860500937,0.11450000000000005
standard,1000,1.7435333591103295,0.11450000000000005
standard,1000,0.7001178876561762,0.11450000000000005
standard,1000,1.4446763449046895,0.11450000000000005
standard,1000,0.6547003952610518,0.11450000000000005
standard,1000,2.2016887576981996,0.11450000000000005
standard,1000,1.4096832388031861,0.11450000000000005
standard,1000,2.030267781853431,0.11450000000000005
standard,1000,1.3706804955477174,0.11450000000000005
standard,1000,1.9451739292957284,0.11450000000000005
standard,1000,0.004452907520735426,0.11450000000000005
standard,1000,0.00018856383525308172,0.11450000000000005
standard,1000,0.005515746097889226,0.11450000000000005
standard,1000,0.0032028405713850467,0.11450000000000005
standard,1000,0.004120377553282128,0.11450000000000005
standard,1000,0.01790663915050082,0.11450000000000005
standard,1000,1.9760875129991107,0.11450000000000005
standard,1000,1.4041386532521518,0.11450000000000005
standard,1000,1.6675817064610514,0.11450000000000005
standard,1000,1.8113408454938857,0.11450000000000005
standard,1000,2.474393084204556,0.11450000000000005
standard,1000,1.7803226262522174,0.11450000000000005
standard,1000,1.7145979197972578,0.11450000000000005
standard,1000,0.4702687766183733,0.11450000000000005
standard,1000,2.1624113608855273,0.11450000000000005
standard,1000,1.3826471328009657,0.11450000000000005
standard,1000,0.4171048075435402,0.11450000000000005
standard,1000,2.9869343146801253,0.11450000000000005
standard,1000,2.557698688806125,0.11450000000000005
standard,1000,1.9396845748134806,0.11450000000000005
standard,1000,0.5236006261087498,0.11450000000000005
standard,1000,1.676265897140373,0.11450000000000005
standard,1000,2.912636075952429,0.11450000000000005
standard,1000,1.3532380094513314,0.11450000000000005
standard,1000,1.210737074907423,0.11450000000000005
standard,1000,1.352761174661076,0.11450000000000005
standard,1000,2.6284317714433727,0.11450000000000005
standard,1000,1.9264591787143437,0.11450000000000005
standard,1000,1.9691803200962326,0.11450000000000005
standard,1000,2.562289649072301,0.11450000000000005
standard,1000,2.620276901116719,0.11450000000000005
standard,1000,2.284232616439103,0.11450000000000005
standard,1000,1.9587889856104803,0.11450000000000005
standard,1000,2.784760850652405,0.11450000000000005
standard,1000,3.5195069530933547,0.11450000000000005
standard,1000,2.2369949095843156,0.11450000000000005
standard,1000,3.411670788213927,0.11450000000000005
standard,1000,2.5580134232729352,0.11450000000000005
standard,1000,2.9247454901322327,0.11450000000000005
standard,1000,3.1177756084625234,0.11450000000000005
standard,1000,3.428546895863915,0.11450000000000005
standard,1000,3.080476416820594,0.11450000000000005
standard,1000,3.1939914872333297,0.11450000000000005
standard,1000,3.137119119672239,0.11450000000000005
standard,1000,0.008445491987875767,0.11450000000000005
standard,1000,3.226308019881483,0.11450000000000005
standard,1000,1.5023040681678905,0.11450000000000005
standard,1000,3.6211750315085944,0.11450000000000005
standard,1000,3.5234626038417414,0.11450000000000005
standard,1000,3.7021722466171307,0.11450000000000005
standard,1000,3.527398801406489,0.11450000000000005
standard,1000,4.043500730587794,0.11450000000000005
standard,1000,3.0754575870595624,0.11450000000000005
standard,1000,3.758476576035443,0.11450000000000005
standard,1000,3.162675018825955,0.11450000000000005
standard,1000,3.427572959933838,0.11450000000000005
standard,1000,3.7270129200606106,0.11450000000000005
standard,1000,3.5887253757448536,0.11450000000000005
standard,1000,3.4739848356125327,0.11450000000000005
standard,1000,3.244398149764856,0.11450000000000005
standard,1000,3.2741771997509415,0.11450000000000005
standard,1000,1.5722052329781036,0.11450000000000005
standard,1000,3.793056986707885,0.11450000000000005
standard,1000,3.7479904298076776,0.11450000000000005
standard,1000,3.4830916773276113,0.11450000000000005
standard,1000,3.358917707567572,0.11450000000000005
standard,1000,3.6326798423429993,0.11450000000000005
standard,1000,3.319117926680103,0.11450000000000005
standard,1000,3.455557969665769,0.11450000000000005
standard,1000,3.29732952033517,0.11450000000000005
standard,1000,3.840456978222993,0.11450000000000005
standard,1000,3.246039944469517,0.11450000000000005
standard,1000,3.593032130488699,0.11450000000000005
standard,1000,2.5222555805854925,0.11450000000000005
standard,1000,3.1077727750443627,0.11450000000000005
standard,1000,3.7084537552421843,0.11450000000000005
standard,1000,1.521275361245838,0.11450000000000005
standard,1000,3.515304089373208,0.11450000000000005
standard,1000,3.265580959109492,0.11450000000000005
standard,1000,3.629923671297008,0.11450000000000005
standard,1000,3.602186677742512,0.11450000000000005
standard,1000,3.288807442577083,0.11450000000000005
standard,1000,3.6913721099711525,0.11450000000000005
standard,1000,1.3375221114653355,0.11450000000000005
standard,1000,3.4711245846312777,0.11450000000000005
standard,1000,3.2689242752633354,0.11450000000000005
standard,1000,3.23163537593716,0.11450000000000005
standard,1000,3.1118707497540514,0.11450000000000005
standard,1000,3.774779412220073,0.11450000000000005
standard,1000,3.4051998165992337,0.11450000000000005
standard,1000,3.7026131247147935,0.11450000000000005
standard,1000,3.889679639636291,0.11450000000000005
standard,1000,3.4581287886404497,0.11450000000000005
standard,1000,3.8663428442533734,0.11450000000000005
standard,1000,3.2055973225510344,0.11450000000000005
standard,1000,3.261630319968078,0.11450000000000005
standard,1000,3.366488720636101,0.11450000000000005
standard,1000,3.508236230308999,0.11450000000000005
standard,1000,3.036736204624807,0.11450000000000005
standard,1000,3.9023186665733967,0.11450000000000005
standard,1000,3.6764442107832274,0.11450000000000005
standard,1000,3.206688508319362,0.11450000000000005
standard,1000,3.1916174900040577,0.11450000000000005
standard,1000,3.7941281982228356,0.11450000000000005
standard,1000,3.3315489638547207,0.11450000000000005
standard,1000,3.162601558660718,0.11450000000000005
standard,1000,3.4798302719966885,0.11450000000000005
standard,1000,3.4991945527466095,0.11450000000000005
standard,1000,3.9425335464623936,0.11450000000000005
standard,1000,3.5089101447250117,0.11450000000000005
standard,1000,3.471258504369255,0.11450000000000005
standard,1000,3.535837525486778,0.11450000000000005
standard,1000,3.761363333650873,0.11450000000000005
standard,1000,3.4715082133586233,0.11450000000000005
standard,1000,3.89466245933093,0.11450000000000005
standard,1000,3.3176607586331146,0.11450000000000005
standard,1000,2.976716702793987,0.11450000000000005
standard,1000,3.7367306852075206,0.11450000000000005
standard,1000,3.748264486312476,0.11450000000000005
standard,1000,3.549576924248553,0.11450000000000005
standard,1000,2.872873471722974,0.11450000000000005
standard,1000,3.692751888790153,0.11450000000000005
standard,1000,3.390504322174801,0.11450000000000005
standard,1000,3.927440240460775,0.11450000000000005
standard,1000,3.2689658946358535,0.11450000000000005
standard,1000,3.6442426772669365,0.11450000000000005
standard,1000,3.659151932371887,0.11450000000000005
standard,1000,2.7692176783765334,0.11450000000000005
standard,1000,3.5662957940217432,0.11450000000000005
standard,1000,3.606338386308112,0.11450000000000005
standard,1000,2.5608656906740883,0.11450000000000005
standard,1000,3.7266764401482,0.11450000000000005
standard,1000,3.467696826803157,0.11450000000000005
standard,1000,3.8663793937258957,0.11450000000000005
standard,1000,3.4643039822451156,0.11450000000000005
standard,1000,3.6907898545158866,0.11450000000000005
standard,1000,3.7666548839417824,0.11450000000000005
standard,1000,3.352893276749759,0.11450000000000005
standard,1000,3.471380115799566,0.11450000000000005
standard,1000,3.2678670188133605,0.11450000000000005
standard,1000,0.005631983612200626,0.11450000000000005
standard,1000,3.189634100802295,0.11450000000000005
standard,1000,3.7865646910298185,0.11450000000000005
standard,1000,3.6594891394860407,0.11450000000000005
standard,1000,3.13576019367591,0.11450000000000005
standard,1000,3.293877109497496,0.11450000000000005
standard,1000,3.7131524213430165,0.11450000000000005
standard,1000,3.6240854071224264,0.11450000000000005
standard,1000,3.3773093826782823,0.11450000000000005
standard,1000,3.484022096369276,0.11450000000000005
standard,1000,3.59464009979331,0.11450000000000005
standard,1000,3.482326722802068,0.11450000000000005
standard,1000,3.457969216927614,0.11450000000000005
standard,1000,3.4739369158823115,0.11450000000000005
standard,1000,3.832721522397344,0.11450000000000005
standard,1000,3.2259839085535353,0.11450000000000005
standard,1000,2.0660299277163006,0.11450000000000005
standard,1000,3.713820554724751,0.11450000000000005
standard,1000,2.231468513318674,0.11450000000000005
standard,1000,3.682814173777718,0.11450000000000005
standard,1000,3.3921014766508706,0.11450000000000005
standard,1000,3.4839750339391427,0.11450000000000005
standard,1000,0.004941438609018034,0.11450000000000005
standard,1000,3.544625057947717,0.11450000000000005
standard,1000,3.427160671225076,0.11450000000000005
standard,1000,3.498938661995005,0.11450000000000005
standard,1000,1.8344436129973267,0.11450000000000005
standard,1000,3.2964625988437866,0.11450000000000005
standard,1000,0.006652620857194649,0.11450000000000005
standard,1000,3.617824012951869,0.11450000000000005
standard,1000,2.530067412028012,0.11450000000000005
standard,1000,1.248697721214587,0.11450000000000005
standard,1000,0.5995414951182834,0.11450000000000005
standard,1000,0.7891285864403739,0.11450000000000005
standard,1000,0.14789142942217134,0.11450000000000005
standard,1000,0.258442402699223,0.11450000000000005
standard,1000,1.1810416023777532,0.11450000000000005
standard,1000,3.454100523812629,0.11450000000000005
standard,1000,2.9336991377488237,0.11450000000000005
standard,1000,3.120073966515986,0.11450000000000005
standard,1000,3.6486436897115,0.11450000000000005
standard,1000,2.336361874408371,0.11450000000000005
standard,1000,3.5634281780263373,0.11450000000000005
standard,1000,2.5032452020742197,0.11450000000000005
standard,1000,3.6549640761802022,0.11450000000000005
standard,1000,3.4962809081060935,0.11450000000000005
standard,1000,3.533405062157562,0.11450000000000005
standard,1000,3.4345207042512413,0.11450000000000005
standard,1000,3.1203826143481344,0.11450000000000005
standard,1000,3.7860136415800385,0.11450000000000005
standard,1000,2.9141020352512186,0.11450000000000005
standard,1000,3.4402961885116374,0.11450000000000005
standard,1000,3.5803455259530708,0.11450000000000005
standard,1000,2.8759493949877095,0.11450000000000005
standard,1000,3.6729924457001735,0.11450000000000005
standard,1000,3.680175050006895,0.11450000000000005
standard,1000,3.569210389046235,0.11450000000000005
standard,1000,3.6923905385131266,0.11450000000000005
standard,1000,3.4299850268176852,0.11450000000000005
standard,1000,3.3324288637999695,0.11450000000000005
standard,1000,2.651566499753927,0.11450000000000005
standard,1000,3.7080362249545162,0.11450000000000005
standard,1000,3.276999302630057,0.11450000000000005
standard,1000,3.3661414703881025,0.11450000000000005
standard,1000,3.060177026869263,0.11450000000000005
standard,1000,3.2087280883085305,0.11450000000000005
standard,1000,3.457979324648883,0.11450000000000005
standard,1000,3.5521015591214002,0.11450000000000005
standard,1000,3.389262480571223,0.11450000000000005
standard,1000,3.7373684555668887,0.11450000000000005
standard,1000,3.250086682831989,0.11450000000000005
standard,1000,3.422838308919708,0.11450000000000005
standard,1000,2.906195686563467,0.11450000000000005
standard,1000,3.0858267521073484,0.11450000000000005
standard,1000,3.7412443215846745,0.11450000000000005
standard,1000,3.1295822507519357,0.11450000000000005
standard,1000,3.256548893234007,0.11450000000000005
standard,1000,3.539536887021435,0.11450000000000005
standard,1000,3.4277628807273905,0.11450000000000005
standard,1000,3.695701988909432,0.11450000000000005
standard,1000,2.8853545795804103,0.11450000000000005
standard,1000,3.1204050691904457,0.11450000000000005
standard,1000,3.191754479535015,0.11450000000000005
standard,1000,3.4053836705635763,0.11450000000000005
standard,1000,3.354373403795217,0.11450000000000005
standard,1000,2.841212272937829,0.11450000000000005
standard,1000,3.380761288647836,0.11450000000000005
standard,1000,2.3069886371387254,0.11450000000000005
standard,1000,2.9587938788546158,0.11450000000000005
standard,1000,2.8316186815352165,0.11450000000000005
standard,1000,2.9766956267191347,0.11450000000000005
standard,1000,2.337826715656464,0.11450000000000005
standard,1000,2.581905468902381,0.11450000000000005
standard,1000,1.8812249538380406,0.11450000000000005
standard,1000,1.616634200884604,0.11450000000000005
standard,1000,1.4340963698071696,0.11450000000000005
standard,1000,2.124833196921583,0.11450000000000005
standard,1000,2.88899951459755,0.11450000000000005
standard,1000,1.6221884797973745,0.11450000000000005
standard,1000,1.3571532495276866,0.11450000000000005
standard,1000,1.3295104365998833,0.11450000000000005
standard,1000,0.38905620185986156,0.11450000000000005
standard,1000,1.8441123318239665,0.11450000000000005
standard,1000,1.4488015942005492,0.11450000000000005
standard,1000,2.3623060244504677,0.11450000000000005
standard,1000,0.4303298825738748,0.11450000000000005
standard,1000,0.47594917514628876,0.11450000000000005
standard,1000,0.052719353335234635,0.11450000000000005
standard,1000,1.2960458595655664,0.11450000000000005
standard,1000,2.5196836943159804,0.11450000000000005
standard,1000,1.390215468945548,0.11450000000000005
standard,1000,0.443220959008034,0.11450000000000005
standard,1000,1.4152448267894755,0.11450000000000005
standard,1000,0.8871816223124872,0.11450000000000005
standard,1000,0.2839377662407136,0.11450000000000005
standard,1000,1.1868446659698055,0.11450000000000005
standard,1000,0.873626877129174,0.11450000000000005
standard,1000,0.2859395137550252,0.11450000000000005
standard,1000,1.5056712582118001,0.11450000000000005
standard,1000,0.9847211240951796,0.11450000000000005
standard,1000,1.3345896888759565,0.11450000000000005
standard,1000,0.7109428619745283,0.11450000000000005
standard,1000,1.275492490017962,0.11450000000000005
standard,1000,1.6625367607994659,0.11450000000000005
standard,1000,0.22900575672227402,0.11450000000000005
standard,1000,0.4289256747953419,0.11450000000000005
standard,1000,0.31974909989960826,0.11450000000000005
standard,1000,0.5970079785963573,0.11450000000000005
standard,1000,0.38316263066623885,0.11450000000000005
standard,1000,0.7733845091148083,0.11450000000000005
standard,1000,0.6605648042371403,0.11450000000000005
standard,1000,0.2917960420220877,0.11450000000000005
standard,1000,0.4494892463593447,0.11450000000000005
standard,1000,0.5309265294079953,0.11450000000000005
standard,1000,1.2714249985093822,0.11450000000000005
standard,1000,0.7983694236166946,0.11450000000000005
standard,1000,0.12589549249960957,0.11450000000000005
standard,1000,0.5626979265588388,0.11450000000000005
standard,1000,0.04649424719946283,0.11450000000000005
standard,1000,0.04280149861090816,0.11450000000000005
standard,1000,0.07572203678834047,0.11450000000000005
standard,1000,1.115136740400198,0.11450000000000005
standard,1000,0.6818669538099129,0.11450000000000005
standard,1000,1.5437533003001984,0.11450000000000005
standard,1000,0.12325576209272084,0.11450000000000005
standard,1000,0.3409544368894279,0.11450000000000005
standard,1000,1.3169239685124037,0.11450000000000005
standard,1000,0.6008239801620863,0.11450000000000005
standard,1000,1.5011931239660166,0.11450000000000005
standard,1000,0.3262904421762398,0.11450000000000005
standard,1000,1.1821722242046433,0.11450000000000005
standard,1000,1.7839938918681868,0.11450000000000005
standard,1000,1.8203052401516207,0.11450000000000005
standard,1000,0.6201822285515974,0.11450000000000005
standard,1000,0.4978525848738881,0.11450000000000005
standard,1000,2.0588326658274014,0.11450000000000005
standard,1000,0.6154664533155072,0.11450000000000005
standard,1000,0.8060482895189789,0.11450000000000005
standard,1000,0.4995905159934741,0.11450000000000005
standard,1000,0.5299911316286409,0.11450000000000005
standard,1000,0.7984678956173418,0.11450000000000005
standard,1000,1.4220354421130765,0.11450000000000005
standard,1000,0.7056907643516735,0.11450000000000005
standard,1000,0.3288773428115925,0.11450000000000005
standard,1000,1.1016902984466705,0.11450000000000005
standard,1000,1.9709683569711314,0.11450000000000005
standard,1000,0.039263658647670265,0.11450000000000005
standard,1000,1.417916176462225,0.11450000000000005
standard,1000,0.4487086558940757,0.11450000000000005
standard,1000,0.0015541370306217466,0.11450000000000005
standard,1000,0.5819203024924258,0.11450000000000005
standard,1000,0.49968689697229196,0.11450000000000005
standard,1000,0.5278760521825093,0.11450000000000005
standard,1000,1.2955943273356385,0.11450000000000005
standard,1000,0.3558401223103301,0.11450000000000005
standard,1000,1.6078247698191714,0.11450000000000005
standard,1000,0.5429699791605114,0.11450000000000005
standard,1000,0.053852559375825775,0.11450000000000005
standard,1000,0.17309055150565553,0.11450000000000005
standard,1000,0.12634829464580355,0.11450000000000005
standard,1000,0.021760158075100615,0.11450000000000005
standard,1000,0.18036692408456304,0.11450000000000005
standard,1000,0.08798040148056753,0.11450000000000005
standard,1000,0.005501124422195383,0.11450000000000005
standard,1000,0.006856523193868873,0.11450000000000005
standard,1000,0.009001263030032298,0.11450000000000005
standard,1000,0.013039498357212792,0.11450000000000005
standard,1000,0.20184964271548902,0.11450000000000005
standard,1000,1.138956783025267,0.11450000000000005
standard,1000,1.2540246914086992,0.11450000000000005
standard,1000,1.1153799701012808,0.11450000000000005
standard,1000,2.384538104400613,0.11450000000000005
standard,1000,1.5238694177711838,0.11450000000000005
standard,1000,0.6161696885185595,0.11450000000000005
standard,1000,1.0310155352546635,0.11450000000000005
standard,1000,1.6346979699326711,0.11450000000000005
standard,1000,0.9379836474560592,0.11450000000000005
standard,1000,0.8294392631756784,0.11450000000000005
standard,1000,0.5913314167795676,0.11450000000000005
standard,1000,0.2704634580822495,0.11450000000000005
standard,1000,0.6271259266397987,0.11450000000000005
standard,1000,0.02398117108577423,0.11450000000000005
standard,1000,0.24405803349386224,0.11450000000000005
standard,1000,1.7482496045665106,0.11450000000000005
standard,1000,0.5497827733692985,0.11450000000000005
standard,1000,1.780723788644881,0.11450000000000005
standard,1000,1.1337294433341865,0.11450000000000005
standard,1000,0.7789171188231188,0.11450000000000005
standard,1000,0.8168530591996371,0.11450000000000005
standard,1000,0.11588772483158553,0.11450000000000005
standard,1000,0.3181810579369239,0.11450000000000005
standard,1000,0.3060971006754275,0.11450000000000005
standard,1000,0.1448843456370399,0.11450000000000005
standard,1000,0.09009396346228382,0.11450000000000005
standard,1000,0.006905755097060731,0.11450000000000005
standard,1000,0.06212909191774978,0.11450000000000005
standard,1000,0.8509224616984512,0.11450000000000005
standard,1000,0.1744994580697832,0.11450000000000005
standard,1000,0.704023651228853,0.11450000000000005
standard,1000,2.5230069816625345,0.11450000000000005
standard,1000,0.129570002070701,0.11450000000000005
standard,1000,1.3634157341920667,0.11450000000000005
standard,1000,0.139620189607951,0.11450000000000005
standard,1000,0.03259504979032815,0.11450000000000005
standard,1000,0.8407745612548166,0.11450000000000005
standard,1000,1.222511875976039,0.11450000000000005
standard,1000,1.3804630540924765,0.11450000000000005
standard,1000,0.23390205728329186,0.11450000000000005
standard,1000,2.5688138638666818,0.11450000000000005
standard,1000,0.6418247673706112,0.11450000000000005
standard,1000,0.39781937395769507,0.11450000000000005
standard,1000,1.8336061988216599,0.11450000000000005
standard,1000,1.88832686223434,0.11450000000000005
standard,1000,3.7792065837234525,0.11450000000000005
standard,1000,0.5650756006635476,0.11450000000000005
standard,1000,0.011046653169754589,0.11450000000000005
standard,1000,0.48370982267402485,0.11450000000000005
standard,1000,0.019452810214291273,0.11450000000000005
standard,1000,3.680147351689098,0.11450000000000005
standard,1000,0.0922225001873825,0.11450000000000005
standard,1000,0.37646837317435805,0.11450000000000005
standard,1000,0.6735988290643191,0.11450000000000005
standard,1000,0.7478868935610861,0.11450000000000005
standard,1000,0.6379827720844398,0.11450000000000005
standard,1000,1.7685144389013598,0.11450000000000005
standard,1000,0.7761158955955213,0.11450000000000005
glaum,1000,0.039263658647670265,0.0
glaum,1000,1.417916176462225,0.0
glaum,1000,0.4487086558940757,0.0
glaum,1000,0.0015541370306217466,0.0
glaum,1000,0.5819203024924258,0.0
glaum,1000,0.49968689697229196,0.0
glaum,1000,0.5278760521825093,0.0
glaum,1000,1.2955943273356385,0.0
glaum,1000,0.3558401223103301,0.0
glaum,1000,1.6078247698191714,0.0
glaum,1000,0.5429699791605114,0.0
glaum,1000,0.053852559375825775,0.0
glaum,1000,0.17309055150565553,0.0
glaum,1000,0.12634829464580355,0.0
glaum,1000,0.021760158075100615,0.0
glaum,1000,0.18036692408456304,0.0
glaum,1000,0.08798040148056753,0.0
glaum,1000,0.005501124422195383,0.0
glaum,1000,0.006856523193868873,0.0
glaum,1000,0.009001263030032298,0.0
glaum,1000,0.013039498357212792,0.0
glaum,1000,0.20184964271548902,0.0
glaum,1000,1.138956783025267,0.0
glaum,1000,1.2540246914086992,0.0
glaum,1000,1.1153799701012808,0.0
glaum,1000,1.5238694177711838,0.0
glaum,1000,0.6161696885185595,0.0
glaum,1000,1.0310155352546635,0.0
glaum,1000,1.6346979699326711,0.0
glaum,1000,0.9379836474560592,0.0
glaum,1000,0.8294392631756784,0.0
glaum,1000,0.5913314167795676,0.0
glaum,1000,0.2704634580822495,0.0
glaum,1000,0.6271259266397987,0.0
glaum,1000,0.02398117108577423,0.0
glaum,1000,0.24405803349386224,0.0
glaum,1000,1.7482496045665106,0.0
glaum,1000,0.5497827733692985,0.0
glaum,1000,1.780723788644881,0.0
glaum,1000,1.1337294433341865,0.0
glaum,1000,0.7789171188231188,0.0
glaum,1000,0.8168530591996371,0.0
glaum,1000,0.11588772483158553,0.0
glaum,1000,0.3181810579369239,0.0
glaum,1000,0.3060971006754275,0.0
glaum,1000,0.1448843456370399,0.0
glaum,1000,0.09009396346228382,0.0
glaum,1000,0.006905755097060731,0.0
glaum,1000,0.06212909191774978,0.0
glaum,1000,0.8509224616984512,0.0
glaum,1000,0.1744994580697832,0.0
glaum,1000,0.704023651228853,0.0
glaum,1000,0.129570002070701,0.0
glaum,1000,1.3634157341920667,0.0
glaum,1000,0.139620189607951,0.0
glaum,1000,0.03259504979032815,0.0
glaum,1000,0.8407745612548166,0.0
glaum,1000,1.222511875976039,0.0
glaum,1000,1.3804630540924765,0.0
glaum,1000,0.23390205728329186,0.0
glaum,1000,2.5688138638666818,0.0
glaum,1000,0.6418247673706112,0.0
glaum,1000,0.39781937395769507,0.0
glaum,1000,1.8336061988216599,0.0
glaum,1000,1.88832686223434,0.0
glaum,1000,3.7792065837234525,0.0
glaum,1000,0.5650756006635476,0.0
glaum,1000,0.011046653169754589,0.0
glaum,1000,0.48370982267402485,0.0
glaum,1000,0.019452810214291273,0.0
glaum,1000,3.680147351689098,0.0
glaum,1000,0.0922225001873825,0.0
glaum,1000,0.37646837317435805,0.0
glaum,1000,0.6735988290643191,0.0
glaum,1000,0.7478868935610861,0.0
glaum,1000,0.6379827720844398,0.0
glaum,1000,1.7685144389013598,0.0
glaum,1000,0.7761158955955213,0.0
glaum,1000,0.3040735717901503,0.0
glaum,1000,0.10582116388845832,0.0
glaum,1000,0.7664279795519479,0.0
glaum,1000,1.1185352674578475,0.0
glaum,1000,2.078359868771556,0.0
glaum,1000,0.1969338549437576,0.0
glaum,1000,1.4061797555247377,0.0
glaum,1000,1.690314529975273,0.0
glaum,1000,1.2826523805616836,0.0
glaum,1000,0.0038230213022220167,0.0
glaum,1000,0.7844443711933466,0.0
glaum,1000,1.96767961228624,0.0
glaum,1000,0.4767878133401417,0.0
glaum,1000,0.6039111685827634,0.0
glaum,1000,1.2315814804550325,0.0
glaum,1000,0.4733345189286736,0.0
glaum,1000,1.8547776938524212,0.0
glaum,1000,0.20877130577669903,0.0
glaum,1000,0.4714796150499132,0.0
glaum,1000,1.6092160592146274,0.0
glaum,1000,0.564565159353198,0.0
glaum,1000,2.2470965677967643,0.0
glaum,1000,1.1919558610261378,0.0
glaum,1000,1.5602815929808964,0.0
glaum,1000,0.670890412990666,0.0
glaum,1000,0.7459655847276367,0.0
glaum,1000,1.457297434650458,0.0
glaum,1000,0.5708065240334697,0.0
glaum,1000,1.7228055132650053,0.0
glaum,1000,2.2570659985973536,0.0
glaum,1000,1.2409924740949967,0.0
glaum,1000,0.1877035682347649,0.0
glaum,1000,1.0480856388207191,0.0
glaum,1000,0.3477474379241487,0.0
glaum,1000,2.224658791756797,0.0
glaum,1000,1.8113600349957937,0.0
glaum,1000,1.0066190447943606,0.0
glaum,1000,0.7684724709209954,0.0
glaum,1000,1.2887328764422614,0.0
glaum,1000,1.3585023959409028,0.0
glaum,1000,1.6360549972654024,0.0
glaum,1000,1.1399866330064403,0.0
glaum,1000,0.22252639106384714,0.0
glaum,1000,0.7177809291104884,0.0
glaum,1000,0.4968812612084833,0.0
glaum,1000,0.6118177633890353,0.0
glaum,1000,0.0788280327826381,0.0
glaum,1000,0.504351384673827,0.0
glaum,1000,1.3661189825482123,0.0
glaum,1000,0.17753359674306163,0.0
glaum,1000,0.007138598720158741,0.0
glaum,1000,0.2581230911262277,0.0
glaum,1000,1.3676900763223712,0.0
glaum,1000,0.481515530987897,0.0
glaum,1000,1.4726789655785224,0.0
glaum,1000,0.22176988822429552,0.0
glaum,1000,1.4039910739033714,0.0
glaum,1000,1.502983620502734,0.0
glaum,1000,0.5803266104251296,0.0
glaum,1000,2.0986620991328504,0.0
glaum,1000,1.1767758923600078,0.0
glaum,1000,1.9333352970367834,0.0
glaum,1000,0.6208824016605448,0.0
glaum,1000,1.6623697453453639,0.0
glaum,1000,1.5193222923771526,0.0
glaum,1000,0.5662986258620889,0.0
glaum,1000,0.8089110873435897,0.0
glaum,1000,1.3047782009945015,0.0
glaum,1000,0.6770058986098725,0.0
glaum,1000,0.007575586179058723,0.0
glaum,1000,1.3389909632533827,0.0
glaum,1000,0.047529844001492495,0.0
glaum,1000,0.3187330447772354,0.0
glaum,1000,0.24454792855895052,0.0
glaum,1000,0.0053824415362041965,0.0
glaum,1000,0.2661258587352374,0.0
glaum,1000,0.13071661425785258,0.0
glaum,1000,0.15857840478770271,0.0
glaum,1000,1.1294972888166195,0.0
glaum,1000,0.006800699596620164,0.0
glaum,1000,1.0994315284347438,0.0
glaum,1000,1.0542546273604485,0.0
glaum,1000,0.5428864946305367,0.0
glaum,1000,1.1046972521378078,0.0
glaum,1000,0.1995723965234643,0.0
glaum,1000,0.3511495371242015,0.0
glaum,1000,0.00651317767378753,0.0
glaum,1000,1.4131525733128738,0.0
glaum,1000,1.3850802575860282,0.0
glaum,1000,1.4360945634174926,0.0
glaum,1000,1.108384274345374,0.0
glaum,1000,1.8973963321836307,0.0
glaum,1000,1.8051820571911552,0.0
glaum,1000,1.655708903957858,0.0
glaum,1000,1.824839655972084,0.0
glaum,1000,0.9718237843731256,0.0
glaum,1000,1.6967055751428533,0.0
glaum,1000,1.5526081099782993,0.0
glaum,1000,1.4400662163682976,0.0
glaum,1000,1.3287970511978153,0.0
glaum,1000,2.0703876770717455,0.0
glaum,1000,1.65420756082096,0.0
glaum,1000,0.5633187941781842,0.0
glaum,1000,0.36180614620219215,0.0
glaum,1000,0.5182846368460112,0.0
glaum,1000,1.1410187703786279,0.0
glaum,1000,1.358647796691967,0.0
glaum,1000,0.09617136569477519,0.0
glaum,1000,0.3529368860500937,0.0
glaum,1000,1.7435333591103295,0.0
glaum,1000,0.7001178876561762,0.0
glaum,1000,1.4446763449046895,0.0
glaum,1000,0.6547003952610518,0.0
glaum,1000,1.4096832388031861,0.0
glaum,1000,1.3706804955477174,0.0
glaum,1000,1.9451739292957284,0.0
glaum,1000,0.004452907520735426,0.0
glaum,1000,0.00018856383525308172,0.0
glaum,1000,0.005515746097889226,0.0
glaum,1000,0.0032028405713850467,0.0
glaum,1000,0.004120377553282128,0.0
glaum,1000,0.01790663915050082,0.0
glaum,1000,1.4041386532521518,0.0
glaum,1000,1.6675817064610514,0.0
glaum,1000,1.8113408454938857,0.0
glaum,1000,1.7145979197972578,0.0
glaum,1000,0.4702687766183733,0.0
glaum,1000,1.3826471328009657,0.0
glaum,1000,0.4171048075435402,0.0
glaum,1000,0.5236006261087498,0.0
glaum,1000,1.676265897140373,0.0
glaum,1000,1.3532380094513314,0.0
glaum,1000,1.210737074907423,0.0
glaum,1000,1.352761174661076,0.0
glaum,1000,1.9691803200962326,0.0
glaum,1000,1.9587889856104803,0.0
glaum,1000,0.008445491987875767,0.0
glaum,1000,1.5023040681678905,0.0
glaum,1000,1.5722052329781036,0.0
glaum,1000,1.521275361245838,0.0
glaum,1000,1.3375221114653355,0.0
glaum,1000,3.1916174900040577,0.0
glaum,1000,3.162601558660718,0.0
glaum,1000,0.005631983612200626,0.0
glaum,1000,2.0660299277163006,0.0
glaum,1000,0.004941438609018034,0.0
glaum,1000,1.8344436129973267,0.0
glaum,1000,0.006652620857194649,0.0
glaum,1000,1.248697721214587,0.0
glaum,1000,0.5995414951182834,0.0
glaum,1000,0.7891285864403739,0.0
glaum,1000,0.14789142942217134,0.0
glaum,1000,0.258442402699223,0.0
glaum,1000,1.1810416023777532,0.0
glaum,1000,1.616634200884604,0.0
glaum,1000,1.4340963698071696,0.0
glaum,1000,1.6221884797973745,0.0
glaum,1000,1.3571532495276866,0.0
glaum,1000,1.3295104365998833,0.0
glaum,1000,0.38905620185986156,0.0
glaum,1000,1.4488015942005492,0.0
glaum,1000,0.4303298825738748,0.0
glaum,1000,0.47594917514628876,0.0
glaum,1000,0.052719353335234635,0.0
glaum,1000,1.2960458595655664,0.0
glaum,1000,1.390215468945548,0.0
glaum,1000,0.443220959008034,0.0
glaum,1000,1.4152448267894755,0.0
glaum,1000,0.8871816223124872,0.0
glaum,1000,0.2839377662407136,0.0
glaum,1000,1.1868446659698055,0.0
glaum,1000,0.873626877129174,0.0
glaum,1000,0.2859395137550252,0.0
glaum,1000,1.5056712582118001,0.0
glaum,1000,0.9847211240951796,0.0
glaum,1000,1.3345896888759565,0.0
glaum,1000,0.7109428619745283,0.0
glaum,1000,1.275492490017962,0.0
glaum,1000,1.6625367607994659,0.0
glaum,1000,0.22900575672227402,0.0
glaum,1000,0.4289256747953419,0.0
glaum,1000,0.31974909989960826,0.0
glaum,1000,0.5970079785963573,0.0
glaum,1000,0.38316263066623885,0.0
glaum,1000,0.7733845091148083,0.0
glaum,1000,0.6605648042371403,0.0
glaum,1000,0.2917960420220877,0.0
glaum,1000,0.4494892463593447,0.0
glaum,1000,0.5309265294079953,0.0
glaum,1000,1.2714249985093822,0.0
glaum,1000,0.7983694236166946,0.0
glaum,1000,0.12589549249960957,0.0
glaum,1000,0.5626979265588388,0.0
glaum,1000,0.04649424719946283,0.0
glaum,1000,0.04280149861090816,0.0
glaum,1000,0.07572203678834047,0.0
glaum,1000,1.115136740400198,0.0
glaum,1000,0.6818669538099129,0.0
glaum,1000,1.5437533003001984,0.0
glaum,1000,0.12325576209272084,0.0
glaum,1000,0.3409544368894279,0.0
glaum,1000,1.3169239685124037,0.0
glaum,1000,0.6008239801620863,0.0
glaum,1000,1.5011931239660166,0.0
glaum,1000,0.3262904421762398,0.0
glaum,1000,1.1821722242046433,0.0
glaum,1000,1.7839938918681868,0.0
glaum,1000,1.8203052401516207,0.0
glaum,1000,0.6201822285515974,0.0
glaum,1000,0.4978525848738881,0.0
glaum,1000,2.0588326658274014,0.0
glaum,1000,0.6154664533155072,0.0
glaum,1000,0.8060482895189789,0.0
glaum,1000,0.4995905159934741,0.0
glaum,1000,0.5299911316286409,0.0
glaum,1000,0.7984678956173418,0.0
glaum,1000,1.4220354421130765,0.0
glaum,1000,0.7056907643516735,0.0
glaum,1000,0.3288773428115925,0.0
glaum,1000,1.1016902984466705,0.0
glaum,1000,1.9709683569711314,0.0
glaum,1000,2.0020545111121932,0.0
glaum,1000,0.38248359328842,0.1279732
glaum,1000,2.0283675621685395,0.0
glaum,1000,0.49463941949399487,0.1279732
glaum,1000,2.307249024151199,0.0
glaum,1000,0.561892953707584,0.1279732
glaum,1000,2.307638066448923,0.0
glaum,1000,0.3351231714022522,0.1279732
glaum,1000,1.7717022282297277,0.0
glaum,1000,1.4569793540940235,0.1279732
glaum,1000,2.0545403743611903,0.0
glaum,1000,0.8671719551858292,0.1279732
glaum,1000,1.945641073091831,0.0
glaum,1000,1.5332942126574036,0.1279732
glaum,1000,1.9194964934129803,0.0
glaum,1000,0.7593706939809018,0.1279732
glaum,1000,2.0712378527424233,0.0
glaum,1000,0.2582911328770548,0.1279732
glaum,1000,2.146915249573097,0.0
glaum,1000,0.8518312494307102,0.1279732
glaum,1000,1.6966084697507002,0.0
glaum,1000,1.8450009670522067,0.1279732
glaum,1000,1.8172190196128855,0.0
glaum,1000,1.280566001689704,0.1279732
glaum,1000,1.6748136658161092,0.0
glaum,1000,1.6140815302158775,0.1279732
glaum,1000,2.1484015684505966,0.0
glaum,1000,1.2565909409386606,0.1279732
glaum,1000,2.073695653320822,0.0
glaum,1000,1.034310217147376,0.1279732
glaum,1000,2.0849182006279556,0.0
glaum,1000,1.014654178508839,0.1279732
glaum,1000,1.959639715210455,0.0
glaum,1000,1.6300055391255284,0.1279732
glaum,1000,2.0837256317871575,0.0
glaum,1000,0.7208856625689879,0.1279732
glaum,1000,1.9959613641612461,0.0
glaum,1000,0.1800353673014108,0.1279732
glaum,1000,1.8865652087122409,0.0
glaum,1000,1.5678213255585665,0.1279732
glaum,1000,2.0223466360697713,0.0
glaum,1000,1.2812798805888133,0.1279732
glaum,1000,1.9305390671717158,0.0
glaum,1000,1.4036031429487998,0.1279732
glaum,1000,1.850898432995615,0.0
glaum,1000,0.711308035524017,0.1279732
glaum,1000,1.8813582185743638,0.0
glaum,1000,0.7175002866824165,0.1279732
glaum,1000,1.8920807491600773,0.0
glaum,1000,0.9517126001214617,0.1279732
glaum,1000,1.8840078647444154,0.0
glaum,1000,0.5500010289523549,0.1279732
glaum,1000,2.0106104825168516,0.0
glaum,1000,0.34772853839341106,0.1279732
glaum,1000,1.5645266588366664,0.0
glaum,1000,0.16440235191868888,0.1279732
glaum,1000,1.9668849971103828,0.0
glaum,1000,0.6583685693694963,0.1279732
glaum,1000,1.6209071865338598,0.0
glaum,1000,0.09126644814385075,0.1279732
glaum,1000,1.8148726261816677,0.0
glaum,1000,0.837747938930176,0.1279732
glaum,1000,1.9396066609010023,0.0
glaum,1000,0.8744100366994709,0.1279732
glaum,1000,1.7941831718297,0.0
glaum,1000,0.5482511152034238,0.1279732
glaum,1000,1.850577384040307,0.0
glaum,1000,0.9499378853121285,0.1279732
glaum,1000,2.076342034957117,0.0
glaum,1000,0.6178923204865818,0.1279732
glaum,1000,1.5288401455469678,0.0
glaum,1000,0.8896470714018738,0.1279732
glaum,1000,1.9138046239439022,0.0
glaum,1000,1.0322309711296933,0.1279732
glaum,1000,1.6137795991917168,0.0
glaum,1000,0.8333714783738607,0.1279732
glaum,1000,1.5694323206103804,0.0
glaum,1000,0.44381009848651537,0.1279732
glaum,1000,1.9380067355789374,0.0
glaum,1000,0.30679906687651176,0.1279732
glaum,1000,1.741980586443117,0.0
glaum,1000,0.3718058584194634,0.1279732
glaum,1000,1.7875421882304083,0.0
glaum,1000,0.6281897029578123,0.1279732
glaum,1000,1.732444802819458,0.0
glaum,1000,0.025043368552299845,0.1279732
glaum,1000,1.6996367472930853,0.0
glaum,1000,0.9475865358985157,0.1279732
glaum,1000,1.6213067035198225,0.0
glaum,1000,0.9854333428252552,0.1279732
glaum,1000,1.8812570349091329,0.0
glaum,1000,0.7635320391380408,0.1279732
glaum,1000,1.9074210593791254,0.0
glaum,1000,0.40570005375443907,0.1279732
glaum,1000,1.8149442756039313,0.0
glaum,1000,0.10340678264077886,0.1279732
glaum,1000,1.812463594945836,0.0
glaum,1000,0.4979321482989998,0.1279732
glaum,1000,1.8685478470602752,0.0
glaum,1000,0.46793401877824176,0.1279732
glaum,1000,2.132523676447072,0.0
glaum,1000,0.19881325958268203,0.1279732
glaum,1000,2.253917684083151,0.0
glaum,1000,0.2701604631449245,0.1279732
glaum,1000,1.777094168247405,0.0
glaum,1000,0.4999638330608209,0.1279732
glaum,1000,1.9546219928013038,0.0
glaum,1000,0.4053610305351339,0.1279732
glaum,1000,1.8443467628464727,0.0
glaum,1000,0.25437110324113593,0.1279732
glaum,1000,1.8720301105223087,0.0
glaum,1000,0.06632495531556792,0.1279732
glaum,1000,2.0176852248094987,0.0
glaum,1000,0.06326504283870733,0.1279732
glaum,1000,1.7380089263842857,0.0
glaum,1000,0.46367983131391416,0.1279732
glaum,1000,1.9437567988451923,0.0
glaum,1000,0.08651098300823885,0.1279732
glaum,1000,1.970085691241722,0.0
glaum,1000,0.006001821757388745,0.1279732
glaum,1000,2.290694937322791,0.0
glaum,1000,0.18369814688176486,0.1279732
glaum,1000,1.564217982937952,0.0
glaum,1000,0.21610464331426552,0.1279732
glaum,1000,1.9542528626961626,0.0
glaum,1000,0.20815849818936488,0.1279732
glaum,1000,1.6370555768341006,0.0
glaum,1000,1.3498787378460246,0.1279732
glaum,1000,2.066493742047639,0.0
glaum,1000,0.49120494675848614,0.1279732
glaum,1000,1.9052277689450456,0.0
glaum,1000,0.03445680586843497,0.1279732
glaum,1000,1.70883895507658,0.0
glaum,1000,1.2037971208758487,0.1279732
glaum,1000,1.6809554740466586,0.0
glaum,1000,0.9474762973967145,0.1279732
glaum,1000,1.8014848545556095,0.0
glaum,1000,0.12497432415873426,0.1279732
glaum,1000,1.8610099176418546,0.0
glaum,1000,0.7012797314304466,0.1279732
glaum,1000,1.8186754720316112,0.0
glaum,1000,0.8016014290851081,0.1279732
glaum,1000,1.7563225518473418,0.0
glaum,1000,0.5279100645917612,0.1279732
glaum,1000,2.000722639075933,0.0
glaum,1000,0.7840382115764718,0.1279732
glaum,1000,1.954012346887274,0.0
glaum,1000,1.5654946062060806,0.1279732
glaum,1000,1.5455509555508962,0.0
glaum,1000,0.6914439540334195,0.1279732
glaum,1000,2.003521361797089,0.0
glaum,1000,1.4081494264168384,0.1279732
glaum,1000,2.005437440450284,0.0
glaum,1000,0.5525759828226514,0.1279732
glaum,1000,2.082168285343574,0.0
glaum,1000,0.8425772047886588,0.1279732
glaum,1000,2.012971790345548,0.0
glaum,1000,1.1048038181169753,0.1279732
glaum,1000,1.8445510852838858,0.0
glaum,1000,1.5839958105800294,0.1279732
glaum,1000,1.9179419011120522,0.0
glaum,1000,1.1625345157085418,0.1279732
glaum,1000,1.9520719844577177,0.0
glaum,1000,1.2419195027756118,0.1279732
glaum,1000,1.8977733887272588,0.0
glaum,1000,1.2393457309449802,0.1279732
glaum,1000,2.1086696216046152,0.0
glaum,1000,1.1176383982768678,0.1279732
glaum,1000,2.0522682194291075,0.0
glaum,1000,1.5689068120794871,0.1279732
glaum,1000,1.7390156165229664,0.0
glaum,1000,1.784446987318775,0.1279732
glaum,1000,2.2753127435143847,0.0
glaum,1000,1.4268595031027458,0.1279732
glaum,1000,1.8214901561952341,0.0
glaum,1000,1.7059086452112548,0.1279732
glaum,1000,2.4430051172311744,0.0
glaum,1000,1.6004956133566193,0.1279732
glaum,1000,1.9656691153294197,0.0
glaum,1000,1.109788471730143,0.1279732
glaum,1000,2.3453967331296792,0.0
glaum,1000,1.4130798429057636,0.1279732
glaum,1000,2.2767561603869315,0.0
glaum,1000,0.8859188584390237,0.1279732
glaum,1000,1.8347361619166196,0.0
glaum,1000,1.592836798017218,0.1279732
glaum,1000,2.1709533299434867,0.0
glaum,1000,1.556059590117124,0.1279732
glaum,1000,2.4813119907977543,0.0
glaum,1000,1.1074133849470993,0.1279732
glaum,1000,2.2006904957196185,0.0
glaum,1000,1.273294339892914,0.1279732
glaum,1000,1.6740673649099254,0.0
glaum,1000,1.5703307848549308,0.1279732
glaum,1000,2.0242983628308675,0.0
glaum,1000,1.2498788369200737,0.1279732
glaum,1000,2.6286291822143144,0.0
glaum,1000,1.1644278044935705,0.1279732
glaum,1000,2.2805226704476436,0.0
glaum,1000,1.4674677593600338,0.1279732
glaum,1000,2.0872519405599093,0.0
glaum,1000,1.3958397367677016,0.1279732
glaum,1000,1.9394686374048182,0.0
glaum,1000,1.419449070162754,0.1279732
glaum,1000,1.7767790381310136,0.0
glaum,1000,1.8559008042119858,0.1279732
glaum,1000,1.990707955398418,0.0
glaum,1000,1.3284099712816853,0.1279732
glaum,1000,2.1563835170990733,0.0
glaum,1000,1.2991744525666953,0.1279732
glaum,1000,2.1779348303518717,0.0
glaum,1000,1.1193946899832983,0.1279732
glaum,1000,2.283692030894284,0.0
glaum,1000,1.5567649473287093,0.1279732
glaum,1000,2.250014296231237,0.0
glaum,1000,0.99602564823828,0.1279732
glaum,1000,2.175104513795146,0.0
glaum,1000,1.4179276166935526,0.1279732
glaum,1000,2.4633064689408912,0.0
glaum,1000,0.058949111644601065,0.1279732
glaum,1000,1.6528810390485067,0.0
glaum,1000,1.4548917359958562,0.1279732
glaum,1000,2.005919057971451,0.0
glaum,1000,1.7025346972707331,0.1279732
glaum,1000,2.01246290846349,0.0
glaum,1000,1.502841180909718,0.1279732
glaum,1000,2.542213282124142,0.0
glaum,1000,0.7233676769853504,0.1279732
glaum,1000,1.922021170898235,0.0
glaum,1000,1.707902500398773,0.1279732
glaum,1000,2.4052219794264276,0.0
glaum,1000,1.1969646983160847,0.1279732
glaum,1000,2.1086765498653706,0.0
glaum,1000,1.180130892711712,0.1279732
glaum,1000,1.9102291427473646,0.0
glaum,1000,1.781142967223788,0.1279732
glaum,1000,2.129798373621415,0.0
glaum,1000,1.3413262110098625,0.1279732
glaum,1000,1.76123782040046,0.0
glaum,1000,1.5076864548628754,0.1279732
glaum,1000,2.3473641864071637,0.0
glaum,1000,0.8842711895299962,0.1279732
glaum,1000,2.2743623557674777,0.0
glaum,1000,0.8375083939865738,0.1279732
glaum,1000,2.1680253147923945,0.0
glaum,1000,1.6067540974276784,0.1279732
glaum,1000,2.2021600182643963,0.0
glaum,1000,1.2030397983348375,0.1279732
glaum,1000,2.0793251766830942,0.0
glaum,1000,1.6232879480316995,0.1279732
glaum,1000,1.8541709130213821,0.0
glaum,1000,2.0355087266149092,0.1279732
glaum,1000,2.038483134960535,0.0
glaum,1000,1.4196456536799145,0.1279732
glaum,1000,2.0731154569860593,0.0
glaum,1000,1.7932273872673141,0.1279732
glaum,1000,1.9351800834401687,0.0
glaum,1000,1.2704172391108657,0.1279732
glaum,1000,2.40312076516514,0.0
glaum,1000,0.8585095548029381,0.1279732
glaum,1000,2.081788655491568,0.0
glaum,1000,1.284700065144533,0.1279732
glaum,1000,2.566966768472453,0.0
glaum,1000,0.9412694618365463,0.1279732
glaum,1000,2.553616397702018,0.0
glaum,1000,0.48311980692278955,0.1279732
glaum,1000,2.0516311640026825,0.0
glaum,1000,1.8506875025707141,0.1279732
glaum,1000,1.9259022244389155,0.0
glaum,1000,1.7505419863443117,0.1279732
glaum,1000,1.624763622028636,0.0
glaum,1000,1.5819248862907263,0.1279732
glaum,1000,2.3621739754505056,0.0
glaum,1000,1.4319542227723303,0.1279732
glaum,1000,2.3811323809018825,0.0
glaum,1000,0.9504165829528382,0.1279732
glaum,1000,1.8034109744279234,0.0
glaum,1000,1.676419297568765,0.1279732
glaum,1000,1.7871502030324766,0.0
glaum,1000,1.7120443497141327,0.1279732
glaum,1000,2.3017173694796393,0.0
glaum,1000,1.6408161769827543,0.1279732
glaum,1000,2.029408571353759,0.0
glaum,1000,1.4795015733712527,0.1279732
glaum,1000,1.923121735179932,0.0
glaum,1000,1.5481367691893233,0.1279732
glaum,1000,2.2612554131296485,0.0
glaum,1000,1.2745821123571295,0.1279732
glaum,1000,2.083758420286442,0.0
glaum,1000,1.6776049133644308,0.1279732
glaum,1000,2.316853982854964,0.0
glaum,1000,1.1546542305036593,0.1279732
glaum,1000,1.8091401918544419,0.0
glaum,1000,2.085522267476488,0.1279732
glaum,1000,2.3394723897303837,0.0
glaum,1000,0.9781883689027308,0.1279732
glaum,1000,1.9033802035420166,0.0
glaum,1000,1.0733364992519707,0.1279732
glaum,1000,1.9600022019954042,0.0
glaum,1000,1.7767284832121162,0.1279732
glaum,1000,1.8095323637305734,0.0
glaum,1000,1.9387321225819025,0.1279732
glaum,1000,1.7862713856694976,0.0
glaum,1000,1.7633055385790555,0.1279732
glaum,1000,2.6665659239001323,0.0
glaum,1000,0.20630754782284122,0.1279732
glaum,1000,1.921899406469319,0.0
glaum,1000,1.770852482320834,0.1279732
glaum,1000,1.8790398150543253,0.0
glaum,1000,1.5114645071204758,0.1279732
glaum,1000,1.7303867752457514,0.0
glaum,1000,2.1970534652150238,0.1279732
glaum,1000,2.1986518219867595,0.0
glaum,1000,1.070314072649094,0.1279732
glaum,1000,2.281850840105812,0.0
glaum,1000,1.3623918371611248,0.1279732
glaum,1000,1.8286631665788382,0.0
glaum,1000,1.8304887657930486,0.1279732
glaum,1000,2.052172027805232,0.0
glaum,1000,0.7170456505713015,0.1279732
glaum,1000,2.028134568835743,0.0
glaum,1000,1.5381612251860002,0.1279732
glaum,1000,1.8957996928002698,0.0
glaum,1000,1.7105386935078424,0.1279732
glaum,1000,1.8615563769861767,0.0
glaum,1000,0.6993093136879115,0.1279732
glaum,1000,1.7760159305155352,0.0
glaum,1000,1.9506605096326646,0.1279732
glaum,1000,1.7594048114738734,0.0
glaum,1000,1.7082920153292838,0.1279732
glaum,1000,2.209342467760543,0.0
glaum,1000,1.6570369259653526,0.1279732
glaum,1000,1.84134521967468,0.0
glaum,1000,1.6229587625704356,0.1279732
glaum,1000,1.6829320028371064,0.0
glaum,1000,2.0078578516787804,0.1279732
glaum,1000,2.1271543213519637,0.0
glaum,1000,1.6395005625898187,0.1279732
glaum,1000,2.1787034338069193,0.0
glaum,1000,1.1741898429428397,0.1279732
glaum,1000,2.0425919951370917,0.0
glaum,1000,1.4287881206624744,0.1279732
glaum,1000,1.8524299369722994,0.0
glaum,1000,1.4154370818410609,0.1279732
glaum,1000,1.7904518900315192,0.0
glaum,1000,1.3991822107707754,0.1279732
glaum,1000,1.5819534022745645,0.0
glaum,1000,2.204611288755254,0.1279732
glaum,1000,2.1483124970177574,0.0
glaum,1000,1.5111766424682833,0.1279732
glaum,1000,2.222374277123651,0.0
glaum,1000,0.9133859165522585,0.1279732
glaum,1000,2.131871785857506,0.0
glaum,1000,1.16200532363999,0.1279732
glaum,1000,1.702243784941788,0.0
glaum,1000,2.0109086364012283,0.1279732
glaum,1000,1.8431574315883916,0.0
glaum,1000,1.7809279755340346,0.1279732
glaum,1000,2.08361619805834,0.0
glaum,1000,1.2936931846199422,0.1279732
glaum,1000,2.6090283311683735,0.0
glaum,1000,0.8749937652009024,0.1279732
glaum,1000,2.1814630059710343,0.0
glaum,1000,1.413177093822276,0.1279732
glaum,1000,2.2895454485248248,0.0
glaum,1000,1.1927812742772432,0.1279732
glaum,1000,2.292288184021525,0.0
glaum,1000,1.165681032906089,0.1279732
glaum,1000,2.2618291276553784,0.0
glaum,1000,1.212107788226933,0.1279732
glaum,1000,1.823783412845339,0.0
glaum,1000,2.008938109552005,0.1279732
glaum,1000,2.930625663780048,0.0
glaum,1000,0.2953582447734875,0.1279732
glaum,1000,2.157848669007456,0.0
glaum,1000,1.5559718857172948,0.1279732
glaum,1000,2.0861228747014806,0.0
glaum,1000,0.14534563861719324,0.1279732
glaum,1000,2.4725982937609605,0.0
glaum,1000,1.210215880016758,0.1279732
glaum,1000,1.9006634539632925,0.0
glaum,1000,1.491438022687578,0.1279732
glaum,1000,2.2913865556774367,0.0
glaum,1000,1.192588478261706,0.1279732
glaum,1000,2.0170740436586545,0.0
glaum,1000,1.5275510142890627,0.1279732
glaum,1000,2.549195699349811,0.0
glaum,1000,0.8779649718752652,0.1279732
glaum,1000,1.7719201336932937,0.0
glaum,1000,1.727018528301711,0.1279732
glaum,1000,2.169098486536789,0.0
glaum,1000,1.1273641123069977,0.1279732
glaum,1000,2.153457152278558,0.0
glaum,1000,1.4643668606733107,0.1279732
glaum,1000,2.319704310315367,0.0
glaum,1000,0.21036310171264505,0.1279732
glaum,1000,2.619426631940403,0.0
glaum,1000,0.8346738918722262,0.1279732
glaum,1000,1.8471527305327269,0.0
glaum,1000,1.0865464072160969,0.1279732
glaum,1000,1.5991747657639033,0.0
glaum,1000,1.5208992007520827,0.1279732
glaum,1000,1.8773993452258717,0.0
glaum,1000,1.7712443444856285,0.1279732
glaum,1000,1.493096599249506,0.0
glaum,1000,0.8432652751588651,0.1279732
glaum,1000,2.0723018491749357,0.0
glaum,1000,1.4911263288514018,0.1279732
glaum,1000,1.7552680983239046,0.0
glaum,1000,0.7479771037503151,0.1279732
glaum,1000,1.8580516197274128,0.0
glaum,1000,1.7969124564527894,0.1279732
glaum,1000,2.577979287066727,0.0
glaum,1000,0.9183016210393667,0.1279732
glaum,1000,2.0642677639979214,0.0
glaum,1000,1.4691372981596404,0.1279732
glaum,1000,2.230204529116487,0.0
glaum,1000,1.2043161751347542,0.1279732
glaum,1000,1.7580185301210003,0.0
glaum,1000,1.3623640842271338,0.1279732
glaum,1000,2.0926429541850524,0.0
glaum,1000,1.6933706873949863,0.1279732
glaum,1000,2.0338648071832246,0.0
glaum,1000,0.8802372280679942,0.1279732
glaum,1000,2.080461563380399,0.0
glaum,1000,1.3598346251312383,0.1279732
glaum,1000,1.7381711621674507,0.0
glaum,1000,1.8421743637856198,0.1279732
glaum,1000,1.662059741472273,0.0
glaum,1000,1.2138896535154364,0.1279732
glaum,1000,2.336306823864912,0.0
glaum,1000,1.3366856218352616,0.1279732
glaum,1000,1.9088882420623772,0.0
glaum,1000,1.7712868079445176,0.1279732
glaum,1000,1.9799616996833693,0.0
glaum,1000,1.589248689362866,0.1279732
glaum,1000,2.042075123591509,0.0
glaum,1000,1.6503154149216173,0.1279732
glaum,1000,2.0726381366126727,0.0
glaum,1000,1.3573468902050125,0.1279732
glaum,1000,1.6612049534710778,0.0
glaum,1000,1.671223910328892,0.1279732
glaum,1000,1.686397626963406,0.0
glaum,1000,0.9651688727905208,0.1279732
glaum,1000,1.7329579042707357,0.0
glaum,1000,1.9750783206837805,0.1279732
glaum,1000,1.6948057397629042,0.0
glaum,1000,1.5821935628671528,0.1279732
glaum,1000,2.288302392614826,0.0
glaum,1000,1.077839077773277,0.1279732
glaum,1000,1.8308828661355145,0.0
glaum,1000,1.2292941607337486,0.1279732
glaum,1000,2.3258869070847106,0.0
glaum,1000,0.8828411812238197,0.1279732
glaum,1000,1.6611623107393907,0.0
glaum,1000,1.796817013909492,0.1279732
glaum,1000,1.631104251637658,0.0
glaum,1000,1.9209973074837423,0.1279732
glaum,1000,1.8573284290088237,0.0
glaum,1000,1.5319340515623991,0.1279732
glaum,1000,1.9772264374642559,0.0
glaum,1000,1.7601420181026326,0.1279732
glaum,1000,2.2786223245961597,0.0
glaum,1000,0.9714643582358292,0.1279732
glaum,1000,1.824323414854467,0.0
glaum,1000,1.5985148940652414,0.1279732
glaum,1000,1.9790496352482068,0.0
glaum,1000,0.92714605131526,0.1279732
glaum,1000,1.6366874829998876,0.0
glaum,1000,1.449139269107461,0.1279732
glaum,1000,1.6097813834830985,0.0
glaum,1000,2.131462938101576,0.1279732
glaum,1000,1.6521418071379754,0.0
glaum,1000,1.4774404436139605,0.1279732
glaum,1000,1.6617922526300177,0.0
glaum,1000,1.5947566406039895,0.1279732
glaum,1000,1.706000729868947,0.0
glaum,1000,1.833536157152488,0.1279732
glaum,1000,2.5914294308028385,0.0
glaum,1000,0.8363334499245519,0.1279732
glaum,1000,1.8677029701471068,0.0
glaum,1000,1.8279990187623252,0.1279732
glaum,1000,1.9586738439100617,0.0
glaum,1000,0.9266807356703487,0.1279732
glaum,1000,1.6297082283609723,0.0
glaum,1000,1.4906968408294732,0.1279732
glaum,1000,2.1949636920514193,0.0
glaum,1000,0.9967907874835953,0.1279732
glaum,1000,1.6818101329080895,0.0
glaum,1000,1.723573537655487,0.1279732
glaum,1000,1.7402680405281283,0.0
glaum,1000,1.6141053632670885,0.1279732
glaum,1000,1.561518284602883,0.0
glaum,1000,1.2796939883349456,0.1279732
glaum,1000,1.8838453367290569,0.0
glaum,1000,1.496915951918779,0.1279732
glaum,1000,1.3612145632074546,0.0
glaum,1000,0.9457740739312709,0.1279732
glaum,1000,1.7514510752637034,0.0
glaum,1000,1.2073428035909122,0.1279732
glaum,1000,2.2194746932616716,0.0
glaum,1000,0.6121439882735448,0.1279732
glaum,1000,1.7119893577592011,0.0
glaum,1000,1.2647062689599335,0.1279732
glaum,1000,1.6199578616211299,0.0
glaum,1000,0.7178688540353345,0.1279732
glaum,1000,1.8232218918476137,0.0
glaum,1000,0.7586835770547669,0.1279732
glaum,1000,1.7479675886645576,0.0
glaum,1000,0.13325736517348283,0.1279732
glaum,1000,1.7792015521411924,0.0
glaum,1000,0.3456316447803901,0.1279732
glaum,1000,2.2230529723438845,0.0
glaum,1000,0.6659465422536653,0.1279732
glaum,1000,1.70862814949509,0.0
glaum,1000,0.1354841823288766,0.1279732
glaum,1000,2.053430687079279,0.0
glaum,1000,0.3088753373711889,0.1279732
glaum,1000,2.4782236474723525,0.0
glaum,1000,0.04146004684362789,0.1279732
new_more,1000,0.0038230213022220167,0.11144776173520789
new_more,1000,0.007138598720158741,0.11144776173520789
new_more,1000,0.007575586179058723,0.11144776173520789
new_more,1000,0.0053824415362041965,0.11144776173520789
new_more,1000,0.006800699596620164,0.11144776173520789
new_more,1000,0.00651317767378753,0.11144776173520789
new_more,1000,0.0015541370306217466,0.11144776173520789
new_more,1000,0.021760158075100615,0.11144776173520789
new_more,1000,0.005501124422195383,0.11144776173520789
new_more,1000,0.006856523193868873,0.11144776173520789
new_more,1000,0.009001263030032298,0.11144776173520789
new_more,1000,0.013039498357212792,0.11144776173520789
new_more,1000,0.02398117108577423,0.11144776173520789
new_more,1000,0.006905755097060731,0.11144776173520789
new_more,1000,0.03259504979032815,0.11144776173520789
new_more,1000,0.011046653169754589,0.11144776173520789
new_more,1000,0.019452810214291273,0.11144776173520789
new_more,1000,0.004452907520735426,0.11144776173520789
new_more,1000,0.00018856383525308172,0.11144776173520789
new_more,1000,0.005515746097889226,0.11144776173520789
new_more,1000,0.0032028405713850467,0.11144776173520789
new_more,1000,0.004120377553282128,0.11144776173520789
new_more,1000,0.01790663915050082,0.11144776173520789
new_more,1000,0.008445491987875767,0.11144776173520789
new_more,1000,0.005631983612200626,0.11144776173520789
new_more,1000,0.004941438609018034,0.11144776173520789
new_more,1000,0.006652620857194649,0.11144776173520789
new_more,1000,0.0370257,0.11144776173520789
new_more,1000,0.2670478717901503,0.1536796798077802
new_more,1000,0.0370257,0.11144776173520789
new_more,1000,0.06879546388845832,0.1536796798077802
new_more,1000,0.0370257,0.11144776173520789
new_more,1000,0.7294022795519478,0.1536796798077802
new_more,1000,0.0370257,0.11144776173520789
new_more,1000,0.1599081549437576,0.1536796798077802
new_more,1000,0.0370257,0.11144776173520789
new_more,1000,0.7474186711933467,0.1536796798077802
new_more,1000,0.0370257,0.11144776173520789
new_more,1000,0.4397621133401417,0.1536796798077802
new_more,1000,0.0370257,0.11144776173520789
new_more,1000,0.5668854685827633,0.1536796798077802
new_more,1000,0.0370257,0.11144776173520789
new_more,1000,0.4363088189286736,0.1536796798077802
new_more,1000,0.0370257,0.11144776173520789
new_more,1000,0.171745605776699,0.1536796798077802
new_more,1000,0.0370257,0.11144776173520789
new_more,1000,0.43445391504991326,0.1536796798077802
new_more,1000,0.0370257,0.11144776173520789
new_more,1000,0.527539459353198,0.1536796798077802
new_more,1000,0.0370257,0.11144776173520789
new_more,1000,0.6338647129906659,0.1536796798077802
new_more,1000,0.0370257,0.11144776173520789
new_more,1000,0.7089398847276367,0.1536796798077802
new_more,1000,0.0370257,0.11144776173520789
new_more,1000,0.5337808240334697,0.1536796798077802
new_more,1000,0.0370257,0.11144776173520789
new_more,1000,0.15067786823476487,0.1536796798077802
new_more,1000,0.0370257,0.11144776173520789
new_more,1000,0.3107217379241487,0.1536796798077802
new_more,1000,0.0370257,0.11144776173520789
new_more,1000,0.7314467709209953,0.1536796798077802
new_more,1000,0.0370257,0.11144776173520789
new_more,1000,0.18550069106384712,0.1536796798077802
new_more,1000,0.0370257,0.11144776173520789
new_more,1000,0.6807552291104884,0.1536796798077802
new_more,1000,0.0370257,0.11144776173520789
new_more,1000,0.45985556120848325,0.1536796798077802
new_more,1000,0.0370257,0.11144776173520789
new_more,1000,0.5747920633890353,0.1536796798077802
new_more,1000,0.0370257,0.11144776173520789
new_more,1000,0.04180233278263809,0.1536796798077802
new_more,1000,0.0370257,0.11144776173520789
new_more,1000,0.467325684673827,0.1536796798077802
new_more,1000,0.0370257,0.11144776173520789
new_more,1000,0.14050789674306163,0.1536796798077802
new_more,1000,0.0370257,0.11144776173520789
new_more,1000,0.22109739112622767,0.1536796798077802
new_more,1000,0.0370257,0.11144776173520789
new_more,1000,0.444489830987897,0.1536796798077802
new_more,1000,0.0370257,0.11144776173520789
new_more,1000,0.18474418822429553,0.1536796798077802
new_more,1000,0.0370257,0.11144776173520789
new_more,1000,0.5433009104251295,0.1536796798077802
new_more,1000,0.0370257,0.11144776173520789
new_more,1000,0.5838567016605448,0.1536796798077802
new_more,1000,0.0370257,0.11144776173520789
new_more,1000,0.529272925862089,0.1536796798077802
new_more,1000,0.0370257,0.11144776173520789
new_more,1000,0.7718853873435898,0.1536796798077802
new_more,1000,0.0370257,0.11144776173520789
new_more,1000,0.6399801986098724,0.1536796798077802
new_more,1000,0.0370257,0.11144776173520789
new_more,1000,0.010504144001492497,0.1536796798077802
new_more,1000,0.0370257,0.11144776173520789
new_more,1000,0.2817073447772354,0.1536796798077802
new_more,1000,0.0370257,0.11144776173520789
new_more,1000,0.20752222855895053,0.1536796798077802
new_more,1000,0.0370257,0.11144776173520789
new_more,1000,0.2291001587352374,0.1536796798077802
new_more,1000,0.0370257,0.11144776173520789
new_more,1000,0.09369091425785257,0.1536796798077802
new_more,1000,0.0370257,0.11144776173520789
new_more,1000,0.12155270478770272,0.1536796798077802
new_more,1000,0.0370257,0.11144776173520789
new_more,1000,0.5058607946305368,0.1536796798077802
new_more,1000,0.0370257,0.11144776173520789
new_more,1000,0.1625466965234643,0.1536796798077802
new_more,1000,0.0370257,0.11144776173520789
new_more,1000,0.3141238371242015,0.1536796798077802
new_more,1000,0.0370257,0.11144776173520789
new_more,1000,0.5262930941781843,0.1536796798077802
new_more,1000,0.0370257,0.11144776173520789
new_more,1000,0.32478044620219215,0.1536796798077802
new_more,1000,0.0370257,0.11144776173520789
new_more,1000,0.4812589368460113,0.1536796798077802
new_more,1000,0.0370257,0.11144776173520789
new_more,1000,0.05914566569477519,0.1536796798077802
new_more,1000,0.0370257,0.11144776173520789
new_more,1000,0.3159111860500938,0.1536796798077802
new_more,1000,0.0370257,0.11144776173520789
new_more,1000,0.6630921876561763,0.1536796798077802
new_more,1000,0.0370257,0.11144776173520789
new_more,1000,0.6176746952610518,0.1536796798077802
new_more,1000,0.037025699999999995,0.11144776173520789
new_more,1000,0.0022379586476702702,0.1536796798077802
new_more,1000,0.0370257,0.11144776173520789
new_more,1000,0.4116829558940757,0.1536796798077802
new_more,1000,0.0370257,0.11144776173520789
new_more,1000,0.5448946024924257,0.1536796798077802
new_more,1000,0.0370257,0.11144776173520789
new_more,1000,0.4626611969722919,0.1536796798077802
new_more,1000,0.0370257,0.11144776173520789
new_more,1000,0.4908503521825093,0.1536796798077802
new_more,1000,0.03702570000000001,0.11144776173520789
new_more,1000,0.3188144223103301,0.1536796798077802
new_more,1000,0.0370257,0.11144776173520789
new_more,1000,0.5059442791605114,0.1536796798077802
new_more,1000,0.0370257,0.11144776173520789
new_more,1000,0.01682685937582577,0.1536796798077802
new_more,1000,0.0370257,0.11144776173520789
new_more,1000,0.13606485150565553,0.1536796798077802
new_more,1000,0.03702570000000001,0.11144776173520789
new_more,1000,0.08932259464580354,0.1536796798077802
new_more,1000,0.0370257,0.11144776173520789
new_more,1000,0.14334122408456304,0.1536796798077802
new_more,1000,0.0370257,0.11144776173520789
new_more,1000,0.05095470148056752,0.1536796798077802
new_more,1000,0.0370257,0.11144776173520789
new_more,1000,0.16482394271548903,0.1536796798077802
new_more,1000,0.0370257,0.11144776173520789
new_more,1000,0.5791439885185595,0.1536796798077802
new_more,1000,0.0370257,0.11144776173520789
new_more,1000,0.5543057167795676,0.1536796798077802
new_more,1000,0.0370257,0.11144776173520789
new_more,1000,0.23343775808224948,0.1536796798077802
new_more,1000,0.0370257,0.11144776173520789
new_more,1000,0.5901002266397987,0.1536796798077802
new_more,1000,0.0370257,0.11144776173520789
new_more,1000,0.20703233349386224,0.1536796798077802
new_more,1000,0.0370257,0.11144776173520789
new_more,1000,0.5127570733692985,0.1536796798077802
new_more,1000,0.0370257,0.11144776173520789
new_more,1000,0.7418914188231187,0.1536796798077802
new_more,1000,0.0370257,0.11144776173520789
new_more,1000,0.7798273591996372,0.1536796798077802
new_more,1000,0.0370257,0.11144776173520789
new_more,1000,0.07886202483158555,0.1536796798077802
new_more,1000,0.0370257,0.11144776173520789
new_more,1000,0.2811553579369239,0.1536796798077802
new_more,1000,0.0370257,0.11144776173520789
new_more,1000,0.2690714006754275,0.1536796798077802
new_more,1000,0.0370257,0.11144776173520789
new_more,1000,0.10785864563703987,0.1536796798077802
new_more,1000,0.0370257,0.11144776173520789
new_more,1000,0.05306826346228383,0.1536796798077802
new_more,1000,0.0370257,0.11144776173520789
new_more,1000,0.02510339191774978,0.1536796798077802
new_more,1000,0.0370257,0.11144776173520789
new_more,1000,0.1374737580697832,0.1536796798077802
new_more,1000,0.0370257,0.11144776173520789
new_more,1000,0.6669979512288531,0.1536796798077802
new_more,1000,0.0370257,0.11144776173520789
new_more,1000,0.09254430207070098,0.1536796798077802
new_more,1000,0.0370257,0.11144776173520789
new_more,1000,0.102594489607951,0.1536796798077802
new_more,1000,0.0370257,0.11144776173520789
new_more,1000,0.1968763572832919,0.1536796798077802
new_more,1000,0.0370257,0.11144776173520789
new_more,1000,0.6047990673706113,0.1536796798077802
new_more,1000,0.0370257,0.11144776173520789
new_more,1000,0.360793673957695,0.1536796798077802
new_more,1000,0.0370257,0.11144776173520789
new_more,1000,0.5280499006635475,0.1536796798077802
new_more,1000,0.0370257,0.11144776173520789
new_more,1000,0.44668412267402485,0.1536796798077802
new_more,1000,0.0370257,0.11144776173520789
new_more,1000,0.0551968001873825,0.1536796798077802
new_more,1000,0.0370257,0.11144776173520789
new_more,1000,0.33944267317435806,0.1536796798077802
new_more,1000,0.0370257,0.11144776173520789
new_more,1000,0.6365731290643192,0.1536796798077802
new_more,1000,0.0370257,0.11144776173520789
new_more,1000,0.710861193561086,0.1536796798077802
new_more,1000,0.0370257,0.11144776173520789
new_more,1000,0.6009570720844398,0.1536796798077802
new_more,1000,0.0370257,0.11144776173520789
new_more,1000,0.7390901955955212,0.1536796798077802
new_more,1000,0.0370257,0.11144776173520789
new_more,1000,0.4332430766183733,0.1536796798077802
new_more,1000,0.0370257,0.11144776173520789
new_more,1000,0.3800791075435402,0.1536796798077802
new_more,1000,0.0370257,0.11144776173520789
new_more,1000,0.48657492610874975,0.1536796798077802
new_more,1000,0.0370257,0.11144776173520789
new_more,1000,0.5625157951182833,0.1536796798077802
new_more,1000,0.0370257,0.11144776173520789
new_more,1000,0.7521028864403739,0.1536796798077802
new_more,1000,0.0370257,0.11144776173520789
new_more,1000,0.11086572942217134,0.1536796798077802
new_more,1000,0.0370257,0.11144776173520789
new_more,1000,0.22141670269922295,0.1536796798077802
new_more,1000,0.0370257,0.11144776173520789
new_more,1000,0.35203050185986157,0.1536796798077802
new_more,1000,0.0370257,0.11144776173520789
new_more,1000,0.3933041825738748,0.1536796798077802
new_more,1000,0.0370257,0.11144776173520789
new_more,1000,0.4389234751462887,0.1536796798077802
new_more,1000,0.0370257,0.11144776173520789
new_more,1000,0.01569365333523463,0.1536796798077802
new_more,1000,0.0370257,0.11144776173520789
new_more,1000,0.40619525900803394,0.1536796798077802
new_more,1000,0.037025699999999995,0.11144776173520789
new_more,1000,0.24691206624071357,0.1536796798077802
new_more,1000,0.0370257,0.11144776173520789
new_more,1000,0.2489138137550252,0.1536796798077802
new_more,1000,0.0370257,0.11144776173520789
new_more,1000,0.6739171619745282,0.1536796798077802
new_more,1000,0.0370257,0.11144776173520789
new_more,1000,0.19198005672227403,0.1536796798077802
new_more,1000,0.0370257,0.11144776173520789
new_more,1000,0.39189997479534183,0.1536796798077802
new_more,1000,0.0370257,0.11144776173520789
new_more,1000,0.28272339989960826,0.1536796798077802
new_more,1000,0.0370257,0.11144776173520789
new_more,1000,0.5599822785963574,0.1536796798077802
new_more,1000,0.0370257,0.11144776173520789
new_more,1000,0.3461369306662388,0.1536796798077802
new_more,1000,0.0370257,0.11144776173520789
new_more,1000,0.7363588091148083,0.1536796798077802
new_more,1000,0.0370257,0.11144776173520789
new_more,1000,0.6235391042371403,0.1536796798077802
new_more,1000,0.0370257,0.11144776173520789
new_more,1000,0.2547703420220877,0.1536796798077802
new_more,1000,0.0370257,0.11144776173520789
new_more,1000,0.41246354635934473,0.1536796798077802
new_more,1000,0.0370257,0.11144776173520789
new_more,1000,0.4939008294079953,0.1536796798077802
new_more,1000,0.0370257,0.11144776173520789
new_more,1000,0.7613437236166947,0.1536796798077802
new_more,1000,0.0370257,0.11144776173520789
new_more,1000,0.08886979249960958,0.1536796798077802
new_more,1000,0.0370257,0.11144776173520789
new_more,1000,0.5256722265588387,0.1536796798077802
new_more,1000,0.0370257,0.11144776173520789
new_more,1000,0.009468547199462825,0.1536796798077802
new_more,1000,0.0370257,0.11144776173520789
new_more,1000,0.005775798610908157,0.1536796798077802
new_more,1000,0.0370257,0.11144776173520789
new_more,1000,0.03869633678834046,0.1536796798077802
new_more,1000,0.0370257,0.11144776173520789
new_more,1000,0.644841253809913,0.1536796798077802
new_more,1000,0.0370257,0.11144776173520789
new_more,1000,0.08623006209272084,0.1536796798077802
new_more,1000,0.0370257,0.11144776173520789
new_more,1000,0.3039287368894279,0.1536796798077802
new_more,1000,0.0370257,0.11144776173520789
new_more,1000,0.5637982801620862,0.1536796798077802
new_more,1000,0.0370257,0.11144776173520789
new_more,1000,0.2892647421762398,0.1536796798077802
new_more,1000,0.0370257,0.11144776173520789
new_more,1000,0.5831565285515975,0.1536796798077802
new_more,1000,0.0370257,0.11144776173520789
new_more,1000,0.4608268848738881,0.1536796798077802
new_more,1000,0.0370257,0.11144776173520789
new_more,1000,0.5784407533155073,0.1536796798077802
new_more,1000,0.0370257,0.11144776173520789
new_more,1000,0.7690225895189788,0.1536796798077802
new_more,1000,0.03702570000000001,0.11144776173520789
new_more,1000,0.4625648159934741,0.1536796798077802
new_more,1000,0.0370257,0.11144776173520789
new_more,1000,0.49296543162864087,0.1536796798077802
new_more,1000,0.0370257,0.11144776173520789
new_more,1000,0.7614421956173418,0.1536796798077802
new_more,1000,0.0370257,0.11144776173520789
new_more,1000,0.6686650643516735,0.1536796798077802
new_more,1000,0.0370257,0.11144776173520789
new_more,1000,0.2918516428115924,0.1536796798077802
new_more,1000,0.0370257,0.11144776173520789
new_more,1000,0.7899563,0.1536796798077802
new_more,1000,0.2915532674578475,0.16236531979064428
new_more,1000,0.0370257,0.11144776173520789
new_more,1000,0.7899563,0.1536796798077802
new_more,1000,0.5791977555247378,0.16236531979064428
new_more,1000,0.0370257,0.11144776173520789
new_more,1000,0.7899563,0.1536796798077802
new_more,1000,0.4556703805616835,0.16236531979064428
new_more,1000,0.0370257,0.11144776173520789
new_more,1000,0.7899563,0.1536796798077802
new_more,1000,0.4045994804550327,0.16236531979064428
new_more,1000,0.0370257,0.11144776173520789
new_more,1000,0.7899563,0.1536796798077802
new_more,1000,0.3649738610261379,0.16236531979064428
new_more,1000,0.0370257,0.11144776173520789
new_more,1000,0.7899563,0.1536796798077802
new_more,1000,0.6303154346504579,0.16236531979064428
new_more,1000,0.0370257,0.11144776173520789
new_more,1000,0.7899563,0.1536796798077802
new_more,1000,0.4140104740949967,0.16236531979064428
new_more,1000,0.0370257,0.11144776173520789
new_more,1000,0.7899563,0.1536796798077802
new_more,1000,0.22110363882071934,0.16236531979064428
new_more,1000,0.0370257,0.11144776173520789
new_more,1000,0.7899563,0.1536796798077802
new_more,1000,0.1796370447943605,0.16236531979064428
new_more,1000,0.0370257,0.11144776173520789
new_more,1000,0.7899563,0.1536796798077802
new_more,1000,0.4617508764422614,0.16236531979064428
new_more,1000,0.0370257,0.11144776173520789
new_more,1000,0.7899563,0.1536796798077802
new_more,1000,0.531520395940903,0.16236531979064428
new_more,1000,0.0370257,0.11144776173520789
new_more,1000,0.7899563,0.1536796798077802
new_more,1000,0.3130046330064404,0.16236531979064428
new_more,1000,0.0370257,0.11144776173520789
new_more,1000,0.7899563,0.1536796798077802
new_more,1000,0.5391369825482122,0.16236531979064428
new_more,1000,0.03702570000000001,0.11144776173520789
new_more,1000,0.7899563,0.1536796798077802
new_more,1000,0.5407080763223713,0.16236531979064428
new_more,1000,0.0370257,0.11144776173520789
new_more,1000,0.7899563,0.1536796798077802
new_more,1000,0.6456969655785225,0.16236531979064428
new_more,1000,0.0370257,0.11144776173520789
new_more,1000,0.7899563,0.1536796798077802
new_more,1000,0.5770090739033715,0.16236531979064428
new_more,1000,0.0370257,0.11144776173520789
new_more,1000,0.7899563,0.1536796798077802
new_more,1000,0.676001620502734,0.16236531979064428
new_more,1000,0.0370257,0.11144776173520789
new_more,1000,0.7899563,0.1536796798077802
new_more,1000,0.34979389236000785,0.16236531979064428
new_more,1000,0.03702570000000001,0.11144776173520789
new_more,1000,0.7899563,0.1536796798077802
new_more,1000,0.4777962009945016,0.16236531979064428
new_more,1000,0.0370257,0.11144776173520789
new_more,1000,0.7899563,0.1536796798077802
new_more,1000,0.5120089632533829,0.16236531979064428
new_more,1000,0.0370257,0.11144776173520789
new_more,1000,0.7899563,0.1536796798077802
new_more,1000,0.3025152888166195,0.16236531979064428
new_more,1000,0.0370257,0.11144776173520789
new_more,1000,0.7899563,0.1536796798077802
new_more,1000,0.27244952843474396,0.16236531979064428
new_more,1000,0.0370257,0.11144776173520789
new_more,1000,0.7899563,0.1536796798077802
new_more,1000,0.22727262736044845,0.16236531979064428
new_more,1000,0.0370257,0.11144776173520789
new_more,1000,0.7899563,0.1536796798077802
new_more,1000,0.27771525213780784,0.16236531979064428
new_more,1000,0.0370257,0.11144776173520789
new_more,1000,0.7899563,0.1536796798077802
new_more,1000,0.5861705733128739,0.16236531979064428
new_more,1000,0.0370257,0.11144776173520789
new_more,1000,0.7899563,0.1536796798077802
new_more,1000,0.5580982575860282,0.16236531979064428
new_more,1000,0.0370257,0.11144776173520789
new_more,1000,0.7899563,0.1536796798077802
new_more,1000,0.6091125634174926,0.16236531979064428
new_more,1000,0.0370257,0.11144776173520789
new_more,1000,0.7899563,0.1536796798077802
new_more,1000,0.2814022743453742,0.16236531979064428
new_more,1000,0.0370257,0.11144776173520789
new_more,1000,0.7899563,0.1536796798077802
new_more,1000,0.14484178437312561,0.16236531979064428
new_more,1000,0.0370257,0.11144776173520789
new_more,1000,0.7899563,0.1536796798077802
new_more,1000,0.6130842163682976,0.16236531979064428
new_more,1000,0.0370257,0.11144776173520789
new_more,1000,0.7899563,0.1536796798077802
new_more,1000,0.5018150511978152,0.16236531979064428
new_more,1000,0.0370257,0.11144776173520789
new_more,1000,0.7899563,0.1536796798077802
new_more,1000,0.31403677037862787,0.16236531979064428
new_more,1000,0.0370257,0.11144776173520789
new_more,1000,0.7899563,0.1536796798077802
new_more,1000,0.5316657966919669,0.16236531979064428
new_more,1000,0.0370257,0.11144776173520789
new_more,1000,0.7899563,0.1536796798077802
new_more,1000,0.6176943449046894,0.16236531979064428
new_more,1000,0.0370257,0.11144776173520789
new_more,1000,0.7899562999999998,0.1536796798077802
new_more,1000,0.5827012388031864,0.16236531979064428
new_more,1000,0.0370257,0.11144776173520789
new_more,1000,0.7899563,0.1536796798077802
new_more,1000,0.5436984955477175,0.16236531979064428
new_more,1000,0.0370257,0.11144776173520789
new_more,1000,0.7899563,0.1536796798077802
new_more,1000,0.590934176462225,0.16236531979064428
new_more,1000,0.0370257,0.11144776173520789
new_more,1000,0.7899563,0.1536796798077802
new_more,1000,0.4686123273356386,0.16236531979064428
new_more,1000,0.0370257,0.11144776173520789
new_more,1000,0.7899563,0.1536796798077802
new_more,1000,0.311974783025267,0.16236531979064428
new_more,1000,0.0370257,0.11144776173520789
new_more,1000,0.7899563,0.1536796798077802
new_more,1000,0.42704269140869916,0.16236531979064428
new_more,1000,0.0370257,0.11144776173520789
new_more,1000,0.7899563,0.1536796798077802
new_more,1000,0.2883979701012809,0.16236531979064428
new_more,1000,0.0370257,0.11144776173520789
new_more,1000,0.7899563,0.1536796798077802
new_more,1000,0.2040335352546636,0.16236531979064428
new_more,1000,0.0370257,0.11144776173520789
new_more,1000,0.7899563,0.1536796798077802
new_more,1000,0.11100164745605928,0.16236531979064428
new_more,1000,0.0370257,0.11144776173520789
new_more,1000,0.7899563,0.1536796798077802
new_more,1000,0.0024572631756784257,0.16236531979064428
new_more,1000,0.0370257,0.11144776173520789
new_more,1000,0.7899563,0.1536796798077802
new_more,1000,0.30674744333418646,0.16236531979064428
new_more,1000,0.0370257,0.11144776173520789
new_more,1000,0.7899563,0.1536796798077802
new_more,1000,0.023940461698451276,0.16236531979064428
new_more,1000,0.0370257,0.11144776173520789
new_more,1000,0.7899563,0.1536796798077802
new_more,1000,0.5364337341920669,0.16236531979064428
new_more,1000,0.0370257,0.11144776173520789
new_more,1000,0.7899563,0.1536796798077802
new_more,1000,0.013792561254816708,0.16236531979064428
new_more,1000,0.0370257,0.11144776173520789
new_more,1000,0.7899563,0.1536796798077802
new_more,1000,0.3955298759760389,0.16236531979064428
new_more,1000,0.0370257,0.11144776173520789
new_more,1000,0.7899563,0.1536796798077802
new_more,1000,0.5534810540924766,0.16236531979064428
new_more,1000,0.0370257,0.11144776173520789
new_more,1000,0.7899562999999998,0.1536796798077802
new_more,1000,0.5771566532521519,0.16236531979064428
new_more,1000,0.0370257,0.11144776173520789
new_more,1000,0.7899563,0.1536796798077802
new_more,1000,0.555665132800966,0.16236531979064428
new_more,1000,0.0370257,0.11144776173520789
new_more,1000,0.7899563,0.1536796798077802
new_more,1000,0.5262560094513316,0.16236531979064428
new_more,1000,0.0370257,0.11144776173520789
new_more,1000,0.7899563,0.1536796798077802
new_more,1000,0.38375507490742317,0.16236531979064428
new_more,1000,0.0370257,0.11144776173520789
new_more,1000,0.7899563,0.1536796798077802
new_more,1000,0.525779174661076,0.16236531979064428
new_more,1000,0.0370257,0.11144776173520789
new_more,1000,0.7899563,0.1536796798077802
new_more,1000,0.6753220681678905,0.16236531979064428
new_more,1000,0.0370257,0.11144776173520789
new_more,1000,0.7899563,0.1536796798077802
new_more,1000,0.5105401114653356,0.16236531979064428
new_more,1000,0.0370257,0.11144776173520789
new_more,1000,0.7899563,0.1536796798077802
new_more,1000,0.4217157212145871,0.16236531979064428
new_more,1000,0.0370257,0.11144776173520789
new_more,1000,0.7899563,0.1536796798077802
new_more,1000,0.3540596023777532,0.16236531979064428
new_more,1000,0.0370257,0.11144776173520789
new_more,1000,0.7899563,0.1536796798077802
new_more,1000,0.6071143698071698,0.16236531979064428
new_more,1000,0.0370257,0.11144776173520789
new_more,1000,0.7899563,0.1536796798077802
new_more,1000,0.5301712495276866,0.16236531979064428
new_more,1000,0.0370257,0.11144776173520789
new_more,1000,0.7899563,0.1536796798077802
new_more,1000,0.5025284365998834,0.16236531979064428
new_more,1000,0.0370257,0.11144776173520789
new_more,1000,0.7899563,0.1536796798077802
new_more,1000,0.6218195942005491,0.16236531979064428
new_more,1000,0.0370257,0.11144776173520789
new_more,1000,0.7899563,0.1536796798077802
new_more,1000,0.4690638595655665,0.16236531979064428
new_more,1000,0.0370257,0.11144776173520789
new_more,1000,0.7899563,0.1536796798077802
new_more,1000,0.5632334689455479,0.16236531979064428
new_more,1000,0.0370257,0.11144776173520789
new_more,1000,0.7899563,0.1536796798077802
new_more,1000,0.5882628267894757,0.16236531979064428
new_more,1000,0.0370257,0.11144776173520789
new_more,1000,0.7899563,0.1536796798077802
new_more,1000,0.060199622312487225,0.16236531979064428
new_more,1000,0.0370257,0.11144776173520789
new_more,1000,0.7899563,0.1536796798077802
new_more,1000,0.35986266596980554,0.16236531979064428
new_more,1000,0.0370257,0.11144776173520789
new_more,1000,0.7899563,0.1536796798077802
new_more,1000,0.04664487712917402,0.16236531979064428
new_more,1000,0.0370257,0.11144776173520789
new_more,1000,0.7899563,0.1536796798077802
new_more,1000,0.6786892582118003,0.16236531979064428
new_more,1000,0.0370257,0.11144776173520789
new_more,1000,0.7899563,0.1536796798077802
new_more,1000,0.15773912409517976,0.16236531979064428
new_more,1000,0.0370257,0.11144776173520789
new_more,1000,0.7899563,0.1536796798077802
new_more,1000,0.5076076888759566,0.16236531979064428
new_more,1000,0.0370257,0.11144776173520789
new_more,1000,0.7899563,0.1536796798077802
new_more,1000,0.44851049001796206,0.16236531979064428
new_more,1000,0.0370257,0.11144776173520789
new_more,1000,0.7899563,0.1536796798077802
new_more,1000,0.4444429985093822,0.16236531979064428
new_more,1000,0.0370257,0.11144776173520789
new_more,1000,0.7899563,0.1536796798077802
new_more,1000,0.28815474040019806,0.16236531979064428
new_more,1000,0.0370257,0.11144776173520789
new_more,1000,0.7899563,0.1536796798077802
new_more,1000,0.4899419685124036,0.16236531979064428
new_more,1000,0.0370257,0.11144776173520789
new_more,1000,0.7899563,0.1536796798077802
new_more,1000,0.6742111239660166,0.16236531979064428
new_more,1000,0.0370257,0.11144776173520789
new_more,1000,0.7899563,0.1536796798077802
new_more,1000,0.3551902242046434,0.16236531979064428
new_more,1000,0.0370257,0.11144776173520789
new_more,1000,0.7899563,0.1536796798077802
new_more,1000,0.5950534421130766,0.16236531979064428
new_more,1000,0.0370257,0.11144776173520789
new_more,1000,0.7899563,0.1536796798077802
new_more,1000,0.27470829844667066,0.16236531979064428
new_more,1000,0.0370257,0.11144776173520789
new_more,1000,0.7899563,0.1536796798077802
new_more,1000,0.683938,0.16236531979064428
new_more,1000,0.5674398687715556,0.17262912000001066
new_more,1000,0.0370257,0.11144776173520789
new_more,1000,0.7899563,0.1536796798077802
new_more,1000,0.683938,0.16236531979064428
new_more,1000,0.17939452997527297,0.17262912000001066
new_more,1000,0.0370257,0.11144776173520789
new_more,1000,0.7899563,0.1536796798077802
new_more,1000,0.683938,0.16236531979064428
new_more,1000,0.4567596122862401,0.17262912000001066
new_more,1000,0.0370257,0.11144776173520789
new_more,1000,0.7899563,0.1536796798077802
new_more,1000,0.683938,0.16236531979064428
new_more,1000,0.34385769385242126,0.17262912000001066
new_more,1000,0.0370257,0.11144776173520789
new_more,1000,0.7899563,0.1536796798077802
new_more,1000,0.683938,0.16236531979064428
new_more,1000,0.6650767314626572,0.17262912000001066
new_more,1000,0.0370257,0.11144776173520789
new_more,1000,0.7899563,0.1536796798077802
new_more,1000,0.683938,0.16236531979064428
new_more,1000,0.09829605921462727,0.17262912000001066
new_more,1000,0.0370257,0.11144776173520789
new_more,1000,0.7899563,0.1536796798077802
new_more,1000,0.683938,0.16236531979064428
new_more,1000,0.7361765677967643,0.17262912000001066
new_more,1000,0.0370257,0.11144776173520789
new_more,1000,0.7899563,0.1536796798077802
new_more,1000,0.683938,0.16236531979064428
new_more,1000,0.04936159298089634,0.17262912000001066
new_more,1000,0.0370257,0.11144776173520789
new_more,1000,0.7899563,0.1536796798077802
new_more,1000,0.683938,0.16236531979064428
new_more,1000,0.21188551326500527,0.17262912000001066
new_more,1000,0.0370257,0.11144776173520789
new_more,1000,0.7899563,0.1536796798077802
new_more,1000,0.683938,0.16236531979064428
new_more,1000,0.7461459985973533,0.17262912000001066
new_more,1000,0.0370257,0.11144776173520789
new_more,1000,0.7899563,0.1536796798077802
new_more,1000,0.683938,0.16236531979064428
new_more,1000,0.713738791756797,0.17262912000001066
new_more,1000,0.0370257,0.11144776173520789
new_more,1000,0.7899563,0.1536796798077802
new_more,1000,0.683938,0.16236531979064428
new_more,1000,0.21800901075535503,0.17262912000001066
new_more,1000,0.0370257,0.11144776173520789
new_more,1000,0.7899563,0.1536796798077802
new_more,1000,0.683938,0.16236531979064428
new_more,1000,0.30044003499579364,0.17262912000001066
new_more,1000,0.0370257,0.11144776173520789
new_more,1000,0.7899563,0.1536796798077802
new_more,1000,0.683938,0.16236531979064428
new_more,1000,0.20125363467771074,0.17262912000001066
new_more,1000,0.037025699999999995,0.11144776173520789
new_more,1000,0.7899563,0.1536796798077802
new_more,1000,0.683938,0.16236531979064428
new_more,1000,0.12513499726540234,0.17262912000001066
new_more,1000,0.0370257,0.11144776173520789
new_more,1000,0.7899563,0.1536796798077802
new_more,1000,0.683938,0.16236531979064428
new_more,1000,0.5877420991328504,0.17262912000001066
new_more,1000,0.0370257,0.11144776173520789
new_more,1000,0.7899563,0.1536796798077802
new_more,1000,0.683938,0.16236531979064428
new_more,1000,0.5023224190968957,0.17262912000001066
new_more,1000,0.037025699999999995,0.11144776173520789
new_more,1000,0.7899563,0.1536796798077802
new_more,1000,0.683938,0.16236531979064428
new_more,1000,0.42241529703678327,0.17262912000001066
new_more,1000,0.0370257,0.11144776173520789
new_more,1000,0.7899563,0.1536796798077802
new_more,1000,0.683938,0.16236531979064428
new_more,1000,0.7338858024554493,0.17262912000001066
new_more,1000,0.0370257,0.11144776173520789
new_more,1000,0.7899563,0.1536796798077802
new_more,1000,0.683938,0.16236531979064428
new_more,1000,0.15144974534536373,0.17262912000001066
new_more,1000,0.0370257,0.11144776173520789
new_more,1000,0.7899563,0.1536796798077802
new_more,1000,0.683938,0.16236531979064428
new_more,1000,0.00840229237715238,0.17262912000001066
new_more,1000,0.0370257,0.11144776173520789
new_more,1000,0.7899563,0.1536796798077802
new_more,1000,0.683938,0.16236531979064428
new_more,1000,0.6028664448625802,0.17262912000001066
new_more,1000,0.0370257,0.11144776173520789
new_more,1000,0.7899563,0.1536796798077802
new_more,1000,0.683938,0.16236531979064428
new_more,1000,0.24656817137175782,0.17262912000001066
new_more,1000,0.0370257,0.11144776173520789
new_more,1000,0.7899563,0.1536796798077802
new_more,1000,0.683938,0.16236531979064428
new_more,1000,0.40743105824471026,0.17262912000001066
new_more,1000,0.0370257,0.11144776173520789
new_more,1000,0.7899563,0.1536796798077802
new_more,1000,0.683938,0.16236531979064428
new_more,1000,0.38647633218363064,0.17262912000001066
new_more,1000,0.0370257,0.11144776173520789
new_more,1000,0.7899563,0.1536796798077802
new_more,1000,0.683938,0.16236531979064428
new_more,1000,0.2942620571911551,0.17262912000001066
new_more,1000,0.0370257,0.11144776173520789
new_more,1000,0.7899562999999998,0.1536796798077802
new_more,1000,0.683938,0.16236531979064428
new_more,1000,0.144788903957858,0.17262912000001066
new_more,1000,0.0370257,0.11144776173520789
new_more,1000,0.7899563,0.1536796798077802
new_more,1000,0.683938,0.16236531979064428
new_more,1000,0.3139196559720838,0.17262912000001066
new_more,1000,0.0370257,0.11144776173520789
new_more,1000,0.7899563,0.1536796798077802
new_more,1000,0.683938,0.16236531979064428
new_more,1000,0.1857855751428531,0.17262912000001066
new_more,1000,0.0370257,0.11144776173520789
new_more,1000,0.7899563,0.1536796798077802
new_more,1000,0.683938,0.16236531979064428
new_more,1000,0.0416881099782993,0.17262912000001066
new_more,1000,0.0370257,0.11144776173520789
new_more,1000,0.7899563,0.1536796798077802
new_more,1000,0.683938,0.16236531979064428
new_more,1000,0.7661380013082258,0.17262912000001066
new_more,1000,0.0370257,0.11144776173520789
new_more,1000,0.7899563,0.1536796798077802
new_more,1000,0.683938,0.16236531979064428
new_more,1000,0.5594676770717455,0.17262912000001066
new_more,1000,0.0370257,0.11144776173520789
new_more,1000,0.7899563,0.1536796798077802
new_more,1000,0.683938,0.16236531979064428
new_more,1000,0.14328756082096009,0.17262912000001066
new_more,1000,0.0370257,0.11144776173520789
new_more,1000,0.7899563,0.1536796798077802
new_more,1000,0.683938,0.16236531979064428
new_more,1000,0.5877978660876086,0.17262912000001066
new_more,1000,0.0370257,0.11144776173520789
new_more,1000,0.7899563,0.1536796798077802
new_more,1000,0.683938,0.16236531979064428
new_more,1000,0.4274350658378768,0.17262912000001066
new_more,1000,0.0370257,0.11144776173520789
new_more,1000,0.7899563,0.1536796798077802
new_more,1000,0.683938,0.16236531979064428
new_more,1000,0.5700302676482064,0.17262912000001066
new_more,1000,0.0370257,0.11144776173520789
new_more,1000,0.7899562999999998,0.1536796798077802
new_more,1000,0.6839379999999999,0.16236531979064428
new_more,1000,0.23261335911032976,0.17262912000001066
new_more,1000,0.0370257,0.11144776173520789
new_more,1000,0.7899563,0.1536796798077802
new_more,1000,0.683938,0.16236531979064428
new_more,1000,0.6907687576981997,0.17262912000001066
new_more,1000,0.0370257,0.11144776173520789
new_more,1000,0.7899563,0.1536796798077802
new_more,1000,0.683938,0.16236531979064428
new_more,1000,0.519347781853431,0.17262912000001066
new_more,1000,0.0370257,0.11144776173520789
new_more,1000,0.7899563,0.1536796798077802
new_more,1000,0.683938,0.16236531979064428
new_more,1000,0.43425392929572826,0.17262912000001066
new_more,1000,0.0370257,0.11144776173520789
new_more,1000,0.7899563,0.1536796798077802
new_more,1000,0.683938,0.16236531979064428
new_more,1000,0.09690476981917145,0.17262912000001066
new_more,1000,0.0370257,0.11144776173520789
new_more,1000,0.7899563,0.1536796798077802
new_more,1000,0.683938,0.16236531979064428
new_more,1000,0.012949417771183766,0.17262912000001066
new_more,1000,0.0370257,0.11144776173520789
new_more,1000,0.7899563,0.1536796798077802
new_more,1000,0.683938,0.16236531979064428
new_more,1000,0.12377796993267137,0.17262912000001066
new_more,1000,0.0370257,0.11144776173520789
new_more,1000,0.7899563,0.1536796798077802
new_more,1000,0.683938,0.16236531979064428
new_more,1000,0.2373296045665107,0.17262912000001066
new_more,1000,0.0370257,0.11144776173520789
new_more,1000,0.7899563,0.1536796798077802
new_more,1000,0.683938,0.16236531979064428
new_more,1000,0.2698037886448812,0.17262912000001066
new_more,1000,0.0370257,0.11144776173520789
new_more,1000,0.7899563,0.1536796798077802
new_more,1000,0.683938,0.16236531979064428
new_more,1000,0.32268619882165983,0.17262912000001066
new_more,1000,0.0370257,0.11144776173520789
new_more,1000,0.7899563,0.1536796798077802
new_more,1000,0.683938,0.16236531979064428
new_more,1000,0.3774068622343401,0.17262912000001066
new_more,1000,0.0370257,0.11144776173520789
new_more,1000,0.7899563,0.1536796798077802
new_more,1000,0.683938,0.16236531979064428
new_more,1000,0.25759443890136,0.17262912000001066
new_more,1000,0.0370257,0.11144776173520789
new_more,1000,0.7899563,0.1536796798077802
new_more,1000,0.683938,0.16236531979064428
new_more,1000,0.4651675129991108,0.17262912000001066
new_more,1000,0.037025699999999995,0.11144776173520789
new_more,1000,0.7899562999999998,0.1536796798077802
new_more,1000,0.683938,0.16236531979064428
new_more,1000,0.1566617064610514,0.17262912000001066
new_more,1000,0.0370257,0.11144776173520789
new_more,1000,0.7899563,0.1536796798077802
new_more,1000,0.683938,0.16236531979064428
new_more,1000,0.3004208454938857,0.17262912000001066
new_more,1000,0.0370257,0.11144776173520789
new_more,1000,0.7899563,0.1536796798077802
new_more,1000,0.683938,0.16236531979064428
new_more,1000,0.2694026262522176,0.17262912000001066
new_more,1000,0.0370257,0.11144776173520789
new_more,1000,0.7899563,0.1536796798077802
new_more,1000,0.683938,0.16236531979064428
new_more,1000,0.20367791979725786,0.17262912000001066
new_more,1000,0.0370257,0.11144776173520789
new_more,1000,0.7899563,0.1536796798077802
new_more,1000,0.683938,0.16236531979064428
new_more,1000,0.6514913608855276,0.17262912000001066
new_more,1000,0.0370257,0.11144776173520789
new_more,1000,0.7899563,0.1536796798077802
new_more,1000,0.683938,0.16236531979064428
new_more,1000,0.42876457481348046,0.17262912000001066
new_more,1000,0.0370257,0.11144776173520789
new_more,1000,0.7899563,0.1536796798077802
new_more,1000,0.683938,0.16236531979064428
new_more,1000,0.1653458971403731,0.17262912000001066
new_more,1000,0.0370257,0.11144776173520789
new_more,1000,0.7899563,0.1536796798077802
new_more,1000,0.683938,0.16236531979064428
new_more,1000,0.4155391787143437,0.17262912000001066
new_more,1000,0.0370257,0.11144776173520789
new_more,1000,0.7899563,0.1536796798077802
new_more,1000,0.683938,0.16236531979064428
new_more,1000,0.4582603200962326,0.17262912000001066
new_more,1000,0.0370257,0.11144776173520789
new_more,1000,0.7899563,0.1536796798077802
new_more,1000,0.683938,0.16236531979064428
new_more,1000,0.7733126164391032,0.17262912000001066
new_more,1000,0.0370257,0.11144776173520789
new_more,1000,0.7899562999999998,0.1536796798077802
new_more,1000,0.683938,0.16236531979064428
new_more,1000,0.44786898561048055,0.17262912000001066
new_more,1000,0.0370257,0.11144776173520789
new_more,1000,0.7899563,0.1536796798077802
new_more,1000,0.683938,0.16236531979064428
new_more,1000,0.7260749095843156,0.17262912000001066
new_more,1000,0.0370257,0.11144776173520789
new_more,1000,0.7899563,0.1536796798077802
new_more,1000,0.683938,0.16236531979064428
new_more,1000,0.06128523297810351,0.17262912000001066
new_more,1000,0.03702570000000001,0.11144776173520789
new_more,1000,0.7899563,0.1536796798077802
new_more,1000,0.683938,0.16236531979064428
new_more,1000,0.01035536124583799,0.17262912000001066
new_more,1000,0.0370257,0.11144776173520789
new_more,1000,0.7899563,0.1536796798077802
new_more,1000,0.683938,0.16236531979064428
new_more,1000,0.5551099277163005,0.17262912000001066
new_more,1000,0.0370257,0.11144776173520789
new_more,1000,0.7899563,0.1536796798077802
new_more,1000,0.683938,0.16236531979064428
new_more,1000,0.720548513318674,0.17262912000001066
new_more,1000,0.0370257,0.11144776173520789
new_more,1000,0.7899563,0.1536796798077802
new_more,1000,0.683938,0.16236531979064428
new_more,1000,0.3235236129973266,0.17262912000001066
new_more,1000,0.0370257,0.11144776173520789
new_more,1000,0.7899563,0.1536796798077802
new_more,1000,0.683938,0.16236531979064428
new_more,1000,0.3703049538380405,0.17262912000001066
new_more,1000,0.0370257,0.11144776173520789
new_more,1000,0.7899563,0.1536796798077802
new_more,1000,0.683938,0.16236531979064428
new_more,1000,0.10571420088460401,0.17262912000001066
new_more,1000,0.0370257,0.11144776173520789
new_more,1000,0.7899563,0.1536796798077802
new_more,1000,0.683938,0.16236531979064428
new_more,1000,0.6139131969215824,0.17262912000001066
new_more,1000,0.0370257,0.11144776173520789
new_more,1000,0.7899563,0.1536796798077802
new_more,1000,0.683938,0.16236531979064428
new_more,1000,0.11126847979737425,0.17262912000001066
new_more,1000,0.0370257,0.11144776173520789
new_more,1000,0.7899563,0.1536796798077802
new_more,1000,0.683938,0.16236531979064428
new_more,1000,0.33319233182396624,0.17262912000001066
new_more,1000,0.0370257,0.11144776173520789
new_more,1000,0.7899563,0.1536796798077802
new_more,1000,0.683938,0.16236531979064428
new_more,1000,0.1516167607994659,0.17262912000001066
new_more,1000,0.0370257,0.11144776173520789
new_more,1000,0.7899563,0.1536796798077802
new_more,1000,0.683938,0.16236531979064428
new_more,1000,0.03283330030019835,0.17262912000001066
new_more,1000,0.0370257,0.11144776173520789
new_more,1000,0.7899563,0.1536796798077802
new_more,1000,0.683938,0.16236531979064428
new_more,1000,0.273073891868187,0.17262912000001066
new_more,1000,0.0370257,0.11144776173520789
new_more,1000,0.7899563,0.1536796798077802
new_more,1000,0.683938,0.16236531979064428
new_more,1000,0.3093852401516208,0.17262912000001066
new_more,1000,0.037025699999999995,0.11144776173520789
new_more,1000,0.7899563,0.1536796798077802
new_more,1000,0.683938,0.16236531979064428
new_more,1000,0.5479126658274015,0.17262912000001066
new_more,1000,0.0370257,0.11144776173520789
new_more,1000,0.7899563,0.1536796798077802
new_more,1000,0.683938,0.16236531979064428
new_more,1000,0.4600483569711314,0.17262912000001066
new_more,1000,0.037025699999999995,0.11144776173520789
new_more,1000,0.7899563,0.1536796798077802
new_more,1000,0.6839380000000002,0.16236531979064428
new_more,1000,0.7823199999999999,0.17262912000001066
new_more,1000,0.575901977858783,0.18425954999999994
new_more,1000,0.0370257,0.11144776173520789
new_more,1000,0.7899563,0.1536796798077802
new_more,1000,0.683938,0.16236531979064428
new_more,1000,0.7823199999999999,0.17262912000001066
new_more,1000,0.34952123785117534,0.18425954999999994
new_more,1000,0.037025699999999995,0.11144776173520789
new_more,1000,0.7899563,0.1536796798077802
new_more,1000,0.683938,0.16236531979064428
new_more,1000,0.7823199999999999,0.17262912000001066
new_more,1000,0.6284723295470196,0.18425954999999994
new_more,1000,0.0370257,0.11144776173520789
new_more,1000,0.7899563,0.1536796798077802
new_more,1000,0.683938,0.16236531979064428
new_more,1000,0.7823199999999999,0.17262912000001066
new_more,1000,0.3856271873938825,0.18425954999999994
new_more,1000,0.0370257,0.11144776173520789
new_more,1000,0.7899563,0.1536796798077802
new_more,1000,0.683938,0.16236531979064428
new_more,1000,0.7823199999999999,0.17262912000001066
new_more,1000,0.03628898561947818,0.18425954999999994
new_more,1000,0.0370257,0.11144776173520789
new_more,1000,0.7899563000000001,0.1536796798077802
new_more,1000,0.683938,0.16236531979064428
new_more,1000,0.7823199999999999,0.17262912000001066
new_more,1000,0.7055064990038077,0.18425954999999994
new_more,1000,0.0370257,0.11144776173520789
new_more,1000,0.7899563,0.1536796798077802
new_more,1000,0.683938,0.16236531979064428
new_more,1000,0.7823199999999999,0.17262912000001066
new_more,1000,0.8045450213025893,0.18425954999999994
new_more,1000,0.0370257,0.11144776173520789
new_more,1000,0.7899563,0.1536796798077802
new_more,1000,0.683938,0.16236531979064428
new_more,1000,0.7823199999999999,0.17262912000001066
new_more,1000,0.814765870468198,0.18425954999999994
new_more,1000,0.0370257,0.11144776173520789
new_more,1000,0.7899563,0.1536796798077802
new_more,1000,0.683938,0.16236531979064428
new_more,1000,0.7823199999999999,0.17262912000001066
new_more,1000,0.8063323791367948,0.18425954999999994
new_more,1000,0.0370257,0.11144776173520789
new_more,1000,0.7899563,0.1536796798077802
new_more,1000,0.683938,0.16236531979064428
new_more,1000,0.7823199999999999,0.17262912000001066
new_more,1000,0.5113712943561453,0.18425954999999994
new_more,1000,0.0370257,0.11144776173520789
new_more,1000,0.7899563,0.1536796798077802
new_more,1000,0.683938,0.16236531979064428
new_more,1000,0.7823199999999999,0.17262912000001066
new_more,1000,0.2689664685196325,0.18425954999999994
new_more,1000,0.0370257,0.11144776173520789
new_more,1000,0.7899563,0.1536796798077802
new_more,1000,0.683938,0.16236531979064428
new_more,1000,0.7823199999999999,0.17262912000001066
new_more,1000,0.30561850525678036,0.18425954999999994
new_more,1000,0.0370257,0.11144776173520789
new_more,1000,0.7899563,0.1536796798077802
new_more,1000,0.683938,0.16236531979064428
new_more,1000,0.7823199999999999,0.17262912000001066
new_more,1000,0.5505533492815392,0.18425954999999994
new_more,1000,0.0370257,0.11144776173520789
new_more,1000,0.7899563,0.1536796798077802
new_more,1000,0.683938,0.16236531979064428
new_more,1000,0.7823199999999999,0.17262912000001066
new_more,1000,0.14076889369677018,0.18425954999999994
new_more,1000,0.0370257,0.11144776173520789
new_more,1000,0.7899563,0.1536796798077802
new_more,1000,0.683938,0.16236531979064428
new_more,1000,0.7823199999999999,0.17262912000001066
new_more,1000,0.06509902091026276,0.18425954999999994
new_more,1000,0.0370257,0.11144776173520789
new_more,1000,0.7899563,0.1536796798077802
new_more,1000,0.683938,0.16236531979064428
new_more,1000,0.7823199999999999,0.17262912000001066
new_more,1000,0.3320135664798792,0.18425954999999994
new_more,1000,0.0370257,0.11144776173520789
new_more,1000,0.7899563,0.1536796798077802
new_more,1000,0.683938,0.16236531979064428
new_more,1000,0.7823199999999999,0.17262912000001066
new_more,1000,0.3593805651118438,0.18425954999999994
new_more,1000,0.0370257,0.11144776173520789
new_more,1000,0.7899563,0.1536796798077802
new_more,1000,0.683938,0.16236531979064428
new_more,1000,0.7823199999999999,0.17262912000001066
new_more,1000,0.5207766976004733,0.18425954999999994
new_more,1000,0.0370257,0.11144776173520789
new_more,1000,0.7899563,0.1536796798077802
new_more,1000,0.683938,0.16236531979064428
new_more,1000,0.7823199999999999,0.17262912000001066
new_more,1000,0.04919428703312401,0.18425954999999994
new_more,1000,0.0370257,0.11144776173520789
new_more,1000,0.7899563,0.1536796798077802
new_more,1000,0.683938,0.16236531979064428
new_more,1000,0.7823199999999999,0.17262912000001066
new_more,1000,0.5072752693524359,0.18425954999999994
new_more,1000,0.0370257,0.11144776173520789
new_more,1000,0.7899563,0.1536796798077802
new_more,1000,0.683938,0.16236531979064428
new_more,1000,0.7823199999999999,0.17262912000001066
new_more,1000,0.40099435544369927,0.18425954999999994
new_more,1000,0.0370257,0.11144776173520789
new_more,1000,0.7899563000000001,0.1536796798077802
new_more,1000,0.683938,0.16236531979064428
new_more,1000,0.7823199999999999,0.17262912000001066
new_more,1000,0.12524721694884175,0.18425954999999994
new_more,1000,0.0370257,0.11144776173520789
new_more,1000,0.7899563,0.1536796798077802
new_more,1000,0.683938,0.16236531979064428
new_more,1000,0.7823199999999999,0.17262912000001066
new_more,1000,0.6527955950735959,0.18425954999999994
new_more,1000,0.0370257,0.11144776173520789
new_more,1000,0.7899563,0.1536796798077802
new_more,1000,0.683938,0.16236531979064428
new_more,1000,0.7823199999999999,0.17262912000001066
new_more,1000,0.15391107756557768,0.18425954999999994
new_more,1000,0.0370257,0.11144776173520789
new_more,1000,0.7899563,0.1536796798077802
new_more,1000,0.683938,0.16236531979064428
new_more,1000,0.7823199999999999,0.17262912000001066
new_more,1000,0.12249189118822076,0.18425954999999994
new_more,1000,0.0370257,0.11144776173520789
new_more,1000,0.7899563,0.1536796798077802
new_more,1000,0.683938,0.16236531979064428
new_more,1000,0.7823199999999999,0.17262912000001066
new_more,1000,0.3539832831916013,0.18425954999999994
new_more,1000,0.0370257,0.11144776173520789
new_more,1000,0.7899563,0.1536796798077802
new_more,1000,0.683938,0.16236531979064428
new_more,1000,0.7823199999999999,0.17262912000001066
new_more,1000,0.31350004634507783,0.18425954999999994
new_more,1000,0.0370257,0.11144776173520789
new_more,1000,0.7899563,0.1536796798077802
new_more,1000,0.683938,0.16236531979064428
new_more,1000,0.7823199999999999,0.17262912000001066
new_more,1000,0.3515490740471739,0.18425954999999994
new_more,1000,0.0370257,0.11144776173520789
new_more,1000,0.7899563,0.1536796798077802
new_more,1000,0.683938,0.16236531979064428
new_more,1000,0.7823199999999999,0.17262912000001066
new_more,1000,0.019881113133564395,0.18425954999999994
new_more,1000,0.0370257,0.11144776173520789
new_more,1000,0.7899563,0.1536796798077802
new_more,1000,0.683938,0.16236531979064428
new_more,1000,0.7823199999999999,0.17262912000001066
new_more,1000,0.017155743244835934,0.18425954999999994
new_more,1000,0.0370257,0.11144776173520789
new_more,1000,0.7899563,0.1536796798077802
new_more,1000,0.683938,0.16236531979064428
new_more,1000,0.7823199999999999,0.17262912000001066
new_more,1000,0.043241865838517114,0.18425954999999994
new_more,1000,0.0370257,0.11144776173520789
new_more,1000,0.7899563,0.1536796798077802
new_more,1000,0.683938,0.16236531979064428
new_more,1000,0.7823199999999999,0.17262912000001066
new_more,1000,0.038096936029754044,0.18425954999999994
new_more,1000,0.0370257,0.11144776173520789
new_more,1000,0.7899563,0.1536796798077802
new_more,1000,0.683938,0.16236531979064428
new_more,1000,0.7823199999999999,0.17262912000001066
new_more,1000,0.23083814722807572,0.18425954999999994
new_more,1000,0.0370257,0.11144776173520789
new_more,1000,0.7899563,0.1536796798077802
new_more,1000,0.683938,0.16236531979064428
new_more,1000,0.7823199999999999,0.17262912000001066
new_more,1000,0.06674302333643786,0.18425954999999994
new_more,1000,0.0370257,0.11144776173520789
new_more,1000,0.7899563,0.1536796798077802
new_more,1000,0.683938,0.16236531979064428
new_more,1000,0.7823199999999999,0.17262912000001066
new_more,1000,0.09129810440061345,0.18425954999999994
new_more,1000,0.0370257,0.11144776173520789
new_more,1000,0.7899563,0.1536796798077802
new_more,1000,0.683938,0.16236531979064428
new_more,1000,0.7823199999999999,0.17262912000001066
new_more,1000,0.22976698166253479,0.18425954999999994
new_more,1000,0.0370257,0.11144776173520789
new_more,1000,0.7899563,0.1536796798077802
new_more,1000,0.683938,0.16236531979064428
new_more,1000,0.7823199999999999,0.17262912000001066
new_more,1000,0.2755738638666817,0.18425954999999994
new_more,1000,0.0370257,0.11144776173520789
new_more,1000,0.7899563,0.1536796798077802
new_more,1000,0.683938,0.16236531979064428
new_more,1000,0.7823199999999998,0.17262912000001066
new_more,1000,0.18115308420455611,0.18425954999999994
new_more,1000,0.0370257,0.11144776173520789
new_more,1000,0.7899563,0.1536796798077802
new_more,1000,0.683938,0.16236531979064428
new_more,1000,0.7823199999999999,0.17262912000001066
new_more,1000,0.6936943146801255,0.18425954999999994
new_more,1000,0.0370257,0.11144776173520789
new_more,1000,0.7899563,0.1536796798077802
new_more,1000,0.683938,0.16236531979064428
new_more,1000,0.7823199999999999,0.17262912000001066
new_more,1000,0.2644586888061249,0.18425954999999994
new_more,1000,0.0370257,0.11144776173520789
new_more,1000,0.7899563,0.1536796798077802
new_more,1000,0.683938,0.16236531979064428
new_more,1000,0.7823199999999999,0.17262912000001066
new_more,1000,0.6193960759524285,0.18425954999999994
new_more,1000,0.0370257,0.11144776173520789
new_more,1000,0.7899563,0.1536796798077802
new_more,1000,0.683938,0.16236531979064428
new_more,1000,0.7823199999999999,0.17262912000001066
new_more,1000,0.33519177144337314,0.18425954999999994
new_more,1000,0.0370257,0.11144776173520789
new_more,1000,0.7899563,0.1536796798077802
new_more,1000,0.683938,0.16236531979064428
new_more,1000,0.7823199999999999,0.17262912000001066
new_more,1000,0.26904964907230106,0.18425954999999994
new_more,1000,0.0370257,0.11144776173520789
new_more,1000,0.7899563,0.1536796798077802
new_more,1000,0.683938,0.16236531979064428
new_more,1000,0.7823199999999999,0.17262912000001066
new_more,1000,0.3270369011167194,0.18425954999999994
new_more,1000,0.0370257,0.11144776173520789
new_more,1000,0.7899563,0.1536796798077802
new_more,1000,0.683938,0.16236531979064428
new_more,1000,0.7823199999999999,0.17262912000001066
new_more,1000,0.49152085065240486,0.18425954999999994
new_more,1000,0.0370257,0.11144776173520789
new_more,1000,0.7899563,0.1536796798077802
new_more,1000,0.683938,0.16236531979064428
new_more,1000,0.7823199999999999,0.17262912000001066
new_more,1000,0.26477342327293557,0.18425954999999994
new_more,1000,0.0370257,0.11144776173520789
new_more,1000,0.7899563,0.1536796798077802
new_more,1000,0.683938,0.16236531979064428
new_more,1000,0.7823199999999998,0.17262912000001066
new_more,1000,0.6315054901322332,0.18425954999999994
new_more,1000,0.0370257,0.11144776173520789
new_more,1000,0.7899563,0.1536796798077802
new_more,1000,0.683938,0.16236531979064428
new_more,1000,0.7823199999999999,0.17262912000001066
new_more,1000,0.8245356084625232,0.18425954999999994
new_more,1000,0.0370257,0.11144776173520789
new_more,1000,0.7899563,0.1536796798077802
new_more,1000,0.683938,0.16236531979064428
new_more,1000,0.7823199999999999,0.17262912000001066
new_more,1000,0.7872364168205942,0.18425954999999994
new_more,1000,0.0370257,0.11144776173520789
new_more,1000,0.7899563,0.1536796798077802
new_more,1000,0.683938,0.16236531979064428
new_more,1000,0.7823199999999999,0.17262912000001066
new_more,1000,0.843879119672239,0.18425954999999994
new_more,1000,0.0370257,0.11144776173520789
new_more,1000,0.7899563,0.1536796798077802
new_more,1000,0.683938,0.16236531979064428
new_more,1000,0.7823199999999999,0.17262912000001066
new_more,1000,0.7822175870595625,0.18425954999999994
new_more,1000,0.0370257,0.11144776173520789
new_more,1000,0.7899563,0.1536796798077802
new_more,1000,0.683938,0.16236531979064428
new_more,1000,0.7823199999999999,0.17262912000001066
new_more,1000,0.8694350188259552,0.18425954999999994
new_more,1000,0.0370257,0.11144776173520789
new_more,1000,0.7899563,0.1536796798077802
new_more,1000,0.683938,0.16236531979064428
new_more,1000,0.7823199999999999,0.17262912000001066
new_more,1000,0.22901558058549257,0.18425954999999994
new_more,1000,0.0370257,0.11144776173520789
new_more,1000,0.7899563,0.1536796798077802
new_more,1000,0.683938,0.16236531979064428
new_more,1000,0.7823199999999999,0.17262912000001066
new_more,1000,0.8145327750443629,0.18425954999999994
new_more,1000,0.037025699999999995,0.11144776173520789
new_more,1000,0.7899563,0.1536796798077802
new_more,1000,0.683938,0.16236531979064428
new_more,1000,0.7823199999999999,0.17262912000001066
new_more,1000,0.8186307497540515,0.18425954999999994
new_more,1000,0.0370257,0.11144776173520789
new_more,1000,0.7899563,0.1536796798077802
new_more,1000,0.683938,0.16236531979064428
new_more,1000,0.7823199999999999,0.17262912000001066
new_more,1000,0.7434962046248074,0.18425954999999994
new_more,1000,0.0370257,0.11144776173520789
new_more,1000,0.7899563,0.1536796798077802
new_more,1000,0.683938,0.16236531979064428
new_more,1000,0.7823199999999999,0.17262912000001066
new_more,1000,0.8693615586607185,0.18425954999999994
new_more,1000,0.0370257,0.11144776173520789
new_more,1000,0.7899563,0.1536796798077802
new_more,1000,0.683938,0.16236531979064428
new_more,1000,0.7823199999999999,0.17262912000001066
new_more,1000,0.6834767027939875,0.18425954999999994
new_more,1000,0.0370257,0.11144776173520789
new_more,1000,0.7899563,0.1536796798077802
new_more,1000,0.683938,0.16236531979064428
new_more,1000,0.7823199999999999,0.17262912000001066
new_more,1000,0.5796334717229736,0.18425954999999994
new_more,1000,0.03702570000000001,0.11144776173520789
new_more,1000,0.7899563,0.1536796798077802
new_more,1000,0.683938,0.16236531979064428
new_more,1000,0.7823199999999999,0.17262912000001066
new_more,1000,0.4759776783765331,0.18425954999999994
new_more,1000,0.0370257,0.11144776173520789
new_more,1000,0.7899563,0.1536796798077802
new_more,1000,0.683938,0.16236531979064428
new_more,1000,0.7823199999999999,0.17262912000001066
new_more,1000,0.2676256906740883,0.18425954999999994
new_more,1000,0.03702570000000001,0.11144776173520789
new_more,1000,0.7899563,0.1536796798077802
new_more,1000,0.683938,0.16236531979064428
new_more,1000,0.7823199999999999,0.17262912000001066
new_more,1000,0.8425201936759098,0.18425954999999994
new_more,1000,0.0370257,0.11144776173520789
new_more,1000,0.7899563,0.1536796798077802
new_more,1000,0.6839380000000002,0.16236531979064428
new_more,1000,0.7823199999999999,0.17262912000001066
new_more,1000,0.23682741202801189,0.18425954999999994
new_more,1000,0.0370257,0.11144776173520789
new_more,1000,0.7899563,0.1536796798077802
new_more,1000,0.683938,0.16236531979064428
new_more,1000,0.7823199999999999,0.17262912000001066
new_more,1000,0.6404591377488239,0.18425954999999994
new_more,1000,0.0370257,0.11144776173520789
new_more,1000,0.7899563,0.1536796798077802
new_more,1000,0.683938,0.16236531979064428
new_more,1000,0.7823199999999999,0.17262912000001066
new_more,1000,0.8268339665159861,0.18425954999999994
new_more,1000,0.0370257,0.11144776173520789
new_more,1000,0.7899562999999998,0.1536796798077802
new_more,1000,0.683938,0.16236531979064428
new_more,1000,0.7823199999999998,0.17262912000001066
new_more,1000,0.04312187440837141,0.18425954999999994
new_more,1000,0.0370257,0.11144776173520789
new_more,1000,0.7899563,0.1536796798077802
new_more,1000,0.683938,0.16236531979064428
new_more,1000,0.7823199999999999,0.17262912000001066
new_more,1000,0.21000520207421983,0.18425954999999994
new_more,1000,0.0370257,0.11144776173520789
new_more,1000,0.7899563,0.1536796798077802
new_more,1000,0.683938,0.16236531979064428
new_more,1000,0.7823199999999999,0.17262912000001066
new_more,1000,0.8271426143481343,0.18425954999999994
new_more,1000,0.0370257,0.11144776173520789
new_more,1000,0.7899563,0.1536796798077802
new_more,1000,0.683938,0.16236531979064428
new_more,1000,0.7823199999999999,0.17262912000001066
new_more,1000,0.6208620352512186,0.18425954999999994
new_more,1000,0.0370257,0.11144776173520789
new_more,1000,0.7899563,0.1536796798077802
new_more,1000,0.683938,0.16236531979064428
new_more,1000,0.7823199999999999,0.17262912000001066
new_more,1000,0.5827093949877095,0.18425954999999994
new_more,1000,0.0370257,0.11144776173520789
new_more,1000,0.7899563,0.1536796798077802
new_more,1000,0.683938,0.16236531979064428
new_more,1000,0.7823199999999999,0.17262912000001066
new_more,1000,0.3583264997539267,0.18425954999999994
new_more,1000,0.0370257,0.11144776173520789
new_more,1000,0.7899563,0.1536796798077802
new_more,1000,0.683938,0.16236531979064428
new_more,1000,0.7823199999999999,0.17262912000001066
new_more,1000,0.7669370268692635,0.18425954999999994
new_more,1000,0.0370257,0.11144776173520789
new_more,1000,0.7899563,0.1536796798077802
new_more,1000,0.683938,0.16236531979064428
new_more,1000,0.7823199999999999,0.17262912000001066
new_more,1000,0.6129556865634668,0.18425954999999994
new_more,1000,0.0370257,0.11144776173520789
new_more,1000,0.7899563,0.1536796798077802
new_more,1000,0.683938,0.16236531979064428
new_more,1000,0.7823199999999999,0.17262912000001066
new_more,1000,0.7925867521073485,0.18425954999999994
new_more,1000,0.0370257,0.11144776173520789
new_more,1000,0.7899563,0.1536796798077802
new_more,1000,0.683938,0.16236531979064428
new_more,1000,0.7823199999999999,0.17262912000001066
new_more,1000,0.8363422507519361,0.18425954999999994
new_more,1000,0.0370257,0.11144776173520789
new_more,1000,0.7899563,0.1536796798077802
new_more,1000,0.683938,0.16236531979064428
new_more,1000,0.7823199999999999,0.17262912000001066
new_more,1000,0.5921145795804108,0.18425954999999994
new_more,1000,0.0370257,0.11144776173520789
new_more,1000,0.7899563,0.1536796798077802
new_more,1000,0.683938,0.16236531979064428
new_more,1000,0.7823199999999999,0.17262912000001066
new_more,1000,0.8271650691904454,0.18425954999999994
new_more,1000,0.0370257,0.11144776173520789
new_more,1000,0.7899563,0.1536796798077802
new_more,1000,0.683938,0.16236531979064428
new_more,1000,0.7823199999999999,0.17262912000001066
new_more,1000,0.5479722729378288,0.18425954999999994
new_more,1000,0.0370257,0.11144776173520789
new_more,1000,0.7899563,0.1536796798077802
new_more,1000,0.683938,0.16236531979064428
new_more,1000,0.7823199999999999,0.17262912000001066
new_more,1000,0.013748637138725699,0.18425954999999994
new_more,1000,0.0370257,0.11144776173520789
new_more,1000,0.7899563,0.1536796798077802
new_more,1000,0.683938,0.16236531979064428
new_more,1000,0.7823199999999999,0.17262912000001066
new_more,1000,0.6655538788546159,0.18425954999999994
new_more,1000,0.0370257,0.11144776173520789
new_more,1000,0.7899563,0.1536796798077802
new_more,1000,0.683938,0.16236531979064428
new_more,1000,0.7823199999999999,0.17262912000001066
new_more,1000,0.5383786815352167,0.18425954999999994
new_more,1000,0.0370257,0.11144776173520789
new_more,1000,0.7899563,0.1536796798077802
new_more,1000,0.683938,0.16236531979064428
new_more,1000,0.7823199999999999,0.17262912000001066
new_more,1000,0.683455626719135,0.18425954999999994
new_more,1000,0.0370257,0.11144776173520789
new_more,1000,0.7899563,0.1536796798077802
new_more,1000,0.683938,0.16236531979064428
new_more,1000,0.7823199999999999,0.17262912000001066
new_more,1000,0.04458671565646414,0.18425954999999994
new_more,1000,0.0370257,0.11144776173520789
new_more,1000,0.7899563,0.1536796798077802
new_more,1000,0.683938,0.16236531979064428
new_more,1000,0.7823199999999999,0.17262912000001066
new_more,1000,0.28866546890238054,0.18425954999999994
new_more,1000,0.0370257,0.11144776173520789
new_more,1000,0.7899563,0.1536796798077802
new_more,1000,0.683938,0.16236531979064428
new_more,1000,0.7823199999999999,0.17262912000001066
new_more,1000,0.5957595145975502,0.18425954999999994
new_more,1000,0.0370257,0.11144776173520789
new_more,1000,0.7899563,0.1536796798077802
new_more,1000,0.683938,0.16236531979064428
new_more,1000,0.7823199999999999,0.17262912000001066
new_more,1000,0.06906602445046785,0.18425954999999994
new_more,1000,0.0370257,0.11144776173520789
new_more,1000,0.7899563,0.1536796798077802
new_more,1000,0.683938,0.16236531979064428
new_more,1000,0.7823199999999999,0.17262912000001066
new_more,1000,0.22644369431598063,0.18425954999999994
new_more,1000,0.0370257,0.11144776173520789
new_more,1000,0.7899563,0.1536796798077802
new_more,1000,0.683938,0.16236531979064428
new_more,1000,0.7823199999999999,0.17262912000001066
new_more,1000,0.8791700000000002,0.18425954999999994
new_more,1000,0.05627158232375129,0.19620686999999992
new_more,1000,0.0370257,0.11144776173520789
new_more,1000,0.7899563,0.1536796798077802
new_more,1000,0.683938,0.16236531979064428
new_more,1000,0.7823199999999999,0.17262912000001066
new_more,1000,0.8791700000000002,0.18425954999999994
new_more,1000,0.30652528574923465,0.19620686999999992
new_more,1000,0.0370257,0.11144776173520789
new_more,1000,0.7899563,0.1536796798077802
new_more,1000,0.683938,0.16236531979064428
new_more,1000,0.7823199999999999,0.17262912000001066
new_more,1000,0.8791700000000002,0.18425954999999994
new_more,1000,0.3691994368029069,0.19620686999999992
new_more,1000,0.0370257,0.11144776173520789
new_more,1000,0.7899563,0.1536796798077802
new_more,1000,0.683938,0.16236531979064428
new_more,1000,0.7823199999999999,0.17262912000001066
new_more,1000,0.8791700000000003,0.18425954999999994
new_more,1000,0.1164851960319863,0.19620686999999992
new_more,1000,0.0370257,0.11144776173520789
new_more,1000,0.7899563,0.1536796798077802
new_more,1000,0.683938,0.16236531979064428
new_more,1000,0.7823199999999999,0.17262912000001066
new_more,1000,0.8791700000000002,0.18425954999999994
new_more,1000,0.23258250938925748,0.19620686999999992
new_more,1000,0.0370257,0.11144776173520789
new_more,1000,0.7899563,0.1536796798077802
new_more,1000,0.683938,0.16236531979064428
new_more,1000,0.7823199999999999,0.17262912000001066
new_more,1000,0.8791700000000002,0.18425954999999994
new_more,1000,0.41723525433598346,0.19620686999999992
new_more,1000,0.0370257,0.11144776173520789
new_more,1000,0.7899563,0.1536796798077802
new_more,1000,0.683938,0.16236531979064428
new_more,1000,0.7823199999999999,0.17262912000001066
new_more,1000,0.8791700000000002,0.18425954999999994
new_more,1000,0.28197653427080727,0.19620686999999992
new_more,1000,0.0370257,0.11144776173520789
new_more,1000,0.7899563,0.1536796798077802
new_more,1000,0.683938,0.16236531979064428
new_more,1000,0.7823199999999999,0.17262912000001066
new_more,1000,0.8791700000000002,0.18425954999999994
new_more,1000,0.13121651665858466,0.19620686999999992
new_more,1000,0.0370257,0.11144776173520789
new_more,1000,0.7899563,0.1536796798077802
new_more,1000,0.683938,0.16236531979064428
new_more,1000,0.7823199999999999,0.17262912000001066
new_more,1000,0.8791700000000002,0.18425954999999994
new_more,1000,0.16173221012051558,0.19620686999999992
new_more,1000,0.0370257,0.11144776173520789
new_more,1000,0.7899563,0.1536796798077802
new_more,1000,0.683938,0.16236531979064428
new_more,1000,0.7823199999999999,0.17262912000001066
new_more,1000,0.8791700000000002,0.18425954999999994
new_more,1000,0.606796583723452,0.19620686999999992
new_more,1000,0.0370257,0.11144776173520789
new_more,1000,0.7899563,0.1536796798077802
new_more,1000,0.683938,0.16236531979064428
new_more,1000,0.7823199999999999,0.17262912000001066
new_more,1000,0.8791700000000002,0.18425954999999994
new_more,1000,0.507737351689098,0.19620686999999992
new_more,1000,0.0370257,0.11144776173520789
new_more,1000,0.7899563,0.1536796798077802
new_more,1000,0.683938,0.16236531979064428
new_more,1000,0.7823199999999999,0.17262912000001066
new_more,1000,0.8791700000000002,0.18425954999999994
new_more,1000,0.34709695309335464,0.19620686999999992
new_more,1000,0.0370257,0.11144776173520789
new_more,1000,0.7899563,0.1536796798077802
new_more,1000,0.683938,0.16236531979064428
new_more,1000,0.7823199999999999,0.17262912000001066
new_more,1000,0.8791700000000002,0.18425954999999994
new_more,1000,0.239260788213927,0.19620686999999992
new_more,1000,0.0370257,0.11144776173520789
new_more,1000,0.7899563,0.1536796798077802
new_more,1000,0.683938,0.16236531979064428
new_more,1000,0.7823199999999999,0.17262912000001066
new_more,1000,0.8791700000000002,0.18425954999999994
new_more,1000,0.25613689586391536,0.19620686999999992
new_more,1000,0.0370257,0.11144776173520789
new_more,1000,0.7899563,0.1536796798077802
new_more,1000,0.683938,0.16236531979064428
new_more,1000,0.7823199999999999,0.17262912000001066
new_more,1000,0.8791700000000002,0.18425954999999994
new_more,1000,0.021581487233329304,0.19620686999999992
new_more,1000,0.03702570000000001,0.11144776173520789
new_more,1000,0.7899563,0.1536796798077802
new_more,1000,0.6839380000000002,0.16236531979064428
new_more,1000,0.7823199999999999,0.17262912000001066
new_more,1000,0.8791700000000002,0.18425954999999994
new_more,1000,0.0538980198814827,0.19620686999999992
new_more,1000,0.037025699999999995,0.11144776173520789
new_more,1000,0.7899563,0.1536796798077802
new_more,1000,0.683938,0.16236531979064428
new_more,1000,0.7823199999999999,0.17262912000001066
new_more,1000,0.8791700000000002,0.18425954999999994
new_more,1000,0.4487650315085943,0.19620686999999992
new_more,1000,0.0370257,0.11144776173520789
new_more,1000,0.7899563,0.1536796798077802
new_more,1000,0.683938,0.16236531979064428
new_more,1000,0.7823199999999999,0.17262912000001066
new_more,1000,0.8791700000000002,0.18425954999999994
new_more,1000,0.3510526038417408,0.19620686999999992
new_more,1000,0.0370257,0.11144776173520789
new_more,1000,0.7899563,0.1536796798077802
new_more,1000,0.683938,0.16236531979064428
new_more,1000,0.7823199999999999,0.17262912000001066
new_more,1000,0.8791700000000002,0.18425954999999994
new_more,1000,0.5297622466171303,0.19620686999999992
new_more,1000,0.0370257,0.11144776173520789
new_more,1000,0.7899563,0.1536796798077802
new_more,1000,0.683938,0.16236531979064428
new_more,1000,0.7823199999999999,0.17262912000001066
new_more,1000,0.8791700000000002,0.18425954999999994
new_more,1000,0.3549888014064892,0.19620686999999992
new_more,1000,0.0370257,0.11144776173520789
new_more,1000,0.7899563,0.1536796798077802
new_more,1000,0.683938,0.16236531979064428
new_more,1000,0.7823199999999999,0.17262912000001066
new_more,1000,0.8791700000000002,0.18425954999999994
new_more,1000,0.8710907305877938,0.19620686999999992
new_more,1000,0.0370257,0.11144776173520789
new_more,1000,0.7899563,0.1536796798077802
new_more,1000,0.683938,0.16236531979064428
new_more,1000,0.7823199999999999,0.17262912000001066
new_more,1000,0.8791700000000002,0.18425954999999994
new_more,1000,0.5860665760354425,0.19620686999999992
new_more,1000,0.0370257,0.11144776173520789
new_more,1000,0.7899563,0.1536796798077802
new_more,1000,0.683938,0.16236531979064428
new_more,1000,0.7823199999999999,0.17262912000001066
new_more,1000,0.8791700000000002,0.18425954999999994
new_more,1000,0.2551629599338376,0.19620686999999992
new_more,1000,0.0370257,0.11144776173520789
new_more,1000,0.7899563,0.1536796798077802
new_more,1000,0.683938,0.16236531979064428
new_more,1000,0.7823199999999999,0.17262912000001066
new_more,1000,0.8791700000000002,0.18425954999999994
new_more,1000,0.5546029200606104,0.19620686999999992
new_more,1000,0.0370257,0.11144776173520789
new_more,1000,0.7899563,0.1536796798077802
new_more,1000,0.683938,0.16236531979064428
new_more,1000,0.7823199999999999,0.17262912000001066
new_more,1000,0.8791700000000002,0.18425954999999994
new_more,1000,0.41631537574485344,0.19620686999999992
new_more,1000,0.03702570000000001,0.11144776173520789
new_more,1000,0.7899563,0.1536796798077802
new_more,1000,0.683938,0.16236531979064428
new_more,1000,0.7823199999999999,0.17262912000001066
new_more,1000,0.8791700000000002,0.18425954999999994
new_more,1000,0.30157483561253245,0.19620686999999992
new_more,1000,0.0370257,0.11144776173520789
new_more,1000,0.7899563,0.1536796798077802
new_more,1000,0.683938,0.16236531979064428
new_more,1000,0.7823199999999999,0.17262912000001066
new_more,1000,0.8791700000000001,0.18425954999999994
new_more,1000,0.07198814976485614,0.19620686999999992
new_more,1000,0.0370257,0.11144776173520789
new_more,1000,0.7899562999999998,0.1536796798077802
new_more,1000,0.683938,0.16236531979064428
new_more,1000,0.7823199999999999,0.17262912000001066
new_more,1000,0.8791700000000002,0.18425954999999994
new_more,1000,0.10176719975094126,0.19620686999999992
new_more,1000,0.0370257,0.11144776173520789
new_more,1000,0.7899563,0.1536796798077802
new_more,1000,0.683938,0.16236531979064428
new_more,1000,0.7823199999999999,0.17262912000001066
new_more,1000,0.8791700000000003,0.18425954999999994
new_more,1000,0.6206469867078854,0.19620686999999992
new_more,1000,0.0370257,0.11144776173520789
new_more,1000,0.7899563000000001,0.1536796798077802
new_more,1000,0.683938,0.16236531979064428
new_more,1000,0.7823199999999998,0.17262912000001066
new_more,1000,0.8791700000000002,0.18425954999999994
new_more,1000,0.5755804298076773,0.19620686999999992
new_more,1000,0.0370257,0.11144776173520789
new_more,1000,0.7899563,0.1536796798077802
new_more,1000,0.683938,0.16236531979064428
new_more,1000,0.7823199999999999,0.17262912000001066
new_more,1000,0.8791700000000002,0.18425954999999994
new_more,1000,0.31068167732761054,0.19620686999999992
new_more,1000,0.0370257,0.11144776173520789
new_more,1000,0.7899563,0.1536796798077802
new_more,1000,0.683938,0.16236531979064428
new_more,1000,0.7823199999999999,0.17262912000001066
new_more,1000,0.8791700000000002,0.18425954999999994
new_more,1000,0.18650770756757223,0.19620686999999992
new_more,1000,0.0370257,0.11144776173520789
new_more,1000,0.7899563,0.1536796798077802
new_more,1000,0.683938,0.16236531979064428
new_more,1000,0.7823199999999999,0.17262912000001066
new_more,1000,0.8791700000000002,0.18425954999999994
new_more,1000,0.46026984234299934,0.19620686999999992
new_more,1000,0.0370257,0.11144776173520789
new_more,1000,0.7899563,0.1536796798077802
new_more,1000,0.683938,0.16236531979064428
new_more,1000,0.7823199999999999,0.17262912000001066
new_more,1000,0.8791700000000002,0.18425954999999994
new_more,1000,0.14670792668010277,0.19620686999999992
new_more,1000,0.0370257,0.11144776173520789
new_more,1000,0.7899563,0.1536796798077802
new_more,1000,0.683938,0.16236531979064428
new_more,1000,0.7823199999999999,0.17262912000001066
new_more,1000,0.8791700000000002,0.18425954999999994
new_more,1000,0.28314796966576844,0.19620686999999992
new_more,1000,0.0370257,0.11144776173520789
new_more,1000,0.7899563,0.1536796798077802
new_more,1000,0.683938,0.16236531979064428
new_more,1000,0.7823199999999999,0.17262912000001066
new_more,1000,0.8791700000000002,0.18425954999999994
new_more,1000,0.12491952033517037,0.19620686999999992
new_more,1000,0.0370257,0.11144776173520789
new_more,1000,0.7899563,0.1536796798077802
new_more,1000,0.683938,0.16236531979064428
new_more,1000,0.7823199999999999,0.17262912000001066
new_more,1000,0.8791700000000001,0.18425954999999994
new_more,1000,0.6680469782229927,0.19620686999999992
new_more,1000,0.0370257,0.11144776173520789
new_more,1000,0.7899562999999998,0.1536796798077802
new_more,1000,0.683938,0.16236531979064428
new_more,1000,0.7823199999999999,0.17262912000001066
new_more,1000,0.8791700000000002,0.18425954999999994
new_more,1000,0.07362994446951726,0.19620686999999992
new_more,1000,0.0370257,0.11144776173520789
new_more,1000,0.7899563,0.1536796798077802
new_more,1000,0.6839379999999999,0.16236531979064428
new_more,1000,0.7823199999999999,0.17262912000001066
new_more,1000,0.8791700000000002,0.18425954999999994
new_more,1000,0.4206221304886988,0.19620686999999992
new_more,1000,0.0370257,0.11144776173520789
new_more,1000,0.7899563,0.1536796798077802
new_more,1000,0.683938,0.16236531979064428
new_more,1000,0.7823199999999999,0.17262912000001066
new_more,1000,0.8791700000000002,0.18425954999999994
new_more,1000,0.5360437552421845,0.19620686999999992
new_more,1000,0.0370257,0.11144776173520789
new_more,1000,0.7899563,0.1536796798077802
new_more,1000,0.683938,0.16236531979064428
new_more,1000,0.7823199999999999,0.17262912000001066
new_more,1000,0.8791700000000002,0.18425954999999994
new_more,1000,0.3428940893732077,0.19620686999999992
new_more,1000,0.0370257,0.11144776173520789
new_more,1000,0.7899563,0.1536796798077802
new_more,1000,0.683938,0.16236531979064428
new_more,1000,0.7823199999999999,0.17262912000001066
new_more,1000,0.8791700000000002,0.18425954999999994
new_more,1000,0.09317095910949194,0.19620686999999992
new_more,1000,0.0370257,0.11144776173520789
new_more,1000,0.7899563,0.1536796798077802
new_more,1000,0.683938,0.16236531979064428
new_more,1000,0.7823199999999999,0.17262912000001066
new_more,1000,0.8791700000000002,0.18425954999999994
new_more,1000,0.45751367129700826,0.19620686999999992
new_more,1000,0.0370257,0.11144776173520789
new_more,1000,0.7899563,0.1536796798077802
new_more,1000,0.683938,0.16236531979064428
new_more,1000,0.7823199999999999,0.17262912000001066
new_more,1000,0.8791700000000003,0.18425954999999994
new_more,1000,0.42977667774251216,0.19620686999999992
new_more,1000,0.0370257,0.11144776173520789
new_more,1000,0.7899563,0.1536796798077802
new_more,1000,0.683938,0.16236531979064428
new_more,1000,0.7823199999999999,0.17262912000001066
new_more,1000,0.8791700000000002,0.18425954999999994
new_more,1000,0.11639744257708272,0.19620686999999992
new_more,1000,0.0370257,0.11144776173520789
new_more,1000,0.7899563,0.1536796798077802
new_more,1000,0.683938,0.16236531979064428
new_more,1000,0.7823199999999999,0.17262912000001066
new_more,1000,0.8791700000000002,0.18425954999999994
new_more,1000,0.5189621099711521,0.19620686999999992
new_more,1000,0.0370257,0.11144776173520789
new_more,1000,0.7899563,0.1536796798077802
new_more,1000,0.6839379999999999,0.16236531979064428
new_more,1000,0.7823199999999999,0.17262912000001066
new_more,1000,0.8791700000000002,0.18425954999999994
new_more,1000,0.2987145846312776,0.19620686999999992
new_more,1000,0.0370257,0.11144776173520789
new_more,1000,0.7899563,0.1536796798077802
new_more,1000,0.683938,0.16236531979064428
new_more,1000,0.7823199999999999,0.17262912000001066
new_more,1000,0.8791700000000002,0.18425954999999994
new_more,1000,0.09651427526333525,0.19620686999999992
new_more,1000,0.0370257,0.11144776173520789
new_more,1000,0.7899563,0.1536796798077802
new_more,1000,0.683938,0.16236531979064428
new_more,1000,0.7823199999999999,0.17262912000001066
new_more,1000,0.8791700000000001,0.18425954999999994
new_more,1000,0.05922537593715992,0.19620686999999992
new_more,1000,0.0370257,0.11144776173520789
new_more,1000,0.7899563,0.1536796798077802
new_more,1000,0.683938,0.16236531979064428
new_more,1000,0.7823199999999999,0.17262912000001066
new_more,1000,0.8791700000000001,0.18425954999999994
new_more,1000,0.6023694122200731,0.19620686999999992
new_more,1000,0.0370257,0.11144776173520789
new_more,1000,0.7899563,0.1536796798077802
new_more,1000,0.683938,0.16236531979064428
new_more,1000,0.7823199999999999,0.17262912000001066
new_more,1000,0.8791700000000002,0.18425954999999994
new_more,1000,0.23278981659923348,0.19620686999999992
new_more,1000,0.0370257,0.11144776173520789
new_more,1000,0.7899563,0.1536796798077802
new_more,1000,0.683938,0.16236531979064428
new_more,1000,0.7823199999999999,0.17262912000001066
new_more,1000,0.8791700000000002,0.18425954999999994
new_more,1000,0.5302031247147944,0.19620686999999992
new_more,1000,0.0370257,0.11144776173520789
new_more,1000,0.7899563,0.1536796798077802
new_more,1000,0.683938,0.16236531979064428
new_more,1000,0.7823199999999999,0.17262912000001066
new_more,1000,0.8791700000000002,0.18425954999999994
new_more,1000,0.7172696396362906,0.19620686999999992
new_more,1000,0.0370257,0.11144776173520789
new_more,1000,0.7899563,0.1536796798077802
new_more,1000,0.683938,0.16236531979064428
new_more,1000,0.7823199999999999,0.17262912000001066
new_more,1000,0.8791700000000002,0.18425954999999994
new_more,1000,0.2857187886404495,0.19620686999999992
new_more,1000,0.0370257,0.11144776173520789
new_more,1000,0.7899563,0.1536796798077802
new_more,1000,0.683938,0.16236531979064428
new_more,1000,0.7823199999999999,0.17262912000001066
new_more,1000,0.8791700000000002,0.18425954999999994
new_more,1000,0.6939328442533736,0.19620686999999992
new_more,1000,0.0370257,0.11144776173520789
new_more,1000,0.7899563,0.1536796798077802
new_more,1000,0.683938,0.16236531979064428
new_more,1000,0.7823199999999999,0.17262912000001066
new_more,1000,0.8791700000000002,0.18425954999999994
new_more,1000,0.03318732255103465,0.19620686999999992
new_more,1000,0.0370257,0.11144776173520789
new_more,1000,0.7899563,0.1536796798077802
new_more,1000,0.683938,0.16236531979064428
new_more,1000,0.7823199999999999,0.17262912000001066
new_more,1000,0.8791700000000001,0.18425954999999994
new_more,1000,0.08922031996807833,0.19620686999999992
new_more,1000,0.0370257,0.11144776173520789
new_more,1000,0.7899563,0.1536796798077802
new_more,1000,0.683938,0.16236531979064428
new_more,1000,0.7823199999999999,0.17262912000001066
new_more,1000,0.8791700000000002,0.18425954999999994
new_more,1000,0.19407872063610065,0.19620686999999992
new_more,1000,0.0370257,0.11144776173520789
new_more,1000,0.7899563,0.1536796798077802
new_more,1000,0.683938,0.16236531979064428
new_more,1000,0.7823199999999999,0.17262912000001066
new_more,1000,0.8791700000000002,0.18425954999999994
new_more,1000,0.3358262303089984,0.19620686999999992
new_more,1000,0.03702570000000001,0.11144776173520789
new_more,1000,0.7899563,0.1536796798077802
new_more,1000,0.683938,0.16236531979064428
new_more,1000,0.7823199999999999,0.17262912000001066
new_more,1000,0.8791700000000002,0.18425954999999994
new_more,1000,0.7299086665733963,0.19620686999999992
new_more,1000,0.0370257,0.11144776173520789
new_more,1000,0.7899563,0.1536796798077802
new_more,1000,0.683938,0.16236531979064428
new_more,1000,0.7823199999999999,0.17262912000001066
new_more,1000,0.8791700000000002,0.18425954999999994
new_more,1000,0.5040342107832273,0.19620686999999992
new_more,1000,0.0370257,0.11144776173520789
new_more,1000,0.7899563,0.1536796798077802
new_more,1000,0.683938,0.16236531979064428
new_more,1000,0.7823199999999999,0.17262912000001066
new_more,1000,0.8791700000000002,0.18425954999999994
new_more,1000,0.034278508319361856,0.19620686999999992
new_more,1000,0.0370257,0.11144776173520789
new_more,1000,0.7899563,0.1536796798077802
new_more,1000,0.683938,0.16236531979064428
new_more,1000,0.7823199999999999,0.17262912000001066
new_more,1000,0.8791700000000001,0.18425954999999994
new_more,1000,0.019207490004057512,0.19620686999999992
new_more,1000,0.0370257,0.11144776173520789
new_more,1000,0.7899563,0.1536796798077802
new_more,1000,0.6839380000000002,0.16236531979064428
new_more,1000,0.7823199999999999,0.17262912000001066
new_more,1000,0.8791700000000002,0.18425954999999994
new_more,1000,0.6217181982228356,0.19620686999999992
new_more,1000,0.0370257,0.11144776173520789
new_more,1000,0.7899563,0.1536796798077802
new_more,1000,0.683938,0.16236531979064428
new_more,1000,0.7823199999999999,0.17262912000001066
new_more,1000,0.8791700000000001,0.18425954999999994
new_more,1000,0.15913896385472018,0.19620686999999992
new_more,1000,0.0370257,0.11144776173520789
new_more,1000,0.7899563,0.1536796798077802
new_more,1000,0.683938,0.16236531979064428
new_more,1000,0.7823199999999999,0.17262912000001066
new_more,1000,0.8791700000000002,0.18425954999999994
new_more,1000,0.30742027199668803,0.19620686999999992
new_more,1000,0.0370257,0.11144776173520789
new_more,1000,0.7899563,0.1536796798077802
new_more,1000,0.683938,0.16236531979064428
new_more,1000,0.7823199999999999,0.17262912000001066
new_more,1000,0.8791700000000002,0.18425954999999994
new_more,1000,0.32678455274660945,0.19620686999999992
new_more,1000,0.0370257,0.11144776173520789
new_more,1000,0.7899563,0.1536796798077802
new_more,1000,0.683938,0.16236531979064428
new_more,1000,0.7823199999999999,0.17262912000001066
new_more,1000,0.8791700000000002,0.18425954999999994
new_more,1000,0.7701235464623929,0.19620686999999992
new_more,1000,0.03702570000000001,0.11144776173520789
new_more,1000,0.7899563,0.1536796798077802
new_more,1000,0.683938,0.16236531979064428
new_more,1000,0.7823199999999999,0.17262912000001066
new_more,1000,0.8791700000000002,0.18425954999999994
new_more,1000,0.3365001447250117,0.19620686999999992
new_more,1000,0.0370257,0.11144776173520789
new_more,1000,0.7899563,0.1536796798077802
new_more,1000,0.683938,0.16236531979064428
new_more,1000,0.7823199999999999,0.17262912000001066
new_more,1000,0.8791700000000002,0.18425954999999994
new_more,1000,0.2988485043692548,0.19620686999999992
new_more,1000,0.037025699999999995,0.11144776173520789
new_more,1000,0.7899562999999998,0.1536796798077802
new_more,1000,0.683938,0.16236531979064428
new_more,1000,0.7823199999999999,0.17262912000001066
new_more,1000,0.8791700000000002,0.18425954999999994
new_more,1000,0.3634275254867776,0.19620686999999992
new_more,1000,0.0370257,0.11144776173520789
new_more,1000,0.7899563,0.1536796798077802
new_more,1000,0.683938,0.16236531979064428
new_more,1000,0.7823199999999999,0.17262912000001066
new_more,1000,0.8791700000000002,0.18425954999999994
new_more,1000,0.5889533336508725,0.19620686999999992
new_more,1000,0.0370257,0.11144776173520789
new_more,1000,0.7899563,0.1536796798077802
new_more,1000,0.683938,0.16236531979064428
new_more,1000,0.7823199999999999,0.17262912000001066
new_more,1000,0.8791700000000002,0.18425954999999994
new_more,1000,0.299098213358623,0.19620686999999992
new_more,1000,0.0370257,0.11144776173520789
new_more,1000,0.7899563,0.1536796798077802
new_more,1000,0.683938,0.16236531979064428
new_more,1000,0.7823199999999999,0.17262912000001066
new_more,1000,0.8791700000000002,0.18425954999999994
new_more,1000,0.7222524593309296,0.19620686999999992
new_more,1000,0.0370257,0.11144776173520789
new_more,1000,0.7899563,0.1536796798077802
new_more,1000,0.683938,0.16236531979064428
new_more,1000,0.7823199999999999,0.17262912000001066
new_more,1000,0.8791700000000002,0.18425954999999994
new_more,1000,0.14525075863311432,0.19620686999999992
new_more,1000,0.0370257,0.11144776173520789
new_more,1000,0.7899563,0.1536796798077802
new_more,1000,0.683938,0.16236531979064428
new_more,1000,0.7823199999999999,0.17262912000001066
new_more,1000,0.8791700000000002,0.18425954999999994
new_more,1000,0.5643206852075205,0.19620686999999992
new_more,1000,0.0370257,0.11144776173520789
new_more,1000,0.7899563,0.1536796798077802
new_more,1000,0.683938,0.16236531979064428
new_more,1000,0.7823199999999999,0.17262912000001066
new_more,1000,0.8791700000000002,0.18425954999999994
new_more,1000,0.5758544863124763,0.19620686999999992
new_more,1000,0.0370257,0.11144776173520789
new_more,1000,0.7899563,0.1536796798077802
new_more,1000,0.683938,0.16236531979064428
new_more,1000,0.7823199999999999,0.17262912000001066
new_more,1000,0.8791700000000002,0.18425954999999994
new_more,1000,0.3771669242485526,0.19620686999999992
new_more,1000,0.0370257,0.11144776173520789
new_more,1000,0.7899563,0.1536796798077802
new_more,1000,0.683938,0.16236531979064428
new_more,1000,0.7823199999999999,0.17262912000001066
new_more,1000,0.8791700000000002,0.18425954999999994
new_more,1000,0.5203418887901525,0.19620686999999992
new_more,1000,0.0370257,0.11144776173520789
new_more,1000,0.7899563,0.1536796798077802
new_more,1000,0.683938,0.16236531979064428
new_more,1000,0.7823199999999999,0.17262912000001066
new_more,1000,0.8791700000000002,0.18425954999999994
new_more,1000,0.21809432217480054,0.19620686999999992
new_more,1000,0.0370257,0.11144776173520789
new_more,1000,0.7899563,0.1536796798077802
new_more,1000,0.683938,0.16236531979064428
new_more,1000,0.7823199999999999,0.17262912000001066
new_more,1000,0.8791700000000002,0.18425954999999994
new_more,1000,0.7550302404607752,0.19620686999999992
new_more,1000,0.0370257,0.11144776173520789
new_more,1000,0.7899563,0.1536796798077802
new_more,1000,0.683938,0.16236531979064428
new_more,1000,0.78232,0.17262912000001066
new_more,1000,0.8791700000000002,0.18425954999999994
new_more,1000,0.09655589463585375,0.19620686999999992
new_more,1000,0.0370257,0.11144776173520789
new_more,1000,0.7899563,0.1536796798077802
new_more,1000,0.683938,0.16236531979064428
new_more,1000,0.7823199999999999,0.17262912000001066
new_more,1000,0.8791700000000001,0.18425954999999994
new_more,1000,0.4718326772669369,0.19620686999999992
new_more,1000,0.0370257,0.11144776173520789
new_more,1000,0.7899563,0.1536796798077802
new_more,1000,0.683938,0.16236531979064428
new_more,1000,0.7823199999999999,0.17262912000001066
new_more,1000,0.8791700000000002,0.18425954999999994
new_more,1000,0.4867419323718865,0.19620686999999992
new_more,1000,0.0370257,0.11144776173520789
new_more,1000,0.7899563,0.1536796798077802
new_more,1000,0.683938,0.16236531979064428
new_more,1000,0.7823199999999999,0.17262912000001066
new_more,1000,0.8791700000000002,0.18425954999999994
new_more,1000,0.39388579402174295,0.19620686999999992
new_more,1000,0.0370257,0.11144776173520789
new_more,1000,0.7899563,0.1536796798077802
new_more,1000,0.683938,0.16236531979064428
new_more,1000,0.7823199999999999,0.17262912000001066
new_more,1000,0.8791700000000002,0.18425954999999994
new_more,1000,0.43392838630811237,0.19620686999999992
new_more,1000,0.0370257,0.11144776173520789
new_more,1000,0.7899563,0.1536796798077802
new_more,1000,0.683938,0.16236531979064428
new_more,1000,0.7823199999999999,0.17262912000001066
new_more,1000,0.8791700000000002,0.18425954999999994
new_more,1000,0.5542664401481998,0.19620686999999992
new_more,1000,0.0370257,0.11144776173520789
new_more,1000,0.7899563,0.1536796798077802
new_more,1000,0.683938,0.16236531979064428
new_more,1000,0.7823199999999999,0.17262912000001066
new_more,1000,0.8791700000000002,0.18425954999999994
new_more,1000,0.2952868268031572,0.19620686999999992
new_more,1000,0.0370257,0.11144776173520789
new_more,1000,0.7899563,0.1536796798077802
new_more,1000,0.683938,0.16236531979064428
new_more,1000,0.7823199999999999,0.17262912000001066
new_more,1000,0.8791700000000002,0.18425954999999994
new_more,1000,0.6939693937258954,0.19620686999999992
new_more,1000,0.0370257,0.11144776173520789
new_more,1000,0.7899563,0.1536796798077802
new_more,1000,0.683938,0.16236531979064428
new_more,1000,0.7823199999999999,0.17262912000001066
new_more,1000,0.8791700000000002,0.18425954999999994
new_more,1000,0.29189398224511476,0.19620686999999992
new_more,1000,0.0370257,0.11144776173520789
new_more,1000,0.7899563,0.1536796798077802
new_more,1000,0.683938,0.16236531979064428
new_more,1000,0.7823199999999999,0.17262912000001066
new_more,1000,0.8791700000000002,0.18425954999999994
new_more,1000,0.5183798545158865,0.19620686999999992
new_more,1000,0.03702570000000001,0.11144776173520789
new_more,1000,0.7899563,0.1536796798077802
new_more,1000,0.683938,0.16236531979064428
new_more,1000,0.7823199999999999,0.17262912000001066
new_more,1000,0.8791700000000002,0.18425954999999994
new_more,1000,0.5942448839417821,0.19620686999999992
new_more,1000,0.0370257,0.11144776173520789
new_more,1000,0.7899563,0.1536796798077802
new_more,1000,0.683938,0.16236531979064428
new_more,1000,0.7823199999999999,0.17262912000001066
new_more,1000,0.8791700000000002,0.18425954999999994
new_more,1000,0.18048327674975917,0.19620686999999992
new_more,1000,0.0370257,0.11144776173520789
new_more,1000,0.7899563,0.1536796798077802
new_more,1000,0.683938,0.16236531979064428
new_more,1000,0.7823199999999999,0.17262912000001066
new_more,1000,0.8791700000000002,0.18425954999999994
new_more,1000,0.29897011579956595,0.19620686999999992
new_more,1000,0.0370257,0.11144776173520789
new_more,1000,0.7899563,0.1536796798077802
new_more,1000,0.683938,0.16236531979064428
new_more,1000,0.7823199999999999,0.17262912000001066
new_more,1000,0.8791700000000002,0.18425954999999994
new_more,1000,0.09545701881336012,0.19620686999999992
new_more,1000,0.0370257,0.11144776173520789
new_more,1000,0.7899563,0.1536796798077802
new_more,1000,0.683938,0.16236531979064428
new_more,1000,0.7823199999999999,0.17262912000001066
new_more,1000,0.8791700000000002,0.18425954999999994
new_more,1000,0.01722410080229459,0.19620686999999992
new_more,1000,0.0370257,0.11144776173520789
new_more,1000,0.7899563,0.1536796798077802
new_more,1000,0.683938,0.16236531979064428
new_more,1000,0.7823199999999999,0.17262912000001066
new_more,1000,0.8791700000000003,0.18425954999999994
new_more,1000,0.6141546910298177,0.19620686999999992
new_more,1000,0.0370257,0.11144776173520789
new_more,1000,0.7899563,0.1536796798077802
new_more,1000,0.683938,0.16236531979064428
new_more,1000,0.7823199999999999,0.17262912000001066
new_more,1000,0.8791700000000002,0.18425954999999994
new_more,1000,0.48707913948604087,0.19620686999999992
new_more,1000,0.0370257,0.11144776173520789
new_more,1000,0.7899563,0.1536796798077802
new_more,1000,0.683938,0.16236531979064428
new_more,1000,0.7823199999999999,0.17262912000001066
new_more,1000,0.8791700000000001,0.18425954999999994
new_more,1000,0.12146710949749633,0.19620686999999992
new_more,1000,0.0370257,0.11144776173520789
new_more,1000,0.7899563,0.1536796798077802
new_more,1000,0.683938,0.16236531979064428
new_more,1000,0.7823199999999999,0.17262912000001066
new_more,1000,0.8791700000000002,0.18425954999999994
new_more,1000,0.540742421343016,0.19620686999999992
new_more,1000,0.0370257,0.11144776173520789
new_more,1000,0.7899563,0.1536796798077802
new_more,1000,0.683938,0.16236531979064428
new_more,1000,0.7823199999999999,0.17262912000001066
new_more,1000,0.8791700000000002,0.18425954999999994
new_more,1000,0.4516754071224262,0.19620686999999992
new_more,1000,0.0370257,0.11144776173520789
new_more,1000,0.7899563,0.1536796798077802
new_more,1000,0.683938,0.16236531979064428
new_more,1000,0.78232,0.17262912000001066
new_more,1000,0.8791700000000002,0.18425954999999994
new_more,1000,0.20489938267828217,0.19620686999999992
new_more,1000,0.0370257,0.11144776173520789
new_more,1000,0.7899562999999998,0.1536796798077802
new_more,1000,0.683938,0.16236531979064428
new_more,1000,0.7823199999999999,0.17262912000001066
new_more,1000,0.8791700000000002,0.18425954999999994
new_more,1000,0.31161209636927595,0.19620686999999992
new_more,1000,0.0370257,0.11144776173520789
new_more,1000,0.7899563,0.1536796798077802
new_more,1000,0.683938,0.16236531979064428
new_more,1000,0.7823199999999999,0.17262912000001066
new_more,1000,0.8791700000000002,0.18425954999999994
new_more,1000,0.42223009979330983,0.19620686999999992
new_more,1000,0.03702570000000001,0.11144776173520789
new_more,1000,0.7899563,0.1536796798077802
new_more,1000,0.683938,0.16236531979064428
new_more,1000,0.7823199999999999,0.17262912000001066
new_more,1000,0.8791700000000001,0.18425954999999994
new_more,1000,0.3099167228020678,0.19620686999999992
new_more,1000,0.0370257,0.11144776173520789
new_more,1000,0.7899563,0.1536796798077802
new_more,1000,0.683938,0.16236531979064428
new_more,1000,0.7823199999999999,0.17262912000001066
new_more,1000,0.8791700000000002,0.18425954999999994
new_more,1000,0.285559216927614,0.19620686999999992
new_more,1000,0.03702570000000001,0.11144776173520789
new_more,1000,0.7899563,0.1536796798077802
new_more,1000,0.683938,0.16236531979064428
new_more,1000,0.7823199999999999,0.17262912000001066
new_more,1000,0.8791700000000002,0.18425954999999994
new_more,1000,0.3015269158823116,0.19620686999999992
new_more,1000,0.0370257,0.11144776173520789
new_more,1000,0.7899563,0.1536796798077802
new_more,1000,0.683938,0.16236531979064428
new_more,1000,0.7823199999999999,0.17262912000001066
new_more,1000,0.8791700000000002,0.18425954999999994
new_more,1000,0.6603115223973435,0.19620686999999992
new_more,1000,0.0370257,0.11144776173520789
new_more,1000,0.7899563,0.1536796798077802
new_more,1000,0.683938,0.16236531979064428
new_more,1000,0.78232,0.17262912000001066
new_more,1000,0.8791700000000002,0.18425954999999994
new_more,1000,0.05357390855353571,0.19620686999999992
new_more,1000,0.0370257,0.11144776173520789
new_more,1000,0.7899563,0.1536796798077802
new_more,1000,0.683938,0.16236531979064428
new_more,1000,0.7823199999999999,0.17262912000001066
new_more,1000,0.8791700000000002,0.18425954999999994
new_more,1000,0.5414105547247509,0.19620686999999992
new_more,1000,0.0370257,0.11144776173520789
new_more,1000,0.7899563,0.1536796798077802
new_more,1000,0.683938,0.16236531979064428
new_more,1000,0.7823199999999999,0.17262912000001066
new_more,1000,0.8791700000000002,0.18425954999999994
new_more,1000,0.510404173777718,0.19620686999999992
new_more,1000,0.0370257,0.11144776173520789
new_more,1000,0.7899563,0.1536796798077802
new_more,1000,0.683938,0.16236531979064428
new_more,1000,0.7823199999999999,0.17262912000001066
new_more,1000,0.8791700000000002,0.18425954999999994
new_more,1000,0.21969147665087047,0.19620686999999992
new_more,1000,0.0370257,0.11144776173520789
new_more,1000,0.7899563,0.1536796798077802
new_more,1000,0.683938,0.16236531979064428
new_more,1000,0.7823199999999999,0.17262912000001066
new_more,1000,0.8791700000000001,0.18425954999999994
new_more,1000,0.3115650339391427,0.19620686999999992
new_more,1000,0.0370257,0.11144776173520789
new_more,1000,0.7899563,0.1536796798077802
new_more,1000,0.683938,0.16236531979064428
new_more,1000,0.7823199999999999,0.17262912000001066
new_more,1000,0.8791700000000002,0.18425954999999994
new_more,1000,0.37221505794771736,0.19620686999999992
new_more,1000,0.0370257,0.11144776173520789
new_more,1000,0.7899563,0.1536796798077802
new_more,1000,0.683938,0.16236531979064428
new_more,1000,0.7823199999999999,0.17262912000001066
new_more,1000,0.8791700000000002,0.18425954999999994
new_more,1000,0.25475067122507644,0.19620686999999992
new_more,1000,0.0370257,0.11144776173520789
new_more,1000,0.7899563,0.1536796798077802
new_more,1000,0.683938,0.16236531979064428
new_more,1000,0.7823199999999999,0.17262912000001066
new_more,1000,0.8791700000000002,0.18425954999999994
new_more,1000,0.32652866199500463,0.19620686999999992
new_more,1000,0.0370257,0.11144776173520789
new_more,1000,0.7899563,0.1536796798077802
new_more,1000,0.683938,0.16236531979064428
new_more,1000,0.7823199999999999,0.17262912000001066
new_more,1000,0.8791700000000002,0.18425954999999994
new_more,1000,0.12405259884378628,0.19620686999999992
new_more,1000,0.0370257,0.11144776173520789
new_more,1000,0.7899563,0.1536796798077802
new_more,1000,0.683938,0.16236531979064428
new_more,1000,0.7823199999999999,0.17262912000001066
new_more,1000,0.8791700000000002,0.18425954999999994
new_more,1000,0.4454140129518689,0.19620686999999992
new_more,1000,0.0370257,0.11144776173520789
new_more,1000,0.7899563,0.1536796798077802
new_more,1000,0.6839379999999999,0.16236531979064428
new_more,1000,0.78232,0.17262912000001066
new_more,1000,0.8791700000000002,0.18425954999999994
new_more,1000,0.2816905238126289,0.19620686999999992
new_more,1000,0.0370257,0.11144776173520789
new_more,1000,0.7899563,0.1536796798077802
new_more,1000,0.683938,0.16236531979064428
new_more,1000,0.7823199999999999,0.17262912000001066
new_more,1000,0.8791700000000002,0.18425954999999994
new_more,1000,0.4762336897115,0.19620686999999992
new_more,1000,0.0370257,0.11144776173520789
new_more,1000,0.7899563,0.1536796798077802
new_more,1000,0.683938,0.16236531979064428
new_more,1000,0.7823199999999998,0.17262912000001066
new_more,1000,0.8791700000000002,0.18425954999999994
new_more,1000,0.39101817802633726,0.19620686999999992
new_more,1000,0.0370257,0.11144776173520789
new_more,1000,0.7899563,0.1536796798077802
new_more,1000,0.683938,0.16236531979064428
new_more,1000,0.7823199999999999,0.17262912000001066
new_more,1000,0.8791700000000002,0.18425954999999994
new_more,1000,0.4825540761802022,0.19620686999999992
new_more,1000,0.0370257,0.11144776173520789
new_more,1000,0.7899563000000001,0.1536796798077802
new_more,1000,0.683938,0.16236531979064428
new_more,1000,0.7823199999999999,0.17262912000001066
new_more,1000,0.8791700000000002,0.18425954999999994
new_more,1000,0.3238709081060932,0.19620686999999992
new_more,1000,0.0370257,0.11144776173520789
new_more,1000,0.7899563,0.1536796798077802
new_more,1000,0.683938,0.16236531979064428
new_more,1000,0.7823199999999999,0.17262912000001066
new_more,1000,0.8791700000000002,0.18425954999999994
new_more,1000,0.36099506215756166,0.19620686999999992
new_more,1000,0.0370257,0.11144776173520789
new_more,1000,0.7899563,0.1536796798077802
new_more,1000,0.683938,0.16236531979064428
new_more,1000,0.7823199999999999,0.17262912000001066
new_more,1000,0.8791700000000002,0.18425954999999994
new_more,1000,0.26211070425124106,0.19620686999999992
new_more,1000,0.0370257,0.11144776173520789
new_more,1000,0.7899563,0.1536796798077802
new_more,1000,0.6839379999999999,0.16236531979064428
new_more,1000,0.7823199999999999,0.17262912000001066
new_more,1000,0.8791700000000002,0.18425954999999994
new_more,1000,0.6136036415800389,0.19620686999999992
new_more,1000,0.0370257,0.11144776173520789
new_more,1000,0.7899563,0.1536796798077802
new_more,1000,0.683938,0.16236531979064428
new_more,1000,0.7823199999999999,0.17262912000001066
new_more,1000,0.8791700000000002,0.18425954999999994
new_more,1000,0.2678861885116373,0.19620686999999992
new_more,1000,0.0370257,0.11144776173520789
new_more,1000,0.7899563,0.1536796798077802
new_more,1000,0.683938,0.16236531979064428
new_more,1000,0.7823199999999999,0.17262912000001066
new_more,1000,0.8791700000000002,0.18425954999999994
new_more,1000,0.4079355259530706,0.19620686999999992
new_more,1000,0.0370257,0.11144776173520789
new_more,1000,0.7899563,0.1536796798077802
new_more,1000,0.6839379999999999,0.16236531979064428
new_more,1000,0.7823199999999999,0.17262912000001066
new_more,1000,0.8791700000000002,0.18425954999999994
new_more,1000,0.5005824457001737,0.19620686999999992
new_more,1000,0.0370257,0.11144776173520789
new_more,1000,0.7899563,0.1536796798077802
new_more,1000,0.683938,0.16236531979064428
new_more,1000,0.7823199999999999,0.17262912000001066
new_more,1000,0.8791700000000002,0.18425954999999994
new_more,1000,0.5077650500068944,0.19620686999999992
new_more,1000,0.0370257,0.11144776173520789
new_more,1000,0.7899563,0.1536796798077802
new_more,1000,0.683938,0.16236531979064428
new_more,1000,0.7823199999999999,0.17262912000001066
new_more,1000,0.8791700000000002,0.18425954999999994
new_more,1000,0.3968003890462353,0.19620686999999992
new_more,1000,0.0370257,0.11144776173520789
new_more,1000,0.7899563,0.1536796798077802
new_more,1000,0.683938,0.16236531979064428
new_more,1000,0.7823199999999999,0.17262912000001066
new_more,1000,0.8791700000000002,0.18425954999999994
new_more,1000,0.5199805385131264,0.19620686999999992
new_more,1000,0.0370257,0.11144776173520789
new_more,1000,0.7899563,0.1536796798077802
new_more,1000,0.683938,0.16236531979064428
new_more,1000,0.7823199999999999,0.17262912000001066
new_more,1000,0.8791700000000002,0.18425954999999994
new_more,1000,0.25757502681768557,0.19620686999999992
new_more,1000,0.0370257,0.11144776173520789
new_more,1000,0.7899563,0.1536796798077802
new_more,1000,0.683938,0.16236531979064428
new_more,1000,0.7823199999999999,0.17262912000001066
new_more,1000,0.8791700000000002,0.18425954999999994
new_more,1000,0.16001886379996985,0.19620686999999992
new_more,1000,0.0370257,0.11144776173520789
new_more,1000,0.7899563,0.1536796798077802
new_more,1000,0.683938,0.16236531979064428
new_more,1000,0.7823199999999999,0.17262912000001066
new_more,1000,0.8791700000000002,0.18425954999999994
new_more,1000,0.5356262249545158,0.19620686999999992
new_more,1000,0.0370257,0.11144776173520789
new_more,1000,0.7899563,0.1536796798077802
new_more,1000,0.683938,0.16236531979064428
new_more,1000,0.7823199999999999,0.17262912000001066
new_more,1000,0.8791700000000001,0.18425954999999994
new_more,1000,0.10458930263005727,0.19620686999999992
new_more,1000,0.03702570000000001,0.11144776173520789
new_more,1000,0.7899563,0.1536796798077802
new_more,1000,0.683938,0.16236531979064428
new_more,1000,0.7823199999999999,0.17262912000001066
new_more,1000,0.8791700000000003,0.18425954999999994
new_more,1000,0.1937314703881023,0.19620686999999992
new_more,1000,0.0370257,0.11144776173520789
new_more,1000,0.7899563,0.1536796798077802
new_more,1000,0.683938,0.16236531979064428
new_more,1000,0.7823199999999999,0.17262912000001066
new_more,1000,0.8791700000000002,0.18425954999999994
new_more,1000,0.03631808830853068,0.19620686999999992
new_more,1000,0.0370257,0.11144776173520789
new_more,1000,0.7899563,0.1536796798077802
new_more,1000,0.683938,0.16236531979064428
new_more,1000,0.7823199999999999,0.17262912000001066
new_more,1000,0.8791700000000002,0.18425954999999994
new_more,1000,0.28556932464888246,0.19620686999999992
new_more,1000,0.0370257,0.11144776173520789
new_more,1000,0.7899563,0.1536796798077802
new_more,1000,0.683938,0.16236531979064428
new_more,1000,0.7823199999999999,0.17262912000001066
new_more,1000,0.8791700000000003,0.18425954999999994
new_more,1000,0.3796915591213997,0.19620686999999992
new_more,1000,0.0370257,0.11144776173520789
new_more,1000,0.7899563,0.1536796798077802
new_more,1000,0.683938,0.16236531979064428
new_more,1000,0.7823199999999999,0.17262912000001066
new_more,1000,0.8791700000000002,0.18425954999999994
new_more,1000,0.21685248057122264,0.19620686999999992
new_more,1000,0.0370257,0.11144776173520789
new_more,1000,0.7899563,0.1536796798077802
new_more,1000,0.683938,0.16236531979064428
new_more,1000,0.7823199999999999,0.17262912000001066
new_more,1000,0.8791700000000002,0.18425954999999994
new_more,1000,0.5649584555668891,0.19620686999999992
new_more,1000,0.0370257,0.11144776173520789
new_more,1000,0.7899563,0.1536796798077802
new_more,1000,0.683938,0.16236531979064428
new_more,1000,0.7823199999999999,0.17262912000001066
new_more,1000,0.8791700000000001,0.18425954999999994
new_more,1000,0.07767668283198893,0.19620686999999992
new_more,1000,0.0370257,0.11144776173520789
new_more,1000,0.7899563,0.1536796798077802
new_more,1000,0.683938,0.16236531979064428
new_more,1000,0.7823199999999999,0.17262912000001066
new_more,1000,0.8791700000000002,0.18425954999999994
new_more,1000,0.25042830891970846,0.19620686999999992
new_more,1000,0.0370257,0.11144776173520789
new_more,1000,0.7899563,0.1536796798077802
new_more,1000,0.683938,0.16236531979064428
new_more,1000,0.7823199999999999,0.17262912000001066
new_more,1000,0.8791700000000002,0.18425954999999994
new_more,1000,0.5688343215846741,0.19620686999999992
new_more,1000,0.0370257,0.11144776173520789
new_more,1000,0.7899563,0.1536796798077802
new_more,1000,0.683938,0.16236531979064428
new_more,1000,0.7823199999999999,0.17262912000001066
new_more,1000,0.8791700000000002,0.18425954999999994
new_more,1000,0.08413889323400683,0.19620686999999992
new_more,1000,0.0370257,0.11144776173520789
new_more,1000,0.7899563,0.1536796798077802
new_more,1000,0.683938,0.16236531979064428
new_more,1000,0.7823199999999999,0.17262912000001066
new_more,1000,0.8791700000000002,0.18425954999999994
new_more,1000,0.3671268870214351,0.19620686999999992
new_more,1000,0.0370257,0.11144776173520789
new_more,1000,0.7899563,0.1536796798077802
new_more,1000,0.683938,0.16236531979064428
new_more,1000,0.7823199999999999,0.17262912000001066
new_more,1000,0.8791700000000002,0.18425954999999994
new_more,1000,0.2553528807273905,0.19620686999999992
new_more,1000,0.0370257,0.11144776173520789
new_more,1000,0.7899563,0.1536796798077802
new_more,1000,0.683938,0.16236531979064428
new_more,1000,0.7823199999999999,0.17262912000001066
new_more,1000,0.8791700000000002,0.18425954999999994
new_more,1000,0.5232919889094321,0.19620686999999992
new_more,1000,0.0370257,0.11144776173520789
new_more,1000,0.7899563,0.1536796798077802
new_more,1000,0.683938,0.16236531979064428
new_more,1000,0.7823199999999999,0.17262912000001066
new_more,1000,0.8791700000000002,0.18425954999999994
new_more,1000,0.019344479535014638,0.19620686999999992
new_more,1000,0.0370257,0.11144776173520789
new_more,1000,0.7899563,0.1536796798077802
new_more,1000,0.683938,0.16236531979064428
new_more,1000,0.7823199999999999,0.17262912000001066
new_more,1000,0.8791700000000002,0.18425954999999994
new_more,1000,0.23297367056357618,0.19620686999999992
new_more,1000,0.0370257,0.11144776173520789
new_more,1000,0.7899563,0.1536796798077802
new_more,1000,0.683938,0.16236531979064428
new_more,1000,0.7823199999999999,0.17262912000001066
new_more,1000,0.8791700000000002,0.18425954999999994
new_more,1000,0.18196340379521714,0.19620686999999992
new_more,1000,0.0370257,0.11144776173520789
new_more,1000,0.7899563,0.1536796798077802
new_more,1000,0.683938,0.16236531979064428
new_more,1000,0.7823199999999999,0.17262912000001066
new_more,1000,0.8791700000000002,0.18425954999999994
new_more,1000,0.20835128864783536,0.19620686999999992
base,10000,2.0839367643402005,0.0
base,10000,1.409516979088833,0.0
base,10000,3.160780330349476,0.0
base,10000,3.1928596703834793,0.0
base,10000,1.4641161318264546,0.0
base,10000,3.697468673845612,0.0
base,10000,3.165149859140982,0.0
base,10000,3.31575959265384,0.0
base,10000,3.6988177093380985,0.0
base,10000,2.069352041782583,0.0
base,10000,3.2582619405039854,0.0
base,10000,3.5848229050862783,0.0
base,10000,3.2554559800105523,0.0
base,10000,3.504900509346142,0.0
base,10000,3.492507579563848,0.0
base,10000,1.352123639106384,0.0
base,10000,2.973548014033555,0.0
base,10000,3.204195004652718,0.0
base,10000,3.5829551121092873,0.0
base,10000,3.17502721541339,0.0
base,10000,2.834813432697169,0.0
base,10000,3.340021455922288,0.0
base,10000,1.6572849448805858,0.0
base,10000,0.6991067907728199,0.0
base,10000,0.5332016038220301,0.0
base,10000,0.45746956742942135,0.0
base,10000,1.4000876660528907,0.0
base,10000,0.7032367201437768,0.0
base,10000,1.085835518594485,0.0
base,10000,0.7602904772148653,0.0
base,10000,0.5480592630294586,0.0
base,10000,0.2314205855426548,0.0
base,10000,0.5036625328893157,0.0
base,10000,2.628777161510541,0.0
base,10000,0.4013958011691576,0.0
base,10000,1.7600243358209318,0.0
base,10000,1.2185031752565683,0.0
base,10000,2.966109839326822,0.0
base,10000,1.2385701844457906,0.0
base,10000,1.0404943137604887,0.0
base,10000,1.178321255523162,0.0
base,10000,1.3372374509739227,0.0
base,10000,0.19592135682249984,0.0
base,10000,1.7209396287817915,0.0
base,10000,0.26731175852074035,0.0
base,10000,0.776630114922276,0.0
base,10000,1.1692408007998154,0.0
base,10000,1.518544448671357,0.0
base,10000,1.1063883924141034,0.0
base,10000,0.7294726695342197,0.0
base,10000,1.3544341624635812,0.0
base,10000,1.8350621362085062,0.0
base,10000,0.4516535255716411,0.0
base,10000,1.524134396926134,0.0
base,10000,1.0214512426021543,0.0
base,10000,0.9783803320645881,0.0
base,10000,0.8150432963264805,0.0
base,10000,0.006905755097060731,0.0
base,10000,0.06212909191774978,0.0
base,10000,0.7272072594358976,0.0
base,10000,0.5085697918149337,0.0
base,10000,1.5387659164448355,0.0
base,10000,0.046958531882866174,0.0
standard,10000,1.0214512426021543,0.11450000000000005
standard,10000,0.9783803320645881,0.11450000000000005
standard,10000,0.8150432963264805,0.11450000000000005
standard,10000,0.006905755097060731,0.11450000000000005
standard,10000,0.06212909191774978,0.11450000000000005
standard,10000,0.7272072594358976,0.11450000000000005
standard,10000,0.5085697918149337,0.11450000000000005
standard,10000,1.5387659164448355,0.11450000000000005
standard,10000,0.046958531882866174,0.11450000000000005
standard,10000,2.0839367643402005,0.11450000000000005
standard,10000,1.409516979088833,0.11450000000000005
standard,10000,3.160780330349476,0.11450000000000005
standard,10000,3.1928596703834793,0.11450000000000005
standard,10000,1.4641161318264546,0.11450000000000005
standard,10000,3.697468673845612,0.11450000000000005
standard,10000,3.165149859140982,0.11450000000000005
standard,10000,3.31575959265384,0.11450000000000005
standard,10000,3.6988177093380985,0.11450000000000005
standard,10000,2.069352041782583,0.11450000000000005
standard,10000,3.2582619405039854,0.11450000000000005
standard,10000,3.5848229050862783,0.11450000000000005
standard,10000,3.2554559800105523,0.11450000000000005
standard,10000,3.504900509346142,0.11450000000000005
standard,10000,3.492507579563848,0.11450000000000005
standard,10000,1.352123639106384,0.11450000000000005
standard,10000,2.973548014033555,0.11450000000000005
standard,10000,3.204195004652718,0.11450000000000005
standard,10000,3.5829551121092873,0.11450000000000005
standard,10000,3.17502721541339,0.11450000000000005
standard,10000,2.834813432697169,0.11450000000000005
standard,10000,3.340021455922288,0.11450000000000005
standard,10000,1.6572849448805858,0.11450000000000005
standard,10000,0.6991067907728199,0.11450000000000005
standard,10000,0.5332016038220301,0.11450000000000005
standard,10000,0.45746956742942135,0.11450000000000005
standard,10000,1.4000876660528907,0.11450000000000005
standard,10000,0.7032367201437768,0.11450000000000005
standard,10000,1.085835518594485,0.11450000000000005
standard,10000,0.7602904772148653,0.11450000000000005
standard,10000,0.5480592630294586,0.11450000000000005
standard,10000,0.2314205855426548,0.11450000000000005
standard,10000,0.5036625328893157,0.11450000000000005
standard,10000,2.628777161510541,0.11450000000000005
standard,10000,0.4013958011691576,0.11450000000000005
standard,10000,1.7600243358209318,0.11450000000000005
standard,10000,1.2185031752565683,0.11450000000000005
standard,10000,2.966109839326822,0.11450000000000005
standard,10000,1.2385701844457906,0.11450000000000005
standard,10000,1.0404943137604887,0.11450000000000005
standard,10000,1.178321255523162,0.11450000000000005
standard,10000,1.3372374509739227,0.11450000000000005
standard,10000,0.19592135682249984,0.11450000000000005
standard,10000,1.7209396287817915,0.11450000000000005
standard,10000,0.26731175852074035,0.11450000000000005
standard,10000,0.776630114922276,0.11450000000000005
standard,10000,1.1692408007998154,0.11450000000000005
standard,10000,1.518544448671357,0.11450000000000005
standard,10000,1.1063883924141034,0.11450000000000005
standard,10000,0.7294726695342197,0.11450000000000005
standard,10000,1.3544341624635812,0.11450000000000005
standard,10000,1.8350621362085062,0.11450000000000005
standard,10000,0.4516535255716411,0.11450000000000005
standard,10000,1.524134396926134,0.11450000000000005
glaum,10000,0.006905755097060731,0.0
glaum,10000,0.06212909191774978,0.0
glaum,10000,0.7272072594358976,0.0
glaum,10000,1.5387659164448355,0.0
glaum,10000,0.046958531882866174,0.0
glaum,10000,0.45746956742942135,0.0
glaum,10000,0.2314205855426548,0.0
glaum,10000,0.5036625328893157,0.0
glaum,10000,0.26731175852074035,0.0
glaum,10000,0.3550480931598115,0.0
glaum,10000,0.6664031494423428,0.1279732
glaum,10000,0.3138571655169612,0.0
glaum,10000,0.664523166547627,0.1279732
glaum,10000,0.222374305574344,0.0
glaum,10000,0.5926689907521365,0.1279732
glaum,10000,0.2963819790449215,0.0
glaum,10000,0.2121878127700122,0.1279732
glaum,10000,0.21370041830374503,0.0
glaum,10000,0.48540637246907486,0.1279732
glaum,10000,0.23693143759046006,0.0
glaum,10000,0.29627016623157004,0.1279732
glaum,10000,0.3444496309617631,0.0
glaum,10000,0.3587870891820137,0.1279732
glaum,10000,0.27001466135552976,0.0
glaum,10000,0.8158208572389554,0.1279732
glaum,10000,0.17563513864423605,0.0
glaum,10000,0.5846553385706292,0.1279732
glaum,10000,0.3756651513489548,0.0
glaum,10000,0.17239411168050386,0.1279732
glaum,10000,0.21789548814688722,0.0
glaum,10000,0.18350031302227032,0.1279732
glaum,10000,0.2120030209392745,0.0
glaum,10000,1.0065001543172936,0.1279732
glaum,10000,0.31429881821295147,0.0
glaum,10000,0.924271366232839,0.1279732
glaum,10000,0.2337778028841661,0.0
glaum,10000,0.8067165108763226,0.1279732
glaum,10000,0.5829578394361143,0.0
glaum,10000,0.5953634160870476,0.1279732
glaum,10000,0.16893073953096488,0.0
glaum,10000,0.026990617291534947,0.1279732
glaum,10000,0.18068022866147793,0.0
glaum,10000,0.595949886260798,0.1279732
glaum,10000,0.22716071084587314,0.0
glaum,10000,0.9420800899539422,0.1279732
glaum,10000,0.20245564295599033,0.0
glaum,10000,0.903932749458113,0.1279732
glaum,10000,0.1979718890952937,0.0
glaum,10000,0.5315007804389261,0.1279732
glaum,10000,0.2982933243433065,0.0
glaum,10000,1.0561408381202746,0.1279732
glaum,10000,0.21421582498502742,0.0
glaum,10000,0.23743770058661368,0.1279732
glaum,10000,0.18608126293493588,0.0
glaum,10000,0.9304063146746793,0.1279732
glaum,10000,0.9674491867305852,0.24920976052326405
glaum,10000,0.20649632070794358,0.0
glaum,10000,1.032481603539718,0.1279732
glaum,10000,0.17053905484117154,0.24920976052326405
glaum,10000,0.18157450503069603,0.0
glaum,10000,0.9078725251534802,0.1279732
glaum,10000,2.0713333001653,0.24920976052326405
glaum,10000,0.21457297087773256,0.0
glaum,10000,1.0728648543886627,0.1279732
glaum,10000,1.905421845117084,0.24920976052326405
glaum,10000,0.21304167089699674,0.0
glaum,10000,1.0652083544849837,0.1279732
glaum,10000,0.18586610644447416,0.24920976052326405
glaum,10000,0.1885875989316038,0.0
glaum,10000,0.9429379946580189,0.1279732
glaum,10000,2.5659430802559893,0.24920976052326405
glaum,10000,0.1564450810931874,0.0
glaum,10000,0.782225405465937,0.1279732
glaum,10000,2.2264793725818577,0.24920976052326405
glaum,10000,0.18656220302162763,0.0
glaum,10000,0.9328110151081381,0.1279732
glaum,10000,2.1963863745240744,0.24920976052326405
glaum,10000,0.19514478110112674,0.0
glaum,10000,0.9757239055056337,0.1279732
glaum,10000,2.527949022731338,0.24920976052326405
glaum,10000,0.18835781404302543,0.0
glaum,10000,0.9417890702151273,0.1279732
glaum,10000,0.9392051575244305,0.24920976052326405
glaum,10000,0.19545802508245783,0.0
glaum,10000,0.9772901254122891,0.1279732
glaum,10000,2.085513790009238,0.24920976052326405
glaum,10000,0.1692565593846079,0.0
glaum,10000,0.8462827969230395,0.1279732
glaum,10000,2.5692835487786305,0.24920976052326405
glaum,10000,0.18481933828190764,0.0
glaum,10000,0.9240966914095381,0.1279732
glaum,10000,2.1465399503191063,0.24920976052326405
glaum,10000,0.20734986654832832,0.0
glaum,10000,1.0367493327416415,0.1279732
glaum,10000,2.260801310056172,0.24920976052326405
glaum,10000,0.19031433919029395,0.0
glaum,10000,0.9515716959514697,0.1279732
glaum,10000,2.350621544422084,0.24920976052326405
glaum,10000,0.18714829350691214,0.0
glaum,10000,0.9357414675345608,0.1279732
glaum,10000,0.22923387806491105,0.24920976052326405
glaum,10000,0.19849814089878964,0.0
glaum,10000,0.9924907044939483,0.1279732
glaum,10000,1.7825591686408169,0.24920976052326405
glaum,10000,0.19074797657109055,0.0
glaum,10000,0.9537398828554527,0.1279732
glaum,10000,2.059707145226175,0.24920976052326405
glaum,10000,0.19526561922795474,0.0
glaum,10000,0.9763280961397737,0.1279732
glaum,10000,2.411361396741559,0.24920976052326405
glaum,10000,0.19981077112068477,0.0
glaum,10000,0.9990538556034237,0.1279732
glaum,10000,1.9761625886892813,0.24920976052326405
glaum,10000,0.1797788637871695,0.0
glaum,10000,0.8988943189358475,0.1279732
glaum,10000,1.7561402499741516,0.24920976052326405
glaum,10000,0.22218040706696732,0.0
glaum,10000,1.1109020353348367,0.1279732
glaum,10000,2.0069390135204843,0.24920976052326405
glaum,10000,0.18341644225103743,0.0
glaum,10000,0.9170822112551872,0.1279732
glaum,10000,0.5567862913743612,0.24920976052326405
glaum,10000,0.18941401822064086,0.0
glaum,10000,0.9470700911032043,0.1279732
glaum,10000,0.2636035567290455,0.24920976052326405
glaum,10000,0.20273455826866751,0.0
glaum,10000,1.0136727913433377,0.1279732
glaum,10000,1.4123698118985355,0.24920976052326405
glaum,10000,0.22252359205767064,0.0
glaum,10000,1.1126179602883532,0.1279732
glaum,10000,0.4248827834749079,0.24920976052326405
glaum,10000,0.20361976395196016,0.0
glaum,10000,1.0180988197598009,0.1279732
glaum,10000,1.744391255615061,0.24920976052326405
glaum,10000,0.14183129194187455,0.0
glaum,10000,0.7091564597093728,0.1279732
glaum,10000,0.48624969932267526,0.24920976052326405
glaum,10000,0.19600116674239898,0.0
glaum,10000,0.9800058337119949,0.1279732
glaum,10000,0.5449326283273976,0.24920976052326405
glaum,10000,0.22367775826021602,0.0
glaum,10000,1.1183887913010802,0.1279732
glaum,10000,0.17647789911006098,0.24920976052326405
glaum,10000,0.18341632924328508,0.0
glaum,10000,0.9170816462164254,0.1279732
glaum,10000,0.7345641607487958,0.24920976052326405
glaum,10000,0.15342381440034705,0.0
glaum,10000,0.7671190720017353,0.1279732
glaum,10000,0.6035915105240516,0.24920976052326405
new_more,10000,0.006905755097060731,0.11144776173520789
new_more,10000,0.0370257,0.11144776173520789
new_more,10000,0.1943948855426548,0.1536796798077802
new_more,10000,0.0370257,0.11144776173520789
new_more,10000,0.46663683288931573,0.1536796798077802
new_more,10000,0.0370257,0.11144776173520789
new_more,10000,0.3643701011691576,0.1536796798077802
new_more,10000,0.0370257,0.11144776173520789
new_more,10000,0.15889565682249984,0.1536796798077802
new_more,10000,0.0370257,0.11144776173520789
new_more,10000,0.23028605852074033,0.1536796798077802
new_more,10000,0.0370257,0.11144776173520789
new_more,10000,0.7396044149222759,0.1536796798077802
new_more,10000,0.0370257,0.11144776173520789
new_more,10000,0.6924469695342198,0.1536796798077802
new_more,10000,0.0370257,0.11144776173520789
new_more,10000,0.4146278255716411,0.1536796798077802
new_more,10000,0.0370257,0.11144776173520789
new_more,10000,0.6620810907728198,0.1536796798077802
new_more,10000,0.0370257,0.11144776173520789
new_more,10000,0.4961759038220301,0.1536796798077802
new_more,10000,0.0370257,0.11144776173520789
new_more,10000,0.4204438674294214,0.1536796798077802
new_more,10000,0.0370257,0.11144776173520789
new_more,10000,0.6662110201437769,0.1536796798077802
new_more,10000,0.0370257,0.11144776173520789
new_more,10000,0.7232647772148654,0.1536796798077802
new_more,10000,0.0370257,0.11144776173520789
new_more,10000,0.5110335630294586,0.1536796798077802
new_more,10000,0.0370257,0.11144776173520789
new_more,10000,0.7780175963264805,0.1536796798077802
new_more,10000,0.0370257,0.11144776173520789
new_more,10000,0.02510339191774978,0.1536796798077802
new_more,10000,0.0370257,0.11144776173520789
new_more,10000,0.6901815594358975,0.1536796798077802
new_more,10000,0.0370257,0.11144776173520789
new_more,10000,0.4715440918149337,0.1536796798077802
new_more,10000,0.0370257,0.11144776173520789
new_more,10000,0.009932831882866174,0.1536796798077802
new_more,10000,0.0370257,0.11144776173520789
new_more,10000,0.7899563,0.1536796798077802
new_more,10000,0.39152117525656827,0.16236531979064428
new_more,10000,0.0370257,0.11144776173520789
new_more,10000,0.7899563,0.1536796798077802
new_more,10000,0.41158818444579054,0.16236531979064428
new_more,10000,0.0370257,0.11144776173520789
new_more,10000,0.7899563,0.1536796798077802
new_more,10000,0.21351231376048885,0.16236531979064428
new_more,10000,0.0370257,0.11144776173520789
new_more,10000,0.7899562999999998,0.1536796798077802
new_more,10000,0.351339255523162,0.16236531979064428
new_more,10000,0.0370257,0.11144776173520789
new_more,10000,0.7899563,0.1536796798077802
new_more,10000,0.5102554509739227,0.16236531979064428
new_more,10000,0.0370257,0.11144776173520789
new_more,10000,0.7899563,0.1536796798077802
new_more,10000,0.3422588007998155,0.16236531979064428
new_more,10000,0.0370257,0.11144776173520789
new_more,10000,0.7899563,0.1536796798077802
new_more,10000,0.27940639241410337,0.16236531979064428
new_more,10000,0.0370257,0.11144776173520789
new_more,10000,0.7899563,0.1536796798077802
new_more,10000,0.5274521624635813,0.16236531979064428
new_more,10000,0.0370257,0.11144776173520789
new_more,10000,0.7899563,0.1536796798077802
new_more,10000,0.582534979088833,0.16236531979064428
new_more,10000,0.0370257,0.11144776173520789
new_more,10000,0.7899563,0.1536796798077802
new_more,10000,0.6371341318264547,0.16236531979064428
new_more,10000,0.0370257,0.11144776173520789
new_more,10000,0.7899563,0.1536796798077802
new_more,10000,0.525141639106384,0.16236531979064428
new_more,10000,0.0370257,0.11144776173520789
new_more,10000,0.7899563000000001,0.1536796798077802
new_more,10000,0.5731056660528906,0.16236531979064428
new_more,10000,0.0370257,0.11144776173520789
new_more,10000,0.7899563,0.1536796798077802
new_more,10000,0.25885351859448524,0.16236531979064428
new_more,10000,0.0370257,0.11144776173520789
new_more,10000,0.7899563,0.1536796798077802
new_more,10000,0.19446924260215448,0.16236531979064428
new_more,10000,0.0370257,0.11144776173520789
new_more,10000,0.7899563,0.1536796798077802
new_more,10000,0.15139833206458828,0.16236531979064428
new_more,10000,0.0370257,0.11144776173520789
new_more,10000,0.7899563,0.1536796798077802
new_more,10000,0.683938,0.16236531979064428
new_more,10000,0.2491043358209317,0.17262912000001066
new_more,10000,0.0370257,0.11144776173520789
new_more,10000,0.7899563,0.1536796798077802
new_more,10000,0.683938,0.16236531979064428
new_more,10000,0.21001962878179156,0.17262912000001066
new_more,10000,0.0370257,0.11144776173520789
new_more,10000,0.7899563,0.1536796798077802
new_more,10000,0.683938,0.16236531979064428
new_more,10000,0.007624448671357245,0.17262912000001066
new_more,10000,0.0370257,0.11144776173520789
new_more,10000,0.7899563,0.1536796798077802
new_more,10000,0.683938,0.16236531979064428
new_more,10000,0.32414213620850646,0.17262912000001066
new_more,10000,0.0370257,0.11144776173520789
new_more,10000,0.7899563,0.1536796798077802
new_more,10000,0.683938,0.16236531979064428
new_more,10000,0.013214396926133963,0.17262912000001066
new_more,10000,0.0370257,0.11144776173520789
new_more,10000,0.7899563000000001,0.1536796798077802
new_more,10000,0.683938,0.16236531979064428
new_more,10000,0.5730167643402003,0.17262912000001066
new_more,10000,0.0370257,0.11144776173520789
new_more,10000,0.7899562999999998,0.1536796798077802
new_more,10000,0.683938,0.16236531979064428
new_more,10000,0.5584320417825831,0.17262912000001066
new_more,10000,0.0370257,0.11144776173520789
new_more,10000,0.7899563,0.1536796798077802
new_more,10000,0.683938,0.16236531979064428
new_more,10000,0.14636494488058582,0.17262912000001066
new_more,10000,0.0370257,0.11144776173520789
new_more,10000,0.7899563,0.1536796798077802
new_more,10000,0.683938,0.16236531979064428
new_more,10000,0.02784591644483552,0.17262912000001066
new_more,10000,0.0370257,0.11144776173520789
new_more,10000,0.7899563,0.1536796798077802
new_more,10000,0.683938,0.16236531979064428
new_more,10000,0.7823199999999999,0.17262912000001066
new_more,10000,0.33553716151054064,0.18425954999999994
new_more,10000,0.0370257,0.11144776173520789
new_more,10000,0.7899563,0.1536796798077802
new_more,10000,0.683938,0.16236531979064428
new_more,10000,0.7823199999999999,0.17262912000001066
new_more,10000,0.6728698393268222,0.18425954999999994
new_more,10000,0.0370257,0.11144776173520789
new_more,10000,0.7899563000000001,0.1536796798077802
new_more,10000,0.683938,0.16236531979064428
new_more,10000,0.7823199999999999,0.17262912000001066
new_more,10000,0.8675403303494765,0.18425954999999994
new_more,10000,0.0370257,0.11144776173520789
new_more,10000,0.7899563,0.1536796798077802
new_more,10000,0.683938,0.16236531979064428
new_more,10000,0.7823199999999999,0.17262912000001066
new_more,10000,0.871909859140982,0.18425954999999994
new_more,10000,0.0370257,0.11144776173520789
new_more,10000,0.7899563,0.1536796798077802
new_more,10000,0.683938,0.16236531979064428
new_more,10000,0.7823199999999999,0.17262912000001066
new_more,10000,0.6803080140335548,0.18425954999999994
new_more,10000,0.0370257,0.11144776173520789
new_more,10000,0.7899562999999998,0.1536796798077802
new_more,10000,0.683938,0.16236531979064428
new_more,10000,0.7823199999999999,0.17262912000001066
new_more,10000,0.5415734326971688,0.18425954999999994
new_more,10000,0.0370257,0.11144776173520789
new_more,10000,0.7899563,0.1536796798077802
new_more,10000,0.683938,0.16236531979064428
new_more,10000,0.7823199999999999,0.17262912000001066
new_more,10000,0.8791700000000002,0.18425954999999994
new_more,10000,0.020449670383478755,0.19620686999999992
new_more,10000,0.0370257,0.11144776173520789
new_more,10000,0.7899563000000001,0.1536796798077802
new_more,10000,0.683938,0.16236531979064428
new_more,10000,0.7823199999999999,0.17262912000001066
new_more,10000,0.8791700000000001,0.18425954999999994
new_more,10000,0.5250586738456118,0.19620686999999992
new_more,10000,0.0370257,0.11144776173520789
new_more,10000,0.7899563,0.1536796798077802
new_more,10000,0.683938,0.16236531979064428
new_more,10000,0.7823199999999999,0.17262912000001066
new_more,10000,0.8791700000000002,0.18425954999999994
new_more,10000,0.1433495926538399,0.19620686999999992
new_more,10000,0.0370257,0.11144776173520789
new_more,10000,0.7899563,0.1536796798077802
new_more,10000,0.683938,0.16236531979064428
new_more,10000,0.7823199999999999,0.17262912000001066
new_more,10000,0.8791700000000001,0.18425954999999994
new_more,10000,0.5264077093380989,0.19620686999999992
new_more,10000,0.0370257,0.11144776173520789
new_more,10000,0.7899563,0.1536796798077802
new_more,10000,0.683938,0.16236531979064428
new_more,10000,0.7823199999999999,0.17262912000001066
new_more,10000,0.8791700000000001,0.18425954999999994
new_more,10000,0.08585194050398484,0.19620686999999992
new_more,10000,0.0370257,0.11144776173520789
new_more,10000,0.7899563,0.1536796798077802
new_more,10000,0.683938,0.16236531979064428
new_more,10000,0.7823199999999999,0.17262912000001066
new_more,10000,0.8791700000000002,0.18425954999999994
new_more,10000,0.41241290508627787,0.19620686999999992
new_more,10000,0.0370257,0.11144776173520789
new_more,10000,0.7899563000000001,0.1536796798077802
new_more,10000,0.683938,0.16236531979064428
new_more,10000,0.7823199999999999,0.17262912000001066
new_more,10000,0.8791700000000002,0.18425954999999994
new_more,10000,0.0830459800105519,0.19620686999999992
new_more,10000,0.0370257,0.11144776173520789
new_more,10000,0.7899563,0.1536796798077802
new_more,10000,0.683938,0.16236531979064428
new_more,10000,0.7823199999999999,0.17262912000001066
new_more,10000,0.8791700000000002,0.18425954999999994
new_more,10000,0.3324905093461419,0.19620686999999992
new_more,10000,0.0370257,0.11144776173520789
new_more,10000,0.7899563000000001,0.1536796798077802
new_more,10000,0.683938,0.16236531979064428
new_more,10000,0.78232,0.17262912000001066
new_more,10000,0.8791700000000001,0.18425954999999994
new_more,10000,0.3200975795638473,0.19620686999999992
new_more,10000,0.0370257,0.11144776173520789
new_more,10000,0.7899563000000001,0.1536796798077802
new_more,10000,0.683938,0.16236531979064428
new_more,10000,0.7823199999999999,0.17262912000001066
new_more,10000,0.8791700000000003,0.18425954999999994
new_more,10000,0.031785004652717504,0.19620686999999992
new_more,10000,0.0370257,0.11144776173520789
new_more,10000,0.7899563,0.1536796798077802
new_more,10000,0.683938,0.16236531979064428
new_more,10000,0.7823199999999999,0.17262912000001066
new_more,10000,0.8791700000000002,0.18425954999999994
new_more,10000,0.41054511210928757,0.19620686999999992
new_more,10000,0.0370257,0.11144776173520789
new_more,10000,0.7899563,0.1536796798077802
new_more,10000,0.683938,0.16236531979064428
new_more,10000,0.7823199999999999,0.17262912000001066
new_more,10000,0.8791700000000001,0.18425954999999994
new_more,10000,0.002617215413389802,0.19620686999999992
new_more,10000,0.0370257,0.11144776173520789
new_more,10000,0.7899563,0.1536796798077802
new_more,10000,0.683938,0.16236531979064428
new_more,10000,0.7823199999999999,0.17262912000001066
new_more,10000,0.8791700000000002,0.18425954999999994
new_more,10000,0.1676114559222881,0.19620686999999992
base,100000,0.006905755097060732,0.0
base,100000,0.06212909191774978,0.0
base,100000,0.7473860362228034,0.0
base,100000,2.150109046498776,0.0
base,100000,1.1256653410614696,0.0
base,100000,3.340027851684093,0.0
base,100000,2.3026991188852373,0.0
base,100000,0.9587685917051062,0.0
base,100000,0.3092691423861584,0.0
base,100000,0.2240947687484858,0.0
base,100000,0.025932175460522688,0.0
base,100000,0.07830259959123088,0.0
base,100000,0.36327475825459604,0.0
base,100000,0.6275799293635473,0.0
base,100000,0.2314205855426548,0.0
base,100000,0.5036625328893157,0.0
base,100000,1.657115508073724,0.0
base,100000,1.0819906503206127,0.0
base,100000,1.0102691899249485,0.0
standard,100000,0.2314205855426548,0.11450000000000005
standard,100000,0.5036625328893157,0.11450000000000005
standard,100000,1.657115508073724,0.11450000000000005
standard,100000,1.0819906503206127,0.11450000000000005
standard,100000,1.0102691899249485,0.11450000000000005
standard,100000,2.150109046498776,0.11450000000000005
standard,100000,1.1256653410614696,0.11450000000000005
standard,100000,3.340027851684093,0.11450000000000005
standard,100000,2.3026991188852373,0.11450000000000005
standard,100000,0.9587685917051062,0.11450000000000005
standard,100000,0.3092691423861584,0.11450000000000005
standard,100000,0.2240947687484858,0.11450000000000005
standard,100000,0.025932175460522688,0.11450000000000005
standard,100000,0.07830259959123088,0.11450000000000005
standard,100000,0.36327475825459604,0.11450000000000005
standard,100000,0.6275799293635473,0.11450000000000005
standard,100000,0.006905755097060732,0.11450000000000005
standard,100000,0.06212909191774978,0.11450000000000005
standard,100000,0.7473860362228034,0.11450000000000005
glaum,100000,0.3092691423861584,0.0
glaum,100000,0.2240947687484858,0.0
glaum,100000,0.025932175460522688,0.0
glaum,100000,0.07830259959123088,0.0
glaum,100000,0.36327475825459604,0.0
glaum,100000,0.006905755097060732,0.0
glaum,100000,0.06212909191774978,0.0
glaum,100000,0.7473860362228034,0.0
glaum,100000,0.2314205855426548,0.0
glaum,100000,0.5036625328893157,0.0
glaum,100000,0.17968849126959371,0.0
glaum,100000,0.44789143809395365,0.1279732
glaum,100000,0.02822536830569137,0.0
glaum,100000,0.14112684152845684,0.1279732
glaum,100000,1.980756836664628,0.24920976052326405
glaum,100000,0.021150866751052932,0.0
glaum,100000,0.10575433375526466,0.1279732
glaum,100000,0.9987601405551519,0.24920976052326405
glaum,100000,0.028104293498083178,0.0
glaum,100000,0.14052146749041589,0.1279732
glaum,100000,3.1714020906955938,0.24920976052326405
glaum,100000,0.0190838654848874,0.0
glaum,100000,0.09541932742443698,0.1279732
glaum,100000,2.1881959259759127,0.24920976052326405
glaum,100000,0.1500324734704049,0.0
glaum,100000,0.7501623673520246,0.1279732
glaum,100000,0.05857375088267669,0.24920976052326405
glaum,100000,0.03214550324295442,0.0
glaum,100000,0.1607275162147721,0.1279732
glaum,100000,1.4642424886159975,0.24920976052326405
glaum,100000,0.05053665789133381,0.0
glaum,100000,0.25268328945666907,0.1279732
glaum,100000,0.7787707029726099,0.24920976052326405
glaum,100000,0.035581286757652174,0.0
glaum,100000,0.17790643378826085,0.1279732
glaum,100000,0.7967814693790354,0.24920976052326405
new_more,100000,0.006905755097060732,0.11144776173520789
new_more,100000,0.025932175460522688,0.11144776173520789
new_more,100000,0.0370257,0.11144776173520789
new_more,100000,0.02510339191774978,0.1536796798077802
new_more,100000,0.0370257,0.11144776173520789
new_more,100000,0.7103603362228034,0.1536796798077802
new_more,100000,0.0370257,0.11144776173520789
new_more,100000,0.27224344238615833,0.1536796798077802
new_more,100000,0.0370257,0.11144776173520789
new_more,100000,0.1870690687484858,0.1536796798077802
new_more,100000,0.0370257,0.11144776173520789
new_more,100000,0.041276899591230876,0.1536796798077802
new_more,100000,0.0370257,0.11144776173520789
new_more,100000,0.32624905825459605,0.1536796798077802
new_more,100000,0.0370257,0.11144776173520789
new_more,100000,0.5905542293635474,0.1536796798077802
new_more,100000,0.0370257,0.11144776173520789
new_more,100000,0.1943948855426548,0.1536796798077802
new_more,100000,0.0370257,0.11144776173520789
new_more,100000,0.46663683288931573,0.1536796798077802
new_more,100000,0.0370257,0.11144776173520789
new_more,100000,0.7899563000000001,0.1536796798077802
new_more,100000,0.2986833410614695,0.16236531979064428
new_more,100000,0.0370257,0.11144776173520789
new_more,100000,0.7899563,0.1536796798077802
new_more,100000,0.13178659170510632,0.16236531979064428
new_more,100000,0.0370257,0.11144776173520789
new_more,100000,0.7899563,0.1536796798077802
new_more,100000,0.25500865032061265,0.16236531979064428
new_more,100000,0.0370257,0.11144776173520789
new_more,100000,0.7899563,0.1536796798077802
new_more,100000,0.18328718992494852,0.16236531979064428
new_more,100000,0.0370257,0.11144776173520789
new_more,100000,0.7899563,0.1536796798077802
new_more,100000,0.683938,0.16236531979064428
new_more,100000,0.6391890464987761,0.17262912000001066
new_more,100000,0.0370257,0.11144776173520789
new_more,100000,0.7899563,0.1536796798077802
new_more,100000,0.683938,0.16236531979064428
new_more,100000,0.14619550807372392,0.17262912000001066
new_more,100000,0.0370257,0.11144776173520789
new_more,100000,0.7899563,0.1536796798077802
new_more,100000,0.683938,0.16236531979064428
new_more,100000,0.7823199999999999,0.17262912000001066
new_more,100000,0.009459118885237129,0.18425954999999994
new_more,100000,0.0370257,0.11144776173520789
new_more,100000,0.7899563,0.1536796798077802
new_more,100000,0.683938,0.16236531979064428
new_more,100000,0.7823199999999999,0.17262912000001066
new_more,100000,0.8791700000000002,0.18425954999999994
new_more,100000,0.16761785168409257,0.19620686999999992
