scenario,split,wake_loss
base,1000,0.0
base,1000,0.0
base,1000,0.0
base,1000,0.0
base,1000,0.0
base,1000,0.0
base,1000,0.0
base,1000,0.0
base,1000,0.0
base,1000,0.0
base,1000,0.0
base,1000,0.0
base,1000,0.0
base,1000,0.0
base,1000,0.0
base,1000,0.0
base,1000,0.0
base,1000,0.0
base,1000,0.0
base,1000,0.0
base,1000,0.0
base,1000,0.0
base,1000,0.0
base,1000,0.0
base,1000,0.0
base,1000,0.0
base,1000,0.0
base,1000,0.0
base,1000,0.0
base,1000,0.0
base,1000,0.0
base,1000,0.0
base,1000,0.0
base,1000,0.0
base,1000,0.0
base,1000,0.0
base,1000,0.0
base,1000,0.0
base,1000,0.0
base,1000,0.0
base,1000,0.0
base,1000,0.0
base,1000,0.0
base,1000,0.0
base,1000,0.0
base,1000,0.0
base,1000,0.0
base,1000,0.0
base,1000,0.0
base,1000,0.0
base,1000,0.0
base,1000,0.0
base,1000,0.0
base,1000,0.0
base,1000,0.0
base,1000,0.0
base,1000,0.0
base,1000,0.0
base,1000,0.0
base,1000,0.0
base,1000,0.0
base,1000,0.0
base,1000,0.0
base,1000,0.0
base,1000,0.0
base,1000,0.0
base,1000,0.0
base,1000,0.0
base,1000,0.0
base,1000,0.0
base,1000,0.0
base,1000,0.0
base,1000,0.0
base,1000,0.0
base,1000,0.0
base,1000,0.0
base,1000,0.0
base,1000,0.0
base,1000,0.0
base,1000,0.0
base,1000,0.0
base,1000,0.0
base,1000,0.0
base,1000,0.0
base,1000,0.0
base,1000,0.0
base,1000,0.0
base,1000,0.0
base,1000,0.0
base,1000,0.0
base,1000,0.0
base,1000,0.0
base,1000,0.0
base,1000,0.0
base,1000,0.0
base,1000,0.0
base,1000,0.0
base,1000,0.0
base,1000,0.0
base,1000,0.0
base,1000,0.0
base,1000,0.0
base,1000,0.0
base,1000,0.0
base,1000,0.0
base,1000,0.0
base,1000,0.0
base,1000,0.0
base,1000,0.0
base,1000,0.0
base,1000,0.0
base,1000,0.0
base,1000,0.0
base,1000,0.0
base,1000,0.0
base,1000,0.0
base,1000,0.0
base,1000,0.0
base,1000,0.0
base,1000,0.0
base,1000,0.0
base,1000,0.0
base,1000,0.0
base,1000,0.0
base,1000,0.0
base,1000,0.0
base,1000,0.0
base,1000,0.0
base,1000,0.0
base,1000,0.0
base,1000,0.0
base,1000,0.0
base,1000,0.0
base,1000,0.0
base,1000,0.0
base,1000,0.0
base,1000,0.0
base,1000,0.0
base,1000,0.0
base,1000,0.0
base,1000,0.0
base,1000,0.0
base,1000,0.0
base,1000,0.0
base,1000,0.0
base,1000,0.0
base,1000,0.0
base,1000,0.0
base,1000,0.0
base,1000,0.0
base,1000,0.0
base,1000,0.0
base,1000,0.0
base,1000,0.0
base,1000,0.0
base,1000,0.0
base,1000,0.0
base,1000,0.0
base,1000,0.0
base,1000,0.0
base,1000,0.0
base,1000,0.0
base,1000,0.0
base,1000,0.0
base,1000,0.0
base,1000,0.0
base,1000,0.0
base,1000,0.0
base,1000,0.0
base,1000,0.0
base,1000,0.0
base,1000,0.0
base,1000,0.0
base,1000,0.0
base,1000,0.0
base,1000,0.0
base,1000,0.0
base,1000,0.0
base,1000,0.0
base,1000,0.0
base,1000,0.0
base,1000,0.0
base,1000,0.0
base,1000,0.0
base,1000,0.0
base,1000,0.0
base,1000,0.0
base,1000,0.0
base,1000,0.0
base,1000,0.0
base,1000,0.0
base,1000,0.0
base,1000,0.0
base,1000,0.0
base,1000,0.0
base,1000,0.0
base,1000,0.0
base,1000,0.0
base,1000,0.0
base,1000,0.0
base,1000,0.0
base,1000,0.0
base,1000,0.0
base,1000,0.0
base,1000,0.0
base,1000,0.0
base,1000,0.0
base,1000,0.0
base,1000,0.0
base,1000,0.0
base,1000,0.0
base,1000,0.0
base,1000,0.0
base,1000,0.0
base,1000,0.0
base,1000,0.0
base,1000,0.0
base,1000,0.0
base,1000,0.0
base,1000,0.0
base,1000,0.0
base,1000,0.0
base,1000,0.0
base,1000,0.0
base,1000,0.0
base,1000,0.0
base,1000,0.0
base,1000,0.0
base,1000,0.0
base,1000,0.0
base,1000,0.0
base,1000,0.0
base,1000,0.0
base,1000,0.0
base,1000,0.0
base,1000,0.0
base,1000,0.0
base,1000,0.0
base,1000,0.0
base,1000,0.0
base,1000,0.0
base,1000,0.0
base,1000,0.0
base,1000,0.0
base,1000,0.0
base,1000,0.0
base,1000,0.0
base,1000,0.0
base,1000,0.0
base,1000,0.0
base,1000,0.0
base,1000,0.0
base,1000,0.0
base,1000,0.0
base,1000,0.0
base,1000,0.0
base,1000,0.0
base,1000,0.0
base,1000,0.0
base,1000,0.0
base,1000,0.0
base,1000,0.0
base,1000,0.0
base,1000,0.0
base,1000,0.0
base,1000,0.0
base,1000,0.0
base,1000,0.0
base,1000,0.0
base,1000,0.0
base,1000,0.0
base,1000,0.0
base,1000,0.0
base,1000,0.0
base,1000,0.0
base,1000,0.0
base,1000,0.0
base,1000,0.0
base,1000,0.0
base,1000,0.0
base,1000,0.0
base,1000,0.0
base,1000,0.0
base,1000,0.0
base,1000,0.0
base,1000,0.0
base,1000,0.0
base,1000,0.0
base,1000,0.0
base,1000,0.0
base,1000,0.0
base,1000,0.0
base,1000,0.0
base,1000,0.0
base,1000,0.0
base,1000,0.0
base,1000,0.0
base,1000,0.0
base,1000,0.0
base,1000,0.0
base,1000,0.0
base,1000,0.0
base,1000,0.0
base,1000,0.0
base,1000,0.0
base,1000,0.0
base,1000,0.0
base,1000,0.0
base,1000,0.0
base,1000,0.0
base,1000,0.0
base,1000,0.0
base,1000,0.0
base,1000,0.0
base,1000,0.0
base,1000,0.0
base,1000,0.0
base,1000,0.0
base,1000,0.0
base,1000,0.0
base,1000,0.0
base,1000,0.0
base,1000,0.0
base,1000,0.0
base,1000,0.0
base,1000,0.0
base,1000,0.0
base,1000,0.0
base,1000,0.0
base,1000,0.0
base,1000,0.0
base,1000,0.0
base,1000,0.0
base,1000,0.0
base,1000,0.0
base,1000,0.0
base,1000,0.0
base,1000,0.0
base,1000,0.0
base,1000,0.0
base,1000,0.0
base,1000,0.0
base,1000,0.0
base,1000,0.0
base,1000,0.0
base,1000,0.0
base,1000,0.0
base,1000,0.0
base,1000,0.0
base,1000,0.0
base,1000,0.0
base,1000,0.0
base,1000,0.0
base,1000,0.0
base,1000,0.0
base,1000,0.0
base,1000,0.0
base,1000,0.0
base,1000,0.0
base,1000,0.0
base,1000,0.0
base,1000,0.0
base,1000,0.0
base,1000,0.0
base,1000,0.0
base,1000,0.0
base,1000,0.0
base,1000,0.0
base,1000,0.0
base,1000,0.0
base,1000,0.0
base,1000,0.0
base,1000,0.0
base,1000,0.0
base,1000,0.0
base,1000,0.0
base,1000,0.0
base,1000,0.0
base,1000,0.0
base,1000,0.0
base,1000,0.0
base,1000,0.0
base,1000,0.0
base,1000,0.0
base,1000,0.0
base,1000,0.0
base,1000,0.0
base,1000,0.0
base,1000,0.0
base,1000,0.0
base,1000,0.0
base,1000,0.0
base,1000,0.0
base,1000,0.0
base,1000,0.0
base,1000,0.0
base,1000,0.0
base,1000,0.0
base,1000,0.0
base,1000,0.0
base,1000,0.0
base,1000,0.0
base,1000,0.0
base,1000,0.0
base,1000,0.0
base,1000,0.0
base,1000,0.0
base,1000,0.0
base,1000,0.0
base,1000,0.0
base,1000,0.0
base,1000,0.0
base,1000,0.0
base,1000,0.0
base,1000,0.0
base,1000,0.0
base,1000,0.0
base,1000,0.0
base,1000,0.0
base,1000,0.0
base,1000,0.0
base,1000,0.0
base,1000,0.0
base,1000,0.0
base,1000,0.0
base,1000,0.0
base,1000,0.0
base,1000,0.0
base,1000,0.0
base,1000,0.0
base,1000,0.0
base,1000,0.0
base,1000,0.0
base,1000,0.0
base,1000,0.0
base,1000,0.0
base,1000,0.0
base,1000,0.0
base,1000,0.0
base,1000,0.0
base,1000,0.0
base,1000,0.0
base,1000,0.0
base,1000,0.0
base,1000,0.0
base,1000,0.0
base,1000,0.0
base,1000,0.0
base,1000,0.0
base,1000,0.0
base,1000,0.0
base,1000,0.0
base,1000,0.0
base,1000,0.0
base,1000,0.0
base,1000,0.0
base,1000,0.0
base,1000,0.0
base,1000,0.0
base,1000,0.0
base,1000,0.0
base,1000,0.0
base,1000,0.0
base,1000,0.0
base,1000,0.0
base,1000,0.0
base,1000,0.0
base,1000,0.0
base,1000,0.0
base,1000,0.0
base,1000,0.0
base,1000,0.0
base,1000,0.0
base,1000,0.0
base,1000,0.0
base,1000,0.0
base,1000,0.0
base,1000,0.0
base,1000,0.0
base,1000,0.0
base,1000,0.0
base,1000,0.0
base,1000,0.0
base,1000,0.0
base,1000,0.0
base,1000,0.0
base,1000,0.0
base,1000,0.0
base,1000,0.0
base,1000,0.0
base,1000,0.0
base,1000,0.0
base,1000,0.0
base,1000,0.0
base,1000,0.0
base,1000,0.0
base,1000,0.0
base,1000,0.0
base,1000,0.0
base,1000,0.0
base,1000,0.0
base,1000,0.0
base,1000,0.0
base,1000,0.0
base,1000,0.0
base,1000,0.0
base,1000,0.0
base,1000,0.0
base,1000,0.0
base,1000,0.0
base,1000,0.0
base,1000,0.0
base,1000,0.0
base,1000,0.0
base,1000,0.0
base,1000,0.0
base,1000,0.0
base,1000,0.0
base,1000,0.0
base,1000,0.0
base,1000,0.0
base,1000,0.0
base,1000,0.0
base,1000,0.0
base,1000,0.0
base,1000,0.0
base,1000,0.0
base,1000,0.0
base,1000,0.0
base,1000,0.0
base,1000,0.0
base,1000,0.0
base,1000,0.0
base,1000,0.0
base,1000,0.0
base,1000,0.0
base,1000,0.0
base,1000,0.0
base,1000,0.0
base,1000,0.0
base,1000,0.0
base,1000,0.0
base,1000,0.0
base,1000,0.0
base,1000,0.0
base,1000,0.0
base,1000,0.0
base,1000,0.0
base,1000,0.0
base,1000,0.0
base,1000,0.0
base,1000,0.0
base,1000,0.0
base,1000,0.0
base,1000,0.0
base,1000,0.0
base,1000,0.0
base,1000,0.0
base,1000,0.0
standard,1000,0.10280839264283848
standard,1000,0.12625826048957545
standard,1000,0.08905860484409944
standard,1000,0.09237961507154124
standard,1000,0.1190777151568323
standard,1000,0.08132801905480813
standard,1000,0.10832011442357559
standard,1000,0.11806944932158858
standard,1000,0.120538981696377
standard,1000,0.12186076328819495
standard,1000,0.08792286048343811
standard,1000,0.11901762408835292
standard,1000,0.07875129453993357
standard,1000,0.09186322001242642
standard,1000,0.1041556275266955
standard,1000,0.0965926262767477
standard,1000,0.11606562776400209
standard,1000,0.10596659260148134
standard,1000,0.12059312973401193
standard,1000,0.08770405375975387
standard,1000,0.09916110886396123
standard,1000,0.12185692783370627
standard,1000,0.09017457719361932
standard,1000,0.10572607353650532
standard,1000,0.09646607695803444
standard,1000,0.11961029905064946
standard,1000,0.1185928006369964
standard,1000,0.10162240285360036
standard,1000,0.1143505741621107
standard,1000,0.12009280917750542
standard,1000,0.11480813711141613
standard,1000,0.10254080624366102
standard,1000,0.10843537575919693
standard,1000,0.11617644330609189
standard,1000,0.11502742728042559
standard,1000,0.10253429791248381
standard,1000,0.10321460669654725
standard,1000,0.10552708037752123
standard,1000,0.11345970002527894
standard,1000,0.11232551020166603
standard,1000,0.10866502415413348
standard,1000,0.1049536321248451
standard,1000,0.10903294510356532
standard,1000,0.10471970269196984
standard,1000,0.10953273582513268
standard,1000,0.10584196394940903
standard,1000,0.09746472802342021
standard,1000,0.10275978900874949
standard,1000,0.10368406551625398
standard,1000,0.10495793427441169
standard,1000,0.0993517594399318
standard,1000,0.09953501922217078
standard,1000,0.09865031585860373
standard,1000,0.09759662520886248
standard,1000,0.11896081302162664
standard,1000,0.10539094017836681
standard,1000,0.11713669876520583
standard,1000,0.09915689842405051
standard,1000,0.1116914324910736
standard,1000,0.10906166059806666
standard,1000,0.10388186666629051
standard,1000,0.10724104039305438
standard,1000,0.10460099630340669
standard,1000,0.10369841807121827
standard,1000,0.09787032520197236
standard,1000,0.10011475944897952
standard,1000,0.09552489162264155
standard,1000,0.09953200182332744
standard,1000,0.10002807401572911
standard,1000,0.09563246437704309
standard,1000,0.09787728876424018
standard,1000,0.09460130268258549
standard,1000,0.0956365535685938
standard,1000,0.11797999921370161
standard,1000,0.09589071236956559
standard,1000,0.09846135432460734
standard,1000,0.09734387307916437
standard,1000,0.0962232785265954
standard,1000,0.10347671013018356
standard,1000,0.09564656914844161
standard,1000,0.11395214087308059
standard,1000,0.10293291596410648
standard,1000,0.09884024291047189
standard,1000,0.09795248595465056
standard,1000,0.12285445197498546
standard,1000,0.10479593568783763
standard,1000,0.10103261672070873
standard,1000,0.11355249647290522
standard,1000,0.1006864618158696
standard,1000,0.1144678460358538
standard,1000,0.0951099503814502
standard,1000,0.09256234111780048
standard,1000,0.10413446991485442
standard,1000,0.08659573805862875
standard,1000,0.08762999337203503
standard,1000,0.08447462426850783
standard,1000,0.09067705156586059
standard,1000,0.06284672361357369
standard,1000,0.08214834472273214
standard,1000,0.10098690737757676
standard,1000,0.09246685565275814
standard,1000,0.08367037334411143
standard,1000,0.08930856863768555
standard,1000,0.08176179187711263
standard,1000,0.0838615909614373
standard,1000,0.10379505759624164
standard,1000,0.09192040523127032
standard,1000,0.08876770416450352
standard,1000,0.0899646061066417
standard,1000,0.08372636520467813
standard,1000,0.07559426102819788
standard,1000,0.10303565759921718
standard,1000,0.0828081977934515
standard,1000,0.09290172961081677
standard,1000,0.0902670363038044
standard,1000,0.0755928381107559
standard,1000,0.0856909420325298
standard,1000,0.06915312789289374
standard,1000,0.061444331768817584
standard,1000,0.08451178697130746
standard,1000,0.09531571942443295
standard,1000,0.07746118950719405
standard,1000,0.09436222520078907
standard,1000,0.09097257416155435
standard,1000,0.07015584011909481
standard,1000,0.052234063948359166
standard,1000,0.08803110112890422
standard,1000,0.05504852312367381
standard,1000,0.08091627188500483
standard,1000,0.07246052545668691
standard,1000,0.09787249743784365
standard,1000,0.0928920022232107
standard,1000,0.06068641187580226
standard,1000,0.1142147938274003
standard,1000,0.12108871962375112
standard,1000,0.11215130734277723
standard,1000,0.11799067499302562
standard,1000,0.09508628546313669
standard,1000,0.10462519179793772
standard,1000,0.11130085501388443
standard,1000,0.10645742699552141
standard,1000,0.10899337915660834
standard,1000,0.11202768191422174
standard,1000,0.0794462016841534
standard,1000,0.08889522696341468
standard,1000,0.10228135902777646
standard,1000,0.10345778631973546
standard,1000,0.09226107489047919
standard,1000,0.09559040226867677
standard,1000,0.09984883882357709
standard,1000,0.06500412711529258
standard,1000,0.08330605942541935
standard,1000,0.09110663431824617
standard,1000,0.08157180101733752
standard,1000,0.09466746286711081
standard,1000,0.0938910469948242
standard,1000,0.07260992327938409
standard,1000,0.07984905154365352
standard,1000,0.054934291498569765
standard,1000,0.05315731481978769
standard,1000,0.09125074692196655
standard,1000,0.07320826081422782
standard,1000,0.09784917054489883
standard,1000,0.08516107910962778
standard,1000,0.04722969205678729
standard,1000,0.06554084135566152
standard,1000,0.09519063190538213
standard,1000,0.05888218897679076
standard,1000,0.0018846911166763292
standard,1000,0.0
standard,1000,0.0
standard,1000,0.0
standard,1000,0.0
standard,1000,0.11917499001333876
standard,1000,0.15853638541106285
standard,1000,0.12618029234575434
standard,1000,0.12276947873797261
standard,1000,0.13341788187610626
standard,1000,0.49584711772529455
standard,1000,0.062089827165280775
standard,1000,0.07645567518034446
standard,1000,0.17140371907536445
standard,1000,0.14432153041203621
standard,1000,0.07703147955590184
standard,1000,0.0940560428549152
standard,1000,0.1290367165508508
standard,1000,0.21138067613145173
standard,1000,0.07475239982401538
standard,1000,0.11342001076817709
standard,1000,0.17595486287199436
standard,1000,0.08936433190644344
standard,1000,0.0648429749300895
standard,1000,0.07257219353810951
standard,1000,0.18456805133787568
standard,1000,0.10619622316121435
standard,1000,0.061091376475800985
standard,1000,0.12633759195927263
standard,1000,0.12763225828254543
standard,1000,0.1137915042844686
standard,1000,0.08317458658218779
standard,1000,0.08604330373000124
standard,1000,0.14288582141923467
standard,1000,0.10242580495069153
standard,1000,0.07033305940031709
standard,1000,0.08900919359354387
standard,1000,0.09612876238662316
standard,1000,0.0841560310990036
standard,1000,0.09008414785623264
standard,1000,0.14045309840214626
standard,1000,0.07797140159955074
standard,1000,0.1263831925407447
standard,1000,0.06256077086558909
standard,1000,0.06416145534148976
standard,1000,0.07077755209424219
standard,1000,0.08392277326680209
standard,1000,0.087817800912246
standard,1000,0.08690285829417488
standard,1000,0.3653287690120425
standard,1000,0.06670063635248269
standard,1000,0.13895549121373973
standard,1000,0.09051177167484548
standard,1000,0.06563481941619365
standard,1000,0.0837136668264572
standard,1000,0.10397530952309841
standard,1000,0.0839795032807088
standard,1000,0.07708783766329907
standard,1000,0.07442793424502925
standard,1000,0.07046962971643544
standard,1000,0.06951974524291815
standard,1000,0.08326925221330228
standard,1000,0.08970779441700205
standard,1000,0.08631604638535662
standard,1000,0.11054763397310441
standard,1000,0.07528782519201438
standard,1000,0.1288259495989481
standard,1000,0.07970123022533149
standard,1000,0.09227777671952941
standard,1000,0.07134227230425683
standard,1000,0.07643250251460731
standard,1000,0.0923703445859726
standard,1000,0.10372149253783147
standard,1000,0.09059980724905792
standard,1000,0.0804310308210926
standard,1000,0.08253636343714166
standard,1000,0.08925401499652075
standard,1000,0.08539516986294216
standard,1000,0.0806495928249904
standard,1000,0.08676619920392825
standard,1000,0.09327127988430284
standard,1000,0.12173667755488948
standard,1000,0.09354550137830431
standard,1000,0.08219362274957165
standard,1000,0.08346110963941789
standard,1000,0.0819055103766595
standard,1000,0.0732521840286311
standard,1000,0.08822341977480253
standard,1000,0.11051789343171958
standard,1000,0.09157868017332882
standard,1000,0.10063950723210102
standard,1000,0.08336089636688693
standard,1000,0.092105496148699
standard,1000,0.09019032329427568
standard,1000,0.09395231210646982
standard,1000,0.09185256436667033
standard,1000,0.09701013964320448
standard,1000,0.09011717503543959
standard,1000,0.08795250568012314
standard,1000,0.08086564516559402
standard,1000,0.10069380345954071
standard,1000,0.09528169897179029
standard,1000,0.09939878477000441
standard,1000,0.08785233439062101
standard,1000,0.09164530064958654
standard,1000,0.09014220047024946
standard,1000,0.0924208000056368
standard,1000,0.09651429964166658
standard,1000,0.09805896438278061
standard,1000,0.08663614885412618
standard,1000,0.09358363521505175
standard,1000,0.10565328009077479
standard,1000,0.09398046180238528
standard,1000,0.11759819910261526
standard,1000,0.10895900305136752
standard,1000,0.09066621451197698
standard,1000,0.08765681897553823
standard,1000,0.09340541901413213
standard,1000,0.10252675466141703
standard,1000,0.09442580938319656
standard,1000,0.09933422460907293
standard,1000,0.09288419675303838
standard,1000,0.09147289149965965
standard,1000,0.10342354583998326
standard,1000,0.10872504055013621
standard,1000,0.10062547421916401
standard,1000,0.0954503359936173
standard,1000,0.09004935898390809
standard,1000,0.09544361160039716
standard,1000,0.1061371118341331
standard,1000,0.11386496712422134
standard,1000,0.10002541411689259
standard,1000,0.10222129053481843
standard,1000,0.10058032218715929
standard,1000,0.11054883166883134
standard,1000,0.11013632530092132
standard,1000,0.0984432793105795
standard,1000,0.10210162448382831
standard,1000,0.10851423144274097
standard,1000,0.113862065023289
standard,1000,0.09197390404317551
standard,1000,0.0971547825670741
standard,1000,0.099908845800454
standard,1000,0.10395407811791313
standard,1000,0.10487526799099622
standard,1000,0.08872397950563482
standard,1000,0.11092985187865889
standard,1000,0.124027768465925
standard,1000,0.11190199402531165
standard,1000,0.11698048537641126
standard,1000,0.10602351443857161
standard,1000,0.09396298369584666
standard,1000,0.10710691126900629
standard,1000,0.10418379998721605
standard,1000,0.09889071193459709
standard,1000,0.11618746815157521
standard,1000,0.09890172866846747
standard,1000,0.12137679528694423
standard,1000,0.11113040268634733
standard,1000,0.11104587618251516
standard,1000,0.11879459379107704
standard,1000,0.09605802852813061
standard,1000,0.11508261191116909
standard,1000,0.09416404927613564
standard,1000,0.10665299406858031
standard,1000,0.1087369707941167
standard,1000,0.0988749564921575
standard,1000,0.08274602064904224
standard,1000,0.10209416453946318
standard,1000,0.09926478228166047
standard,1000,0.10310193769538711
standard,1000,0.09802912975379396
standard,1000,0.09998186910131102
standard,1000,0.09643080018663497
standard,1000,0.09801065715419865
standard,1000,0.12808602650229306
standard,1000,0.12440885224074671
standard,1000,0.05941129408021095
standard,1000,0.10269663344755309
standard,1000,0.07291440694614981
standard,1000,0.10666842168349822
standard,1000,0.1272982367464951
standard,1000,0.02522422220687337
standard,1000,0.025304452173871006
standard,1000,0.03158451675609042
standard,1000,0.02940892369513093
standard,1000,0.026353344952560143
standard,1000,0.04540444787304665
standard,1000,0.03243346187612739
standard,1000,0.031206375570166922
standard,1000,0.033991680004102354
standard,1000,0.050037311570774845
standard,1000,0.029387779137278858
standard,1000,0.03526657956907375
standard,1000,0.040269955440760175
standard,1000,0.033738578249579265
standard,1000,0.03617794914205641
standard,1000,0.023709153367836744
standard,1000,0.03524613328210424
standard,1000,0.056511814095249746
standard,1000,0.03686625561472201
standard,1000,0.038504499709321904
standard,1000,0.046776462296214905
standard,1000,0.0361761266924846
standard,1000,0.031391190014639636
standard,1000,0.030424520455777482
standard,1000,0.02817512188750959
standard,1000,0.025173716606917584
standard,1000,0.046040962923112105
standard,1000,0.021659722408568727
standard,1000,0.03385051789082838
standard,1000,0.03902243651354864
standard,1000,0.06081596119679955
standard,1000,0.051974159128134745
standard,1000,0.01425819714385368
standard,1000,0.018374356565384775
standard,1000,0.01556315770661476
standard,1000,0.017736547898802857
standard,1000,0.02025154123512507
standard,1000,0.07602891696085468
standard,1000,0.04999050323307286
standard,1000,0.010672263280656513
standard,1000,0.067355125988936
standard,1000,0.011274121346172561
standard,1000,0.03059322013277732
standard,1000,0.014480160768653882
standard,1000,0.0028540741515945545
standard,1000,0.09441802159570623
standard,1000,0.024928654867971023
standard,1000,0.03870235093968366
standard,1000,0.013119700271472579
standard,1000,0.0
standard,1000,0.015002843009269906
standard,1000,0.0681602690143952
standard,1000,0.0
standard,1000,0.0878558859697619
standard,1000,0.0
standard,1000,0.006863722333892319
standard,1000,0.04721228186083992
standard,1000,0.0
standard,1000,0.0970227554246692
standard,1000,0.0
standard,1000,0.0
standard,1000,0.044285677557485026
standard,1000,0.0
standard,1000,0.1147361912601943
standard,1000,0.12260269831711279
standard,1000,0.0
standard,1000,0.0
standard,1000,0.0
standard,1000,0.09941135568270165
standard,1000,0.2393181325238385
standard,1000,0.14947414792368452
standard,1000,0.009700511393989752
standard,1000,0.0
standard,1000,0.0
standard,1000,0.05786056075116286
standard,1000,0.0
standard,1000,0.0
standard,1000,0.12121823115224428
standard,1000,0.0
standard,1000,0.2945578074701003
standard,1000,0.22076823612229501
standard,1000,0.0
standard,1000,0.28895493919766524
standard,1000,0.44350648466303144
standard,1000,0.0
standard,1000,0.17023170990479985
standard,1000,0.0
standard,1000,0.9628182447618718
standard,1000,0.5116355480239838
standard,1000,0.6906853254141483
standard,1000,0.6462676866000197
standard,1000,0.6076104217536685
standard,1000,0.0
standard,1000,0.0
standard,1000,0.04784032384202208
standard,1000,0.6576444872570397
standard,1000,0.6928446571028766
standard,1000,0.0
standard,1000,0.0
standard,1000,0.0
standard,1000,0.9277275466652282
standard,1000,0.8510191175097769
standard,1000,0.7868034545324216
standard,1000,0.7930781144134478
standard,1000,0.0
standard,1000,0.0
standard,1000,0.0
standard,1000,0.050236904976843744
standard,1000,0.0030995988743953706
standard,1000,0.0
standard,1000,0.0
standard,1000,0.0
standard,1000,0.0
standard,1000,0.0
standard,1000,0.0
standard,1000,0.0
standard,1000,0.0
standard,1000,0.0
standard,1000,0.0
standard,1000,0.0
standard,1000,0.12040706570398563
standard,1000,0.04407025035940659
standard,1000,0.0
standard,1000,0.05115728460459634
standard,1000,0.02688444495105835
standard,1000,0.06409794957022918
standard,1000,0.1377890191965122
standard,1000,0.035087669551046696
standard,1000,0.1258880063788934
standard,1000,0.13479600226983313
standard,1000,0.1419221794764043
standard,1000,0.13435225651049754
standard,1000,0.3251835315032231
standard,1000,0.12487308710605383
standard,1000,0.1200018243186497
standard,1000,0.11826288886378844
standard,1000,0.15889911637555543
standard,1000,0.11736127275562991
standard,1000,0.15975207051252227
standard,1000,0.12562382718684584
standard,1000,0.12056330455607012
standard,1000,0.11498344919120673
standard,1000,0.20854474152300717
standard,1000,0.15711310935568368
standard,1000,0.14751271513037467
standard,1000,0.20318593602132706
standard,1000,0.20390721688366598
standard,1000,0.5221832242006113
standard,1000,0.25311758195053413
standard,1000,0.2870404748108798
standard,1000,0.36211072177403825
standard,1000,0.37817870439989076
standard,1000,0.3679482976602422
standard,1000,0.13337878510888435
standard,1000,0.28139387679078276
standard,1000,0.2069251899819784
standard,1000,0.2774424546421892
standard,1000,0.2311147167527975
standard,1000,0.301533218615201
standard,1000,0.2090533578601007
standard,1000,0.25611549259677935
standard,1000,0.17740491890640564
standard,1000,0.2844323890086936
standard,1000,0.19192729070346848
standard,1000,0.21283910392881822
standard,1000,0.19274150239730126
standard,1000,0.19010529976361545
standard,1000,0.18246794605607453
standard,1000,0.1626369404954473
standard,1000,0.18318484306212346
standard,1000,0.13200782726893512
standard,1000,0.15857717531936733
standard,1000,0.1939867466556845
standard,1000,0.11246907453500976
standard,1000,0.16731883988934004
standard,1000,0.1258540841059579
standard,1000,0.08469473099542102
standard,1000,0.22506298959751458
standard,1000,0.27858820401425954
standard,1000,0.10215666670616097
standard,1000,0.09937850232349943
standard,1000,0.10961880958394554
standard,1000,0.12857642695857185
standard,1000,0.1363708713061621
standard,1000,0.12526039371404718
standard,1000,0.1442204752288685
standard,1000,0.2243324175878696
standard,1000,0.2624723612650387
standard,1000,0.12501069911420248
standard,1000,0.13036109340603597
standard,1000,0.1543468287738866
standard,1000,0.13332787966311288
standard,1000,0.22982303945135807
standard,1000,0.17684047099225075
standard,1000,0.21475625262862452
standard,1000,0.2586135665470509
standard,1000,0.4475640559310152
standard,1000,0.18078922339764503
standard,1000,0.7868034545324216
standard,1000,0.44843154950594133
standard,1000,0.6528176509049155
standard,1000,0.04725452687763321
standard,1000,0.557406833205477
standard,1000,0.2781114139021008
standard,1000,0.3854831609154935
standard,1000,0.4347323415681804
standard,1000,0.4245738264361757
standard,1000,0.3830817125412743
standard,1000,0.34251308832228455
glaum,1000,0.11473005581839524
glaum,1000,0.12205702383469463
glaum,1000,0.11431185138171729
glaum,1000,0.3095488892282927
glaum,1000,0.10461323197976813
glaum,1000,0.09962919574556361
glaum,1000,0.09783801034739159
glaum,1000,0.13942698976426093
glaum,1000,0.09692751340101702
glaum,1000,0.14028772861799232
glaum,1000,0.10538135226570566
glaum,1000,0.10020367467848601
glaum,1000,0.09448254062754646
glaum,1000,0.190209979198241
glaum,1000,0.13758745740631106
glaum,1000,0.12776504179957082
glaum,1000,0.18473908304384212
glaum,1000,0.185477062107963
glaum,1000,0.5110966390824916
glaum,1000,0.23582668463826517
glaum,1000,0.2705349183271113
glaum,1000,0.3473307167022849
glaum,1000,0.3637707407499863
glaum,1000,0.35331581894994846
glaum,1000,0.113303421588688
glaum,1000,0.18855247759924487
glaum,1000,0.26070222424096057
glaum,1000,0.21330207071158125
glaum,1000,0.285350649272717
glaum,1000,0.19072984872742127
glaum,1000,0.23886938100132593
glaum,1000,0.15834887297166733
glaum,1000,0.26786645335050974
glaum,1000,0.17321979150462152
glaum,1000,0.19460328339980415
glaum,1000,0.17405285281982474
glaum,1000,0.17135562008564165
glaum,1000,0.16352894987928268
glaum,1000,0.14325134736180145
glaum,1000,0.16427494953617616
glaum,1000,0.11191314681609843
glaum,1000,0.1390850795790204
glaum,1000,0.17532692543201578
glaum,1000,0.0919220570623589
glaum,1000,0.14804163629558675
glaum,1000,0.10559208419213895
glaum,1000,0.06349240389763045
glaum,1000,0.2071106377655263
glaum,1000,0.2618750087667132
glaum,1000,0.08137090913131761
glaum,1000,0.07852842812545502
glaum,1000,0.0890058063049739
glaum,1000,0.1163771986486537
glaum,1000,0.10500950503097284
glaum,1000,0.1243965994306423
glaum,1000,0.2063751217782157
glaum,1000,0.24538609640304476
glaum,1000,0.10474211492406571
glaum,1000,0.11021620748510119
glaum,1000,0.13476931323449037
glaum,1000,0.11326375942945277
glaum,1000,0.2119807651509622
glaum,1000,0.15775988636671046
glaum,1000,0.1965772613004333
glaum,1000,0.2414499054676772
glaum,1000,0.43476109091586557
glaum,1000,0.1617967086591292
glaum,1000,0.7817728431713621
glaum,1000,0.43562162962685136
glaum,1000,0.6447801148727876
glaum,1000,0.025184035661743986
glaum,1000,0.5471331579673784
glaum,1000,0.26139914285183874
glaum,1000,0.3712158094948952
glaum,1000,0.4216322343375667
glaum,1000,0.4112115742276282
glaum,1000,0.3687995839213942
glaum,1000,0.3272782377243464
glaum,1000,0.08203772302022772
glaum,1000,0.10600652992949888
glaum,1000,0.06796961715274297
glaum,1000,0.07136751129849395
glaum,1000,0.0986475571290788
glaum,1000,0.06004789374138464
glaum,1000,0.08766509816660328
glaum,1000,0.09765208479430731
glaum,1000,0.10017878872605013
glaum,1000,0.10153117056928784
glaum,1000,0.06679554318433667
glaum,1000,0.09861019434799434
glaum,1000,0.05741155678509691
glaum,1000,0.07082705588167082
glaum,1000,0.06658370717824591
glaum,1000,0.06911142511283896
glaum,1000,0.07552439823219537
glaum,1000,0.09817563493823134
glaum,1000,0.0817398063730913
glaum,1000,0.08245334123892922
glaum,1000,0.08423262643151863
glaum,1000,0.08838225929434396
glaum,1000,0.08514152381497975
glaum,1000,0.08198799417495961
glaum,1000,0.08293366838817173
glaum,1000,0.08423702817912693
glaum,1000,0.07850106612374708
glaum,1000,0.07867653579810496
glaum,1000,0.0777833835888142
glaum,1000,0.0985520866284928
glaum,1000,0.08466793966886432
glaum,1000,0.09669774035152623
glaum,1000,0.07830169392680919
glaum,1000,0.09112641201232374
glaum,1000,0.08843575889536792
glaum,1000,0.08657298994478513
glaum,1000,0.083871826822006
glaum,1000,0.0829241802454832
glaum,1000,0.07926975178867113
glaum,1000,0.07868548125571373
glaum,1000,0.07362860951990613
glaum,1000,0.07468793714127986
glaum,1000,0.09756056384823664
glaum,1000,0.07495989317541119
glaum,1000,0.07528802153392422
glaum,1000,0.08269759393984755
glaum,1000,0.07469806706447402
glaum,1000,0.09342747589469591
glaum,1000,0.0821651291513048
glaum,1000,0.07796576477211126
glaum,1000,0.07705743896263084
glaum,1000,0.10253579732965801
glaum,1000,0.08407127920178514
glaum,1000,0.08022083653186007
glaum,1000,0.0798666678771065
glaum,1000,0.09395481027193431
glaum,1000,0.07416105595211053
glaum,1000,0.07154221075413425
glaum,1000,0.08339449999193471
glaum,1000,0.06327951393254427
glaum,1000,0.04115091089090661
glaum,1000,0.060899379242004614
glaum,1000,0.08016166643019473
glaum,1000,0.06243184412236935
glaum,1000,0.06821309342910575
glaum,1000,0.06265228843711135
glaum,1000,0.08303497257885573
glaum,1000,0.07088514170174753
glaum,1000,0.06767198190066648
glaum,1000,0.06889659303514106
glaum,1000,0.062489117338142885
glaum,1000,0.05419356351388738
glaum,1000,0.08225791269807814
glaum,1000,0.07190171318735172
glaum,1000,0.06919369714323009
glaum,1000,0.05419210765482185
glaum,1000,0.047566257948005286
glaum,1000,0.03971605260592748
glaum,1000,0.06331753698024223
glaum,1000,0.07435921770723353
glaum,1000,0.05609130530819173
glaum,1000,0.07337109415593546
glaum,1000,0.06991555694513452
glaum,1000,0.04861670948266972
glaum,1000,0.03029256006461134
glaum,1000,0.0331473807059155
glaum,1000,0.07696267939279589
glaum,1000,0.038928196392916115
glaum,1000,0.09369617451201462
glaum,1000,0.10072941571466709
glaum,1000,0.09158508325930304
glaum,1000,0.0741368431728987
glaum,1000,0.08388466092128921
glaum,1000,0.09071494067567742
glaum,1000,0.08577123529976538
glaum,1000,0.08836589668649031
glaum,1000,0.09145856396802421
glaum,1000,0.06780245694958043
glaum,1000,0.08149848817522898
glaum,1000,0.0789975697838059
glaum,1000,0.07006506007039082
glaum,1000,0.060297487132330296
glaum,1000,0.07370832451451415
glaum,1000,0.07290204977964732
glaum,1000,0.058546855673122344
glaum,1000,0.07021250899074172
glaum,1000,0.051740404067150525
glaum,1000,0.07696369115039914
glaum,1000,0.0639818607265078
glaum,1000,0.02516041528727364
glaum,1000,0.04390739951239886
glaum,1000,0.07424360531482332
glaum,1000,0.037094594255191904
glaum,1000,0.0
glaum,1000,0.0
glaum,1000,0.0
glaum,1000,0.0987832195958045
glaum,1000,0.13905586130143732
glaum,1000,0.1059387086093625
glaum,1000,0.10244889290947523
glaum,1000,0.11334377334434653
glaum,1000,0.4841632006014742
glaum,1000,0.055062627937730424
glaum,1000,0.1522210835485942
glaum,1000,0.12449945271004337
glaum,1000,0.10887325262006864
glaum,1000,0.1931235376342123
glaum,1000,0.0928950081942046
glaum,1000,0.15686533255543422
glaum,1000,0.16565290984266678
glaum,1000,0.08549171540127964
glaum,1000,0.10607446510631213
glaum,1000,0.1074362800722597
glaum,1000,0.0932751020685807
glaum,1000,0.12303061866897913
glaum,1000,0.0752034542318244
glaum,1000,0.35062312506391313
glaum,1000,0.11900933471464159
glaum,1000,0.10865760625256549
glaum,1000,0.10140421215666828
glaum,1000,0.08992570462917893
glaum,1000,0.07559791696820972
glaum,1000,0.07258702913083548
glaum,1000,0.06761474214436614
glaum,1000,0.07511879811404454
glaum,1000,0.061510891821606184
glaum,1000,0.07714781655215974
glaum,1000,0.07551248443714442
glaum,1000,0.1041262054158898
glaum,1000,0.03762391146034416
glaum,1000,0.08192337651437942
glaum,1000,0.05145166876703744
glaum,1000,0.08597504992876015
glaum,1000,0.10708262386728185
glaum,1000,0.0
glaum,1000,0.07609101992915412
glaum,1000,0.02213308050239493
glaum,1000,0.0
glaum,1000,0.09420077254418135
glaum,1000,0.10229028195968848
glaum,1000,0.0
glaum,1000,0.07854858335174097
glaum,1000,0.22168062751162576
glaum,1000,0.12977017017247305
glaum,1000,0.0
glaum,1000,0.0
glaum,1000,0.03604931455737248
glaum,1000,0.0
glaum,1000,0.0
glaum,1000,0.10084647916847045
glaum,1000,0.0
glaum,1000,0.27821284800877066
glaum,1000,0.20268798375543973
glaum,1000,0.0
glaum,1000,0.272493704023811
glaum,1000,0.43059590374184187
glaum,1000,0.0
glaum,1000,0.1509947511940497
glaum,1000,0.0
glaum,1000,0.9619574587851563
glaum,1000,0.5002888249023463
glaum,1000,0.6834971956003392
glaum,1000,0.6380513648460666
glaum,1000,0.5984992200458209
glaum,1000,0.0
glaum,1000,0.0
glaum,1000,0.025783366855409606
glaum,1000,0.6497052194800941
glaum,1000,0.6856930147801953
glaum,1000,0.0
glaum,1000,0.0
glaum,1000,0.0
glaum,1000,0.926027187454996
glaum,1000,0.8475295071820257
glaum,1000,0.7817728431713621
glaum,1000,0.7882470210921444
glaum,1000,0.0
glaum,1000,0.0
glaum,1000,0.0
glaum,1000,0.028249165340508586
glaum,1000,0.0
glaum,1000,0.0
glaum,1000,0.0
glaum,1000,0.0
glaum,1000,0.0
glaum,1000,0.0
glaum,1000,0.0
glaum,1000,0.0
glaum,1000,0.0
glaum,1000,0.0
glaum,1000,0.0
glaum,1000,0.0
glaum,1000,0.10003019586934547
glaum,1000,0.02193974796795284
glaum,1000,0.0
glaum,1000,0.029163706388005917
glaum,1000,0.004315432492807969
glaum,1000,0.042431103682244564
glaum,1000,0.11782817774369281
glaum,1000,0.01274921356662706
glaum,1000,0.10565164740742794
glaum,1000,0.26475759725855375
glaum,1000,0.3589080883393807
glaum,1000,0.10840230697285824
glaum,1000,0.22256941961511212
glaum,1000,0.0834161474186178
glaum,1000,0.2007362156111978
glaum,1000,0.07566586950325305
glaum,1000,0.19398862708124842
glaum,1000,0.0955777556155133
glaum,1000,0.21137423262265465
glaum,1000,0.08526903771534955
glaum,1000,0.20236327626206463
glaum,1000,0.10023419033203196
glaum,1000,0.21541478971047678
glaum,1000,0.0783060018416134
glaum,1000,0.19626950157367384
glaum,1000,0.10152724632110421
glaum,1000,0.2165751502140414
glaum,1000,0.0850229504506761
glaum,1000,0.20213823628416905
glaum,1000,0.09922860636915665
glaum,1000,0.21451402770573091
glaum,1000,0.08080043569766593
glaum,1000,0.19849841293372983
glaum,1000,0.0938349643680767
glaum,1000,0.20985572838821964
glaum,1000,0.09972228697325791
glaum,1000,0.21494445081249247
glaum,1000,0.09430324005627011
glaum,1000,0.21027494508864764
glaum,1000,0.08778292154830558
glaum,1000,0.2045549181097327
glaum,1000,0.09569113170935384
glaum,1000,0.21146215096255327
glaum,1000,0.09453963762401518
glaum,1000,0.21044739603989393
glaum,1000,0.08175728278792793
glaum,1000,0.19927933330414094
glaum,1000,0.08481935044837297
glaum,1000,0.20203955605452395
glaum,1000,0.09293561628786273
glaum,1000,0.20904944385178914
glaum,1000,0.09176303484597781
glaum,1000,0.20807150183183976
glaum,1000,0.0880299400154092
glaum,1000,0.20478317783262612
glaum,1000,0.08399328135395212
glaum,1000,0.20121759236058656
glaum,1000,0.0889177398730322
glaum,1000,0.20554611750479135
glaum,1000,0.0765703484914948
glaum,1000,0.19477742328147818
glaum,1000,0.07669320562223025
glaum,1000,0.19490740164545284
glaum,1000,0.08312402600663715
glaum,1000,0.20050420423821103
glaum,1000,0.07697334724031712
glaum,1000,0.19512908891591063
glaum,1000,0.07458560339933729
glaum,1000,0.19305822011345875
glaum,1000,0.0791930378975162
glaum,1000,0.197078303011457
glaum,1000,0.07468355216739431
glaum,1000,0.19313219145207505
glaum,1000,0.07699246032795204
glaum,1000,0.19513487310780742
glaum,1000,0.07757790032137257
glaum,1000,0.1956561589255309
glaum,1000,0.07642238204536711
glaum,1000,0.19468123204040744
glaum,1000,0.09303056104398866
glaum,1000,0.20912185045240694
glaum,1000,0.06542469024114073
glaum,1000,0.18508350711897337
glaum,1000,0.06650793223609686
glaum,1000,0.18603921638391374
glaum,1000,0.0696132198873829
glaum,1000,0.18875693280968608
glaum,1000,0.07145677156566765
glaum,1000,0.1902854198467402
glaum,1000,0.06050387740334717
glaum,1000,0.18080383705133185
glaum,1000,0.061574508414304896
glaum,1000,0.18169075374580979
glaum,1000,0.06452399037997969
glaum,1000,0.18425164462240717
glaum,1000,0.0669183259432945
glaum,1000,0.1863397087791686
glaum,1000,0.05963878297889802
glaum,1000,0.18003814296518528
glaum,1000,0.05096257083946887
glaum,1000,0.17246980665534728
glaum,1000,0.07189176060330749
glaum,1000,0.19073245377148507
glaum,1000,0.09754753933896687
glaum,1000,0.21308027965800558
glaum,1000,0.058134679532290234
glaum,1000,0.17870195906018183
glaum,1000,0.08270215065576547
glaum,1000,0.20013743050762167
glaum,1000,0.07124622682187942
glaum,1000,0.19013571438848975
glaum,1000,0.07465263066676586
glaum,1000,0.19310555236644744
glaum,1000,0.04334638298370641
glaum,1000,0.165804788685457
glaum,1000,0.06208389592256336
glaum,1000,0.18214643798809826
glaum,1000,0.05111603299188472
glaum,1000,0.17256876920980613
glaum,1000,0.03305529994094192
glaum,1000,0.15688558498096272
glaum,1000,0.03122535474274979
glaum,1000,0.15522375415032952
glaum,1000,0.0
glaum,1000,0.10951883749075064
glaum,1000,0.0
glaum,1000,0.06319390659412383
glaum,1000,0.04036423477615314
glaum,1000,0.16322854413382892
glaum,1000,0.05562691228243011
glaum,1000,0.17655969332955712
glaum,1000,0.07308274966296224
glaum,1000,0.19179611833967225
glaum,1000,0.05330734660195302
glaum,1000,0.17450279502282806
glaum,1000,0.06828242202963042
glaum,1000,0.1875406319962658
glaum,1000,0.043168588104757766
glaum,1000,0.16566106303921957
glaum,1000,0.051101532857738
glaum,1000,0.17255897608211868
glaum,1000,0.039354926128826184
glaum,1000,0.16231547717231842
glaum,1000,0.0619370845742474
glaum,1000,0.18206407826602322
glaum,1000,0.06485989104872325
glaum,1000,0.18457678221701612
glaum,1000,0.08164627813136816
glaum,1000,0.19922883105285272
glaum,1000,0.04878576088734432
glaum,1000,0.17054917831914018
glaum,1000,0.06790654072706981
glaum,1000,0.18722364031024574
glaum,1000,0.06292887162752447
glaum,1000,0.18290574318864805
glaum,1000,0.06900644085944274
glaum,1000,0.18821736150642976
glaum,1000,0.12054141678594965
glaum,1000,0.23314489046656262
glaum,1000,0.0566133651605808
glaum,1000,0.17742152292545266
glaum,1000,0.10615829750639716
glaum,1000,0.22059194576044516
glaum,1000,0.040808812133561134
glaum,1000,0.1636373501657582
glaum,1000,0.04245883205732848
glaum,1000,0.16511205526771944
glaum,1000,0.04926534409642369
glaum,1000,0.17095668828427002
glaum,1000,0.06271488715948337
glaum,1000,0.18270991969898176
glaum,1000,0.06668771239193072
glaum,1000,0.18617201417174167
glaum,1000,0.06573939965890396
glaum,1000,0.1853895935400034
glaum,1000,0.04509404464748634
glaum,1000,0.16736557837727772
glaum,1000,0.0694441283519549
glaum,1000,0.18860988084307317
glaum,1000,0.04399117628722049
glaum,1000,0.1663573935314443
glaum,1000,0.06247610485332045
glaum,1000,0.18251043807185752
glaum,1000,0.08323165491578444
glaum,1000,0.20061099776435676
glaum,1000,0.06277293051645638
glaum,1000,0.18275919294599585
glaum,1000,0.05572171758661648
glaum,1000,0.17660981468450376
glaum,1000,0.05300023537661913
glaum,1000,0.17421344383184412
glaum,1000,0.04895029308084742
glaum,1000,0.1707038681802573
glaum,1000,0.0479784180576891
glaum,1000,0.16982322528897198
glaum,1000,0.062033978076840524
glaum,1000,0.18209077953084396
glaum,1000,0.06862150749692708
glaum,1000,0.18783508872838195
glaum,1000,0.06515111336249979
glaum,1000,0.18483212092853663
glaum,1000,0.08995613368676747
glaum,1000,0.20649821320914563
glaum,1000,0.05388003345450587
glaum,1000,0.17500459347427977
glaum,1000,0.05839561217859979
glaum,1000,0.17894269479822067
glaum,1000,0.0712633153110035
glaum,1000,0.19016197636092957
glaum,1000,0.04983087986621926
glaum,1000,0.1714497751727323
glaum,1000,0.05503892848510861
glaum,1000,0.17603772821733898
glaum,1000,0.07134563397461358
glaum,1000,0.19027975107205974
glaum,1000,0.08297196187382871
glaum,1000,0.20037348948496625
glaum,1000,0.06954649956820613
glaum,1000,0.18868820372516693
glaum,1000,0.05912977945873443
glaum,1000,0.17958147246920764
glaum,1000,0.061283942664135505
glaum,1000,0.18147174187267412
glaum,1000,0.06816955119915036
glaum,1000,0.18747719630090076
glaum,1000,0.06420901477782137
glaum,1000,0.18402218043453134
glaum,1000,0.05935348032751864
glaum,1000,0.17979987858916624
glaum,1000,0.06562414057454435
glaum,1000,0.18522193405115028
glaum,1000,0.07227981883137014
glaum,1000,0.19103877899703636
glaum,1000,0.07254791653829828
glaum,1000,0.19129386364294632
glaum,1000,0.06094570548968026
glaum,1000,0.18113080515456748
glaum,1000,0.06223010353534486
glaum,1000,0.18226138474049158
glaum,1000,0.06065092309571252
glaum,1000,0.1808963500819184
glaum,1000,0.05178495227399604
glaum,1000,0.1731771829777351
glaum,1000,0.06711509691244621
glaum,1000,0.18656800847543387
glaum,1000,0.07054803414685018
glaum,1000,0.18954047096028026
glaum,1000,0.0798186262589311
glaum,1000,0.19760000056161697
glaum,1000,0.062127479208315406
glaum,1000,0.18220682668342214
glaum,1000,0.07108704631363216
glaum,1000,0.19004423253312885
glaum,1000,0.0691151193359083
glaum,1000,0.188324171040667
glaum,1000,0.07297661746861828
glaum,1000,0.1916563982025441
glaum,1000,0.07081586418934949
glaum,1000,0.18977077266863296
glaum,1000,0.07609294175630399
glaum,1000,0.19439719527729393
glaum,1000,0.06904021927341963
glaum,1000,0.18822298283648198
glaum,1000,0.06683791094996239
glaum,1000,0.18630499102886633
glaum,1000,0.059574672389467453
glaum,1000,0.17996935618522258
glaum,1000,0.07984936733087478
glaum,1000,0.19767184761258616
glaum,1000,0.0743244231674064
glaum,1000,0.19287679578690686
glaum,1000,0.0785491801260575
glaum,1000,0.1965277127100189
glaum,1000,0.0667230771010231
glaum,1000,0.1862035814253562
glaum,1000,0.07061619693791699
glaum,1000,0.18959933645111804
glaum,1000,0.06907829884364336
glaum,1000,0.18825787712413133
glaum,1000,0.07140964969520835
glaum,1000,0.19029069206587212
glaum,1000,0.07717834187554973
glaum,1000,0.19533351192646775
glaum,1000,0.06549107946000943
glaum,1000,0.18510681079799451
glaum,1000,0.0849484717811878
glaum,1000,0.20213418463653576
glaum,1000,0.07299314312804595
glaum,1000,0.19173935717903556
glaum,1000,0.09716992477353958
glaum,1000,0.21271971922834454
glaum,1000,0.08826851337421804
glaum,1000,0.20502312566279657
glaum,1000,0.0696144442098825
glaum,1000,0.1887372463046456
glaum,1000,0.06653537887276983
glaum,1000,0.18603945391033305
glaum,1000,0.07241706338430698
glaum,1000,0.191146142763706
glaum,1000,0.08174956490484897
glaum,1000,0.199319743175564
glaum,1000,0.07344875938952267
glaum,1000,0.19205594740934528
glaum,1000,0.07847070964207326
glaum,1000,0.19642437864069195
glaum,1000,0.07187146123837984
glaum,1000,0.1907048297801146
glaum,1000,0.07041498828229442
glaum,1000,0.18943422100187535
glaum,1000,0.0826548093120325
glaum,1000,0.2000841703516072
glaum,1000,0.08809134583672895
glaum,1000,0.20482604347390876
glaum,1000,0.07980426837104737
glaum,1000,0.19761192068614142
glaum,1000,0.07449697495088603
glaum,1000,0.1929825912451103
glaum,1000,0.06898330800612162
glaum,1000,0.18816309050397173
glaum,1000,0.07448990968159241
glaum,1000,0.19295267492775225
glaum,1000,0.08544350459822103
glaum,1000,0.20252938238294738
glaum,1000,0.0933255218584067
glaum,1000,0.20940028707410907
glaum,1000,0.07917788655025737
glaum,1000,0.19707510148227858
glaum,1000,0.08143702905087002
glaum,1000,0.1990232637736109
glaum,1000,0.07975807103508303
glaum,1000,0.19755886449482352
glaum,1000,0.0899450301193272
glaum,1000,0.2064746047169469
glaum,1000,0.08952285493890222
glaum,1000,0.20608562259051522
glaum,1000,0.07755905565570309
glaum,1000,0.19567611790792805
glaum,1000,0.08130210873357191
glaum,1000,0.19892733103271865
glaum,1000,0.0878631929121555
glaum,1000,0.20462597983190545
glaum,1000,0.09333490343093342
glaum,1000,0.20942066695306294
glaum,1000,0.07095240775055578
glaum,1000,0.18989269709307444
glaum,1000,0.07624077262719497
glaum,1000,0.1945023625613702
glaum,1000,0.07905851652581775
glaum,1000,0.19696081592821957
glaum,1000,0.08318505079412164
glaum,1000,0.20056865628520248
glaum,1000,0.08414002162900136
glaum,1000,0.2014020082991973
glaum,1000,0.0903472002281932
glaum,1000,0.20682723593042396
glaum,1000,0.10374834356874962
glaum,1000,0.21849154371835178
glaum,1000,0.09134184820658608
glaum,1000,0.2076369561225474
glaum,1000,0.09650075042810669
glaum,1000,0.2122261507847676
glaum,1000,0.08530254091505185
glaum,1000,0.2024387153366436
glaum,1000,0.07297526804554977
glaum,1000,0.19163239936440468
glaum,1000,0.08643575562927108
glaum,1000,0.20339419102650014
glaum,1000,0.08344497209307478
glaum,1000,0.20077474015469232
glaum,1000,0.07801699588253708
glaum,1000,0.19605127908152153
glaum,1000,0.09572653432560951
glaum,1000,0.21148412165455754
glaum,1000,0.0780156684405584
glaum,1000,0.1960506038700648
glaum,1000,0.10101128375438351
glaum,1000,0.21617065243053524
glaum,1000,0.09055239393995551
glaum,1000,0.2070068814216709
glaum,1000,0.09046591058312681
glaum,1000,0.20688467344057704
glaum,1000,0.09838169630163385
glaum,1000,0.21378682367560708
glaum,1000,0.09457111947030805
glaum,1000,0.21047496052997428
glaum,1000,0.07318081082641004
glaum,1000,0.19181135159195162
glaum,1000,0.08597132989964285
glaum,1000,0.20297673165840135
glaum,1000,0.08807879232590743
glaum,1000,0.20483684115741063
glaum,1000,0.07801322482427397
glaum,1000,0.1960487932992423
glaum,1000,0.0812944265503246
glaum,1000,0.19892173770677868
glaum,1000,0.07841207537796069
glaum,1000,0.19635063117320184
glaum,1000,0.08232580196396588
glaum,1000,0.1997967026691121
glaum,1000,0.07913326601338644
glaum,1000,0.19701414679080131
glaum,1000,0.07711649912826868
glaum,1000,0.19530190979154638
glaum,1000,0.10790055337219351
glaum,1000,0.22209827035471608
glaum,1000,0.0026574198977156183
glaum,1000,0.13031589932911358
glaum,1000,0.0027395072496071426
glaum,1000,0.13039962147363737
glaum,1000,0.009151238646705528
glaum,1000,0.13597729751546905
glaum,1000,0.006939000415345564
glaum,1000,0.13407508931720868
glaum,1000,0.003785479174047812
glaum,1000,0.13133576463757946
glaum,1000,0.023277813606308984
glaum,1000,0.14833376220257555
glaum,1000,0.010033558960780842
glaum,1000,0.13677257127385611
glaum,1000,0.008750915492071742
glaum,1000,0.135703741681917
glaum,1000,0.01162785102621866
glaum,1000,0.13817604780314996
glaum,1000,0.02800424465755469
glaum,1000,0.15246759645870944
glaum,1000,0.0069173663448612865
glaum,1000,0.13406961001930007
glaum,1000,0.01291872456018428
glaum,1000,0.1392757720032286
glaum,1000,0.01802426778600541
glaum,1000,0.14373975838094133
glaum,1000,0.011355404118422396
glaum,1000,0.1379520442355877
glaum,1000,0.013864733961267972
glaum,1000,0.14008904680830814
glaum,1000,0.0011072760601469334
glaum,1000,0.12900143600609149
glaum,1000,0.01291134585385223
glaum,1000,0.13925801000397187
glaum,1000,0.034669343388250895
glaum,1000,0.15831886131012607
glaum,1000,0.014568975253459127
glaum,1000,0.14071568119813926
glaum,1000,0.016231495024786935
glaum,1000,0.1422272457900834
glaum,1000,0.02469505395312921
glaum,1000,0.1495321204907184
glaum,1000,0.013862869320599769
glaum,1000,0.14008764041315858
glaum,1000,0.00895357865279367
glaum,1000,0.1357928018439889
glaum,1000,0.00796452454632357
glaum,1000,0.13503173601846996
glaum,1000,0.005662986565904693
glaum,1000,0.13294763945361698
glaum,1000,0.002578608997392706
glaum,1000,0.13029585987934456
glaum,1000,0.02395608402974536
glaum,1000,0.1489277207357802
glaum,1000,0.0
glaum,1000,0.127200059690472
glaum,1000,0.011456253896526936
glaum,1000,0.1380377059180662
glaum,1000,0.01677507338370987
glaum,1000,0.14270501309189976
glaum,1000,0.03904609322600394
glaum,1000,0.1621345415591796
glaum,1000,0.030013156752230707
glaum,1000,0.1541831580146914
glaum,1000,0.0
glaum,1000,0.12054362026980547
glaum,1000,0.0
glaum,1000,0.12425546385451258
glaum,1000,0.0
glaum,1000,0.12170899972089633
glaum,1000,0.0
glaum,1000,0.12363552489572827
glaum,1000,0.0
glaum,1000,0.12588015453250445
glaum,1000,0.054624786376399115
glaum,1000,0.17567029219369845
glaum,1000,0.027983357855786317
glaum,1000,0.1524503031954817
glaum,1000,0.0
glaum,1000,0.11734593010673644
glaum,1000,0.045750167898366945
glaum,1000,0.16795673320435545
glaum,1000,0.0
glaum,1000,0.11787017268424671
glaum,1000,0.008110047291066791
glaum,1000,0.1351586303138672
glaum,1000,0.0
glaum,1000,0.1207174652436106
glaum,1000,0.0
glaum,1000,0.11037002906145232
glaum,1000,0.07341205429281272
glaum,1000,0.19210244262931386
glaum,1000,0.00235500994961213
glaum,1000,0.1300657977162114
glaum,1000,0.01644757758481452
glaum,1000,0.14234151963140262
glaum,1000,0.0
glaum,1000,0.11955543436087801
glaum,1000,0.0
glaum,1000,0.10497672431448146
glaum,1000,0.0
glaum,1000,0.12122252520616794
glaum,1000,0.04656018049938837
glaum,1000,0.16866213700592514
glaum,1000,0.0
glaum,1000,0.09801155573906861
glaum,1000,0.06673905441965466
glaum,1000,0.1862468205797022
glaum,1000,0.0
glaum,1000,0.10547643867132805
glaum,1000,0.0
glaum,1000,0.11393417761625779
glaum,1000,0.025154519893756055
glaum,1000,0.14994701976907887
glaum,1000,0.0
glaum,1000,0.09296348321600911
glaum,1000,0.0
glaum,1000,0.08765127814426166
glaum,1000,0.0
glaum,1000,0.09602089337444919
glaum,1000,0.0
glaum,1000,0.07366335317938222
glaum,1000,0.0
glaum,1000,0.08330772872832626
new_more,1000,0.1188338969074978
new_more,1000,0.0948432099083153
new_more,1000,0.0868277965622527
new_more,1000,0.08713126920890168
new_more,1000,0.09219735468278578
new_more,1000,0.09475067597577513
new_more,1000,0.3228575002814753
new_more,1000,0.15419581122599035
new_more,1000,0.20116315719427846
new_more,1000,0.5205362330694372
new_more,1000,0.25054314593057814
new_more,1000,0.28458296792885807
new_more,1000,0.2101258316447565
new_more,1000,0.22239185193974598
new_more,1000,0.221658761714581
new_more,1000,0.786041661197573
new_more,1000,0.6516209448057981
new_more,1000,0.11613886601552148
new_more,1000,0.1556359365766431
new_more,1000,0.12316831499032599
new_more,1000,0.1197457446170922
new_more,1000,0.13043085183599068
new_more,1000,0.4941093484214164
new_more,1000,0.3631288347661634
new_more,1000,0.08557063157536537
new_more,1000,0.07958432929465731
new_more,1000,0.09331627902733752
new_more,1000,0.09971585446686348
new_more,1000,0.1425167781416692
new_more,1000,0.12324655188327427
new_more,1000,0.16491768633792248
new_more,1000,0.08591867239545103
new_more,1000,0.1293867807214959
new_more,1000,0.07814950565364409
new_more,1000,0.12198708410086168
new_more,1000,0.08477901322688852
new_more,1000,0.12827846780840124
new_more,1000,0.07557583372661292
new_more,1000,0.11953616225234764
new_more,1000,0.08873295481813714
new_more,1000,0.13205590101238118
new_more,1000,0.08703849140054154
new_more,1000,0.13046559707252736
new_more,1000,0.11555466988515095
new_more,1000,0.15761461884597283
new_more,1000,0.09943539459827999
new_more,1000,0.14224963046943395
new_more,1000,0.1018684883949843
new_more,1000,0.14457908523604368
new_more,1000,0.10059454570532889
new_more,1000,0.14335390419283334
new_more,1000,0.1018728053736706
new_more,1000,0.1445946323888977
new_more,1000,0.09643119802461542
new_more,1000,0.13938823511010334
new_more,1000,0.11409354896214596
new_more,1000,0.15621116856586992
new_more,1000,0.10862951334856263
new_more,1000,0.15104196546109594
new_more,1000,0.10060894773224982
new_more,1000,0.14336756086922886
new_more,1000,0.11493975619087637
new_more,1000,0.15705198760256334
new_more,1000,0.09277432957650034
new_more,1000,0.13591739373871303
new_more,1000,0.0931080420589393
new_more,1000,0.13623528806315433
new_more,1000,0.10038647558403124
new_more,1000,0.14314412451450553
new_more,1000,0.09252934481581454
new_more,1000,0.13568396202846833
new_more,1000,0.11089801418751943
new_more,1000,0.15316783635172415
new_more,1000,0.09573402688192378
new_more,1000,0.13871280162128452
new_more,1000,0.11983101074915348
new_more,1000,0.16166448214600726
new_more,1000,0.09793395760603318
new_more,1000,0.1408317681190675
new_more,1000,0.11141549693926067
new_more,1000,0.15368508129157532
new_more,1000,0.10104650260708037
new_more,1000,0.14378477330812878
new_more,1000,0.09788809070693716
new_more,1000,0.14077638887285981
new_more,1000,0.08070374487683729
new_more,1000,0.1244209331788948
new_more,1000,0.10070592036495907
new_more,1000,0.1434601252843235
new_more,1000,0.08562676900757138
new_more,1000,0.1290978216214883
new_more,1000,0.07240791820642134
new_more,1000,0.11650720350146726
new_more,1000,0.09994390278495457
new_more,1000,0.14273435885553232
new_more,1000,0.0897750440650138
new_more,1000,0.13304879316714147
new_more,1000,0.0724064903843118
new_more,1000,0.11653018201264809
new_more,1000,0.06594458306883122
new_more,1000,0.11033921755887921
new_more,1000,0.05820921542301005
new_more,1000,0.10297150349448114
new_more,1000,0.0878392389917182
new_more,1000,0.1311932443827185
new_more,1000,0.04896720064391713
new_more,1000,0.09418093859198406
new_more,1000,0.05179136100499104
new_more,1000,0.09687068576365299
new_more,1000,0.09154686364384901
new_more,1000,0.13474774815162294
new_more,1000,0.09076777153640148
new_more,1000,0.13400539419305313
new_more,1000,0.07667737459925661
new_more,1000,0.12056189122219063
new_more,1000,0.09473953837970761
new_more,1000,0.13776558007214224
new_more,1000,0.0820077122429278
new_more,1000,0.12563888373546606
new_more,1000,0.06231984530721457
new_more,1000,0.10693264159368254
new_more,1000,0.05563824115693472
new_more,1000,0.1005458101094655
new_more,1000,0.13180186189400567
new_more,1000,0.17307766867240715
new_more,1000,0.1313684471750829
new_more,1000,0.17266543668857137
new_more,1000,0.12185660393261033
new_more,1000,0.16359380109629218
new_more,1000,0.11696855034376341
new_more,1000,0.15897302814929892
new_more,1000,0.11522362093595417
new_more,1000,0.15728779314755925
new_more,1000,0.11431889703876619
new_more,1000,0.1564258445711354
new_more,1000,0.12260993174643608
new_more,1000,0.16433455132338415
new_more,1000,0.11753196595268622
new_more,1000,0.15948657278915734
new_more,1000,0.11193287733197133
new_more,1000,0.1541533039727072
new_more,1000,0.2058166669608451
new_more,1000,0.24357512799624903
new_more,1000,0.14457426870335288
new_more,1000,0.18525474403338393
new_more,1000,0.2004393901421624
new_more,1000,0.23845316541912143
new_more,1000,0.3599119752311789
new_more,1000,0.39034688307534793
new_more,1000,0.27495186425432316
new_more,1000,0.30942481394654886
new_more,1000,0.17456950819726547
new_more,1000,0.21383721099291475
new_more,1000,0.2819658922912305
new_more,1000,0.31611733942150555
new_more,1000,0.18914193729403972
new_more,1000,0.22769334458240964
new_more,1000,0.18995895550180542
new_more,1000,0.22849557778821628
new_more,1000,0.17963772204363737
new_more,1000,0.21865227513637542
new_more,1000,0.12901593689835378
new_more,1000,0.17041285878024237
new_more,1000,0.1556645921681934
new_more,1000,0.19581867692364452
new_more,1000,0.19120849200431544
new_more,1000,0.22967345829417452
new_more,1000,0.10940983585416209
new_more,1000,0.15173861431956204
new_more,1000,0.1644486633797282
new_more,1000,0.20417328275865654
new_more,1000,0.12284098234028484
new_more,1000,0.16453139307265163
new_more,1000,0.08153975666902713
new_more,1000,0.12520500695427017
new_more,1000,0.2761015629206628
new_more,1000,0.31053099328804523
new_more,1000,0.09627414162637604
new_more,1000,0.13923887270360036
new_more,1000,0.10654974629807401
new_more,1000,0.14902625952837623
new_more,1000,0.13339401995304112
new_more,1000,0.17460562708437577
new_more,1000,0.14127068074921623
new_more,1000,0.18211980865480992
new_more,1000,0.15143193891735462
new_more,1000,0.1917634526892712
new_more,1000,0.22715645152227215
new_more,1000,0.26390015600655303
new_more,1000,0.17400311468229523
new_more,1000,0.21332001685425683
new_more,1000,0.17796547807943408
new_more,1000,0.21706197960533036
new_more,1000,0.4465303430347384
new_more,1000,0.4728884520948802
new_more,1000,0.5558677925752137
new_more,1000,0.5770295299561643
new_more,1000,0.27562312935618904
new_more,1000,0.31005197139527607
new_more,1000,0.38335152538571426
new_more,1000,0.41271235929434325
new_more,1000,0.43277044953690735
new_more,1000,0.459756057658546
new_more,1000,0.42259038455530107
new_more,1000,0.4500733319034972
new_more,1000,0.3402467905126597
new_more,1000,0.37163039896931926
new_more,1000,0.20866237677892074
new_more,1000,0.24627379030355523
new_more,1000,0.17311445395109326
new_more,1000,0.21243956084980953
new_more,1000,0.18174504193287466
new_more,1000,0.22067147974517054
new_more,1000,0.056169170037704164
new_more,1000,0.10102841923972716
new_more,1000,0.09960371004775859
new_more,1000,0.14242154879250646
new_more,1000,0.06971882691017406
new_more,1000,0.11393407570984937
new_more,1000,0.10357735627410025
new_more,1000,0.14625194816409348
new_more,1000,0.11957838931923392
new_more,1000,0.16145043088902067
new_more,1000,0.09630710822813071
new_more,1000,0.13925864503659724
new_more,1000,0.23669613105207754
new_more,1000,0.27304134565720184
new_more,1000,0.1465424623777759
new_more,1000,0.18710636763298938
new_more,1000,0.054613091471382824
new_more,1000,0.09958560590033072
new_more,1000,0.11818915002149466
new_more,1000,0.1601137848848997
new_more,1000,0.21808229483844532
new_more,1000,0.2552983981576703
new_more,1000,0.0
new_more,1000,0.03534221555327077
new_more,1000,0.9626900826206071
new_more,1000,0.9645029833752706
new_more,1000,0.5099522000087546
new_more,1000,0.5332956001870301
new_more,1000,0.689619145757872
new_more,1000,0.7044496199827343
new_more,1000,0.645048403367436
new_more,1000,0.6619850000121881
new_more,1000,0.6062578904318966
new_more,1000,0.6250239044967342
new_more,1000,0.0
new_more,1000,0.0
new_more,1000,0.0
new_more,1000,0.012222789612011842
new_more,1000,0.04454484554589888
new_more,1000,0.0900352508312785
new_more,1000,0.6564644188254682
new_more,1000,0.6728582121050428
new_more,1000,0.6917859204672742
new_more,1000,0.7065268382390841
new_more,1000,0.0
new_more,1000,0.0
new_more,1000,0.0
new_more,1000,0.0372715858640732
new_more,1000,0.9274784300671945
new_more,1000,0.931043222183302
new_more,1000,0.8505055939069998
new_more,1000,0.8577038456851377
new_more,1000,0.786041661197573
new_more,1000,0.7963284176996273
new_more,1000,0.7923514062030722
new_more,1000,0.8022859075761968
new_more,1000,0.0
new_more,1000,0.0
new_more,1000,0.0469631576463897
new_more,1000,0.09228577431840357
new_more,1000,0.0
new_more,1000,0.04723425664511238
new_more,1000,0.0
new_more,1000,0.0
new_more,1000,0.0
new_more,1000,0.026625591221508094
new_more,1000,0.0
new_more,1000,0.0035482531908765935
new_more,1000,0.0
new_more,1000,0.006841957556258271
new_more,1000,0.0
new_more,1000,0.01451064796060142
new_more,1000,0.1173751885594354
new_more,1000,0.1593518538870532
new_more,1000,0.04077524712924707
new_more,1000,0.08640582808049779
new_more,1000,0.0
new_more,1000,0.0386582187374247
new_more,1000,0.04788670973932341
new_more,1000,0.09313961523942005
new_more,1000,0.060871980004538306
new_more,1000,0.10558627171755108
new_more,1000,0.13481705607067096
new_more,1000,0.17596490770994677
new_more,1000,0.08925112984423011
new_more,1000,0.13254985654572415
new_more,1000,0.14145234827298914
new_more,1000,0.10524657465316145
new_more,1000,0.14779657403144064
new_more,1000,0.15654259131771486
new_more,1000,0.11750755925429957
new_more,1000,0.15949759618652182
new_more,1000,0.1681235278935589
new_more,1000,0.08455945229625372
new_more,1000,0.12806934236915934
new_more,1000,0.1370178168433197
new_more,1000,0.10275988221885557
new_more,1000,0.14540472572243623
new_more,1000,0.1541752901368012
new_more,1000,0.09624730656251179
new_more,1000,0.1392016856788747
new_more,1000,0.14803591082704493
new_more,1000,0.10230730380974173
new_more,1000,0.14498505307871434
new_more,1000,0.15375992452128973
new_more,1000,0.09605177387836539
new_more,1000,0.13902721491636028
new_more,1000,0.14787503709660654
new_more,1000,0.10151463706982167
new_more,1000,0.14423037068581512
new_more,1000,0.15301298730407598
new_more,1000,0.09701293656345555
new_more,1000,0.139954146224341
new_more,1000,0.1487806489992638
new_more,1000,0.09642817022507155
new_more,1000,0.13940873278812937
new_more,1000,0.1482408330474041
new_more,1000,0.09251929471317077
new_more,1000,0.1356508621637863
new_more,1000,0.14452152880338587
new_more,1000,0.09984080700873676
new_more,1000,0.14263591372552287
new_more,1000,0.15143489398151622
new_more,1000,0.1017102483926473
new_more,1000,0.14445196051019127
new_more,1000,0.15323230299017077
new_more,1000,0.09758660953660214
new_more,1000,0.14048919447861397
new_more,1000,0.14932235519971637
new_more,1000,0.09199087637255654
new_more,1000,0.13517155664277813
new_more,1000,0.144047142312558
new_more,1000,0.08943448573061408
new_more,1000,0.1327366132178015
new_more,1000,0.1416371882934403
new_more,1000,0.059616441185384006
new_more,1000,0.10432363560372626
new_more,1000,0.11352796816430055
new_more,1000,0.08877804972849102
new_more,1000,0.13211122896481564
new_more,1000,0.14101822225155358
new_more,1000,0.08056805300914738
new_more,1000,0.1242796907939302
new_more,1000,0.13327930418400735
new_more,1000,0.08135618205343897
new_more,1000,0.1250301954638957
new_more,1000,0.13402205300895265
new_more,1000,0.07428128181872207
new_more,1000,0.11830373111409498
new_more,1000,0.12736465522811158
new_more,1000,0.09124057385094886
new_more,1000,0.13443291750848363
new_more,1000,0.14331608370474358
new_more,1000,0.06693846331468356
new_more,1000,0.11132147301854478
new_more,1000,0.12044182799727166
new_more,1000,0.05744868304879858
new_more,1000,0.10225925736542729
new_more,1000,0.11147261630581307
new_more,1000,0.11116157248277359
new_more,1000,0.15340709281815224
new_more,1000,0.16209553031443935
new_more,1000,0.1180591920784978
new_more,1000,0.15997687608291278
new_more,1000,0.1685978890227503
new_more,1000,0.10909097334721085
new_more,1000,0.15145822965643685
new_more,1000,0.16016666800038715
new_more,1000,0.10592216006872424
new_more,1000,0.14841670395757545
new_more,1000,0.15716814034584692
new_more,1000,0.09918700421468474
new_more,1000,0.14202462928167803
new_more,1000,0.15082988304485256
new_more,1000,0.09673424854755808
new_more,1000,0.1396884434138217
new_more,1000,0.1485176730510207
new_more,1000,0.08811837058843086
new_more,1000,0.13145910915929748
new_more,1000,0.14038455350355827
new_more,1000,0.07001369366590937
new_more,1000,0.11421492777051745
new_more,1000,0.12331739498001726
new_more,1000,0.09207183599839097
new_more,1000,0.1352362524123104
new_more,1000,0.14411117412052743
new_more,1000,0.0
new_more,1000,0.0
new_more,1000,0.0013655609936089608
new_more,1000,0.0
new_more,1000,0.0
new_more,1000,0.0
new_more,1000,0.138964462979542
new_more,1000,0.17988854227513074
new_more,1000,0.1883052052072015
new_more,1000,0.15599991784190315
new_more,1000,0.19611432056126576
new_more,1000,0.20436446111962925
new_more,1000,0.37603534273722194
new_more,1000,0.4057039536941165
new_more,1000,0.4118031118713419
new_more,1000,0.3657696727125195
new_more,1000,0.3959257838286697
new_more,1000,0.4021375131233196
new_more,1000,0.13039162030575469
new_more,1000,0.17173489924590413
new_more,1000,0.1802352416149574
new_more,1000,0.22846443885018564
new_more,1000,0.2651826278398889
new_more,1000,0.27272393223192737
new_more,1000,0.20632703645236683
new_more,1000,0.24406138271374878
new_more,1000,0.25181945081425383
new_more,1000,0.25355139010317995
new_more,1000,0.28911302108114134
new_more,1000,0.2964087319604367
new_more,1000,0.18036935522782893
new_more,1000,0.21933769660758806
new_more,1000,0.22734949964915963
new_more,1000,0.09906188208993527
new_more,1000,0.1418939972602935
new_more,1000,0.15072416382137732
new_more,1000,0.12224524555138716
new_more,1000,0.16396397100311222
new_more,1000,0.17255584652355227
new_more,1000,0.2599301703217426
new_more,1000,0.29512796650431317
new_more,1000,0.30236194703256325
new_more,1000,0.12199469027688203
new_more,1000,0.163760238093008
new_more,1000,0.1723424230388102
new_more,1000,0.12735167725071894
new_more,1000,0.16885065932403187
new_more,1000,0.17738060215166807
new_more,1000,0.07327230157509734
new_more,1000,0.11733077745525478
new_more,1000,0.12638945997541084
new_more,1000,0.11036404987836079
new_more,1000,0.15267149676104974
new_more,1000,0.1613674835532386
new_more,1000,0.12332615680135928
new_more,1000,0.16500547353658435
new_more,1000,0.17359914877108595
new_more,1000,0.12462528572213838
new_more,1000,0.16624268552434907
new_more,1000,0.1747993935388399
new_more,1000,0.11073682389914152
new_more,1000,0.15302651414988244
new_more,1000,0.16171885745962933
new_more,1000,0.13598754881124797
new_more,1000,0.17707740547798834
new_more,1000,0.18552291862383763
new_more,1000,0.10745192920640556
new_more,1000,0.14988560280863705
new_more,1000,0.15861018075162758
new_more,1000,0.12139076889178668
new_more,1000,0.1631615013028641
new_more,1000,0.17174983098143404
new_more,1000,0.12429011284411895
new_more,1000,0.16594623003157682
new_more,1000,0.17450598051783583
new_more,1000,0.09391027468143998
new_more,1000,0.13698867093787193
new_more,1000,0.1458456078759618
new_more,1000,0.0
new_more,1000,0.02064029876312501
new_more,1000,0.030704684793857573
new_more,1000,0.11168476712527453
new_more,1000,0.15391862609703766
new_more,1000,0.16262848582346034
new_more,1000,0.0
new_more,1000,0.026792928726027676
new_more,1000,0.03678078562628906
new_more,1000,0.006287038787860522
new_more,1000,0.053530475778709063
new_more,1000,0.06324392982914673
new_more,1000,0.0
new_more,1000,0.000152112109775282
new_more,1000,0.010413379132017009
new_more,1000,0.0
new_more,1000,0.0033789224523574912
new_more,1000,0.01360707327466859
new_more,1000,0.0
new_more,1000,0.014224396480949086
new_more,1000,0.024341242067396296
new_more,1000,0.0
new_more,1000,0.01522395353311301
new_more,1000,0.025343908569097517
new_more,1000,0.2921262121526088
new_more,1000,0.3258627826885572
new_more,1000,0.33278133708092605
new_more,1000,0.0
new_more,1000,0.007416188336333618
new_more,1000,0.0176029053927923
new_more,1000,0.28650403130091484
new_more,1000,0.3204418864059858
new_more,1000,0.32741607452517374
new_more,1000,0.44158830193957566
new_more,1000,0.46816873926248825
new_more,1000,0.4736803013157833
new_more,1000,0.16737157379419598
new_more,1000,0.20698494661813205
new_more,1000,0.21513687682911065
new_more,1000,0.0
new_more,1000,0.0
new_more,1000,0.0
new_more,1000,0.0
new_more,1000,0.0
new_more,1000,0.0
new_more,1000,0.0
new_more,1000,0.0
new_more,1000,0.0
new_more,1000,0.0
new_more,1000,0.0
new_more,1000,0.0
new_more,1000,0.0
new_more,1000,0.0
new_more,1000,0.0
new_more,1000,0.023530203806863104
new_more,1000,0.06996679286786722
new_more,1000,0.07951156382104896
new_more,1000,0.031761704178753014
new_more,1000,0.07780733441899279
new_more,1000,0.08727163924184667
new_more,1000,0.1160412558613988
new_more,1000,0.15806641090095686
new_more,1000,0.1667070306165911
new_more,1000,0.1769531290801687
new_more,1000,0.11502951462517974
new_more,1000,0.1570911958922031
new_more,1000,0.16575363535587384
new_more,1000,0.17598782382968903
new_more,1000,0.11598095766445116
new_more,1000,0.15802038188949052
new_more,1000,0.16666147399295828
new_more,1000,0.1768726320786841
new_more,1000,0.09333975013222473
new_more,1000,0.1364671043354383
new_more,1000,0.14532939402192346
new_more,1000,0.15581371520699738
new_more,1000,0.09944081495680879
new_more,1000,0.14224341010475194
new_more,1000,0.15104641855794276
new_more,1000,0.16144891281089024
new_more,1000,0.10012346870360844
new_more,1000,0.14291702350266622
new_more,1000,0.15171311877733307
new_more,1000,0.16210744374358177
new_more,1000,0.10596186239591521
new_more,1000,0.14846633955740685
new_more,1000,0.15720548315520555
new_more,1000,0.16753250845970014
new_more,1000,0.09966708330045149
new_more,1000,0.14245892416098216
new_more,1000,0.15125972083045613
new_more,1000,0.16165960142382008
new_more,1000,0.09554344516871716
new_more,1000,0.13855466483342338
new_more,1000,0.14739553024532226
new_more,1000,0.15784275997677
new_more,1000,0.1159239507751254
new_more,1000,0.15794312046817627
new_more,1000,0.16658500549233146
new_more,1000,0.17679710057055686
new_more,1000,0.10599067687012431
new_more,1000,0.14849361435184127
new_more,1000,0.1572324780331127
new_more,1000,0.16755917256090969
new_more,1000,0.10079302865800677
new_more,1000,0.1435313545646082
new_more,1000,0.15233296390438167
new_more,1000,0.16273149637722195
new_more,1000,0.10416378115223202
new_more,1000,0.1467533774473906
new_more,1000,0.155510100880905
new_more,1000,0.1658697077696768
new_more,1000,0.09240724787860832
new_more,1000,0.13557896510460155
new_more,1000,0.14445036961136182
new_more,1000,0.1549336873189232
new_more,1000,0.09148047541116233
new_more,1000,0.13469609642420588
new_more,1000,0.1435883817781901
new_more,1000,0.15408226169277506
new_more,1000,0.08131889125417036
new_more,1000,0.12499474190149107
new_more,1000,0.13398698071231252
new_more,1000,0.14461070496534267
new_more,1000,0.08754269775641454
new_more,1000,0.1309469946435221
new_more,1000,0.13989026004432759
new_more,1000,0.1504416752240817
new_more,1000,0.07898459323358442
new_more,1000,0.12278323126768909
new_more,1000,0.13178595619152134
new_more,1000,0.1424366762221828
new_more,1000,0.0893386711358255
new_more,1000,0.13262141015357443
new_more,1000,0.14152316753846061
new_more,1000,0.15204235317025971
new_more,1000,0.08051186814971067
new_more,1000,0.12423808039896655
new_more,1000,0.13322587445622025
new_more,1000,0.14385885889945804
new_more,1000,0.08616949779158445
new_more,1000,0.12961493831684578
new_more,1000,0.138547550605448
new_more,1000,0.14910319740393674
new_more,1000,0.0785967079753318
new_more,1000,0.12241376457819253
new_more,1000,0.13142028127515604
new_more,1000,0.14207546802222348
new_more,1000,0.08253940155531425
new_more,1000,0.1261453024351481
new_more,1000,0.13511352300045254
new_more,1000,0.1457112480152375
new_more,1000,0.11495046876864412
new_more,1000,0.1570276955558062
new_more,1000,0.16569076872390054
new_more,1000,0.1759138211654584
new_more,1000,0.09196712988341393
new_more,1000,0.13514778624028334
new_more,1000,0.1440236158616186
new_more,1000,0.15451216271659862
new_more,1000,0.10153891596402986
new_more,1000,0.14427600771951954
new_more,1000,0.15305815597274763
new_more,1000,0.1634359997767737
new_more,1000,0.1082375895862
new_more,1000,0.15064500571847372
new_more,1000,0.15936179003992468
new_more,1000,0.1696623934404824
new_more,1000,0.10337746671032078
new_more,1000,0.14600458225841406
new_more,1000,0.154768990448252
new_more,1000,0.16513764689216304
new_more,1000,0.10896692179300482
new_more,1000,0.1513167514803122
new_more,1000,0.16002664179046733
new_more,1000,0.1703307915248442
new_more,1000,0.08575473136601541
new_more,1000,0.12924297279345875
new_more,1000,0.13817940250029515
new_more,1000,0.14875136301961267
new_more,1000,0.061781281061490945
new_more,1000,0.10638518677914544
new_more,1000,0.11555620201511174
new_more,1000,0.1263935690122152
new_more,1000,0.08797376124162315
new_more,1000,0.13132137293690993
new_more,1000,0.1402364723803039
new_more,1000,0.15077142429106183
new_more,1000,0.07840606223427826
new_more,1000,0.12221987886045549
new_more,1000,0.13122838537321568
new_more,1000,0.14187371619675482
new_more,1000,0.06940145876327619
new_more,1000,0.11364306417472725
new_more,1000,0.12273959306244708
new_more,1000,0.13348893971813236
new_more,1000,0.05167673563382558
new_more,1000,0.09681819967793193
new_more,1000,0.10608739925816968
new_more,1000,0.11704079046250238
new_more,1000,0.04989363387744361
new_more,1000,0.0950628198862935
new_more,1000,0.10435003462762293
new_more,1000,0.11532471430517677
new_more,1000,0.043945579135881596
new_more,1000,0.08939732418643132
new_more,1000,0.09874268293635824
new_more,1000,0.10978607125124851
new_more,1000,0.0
new_more,1000,0.04604712839876812
new_more,1000,0.05583738275714856
new_more,1000,0.06743324459816646
new_more,1000,0.0
new_more,1000,0.0
new_more,1000,0.0067780086835975695
new_more,1000,0.018948268969230186
new_more,1000,0.0
new_more,1000,0.0
new_more,1000,0.0
new_more,1000,0.008183559421439113
new_more,1000,0.15685581203449395
new_more,1000,0.19696423279950748
new_more,1000,0.20520565085465048
new_more,1000,0.21495635548374115
new_more,1000,0.2041915329724021
new_more,1000,0.24203895590480484
new_more,1000,0.24982999735835343
new_more,1000,0.2590220654664327
new_more,1000,0.2991133773033028
new_more,1000,0.3324732126477272
new_more,1000,0.33932392533360833
new_more,1000,0.34741939629929164
new_more,1000,0.18731366611650768
new_more,1000,0.22596338115955983
new_more,1000,0.23390718593937954
new_more,1000,0.2432943612451871
new_more,1000,0.15975062590285205
new_more,1000,0.1997106910450427
new_more,1000,0.20792392267126558
new_more,1000,0.21762947904375096
new_more,1000,0.2120495885824183
new_more,1000,0.24953475626656285
new_more,1000,0.2572366520750441
new_more,1000,0.2663497201827244
new_more,1000,0.25605807468800756
new_more,1000,0.29148243690659115
new_more,1000,0.2987538308785187
new_more,1000,0.3073464199241962
new_more,1000,0.3809552511034069
new_more,1000,0.4104437049692342
new_more,1000,0.4164942198937789
new_more,1000,0.42367068547892595
new_more,1000,0.05885693578361595
new_more,1000,0.10361249039785803
new_more,1000,0.1128241620103917
new_more,1000,0.12369500554975721
new_more,1000,0.16854762277417568
new_more,1000,0.20811372924306293
new_more,1000,0.21625286607142646
new_more,1000,0.22586860019839372
new_more,1000,0.1413720842604438
new_more,1000,0.18219345566078637
new_more,1000,0.19058646366294263
new_more,1000,0.20051657392304179
new_more,1000,0.09093333612227217
new_more,1000,0.13418849960707357
new_more,1000,0.14307417422224566
new_more,1000,0.15357435488314064
new_more,1000,0.12603458503083664
new_more,1000,0.16759742964649116
new_more,1000,0.1761402341549061
new_more,1000,0.18623524602219887
new_more,1000,0.07155087697791818
new_more,1000,0.1157148220799733
new_more,1000,0.12479008887239995
new_more,1000,0.13551431016040316
new_more,1000,0.06937543392352408
new_more,1000,0.11360700381705768
new_more,1000,0.12270390278603038
new_more,1000,0.13346593544513874
new_more,1000,0.10311536253006481
new_more,1000,0.14576725591634365
new_more,1000,0.15453409974563947
new_more,1000,0.16490600550919832
new_more,1000,0.08289297781162963
new_more,1000,0.12650623058464916
new_more,1000,0.1354707470063906
new_more,1000,0.1460640948434947
new_more,1000,0.13993142650883372
new_more,1000,0.18080954708326946
new_more,1000,0.1892410881528288
new_more,1000,0.19917557115093332
new_more,1000,0.08585681069653972
new_more,1000,0.12932856150598326
new_more,1000,0.13826411283057394
new_more,1000,0.14882323268093334
new_more,1000,0.0930132001303966
new_more,1000,0.13614546202876154
new_more,1000,0.14501105267495729
new_more,1000,0.1554996146665818
new_more,1000,0.13747804351431847
new_more,1000,0.1785081886655494
new_more,1000,0.18693901792946377
new_more,1000,0.19692608966451197
new_more,1000,0.12582309158434823
new_more,1000,0.16738371606209357
new_more,1000,0.17595310025431576
new_more,1000,0.18605040513193094
new_more,1000,0.11870938346191318
new_more,1000,0.1606079374949999
new_more,1000,0.16922247396003043
new_more,1000,0.17941442233178528
new_more,1000,0.09294222245870298
new_more,1000,0.13607736463174336
new_more,1000,0.14494365414982036
new_more,1000,0.15542092748736136
new_more,1000,0.09104171483183976
new_more,1000,0.1342435100415078
new_more,1000,0.14312862009404637
new_more,1000,0.15364035513738195
new_more,1000,0.09492011789168964
new_more,1000,0.1379737183434131
new_more,1000,0.1468205459092874
new_more,1000,0.15727482110397573
new_more,1000,0.043928108928566245
new_more,1000,0.08938217656253289
new_more,1000,0.09872769076992027
new_more,1000,0.10977126278852345
new_more,1000,0.0
new_more,1000,0.04029561664754944
new_more,1000,0.05014489778247799
new_more,1000,0.06178376998697077
new_more,1000,0.0
new_more,1000,0.028326544178139068
new_more,1000,0.03829866184660913
new_more,1000,0.050082689692041216
new_more,1000,0.040991416885357346
new_more,1000,0.08661164064373128
new_more,1000,0.09598558838506122
new_more,1000,0.10706276024342376
new_more,1000,0.0
new_more,1000,0.03162973571149086
new_more,1000,0.041567953292997784
new_more,1000,0.053311921485905134
new_more,1000,0.0
new_more,1000,0.0
new_more,1000,0.0
new_more,1000,0.010160194017326596
new_more,1000,0.0
new_more,1000,0.0
new_more,1000,0.0
new_more,1000,0.0
new_more,1000,0.0
new_more,1000,0.0
new_more,1000,0.0
new_more,1000,0.0
new_more,1000,0.0
new_more,1000,0.0
new_more,1000,0.0
new_more,1000,0.0
new_more,1000,0.0
new_more,1000,0.0
new_more,1000,0.0
new_more,1000,0.0
new_more,1000,0.12287502154022134
new_more,1000,0.16459011458983952
new_more,1000,0.1731637826557917
new_more,1000,0.18329526591597367
new_more,1000,0.10106773314729212
new_more,1000,0.14381646173734652
new_more,1000,0.152603326232004
new_more,1000,0.16298674320736428
new_more,1000,0.17475271700159545
new_more,1000,0.09346671020151776
new_more,1000,0.1365762745555602
new_more,1000,0.14543744384684043
new_more,1000,0.15592046401235682
new_more,1000,0.16778576915547205
new_more,1000,0.10288494045459906
new_more,1000,0.1455470601482053
new_more,1000,0.15431616380882285
new_more,1000,0.16467859284863673
new_more,1000,0.17643267223993797
new_more,1000,0.0960559988312808
new_more,1000,0.13901947059530584
new_more,1000,0.14785556578556014
new_more,1000,0.1583090649029879
new_more,1000,0.1701407932595278
new_more,1000,0.11883004823254495
new_more,1000,0.1607465293692213
new_more,1000,0.16935964348966748
new_more,1000,0.17954951232884664
new_more,1000,0.19109456759002463
new_more,1000,0.10264359234219944
new_more,1000,0.14529396297669284
new_more,1000,0.1540775208038806
new_more,1000,0.16444287401121294
new_more,1000,0.1761883788382682
new_more,1000,0.09852577667828444
new_more,1000,0.1414070139984529
new_more,1000,0.15021860624112526
new_more,1000,0.1606312439377856
new_more,1000,0.17244216494664533
new_more,1000,0.11175696096732668
new_more,1000,0.15399770938316681
new_more,1000,0.1626800854831606
new_more,1000,0.1729518734762111
new_more,1000,0.18458952194183886
new_more,1000,0.10536223328416261
new_more,1000,0.1478948767569921
new_more,1000,0.15663988517929006
new_more,1000,0.16697384093301382
new_more,1000,0.1786955628092598
new_more,1000,0.11197700700967872
new_more,1000,0.1542068611523093
new_more,1000,0.16288709076364505
new_more,1000,0.17314449754978223
new_more,1000,0.18476768283925393
new_more,1000,0.10559267325630795
new_more,1000,0.14811438086960116
new_more,1000,0.15686895245461419
new_more,1000,0.1672001013752351
new_more,1000,0.17890684759883158
new_more,1000,0.10163375262855023
new_more,1000,0.14433211984244165
new_more,1000,0.15311369222659643
new_more,1000,0.16349085552750187
new_more,1000,0.1752497429676042
new_more,1000,0.10646337585081367
new_more,1000,0.1489436533540589
new_more,1000,0.15767789836240187
new_more,1000,0.1679991350153317
new_more,1000,0.17969464914816513
new_more,1000,0.09435377071969175
new_more,1000,0.13743331264404324
new_more,1000,0.14628568630072658
new_more,1000,0.1567465152977967
new_more,1000,0.16860020856057645
new_more,1000,0.0944861225427811
new_more,1000,0.13753576927154765
new_more,1000,0.14639891069963606
new_more,1000,0.15687020131079188
new_more,1000,0.16872215590769524
new_more,1000,0.0947607659549673
new_more,1000,0.13779759586080986
new_more,1000,0.1466462309414519
new_more,1000,0.15710264207206237
new_more,1000,0.16895132922740086
new_more,1000,0.09692595233337142
new_more,1000,0.13985997207213163
new_more,1000,0.1486874413401923
new_more,1000,0.15911884088017414
new_more,1000,0.17093918613991177
new_more,1000,0.09251519142654718
new_more,1000,0.13565863954287904
new_more,1000,0.14452922636457366
new_more,1000,0.15501157781562813
new_more,1000,0.16690149141157462
new_more,1000,0.0947677535200031
new_more,1000,0.1378039107350747
new_more,1000,0.14665248100724726
new_more,1000,0.15710881555384337
new_more,1000,0.1689692788271746
new_more,1000,0.09534191910115519
new_more,1000,0.13836215203262814
new_more,1000,0.14720499317031288
new_more,1000,0.15765455761224534
new_more,1000,0.16949548643911072
new_more,1000,0.09420865381362664
new_more,1000,0.1373062622579011
new_more,1000,0.14617176967863588
new_more,1000,0.15664578091506098
new_more,1000,0.1685008902104994
new_more,1000,0.11049699224930865
new_more,1000,0.1527862723857113
new_more,1000,0.16148108125539162
new_more,1000,0.17175571631660647
new_more,1000,0.18339842383402738
new_more,1000,0.08342275572489422
new_more,1000,0.12701006501280687
new_more,1000,0.13596941066840984
new_more,1000,0.14655664822340708
new_more,1000,0.15855358140262887
new_more,1000,0.08448513662908919
new_more,1000,0.12803481628164382
new_more,1000,0.13698364509110617
new_more,1000,0.14755845491391162
new_more,1000,0.15956564222273317
new_more,1000,0.07964672075804935
new_more,1000,0.12340227191811504
new_more,1000,0.132398643734151
new_more,1000,0.14304175836702315
new_more,1000,0.155088100682366
new_more,1000,0.08488762696805219
new_more,1000,0.12838191925699394
new_more,1000,0.13732718580827963
new_more,1000,0.14789778611902904
new_more,1000,0.15987586679716315
new_more,1000,0.07774827355242397
new_more,1000,0.1216060102546902
new_more,1000,0.13062081679544124
new_more,1000,0.14127359234714532
new_more,1000,0.15335700118263573
new_more,1000,0.0692633809323433
new_more,1000,0.11352433252055227
new_more,1000,0.12262207993083174
new_more,1000,0.13337286651174174
new_more,1000,0.14555512534604653
new_more,1000,0.08976528314798404
new_more,1000,0.13308788338211996
new_more,1000,0.14198485343243783
new_more,1000,0.152510500643667
new_more,1000,0.1644237399614321
new_more,1000,0.07627313615279352
new_more,1000,0.12018831026635268
new_more,1000,0.1292176664184137
new_more,1000,0.1398876352113646
new_more,1000,0.1519900759098758
new_more,1000,0.10036748654492311
new_more,1000,0.1431260380037006
new_more,1000,0.1519199881984683
new_more,1000,0.1623235698123604
new_more,1000,0.17409886589715673
new_more,1000,0.08913218106590493
new_more,1000,0.13243620745469398
new_more,1000,0.14133986554304667
new_more,1000,0.15186129723163322
new_more,1000,0.16378366246260356
new_more,1000,0.0924729843339046
new_more,1000,0.13561838697568795
new_more,1000,0.14450113292394906
new_more,1000,0.15498382861273474
new_more,1000,0.16687398630817185
new_more,1000,0.08014629847395127
new_more,1000,0.12386594093128511
new_more,1000,0.13286933377659893
new_more,1000,0.14349455754516027
new_more,1000,0.15553453482002033
new_more,1000,0.2789169065970244
new_more,1000,0.3132012948529377
new_more,1000,0.32026197870267914
new_more,1000,0.3285910216734905
new_more,1000,0.33802908060516446
new_more,1000,0.12557270886204008
new_more,1000,0.16715625638382026
new_more,1000,0.17571533991462418
new_more,1000,0.1858391101847665
new_more,1000,0.1972838461147105
new_more,1000,0.1303405393935244
new_more,1000,0.17167450436455767
new_more,1000,0.18017546655589778
new_more,1000,0.19022103345614128
new_more,1000,0.20160417227999294
new_more,1000,0.07385009069616377
new_more,1000,0.11789283922624694
new_more,1000,0.12695794466614818
new_more,1000,0.13765560253781295
new_more,1000,0.1497776585504288
new_more,1000,0.08622545327127729
new_more,1000,0.12965616013620018
new_more,1000,0.13858834937235553
new_more,1000,0.1491679281521323
new_more,1000,0.1611281543246712
new_more,1000,0.06161957339930768
new_more,1000,0.10624342412355892
new_more,1000,0.11541589424529375
new_more,1000,0.12625498047746597
new_more,1000,0.13853729610283128
new_more,1000,0.05785504352507953
new_more,1000,0.10263416500029743
new_more,1000,0.11184367632806436
new_more,1000,0.12273866356011132
new_more,1000,0.1350704083819274
new_more,1000,0.08001437245574206
new_more,1000,0.1237762384989961
new_more,1000,0.13278095856148386
new_more,1000,0.1434072652192483
new_more,1000,0.1554484695705146
new_more,1000,0.09933194802960799
new_more,1000,0.14217598400079712
new_more,1000,0.1509796844365039
new_more,1000,0.16138299640355236
new_more,1000,0.17318372061137266
new_more,1000,0.06712858169324687
new_more,1000,0.11146694202095409
new_more,1000,0.12058580407631236
new_more,1000,0.13136154178333415
new_more,1000,0.14358432054273174
new_more,1000,0.08099919992287863
new_more,1000,0.12469043616642506
new_more,1000,0.1336735877741868
new_more,1000,0.14428895676650288
new_more,1000,0.1563177670970587
new_more,1000,0.12337191456390373
new_more,1000,0.1650612167878308
new_more,1000,0.17363005001289689
new_more,1000,0.18376795092634346
new_more,1000,0.19525394285176478
new_more,1000,0.05931724682653783
new_more,1000,0.10405049434682523
new_more,1000,0.11325768797574864
new_more,1000,0.12412321938561555
new_more,1000,0.13643550137643412
new_more,1000,0.060923443845637415
new_more,1000,0.10559228103105567
new_more,1000,0.1147836599241594
new_more,1000,0.125642667612337
new_more,1000,0.13794580238348764
new_more,1000,0.08076513807206476
new_more,1000,0.12445536775873411
new_more,1000,0.13344093183316108
new_more,1000,0.1440591516316253
new_more,1000,0.15610330804467487
new_more,1000,0.08375549518250147
new_more,1000,0.12735193278953183
new_more,1000,0.13630776991490157
new_more,1000,0.1469152954932671
new_more,1000,0.1589071871342047
new_more,1000,0.07390664306485051
new_more,1000,0.11795910188843317
new_more,1000,0.12701133602292625
new_more,1000,0.13770833967356655
new_more,1000,0.14982965435532247
new_more,1000,0.06726562275487025
new_more,1000,0.11163285163319703
new_more,1000,0.12075001098672067
new_more,1000,0.13153595884394909
new_more,1000,0.14374403926149226
new_more,1000,0.07748067527385338
new_more,1000,0.12136322516009579
new_more,1000,0.13038052336254335
new_more,1000,0.14103624330497655
new_more,1000,0.1531107773335001
new_more,1000,0.08361836504075348
new_more,1000,0.12718493165808975
new_more,1000,0.13614248268736795
new_more,1000,0.1467397173956
new_more,1000,0.15873407715431165
new_more,1000,0.08897606605829866
new_more,1000,0.1323122737784822
new_more,1000,0.14122937021573934
new_more,1000,0.15176440693794724
new_more,1000,0.1636881341648564
new_more,1000,0.08470824403701993
new_more,1000,0.12821106220088596
new_more,1000,0.1371580822287719
new_more,1000,0.14774297895990052
new_more,1000,0.1597476371882438
new_more,1000,0.09045930013607884
new_more,1000,0.1336887768805587
new_more,1000,0.14259171335427046
new_more,1000,0.15309780575935972
new_more,1000,0.16500278927407208
new_more,1000,0.08975745077306319
new_more,1000,0.13303207724187094
new_more,1000,0.1419296200210146
new_more,1000,0.152443825263183
new_more,1000,0.16437024200310513
new_more,1000,0.0975254117211769
new_more,1000,0.14043112021168513
new_more,1000,0.14925272788455712
new_more,1000,0.15967720079137837
new_more,1000,0.17150194346298708
new_more,1000,0.09912672867107442
new_more,1000,0.14195623229788656
new_more,1000,0.15076218800755004
new_more,1000,0.16118033714546864
new_more,1000,0.17297170375900528
new_more,1000,0.10706904584483401
new_more,1000,0.14950907950451742
new_more,1000,0.15823752164146243
new_more,1000,0.16857627494422356
new_more,1000,0.18026367616698813
new_more,1000,0.11393679711995452
new_more,1000,0.15607462162201602
new_more,1000,0.16474788266786222
new_more,1000,0.17499465468077102
new_more,1000,0.18660392419691685
new_more,1000,0.12508061803982373
new_more,1000,0.16668764088712296
new_more,1000,0.1752397824012033
new_more,1000,0.18534582778599062
new_more,1000,0.1968092369899651
new_more,1000,0.021944764937736116
new_more,1000,0.06845654372516763
new_more,1000,0.07801681410572336
new_more,1000,0.0893141629858446
new_more,1000,0.10211575914472193
new_more,1000,0.028233019114385693
new_more,1000,0.07444572242421532
new_more,1000,0.08394452689318677
new_more,1000,0.09516924165107488
new_more,1000,0.10788853242042673
new_more,1000,0.022983833415292976
new_more,1000,0.06944615441561541
new_more,1000,0.07899626859174658
new_more,1000,0.09029493152602497
new_more,1000,0.1030961066015148
new_more,1000,0.029098347690476256
new_more,1000,0.0752704333853692
new_more,1000,0.08477419868254288
new_more,1000,0.09600207643172032
new_more,1000,0.10870965996450865
new_more,1000,0.031941230883401395
new_more,1000,0.07795200758979459
new_more,1000,0.08742816546136956
new_more,1000,0.09862350409530452
new_more,1000,0.11129423797375015
new_more,1000,0.030407962681810785
new_more,1000,0.07650503402446307
new_more,1000,0.08598270413243014
new_more,1000,0.09718244446594326
new_more,1000,0.10988679848049965
new_more,1000,0.031920714119932914
new_more,1000,0.0779458511720944
new_more,1000,0.08740873442131913
new_more,1000,0.09859100115885588
new_more,1000,0.11126219193412523
new_more,1000,0.027082481631080624
new_more,1000,0.07336380376770257
new_more,1000,0.08288706225532938
new_more,1000,0.09415153725899517
new_more,1000,0.10689848219477205
new_more,1000,0.018287472119181913
new_more,1000,0.06497390265864833
new_more,1000,0.07456991478588271
new_more,1000,0.08593625916656156
new_more,1000,0.09879875243222247
new_more,1000,0.014337330132802473
new_more,1000,0.061197606668096594
new_more,1000,0.07083237427202227
new_more,1000,0.08223113056550568
new_more,1000,0.09514553752842914
new_more,1000,0.016874437072828874
new_more,1000,0.06360132204435587
new_more,1000,0.07321142073051923
new_more,1000,0.08456765160143664
new_more,1000,0.0974359699156796
new_more,1000,0.046702469086237874
new_more,1000,0.09205106262276674
new_more,1000,0.10138256528451339
new_more,1000,0.11242027241551134
new_more,1000,0.12489706382866939
new_more,1000,0.01108316318083491
new_more,1000,0.058085301079550566
new_more,1000,0.06775200974079676
new_more,1000,0.0791751364852773
new_more,1000,0.09213261382717686
new_more,1000,0.0
new_more,1000,0.046986675280444534
new_more,1000,0.05676728723066504
new_more,1000,0.06832501322212414
new_more,1000,0.08143494881558333
new_more,1000,0.0097180132995911
new_more,1000,0.056798400765478374
new_more,1000,0.06647831666345883
new_more,1000,0.07791705036832741
new_more,1000,0.09089210329120878
new_more,1000,0.011607647059773907
new_more,1000,0.05859816356143899
new_more,1000,0.06825960880318305
new_more,1000,0.07968984155722725
new_more,1000,0.09262672770440217
new_more,1000,0.06493486554449202
new_more,1000,0.1094170118500013
new_more,1000,0.11857033451706278
new_more,1000,0.12938420006679296
new_more,1000,0.14163593285514553
new_more,1000,0.0
new_more,1000,0.033762601596118325
new_more,1000,0.04367892994164235
new_more,1000,0.05541036630666796
new_more,1000,0.06868855131287233
new_more,1000,0.08471180785813226
new_more,1000,0.12825416235837372
new_more,1000,0.1372141145030269
new_more,1000,0.14779948999917203
new_more,1000,0.1597922820168226
new_more,1000,0.0
new_more,1000,0.04173045159226407
new_more,1000,0.05156500726277058
new_more,1000,0.06319988453042602
new_more,1000,0.07636857154893806
new_more,1000,0.003440471572914605
new_more,1000,0.05081910017660429
new_more,1000,0.060560380608822406
new_more,1000,0.07208501847334337
new_more,1000,0.08512880633131992
new_more,1000,0.0
new_more,1000,0.022678154490394675
new_more,1000,0.032708240611399986
new_more,1000,0.04456076963998512
new_more,1000,0.057991468443339356
new_more,1000,0.0
new_more,1000,0.007666352304283031
new_more,1000,0.01786382223332672
new_more,1000,0.029898244571795574
new_more,1000,0.043535055864180716
new_more,1000,0.0
new_more,1000,0.01799774988734637
new_more,1000,0.028089256294344556
new_more,1000,0.03999838318512494
new_more,1000,0.05349321588245437
new_more,1000,0.1130187860762506
new_more,1000,0.15519938514707876
new_more,1000,0.16386942865524834
new_more,1000,0.17411479854738432
new_more,1000,0.18572434422479778
new_more,1000,0.19765021087485313
new_more,1000,0.11756189393531391
new_more,1000,0.15950321397769718
new_more,1000,0.1681290880303088
new_more,1000,0.17832226298135823
new_more,1000,0.18988442537360506
new_more,1000,0.20177306698740183
new_more,1000,0.11657567552364023
new_more,1000,0.15857546388284738
new_more,1000,0.16721085927522317
new_more,1000,0.17741528557093567
new_more,1000,0.18897843599294306
new_more,1000,0.20085664327332586
new_more,1000,0.11128590436198593
new_more,1000,0.1535485111681194
new_more,1000,0.16223549731218745
new_more,1000,0.17251277632898587
new_more,1000,0.18415673706761082
new_more,1000,0.19611734927631097
new_more,1000,0.11705984881918341
new_more,1000,0.15903653966995923
new_more,1000,0.16766720312078065
new_more,1000,0.1778660376923581
new_more,1000,0.18942285184955077
new_more,1000,0.2012945502232686
new_more,1000,0.11311806844790728
new_more,1000,0.15529370127141007
new_more,1000,0.16396277682940663
new_more,1000,0.174207002897114
new_more,1000,0.18581525244934194
new_more,1000,0.1977397876591711
new_more,1000,0.10244391327182711
new_more,1000,0.1451266217847338
new_more,1000,0.15392365737057878
new_more,1000,0.16430274526956912
new_more,1000,0.1760621009590948
new_more,1000,0.18814125682484717
new_more,1000,0.11040387594073531
new_more,1000,0.15269725956060864
new_more,1000,0.16139298195361373
new_more,1000,0.17168049565712418
new_more,1000,0.18332426055840512
new_more,1000,0.19529704572711093
new_more,1000,0.10926577666756943
new_more,1000,0.15162490400214212
new_more,1000,0.16033163179593024
new_more,1000,0.17064404009599654
new_more,1000,0.18231422071649628
new_more,1000,0.19429003197429218
new_more,1000,0.4456598592880634
new_more,1000,0.4720862213444157
new_more,1000,0.47751752333319464
new_more,1000,0.4839329947478226
new_more,1000,0.49120082624584105
new_more,1000,0.4986660768389346
new_more,1000,0.04395705628144664
new_more,1000,0.08942258352101129
new_more,1000,0.09876768303872918
new_more,1000,0.10981076501953113
new_more,1000,0.12232423852271324
new_more,1000,0.1351786619837697
new_more,1000,0.08694775036142277
new_more,1000,0.1303561089272579
new_more,1000,0.13928111470927618
new_more,1000,0.1498520633712218
new_more,1000,0.1618268838311191
new_more,1000,0.17410275225748795
new_more,1000,0.07479325256593072
new_more,1000,0.11879116131810474
new_more,1000,0.1278348561696835
new_more,1000,0.1385582969951895
new_more,1000,0.15066766374721874
new_more,1000,0.16311920450922912
new_more,1000,0.06757460651321223
new_more,1000,0.11190367826048508
new_more,1000,0.12101805816688194
new_more,1000,0.1318007197186133
new_more,1000,0.14400507836772847
new_more,1000,0.1565419646372711
new_more,1000,0.08467359152487408
new_more,1000,0.12819021843531286
new_more,1000,0.13714959466934484
new_more,1000,0.1477223710599681
new_more,1000,0.15971504370560918
new_more,1000,0.17202184210457894
new_more,1000,0.06348363801230072
new_more,1000,0.10803117476786173
new_more,1000,0.11718529751200779
new_more,1000,0.1280149147920523
new_more,1000,0.1402846345446903
new_more,1000,0.15287601036773724
new_more,1000,0.0873768481605911
new_more,1000,0.1308009658619662
new_more,1000,0.13972140615372408
new_more,1000,0.15027485351066283
new_more,1000,0.16221951952969782
new_more,1000,0.17448963742066714
new_more,1000,0.06241414730160599
new_more,1000,0.10697657955036899
new_more,1000,0.11614152542397127
new_more,1000,0.12697172026993453
new_more,1000,0.1392439606168655
new_more,1000,0.1518627011278122
new_more,1000,0.08055531086076717
new_more,1000,0.12426736218371603
new_more,1000,0.13325485572704565
new_more,1000,0.14387535557434472
new_more,1000,0.1559344323643459
new_more,1000,0.168296601529213
new_more,1000,0.10088679360387498
new_more,1000,0.143644528840704
new_more,1000,0.15244530947115664
new_more,1000,0.16283066267540225
new_more,1000,0.17461105109539743
new_more,1000,0.18671187887534502
new_more,1000,0.0808220636291892
new_more,1000,0.12452163227117097
new_more,1000,0.13351865948076858
new_more,1000,0.14413592685801035
new_more,1000,0.1561912740829683
new_more,1000,0.16854968154863115
new_more,1000,0.07123757120051188
new_more,1000,0.11539238701766552
new_more,1000,0.12447096290571702
new_more,1000,0.13521129282438382
new_more,1000,0.14736770872771765
new_more,1000,0.15985534597331852
new_more,1000,0.06631246411564184
new_more,1000,0.11068961362105956
new_more,1000,0.11981645326418044
new_more,1000,0.13061372292021123
new_more,1000,0.14283476729456468
new_more,1000,0.155388793919095
new_more,1000,0.08010936439070926
new_more,1000,0.12383076228470791
new_more,1000,0.13282273657775934
new_more,1000,0.14346067749193814
new_more,1000,0.1555011310218818
new_more,1000,0.167869646310439
new_more,1000,0.08657009966598828
new_more,1000,0.12999657814215593
new_more,1000,0.1389252737268265
new_more,1000,0.14947629216554936
new_more,1000,0.16143218363625245
new_more,1000,0.17371383283459585
new_more,1000,0.08316666058620459
new_more,1000,0.1267666536352604
new_more,1000,0.13572849737999448
new_more,1000,0.1463186869210047
new_more,1000,0.15831896514455568
new_more,1000,0.17064621048509165
new_more,1000,0.10748177226074163
new_more,1000,0.14992593014381395
new_more,1000,0.15867452278108918
new_more,1000,0.16899578698009732
new_more,1000,0.18068948287580233
new_more,1000,0.19268909001487222
new_more,1000,0.07210042611367662
new_more,1000,0.1162145825932861
new_more,1000,0.12529686872164847
new_more,1000,0.13601488027735942
new_more,1000,0.14817214033087533
new_more,1000,0.16064799588564416
new_more,1000,0.07652904375424463
new_more,1000,0.12042061038034602
new_more,1000,0.12945973963380786
new_more,1000,0.1401511540804966
new_more,1000,0.15223812989119745
new_more,1000,0.16465443503579136
new_more,1000,0.08914894046464661
new_more,1000,0.1324768489523439
new_more,1000,0.1413922900968484
new_more,1000,0.1519130794109501
new_more,1000,0.16383471673497274
new_more,1000,0.17608117847664295
new_more,1000,0.06814127326262165
new_more,1000,0.11243150146534087
new_more,1000,0.121540464412907
new_more,1000,0.13230450436768193
new_more,1000,0.14450178126877122
new_more,1000,0.1570436249152427
new_more,1000,0.07324904903528129
new_more,1000,0.11732030211268674
new_more,1000,0.1263790921394834
new_more,1000,0.13708384287254094
new_more,1000,0.14921393616435563
new_more,1000,0.16169895266925927
new_more,1000,0.08924182740413789
new_more,1000,0.13257665878560976
new_more,1000,0.14147887544609383
new_more,1000,0.15199860380277952
new_more,1000,0.16393119608818818
new_more,1000,0.17617624479498162
new_more,1000,0.10063210173445836
new_more,1000,0.1433780763220921
new_more,1000,0.15219381439012214
new_more,1000,0.1625944271145342
new_more,1000,0.17436591573284965
new_more,1000,0.18647024099721976
new_more,1000,0.08746518718545138
new_more,1000,0.13087312492265457
new_more,1000,0.13980500836185838
new_more,1000,0.15035744265601347
new_more,1000,0.162313032796358
new_more,1000,0.17458178109370126
new_more,1000,0.07724907242976808
new_more,1000,0.12114214440424975
new_more,1000,0.13016171152049605
new_more,1000,0.14082011263299454
new_more,1000,0.1528976848306296
new_more,1000,0.1653043301454098
new_more,1000,0.0793739494133443
new_more,1000,0.12314228101122315
new_more,1000,0.13214132106925014
new_more,1000,0.14279973568290194
new_more,1000,0.1548494801337973
new_more,1000,0.1672275394895738
new_more,1000,0.08611475610896169
new_more,1000,0.12957454116891243
new_more,1000,0.13850756804650044
new_more,1000,0.14906370476381237
new_more,1000,0.16103756750606935
new_more,1000,0.17332499624517794
new_more,1000,0.08224260988585796
new_more,1000,0.1258867289211797
new_more,1000,0.13485760318201512
new_more,1000,0.14545846406252794
new_more,1000,0.15748301277073107
new_more,1000,0.16983462882546652
new_more,1000,0.0901458681448073
new_more,1000,0.13340242052196305
new_more,1000,0.14229616253167654
new_more,1000,0.15280587641360566
new_more,1000,0.16471496360649074
new_more,1000,0.1769607874834277
new_more,1000,0.09042103485545139
new_more,1000,0.13367627775361623
new_more,1000,0.14257940551009418
new_more,1000,0.15308564872705466
new_more,1000,0.1649908031343097
new_more,1000,0.17722033285531025
new_more,1000,0.07903002732968001
new_more,1000,0.12281484747468441
new_more,1000,0.13181724792681837
new_more,1000,0.14245536323296792
new_more,1000,0.15450994855966615
new_more,1000,0.16689298068878766
new_more,1000,0.0803018831319886
new_more,1000,0.12402594154534097
new_more,1000,0.1330159127471876
new_more,1000,0.14363934043769178
new_more,1000,0.15567728248586277
new_more,1000,0.16804321786323795
new_more,1000,0.0787409218595243
new_more,1000,0.12255093413502227
new_more,1000,0.1315560430844006
new_more,1000,0.1421973590153328
new_more,1000,0.15425557113149824
new_more,1000,0.1666544491040528
new_more,1000,0.07005776827965271
new_more,1000,0.11425690756597462
new_more,1000,0.12335936572286488
new_more,1000,0.1341011181099364
new_more,1000,0.14628525298950035
new_more,1000,0.15878874386242858
new_more,1000,0.08508060851889665
new_more,1000,0.12861400258081546
new_more,1000,0.1375568873008386
new_more,1000,0.1481368811917475
new_more,1000,0.16011160088803655
new_more,1000,0.1724247216317243
new_more,1000,0.08844743419599632
new_more,1000,0.13178474619563996
new_more,1000,0.140695090118923
new_more,1000,0.15123656776246752
new_more,1000,0.1631677148741344
new_more,1000,0.1754239455130956
new_more,1000,0.09753949310463816
new_more,1000,0.140444410111776
new_more,1000,0.14926588139268748
new_more,1000,0.1597024037640864
new_more,1000,0.1715145458256746
new_more,1000,0.1836485289282238
new_more,1000,0.08018904243212577
new_more,1000,0.1239425462488396
new_more,1000,0.13293337332228028
new_more,1000,0.14356992840150784
new_more,1000,0.1556209507850631
new_more,1000,0.16798771119551792
new_more,1000,0.0870542917765802
new_more,1000,0.13046990963034577
new_more,1000,0.13939374749530775
new_more,1000,0.14995119741914908
new_more,1000,0.1619248706199472
new_more,1000,0.1742114189081111
new_more,1000,0.0908292478233359
new_more,1000,0.13407711862832905
new_more,1000,0.14296393632734206
new_more,1000,0.15346546776770642
new_more,1000,0.16536528302311093
new_more,1000,0.1775893281183767
new_more,1000,0.08872226244333559
new_more,1000,0.1320701122585426
new_more,1000,0.14097752751896997
new_more,1000,0.1515033990489042
new_more,1000,0.16343079528817095
new_more,1000,0.17568317285610646
new_more,1000,0.0938976154145198
new_more,1000,0.13697566416219664
new_more,1000,0.14584494792448088
new_more,1000,0.15633554351681944
new_more,1000,0.16819501384843993
new_more,1000,0.1803776147567906
new_more,1000,0.0869808913823239
new_more,1000,0.13039969946929442
new_more,1000,0.13932425788907177
new_more,1000,0.14988250663072722
new_more,1000,0.16183268790662353
new_more,1000,0.17410847132660634
new_more,1000,0.08480876060788056
new_more,1000,0.12830680132884253
new_more,1000,0.13726500793722884
new_more,1000,0.14783637013291595
new_more,1000,0.15982743185261128
new_more,1000,0.17214474516757905
new_more,1000,0.07769747232729851
new_more,1000,0.1215453632698047
new_more,1000,0.13056079222013783
new_more,1000,0.14121430327177176
new_more,1000,0.15329843329045534
new_more,1000,0.16571133739945199
new_more,1000,0.09759397648625401
new_more,1000,0.1405080258259338
new_more,1000,0.14932884422970505
new_more,1000,0.15975238445909812
new_more,1000,0.17156382393737235
new_more,1000,0.18370923691553243
new_more,1000,0.0921632169647254
new_more,1000,0.13534758684594328
new_more,1000,0.1442335298369366
new_more,1000,0.15474384830039611
new_more,1000,0.16663779301451687
new_more,1000,0.1788432009512716
new_more,1000,0.09629449398463641
new_more,1000,0.13928245903715297
new_more,1000,0.14811585522223025
new_more,1000,0.158554258586022
new_more,1000,0.1703825402319804
new_more,1000,0.1825575970168617
new_more,1000,0.08851428430699937
new_more,1000,0.13184796053153025
new_more,1000,0.1407576556969492
new_more,1000,0.15129845125058916
new_more,1000,0.16322872846026415
new_more,1000,0.17548406549533713
new_more,1000,0.08700600307754003
new_more,1000,0.13041171031937704
new_more,1000,0.13936057320771789
new_more,1000,0.14990625778550026
new_more,1000,0.16185610518918792
new_more,1000,0.17413154564007038
new_more,1000,0.08929245673906183
new_more,1000,0.13260142446564183
new_more,1000,0.14150338696020826
new_more,1000,0.1520350671632842
new_more,1000,0.16395498969403977
new_more,1000,0.17619968992010893
new_more,1000,0.09340006629742448
new_more,1000,0.1365019193979251
new_more,1000,0.14536385178340805
new_more,1000,0.15583597630767565
new_more,1000,0.16770246910237374
new_more,1000,0.17989228381224132
new_more,1000,0.09495005535793921
new_more,1000,0.13799034644056885
new_more,1000,0.14683700335513994
new_more,1000,0.1572910768915874
new_more,1000,0.1691492737900434
new_more,1000,0.1813178986244044
new_more,1000,0.0834878664191796
new_more,1000,0.12704868779923784
new_more,1000,0.13601978056384623
new_more,1000,0.14660640092073118
new_more,1000,0.15860263472162406
new_more,1000,0.17092572544262197
new_more,1000,0.10257054798405729
new_more,1000,0.14522439033716883
new_more,1000,0.1540090280562154
new_more,1000,0.16438738291247879
new_more,1000,0.17614587977227536
new_more,1000,0.18821203244090812
new_more,1000,0.09085749454870262
new_more,1000,0.13411596627235645
new_more,1000,0.1430389682226333
new_more,1000,0.15353958027367343
new_more,1000,0.16543835372263582
new_more,1000,0.1776613286257469
new_more,1000,0.11455664004940169
new_more,1000,0.15664079652889185
new_more,1000,0.16529604707979606
new_more,1000,0.17552393616934514
new_more,1000,0.18712579581989108
new_more,1000,0.1990311368350205
new_more,1000,0.105863083477576
new_more,1000,0.14839561809152368
new_more,1000,0.15713548749157147
new_more,1000,0.16746337047486592
new_more,1000,0.17916641590005566
new_more,1000,0.19118832985073542
new_more,1000,0.08753182334818832
new_more,1000,0.13092441785087883
new_more,1000,0.13985583899297216
new_more,1000,0.1503954549238964
new_more,1000,0.16233842563756296
new_more,1000,0.17460680203180912
new_more,1000,0.08451205469801715
new_more,1000,0.12806040762895188
new_more,1000,0.13700897379881538
new_more,1000,0.1475834732610286
new_more,1000,0.1595781740041441
new_more,1000,0.171886976994307
new_more,1000,0.09028046964006298
new_more,1000,0.13353030594286075
new_more,1000,0.14242273548648032
new_more,1000,0.1529308984303327
new_more,1000,0.16483822817701177
new_more,1000,0.1770699925081004
new_more,1000,0.09943324570483925
new_more,1000,0.14224800021329198
new_more,1000,0.15106318743085412
new_more,1000,0.1614654762095472
new_more,1000,0.17325283459653718
new_more,1000,0.18538571666736492
new_more,1000,0.09130437720227191
new_more,1000,0.13450554805330983
new_more,1000,0.14338796885477179
new_more,1000,0.1538965032898607
new_more,1000,0.16579025943853443
new_more,1000,0.178008080336842
new_more,1000,0.09622971129068003
new_more,1000,0.1391849266911086
new_more,1000,0.14801932383388972
new_more,1000,0.15845891002703094
new_more,1000,0.17030070527012042
new_more,1000,0.1824524662596757
new_more,1000,0.08834128087835436
new_more,1000,0.13167142476643723
new_more,1000,0.14059516964777286
new_more,1000,0.1511257263285145
new_more,1000,0.16305843154860644
new_more,1000,0.1753283697877377
new_more,1000,0.10033312804133965
new_more,1000,0.1431053057660736
new_more,1000,0.1518994687322327
new_more,1000,0.1622915102940914
new_more,1000,0.17407947421319547
new_more,1000,0.18617589142058444
new_more,1000,0.10565289652338994
new_more,1000,0.14817237420952567
new_more,1000,0.1569267045312207
new_more,1000,0.16725714579755036
new_more,1000,0.17896309014235623
new_more,1000,0.19100021233501108
new_more,1000,0.09233243526308643
new_more,1000,0.13547288393941648
new_more,1000,0.1443576115622084
new_more,1000,0.1548420658632117
new_more,1000,0.16673467537571673
new_more,1000,0.17895083589394034
new_more,1000,0.08691284157500756
new_more,1000,0.13032291620350522
new_more,1000,0.13926040453868305
new_more,1000,0.14980731651455503
new_more,1000,0.16175855474496093
new_more,1000,0.17404753763544878
new_more,1000,0.09231339703193076
new_more,1000,0.13547861441744125
new_more,1000,0.1443510488060561
new_more,1000,0.15483558352256677
new_more,1000,0.16671613893240045
new_more,1000,0.17892039941624682
new_more,1000,0.10305604745159525
new_more,1000,0.14569855870950454
new_more,1000,0.15446610756642665
new_more,1000,0.16482669929839389
new_more,1000,0.1765668086574157
new_more,1000,0.18865125900930524
new_more,1000,0.11081053995864654
new_more,1000,0.15308494040735976
new_more,1000,0.16177668409846813
new_more,1000,0.17204769704541978
new_more,1000,0.18369845128122286
new_more,1000,0.1956539891229946
new_more,1000,0.09692328326610455
new_more,1000,0.1398691679380405
new_more,1000,0.14869654283051015
new_more,1000,0.15914002213348843
new_more,1000,0.17096006964636346
new_more,1000,0.18310217359709025
new_more,1000,0.09748010405420893
new_more,1000,0.14038770728754968
new_more,1000,0.1492219048431922
new_more,1000,0.15964675543439766
new_more,1000,0.1714596797497716
new_more,1000,0.1836066776213141
new_more,1000,0.1074829740848171
new_more,1000,0.14995096153091503
new_more,1000,0.15867486870857261
new_more,1000,0.16898388917145002
new_more,1000,0.1806776570661932
new_more,1000,0.19267743740585874
new_more,1000,0.09532343734634263
new_more,1000,0.13834542780828019
new_more,1000,0.1471884405838052
new_more,1000,0.15766252770337486
new_more,1000,0.1695033444939219
new_more,1000,0.1816788701309412
new_more,1000,0.09900665014204935
new_more,1000,0.141841706995666
new_more,1000,0.15067316479172221
new_more,1000,0.1610924244583264
new_more,1000,0.1728850268687453
new_more,1000,0.18499893793051803
new_more,1000,0.10544136077610267
new_more,1000,0.14797063550933742
new_more,1000,0.15671486643258115
new_more,1000,0.16704790341751297
new_more,1000,0.1787689346976069
new_more,1000,0.1907966701508489
new_more,1000,0.11080762785443543
new_more,1000,0.15309395373753876
new_more,1000,0.1617856049263886
new_more,1000,0.1720687525281498
new_more,1000,0.18370705966620782
new_more,1000,0.1956747233505317
new_more,1000,0.08884402036671102
new_more,1000,0.1321623982197746
new_more,1000,0.14106886636524385
new_more,1000,0.15160584669315413
new_more,1000,0.16353180281628443
new_more,1000,0.17579492577483768
new_more,1000,0.09404275690944175
new_more,1000,0.13712577678108662
new_more,1000,0.14598130662547304
new_more,1000,0.1564458652820815
new_more,1000,0.1683037848103086
new_more,1000,0.1804970317446255
new_more,1000,0.09679402157628847
new_more,1000,0.13974615253747813
new_more,1000,0.14857478991586004
new_more,1000,0.1590075698090434
new_more,1000,0.17082947921665614
new_more,1000,0.18297349579247435
new_more,1000,0.10085320876474446
new_more,1000,0.1436240669577431
new_more,1000,0.15241290596695534
new_more,1000,0.16279865622149137
new_more,1000,0.17456727397211014
new_more,1000,0.18666880119735507
new_more,1000,0.10178985414706665
new_more,1000,0.14450469616598682
new_more,1000,0.15329672253566695
new_more,1000,0.16367164310884297
new_more,1000,0.1754401541375491
new_more,1000,0.18751664285117053
new_more,1000,0.10786530763678404
new_more,1000,0.15030365824196057
new_more,1000,0.15903615103240998
new_more,1000,0.1693529580618337
new_more,1000,0.18102944137722443
new_more,1000,0.19303619988101983
new_more,1000,0.12100837155572308
new_more,1000,0.16281023613876033
new_more,1000,0.17140217079133502
new_more,1000,0.18155523963369347
new_more,1000,0.1930601943334509
new_more,1000,0.20487862025438697
new_more,1000,0.10884080066933
new_more,1000,0.1512086400682563
new_more,1000,0.15991963990725155
new_more,1000,0.17021340779858252
new_more,1000,0.18187779569138396
new_more,1000,0.19385999882226979
new_more,1000,0.10294205849610416
new_more,1000,0.145590240735735
new_more,1000,0.15437104171564264
new_more,1000,0.16474503395548612
new_more,1000,0.17651056378531282
new_more,1000,0.18857137529843127
new_more,1000,0.09083995619671426
new_more,1000,0.13405134077409997
new_more,1000,0.1429384230268005
new_more,1000,0.15344026708963066
new_more,1000,0.16534043659332864
new_more,1000,0.17756484558895935
new_more,1000,0.1040291896972465
new_more,1000,0.14662590778364926
new_more,1000,0.15539613941528485
new_more,1000,0.16574533517558265
new_more,1000,0.1774847152193949
new_more,1000,0.1895434640142012
new_more,1000,0.10109600271573127
new_more,1000,0.14383207517991636
new_more,1000,0.15261877943649627
new_more,1000,0.16300200705889978
new_more,1000,0.17476776628773927
new_more,1000,0.18687846828377086
new_more,1000,0.095784669868202
new_more,1000,0.13877295479048646
new_more,1000,0.1476238011949137
new_more,1000,0.1580682338508872
new_more,1000,0.1699154765089691
new_more,1000,0.18207287955205087
new_more,1000,0.11314104643660006
new_more,1000,0.15530441055544852
new_more,1000,0.16398558544932518
new_more,1000,0.17422953203586555
new_more,1000,0.18583746489387887
new_more,1000,0.19776167478064377
new_more,1000,0.0957834412880032
new_more,1000,0.13877156689106895
new_more,1000,0.14761020627443078
new_more,1000,0.15805480551322482
new_more,1000,0.16989010801783555
new_more,1000,0.18207219260057228
new_more,1000,0.11834826071239934
new_more,1000,0.16031249147951754
new_more,1000,0.16894223622010496
new_more,1000,0.17913765607315313
new_more,1000,0.19067659497159317
new_more,1000,0.2025420720271327
new_more,1000,0.10806654972493435
new_more,1000,0.1504952127268223
new_more,1000,0.15921353434800056
new_more,1000,0.16951595437200728
new_more,1000,0.1812022612998575
new_more,1000,0.1932065797127801
new_more,1000,0.10798173186590254
new_more,1000,0.15039025178977572
new_more,1000,0.15910965060701043
new_more,1000,0.16942559457601025
new_more,1000,0.18110105683311373
new_more,1000,0.19309463606738675
new_more,1000,0.11575715860194924
new_more,1000,0.1577964718507907
new_more,1000,0.16643986190450055
new_more,1000,0.17665373547258834
new_more,1000,0.1882275910756993
new_more,1000,0.2001167952172732
new_more,1000,0.1120201131197952
new_more,1000,0.15424875361101342
new_more,1000,0.16292855328724565
new_more,1000,0.17318545202008906
new_more,1000,0.18480806160873353
new_more,1000,0.19674734811755
new_more,1000,0.10357370788536024
new_more,1000,0.14620376926362122
new_more,1000,0.15496613323146058
new_more,1000,0.16532059799227128
new_more,1000,0.17705376457106592
new_more,1000,0.18911874620575309
new_more,1000,0.1056648678898402
new_more,1000,0.1481836159187937
new_more,1000,0.1569256610607016
new_more,1000,0.16726831748018078
new_more,1000,0.178974104783597
new_more,1000,0.1909988353194393
new_more,1000,0.09576886011817998
new_more,1000,0.1387701757359996
new_more,1000,0.14762101463842447
new_more,1000,0.15806548143894794
new_more,1000,0.16990063387107013
new_more,1000,0.18207035054903253
new_more,1000,0.09898687241164639
new_more,1000,0.1418348741821751
new_more,1000,0.1506542714447081
new_more,1000,0.16107381693514577
new_more,1000,0.17286668091326163
new_more,1000,0.18498086066956954
new_more,1000,0.0961600296018571
new_more,1000,0.1391185568969011
new_more,1000,0.14795363518147264
new_more,1000,0.1583940262782555
new_more,1000,0.17022456032478106
new_more,1000,0.1823774365318399
new_more,1000,0.1000104113426099
new_more,1000,0.14281004116542784
new_more,1000,0.15160723438143398
new_more,1000,0.1620028567823647
new_more,1000,0.17378266116028018
new_more,1000,0.18588342548631864
new_more,1000,0.09686733153709226
new_more,1000,0.13980391561718608
new_more,1000,0.14863196018300906
new_more,1000,0.15907621162882257
new_more,1000,0.17089715613194179
new_more,1000,0.18304018151287227
new_more,1000,0.09490158161871731
new_more,1000,0.13794414214676987
new_more,1000,0.14679127324806684
new_more,1000,0.15727026283227175
new_more,1000,0.1691165937268747
new_more,1000,0.1812856971928546
new_more,1000,0.021864258425312033
new_more,1000,0.06836688334457652
new_more,1000,0.07792807389420764
new_more,1000,0.08922651013594729
new_more,1000,0.1020293384391503
new_more,1000,0.11518100064283188
new_more,1000,0.0260633842004232
new_more,1000,0.07236665419987764
new_more,1000,0.0819000963201576
new_more,1000,0.09316316742117103
new_more,1000,0.10591065776397868
new_more,1000,0.11900547423444197
new_more,1000,0.04211404350082504
new_more,1000,0.08765469909112944
new_more,1000,0.09703123671460301
new_more,1000,0.10809559591632989
new_more,1000,0.12063317971233878
new_more,1000,0.1335256897124638
new_more,1000,0.027853585006955783
new_more,1000,0.074110428793984
new_more,1000,0.08361267432385289
new_more,1000,0.09484145537525923
new_more,1000,0.107578665651061
new_more,1000,0.1206490525079269
new_more,1000,0.030661936855147842
new_more,1000,0.07675980243518721
new_more,1000,0.08626159717805326
new_more,1000,0.09745792014768728
new_more,1000,0.11014503874892123
new_more,1000,0.12317783855142483
new_more,1000,0.04676287625993514
new_more,1000,0.09208261255126815
new_more,1000,0.10140041264824717
new_more,1000,0.11241123496817795
new_more,1000,0.12490147017070308
new_more,1000,0.13773139968071357
new_more,1000,0.02604216675919646
new_more,1000,0.07234616707100805
new_more,1000,0.08186651891570351
new_more,1000,0.09313006255737366
new_more,1000,0.10589136822995326
new_more,1000,0.1189998934530132
new_more,1000,0.03694841510841018
new_more,1000,0.08274713509791409
new_more,1000,0.09216074359543991
new_more,1000,0.10328478247552464
new_more,1000,0.11590334538172109
new_more,1000,0.12885180912855865
new_more,1000,0.0328557418647224
new_more,1000,0.07883646077495565
new_more,1000,0.08829020385090158
new_more,1000,0.09946166966730952
new_more,1000,0.11213395176578189
new_more,1000,0.12513762198391276
new_more,1000,0.020343967281267417
new_more,1000,0.06694554021834287
new_more,1000,0.07653471734225537
new_more,1000,0.08785022681843435
new_more,1000,0.10067240166521463
new_more,1000,0.11385722891886285
new_more,1000,0.053259695807956975
new_more,1000,0.09833612015530824
new_more,1000,0.10758974157858292
new_more,1000,0.11853807256254967
new_more,1000,0.13092886548569094
new_more,1000,0.14365726573457582
new_more,1000,0.03354642086743198
new_more,1000,0.07949397126088287
new_more,1000,0.08895436540966639
new_more,1000,0.10011769304637952
new_more,1000,0.11276742297070708
new_more,1000,0.12577515177743315
new_more,1000,0.035190311840984756
new_more,1000,0.08109946236065135
new_more,1000,0.09054327585783639
new_more,1000,0.1016871340769433
new_more,1000,0.11432819319647114
new_more,1000,0.12731299821202624
new_more,1000,0.04349078713339172
new_more,1000,0.08896585522911571
new_more,1000,0.09831564207079213
new_more,1000,0.10936426305122127
new_more,1000,0.12188401307441743
new_more,1000,0.13474488406949392
new_more,1000,0.03285391313333219
new_more,1000,0.0788213110485354
new_more,1000,0.08828859518420984
new_more,1000,0.09946008071211487
new_more,1000,0.11211905475465545
new_more,1000,0.12513619113552032
new_more,1000,0.028052483212322232
new_more,1000,0.07424808785114034
new_more,1000,0.08374892060976624
new_more,1000,0.09497603219273842
new_more,1000,0.10769803892555319
new_more,1000,0.12076667744358183
new_more,1000,0.02482532958976602
new_more,1000,0.07120030656803966
new_more,1000,0.0807324181821294
new_more,1000,0.09199649191456827
new_more,1000,0.10476038232431106
new_more,1000,0.11787204570823318
new_more,1000,0.021813578737129524
new_more,1000,0.06833156785338146
new_more,1000,0.07789312083982869
new_more,1000,0.08919198537229645
new_more,1000,0.10200872578458364
new_more,1000,0.11516068988083439
new_more,1000,0.04275275256059341
new_more,1000,0.08827594715366527
new_more,1000,0.09763281440334026
new_more,1000,0.10868980228514269
new_more,1000,0.12123243399153205
new_more,1000,0.13410284800216998
new_more,1000,0.030506834678961092
new_more,1000,0.0766245660421232
new_more,1000,0.08610100941353782
new_more,1000,0.09729930011537047
new_more,1000,0.10998864845326406
new_more,1000,0.12303707705405342
new_more,1000,0.03571003392644523
new_more,1000,0.08155476820073404
new_more,1000,0.09099404176650405
new_more,1000,0.10214569959464581
new_more,1000,0.11478027308113636
new_more,1000,0.12777196144123515
new_more,1000,0.057578678914566694
new_more,1000,0.10239695545240501
new_more,1000,0.11162224098151319
new_more,1000,0.1225344312251001
new_more,1000,0.1348823538970384
new_more,1000,0.1475528514255583
new_more,1000,0.04870639995532755
new_more,1000,0.0939203464741103
new_more,1000,0.10321928622370358
new_more,1000,0.11420782131577079
new_more,1000,0.12668625252871424
new_more,1000,0.13947679001087365
new_more,1000,0.010860434467532154
new_more,1000,0.057912932310747234
new_more,1000,0.06758140996304152
new_more,1000,0.07900662712005613
new_more,1000,0.09195311727660405
new_more,1000,0.10525235563471047
new_more,1000,0.014990781917623486
new_more,1000,0.06183319552462141
new_more,1000,0.07146144018935607
new_more,1000,0.08285246674380287
new_more,1000,0.09575820606344099
new_more,1000,0.10901507304717717
new_more,1000,0.012169893111110275
new_more,1000,0.05914712778505171
new_more,1000,0.06880293910132329
new_more,1000,0.08021318847904046
new_more,1000,0.09314271788948814
new_more,1000,0.10642453337835422
new_more,1000,0.07284407235869361
new_more,1000,0.1169376096009287
new_more,1000,0.12601374749021554
new_more,1000,0.13672297490574126
new_more,1000,0.14885814095238514
new_more,1000,0.16132394935435512
new_more,1000,0.007262140215229862
new_more,1000,0.05445911934796199
new_more,1000,0.06416304288906105
new_more,1000,0.07563014636897836
new_more,1000,0.08862410003188226
new_more,1000,0.10198551866363204
new_more,1000,0.06414038361522778
new_more,1000,0.1086470284389165
new_more,1000,0.11779483078268782
new_more,1000,0.1286314892386582
new_more,1000,0.14088039805764496
new_more,1000,0.15348984880433036
new_more,1000,0.007866072830963744
new_more,1000,0.05502111552270916
new_more,1000,0.06471927139366129
new_more,1000,0.07617955923141728
new_more,1000,0.08917908943932706
new_more,1000,0.10251895615938433
new_more,1000,0.02725176280058117
new_more,1000,0.07348542480662146
new_more,1000,0.08300748745543773
new_more,1000,0.09424368405117767
new_more,1000,0.10701607140687874
new_more,1000,0.1201079862000558
new_more,1000,0.09128311374851295
new_more,1000,0.13451203298167924
new_more,1000,0.14339438722943576
new_more,1000,0.1539039715786653
new_more,1000,0.16581094636584393
new_more,1000,0.17804173156381342
new_more,1000,0.021567672292573836
new_more,1000,0.06807149291654735
new_more,1000,0.07763571500737043
new_more,1000,0.08895102314722092
new_more,1000,0.10177112413753242
new_more,1000,0.11492656814324431
new_more,1000,0.035388845046609996
new_more,1000,0.0812490649550508
new_more,1000,0.0906780478889686
new_more,1000,0.10182025470414713
new_more,1000,0.11444605155969012
new_more,1000,0.12742925895296764
new_more,1000,0.0
new_more,1000,0.041153280580390805
new_more,1000,0.051007145665925124
new_more,1000,0.0626354524769166
new_more,1000,0.07582549360177415
new_more,1000,0.08937429838908195
base,10000,0.0
base,10000,0.0
base,10000,0.0
base,10000,0.0
base,10000,0.0
base,10000,0.0
base,10000,0.0
base,10000,0.0
base,10000,0.0
base,10000,0.0
base,10000,0.0
base,10000,0.0
base,10000,0.0
base,10000,0.0
base,10000,0.0
base,10000,0.0
base,10000,0.0
base,10000,0.0
base,10000,0.0
base,10000,0.0
base,10000,0.0
base,10000,0.0
base,10000,0.0
base,10000,0.0
base,10000,0.0
base,10000,0.0
base,10000,0.0
base,10000,0.0
base,10000,0.0
base,10000,0.0
base,10000,0.0
base,10000,0.0
base,10000,0.0
base,10000,0.0
base,10000,0.0
base,10000,0.0
base,10000,0.0
base,10000,0.0
base,10000,0.0
base,10000,0.0
base,10000,0.0
base,10000,0.0
base,10000,0.0
base,10000,0.0
base,10000,0.0
base,10000,0.0
base,10000,0.0
base,10000,0.0
base,10000,0.0
base,10000,0.0
base,10000,0.0
base,10000,0.0
base,10000,0.0
base,10000,0.0
base,10000,0.0
base,10000,0.0
base,10000,0.0
base,10000,0.0
base,10000,0.0
base,10000,0.0
base,10000,0.0
base,10000,0.0
base,10000,0.0
standard,10000,0.23300995960132576
standard,10000,0.26368470937337285
standard,10000,0.07960551426822748
standard,10000,0.19000361154833378
standard,10000,0.24595039146293185
standard,10000,0.19117881005287207
standard,10000,0.14170803468108928
standard,10000,0.3139336180562645
standard,10000,0.6497675168253161
standard,10000,0.09666394408319579
standard,10000,0.14176405623878396
standard,10000,0.07710460216148185
standard,10000,0.09808046690704664
standard,10000,0.1096274920816721
standard,10000,0.09445500453175915
standard,10000,0.09499758124291757
standard,10000,0.1003438451981351
standard,10000,0.10546126931441202
standard,10000,0.11419411652538314
standard,10000,0.10175904933968438
standard,10000,0.11968400219899689
standard,10000,0.10755537141231286
standard,10000,0.12180626255426619
standard,10000,0.11088865808007475
standard,10000,0.10768123040127553
standard,10000,0.015336330331810588
standard,10000,0.012523719763558039
standard,10000,0.0277004996756115
standard,10000,0.0521447555826392
standard,10000,0.0
standard,10000,0.008206795828920588
standard,10000,0.0
standard,10000,0.12674973441542403
standard,10000,0.167300980495388
standard,10000,0.7116334363569423
standard,10000,0.0
standard,10000,0.03498265919959065
standard,10000,0.0
standard,10000,0.0
standard,10000,0.09291472634929476
standard,10000,0.11455479166385762
standard,10000,0.11453379865520774
standard,10000,0.11830665566094334
standard,10000,0.09802273151305607
standard,10000,0.1300283269274587
standard,10000,0.11113231972736282
standard,10000,0.12228146400416273
standard,10000,0.1082837310723418
standard,10000,0.11360155393732374
standard,10000,0.12312739667691996
standard,10000,0.10813476778439113
standard,10000,0.11643581504650236
standard,10000,0.11048838818814755
standard,10000,0.07840410613452442
standard,10000,0.10403400480305414
standard,10000,0.09901617583209654
standard,10000,0.09406413850698725
standard,10000,0.09614417366346639
standard,10000,0.0782865076752487
standard,10000,0.07751781678388281
standard,10000,0.058986249201357976
standard,10000,0.011337796027083957
standard,10000,0.034573453608816807
glaum,10000,0.171239066878346
glaum,10000,0.22848106478440744
glaum,10000,0.17242901086360995
glaum,10000,0.29803671591323966
glaum,10000,0.6416593678641855
glaum,10000,0.7049163492670125
glaum,10000,0.09404411957505299
glaum,10000,0.09402289280928755
glaum,10000,0.0570562579888475
glaum,10000,0.21524125806513517
glaum,10000,0.31572562970676477
glaum,10000,0.2466262355019
glaum,10000,0.3430826985688413
glaum,10000,0.0582976803241263
glaum,10000,0.17882182445388017
glaum,10000,0.12183792142412952
glaum,10000,0.23428915792834393
glaum,10000,0.10651958670520001
glaum,10000,0.2209243265278935
glaum,10000,0.14800959810855485
glaum,10000,0.2571186075472113
glaum,10000,0.012641772145487229
glaum,10000,0.1390483896380027
glaum,10000,0.0
glaum,10000,0.02474761902900602
glaum,10000,0.0
glaum,10000,0.026465854649519227
glaum,10000,0.07190126266024799
glaum,10000,0.19076323804721185
glaum,10000,0.07712948192657276
glaum,10000,0.19527557327156064
glaum,10000,0.09055435536193157
glaum,10000,0.20693902473232806
glaum,10000,0.08763981970812151
glaum,10000,0.2044187577618395
glaum,10000,0.09308075422610418
glaum,10000,0.20915268053844116
glaum,10000,0.10281517405813456
glaum,10000,0.2176523618482371
glaum,10000,0.09598063064046414
glaum,10000,0.21173701160175418
glaum,10000,0.08327946121189911
glaum,10000,0.20061751915851145
glaum,10000,0.07815771349958156
glaum,10000,0.19620838898920312
glaum,10000,0.07521922229147415
glaum,10000,0.19356637771332297
glaum,10000,0.05693594532668933
glaum,10000,0.17766714848499665
glaum,10000,0.05616165105160664
glaum,10000,0.17701707920785625
glaum,10000,0.0
glaum,10000,0.11791320267412231
glaum,10000,0.0757510257926316
glaum,10000,0.19405319779394592
glaum,10000,0.3062697570687506
glaum,10000,0.12188303773648979
glaum,10000,0.23431421353681392
glaum,10000,0.34078889413686975
glaum,10000,0.05573887019571144
glaum,10000,0.1765900522976407
glaum,10000,0.29110146981755347
glaum,10000,0.0771882077571151
glaum,10000,0.19530512039675174
glaum,10000,0.3072267677920909
glaum,10000,0.08901468980914162
glaum,10000,0.20565305318849103
glaum,10000,0.31616796485559406
glaum,10000,0.07347862208728762
glaum,10000,0.1921057580164215
glaum,10000,0.3044799958436034
glaum,10000,0.0740460853823639
glaum,10000,0.19255433037348357
glaum,10000,0.3048233034829324
glaum,10000,0.07951611942350101
glaum,10000,0.19736933405507684
glaum,10000,0.30900529307647173
glaum,10000,0.08473978588432751
glaum,10000,0.20189096863562728
glaum,10000,0.3129427173367664
glaum,10000,0.0936623996852346
glaum,10000,0.20968290342020757
glaum,10000,0.31959282962730096
glaum,10000,0.08095189686039028
glaum,10000,0.19858755812683726
glaum,10000,0.3100290853663126
glaum,10000,0.09929180523087011
glaum,10000,0.2146272277364537
glaum,10000,0.32392854892730405
glaum,10000,0.08689459796674803
glaum,10000,0.20378174129118964
glaum,10000,0.31452364715786907
glaum,10000,0.1014754081018241
glaum,10000,0.2165084566006933
glaum,10000,0.32545780853305173
glaum,10000,0.09030505276177025
glaum,10000,0.2067563364825019
glaum,10000,0.3170857060567194
glaum,10000,0.08702337068724497
glaum,10000,0.20388395162552708
glaum,10000,0.31456675573463666
glaum,10000,0.0
glaum,10000,0.1215194543017627
glaum,10000,0.24375644624228665
glaum,10000,0.0
glaum,10000,0.11903664459660457
glaum,10000,0.24156756001292545
glaum,10000,0.005177301517029886
glaum,10000,0.13260427830533517
glaum,10000,0.2533253178401407
glaum,10000,0.03020118414214701
glaum,10000,0.15433507219641507
glaum,10000,0.2720094260574748
glaum,10000,0.0
glaum,10000,0.09594250785440361
glaum,10000,0.22169524114581174
glaum,10000,0.0
glaum,10000,0.11519596465203974
glaum,10000,0.23825840291052847
glaum,10000,0.0
glaum,10000,0.09666371113396022
glaum,10000,0.2223304182450675
glaum,10000,0.0
glaum,10000,0.0583298833232192
glaum,10000,0.18932353587882877
glaum,10000,0.09789478264123619
glaum,10000,0.21336247410481946
glaum,10000,0.3227850918127141
glaum,10000,0.10988781953278093
glaum,10000,0.2238422851512829
glaum,10000,0.3318043821409822
glaum,10000,0.10194961065917496
glaum,10000,0.2169197096777633
glaum,10000,0.32584501070277294
glaum,10000,0.08748740780650277
glaum,10000,0.2043327835390465
glaum,10000,0.3149863050550987
glaum,10000,0.08988371796337336
glaum,10000,0.20639806117304105
glaum,10000,0.3167642892204843
glaum,10000,0.07307872165923857
glaum,10000,0.19173372971490643
glaum,10000,0.30416367767554375
glaum,10000,0.03718861695021336
glaum,10000,0.16042523171543743
glaum,10000,0.27718604523319024
glaum,10000,0.012223093133357565
glaum,10000,0.13864338342284188
glaum,10000,0.2584564468873535
new_more,10000,0.18721162739116204
new_more,10000,0.11150274226096624
new_more,10000,0.1537433108405023
new_more,10000,0.11148167689131772
new_more,10000,0.15371198301353672
new_more,10000,0.09491369759679558
new_more,10000,0.13794304166990135
new_more,10000,0.11339024936077102
new_more,10000,0.1555762651650382
new_more,10000,0.07522744859422881
new_more,10000,0.11920489810300006
new_more,10000,0.1009456912011425
new_more,10000,0.14367676122369266
new_more,10000,0.0751094447837195
new_more,10000,0.11909210518055435
new_more,10000,0.00792996699273052
new_more,10000,0.05508197286470462
new_more,10000,0.12373971987521248
new_more,10000,0.16540099104050598
new_more,10000,0.16443074242606348
new_more,10000,0.2041577890641194
new_more,10000,0.7106394629409762
new_more,10000,0.7244460878623245
new_more,10000,0.03165633186613037
new_more,10000,0.07770765532544777
new_more,10000,0.0
new_more,10000,0.0
new_more,10000,0.08978808560207152
new_more,10000,0.13304946444075416
new_more,10000,0.07643299787290936
new_more,10000,0.1203414321833779
new_more,10000,0.24335125078678488
new_more,10000,0.27933832312901774
new_more,10000,0.18839087669846055
new_more,10000,0.22697759486161395
new_more,10000,0.13874958004652116
new_more,10000,0.17970774104580578
new_more,10000,0.6485602971903991
new_more,10000,0.6653171560752342
new_more,10000,0.10806847337381653
new_more,10000,0.15046100533387452
new_more,10000,0.15917967801964705
new_more,10000,0.10521006589181259
new_more,10000,0.1477612569725627
new_more,10000,0.15650763671174184
new_more,10000,0.11054621881036186
new_more,10000,0.15283230714635787
new_more,10000,0.161526643569202
new_more,10000,0.12010489626674425
new_more,10000,0.16192535018387977
new_more,10000,0.1705263662689176
new_more,10000,0.10506058914090566
new_more,10000,0.1476075508804222
new_more,10000,0.15635550807880638
new_more,10000,0.09591056622838778
new_more,10000,0.13892833784592362
new_more,10000,0.14776536831592102
new_more,10000,0.09302866452851466
new_more,10000,0.13613602218775966
new_more,10000,0.1450017097134214
new_more,10000,0.07433810428450272
new_more,10000,0.11838244872057735
new_more,10000,0.12743033811929605
new_more,10000,0.13880579470544918
new_more,10000,0.17976092447046443
new_more,10000,0.18817889712212987
new_more,10000,0.1065584587235836
new_more,10000,0.14905823864130607
new_more,10000,0.15779130768054095
new_more,10000,0.10460548845552542
new_more,10000,0.14716261230906813
new_more,10000,0.15591513583553518
new_more,10000,0.0
new_more,10000,0.0
new_more,10000,0.0016210664807843056
new_more,10000,0.0
new_more,10000,0.0
new_more,10000,0.0
new_more,10000,0.2303662144290849
new_more,10000,0.26696960012291626
new_more,10000,0.2744925651255542
new_more,10000,0.2611466972841553
new_more,10000,0.2962873561161282
new_more,10000,0.3035094380280652
new_more,10000,0.12702961339856278
new_more,10000,0.16853252342349156
new_more,10000,0.1770890865831345
new_more,10000,0.18718411946182978
new_more,10000,0.10742232226093207
new_more,10000,0.14984556507814262
new_more,10000,0.15857055392147967
new_more,10000,0.16890417625500853
new_more,10000,0.09094145967932354
new_more,10000,0.1341480199069668
new_more,10000,0.14303410995834354
new_more,10000,0.15354687833299996
new_more,10000,0.05574266006766715
new_more,10000,0.10062218082305074
new_more,10000,0.10985234079861439
new_more,10000,0.12077185924273248
new_more,10000,0.031245715780763628
new_more,10000,0.07730167425147372
new_more,10000,0.08677116857771527
new_more,10000,0.09796124760931502
new_more,10000,0.0935502265497844
new_more,10000,0.13664479158819764
new_more,10000,0.14550525770094835
new_more,10000,0.15597564953419873
new_more,10000,0.1111408239079702
new_more,10000,0.15338733040046315
new_more,10000,0.16207597071504642
new_more,10000,0.17234331640930356
new_more,10000,0.0
new_more,10000,0.03231814580645542
new_more,10000,0.042249298353480014
new_more,10000,0.053984917811861544
new_more,10000,0.3115551354801379
new_more,10000,0.3443157892631259
new_more,10000,0.3510449636206734
new_more,10000,0.3589968130314387
new_more,10000,0.11526753859329308
new_more,10000,0.15732951128883477
new_more,10000,0.165977693678532
new_more,10000,0.17619723033871315
new_more,10000,0.1877775030772738
new_more,10000,0.11925604774071408
new_more,10000,0.1611282207670327
new_more,10000,0.16974910413059607
new_more,10000,0.17992242851673668
new_more,10000,0.19145033579538973
new_more,10000,0.07392346534873939
new_more,10000,0.11795072386073513
new_more,10000,0.12700304397748674
new_more,10000,0.137700149233158
new_more,10000,0.1498215790487022
new_more,10000,0.09187811990778494
new_more,10000,0.13505190166430137
new_more,10000,0.14392871533255946
new_more,10000,0.15441842503345926
new_more,10000,0.16630484447926952
new_more,10000,0.011942283882898197
new_more,10000,0.058930251390683974
new_more,10000,0.06858828847211518
new_more,10000,0.08001478898748315
new_more,10000,0.09296067498065552
new_more,10000,0.0
new_more,10000,0.031531223878405124
new_more,10000,0.04147045246992309
new_more,10000,0.05321561537096742
new_more,10000,0.06653827746567542
new_more,10000,0.0949716319994579
new_more,10000,0.13799858983051239
new_more,10000,0.14684516214458954
new_more,10000,0.15729913570883314
new_more,10000,0.16914506073470426
new_more,10000,0.1813137472733981
new_more,10000,0.09133367298386585
new_more,10000,0.13453339244207152
new_more,10000,0.14341552748135733
new_more,10000,0.1539236126987915
new_more,10000,0.16581698776796328
new_more,10000,0.1780465414057223
new_more,10000,0.09724281195043083
new_more,10000,0.14018483709426877
new_more,10000,0.14900897232844423
new_more,10000,0.159448472384091
new_more,10000,0.17126418398288556
new_more,10000,0.18341385178207126
new_more,10000,0.1023778753639466
new_more,10000,0.14504087523639897
new_more,10000,0.1538151737857646
new_more,10000,0.16418374161331628
new_more,10000,0.17594501022763387
new_more,10000,0.18801410482801473
new_more,10000,0.09866289417242435
new_more,10000,0.14150246304618608
new_more,10000,0.15031307571168706
new_more,10000,0.16073660397443046
new_more,10000,0.17253420818673826
new_more,10000,0.1846532573326356
new_more,10000,0.1166496327200619
new_more,10000,0.15863431154231689
new_more,10000,0.16726910299127806
new_more,10000,0.17749695593255876
new_more,10000,0.18908301201878375
new_more,10000,0.2009718115331346
new_more,10000,0.1044791956420319
new_more,10000,0.14706632382493234
new_more,10000,0.1558198355435625
new_more,10000,0.1661638396224353
new_more,10000,0.1778972505608597
new_more,10000,0.18993775268433455
new_more,10000,0.11877920831447786
new_more,10000,0.16068631014941093
new_more,10000,0.1693000422893598
new_more,10000,0.17947886917095446
new_more,10000,0.19101301160490092
new_more,10000,0.20287354225562304
new_more,10000,0.1078239718469084
new_more,10000,0.15024017670743461
new_more,10000,0.15896111571944505
new_more,10000,0.16927869707764054
new_more,10000,0.1809562242866457
new_more,10000,0.1929519247357968
new_more,10000,0.009106308650349004
new_more,10000,0.056228779815564844
new_more,10000,0.06594180523714821
new_more,10000,0.0773871129846394
new_more,10000,0.09039715089335987
new_more,10000,0.1037191779072082
new_more,10000,0.024349071398109157
new_more,10000,0.07074739054084267
new_more,10000,0.0802841503542735
new_more,10000,0.09158088043222268
new_more,10000,0.10436414721485077
new_more,10000,0.11749516382453051
new_more,10000,0.04887758444035273
new_more,10000,0.09409657881647515
new_more,10000,0.10339370992382946
new_more,10000,0.11438010774764307
new_more,10000,0.12682934957186487
new_more,10000,0.13963134555151835
new_more,10000,0.004788174520584332
new_more,10000,0.0521423385952271
new_more,10000,0.061883572827778344
new_more,10000,0.073378607368628
new_more,10000,0.08641767952553792
new_more,10000,0.09979798980566545
base,100000,0.0
base,100000,0.0
base,100000,0.0
base,100000,0.0
base,100000,0.0
base,100000,0.0
base,100000,0.0
base,100000,0.0
base,100000,0.0
base,100000,0.0
base,100000,0.0
base,100000,0.0
base,100000,0.0
base,100000,0.0
base,100000,0.0
base,100000,0.0
base,100000,0.0
base,100000,0.0
base,100000,0.0
standard,100000,0.11455479166385762
standard,100000,0.11453379865520774
standard,100000,0.11453268617892731
standard,100000,0.11450000000000016
standard,100000,0.0
standard,100000,0.11255894400481614
standard,100000,0.115906741052059
standard,100000,0.11507976177761114
standard,100000,0.0
standard,100000,0.0
standard,100000,0.3144859178649261
standard,100000,0.46313496665566845
standard,100000,0.6863037986338643
standard,100000,0.7574245987993194
standard,100000,0.9088001241202459
standard,100000,0.0
standard,100000,0.14452320192976875
standard,100000,0.20361133223016248
standard,100000,0.0
glaum,100000,0.29861574430900406
glaum,100000,0.4506619084539353
glaum,100000,0.6789972724235103
glaum,100000,0.7517427045110114
glaum,100000,0.9066227069293703
glaum,100000,0.124705048638725
glaum,100000,0.18516112200150447
glaum,100000,0.0
glaum,100000,0.09404411957505299
glaum,100000,0.09402289280928755
glaum,100000,0.0
glaum,100000,0.0
glaum,100000,0.09201400707889684
glaum,100000,0.20823354488852874
glaum,100000,0.3183327274755855
glaum,100000,0.09543930817974633
glaum,100000,0.21120986425737243
glaum,100000,0.32090665305217303
glaum,100000,0.09458099016445531
glaum,100000,0.2104838787722475
glaum,100000,0.32028374307396523
glaum,100000,0.0
glaum,100000,0.0
glaum,100000,0.0
glaum,100000,0.0
glaum,100000,0.0
glaum,100000,0.0
glaum,100000,0.09402156144229556
glaum,100000,0.20997288229537736
glaum,100000,0.31986666108328377
glaum,100000,0.0940000000000002
glaum,100000,0.2099545433594474
glaum,100000,0.31981493922533
glaum,100000,0.0
glaum,100000,0.1037500068384608
glaum,100000,0.2283901791035432
new_more,100000,0.14157445092162446
new_more,100000,0.6852006063037885
new_more,100000,0.2008662526531848
new_more,100000,0.23887395967284664
new_more,100000,0.0
new_more,100000,0.0
new_more,100000,0.3121230129382785
new_more,100000,0.3448594098149892
new_more,100000,0.46128444153110326
new_more,100000,0.48699585880341867
new_more,100000,0.7565884633711523
new_more,100000,0.7683088853732163
new_more,100000,0.9084857664117145
new_more,100000,0.9129639020625343
new_more,100000,0.0
new_more,100000,0.0
new_more,100000,0.11150274226096624
new_more,100000,0.1537433108405023
new_more,100000,0.11148167689131772
new_more,100000,0.15371198301353672
new_more,100000,0.11285935169620842
new_more,100000,0.15503599367605314
new_more,100000,0.1637077140428067
new_more,100000,0.0
new_more,100000,0.0
new_more,100000,0.0
new_more,100000,0.11144776173520798
new_more,100000,0.15369127481222733
new_more,100000,0.16237679579755382
new_more,100000,0.0
new_more,100000,0.03991017930754015
new_more,100000,0.04977645940701325
new_more,100000,0.10950001509588791
new_more,100000,0.15184771504015204
new_more,100000,0.16055215616255314
new_more,100000,0.17083817363400922
new_more,100000,0.11148056058043221
new_more,100000,0.1537109197596893
new_more,100000,0.1623962391322965
new_more,100000,0.17265966047728076
new_more,100000,0.0
new_more,100000,0.0
new_more,100000,0.0
new_more,100000,0.0
new_more,100000,0.0
new_more,100000,0.11202952189913418
new_more,100000,0.1542457395583665
new_more,100000,0.16292557016730325
new_more,100000,0.17318250545324998
new_more,100000,0.18480515646206075
new_more,100000,0.1967564214228893
