scenario,split,region,wake_loss,weight
base,100000,BE2 0AC_00000 0 offwind-dc,0.0,1040.0
base,100000,DE2 0AC_00000 0 offwind-dc,0.0,25723.0
base,100000,DK2 0AC_00000 0 offwind-dc,0.0,10000.0
base,100000,FR2 0AC_00000 0 offwind-dc,0.0,168.0
base,100000,GB1 0AC_00001 0 offwind-dc,0.0,39899.14412557331
base,100000,NL2 0AC_00000 0 offwind-dc,0.0,20999.999999999996
base,100000,GB1 0AC_00000 0 offwind-float,0.0,5.043756872203353e-12
base,100000,GB1 0AC_00004 0 offwind-float,0.0,4.256928858179157e-12
base,100000,GB4 0AC_00000 0 offwind-float,0.0,6.827877245269395e-12
base,100000,GB4 0AC_00001 0 offwind-float,0.0,7.236046980148289e-12
base,100000,NL2 0AC_00001 0 offwind-float,0.0,2.0680746417032653e-12
base,100000,NO0 0AC_00000 0 offwind-float,0.0,3.0105896379911443e-11
base,100000,NO0 0AC_00001 0 offwind-float,0.0,2999.999999999922
base,100000,NO0 0AC_00003 0 offwind-float,0.0,4.8241495246358914e-11
base,100000,GB4 0AC_00002 0 offwind-ac,0.0,100.85587442667114
standard,100000,GB1 0AC_00000 0 offwind-float,0.11452246080134731,2.164624637288484e-09
standard,100000,GB1 0AC_00004 0 offwind-float,0.11449999999999982,1.9387857044662008e-09
standard,100000,GB4 0AC_00000 0 offwind-float,0.11450000000000016,2.6072348035972763e-09
standard,100000,GB4 0AC_00001 0 offwind-float,0.11449999999999994,2.6499635162298003e-09
standard,100000,NL2 0AC_00001 0 offwind-float,0.11449999999999994,1.107632340566035e-09
standard,100000,NO0 0AC_00000 0 offwind-float,0.11449999999999994,1.2400038191725495e-08
standard,100000,NO0 0AC_00001 0 offwind-float,0.11454413541477382,2999.9999999682013
standard,100000,NO0 0AC_00003 0 offwind-float,0.11452222078781826,1.939949240868793e-08
standard,100000,GB4 0AC_00002 0 offwind-ac,0.11462618941473657,100.85587442666916
standard,100000,BE2 0AC_00000 0 offwind-dc,0.11456715217383306,1040.0000000000011
standard,100000,DE2 0AC_00000 0 offwind-dc,0.11454388318214914,25723.0
standard,100000,DK2 0AC_00000 0 offwind-dc,0.11452247596886744,10000.000000000002
standard,100000,FR2 0AC_00000 0 offwind-dc,0.11450000000000005,168.00000000000097
standard,100000,GB1 0AC_00001 0 offwind-dc,0.11449999999999994,39899.14412556397
standard,100000,NL2 0AC_00000 0 offwind-dc,0.11449999999999994,20999.999999998894
glaum,100000,BE2 0AC_00000 0 offwind-dc,0.09402208205064722,1040.0
glaum,100000,FR2 0AC_00000 0 offwind-dc,0.09400000000000008,168.0
glaum,100000,GB4 0AC_00002 0 offwind-ac,0.09412911079587938,100.85587442667114
glaum,100000,GB4 0AC_00001 0 offwind-float,0.09399999999999997,3.0321176321782625e-12
glaum,100000,NL2 0AC_00001 0 offwind-float,0.09399999999999986,8.268709945651374e-13
glaum,100000,NO0 0AC_00003 0 offwind-float,0.09402273521599502,999.9999999999717
glaum,100000,DE2 0AC_00000 0 offwind-dc,0.2595754946015385,25723.0
glaum,100000,DK2 0AC_00000 0 offwind-dc,0.18677561733612136,10000.0
glaum,100000,GB1 0AC_00001 0 offwind-dc,0.2809738318856714,39899.1441255733
glaum,100000,NL2 0AC_00000 0 offwind-dc,0.2460250204800034,21000.0
glaum,100000,GB1 0AC_00000 0 offwind-float,0.1890897325905857,5.626104374976752e-12
glaum,100000,GB1 0AC_00004 0 offwind-float,0.1908906816396757,4.923456985208548e-12
glaum,100000,GB4 0AC_00000 0 offwind-float,0.17955866923600494,6.866556416063925e-12
glaum,100000,NO0 0AC_00000 0 offwind-float,0.12461301369647926,2.364082849311085e-11
glaum,100000,NO0 0AC_00001 0 offwind-float,0.09404515718327,2000.000000000005
new_more,100000,NL2 0AC_00001 0 offwind-float,0.11144776173520776,6.505096333114892e-10
new_more,100000,NO0 0AC_00003 0 offwind-float,0.11147005911675734,635.9471932653906
new_more,100000,BE2 0AC_00000 0 offwind-dc,0.14849481533686648,1040.0000000000005
new_more,100000,FR2 0AC_00000 0 offwind-dc,0.1424761261346542,168.0000000000005
new_more,100000,NO0 0AC_00001 0 offwind-float,0.11149204928415679,1928.5032386331459
new_more,100000,DE2 0AC_00000 0 offwind-dc,0.15131596937847702,25723.000000000004
new_more,100000,DK2 0AC_00000 0 offwind-dc,0.14471492948513742,10000.0
new_more,100000,GB1 0AC_00001 0 offwind-dc,0.15148845776260889,39899.144125546816
new_more,100000,GB4 0AC_00002 0 offwind-ac,0.15600652284483818,100.85587442666773
new_more,100000,GB1 0AC_00000 0 offwind-float,0.14896288306606353,4.655672106040756e-09
new_more,100000,NL2 0AC_00000 0 offwind-dc,0.14904693516501233,20999.999999999345
new_more,100000,GB1 0AC_00004 0 offwind-float,0.1558721862977419,5.209911992342746e-09
new_more,100000,GB4 0AC_00000 0 offwind-float,0.15517184137063544,6.736366802757972e-09
new_more,100000,NO0 0AC_00000 0 offwind-float,0.11144776173792192,435.549568101464
new_more,100000,GB4 0AC_00001 0 offwind-float,0.15773181344998555,9.921976105685777e-09
base,10000,BE2 0AC_00000 0 offwind-dc,0.0,1040.0
base,10000,DE2 0AC_00000 0 offwind-dc,0.0,3231.8291765280715
base,10000,DE2 0AC_00001 0 offwind-dc,0.0,8776.541020623401
base,10000,DE2 0AC_00002 0 offwind-dc,0.0,13279.970279406542
base,10000,DE2 0AC_00003 0 offwind-dc,0.0,8.771818673935657e-10
base,10000,DE2 0AC_00005 0 offwind-dc,0.0,1.3953103370451794e-09
base,10000,DK2 0AC_00000 0 offwind-dc,0.0,2.5800339910871512e-11
base,10000,DK2 0AC_00001 0 offwind-dc,0.0,3.580683322643649e-11
base,10000,DK2 0AC_00002 0 offwind-dc,0.0,4.536888720864295e-11
base,10000,DK2 0AC_00003 0 offwind-dc,0.0,2.948769970868981e-11
base,10000,DK2 0AC_00005 0 offwind-dc,0.0,8519.567590331048
base,10000,FR2 0AC_00000 0 offwind-dc,0.0,168.0
base,10000,GB1 0AC_00007 0 offwind-dc,0.0,1.3857910486013252e-10
base,10000,GB1 0AC_00016 0 offwind-dc,0.0,9616.749475246974
base,10000,GB1 0AC_00019 0 offwind-dc,0.0,1.3045034631427102e-10
base,10000,GB1 0AC_00022 0 offwind-dc,0.0,1.6879584834973285e-10
base,10000,GB1 0AC_00024 0 offwind-dc,0.0,1869.7405905841447
base,10000,GB1 0AC_00025 0 offwind-dc,0.0,9830.324734843172
base,10000,NL2 0AC_00000 0 offwind-dc,0.0,9.215320333467471e-10
base,10000,NL2 0AC_00001 0 offwind-dc,0.0,3681.606308021969
base,10000,NL2 0AC_00002 0 offwind-dc,0.0,1.1843307679448372e-09
base,10000,NL2 0AC_00004 0 offwind-dc,0.0,9438.122460003882
base,10000,NL2 0AC_00005 0 offwind-dc,0.0,7.835440186025685e-10
base,10000,NL2 0AC_00006 0 offwind-dc,0.0,7880.271231970898
base,10000,NL2 0AC_00007 0 offwind-dc,0.0,3.35898771300259e-10
base,10000,NO0 0AC_00009 0 offwind-dc,0.0,2999.9999999999127
base,10000,DE2 0AC_00004 0 offwind-ac,0.0,434.6595234397103
base,10000,DK2 0AC_00004 0 offwind-ac,0.0,1480.4324096686712
base,10000,DK2 0AC_00006 0 offwind-ac,0.0,1.5783745407840664e-11
base,10000,DK2 0AC_00007 0 offwind-ac,0.0,6.870862353895067e-11
base,10000,DK2 0AC_00008 0 offwind-ac,0.0,6.008183037007405e-11
base,10000,GB1 0AC_00000 0 offwind-ac,0.0,6028.234543038956
base,10000,GB1 0AC_00002 0 offwind-ac,0.0,6335.750971161437
base,10000,GB1 0AC_00010 0 offwind-ac,0.0,2045.8380594494517
base,10000,GB1 0AC_00017 0 offwind-ac,0.0,4172.505751248575
base,10000,GB4 0AC_00009 0 offwind-ac,0.0,100.85587442667112
base,10000,NL2 0AC_00003 0 offwind-ac,0.0,1.7527189173999835e-11
base,10000,NO0 0AC_00008 0 offwind-ac,0.0,8.219481791693142e-12
base,10000,GB1 0AC_00001 0 offwind-float,0.0,7.781800082965829e-12
base,10000,GB1 0AC_00003 0 offwind-float,0.0,5.932713646928275e-12
base,10000,GB1 0AC_00004 0 offwind-float,0.0,7.58416223346436e-12
base,10000,GB1 0AC_00005 0 offwind-float,0.0,6.987194342770843e-12
base,10000,GB1 0AC_00006 0 offwind-float,0.0,6.8727567405071295e-12
base,10000,GB1 0AC_00008 0 offwind-float,0.0,6.199286326047855e-12
base,10000,GB1 0AC_00009 0 offwind-float,0.0,7.248790896278442e-12
base,10000,GB1 0AC_00013 0 offwind-float,0.0,6.077662554462658e-12
base,10000,GB1 0AC_00014 0 offwind-float,0.0,6.7139165751477674e-12
base,10000,GB1 0AC_00015 0 offwind-float,0.0,6.871375108635842e-12
base,10000,GB1 0AC_00018 0 offwind-float,0.0,6.4220214152134494e-12
base,10000,GB1 0AC_00020 0 offwind-float,0.0,6.2424878168007515e-12
base,10000,GB1 0AC_00021 0 offwind-float,0.0,6.5870611159461825e-12
base,10000,GB1 0AC_00023 0 offwind-float,0.0,6.343735316560551e-12
base,10000,GB4 0AC_00000 0 offwind-float,0.0,8.50725072313228e-12
base,10000,GB4 0AC_00001 0 offwind-float,0.0,8.410871171750033e-12
base,10000,GB4 0AC_00002 0 offwind-float,0.0,9.494523832024486e-12
base,10000,GB4 0AC_00003 0 offwind-float,0.0,9.169990547123948e-12
base,10000,GB4 0AC_00004 0 offwind-float,0.0,9.92280191105472e-12
base,10000,GB4 0AC_00010 0 offwind-float,0.0,8.315940058808608e-12
base,10000,GB4 0AC_00011 0 offwind-float,0.0,8.639778866520873e-12
base,10000,GB4 0AC_00012 0 offwind-float,0.0,7.68718098899393e-12
base,10000,GB4 0AC_00013 0 offwind-float,0.0,7.918015554335514e-12
base,10000,NL2 0AC_00008 0 offwind-float,0.0,3.7586168217524435e-12
base,10000,NO0 0AC_00000 0 offwind-float,0.0,4.728099556751145e-12
base,10000,NO0 0AC_00001 0 offwind-float,0.0,4.724005856660583e-12
base,10000,NO0 0AC_00002 0 offwind-float,0.0,4.671522670989853e-12
base,10000,NO0 0AC_00003 0 offwind-float,0.0,4.4892600232436635e-12
base,10000,NO0 0AC_00004 0 offwind-float,0.0,4.944159800138306e-12
base,10000,NO0 0AC_00005 0 offwind-float,0.0,4.851383105444889e-12
base,10000,NO0 0AC_00006 0 offwind-float,0.0,4.911039877949434e-12
base,10000,NO0 0AC_00007 0 offwind-float,0.0,4.29517895952474e-12
base,10000,NO0 0AC_00010 0 offwind-float,0.0,5.167822555732834e-12
base,10000,NO0 0AC_00011 0 offwind-float,0.0,5.000299816959398e-12
base,10000,NO0 0AC_00012 0 offwind-float,0.0,3.604249090587555e-12
base,10000,NO0 0AC_00015 0 offwind-float,0.0,2.4294486970084524e-12
base,10000,NO0 0AC_00018 0 offwind-float,0.0,4.395055260474963e-12
base,10000,NO0 0AC_00019 0 offwind-float,0.0,5.434723604470601e-12
base,10000,NO0 0AC_00021 0 offwind-float,0.0,5.314866922820008e-12
base,10000,NO0 0AC_00023 0 offwind-float,0.0,5.549413869338718e-12
base,10000,NO0 0AC_00025 0 offwind-float,0.0,4.7179491395315726e-12
standard,10000,BE2 0AC_00000 0 offwind-dc,0.11456715217383306,1040.0000000000239
standard,10000,DE2 0AC_00000 0 offwind-dc,0.11452197182783608,2466.6939398213544
standard,10000,DE2 0AC_00001 0 offwind-dc,0.11454512904991876,9423.892969089093
standard,10000,DE2 0AC_00002 0 offwind-dc,0.11452325873478597,13279.97027940406
standard,10000,DE2 0AC_00003 0 offwind-dc,0.11452200336244511,1.4006400338925652e-06
standard,10000,DE2 0AC_00005 0 offwind-dc,0.11454432712355933,117.78328684518272
standard,10000,DK2 0AC_00000 0 offwind-dc,0.11452214159413399,2.7533908562816704e-09
standard,10000,DK2 0AC_00001 0 offwind-dc,0.11456249290679121,3.734344539735684e-09
standard,10000,DK2 0AC_00002 0 offwind-dc,0.11452193694985924,4.570599949602102e-09
standard,10000,DK2 0AC_00003 0 offwind-dc,0.11449999999999994,3.2176142103335212e-09
standard,10000,DK2 0AC_00005 0 offwind-dc,0.11449999999999994,8519.567590322225
standard,10000,FR2 0AC_00000 0 offwind-dc,0.11450000000000005,168.00000000000153
standard,10000,GB1 0AC_00007 0 offwind-dc,0.11452375436973872,1.1603563946309509e-08
standard,10000,GB1 0AC_00016 0 offwind-dc,0.11452201167274234,9887.398001719865
standard,10000,GB1 0AC_00019 0 offwind-dc,0.11452364625312794,1.301871903358622e-08
standard,10000,GB1 0AC_00022 0 offwind-dc,0.11452301070837134,1.7996876709075684e-08
standard,10000,GB1 0AC_00024 0 offwind-dc,0.11452212321314892,1869.740590584132
standard,10000,GB1 0AC_00025 0 offwind-dc,0.11454450860911236,9765.930618707924
standard,10000,NL2 0AC_00000 0 offwind-dc,0.11452264516049593,7.478150174325527e-08
standard,10000,NL2 0AC_00001 0 offwind-dc,0.11449999999999982,3681.606308021824
standard,10000,NL2 0AC_00002 0 offwind-dc,0.11450000000000016,7.851872727010005e-08
standard,10000,NL2 0AC_00004 0 offwind-dc,0.1145450858828937,9438.122459740027
standard,10000,NL2 0AC_00005 0 offwind-dc,0.11452358306082011,8.255827551969514e-08
standard,10000,NL2 0AC_00006 0 offwind-dc,0.11449999999999994,7880.27123196845
standard,10000,NL2 0AC_00007 0 offwind-dc,0.11449999999999994,3.3011977709562154e-08
standard,10000,NO0 0AC_00009 0 offwind-dc,0.11452238729193132,2999.999999994138
standard,10000,DE2 0AC_00004 0 offwind-ac,0.11452441432653948,434.6595234396858
standard,10000,DK2 0AC_00004 0 offwind-ac,0.11452174777545876,1480.432409650778
standard,10000,DK2 0AC_00006 0 offwind-ac,0.11452502570675138,9.208210731863858e-10
standard,10000,DK2 0AC_00007 0 offwind-ac,0.11454933683240243,6.379030920604027e-09
standard,10000,DK2 0AC_00008 0 offwind-ac,0.11452359425038583,5.606802756866419e-09
standard,10000,GB1 0AC_00000 0 offwind-ac,0.11463123003916353,6028.234543038846
standard,10000,GB1 0AC_00002 0 offwind-ac,0.11449999999999994,6129.496560771501
standard,10000,GB1 0AC_00010 0 offwind-ac,0.11452257127111554,2045.8380594494467
standard,10000,GB1 0AC_00017 0 offwind-ac,0.1145501889665077,4172.50575124846
standard,10000,GB4 0AC_00009 0 offwind-ac,0.11462618941473657,100.85587442667054
standard,10000,NL2 0AC_00003 0 offwind-ac,0.11449999999999994,6.882921338988178e-10
standard,10000,NO0 0AC_00008 0 offwind-ac,0.11465157324857111,3.801465301418634e-10
standard,10000,GB1 0AC_00001 0 offwind-float,0.11449999999999971,5.30701693932697e-10
standard,10000,GB1 0AC_00003 0 offwind-float,0.11452359141107327,4.760026321889523e-10
standard,10000,GB1 0AC_00004 0 offwind-float,0.11452261172653722,4.918840921070315e-10
standard,10000,GB1 0AC_00005 0 offwind-float,0.11461643375092312,5.345926586054342e-10
standard,10000,GB1 0AC_00006 0 offwind-float,0.11452269212780397,4.3412287633754736e-10
standard,10000,GB1 0AC_00008 0 offwind-float,0.11450000000000005,4.932180063905209e-10
standard,10000,GB1 0AC_00009 0 offwind-float,0.114545002448453,4.642721085033907e-10
standard,10000,GB1 0AC_00013 0 offwind-float,0.11452194378146052,4.2506364601644314e-10
standard,10000,GB1 0AC_00014 0 offwind-float,0.1145458001100883,4.523807908497711e-10
standard,10000,GB1 0AC_00015 0 offwind-float,0.11450000000000005,4.123196409785462e-10
standard,10000,GB1 0AC_00018 0 offwind-float,0.11449999999999994,4.109047557806595e-10
standard,10000,GB1 0AC_00020 0 offwind-float,0.11450000000000016,4.949864967987967e-10
standard,10000,GB1 0AC_00021 0 offwind-float,0.11449999999999982,4.1511053618767485e-10
standard,10000,GB1 0AC_00023 0 offwind-float,0.11456905187348743,4.753549997996322e-10
standard,10000,GB4 0AC_00000 0 offwind-float,0.11450000000000016,6.264781664616504e-10
standard,10000,GB4 0AC_00001 0 offwind-float,0.11449999999999994,4.0922994974370153e-10
standard,10000,GB4 0AC_00002 0 offwind-float,0.11454412681091575,5.446530552693552e-10
standard,10000,GB4 0AC_00003 0 offwind-float,0.11456587683826014,5.284026452977769e-10
standard,10000,GB4 0AC_00004 0 offwind-float,0.11449999999999982,4.929304915352168e-10
standard,10000,GB4 0AC_00010 0 offwind-float,0.11454291317291809,4.707738980608889e-10
standard,10000,GB4 0AC_00011 0 offwind-float,0.1145214571633314,4.625132758175768e-10
standard,10000,GB4 0AC_00012 0 offwind-float,0.11459199502880812,4.3009923591808104e-10
standard,10000,GB4 0AC_00013 0 offwind-float,0.11452334717666868,4.3330848496759577e-10
standard,10000,NL2 0AC_00008 0 offwind-float,0.11450000000000005,1.9064173407715856e-10
standard,10000,NO0 0AC_00000 0 offwind-float,0.11454615935505619,3.131473685780166e-10
standard,10000,NO0 0AC_00001 0 offwind-float,0.11457107057018634,3.1207568615406893e-10
standard,10000,NO0 0AC_00002 0 offwind-float,0.1145477966109546,2.868692824131654e-10
standard,10000,NO0 0AC_00003 0 offwind-float,0.11454712028198089,2.905372436085482e-10
standard,10000,NO0 0AC_00004 0 offwind-float,0.11450000000000005,3.309283747489022e-10
standard,10000,NO0 0AC_00005 0 offwind-float,0.11450000000000005,3.2525007233251655e-10
standard,10000,NO0 0AC_00006 0 offwind-float,0.11450000000000005,3.285952576713358e-10
standard,10000,NO0 0AC_00007 0 offwind-float,0.11460112365781994,3.362318411405545e-10
standard,10000,NO0 0AC_00010 0 offwind-float,0.11452262701183513,3.6464673209268924e-10
standard,10000,NO0 0AC_00011 0 offwind-float,0.11452259558687317,4.0272573653817605e-10
standard,10000,NO0 0AC_00012 0 offwind-float,0.11460016280529273,2.567770674985778e-10
standard,10000,NO0 0AC_00015 0 offwind-float,0.11512432551115725,1.1281165330735787e-10
standard,10000,NO0 0AC_00018 0 offwind-float,0.11454974237887527,3.2390706979583094e-10
standard,10000,NO0 0AC_00019 0 offwind-float,0.11452078765779439,4.5870686781665804e-10
standard,10000,NO0 0AC_00021 0 offwind-float,0.11450000000000005,4.201742479439594e-10
standard,10000,NO0 0AC_00023 0 offwind-float,0.11451989657498729,4.398474454020861e-10
standard,10000,NO0 0AC_00025 0 offwind-float,0.11450000000000027,3.6515046641394814e-10
glaum,10000,BE2 0AC_00000 0 offwind-dc,0.09402208205064722,1040.0000000000068
glaum,10000,FR2 0AC_00000 0 offwind-dc,0.09400000000000008,168.00000000000622
glaum,10000,GB1 0AC_00024 0 offwind-dc,0.09402263538239741,1869.74059058411
glaum,10000,DE2 0AC_00004 0 offwind-ac,0.09402497953680944,434.6595234396994
glaum,10000,DK2 0AC_00006 0 offwind-ac,0.09402560507093927,4.392376609824665e-08
glaum,10000,DK2 0AC_00008 0 offwind-ac,0.09402414047526786,1785.8649514273352
glaum,10000,GB4 0AC_00009 0 offwind-ac,0.09412911079587938,100.85587442665965
glaum,10000,NL2 0AC_00003 0 offwind-ac,0.09400000000000008,6.827275146129019e-07
glaum,10000,NO0 0AC_00008 0 offwind-ac,0.09411486057624852,1.5650391825894446e-08
glaum,10000,GB4 0AC_00001 0 offwind-float,0.09399999999999997,1.6478826109503813e-08
glaum,10000,GB4 0AC_00004 0 offwind-float,0.09399999999999975,1.9436209160820567e-08
glaum,10000,NL2 0AC_00008 0 offwind-float,0.09399999999999997,7.739795921608043e-09
glaum,10000,NO0 0AC_00015 0 offwind-float,0.0945026286069921,3.986682623639501e-09
glaum,10000,DE2 0AC_00000 0 offwind-dc,0.09402248052005269,2000.0000004769006
glaum,10000,DE2 0AC_00001 0 offwind-dc,0.1781942485135577,7288.34047373141
glaum,10000,DE2 0AC_00003 0 offwind-dc,0.09402251279711138,2000.0000006907512
glaum,10000,DE2 0AC_00005 0 offwind-dc,0.09404535342519882,2000.000001637733
glaum,10000,DK2 0AC_00000 0 offwind-dc,0.11551566924014056,1.4687953795784986e-07
glaum,10000,DK2 0AC_00001 0 offwind-dc,0.09406393968262206,214.13504788435304
glaum,10000,DK2 0AC_00005 0 offwind-dc,0.09400000000333719,2000.0000000575044
glaum,10000,GB1 0AC_00007 0 offwind-dc,0.09400000001279452,2000.0000002206043
glaum,10000,GB1 0AC_00019 0 offwind-dc,0.09400000001353714,2000.0000002334157
glaum,10000,GB1 0AC_00022 0 offwind-dc,0.09402354344140251,2000.0000003032328
glaum,10000,GB1 0AC_00025 0 offwind-dc,0.1774312830904674,7123.210040100968
glaum,10000,NL2 0AC_00001 0 offwind-dc,0.14695832125162467,3681.6063080217223
glaum,10000,NL2 0AC_00004 0 offwind-dc,0.09402224875249476,2000.0000010841393
glaum,10000,NL2 0AC_00006 0 offwind-dc,0.1783063815374264,7318.393688739822
glaum,10000,NL2 0AC_00007 0 offwind-dc,0.09400000002253639,2000.0000003885566
glaum,10000,NO0 0AC_00009 0 offwind-dc,0.1326618370270759,2999.99999963723
glaum,10000,DK2 0AC_00004 0 offwind-ac,0.0940222512567237,2000.0000000634568
glaum,10000,DK2 0AC_00007 0 offwind-ac,0.09405047902019936,2000.0000000432321
glaum,10000,GB1 0AC_00000 0 offwind-ac,0.17162564173375938,6028.234543038847
glaum,10000,GB1 0AC_00002 0 offwind-ac,0.17338020191611758,6335.7509711606235
glaum,10000,GB1 0AC_00010 0 offwind-ac,0.09662131292404397,2045.838059449371
glaum,10000,GB1 0AC_00017 0 offwind-ac,0.15444230317864815,4172.505751248329
glaum,10000,GB1 0AC_00008 0 offwind-float,0.14650239372932938,2.2176071200478397e-08
glaum,10000,GB4 0AC_00000 0 offwind-float,0.14305294219414344,2.9105142022903857e-08
glaum,10000,NO0 0AC_00007 0 offwind-float,0.14728196071627697,1.5277260352514336e-08
glaum,10000,NO0 0AC_00011 0 offwind-float,0.14512514481613792,1.8925060350382377e-08
glaum,10000,NO0 0AC_00012 0 offwind-float,0.14912838550732366,1.2278285069490451e-08
glaum,10000,NO0 0AC_00018 0 offwind-float,0.14723283071660087,1.5756532414179944e-08
glaum,10000,NO0 0AC_00019 0 offwind-float,0.14326844641136172,2.1551188788412443e-08
glaum,10000,NO0 0AC_00021 0 offwind-float,0.14360831757260817,2.078795583381755e-08
glaum,10000,NO0 0AC_00023 0 offwind-float,0.14268643079222776,2.234188123533738e-08
glaum,10000,NO0 0AC_00025 0 offwind-float,0.14609003687594535,1.7469049644049232e-08
glaum,10000,DE2 0AC_00002 0 offwind-dc,0.1906547934929944,12000.000000023514
glaum,10000,DK2 0AC_00002 0 offwind-dc,0.09402244481112765,2000.0000000536027
glaum,10000,DK2 0AC_00003 0 offwind-dc,0.12033978338674678,2.797203465145335e-07
glaum,10000,GB1 0AC_00016 0 offwind-dc,0.1733265405126735,6323.864168492822
glaum,10000,NL2 0AC_00000 0 offwind-dc,0.09402316943978972,2000.0000004288834
glaum,10000,NL2 0AC_00002 0 offwind-dc,0.09400000001892139,2000.0000002980141
glaum,10000,NL2 0AC_00005 0 offwind-dc,0.09400000002187159,2000.0000003483956
glaum,10000,GB1 0AC_00001 0 offwind-float,0.19044950321876608,3.648215135858784e-08
glaum,10000,GB1 0AC_00003 0 offwind-float,0.19637346838849545,2.988926617627819e-08
glaum,10000,GB1 0AC_00004 0 offwind-float,0.1911015994532984,3.546711991939748e-08
glaum,10000,GB1 0AC_00005 0 offwind-float,0.19287049012281643,3.320122117071519e-08
glaum,10000,GB1 0AC_00006 0 offwind-float,0.19279697087631698,3.3490174100067003e-08
glaum,10000,GB1 0AC_00009 0 offwind-float,0.1924135405693559,3.407258684887503e-08
glaum,10000,GB1 0AC_00013 0 offwind-float,0.19542516137316057,3.068630689039358e-08
glaum,10000,GB1 0AC_00014 0 offwind-float,0.19351709266498807,3.277423497692688e-08
glaum,10000,GB1 0AC_00015 0 offwind-float,0.19373080370200457,3.2686485440176465e-08
glaum,10000,GB1 0AC_00018 0 offwind-float,0.19469203618161568,3.186150995007132e-08
glaum,10000,GB1 0AC_00020 0 offwind-float,0.19508264613787507,3.114935153771588e-08
glaum,10000,GB1 0AC_00021 0 offwind-float,0.19433076600071209,3.195196179997845e-08
glaum,10000,GB1 0AC_00023 0 offwind-float,0.19505888018890472,3.1206835658037166e-08
glaum,10000,GB4 0AC_00002 0 offwind-float,0.18591573352575763,4.167704189453646e-08
glaum,10000,GB4 0AC_00003 0 offwind-float,0.18639347021431385,4.1307622760694926e-08
glaum,10000,GB4 0AC_00010 0 offwind-float,0.18897551856913675,3.780400050947834e-08
glaum,10000,GB4 0AC_00011 0 offwind-float,0.18866199897936575,3.816815449368956e-08
glaum,10000,GB4 0AC_00012 0 offwind-float,0.19134134576301542,3.487016971360056e-08
glaum,10000,GB4 0AC_00013 0 offwind-float,0.19092190485413807,3.5098252896838804e-08
glaum,10000,NO0 0AC_00000 0 offwind-float,0.19376233561045764,2.4349063932472015e-08
glaum,10000,NO0 0AC_00001 0 offwind-float,0.1939743210659497,2.421074278155224e-08
glaum,10000,NO0 0AC_00002 0 offwind-float,0.1939620708546117,2.3920700947765722e-08
glaum,10000,NO0 0AC_00003 0 offwind-float,0.195252324816645,2.2839265469983105e-08
glaum,10000,NO0 0AC_00004 0 offwind-float,0.19278338012597485,2.5740384818783215e-08
glaum,10000,NO0 0AC_00005 0 offwind-float,0.19334165043486606,2.5085315352395002e-08
glaum,10000,NO0 0AC_00006 0 offwind-float,0.19301644766097403,2.54475353788833e-08
glaum,10000,NO0 0AC_00010 0 offwind-float,0.1913155337117618,2.7159521059848326e-08
new_more,10000,NL2 0AC_00008 0 offwind-float,0.11144776173520776,3.897202092559198e-09
new_more,10000,DK2 0AC_00006 0 offwind-ac,0.11147287370330294,2.1926581575475373e-08
new_more,10000,NL2 0AC_00003 0 offwind-ac,0.11144776173520787,2.698569332156208e-08
new_more,10000,BE2 0AC_00000 0 offwind-dc,0.14849481533686837,1040.0000000000034
new_more,10000,DE2 0AC_00005 0 offwind-dc,0.15146222241200513,5870.438397318675
new_more,10000,DK2 0AC_00001 0 offwind-dc,0.12080213736127965,1.522826059648744e-07
new_more,10000,FR2 0AC_00000 0 offwind-dc,0.14247612613466543,168.00000000000315
new_more,10000,GB1 0AC_00007 0 offwind-dc,0.11147159802145745,243.44562329426904
new_more,10000,GB1 0AC_00024 0 offwind-dc,0.14771023387005344,1869.7405905840433
new_more,10000,NL2 0AC_00001 0 offwind-dc,0.14978127600483637,3681.606308021846
new_more,10000,GB4 0AC_00004 0 offwind-float,0.13123694583093048,1.6159988365298275e-08
new_more,10000,NO0 0AC_00007 0 offwind-float,0.13209996351692066,7.77082264523411e-09
new_more,10000,NO0 0AC_00012 0 offwind-float,0.1323314567225523,6.328887085423078e-09
new_more,10000,NO0 0AC_00015 0 offwind-float,0.13313190357812843,4.068026838800788e-09
new_more,10000,NO0 0AC_00018 0 offwind-float,0.13204152561125126,7.995462020038915e-09
new_more,10000,NO0 0AC_00019 0 offwind-float,0.1315644011870153,1.0504287413447722e-08
new_more,10000,NO0 0AC_00021 0 offwind-float,0.13158482061521481,1.0205655941893647e-08
new_more,10000,NO0 0AC_00025 0 offwind-float,0.13185640276648092,8.75908486488506e-09
new_more,10000,DE2 0AC_00004 0 offwind-ac,0.12620419393173588,434.6595234395753
new_more,10000,DK2 0AC_00007 0 offwind-ac,0.11149726863985354,211.51494032727655
new_more,10000,DK2 0AC_00008 0 offwind-ac,0.11147143732372955,237.29221251693622
new_more,10000,GB1 0AC_00010 0 offwind-ac,0.14921385188129777,2045.838059449403
new_more,10000,GB1 0AC_00017 0 offwind-ac,0.1510019185814765,4172.50575124843
new_more,10000,DE2 0AC_00000 0 offwind-dc,0.15180991579466419,2533.852281487162
new_more,10000,DE2 0AC_00001 0 offwind-dc,0.1518527041068477,5196.144885174815
new_more,10000,DK2 0AC_00000 0 offwind-dc,0.13475944570540865,9.228911197418947e-08
new_more,10000,DK2 0AC_00005 0 offwind-dc,0.15178886921126655,6528.47725445413
new_more,10000,GB1 0AC_00019 0 offwind-dc,0.11147148955141983,294.7546754358641
new_more,10000,GB1 0AC_00022 0 offwind-dc,0.11147085183850602,321.213764203916
new_more,10000,GB1 0AC_00025 0 offwind-dc,0.15510117906493293,9259.927453252305
new_more,10000,NL2 0AC_00004 0 offwind-dc,0.15183205650409648,7801.6055236029115
new_more,10000,NL2 0AC_00006 0 offwind-dc,0.1523096138771437,5522.7187741537755
new_more,10000,NL2 0AC_00007 0 offwind-dc,0.11144776215290753,316.7597751071873
new_more,10000,NO0 0AC_00009 0 offwind-dc,0.14990937482642985,2999.999999711305
new_more,10000,GB1 0AC_00008 0 offwind-float,0.1417400902554462,1.6965852078379784e-08
new_more,10000,NO0 0AC_00011 0 offwind-float,0.14161222604062895,1.3861651396026337e-08
new_more,10000,NO0 0AC_00023 0 offwind-float,0.14130037987370558,1.583488013163106e-08
new_more,10000,DK2 0AC_00004 0 offwind-ac,0.1501406486983058,3022.715591601063
new_more,10000,GB1 0AC_00000 0 offwind-ac,0.15396187272407902,6028.234543038843
new_more,10000,GB1 0AC_00002 0 offwind-ac,0.15202683577453913,5768.724092789051
new_more,10000,GB4 0AC_00009 0 offwind-ac,0.1560065228448404,100.85587442664612
new_more,10000,NO0 0AC_00008 0 offwind-ac,0.1414864810761013,1.9308453511690306e-08
new_more,10000,DE2 0AC_00002 0 offwind-dc,0.15188012454485134,6126.423170390541
new_more,10000,DE2 0AC_00003 0 offwind-dc,0.1518099460013027,5561.481742189233
new_more,10000,DK2 0AC_00002 0 offwind-dc,0.1192502641582801,6.917390167465119e-07
new_more,10000,DK2 0AC_00003 0 offwind-dc,0.1385834943642762,1.4236055706507973e-07
new_more,10000,GB1 0AC_00016 0 offwind-dc,0.1546450642369427,9894.759570339851
new_more,10000,NL2 0AC_00002 0 offwind-dc,0.11144776192560268,332.7922346453487
new_more,10000,GB1 0AC_00001 0 offwind-float,0.14887802260283645,2.6450204001368674e-08
new_more,10000,GB1 0AC_00003 0 offwind-float,0.14930362891893,2.1654578323547444e-08
new_more,10000,GB1 0AC_00005 0 offwind-float,0.14915229561825372,2.410591797511818e-08
new_more,10000,GB1 0AC_00020 0 offwind-float,0.1491966205966282,2.251965893498265e-08
new_more,10000,GB1 0AC_00023 0 offwind-float,0.14925170418029488,2.251717940840578e-08
new_more,10000,GB4 0AC_00000 0 offwind-float,0.14870994211891808,2.8125154367139626e-08
new_more,10000,NO0 0AC_00010 0 offwind-float,0.14897939706155172,1.900588852023167e-08
new_more,10000,NL2 0AC_00000 0 offwind-dc,0.13634009645044431,888.4935102401403
new_more,10000,NL2 0AC_00005 0 offwind-dc,0.14746831883478229,2456.023874197913
new_more,10000,GB4 0AC_00002 0 offwind-float,0.1552419007075435,3.673695614006708e-08
new_more,10000,GB4 0AC_00003 0 offwind-float,0.15528869051929872,3.6355025769522016e-08
new_more,10000,NO0 0AC_00000 0 offwind-float,0.1558922767811406,2.116185118134118e-08
new_more,10000,NO0 0AC_00004 0 offwind-float,0.15577998875920007,2.2320233902363047e-08
new_more,10000,NO0 0AC_00006 0 offwind-float,0.15580490321187412,2.2104430364539418e-08
new_more,10000,GB1 0AC_00004 0 offwind-float,0.16199892086336454,3.7481148862133716e-08
new_more,10000,GB1 0AC_00006 0 offwind-float,0.16214003770152552,3.563268822733572e-08
new_more,10000,GB1 0AC_00009 0 offwind-float,0.1621343108868074,3.607482424015746e-08
new_more,10000,GB1 0AC_00013 0 offwind-float,0.16238031814568532,3.2749351484384156e-08
new_more,10000,GB1 0AC_00014 0 offwind-float,0.1622435399236879,3.480422946686472e-08
new_more,10000,GB1 0AC_00015 0 offwind-float,0.1621911429966193,3.471323723631998e-08
new_more,10000,GB1 0AC_00018 0 offwind-float,0.16228207744240053,3.386372268937292e-08
new_more,10000,GB1 0AC_00021 0 offwind-float,0.16226131372964536,3.3983854982691516e-08
new_more,10000,GB4 0AC_00001 0 offwind-float,0.11305545278068341,1.2525822470383811e-06
new_more,10000,GB4 0AC_00010 0 offwind-float,0.16180023174971947,3.967307118165496e-08
new_more,10000,GB4 0AC_00011 0 offwind-float,0.1617729102025598,4.01373229690903e-08
new_more,10000,GB4 0AC_00012 0 offwind-float,0.16205963480683516,3.686810443006249e-08
new_more,10000,GB4 0AC_00013 0 offwind-float,0.16197353151827154,3.722942979283254e-08
new_more,10000,NO0 0AC_00001 0 offwind-float,0.16230772034623897,2.5057896022155766e-08
new_more,10000,NO0 0AC_00002 0 offwind-float,0.1623204435252229,2.4795457271778033e-08
new_more,10000,NO0 0AC_00003 0 offwind-float,0.16241766599236296,2.3751591588976457e-08
new_more,10000,NO0 0AC_00005 0 offwind-float,0.16221770384571854,2.5865232796955004e-08
base,1000,DE2 0AC_00040 0 offwind-float,0.0,8.32145805343685e-11
base,1000,DE2 0AC_00042 0 offwind-float,0.0,7.03744936868525e-11
base,1000,DK2 0AC_00000 0 offwind-float,0.0,1.3266750157234394e-10
base,1000,DK2 0AC_00003 0 offwind-float,0.0,1.297215458545515e-10
base,1000,DK2 0AC_00004 0 offwind-float,0.0,1.3192754326392706e-10
base,1000,DK2 0AC_00023 0 offwind-float,0.0,1.5270470955817775e-10
base,1000,DK2 0AC_00043 0 offwind-float,0.0,1.5571613472809868e-10
base,1000,DK2 0AC_00058 0 offwind-float,0.0,1.4729548738975935e-10
base,1000,DK2 0AC_00064 0 offwind-float,0.0,1.458213525944995e-10
base,1000,DK2 0AC_00069 0 offwind-float,0.0,1.147516727537238e-10
base,1000,DK2 0AC_00070 0 offwind-float,0.0,1.208241121458495e-10
base,1000,DK2 0AC_00075 0 offwind-float,0.0,1.5642551319130838e-10
base,1000,DK2 0AC_00076 0 offwind-float,0.0,1.535220224116722e-10
base,1000,GB1 0AC_00006 0 offwind-float,0.0,6.479174320832343e-11
base,1000,GB1 0AC_00009 0 offwind-float,0.0,1.9956354246916146e-10
base,1000,GB1 0AC_00011 0 offwind-float,0.0,1.4329772285143394e-10
base,1000,GB1 0AC_00015 0 offwind-float,0.0,1.8012484294685414e-10
base,1000,GB1 0AC_00016 0 offwind-float,0.0,1.5058941413149052e-10
base,1000,GB1 0AC_00020 0 offwind-float,0.0,1.7588080417277008e-10
base,1000,GB1 0AC_00022 0 offwind-float,0.0,1.582313130196166e-10
base,1000,GB1 0AC_00023 0 offwind-float,0.0,1.2068949566198248e-10
base,1000,GB1 0AC_00025 0 offwind-float,0.0,1.8901223092662384e-10
base,1000,GB1 0AC_00026 0 offwind-float,0.0,1.9103548043056076e-10
base,1000,GB1 0AC_00027 0 offwind-float,0.0,1.6431143791530168e-10
base,1000,GB1 0AC_00030 0 offwind-float,0.0,2.0777558470918967e-10
base,1000,GB1 0AC_00033 0 offwind-float,0.0,1.8423560991772907e-10
base,1000,GB1 0AC_00036 0 offwind-float,0.0,1.6930876034099326e-10
base,1000,GB1 0AC_00037 0 offwind-float,0.0,1.9681208085521695e-10
base,1000,GB1 0AC_00038 0 offwind-float,0.0,2.0273139292603594e-10
base,1000,GB1 0AC_00039 0 offwind-float,0.0,1.2526523507443803e-10
base,1000,GB1 0AC_00040 0 offwind-float,0.0,1.4820696829843772e-10
base,1000,GB1 0AC_00043 0 offwind-float,0.0,1.8365773889351503e-10
base,1000,GB1 0AC_00045 0 offwind-float,0.0,1.65101139000166e-10
base,1000,GB1 0AC_00046 0 offwind-float,0.0,1.6950512519458857e-10
base,1000,GB1 0AC_00047 0 offwind-float,0.0,1.3475018343077768e-10
base,1000,GB1 0AC_00048 0 offwind-float,0.0,1.6223402278961772e-10
base,1000,GB1 0AC_00049 0 offwind-float,0.0,1.624262392197041e-10
base,1000,GB1 0AC_00050 0 offwind-float,0.0,1.9721746432641049e-10
base,1000,GB1 0AC_00051 0 offwind-float,0.0,1.9305615770516323e-10
base,1000,GB1 0AC_00052 0 offwind-float,0.0,1.6571695122059674e-10
base,1000,GB1 0AC_00053 0 offwind-float,0.0,1.856207641427879e-10
base,1000,GB1 0AC_00054 0 offwind-float,0.0,1.3128102752102503e-10
base,1000,GB1 0AC_00055 0 offwind-float,0.0,1.729900995928861e-10
base,1000,GB1 0AC_00056 0 offwind-float,0.0,1.7404026357530774e-10
base,1000,GB1 0AC_00057 0 offwind-float,0.0,1.8968373486830574e-10
base,1000,GB1 0AC_00058 0 offwind-float,0.0,1.5209353002095628e-10
base,1000,GB1 0AC_00059 0 offwind-float,0.0,1.4074144581755815e-10
base,1000,GB1 0AC_00062 0 offwind-float,0.0,5.7276098937750147e-11
base,1000,GB1 0AC_00064 0 offwind-float,0.0,1.4930800733405942e-10
base,1000,GB1 0AC_00065 0 offwind-float,0.0,1.8728501104712882e-10
base,1000,GB1 0AC_00066 0 offwind-float,0.0,1.6742230383205037e-10
base,1000,GB1 0AC_00067 0 offwind-float,0.0,1.7199846102465705e-10
base,1000,GB1 0AC_00068 0 offwind-float,0.0,1.755465660837306e-10
base,1000,GB1 0AC_00069 0 offwind-float,0.0,1.9038085902387401e-10
base,1000,GB1 0AC_00070 0 offwind-float,0.0,1.9761271592170701e-10
base,1000,GB1 0AC_00071 0 offwind-float,0.0,1.460989740065851e-10
base,1000,GB1 0AC_00072 0 offwind-float,0.0,1.2462824976755506e-10
base,1000,GB1 0AC_00073 0 offwind-float,0.0,1.6316036195286794e-10
base,1000,GB1 0AC_00074 0 offwind-float,0.0,1.75122724697913e-10
base,1000,GB1 0AC_00078 0 offwind-float,0.0,1.8032575214942324e-10
base,1000,GB1 0AC_00079 0 offwind-float,0.0,1.748942085447874e-10
base,1000,GB1 0AC_00080 0 offwind-float,0.0,1.867580116654118e-10
base,1000,GB1 0AC_00081 0 offwind-float,0.0,1.6141738987811639e-10
base,1000,GB1 0AC_00082 0 offwind-float,0.0,1.4217119168002793e-10
base,1000,GB1 0AC_00083 0 offwind-float,0.0,1.6829551062578181e-10
base,1000,GB1 0AC_00084 0 offwind-float,0.0,1.7787071827573928e-10
base,1000,GB1 0AC_00086 0 offwind-float,0.0,1.5129090129297564e-10
base,1000,GB1 0AC_00087 0 offwind-float,0.0,1.6552669402793794e-10
base,1000,GB1 0AC_00088 0 offwind-float,0.0,1.7615514195754435e-10
base,1000,GB1 0AC_00089 0 offwind-float,0.0,1.8007912194124467e-10
base,1000,GB1 0AC_00090 0 offwind-float,0.0,1.864077335821448e-10
base,1000,GB1 0AC_00091 0 offwind-float,0.0,1.8246432574398645e-10
base,1000,GB1 0AC_00092 0 offwind-float,0.0,1.1415404575296724e-10
base,1000,GB1 0AC_00093 0 offwind-float,0.0,1.6004309399813542e-10
base,1000,GB1 0AC_00094 0 offwind-float,0.0,1.7350113762784598e-10
base,1000,GB1 0AC_00095 0 offwind-float,0.0,1.8459852804229725e-10
base,1000,GB1 0AC_00096 0 offwind-float,0.0,1.7079079020460231e-10
base,1000,GB1 0AC_00097 0 offwind-float,0.0,1.4251046092720142e-10
base,1000,GB1 0AC_00098 0 offwind-float,0.0,1.4056694462494677e-10
base,1000,GB1 0AC_00099 0 offwind-float,0.0,1.5790144820237736e-10
base,1000,GB1 0AC_00100 0 offwind-float,0.0,1.8627373870867905e-10
base,1000,GB1 0AC_00101 0 offwind-float,0.0,1.680338963457473e-10
base,1000,GB1 0AC_00102 0 offwind-float,0.0,1.74906239502442e-10
base,1000,GB1 0AC_00103 0 offwind-float,0.0,1.5877950632879073e-10
base,1000,GB1 0AC_00104 0 offwind-float,0.0,1.7799218432861336e-10
base,1000,GB1 0AC_00105 0 offwind-float,0.0,1.7632001993263796e-10
base,1000,GB1 0AC_00106 0 offwind-float,0.0,1.6149914252490867e-10
base,1000,GB1 0AC_00109 0 offwind-float,0.0,1.75141306856035e-10
base,1000,GB1 0AC_00110 0 offwind-float,0.0,1.5630385770729765e-10
base,1000,GB1 0AC_00111 0 offwind-float,0.0,1.6560583374235627e-10
base,1000,GB1 0AC_00112 0 offwind-float,0.0,1.8965199499869541e-10
base,1000,GB1 0AC_00113 0 offwind-float,0.0,1.4264972722701217e-10
base,1000,GB1 0AC_00114 0 offwind-float,0.0,1.5911687479618084e-10
base,1000,GB1 0AC_00115 0 offwind-float,0.0,1.6965664977064577e-10
base,1000,GB1 0AC_00117 0 offwind-float,0.0,1.7575446436492273e-10
base,1000,GB1 0AC_00118 0 offwind-float,0.0,1.5317989929096213e-10
base,1000,GB1 0AC_00119 0 offwind-float,0.0,1.4388657175886477e-10
base,1000,GB1 0AC_00120 0 offwind-float,0.0,1.6707598124381384e-10
base,1000,GB1 0AC_00121 0 offwind-float,0.0,1.6116136126001662e-10
base,1000,GB1 0AC_00122 0 offwind-float,0.0,1.541381000438574e-10
base,1000,GB1 0AC_00123 0 offwind-float,0.0,1.7045769178174998e-10
base,1000,GB1 0AC_00124 0 offwind-float,0.0,1.7930282387188225e-10
base,1000,GB1 0AC_00133 0 offwind-float,0.0,1.6616212287153799e-10
base,1000,GB1 0AC_00134 0 offwind-float,0.0,1.4643339387288763e-10
base,1000,GB1 0AC_00136 0 offwind-float,0.0,1.5816926346734904e-10
base,1000,GB1 0AC_00137 0 offwind-float,0.0,1.7363707020621027e-10
base,1000,GB1 0AC_00138 0 offwind-float,0.0,1.568052609369699e-10
base,1000,GB1 0AC_00140 0 offwind-float,0.0,1.4937737310652464e-10
base,1000,GB1 0AC_00141 0 offwind-float,0.0,1.5479140035915052e-10
base,1000,GB1 0AC_00142 0 offwind-float,0.0,1.6169134504982115e-10
base,1000,GB1 0AC_00143 0 offwind-float,0.0,1.703742041516259e-10
base,1000,GB1 0AC_00145 0 offwind-float,0.0,1.7648390979182197e-10
base,1000,GB1 0AC_00146 0 offwind-float,0.0,1.759126070878511e-10
base,1000,GB1 0AC_00149 0 offwind-float,0.0,1.587856543952398e-10
base,1000,GB1 0AC_00150 0 offwind-float,0.0,1.481698300787415e-10
base,1000,GB1 0AC_00151 0 offwind-float,0.0,1.7143904831085158e-10
base,1000,GB1 0AC_00152 0 offwind-float,0.0,1.6322171062804854e-10
base,1000,GB1 0AC_00153 0 offwind-float,0.0,1.694474491941632e-10
base,1000,GB1 0AC_00154 0 offwind-float,0.0,1.626447666160944e-10
base,1000,GB1 0AC_00157 0 offwind-float,0.0,1.5168340444089586e-10
base,1000,GB1 0AC_00158 0 offwind-float,0.0,1.651861405228266e-10
base,1000,GB1 0AC_00159 0 offwind-float,0.0,1.5878038819183814e-10
base,1000,GB1 0AC_00161 0 offwind-float,0.0,1.7409810456711975e-10
base,1000,GB1 0AC_00162 0 offwind-float,0.0,1.6909729116598815e-10
base,1000,GB1 0AC_00170 0 offwind-float,0.0,1.6235809378497825e-10
base,1000,GB1 0AC_00171 0 offwind-float,0.0,1.6054885588232393e-10
base,1000,GB1 0AC_00177 0 offwind-float,0.0,1.685460780339064e-10
base,1000,GB1 0AC_00178 0 offwind-float,0.0,1.682448227316582e-10
base,1000,GB1 0AC_00179 0 offwind-float,0.0,1.5837299822061848e-10
base,1000,GB1 0AC_00182 0 offwind-float,0.0,1.699330932293566e-10
base,1000,GB1 0AC_00185 0 offwind-float,0.0,1.6595028522244635e-10
base,1000,GB1 0AC_00187 0 offwind-float,0.0,1.575354034925468e-10
base,1000,GB1 0AC_00188 0 offwind-float,0.0,1.6022900734011157e-10
base,1000,GB1 0AC_00190 0 offwind-float,0.0,1.7240775001214517e-10
base,1000,GB1 0AC_00191 0 offwind-float,0.0,1.6412158725516034e-10
base,1000,GB1 0AC_00193 0 offwind-float,0.0,1.6182643913089742e-10
base,1000,GB1 0AC_00194 0 offwind-float,0.0,1.5989075645489666e-10
base,1000,GB1 0AC_00197 0 offwind-float,0.0,1.6389472877408273e-10
base,1000,GB1 0AC_00198 0 offwind-float,0.0,1.5657228568957584e-10
base,1000,GB1 0AC_00203 0 offwind-float,0.0,1.6720801649530577e-10
base,1000,GB1 0AC_00208 0 offwind-float,0.0,1.66504545846363e-10
base,1000,GB1 0AC_00211 0 offwind-float,0.0,1.5455689811341428e-10
base,1000,GB1 0AC_00212 0 offwind-float,0.0,1.6682415108925392e-10
base,1000,GB1 0AC_00213 0 offwind-float,0.0,1.5852827650216238e-10
base,1000,GB1 0AC_00219 0 offwind-float,0.0,1.583266790747129e-10
base,1000,GB1 0AC_00220 0 offwind-float,0.0,1.61035915417248e-10
base,1000,GB1 0AC_00224 0 offwind-float,0.0,1.666691752706026e-10
base,1000,GB1 0AC_00229 0 offwind-float,0.0,1.5461622739379945e-10
base,1000,GB1 0AC_00232 0 offwind-float,0.0,1.5817549304802351e-10
base,1000,GB1 0AC_00233 0 offwind-float,0.0,1.6447996627743082e-10
base,1000,GB1 0AC_00235 0 offwind-float,0.0,1.5945163313174943e-10
base,1000,GB1 0AC_00237 0 offwind-float,0.0,1.5969757050217844e-10
base,1000,GB1 0AC_00238 0 offwind-float,0.0,1.5787193356844324e-10
base,1000,GB1 0AC_00242 0 offwind-float,0.0,1.603273053631062e-10
base,1000,GB1 0AC_00245 0 offwind-float,0.0,1.5876709749193908e-10
base,1000,GB1 0AC_00250 0 offwind-float,0.0,1.6434270340156994e-10
base,1000,GB1 0AC_00258 0 offwind-float,0.0,1.562719503185202e-10
base,1000,GB1 0AC_00262 0 offwind-float,0.0,1.6042108324332698e-10
base,1000,GB1 0AC_00268 0 offwind-float,0.0,1.6151581630516543e-10
base,1000,GB4 0AC_00000 0 offwind-float,0.0,1.252475095600982e-10
base,1000,GB4 0AC_00004 0 offwind-float,0.0,7.32481333146108e-11
base,1000,GB4 0AC_00005 0 offwind-float,0.0,1.3808705118820336e-10
base,1000,GB4 0AC_00009 0 offwind-float,0.0,1.520420906080683e-10
base,1000,GB4 0AC_00010 0 offwind-float,0.0,1.5878047904829354e-10
base,1000,GB4 0AC_00011 0 offwind-float,0.0,1.5780010277801657e-10
base,1000,GB4 0AC_00013 0 offwind-float,0.0,1.6327536506238176e-10
base,1000,GB4 0AC_00015 0 offwind-float,0.0,1.566063476750323e-10
base,1000,GB4 0AC_00016 0 offwind-float,0.0,1.5377126530957429e-10
base,1000,GB4 0AC_00017 0 offwind-float,0.0,1.4916509435825736e-10
base,1000,GB4 0AC_00018 0 offwind-float,0.0,9.993026550007185e-11
base,1000,GB4 0AC_00029 0 offwind-float,0.0,1.5460967912185756e-10
base,1000,GB4 0AC_00031 0 offwind-float,0.0,1.5007311624353319e-10
base,1000,GB4 0AC_00032 0 offwind-float,0.0,1.6670975300698592e-10
base,1000,GB4 0AC_00034 0 offwind-float,0.0,1.536022045302537e-10
base,1000,GB4 0AC_00035 0 offwind-float,0.0,1.5204502717292458e-10
base,1000,GB4 0AC_00036 0 offwind-float,0.0,1.516678504806098e-10
base,1000,GB4 0AC_00037 0 offwind-float,0.0,1.6789003962678673e-10
base,1000,GB4 0AC_00038 0 offwind-float,0.0,1.5308504159883607e-10
base,1000,GB4 0AC_00039 0 offwind-float,0.0,1.5663519287137098e-10
base,1000,GB4 0AC_00040 0 offwind-float,0.0,1.5429020616069048e-10
base,1000,GB4 0AC_00041 0 offwind-float,0.0,1.638208979310042e-10
base,1000,GB4 0AC_00042 0 offwind-float,0.0,1.5942901257401458e-10
base,1000,GB4 0AC_00043 0 offwind-float,0.0,1.439871783989625e-10
base,1000,GB4 0AC_00044 0 offwind-float,0.0,1.5868375773082225e-10
base,1000,GB4 0AC_00045 0 offwind-float,0.0,1.506051541419183e-10
base,1000,GB4 0AC_00046 0 offwind-float,0.0,1.5147018834949474e-10
base,1000,GB4 0AC_00047 0 offwind-float,0.0,1.482106127285976e-10
base,1000,GB4 0AC_00048 0 offwind-float,0.0,1.5857827750048795e-10
base,1000,GB4 0AC_00049 0 offwind-float,0.0,1.5358121780739523e-10
base,1000,GB4 0AC_00050 0 offwind-float,0.0,1.5070580003064052e-10
base,1000,GB4 0AC_00051 0 offwind-float,0.0,1.5110620572485768e-10
base,1000,GB4 0AC_00052 0 offwind-float,0.0,1.60810253891494e-10
base,1000,GB4 0AC_00053 0 offwind-float,0.0,1.431832750227694e-10
base,1000,GB4 0AC_00054 0 offwind-float,0.0,1.5794899227695214e-10
base,1000,GB4 0AC_00055 0 offwind-float,0.0,1.5270184363891093e-10
base,1000,GB4 0AC_00056 0 offwind-float,0.0,1.4883234029349554e-10
base,1000,GB4 0AC_00057 0 offwind-float,0.0,1.4385304299135268e-10
base,1000,GB4 0AC_00058 0 offwind-float,0.0,1.5083836304246658e-10
base,1000,GB4 0AC_00059 0 offwind-float,0.0,1.4529133212783807e-10
base,1000,GB4 0AC_00060 0 offwind-float,0.0,1.4636617191133065e-10
base,1000,GB4 0AC_00061 0 offwind-float,0.0,1.4125411009833015e-10
base,1000,GB4 0AC_00062 0 offwind-float,0.0,1.439616946365655e-10
base,1000,GB4 0AC_00063 0 offwind-float,0.0,1.5160479681542387e-10
base,1000,GB4 0AC_00064 0 offwind-float,0.0,1.492976986228936e-10
base,1000,GB4 0AC_00065 0 offwind-float,0.0,1.443864386377274e-10
base,1000,GB4 0AC_00066 0 offwind-float,0.0,1.4201453026217464e-10
base,1000,GB4 0AC_00067 0 offwind-float,0.0,1.378241571499033e-10
base,1000,GB4 0AC_00068 0 offwind-float,0.0,1.419747488386939e-10
base,1000,GB4 0AC_00069 0 offwind-float,0.0,1.420417516511171e-10
base,1000,GB4 0AC_00070 0 offwind-float,0.0,1.3891741832268036e-10
base,1000,GB4 0AC_00071 0 offwind-float,0.0,1.4689208505248058e-10
base,1000,GB4 0AC_00072 0 offwind-float,0.0,1.440949515317046e-10
base,1000,GB4 0AC_00073 0 offwind-float,0.0,1.3861513494455152e-10
base,1000,GB4 0AC_00074 0 offwind-float,0.0,1.3827326526704373e-10
base,1000,GB4 0AC_00075 0 offwind-float,0.0,1.382239842829063e-10
base,1000,GB4 0AC_00076 0 offwind-float,0.0,1.4325899853634076e-10
base,1000,GB4 0AC_00077 0 offwind-float,0.0,1.4150289469313256e-10
base,1000,GB4 0AC_00078 0 offwind-float,0.0,1.3589239666747646e-10
base,1000,GB4 0AC_00079 0 offwind-float,0.0,1.4086903846110568e-10
base,1000,GB4 0AC_00080 0 offwind-float,0.0,1.3771743881653449e-10
base,1000,GB4 0AC_00081 0 offwind-float,0.0,1.4086111118747934e-10
base,1000,GB4 0AC_00082 0 offwind-float,0.0,1.3805845583587858e-10
base,1000,GB4 0AC_00083 0 offwind-float,0.0,1.343579250143567e-10
base,1000,GB4 0AC_00084 0 offwind-float,0.0,1.3696531771961903e-10
base,1000,GB4 0AC_00085 0 offwind-float,0.0,1.383988078084405e-10
base,1000,GB4 0AC_00086 0 offwind-float,0.0,1.3828032697974736e-10
base,1000,GB4 0AC_00087 0 offwind-float,0.0,1.4108231967430532e-10
base,1000,GB4 0AC_00088 0 offwind-float,0.0,1.350964232331835e-10
base,1000,GB4 0AC_00089 0 offwind-float,0.0,1.3540269000047556e-10
base,1000,NL2 0AC_00027 0 offwind-float,0.0,7.88529073962129e-11
base,1000,NL2 0AC_00060 0 offwind-float,0.0,4.810640627424505e-11
base,1000,NL2 0AC_00064 0 offwind-float,0.0,7.751667658650708e-11
base,1000,NL2 0AC_00074 0 offwind-float,0.0,6.765751259344874e-11
base,1000,NL2 0AC_00077 0 offwind-float,0.0,6.705915955102963e-11
base,1000,NL2 0AC_00079 0 offwind-float,0.0,5.147238029048299e-11
base,1000,NO0 0AC_00000 0 offwind-float,0.0,1.2541403645671828e-10
base,1000,NO0 0AC_00001 0 offwind-float,0.0,1.2565811595891472e-10
base,1000,NO0 0AC_00002 0 offwind-float,0.0,1.2376277807682785e-10
base,1000,NO0 0AC_00003 0 offwind-float,0.0,1.2349710046071235e-10
base,1000,NO0 0AC_00004 0 offwind-float,0.0,1.2389833780871217e-10
base,1000,NO0 0AC_00005 0 offwind-float,0.0,1.2458410666252026e-10
base,1000,NO0 0AC_00006 0 offwind-float,0.0,1.2284666095605303e-10
base,1000,NO0 0AC_00007 0 offwind-float,0.0,1.2061025984716647e-10
base,1000,NO0 0AC_00008 0 offwind-float,0.0,1.2245131144671492e-10
base,1000,NO0 0AC_00009 0 offwind-float,0.0,1.225687021575904e-10
base,1000,NO0 0AC_00010 0 offwind-float,0.0,1.20979122990869e-10
base,1000,NO0 0AC_00011 0 offwind-float,0.0,1.314810026912726e-10
base,1000,NO0 0AC_00012 0 offwind-float,0.0,1.2554813753798136e-10
base,1000,NO0 0AC_00013 0 offwind-float,0.0,1.248167044438527e-10
base,1000,NO0 0AC_00014 0 offwind-float,0.0,1.2259331123470153e-10
base,1000,NO0 0AC_00015 0 offwind-float,0.0,1.2125407378739076e-10
base,1000,NO0 0AC_00016 0 offwind-float,0.0,1.2292023825369619e-10
base,1000,NO0 0AC_00017 0 offwind-float,0.0,1.244502310014729e-10
base,1000,NO0 0AC_00018 0 offwind-float,0.0,1.2454279428740772e-10
base,1000,NO0 0AC_00019 0 offwind-float,0.0,1.2374111868264478e-10
base,1000,NO0 0AC_00020 0 offwind-float,0.0,1.2221764851901412e-10
base,1000,NO0 0AC_00021 0 offwind-float,0.0,1.209352860473924e-10
base,1000,NO0 0AC_00022 0 offwind-float,0.0,1.1890995393362025e-10
base,1000,NO0 0AC_00023 0 offwind-float,0.0,1.2109435871229217e-10
base,1000,NO0 0AC_00024 0 offwind-float,0.0,1.2259095988227048e-10
base,1000,NO0 0AC_00025 0 offwind-float,0.0,1.1991373490750122e-10
base,1000,NO0 0AC_00026 0 offwind-float,0.0,1.271592715984311e-10
base,1000,NO0 0AC_00027 0 offwind-float,0.0,1.29006906896255e-10
base,1000,NO0 0AC_00028 0 offwind-float,0.0,1.1865901962280552e-10
base,1000,NO0 0AC_00029 0 offwind-float,0.0,1.2170601746715424e-10
base,1000,NO0 0AC_00030 0 offwind-float,0.0,1.2390700069954886e-10
base,1000,NO0 0AC_00031 0 offwind-float,0.0,1.214860154289436e-10
base,1000,NO0 0AC_00032 0 offwind-float,0.0,1.2816122143235474e-10
base,1000,NO0 0AC_00033 0 offwind-float,0.0,1.2150352900786683e-10
base,1000,NO0 0AC_00034 0 offwind-float,0.0,1.2473986281114862e-10
base,1000,NO0 0AC_00035 0 offwind-float,0.0,1.2285027556624494e-10
base,1000,NO0 0AC_00036 0 offwind-float,0.0,1.3369267555135117e-10
base,1000,NO0 0AC_00037 0 offwind-float,0.0,1.296395732516016e-10
base,1000,NO0 0AC_00038 0 offwind-float,0.0,1.2365650556299097e-10
base,1000,NO0 0AC_00039 0 offwind-float,0.0,1.251242442020757e-10
base,1000,NO0 0AC_00040 0 offwind-float,0.0,1.188552711244172e-10
base,1000,NO0 0AC_00041 0 offwind-float,0.0,1.1570164364008373e-10
base,1000,NO0 0AC_00042 0 offwind-float,0.0,1.1932146797677895e-10
base,1000,NO0 0AC_00043 0 offwind-float,0.0,1.2406182245590614e-10
base,1000,NO0 0AC_00044 0 offwind-float,0.0,1.2953261240757843e-10
base,1000,NO0 0AC_00045 0 offwind-float,0.0,1.306165471518808e-10
base,1000,NO0 0AC_00046 0 offwind-float,0.0,1.2584509016332488e-10
base,1000,NO0 0AC_00047 0 offwind-float,0.0,1.2866892896913776e-10
base,1000,NO0 0AC_00048 0 offwind-float,0.0,1.212181428812437e-10
base,1000,NO0 0AC_00049 0 offwind-float,0.0,1.1906117625179252e-10
base,1000,NO0 0AC_00050 0 offwind-float,0.0,1.1819490173414374e-10
base,1000,NO0 0AC_00051 0 offwind-float,0.0,1.2926537582184903e-10
base,1000,NO0 0AC_00052 0 offwind-float,0.0,1.2595941370259795e-10
base,1000,NO0 0AC_00053 0 offwind-float,0.0,1.29997627851532e-10
base,1000,NO0 0AC_00054 0 offwind-float,0.0,1.305143362523926e-10
base,1000,NO0 0AC_00055 0 offwind-float,0.0,1.2258334036603057e-10
base,1000,NO0 0AC_00056 0 offwind-float,0.0,1.216471748244214e-10
base,1000,NO0 0AC_00057 0 offwind-float,0.0,1.198456656485366e-10
base,1000,NO0 0AC_00058 0 offwind-float,0.0,1.1642915549800503e-10
base,1000,NO0 0AC_00059 0 offwind-float,0.0,1.2366901076280136e-10
base,1000,NO0 0AC_00060 0 offwind-float,0.0,1.2013921223148773e-10
base,1000,NO0 0AC_00061 0 offwind-float,0.0,1.1493677966873941e-10
base,1000,NO0 0AC_00062 0 offwind-float,0.0,1.3084557052950285e-10
base,1000,NO0 0AC_00063 0 offwind-float,0.0,1.302883264150239e-10
base,1000,NO0 0AC_00064 0 offwind-float,0.0,1.2951159949865172e-10
base,1000,NO0 0AC_00065 0 offwind-float,0.0,1.3152674583491355e-10
base,1000,NO0 0AC_00066 0 offwind-float,0.0,1.2708241661168245e-10
base,1000,NO0 0AC_00067 0 offwind-float,0.0,1.3259738709325087e-10
base,1000,NO0 0AC_00068 0 offwind-float,0.0,1.2248064155279423e-10
base,1000,NO0 0AC_00069 0 offwind-float,0.0,8.908321318356365e-11
base,1000,NO0 0AC_00070 0 offwind-float,0.0,1.138775177051568e-10
base,1000,NO0 0AC_00071 0 offwind-float,0.0,1.2999649392346537e-10
base,1000,NO0 0AC_00072 0 offwind-float,0.0,1.3127577280151457e-10
base,1000,NO0 0AC_00074 0 offwind-float,0.0,1.320178612873671e-10
base,1000,NO0 0AC_00075 0 offwind-float,0.0,1.2793920565670272e-10
base,1000,NO0 0AC_00076 0 offwind-float,0.0,1.2311114018325565e-10
base,1000,NO0 0AC_00077 0 offwind-float,0.0,1.1759212016589667e-10
base,1000,NO0 0AC_00078 0 offwind-float,0.0,1.127336603176832e-10
base,1000,NO0 0AC_00079 0 offwind-float,0.0,1.2446162893784038e-10
base,1000,NO0 0AC_00080 0 offwind-float,0.0,1.3454780626280787e-10
base,1000,NO0 0AC_00081 0 offwind-float,0.0,1.318476442321927e-10
base,1000,NO0 0AC_00082 0 offwind-float,0.0,1.3284851669012406e-10
base,1000,NO0 0AC_00083 0 offwind-float,0.0,1.3000772448795806e-10
base,1000,NO0 0AC_00084 0 offwind-float,0.0,1.1209128725622219e-10
base,1000,NO0 0AC_00085 0 offwind-float,0.0,1.0612961171807185e-10
base,1000,NO0 0AC_00086 0 offwind-float,0.0,1.123874102950358e-10
base,1000,NO0 0AC_00087 0 offwind-float,0.0,1.3615953698178133e-10
base,1000,NO0 0AC_00088 0 offwind-float,0.0,1.350306772708998e-10
base,1000,NO0 0AC_00089 0 offwind-float,0.0,1.1978200660191827e-10
base,1000,NO0 0AC_00090 0 offwind-float,0.0,1.3678267991157836e-10
base,1000,NO0 0AC_00091 0 offwind-float,0.0,1.379329621740428e-10
base,1000,NO0 0AC_00092 0 offwind-float,0.0,1.246020109965399e-10
base,1000,NO0 0AC_00093 0 offwind-float,0.0,1.362898268319455e-10
base,1000,NO0 0AC_00094 0 offwind-float,0.0,1.108189289615451e-10
base,1000,NO0 0AC_00095 0 offwind-float,0.0,1.3302584746206598e-10
base,1000,NO0 0AC_00096 0 offwind-float,0.0,1.482149591021058e-10
base,1000,NO0 0AC_00097 0 offwind-float,0.0,1.4299227411307998e-10
base,1000,NO0 0AC_00098 0 offwind-float,0.0,1.3826508539061004e-10
base,1000,NO0 0AC_00099 0 offwind-float,0.0,1.330249205026424e-10
base,1000,NO0 0AC_00100 0 offwind-float,0.0,1.2466858803600589e-10
base,1000,NO0 0AC_00101 0 offwind-float,0.0,1.1987737135791427e-10
base,1000,NO0 0AC_00102 0 offwind-float,0.0,1.1320087927197647e-10
base,1000,NO0 0AC_00103 0 offwind-float,0.0,8.100602562179522e-11
base,1000,NO0 0AC_00105 0 offwind-float,0.0,1.3870359986064052e-10
base,1000,NO0 0AC_00106 0 offwind-float,0.0,1.4282357405092696e-10
base,1000,NO0 0AC_00107 0 offwind-float,0.0,1.4315383249621374e-10
base,1000,NO0 0AC_00108 0 offwind-float,0.0,1.2902493028467809e-10
base,1000,NO0 0AC_00109 0 offwind-float,0.0,1.3843069729228276e-10
base,1000,NO0 0AC_00110 0 offwind-float,0.0,1.1753726359840315e-10
base,1000,NO0 0AC_00111 0 offwind-float,0.0,7.552688052247427e-11
base,1000,NO0 0AC_00112 0 offwind-float,0.0,1.384816976768878e-10
base,1000,NO0 0AC_00113 0 offwind-float,0.0,1.0021476110231083e-10
base,1000,NO0 0AC_00114 0 offwind-float,0.0,8.402787131076607e-11
base,1000,NO0 0AC_00115 0 offwind-float,0.0,1.543844922186549e-10
base,1000,NO0 0AC_00116 0 offwind-float,0.0,1.3526480802275756e-10
base,1000,NO0 0AC_00117 0 offwind-float,0.0,1.4489423964353923e-10
base,1000,NO0 0AC_00118 0 offwind-float,0.0,1.433926275741824e-10
base,1000,NO0 0AC_00119 0 offwind-float,0.0,4.856577811147568e-11
base,1000,NO0 0AC_00121 0 offwind-float,0.0,4.269295556867897e-11
base,1000,NO0 0AC_00123 0 offwind-float,0.0,5.448225868279809e-11
base,1000,NO0 0AC_00125 0 offwind-float,0.0,8.691063071344528e-11
base,1000,NO0 0AC_00128 0 offwind-float,0.0,3.449052724915471e-11
base,1000,NO0 0AC_00129 0 offwind-float,0.0,4.6118561342023087e-11
base,1000,NO0 0AC_00131 0 offwind-float,0.0,1.4515438484297015e-10
base,1000,NO0 0AC_00132 0 offwind-float,0.0,1.4163923142976636e-10
base,1000,NO0 0AC_00133 0 offwind-float,0.0,1.5069354471905299e-10
base,1000,NO0 0AC_00134 0 offwind-float,0.0,1.540963080335641e-10
base,1000,NO0 0AC_00135 0 offwind-float,0.0,1.4161424803604986e-10
base,1000,NO0 0AC_00136 0 offwind-float,0.0,1.049101409043837e-10
base,1000,NO0 0AC_00138 0 offwind-float,0.0,1.0704967677561976e-10
base,1000,NO0 0AC_00139 0 offwind-float,0.0,1.0387538931261443e-10
base,1000,NO0 0AC_00140 0 offwind-float,0.0,4.0132155563279693e-11
base,1000,NO0 0AC_00141 0 offwind-float,0.0,8.7349603945812e-11
base,1000,NO0 0AC_00142 0 offwind-float,0.0,4.011371809126265e-11
base,1000,NO0 0AC_00143 0 offwind-float,0.0,3.775278144328245e-11
base,1000,NO0 0AC_00144 0 offwind-float,0.0,3.7946969614680205e-11
base,1000,NO0 0AC_00149 0 offwind-float,0.0,2.261677059157651e-11
base,1000,NO0 0AC_00150 0 offwind-float,0.0,2.4015150082840552e-11
base,1000,NO0 0AC_00151 0 offwind-float,0.0,2.6266839683161276e-11
base,1000,NO0 0AC_00152 0 offwind-float,0.0,2.159438758187973e-11
base,1000,NO0 0AC_00154 0 offwind-float,0.0,2.691635246952627e-11
base,1000,NO0 0AC_00155 0 offwind-float,0.0,1.5552937652822095e-10
base,1000,NO0 0AC_00156 0 offwind-float,0.0,1.290420269149115e-10
base,1000,NO0 0AC_00157 0 offwind-float,0.0,1.4640293720332243e-10
base,1000,NO0 0AC_00158 0 offwind-float,0.0,1.4084126545985718e-10
base,1000,NO0 0AC_00161 0 offwind-float,0.0,1.54643185094824e-10
base,1000,NO0 0AC_00163 0 offwind-float,0.0,5.5732945108242585e-11
base,1000,NO0 0AC_00166 0 offwind-float,0.0,1.496866296892747e-10
base,1000,NO0 0AC_00167 0 offwind-float,0.0,9.211766632869022e-11
base,1000,NO0 0AC_00169 0 offwind-float,0.0,5.725036704585832e-11
base,1000,NO0 0AC_00172 0 offwind-float,0.0,2.8168129194174613e-11
base,1000,NO0 0AC_00174 0 offwind-float,0.0,4.381924197556434e-11
base,1000,NO0 0AC_00176 0 offwind-float,0.0,2.0375339587630367e-11
base,1000,NO0 0AC_00177 0 offwind-float,0.0,2.9923183949818333e-11
base,1000,NO0 0AC_00178 0 offwind-float,0.0,1.5617627125448004e-10
base,1000,NO0 0AC_00181 0 offwind-float,0.0,1.5570888202108324e-10
base,1000,NO0 0AC_00182 0 offwind-float,0.0,1.5181306913291414e-10
base,1000,NO0 0AC_00184 0 offwind-float,0.0,1.5877097619774345e-10
base,1000,NO0 0AC_00185 0 offwind-float,0.0,1.476532054138331e-10
base,1000,NO0 0AC_00186 0 offwind-float,0.0,1.0965165776247098e-10
base,1000,NO0 0AC_00187 0 offwind-float,0.0,1.0327484674011457e-10
base,1000,NO0 0AC_00188 0 offwind-float,0.0,1.2357410346171445e-10
base,1000,NO0 0AC_00189 0 offwind-float,0.0,1.0044317510864677e-10
base,1000,NO0 0AC_00190 0 offwind-float,0.0,4.146152611130151e-11
base,1000,NO0 0AC_00191 0 offwind-float,0.0,1.5402011517756983e-10
base,1000,NO0 0AC_00197 0 offwind-float,0.0,1.554850189342553e-11
base,1000,NO0 0AC_00198 0 offwind-float,0.0,1.5693794627887634e-10
base,1000,NO0 0AC_00199 0 offwind-float,0.0,1.5843401686487294e-10
base,1000,NO0 0AC_00200 0 offwind-float,0.0,1.6284827543194129e-10
base,1000,NO0 0AC_00201 0 offwind-float,0.0,1.0262472821610618e-10
base,1000,NO0 0AC_00203 0 offwind-float,0.0,1.1413084625695303e-10
base,1000,NO0 0AC_00204 0 offwind-float,0.0,1.6435204698605917e-10
base,1000,NO0 0AC_00205 0 offwind-float,0.0,1.5756867618328783e-10
base,1000,NO0 0AC_00206 0 offwind-float,0.0,1.2778973660607266e-10
base,1000,NO0 0AC_00212 0 offwind-float,0.0,1.420247215003785e-10
base,1000,NO0 0AC_00214 0 offwind-float,0.0,1.1685191738942322e-10
base,1000,NO0 0AC_00215 0 offwind-float,0.0,1.567642102852005e-10
base,1000,NO0 0AC_00216 0 offwind-float,0.0,1.2697750580436977e-10
base,1000,NO0 0AC_00219 0 offwind-float,0.0,1.5518985784309825e-10
base,1000,NO0 0AC_00220 0 offwind-float,0.0,1.4926113738873683e-10
base,1000,NO0 0AC_00221 0 offwind-float,0.0,1.5465475621396276e-10
base,1000,NO0 0AC_00223 0 offwind-float,0.0,1.0810663882036075e-10
base,1000,NO0 0AC_00225 0 offwind-float,0.0,1.395734101422773e-10
base,1000,NO0 0AC_00228 0 offwind-float,0.0,1.3681913525409678e-10
base,1000,NO0 0AC_00229 0 offwind-float,0.0,1.1099054741236141e-10
base,1000,NO0 0AC_00230 0 offwind-float,0.0,1.2710387416434557e-10
base,1000,NO0 0AC_00232 0 offwind-float,0.0,1.059971479918499e-10
base,1000,NO0 0AC_00233 0 offwind-float,0.0,1.2882687952502528e-10
base,1000,NO0 0AC_00234 0 offwind-float,0.0,1.3501514213418267e-10
base,1000,NO0 0AC_00236 0 offwind-float,0.0,1.0690393917266512e-10
base,1000,NO0 0AC_00238 0 offwind-float,0.0,1.3852873984295995e-10
base,1000,NO0 0AC_00239 0 offwind-float,0.0,1.2674928662261705e-10
base,1000,NO0 0AC_00240 0 offwind-float,0.0,1.336902414613878e-10
base,1000,NO0 0AC_00241 0 offwind-float,0.0,1.1056595290769504e-10
base,1000,NO0 0AC_00242 0 offwind-float,0.0,1.1454723240102928e-10
base,1000,NO0 0AC_00245 0 offwind-float,0.0,6.967567644735366e-11
base,1000,BE2 0AC_00000 0 offwind-dc,0.0,2.887593566542854e-09
base,1000,BE2 0AC_00002 0 offwind-dc,0.0,2.0788053871253188e-09
base,1000,DE2 0AC_00000 0 offwind-dc,0.0,1411.809326272865
base,1000,DE2 0AC_00001 0 offwind-dc,0.0,4.886332569374732e-09
base,1000,DE2 0AC_00002 0 offwind-dc,0.0,3.810458859139816e-07
base,1000,DE2 0AC_00003 0 offwind-dc,0.0,1515.700861839241
base,1000,DE2 0AC_00004 0 offwind-dc,0.0,1.4673103395406411e-08
base,1000,DE2 0AC_00005 0 offwind-dc,0.0,415.75669196285725
base,1000,DE2 0AC_00006 0 offwind-dc,0.0,9.286603517289018e-09
base,1000,DE2 0AC_00007 0 offwind-dc,0.0,1.0928443036040356e-08
base,1000,DE2 0AC_00008 0 offwind-dc,0.0,3.8785181676893166e-08
base,1000,DE2 0AC_00009 0 offwind-dc,0.0,9.903649256248094e-09
base,1000,DE2 0AC_00010 0 offwind-dc,0.0,951.413511170092
base,1000,DE2 0AC_00011 0 offwind-dc,0.0,877.4038815978328
base,1000,DE2 0AC_00012 0 offwind-dc,0.0,1.0696227715913754e-08
base,1000,DE2 0AC_00013 0 offwind-dc,0.0,2693.9944733890325
base,1000,DE2 0AC_00014 0 offwind-dc,0.0,6.835705992017339e-09
base,1000,DE2 0AC_00015 0 offwind-dc,0.0,987.2397494704771
base,1000,DE2 0AC_00016 0 offwind-dc,0.0,1.344009479188432e-07
base,1000,DE2 0AC_00017 0 offwind-dc,0.0,1738.026758890009
base,1000,DE2 0AC_00018 0 offwind-dc,0.0,2311.363993706451
base,1000,DE2 0AC_00019 0 offwind-dc,0.0,1427.2357373675247
base,1000,DE2 0AC_00020 0 offwind-dc,0.0,1358.5526120155666
base,1000,DE2 0AC_00021 0 offwind-dc,0.0,2.0079183225363342e-08
base,1000,DE2 0AC_00022 0 offwind-dc,0.0,1.656363070933368e-09
base,1000,DE2 0AC_00023 0 offwind-dc,0.0,1920.2266435913791
base,1000,DE2 0AC_00024 0 offwind-dc,0.0,2237.4184118846374
base,1000,DE2 0AC_00025 0 offwind-dc,0.0,2266.0815161550113
base,1000,DE2 0AC_00026 0 offwind-dc,0.0,2.59334969718816e-09
base,1000,DE2 0AC_00028 0 offwind-dc,0.0,5.4625880977535377e-08
base,1000,DE2 0AC_00029 0 offwind-dc,0.0,2266.944156392497
base,1000,DE2 0AC_00030 0 offwind-dc,0.0,958.2570038026095
base,1000,DE2 0AC_00031 0 offwind-dc,0.0,165.19648549204618
base,1000,DE2 0AC_00032 0 offwind-dc,0.0,3.778635997747187e-08
base,1000,DE2 0AC_00033 0 offwind-dc,0.0,7.025456322427077e-09
base,1000,DE2 0AC_00034 0 offwind-dc,0.0,2.9108024079882016e-08
base,1000,DE2 0AC_00035 0 offwind-dc,0.0,78.13179806647736
base,1000,DE2 0AC_00036 0 offwind-dc,0.0,5.65217334171495e-09
base,1000,DE2 0AC_00037 0 offwind-dc,0.0,2.189555861160313e-09
base,1000,DE2 0AC_00038 0 offwind-dc,0.0,7.367741662432652e-09
base,1000,DE2 0AC_00043 0 offwind-dc,0.0,1.0620569289941366e-08
base,1000,DE2 0AC_00045 0 offwind-dc,0.0,7.635118641434145e-10
base,1000,DK2 0AC_00001 0 offwind-dc,0.0,7.430569152225182e-10
base,1000,DK2 0AC_00002 0 offwind-dc,0.0,7.856045566833535e-10
base,1000,DK2 0AC_00005 0 offwind-dc,0.0,7.288901914801172e-10
base,1000,DK2 0AC_00006 0 offwind-dc,0.0,1.0547754478181612e-09
base,1000,DK2 0AC_00007 0 offwind-dc,0.0,8.917977214647898e-10
base,1000,DK2 0AC_00008 0 offwind-dc,0.0,7.381718538375493e-10
base,1000,DK2 0AC_00009 0 offwind-dc,0.0,8.415635620636827e-10
base,1000,DK2 0AC_00010 0 offwind-dc,0.0,7.925675095358805e-10
base,1000,DK2 0AC_00011 0 offwind-dc,0.0,7.620640905768656e-10
base,1000,DK2 0AC_00012 0 offwind-dc,0.0,1.8797833199216654e-09
base,1000,DK2 0AC_00013 0 offwind-dc,0.0,9.46374120063725e-10
base,1000,DK2 0AC_00014 0 offwind-dc,0.0,8.742211579651088e-10
base,1000,DK2 0AC_00015 0 offwind-dc,0.0,1.3799352956160266e-09
base,1000,DK2 0AC_00016 0 offwind-dc,0.0,6.344016451918327e-10
base,1000,DK2 0AC_00017 0 offwind-dc,0.0,7.340809749567332e-10
base,1000,DK2 0AC_00018 0 offwind-dc,0.0,9.77853478355575e-10
base,1000,DK2 0AC_00019 0 offwind-dc,0.0,1.2815136283433166e-09
base,1000,DK2 0AC_00020 0 offwind-dc,0.0,8.504850477430346e-10
base,1000,DK2 0AC_00021 0 offwind-dc,0.0,1.1658289080917868e-09
base,1000,DK2 0AC_00022 0 offwind-dc,0.0,8.189775504273812e-10
base,1000,DK2 0AC_00024 0 offwind-dc,0.0,2.8817089304567372e-09
base,1000,DK2 0AC_00025 0 offwind-dc,0.0,8.410074507723691e-10
base,1000,DK2 0AC_00026 0 offwind-dc,0.0,9.380210740966734e-10
base,1000,DK2 0AC_00027 0 offwind-dc,0.0,1.0588377861350095e-09
base,1000,DK2 0AC_00028 0 offwind-dc,0.0,1.5586882519322697e-08
base,1000,DK2 0AC_00029 0 offwind-dc,0.0,1639.0692215894169
base,1000,DK2 0AC_00030 0 offwind-dc,0.0,7.218073374257999e-10
base,1000,DK2 0AC_00031 0 offwind-dc,0.0,9.48482405353844e-10
base,1000,DK2 0AC_00032 0 offwind-dc,0.0,1.6032372588254183e-09
base,1000,DK2 0AC_00033 0 offwind-dc,0.0,1.3154643020139365e-09
base,1000,DK2 0AC_00034 0 offwind-dc,0.0,1441.884779161453
base,1000,DK2 0AC_00035 0 offwind-dc,0.0,4.318775458354401e-10
base,1000,DK2 0AC_00036 0 offwind-dc,0.0,8.29631697642538e-10
base,1000,DK2 0AC_00037 0 offwind-dc,0.0,2.422466958395867e-09
base,1000,DK2 0AC_00038 0 offwind-dc,0.0,1.3810141680813764e-09
base,1000,DK2 0AC_00039 0 offwind-dc,0.0,1.0721427034630814e-09
base,1000,DK2 0AC_00040 0 offwind-dc,0.0,3.2556358989993212e-09
base,1000,DK2 0AC_00041 0 offwind-dc,0.0,1.7253074145001295e-09
base,1000,DK2 0AC_00042 0 offwind-dc,0.0,7.757501759433229e-10
base,1000,DK2 0AC_00044 0 offwind-dc,0.0,1667.1151781230003
base,1000,DK2 0AC_00045 0 offwind-dc,0.0,9.646953623758796e-10
base,1000,DK2 0AC_00046 0 offwind-dc,0.0,1.1712512595841891e-08
base,1000,DK2 0AC_00047 0 offwind-dc,0.0,1.1406923058903186e-09
base,1000,DK2 0AC_00048 0 offwind-dc,0.0,7.0255118863576e-09
base,1000,DK2 0AC_00050 0 offwind-dc,0.0,1057.4820795751716
base,1000,DK2 0AC_00054 0 offwind-dc,0.0,2.406081083229438e-09
base,1000,DK2 0AC_00056 0 offwind-dc,0.0,1.470969760192262e-09
base,1000,DK2 0AC_00073 0 offwind-dc,0.0,70.78018358027693
base,1000,FR2 0AC_00000 0 offwind-dc,0.0,167.99999999791785
base,1000,FR2 0AC_00001 0 offwind-dc,0.0,2.1101718883232324e-09
base,1000,GB1 0AC_00014 0 offwind-dc,0.0,1084.6557798088272
base,1000,GB1 0AC_00034 0 offwind-dc,0.0,2060.829320138384
base,1000,GB1 0AC_00042 0 offwind-dc,0.0,1236.9243670915093
base,1000,GB1 0AC_00044 0 offwind-dc,0.0,1577.3606394559545
base,1000,GB1 0AC_00139 0 offwind-dc,0.0,3.724272654804902e-09
base,1000,GB1 0AC_00144 0 offwind-dc,0.0,7.859919879946219e-09
base,1000,GB1 0AC_00147 0 offwind-dc,0.0,3.0333788720153712e-09
base,1000,GB1 0AC_00148 0 offwind-dc,0.0,7.391320125812771e-09
base,1000,GB1 0AC_00160 0 offwind-dc,0.0,1.9420102565142633e-08
base,1000,GB1 0AC_00163 0 offwind-dc,0.0,2.114024589604308e-08
base,1000,GB1 0AC_00164 0 offwind-dc,0.0,1.2106495723840952e-08
base,1000,GB1 0AC_00172 0 offwind-dc,0.0,9.4774517102712e-09
base,1000,GB1 0AC_00183 0 offwind-dc,0.0,3.806268726810314e-09
base,1000,GB1 0AC_00184 0 offwind-dc,0.0,2.2192328027196898e-08
base,1000,GB1 0AC_00186 0 offwind-dc,0.0,412.7051175511216
base,1000,GB1 0AC_00189 0 offwind-dc,0.0,1245.7730895762456
base,1000,GB1 0AC_00192 0 offwind-dc,0.0,4.99360520818457e-09
base,1000,GB1 0AC_00196 0 offwind-dc,0.0,5.680242468982186e-09
base,1000,GB1 0AC_00199 0 offwind-dc,0.0,2.0738471958460724e-09
base,1000,GB1 0AC_00200 0 offwind-dc,0.0,2.593519585014495e-08
base,1000,GB1 0AC_00201 0 offwind-dc,0.0,1.7165007183583086e-08
base,1000,GB1 0AC_00202 0 offwind-dc,0.0,2.3574891677042563e-09
base,1000,GB1 0AC_00205 0 offwind-dc,0.0,3.0743906569488524e-08
base,1000,GB1 0AC_00207 0 offwind-dc,0.0,2.6351415500211966e-09
base,1000,GB1 0AC_00209 0 offwind-dc,0.0,5.922132544569218e-09
base,1000,GB1 0AC_00210 0 offwind-dc,0.0,4.304996965287339e-09
base,1000,GB1 0AC_00214 0 offwind-dc,0.0,4.0409138754418655e-07
base,1000,GB1 0AC_00215 0 offwind-dc,0.0,8.166292829400796e-09
base,1000,GB1 0AC_00217 0 offwind-dc,0.0,921.4261295492123
base,1000,GB1 0AC_00218 0 offwind-dc,0.0,7.772409105299265e-09
base,1000,GB1 0AC_00221 0 offwind-dc,0.0,4.585048557947561e-09
base,1000,GB1 0AC_00222 0 offwind-dc,0.0,1.8518387064923072e-09
base,1000,GB1 0AC_00226 0 offwind-dc,0.0,423.5554603061643
base,1000,GB1 0AC_00227 0 offwind-dc,0.0,1.0848660243634182e-08
base,1000,GB1 0AC_00228 0 offwind-dc,0.0,2.884658002435543e-08
base,1000,GB1 0AC_00230 0 offwind-dc,0.0,621.9910219790773
base,1000,GB1 0AC_00231 0 offwind-dc,0.0,1.330050747301257e-09
base,1000,GB1 0AC_00234 0 offwind-dc,0.0,4.075546939744864e-09
base,1000,GB1 0AC_00236 0 offwind-dc,0.0,8.041033798019903e-09
base,1000,GB1 0AC_00239 0 offwind-dc,0.0,83.89051091337849
base,1000,GB1 0AC_00240 0 offwind-dc,0.0,5.773301558728302e-09
base,1000,GB1 0AC_00243 0 offwind-dc,0.0,7.644782780867058e-09
base,1000,GB1 0AC_00244 0 offwind-dc,0.0,1.8163171059953374e-09
base,1000,GB1 0AC_00246 0 offwind-dc,0.0,3.591237006758321e-09
base,1000,GB1 0AC_00247 0 offwind-dc,0.0,4.5933911226595855e-09
base,1000,GB1 0AC_00248 0 offwind-dc,0.0,83.49806845249414
base,1000,GB1 0AC_00249 0 offwind-dc,0.0,328.78617491801583
base,1000,GB1 0AC_00251 0 offwind-dc,0.0,1.609924908157395e-09
base,1000,GB1 0AC_00252 0 offwind-dc,0.0,1267.3368458135783
base,1000,GB1 0AC_00253 0 offwind-dc,0.0,4.716624492265264e-09
base,1000,GB1 0AC_00254 0 offwind-dc,0.0,1.3903181701485928e-08
base,1000,GB1 0AC_00255 0 offwind-dc,0.0,156.4422814521662
base,1000,GB1 0AC_00256 0 offwind-dc,0.0,5.938514870935195e-09
base,1000,GB1 0AC_00257 0 offwind-dc,0.0,1.6229958764223919e-09
base,1000,GB1 0AC_00259 0 offwind-dc,0.0,423.00030213754775
base,1000,GB1 0AC_00260 0 offwind-dc,0.0,160.92652605419553
base,1000,GB1 0AC_00261 0 offwind-dc,0.0,546.762260508066
base,1000,GB1 0AC_00263 0 offwind-dc,0.0,40.755799203948335
base,1000,GB1 0AC_00264 0 offwind-dc,0.0,377.87587755967013
base,1000,GB1 0AC_00265 0 offwind-dc,0.0,1057.405805888089
base,1000,GB1 0AC_00266 0 offwind-dc,0.0,5.628776981166799e-09
base,1000,GB1 0AC_00267 0 offwind-dc,0.0,2.6733044927026524e-09
base,1000,GB1 0AC_00269 0 offwind-dc,0.0,1827.785069878216
base,1000,GB1 0AC_00270 0 offwind-dc,0.0,8.307749224935143e-09
base,1000,GB1 0AC_00271 0 offwind-dc,0.0,1093.061338138658
base,1000,GB1 0AC_00272 0 offwind-dc,0.0,2.902587547459764e-09
base,1000,GB1 0AC_00273 0 offwind-dc,0.0,2294.8391204614886
base,1000,GB1 0AC_00274 0 offwind-dc,0.0,1721.5844685359746
base,1000,GB4 0AC_00002 0 offwind-dc,0.0,2.002596195483692e-09
base,1000,GB4 0AC_00003 0 offwind-dc,0.0,274.62435820788164
base,1000,GB4 0AC_00008 0 offwind-dc,0.0,8.205363747193651e-10
base,1000,GB4 0AC_00012 0 offwind-dc,0.0,1513.2250429698734
base,1000,NL2 0AC_00000 0 offwind-dc,0.0,4.488617395434843e-09
base,1000,NL2 0AC_00001 0 offwind-dc,0.0,60.05941185445592
base,1000,NL2 0AC_00003 0 offwind-dc,0.0,5.983966901856375e-09
base,1000,NL2 0AC_00004 0 offwind-dc,0.0,1.1684706135661072e-08
base,1000,NL2 0AC_00005 0 offwind-dc,0.0,339.4823002062329
base,1000,NL2 0AC_00006 0 offwind-dc,0.0,501.62400714415253
base,1000,NL2 0AC_00007 0 offwind-dc,0.0,1.154845706464621e-09
base,1000,NL2 0AC_00008 0 offwind-dc,0.0,2.6217967488504257e-09
base,1000,NL2 0AC_00009 0 offwind-dc,0.0,7.073342432212917e-09
base,1000,NL2 0AC_00010 0 offwind-dc,0.0,259.61133615222917
base,1000,NL2 0AC_00011 0 offwind-dc,0.0,2761.081218498465
base,1000,NL2 0AC_00012 0 offwind-dc,0.0,3.2938170446437007e-09
base,1000,NL2 0AC_00013 0 offwind-dc,0.0,131.82295905736783
base,1000,NL2 0AC_00014 0 offwind-dc,0.0,708.0720352135309
base,1000,NL2 0AC_00016 0 offwind-dc,0.0,128.34367971429276
base,1000,NL2 0AC_00017 0 offwind-dc,0.0,1720.6305768702957
base,1000,NL2 0AC_00018 0 offwind-dc,0.0,4.596483548470354e-09
base,1000,NL2 0AC_00019 0 offwind-dc,0.0,3.176799524066144e-09
base,1000,NL2 0AC_00020 0 offwind-dc,0.0,1395.774305286184
base,1000,NL2 0AC_00021 0 offwind-dc,0.0,943.3712606757102
base,1000,NL2 0AC_00022 0 offwind-dc,0.0,8.736257505635779e-09
base,1000,NL2 0AC_00023 0 offwind-dc,0.0,1.1257494223502295e-08
base,1000,NL2 0AC_00024 0 offwind-dc,0.0,3.2769545665638543e-09
base,1000,NL2 0AC_00025 0 offwind-dc,0.0,5.037596417927486e-09
base,1000,NL2 0AC_00026 0 offwind-dc,0.0,4.032558120874241e-09
base,1000,NL2 0AC_00028 0 offwind-dc,0.0,509.9785188949367
base,1000,NL2 0AC_00030 0 offwind-dc,0.0,3.7056339652727454e-09
base,1000,NL2 0AC_00031 0 offwind-dc,0.0,1960.7032272557406
base,1000,NL2 0AC_00032 0 offwind-dc,0.0,2.2321530443740284e-09
base,1000,NL2 0AC_00034 0 offwind-dc,0.0,1.5050738929481205e-08
base,1000,NL2 0AC_00035 0 offwind-dc,0.0,8.262845702719555e-09
base,1000,NL2 0AC_00036 0 offwind-dc,0.0,2.855988441816055e-09
base,1000,NL2 0AC_00040 0 offwind-dc,0.0,4.660951992916875e-09
base,1000,NL2 0AC_00041 0 offwind-dc,0.0,1.7465462883457805e-08
base,1000,NL2 0AC_00043 0 offwind-dc,0.0,4.615142130567662e-09
base,1000,NL2 0AC_00044 0 offwind-dc,0.0,2.4664188024614735e-09
base,1000,NL2 0AC_00045 0 offwind-dc,0.0,4.4937653255470655e-09
base,1000,NL2 0AC_00046 0 offwind-dc,0.0,4.0867527823683e-09
base,1000,NL2 0AC_00047 0 offwind-dc,0.0,3.9705364497170835e-09
base,1000,NL2 0AC_00050 0 offwind-dc,0.0,3.3104716512240794e-09
base,1000,NL2 0AC_00051 0 offwind-dc,0.0,4.859125865772694e-09
base,1000,NL2 0AC_00052 0 offwind-dc,0.0,6.362419907986961e-09
base,1000,NL2 0AC_00053 0 offwind-dc,0.0,8.85267332761495e-09
base,1000,NL2 0AC_00054 0 offwind-dc,0.0,5.565296310159873e-09
base,1000,NL2 0AC_00055 0 offwind-dc,0.0,3.1725848959015746e-09
base,1000,NL2 0AC_00057 0 offwind-dc,0.0,3.9599356625883445e-09
base,1000,NL2 0AC_00058 0 offwind-dc,0.0,4.176055347046924e-09
base,1000,NL2 0AC_00061 0 offwind-dc,0.0,5.828831800295835e-09
base,1000,NL2 0AC_00063 0 offwind-dc,0.0,4.015311746329021e-09
base,1000,NL2 0AC_00065 0 offwind-dc,0.0,5.003216943830591e-09
base,1000,NL2 0AC_00066 0 offwind-dc,0.0,4.225419831113549e-09
base,1000,NL2 0AC_00067 0 offwind-dc,0.0,4.104861458639986e-09
base,1000,NL2 0AC_00068 0 offwind-dc,0.0,1.0174363529484832e-08
base,1000,NL2 0AC_00069 0 offwind-dc,0.0,6.6987083686701784e-09
base,1000,NL2 0AC_00070 0 offwind-dc,0.0,6.799413704126989e-09
base,1000,NL2 0AC_00071 0 offwind-dc,0.0,1760.666037935687
base,1000,NL2 0AC_00072 0 offwind-dc,0.0,775.8868420059752
base,1000,NL2 0AC_00073 0 offwind-dc,0.0,4.376832089187349e-09
base,1000,NL2 0AC_00075 0 offwind-dc,0.0,7.797809778992746e-09
base,1000,NL2 0AC_00076 0 offwind-dc,0.0,1.6144302555437937e-08
base,1000,NL2 0AC_00081 0 offwind-dc,0.0,494.9479664153212
base,1000,NL2 0AC_00082 0 offwind-dc,0.0,4.717841523265818e-08
base,1000,NL2 0AC_00084 0 offwind-dc,0.0,3.2799850152155854e-09
base,1000,NL2 0AC_00085 0 offwind-dc,0.0,1800.3695257563854
base,1000,NO0 0AC_00073 0 offwind-dc,0.0,1.221385781089373e-09
base,1000,NO0 0AC_00104 0 offwind-dc,0.0,1.8368435056113543e-09
base,1000,NO0 0AC_00137 0 offwind-dc,0.0,1.405367454363736e-08
base,1000,NO0 0AC_00159 0 offwind-dc,0.0,1736.0767727077273
base,1000,NO0 0AC_00160 0 offwind-dc,0.0,299.74182002107466
base,1000,NO0 0AC_00173 0 offwind-dc,0.0,964.1814072276669
base,1000,BE2 0AC_00001 0 offwind-ac,0.0,34.48721886915754
base,1000,BE2 0AC_00003 0 offwind-ac,0.0,1005.5127811259443
base,1000,DE2 0AC_00039 0 offwind-ac,0.0,10.673748084837207
base,1000,DE2 0AC_00041 0 offwind-ac,0.0,116.89464457212422
base,1000,DE2 0AC_00044 0 offwind-ac,0.0,6.52789364313748
base,1000,DE2 0AC_00046 0 offwind-ac,0.0,4.810960847983954e-09
base,1000,DE2 0AC_00047 0 offwind-ac,0.0,8.150099825003782
base,1000,DE2 0AC_00048 0 offwind-ac,0.0,4.096527284233348e-10
base,1000,DE2 0AC_00050 0 offwind-ac,0.0,3.7718762132325263e-10
base,1000,DE2 0AC_00053 0 offwind-ac,0.0,1.6278432284294038e-09
base,1000,DK2 0AC_00049 0 offwind-ac,0.0,2.715350966628591e-10
base,1000,DK2 0AC_00051 0 offwind-ac,0.0,1846.0157943598522
base,1000,DK2 0AC_00052 0 offwind-ac,0.0,252.669556287748
base,1000,DK2 0AC_00053 0 offwind-ac,0.0,998.2537046339337
base,1000,DK2 0AC_00055 0 offwind-ac,0.0,3.7136377839986854e-09
base,1000,DK2 0AC_00057 0 offwind-ac,0.0,23.545695873693735
base,1000,DK2 0AC_00059 0 offwind-ac,0.0,7.657908179606119e-09
base,1000,DK2 0AC_00060 0 offwind-ac,0.0,3.041095062154982e-10
base,1000,DK2 0AC_00061 0 offwind-ac,0.0,4.2511591823945705e-09
base,1000,DK2 0AC_00062 0 offwind-ac,0.0,7.214816838542359e-09
base,1000,DK2 0AC_00063 0 offwind-ac,0.0,2.2736465586189346e-09
base,1000,DK2 0AC_00065 0 offwind-ac,0.0,805.3538277784776
base,1000,DK2 0AC_00066 0 offwind-ac,0.0,7.035778599734785e-10
base,1000,DK2 0AC_00067 0 offwind-ac,0.0,2.971939505425567e-10
base,1000,DK2 0AC_00068 0 offwind-ac,0.0,189.7567468717174
base,1000,DK2 0AC_00071 0 offwind-ac,0.0,1.781790734570293e-09
base,1000,DK2 0AC_00072 0 offwind-ac,0.0,6.467031201445566e-10
base,1000,DK2 0AC_00074 0 offwind-ac,0.0,8.073232053361638
base,1000,GB1 0AC_00000 0 offwind-ac,0.0,1.7851465773016135e-10
base,1000,GB1 0AC_00001 0 offwind-ac,0.0,1.5484403917048323e-10
base,1000,GB1 0AC_00002 0 offwind-ac,0.0,936.3091879549733
base,1000,GB1 0AC_00005 0 offwind-ac,0.0,4.5651465971142164e-10
base,1000,GB1 0AC_00007 0 offwind-ac,0.0,1333.8629188073844
base,1000,GB1 0AC_00008 0 offwind-ac,0.0,9.941610919572079e-10
base,1000,GB1 0AC_00010 0 offwind-ac,0.0,1375.6199970309913
base,1000,GB1 0AC_00012 0 offwind-ac,0.0,9.790491849811937e-10
base,1000,GB1 0AC_00013 0 offwind-ac,0.0,579.4933242650674
base,1000,GB1 0AC_00017 0 offwind-ac,0.0,6.585555847444381e-10
base,1000,GB1 0AC_00018 0 offwind-ac,0.0,8.834837829061944e-10
base,1000,GB1 0AC_00019 0 offwind-ac,0.0,3.9329250292348176e-10
base,1000,GB1 0AC_00021 0 offwind-ac,0.0,1.0262950141636285e-09
base,1000,GB1 0AC_00024 0 offwind-ac,0.0,740.1310878076156
base,1000,GB1 0AC_00028 0 offwind-ac,0.0,997.0669697220023
base,1000,GB1 0AC_00029 0 offwind-ac,0.0,756.5426862672574
base,1000,GB1 0AC_00031 0 offwind-ac,0.0,422.72217266209583
base,1000,GB1 0AC_00032 0 offwind-ac,0.0,1.8460882432610451e-07
base,1000,GB1 0AC_00035 0 offwind-ac,0.0,340.16461279130414
base,1000,GB1 0AC_00041 0 offwind-ac,0.0,5.972267768482663e-10
base,1000,GB1 0AC_00060 0 offwind-ac,0.0,7.366936695950037e-10
base,1000,GB1 0AC_00061 0 offwind-ac,0.0,1.4518748246870765e-09
base,1000,GB1 0AC_00063 0 offwind-ac,0.0,1759.8769694675843
base,1000,GB1 0AC_00075 0 offwind-ac,0.0,168.50272161425616
base,1000,GB1 0AC_00085 0 offwind-ac,0.0,8.663930688445698e-09
base,1000,GB1 0AC_00107 0 offwind-ac,0.0,676.9242571187328
base,1000,GB1 0AC_00108 0 offwind-ac,0.0,191.30604651431722
base,1000,GB1 0AC_00116 0 offwind-ac,0.0,385.20975913104814
base,1000,GB1 0AC_00125 0 offwind-ac,0.0,1083.5509911290378
base,1000,GB1 0AC_00126 0 offwind-ac,0.0,1050.094662953301
base,1000,GB1 0AC_00127 0 offwind-ac,0.0,3.5730897945471063e-10
base,1000,GB1 0AC_00129 0 offwind-ac,0.0,3.752265428736734e-10
base,1000,GB1 0AC_00132 0 offwind-ac,0.0,230.53698866435167
base,1000,GB1 0AC_00135 0 offwind-ac,0.0,304.2951982039257
base,1000,GB1 0AC_00155 0 offwind-ac,0.0,545.2453169700902
base,1000,GB1 0AC_00156 0 offwind-ac,0.0,194.9330486810293
base,1000,GB1 0AC_00165 0 offwind-ac,0.0,375.46234951076286
base,1000,GB1 0AC_00169 0 offwind-ac,0.0,115.21432297879201
base,1000,GB1 0AC_00173 0 offwind-ac,0.0,774.2949213040099
base,1000,GB1 0AC_00174 0 offwind-ac,0.0,3.1904718525386904
base,1000,GB1 0AC_00180 0 offwind-ac,0.0,2.024845618616709e-09
base,1000,GB1 0AC_00181 0 offwind-ac,0.0,491.5426971281067
base,1000,GB1 0AC_00195 0 offwind-ac,0.0,334.07474691247273
base,1000,GB1 0AC_00204 0 offwind-ac,0.0,131.99670987832633
base,1000,GB1 0AC_00206 0 offwind-ac,0.0,129.32753783234804
base,1000,GB1 0AC_00216 0 offwind-ac,0.0,328.9804658840997
base,1000,GB1 0AC_00223 0 offwind-ac,0.0,23.472077797131195
base,1000,GB1 0AC_00225 0 offwind-ac,0.0,146.52151411294844
base,1000,GB1 0AC_00241 0 offwind-ac,0.0,6.716405125995729
base,1000,GB4 0AC_00006 0 offwind-ac,0.0,5.301789391677341
base,1000,GB4 0AC_00007 0 offwind-ac,0.0,8.675655368200092
base,1000,GB4 0AC_00026 0 offwind-ac,0.0,114.96276518655166
base,1000,GB4 0AC_00028 0 offwind-ac,0.0,100.85587442666656
base,1000,NL2 0AC_00002 0 offwind-ac,0.0,416.8271457783845
base,1000,NL2 0AC_00015 0 offwind-ac,0.0,425.06550981283306
base,1000,NL2 0AC_00029 0 offwind-ac,0.0,389.87861325580565
base,1000,NL2 0AC_00033 0 offwind-ac,0.0,454.39578419123546
base,1000,NL2 0AC_00037 0 offwind-ac,0.0,1.0764384485964437e-10
base,1000,NL2 0AC_00038 0 offwind-ac,0.0,209.5903382470195
base,1000,NL2 0AC_00039 0 offwind-ac,0.0,641.3072188783349
base,1000,NL2 0AC_00042 0 offwind-ac,0.0,761.6758702973005
base,1000,NL2 0AC_00048 0 offwind-ac,0.0,131.6575182213434
base,1000,NL2 0AC_00049 0 offwind-ac,0.0,4.523519931416405e-09
base,1000,NL2 0AC_00056 0 offwind-ac,0.0,905.0053655613202
base,1000,NL2 0AC_00059 0 offwind-ac,0.0,7.5663732898920975
base,1000,NL2 0AC_00062 0 offwind-ac,0.0,197.07452710086184
base,1000,NL2 0AC_00078 0 offwind-ac,0.0,1.3873196494717255
base,1000,NL2 0AC_00080 0 offwind-ac,0.0,76.34046410623257
base,1000,NL2 0AC_00083 0 offwind-ac,0.0,129.80274235260936
base,1000,NO0 0AC_00120 0 offwind-ac,0.0,8.256007970740994e-11
base,1000,NO0 0AC_00126 0 offwind-ac,0.0,2.759594643286732e-10
base,1000,NO0 0AC_00127 0 offwind-ac,0.0,9.116188092510158e-11
base,1000,NO0 0AC_00130 0 offwind-ac,0.0,1.8621566894831337e-10
base,1000,NO0 0AC_00146 0 offwind-ac,0.0,1.5369703829169848e-10
base,1000,NO0 0AC_00162 0 offwind-ac,0.0,3.8596402624869745e-10
base,1000,NO0 0AC_00168 0 offwind-ac,0.0,9.298676103910477e-10
base,1000,NO0 0AC_00179 0 offwind-ac,0.0,2.4006863124472745e-10
base,1000,NO0 0AC_00183 0 offwind-ac,0.0,1.2182224664003712e-10
base,1000,NO0 0AC_00208 0 offwind-ac,0.0,2.7828023734229173e-10
base,1000,NO0 0AC_00209 0 offwind-ac,0.0,1.1394310842665297e-10
base,1000,NO0 0AC_00224 0 offwind-ac,0.0,1.1681485335288273e-10
base,1000,NO0 0AC_00235 0 offwind-ac,0.0,2.062718672207514e-10
base,1000,NO0 0AC_00243 0 offwind-ac,0.0,2.338728041744099e-10
base,1000,NO0 0AC_00246 0 offwind-ac,0.0,2.7024371179792434e-10
standard,1000,DE2 0AC_00040 0 offwind-float,0.11452096798487499,1.4254472636783452e-12
standard,1000,DE2 0AC_00042 0 offwind-float,0.11450000000000005,1.3602922496377128e-12
standard,1000,DK2 0AC_00000 0 offwind-float,0.11452371541248862,1.2843398351446132e-12
standard,1000,DK2 0AC_00003 0 offwind-float,0.11449999999999994,1.2826819969833818e-12
standard,1000,DK2 0AC_00004 0 offwind-float,0.11452109875981142,1.2957926550169168e-12
standard,1000,DK2 0AC_00023 0 offwind-float,0.1145204611221361,1.5247195328338462e-12
standard,1000,DK2 0AC_00043 0 offwind-float,0.11450000000000016,1.498499581454238e-12
standard,1000,DK2 0AC_00058 0 offwind-float,0.11452010928605816,1.5181994427391934e-12
standard,1000,DK2 0AC_00064 0 offwind-float,0.11449999999999994,1.5461475560943223e-12
standard,1000,DK2 0AC_00069 0 offwind-float,0.11458512255666098,1.5159068316995203e-12
standard,1000,DK2 0AC_00070 0 offwind-float,0.11456419381073879,1.502790103892429e-12
standard,1000,DK2 0AC_00075 0 offwind-float,0.11450000000000005,1.4637914843257792e-12
standard,1000,DK2 0AC_00076 0 offwind-float,0.11454486429499477,1.439658375784608e-12
standard,1000,GB1 0AC_00006 0 offwind-float,0.11453202124736062,1.1345039789508579e-12
standard,1000,GB1 0AC_00009 0 offwind-float,0.11450000000000005,1.935293706193097e-12
standard,1000,GB1 0AC_00011 0 offwind-float,0.11450000000000016,1.4862372570891505e-12
standard,1000,GB1 0AC_00015 0 offwind-float,0.11456908164572721,1.7665089636472193e-12
standard,1000,GB1 0AC_00016 0 offwind-float,0.11457334618914616,1.5511858476905418e-12
standard,1000,GB1 0AC_00020 0 offwind-float,0.11452199058584733,1.7626929407139811e-12
standard,1000,GB1 0AC_00022 0 offwind-float,0.11454621413873634,1.5989214173014775e-12
standard,1000,GB1 0AC_00023 0 offwind-float,0.11454826929454265,1.4152353534797233e-12
standard,1000,GB1 0AC_00025 0 offwind-float,0.11454580363698419,1.8515148426068257e-12
standard,1000,GB1 0AC_00026 0 offwind-float,0.11461540685526506,1.8664222785762178e-12
standard,1000,GB1 0AC_00027 0 offwind-float,0.11449999999999994,1.6631941871276967e-12
standard,1000,GB1 0AC_00030 0 offwind-float,0.11454413386408568,1.9686251116009155e-12
standard,1000,GB1 0AC_00033 0 offwind-float,0.11456788297065035,1.791944751983471e-12
standard,1000,GB1 0AC_00036 0 offwind-float,0.11452340878459943,1.6848216746476163e-12
standard,1000,GB1 0AC_00037 0 offwind-float,0.1145234169912992,1.9099522758021286e-12
standard,1000,GB1 0AC_00038 0 offwind-float,0.11452328203917761,1.95798606591593e-12
standard,1000,GB1 0AC_00039 0 offwind-float,0.11449999999999982,1.5208026319846756e-12
standard,1000,GB1 0AC_00040 0 offwind-float,0.11462026255276003,1.5339311711218483e-12
standard,1000,GB1 0AC_00043 0 offwind-float,0.11454521418047081,1.7832432673464325e-12
standard,1000,GB1 0AC_00045 0 offwind-float,0.1146377076903311,1.670914835784217e-12
standard,1000,GB1 0AC_00046 0 offwind-float,0.11454444064501035,1.6887852387265228e-12
standard,1000,GB1 0AC_00047 0 offwind-float,0.11452456980910364,1.4590366239197547e-12
standard,1000,GB1 0AC_00048 0 offwind-float,0.11454602048661688,1.650660779002966e-12
standard,1000,GB1 0AC_00049 0 offwind-float,0.11454614983488576,1.643527677536371e-12
standard,1000,GB1 0AC_00050 0 offwind-float,0.11456891634107114,1.9010547569156413e-12
standard,1000,GB1 0AC_00051 0 offwind-float,0.11454512802118166,1.8862732313626446e-12
standard,1000,GB1 0AC_00052 0 offwind-float,0.11454466335452973,1.6716111745598992e-12
standard,1000,GB1 0AC_00053 0 offwind-float,0.11454504425159673,1.7623492610759046e-12
standard,1000,GB1 0AC_00054 0 offwind-float,0.11450000000000005,1.3886940515579138e-12
standard,1000,GB1 0AC_00055 0 offwind-float,0.11456761023857254,1.6793820663776256e-12
standard,1000,GB1 0AC_00056 0 offwind-float,0.11454513725594895,1.7035954531531737e-12
standard,1000,GB1 0AC_00057 0 offwind-float,0.11454438763652042,1.8347643938613815e-12
standard,1000,GB1 0AC_00058 0 offwind-float,0.11454405531809742,1.5716588755867408e-12
standard,1000,GB1 0AC_00059 0 offwind-float,0.11454858918857314,1.4737617309641923e-12
standard,1000,GB1 0AC_00062 0 offwind-float,0.11450000000000005,1.2770528170967353e-12
standard,1000,GB1 0AC_00064 0 offwind-float,0.11457156048264805,1.5260727970921104e-12
standard,1000,GB1 0AC_00065 0 offwind-float,0.11454296639483363,1.7740579897417054e-12
standard,1000,GB1 0AC_00066 0 offwind-float,0.11450000000000005,1.6739091908466686e-12
standard,1000,GB1 0AC_00067 0 offwind-float,0.11449999999999994,1.6856245368117953e-12
standard,1000,GB1 0AC_00068 0 offwind-float,0.11454637881235763,1.696907566247776e-12
standard,1000,GB1 0AC_00069 0 offwind-float,0.11456837843845147,1.8240085437099365e-12
standard,1000,GB1 0AC_00070 0 offwind-float,0.11449999999999994,1.862280331408416e-12
standard,1000,GB1 0AC_00071 0 offwind-float,0.11454966059005511,1.5010701757333236e-12
standard,1000,GB1 0AC_00072 0 offwind-float,0.11450000000000005,1.3686723888160468e-12
standard,1000,GB1 0AC_00073 0 offwind-float,0.11452388715686068,1.611707928533153e-12
standard,1000,GB1 0AC_00074 0 offwind-float,0.11452120576787328,1.6954406598188232e-12
standard,1000,GB1 0AC_00078 0 offwind-float,0.1145227331610078,1.7213331343994551e-12
standard,1000,GB1 0AC_00079 0 offwind-float,0.11458942491668345,1.695978484212365e-12
standard,1000,GB1 0AC_00080 0 offwind-float,0.11456778078860752,1.7631770840031393e-12
standard,1000,GB1 0AC_00081 0 offwind-float,0.11449999999999994,1.597815182210825e-12
standard,1000,GB1 0AC_00082 0 offwind-float,0.114573135382259,1.4527987680928825e-12
standard,1000,GB1 0AC_00083 0 offwind-float,0.11454531607542051,1.6636319775938316e-12
standard,1000,GB1 0AC_00084 0 offwind-float,0.11449999999999994,1.7211543288755232e-12
standard,1000,GB1 0AC_00086 0 offwind-float,0.11452363347212835,1.5417081121692865e-12
standard,1000,GB1 0AC_00087 0 offwind-float,0.11450000000000016,1.6350864773698796e-12
standard,1000,GB1 0AC_00088 0 offwind-float,0.11452171193904648,1.7022949020477747e-12
standard,1000,GB1 0AC_00089 0 offwind-float,0.11454482485151185,1.7127321154249875e-12
standard,1000,GB1 0AC_00090 0 offwind-float,0.1145450153639942,1.7602932730807522e-12
standard,1000,GB1 0AC_00091 0 offwind-float,0.11452283907106697,1.7449619909211661e-12
standard,1000,GB1 0AC_00092 0 offwind-float,0.11457272469489854,1.4527539298809229e-12
standard,1000,GB1 0AC_00093 0 offwind-float,0.11450000000000016,1.5933321690436023e-12
standard,1000,GB1 0AC_00094 0 offwind-float,0.11452184671620558,1.7005695777657974e-12
standard,1000,GB1 0AC_00095 0 offwind-float,0.11449999999999994,1.7956588714878677e-12
standard,1000,GB1 0AC_00096 0 offwind-float,0.11452252587323197,1.6672654490082028e-12
standard,1000,GB1 0AC_00097 0 offwind-float,0.11461858964442007,1.4800481675263681e-12
standard,1000,GB1 0AC_00098 0 offwind-float,0.11450000000000005,1.4749251239781022e-12
standard,1000,GB1 0AC_00099 0 offwind-float,0.11452388431751326,1.5595171438355465e-12
standard,1000,GB1 0AC_00100 0 offwind-float,0.11454708928462143,1.7897068661018387e-12
standard,1000,GB1 0AC_00101 0 offwind-float,0.11452255356790164,1.6442106829012342e-12
standard,1000,GB1 0AC_00102 0 offwind-float,0.11454217634952968,1.6829528359937399e-12
standard,1000,GB1 0AC_00103 0 offwind-float,0.11452176972710337,1.5926193337137108e-12
standard,1000,GB1 0AC_00104 0 offwind-float,0.11452342431056206,1.7170028458271952e-12
standard,1000,GB1 0AC_00105 0 offwind-float,0.11452229936960356,1.6837316866173566e-12
standard,1000,GB1 0AC_00106 0 offwind-float,0.11452316827998277,1.6183410736624422e-12
standard,1000,GB1 0AC_00109 0 offwind-float,0.11457055897284396,1.6966854222541526e-12
standard,1000,GB1 0AC_00110 0 offwind-float,0.11454535486378004,1.536783447178051e-12
standard,1000,GB1 0AC_00111 0 offwind-float,0.1145217822696416,1.646291671261798e-12
standard,1000,GB1 0AC_00112 0 offwind-float,0.11456673376007198,1.7727179858815294e-12
standard,1000,GB1 0AC_00113 0 offwind-float,0.11454484523437336,1.492014426309246e-12
standard,1000,GB1 0AC_00114 0 offwind-float,0.11450000000000016,1.6000963055217514e-12
standard,1000,GB1 0AC_00115 0 offwind-float,0.11450000000000005,1.667570798347691e-12
standard,1000,GB1 0AC_00117 0 offwind-float,0.11461483527728511,1.6823166242667453e-12
standard,1000,GB1 0AC_00118 0 offwind-float,0.11454319861970952,1.5579709935163142e-12
standard,1000,GB1 0AC_00119 0 offwind-float,0.1145234214583789,1.48633938226186e-12
standard,1000,GB1 0AC_00120 0 offwind-float,0.11454619095751706,1.646462697257101e-12
standard,1000,GB1 0AC_00121 0 offwind-float,0.11452142611835814,1.6109741400361442e-12
standard,1000,GB1 0AC_00122 0 offwind-float,0.11454719677322756,1.5320635104117242e-12
standard,1000,GB1 0AC_00123 0 offwind-float,0.11452175269842146,1.6743384020037267e-12
standard,1000,GB1 0AC_00124 0 offwind-float,0.11452224790578847,1.707716346055638e-12
standard,1000,GB1 0AC_00133 0 offwind-float,0.11454568321029601,1.6329983845245894e-12
standard,1000,GB1 0AC_00134 0 offwind-float,0.11450000000000005,1.508629353505152e-12
standard,1000,GB1 0AC_00136 0 offwind-float,0.11452234443633058,1.5824924361129866e-12
standard,1000,GB1 0AC_00137 0 offwind-float,0.1145435636373453,1.6595206063596577e-12
standard,1000,GB1 0AC_00138 0 offwind-float,0.11449999999999982,1.5605536893812183e-12
standard,1000,GB1 0AC_00140 0 offwind-float,0.11454507578116924,1.5221855296939283e-12
standard,1000,GB1 0AC_00141 0 offwind-float,0.11450000000000016,1.548194693665754e-12
standard,1000,GB1 0AC_00142 0 offwind-float,0.11452348526584899,1.614801744151295e-12
standard,1000,GB1 0AC_00143 0 offwind-float,0.1145215283124349,1.6645263134904343e-12
standard,1000,GB1 0AC_00145 0 offwind-float,0.11452390685057778,1.6890842411550037e-12
standard,1000,GB1 0AC_00146 0 offwind-float,0.11456698434565304,1.7117112090450702e-12
standard,1000,GB1 0AC_00149 0 offwind-float,0.11459024876431512,1.5619616792293859e-12
standard,1000,GB1 0AC_00150 0 offwind-float,0.1145213929372837,1.5278948511916383e-12
standard,1000,GB1 0AC_00151 0 offwind-float,0.11452239677242326,1.6505181932209026e-12
standard,1000,GB1 0AC_00152 0 offwind-float,0.11452230019602094,1.6292710988914334e-12
standard,1000,GB1 0AC_00153 0 offwind-float,0.11450000000000005,1.6451754385224684e-12
standard,1000,GB1 0AC_00154 0 offwind-float,0.11452138159184444,1.590652804483619e-12
standard,1000,GB1 0AC_00157 0 offwind-float,0.11454354672751343,1.5428661981096733e-12
standard,1000,GB1 0AC_00158 0 offwind-float,0.11452321730233439,1.6387943863830514e-12
standard,1000,GB1 0AC_00159 0 offwind-float,0.11454326771858059,1.5804379479610027e-12
standard,1000,GB1 0AC_00161 0 offwind-float,0.11456792296253537,1.6578446764643785e-12
standard,1000,GB1 0AC_00162 0 offwind-float,0.1145699283697168,1.6645866770019281e-12
standard,1000,GB1 0AC_00170 0 offwind-float,0.11452297252906429,1.6147218730182959e-12
standard,1000,GB1 0AC_00171 0 offwind-float,0.11452327585905275,1.605390044258555e-12
standard,1000,GB1 0AC_00177 0 offwind-float,0.11452420112062156,1.6293698742793884e-12
standard,1000,GB1 0AC_00178 0 offwind-float,0.11452318379536575,1.6231773484517633e-12
standard,1000,GB1 0AC_00179 0 offwind-float,0.11450000000000016,1.5753035046487047e-12
standard,1000,GB1 0AC_00182 0 offwind-float,0.11450000000000005,1.6413046376250942e-12
standard,1000,GB1 0AC_00185 0 offwind-float,0.11452204574220126,1.615990575316382e-12
standard,1000,GB1 0AC_00187 0 offwind-float,0.11454501385698979,1.5743198365910725e-12
standard,1000,GB1 0AC_00188 0 offwind-float,0.11449999999999994,1.5928516257804018e-12
standard,1000,GB1 0AC_00190 0 offwind-float,0.11452239524615315,1.6392090602516388e-12
standard,1000,GB1 0AC_00191 0 offwind-float,0.11454515738037652,1.5948013333621918e-12
standard,1000,GB1 0AC_00193 0 offwind-float,0.11450000000000005,1.601673067877928e-12
standard,1000,GB1 0AC_00194 0 offwind-float,0.11450000000000027,1.5835071640805636e-12
standard,1000,GB1 0AC_00197 0 offwind-float,0.11452170960466967,1.6069151096752004e-12
standard,1000,GB1 0AC_00198 0 offwind-float,0.11450000000000016,1.576561085641542e-12
standard,1000,GB1 0AC_00203 0 offwind-float,0.11452202410439927,1.6337561583294235e-12
standard,1000,GB1 0AC_00208 0 offwind-float,0.11454553264425005,1.603728596595982e-12
standard,1000,GB1 0AC_00211 0 offwind-float,0.11454341394969414,1.5635567128692477e-12
standard,1000,GB1 0AC_00212 0 offwind-float,0.11452337614912,1.630706744066232e-12
standard,1000,GB1 0AC_00213 0 offwind-float,0.11452267393048743,1.5820103778615706e-12
standard,1000,GB1 0AC_00219 0 offwind-float,0.11454540478556341,1.568143743545791e-12
standard,1000,GB1 0AC_00220 0 offwind-float,0.11449999999999982,1.5947910842242688e-12
standard,1000,GB1 0AC_00224 0 offwind-float,0.11452365902369677,1.6094897918198842e-12
standard,1000,GB1 0AC_00229 0 offwind-float,0.11450000000000016,1.565007848612451e-12
standard,1000,GB1 0AC_00232 0 offwind-float,0.11452340321321774,1.5718628656832676e-12
standard,1000,GB1 0AC_00233 0 offwind-float,0.11452175981444024,1.614361622780734e-12
standard,1000,GB1 0AC_00235 0 offwind-float,0.11452216861120201,1.580180122006835e-12
standard,1000,GB1 0AC_00237 0 offwind-float,0.1145228817521251,1.5823659174333558e-12
standard,1000,GB1 0AC_00238 0 offwind-float,0.11452327094283954,1.5672072887229597e-12
standard,1000,GB1 0AC_00242 0 offwind-float,0.11452355883890564,1.5680509901827215e-12
standard,1000,GB1 0AC_00245 0 offwind-float,0.11454347469117021,1.561155759799222e-12
standard,1000,GB1 0AC_00250 0 offwind-float,0.11459056031542114,1.5968258517476303e-12
standard,1000,GB1 0AC_00258 0 offwind-float,0.11450000000000016,1.5574775718450473e-12
standard,1000,GB1 0AC_00262 0 offwind-float,0.11452357182226325,1.5725567120140318e-12
standard,1000,GB1 0AC_00268 0 offwind-float,0.11452176811081771,1.576754055583248e-12
standard,1000,GB4 0AC_00000 0 offwind-float,0.114524380385148,1.353466970560529e-12
standard,1000,GB4 0AC_00004 0 offwind-float,0.11449999999999994,1.5052951672448353e-12
standard,1000,GB4 0AC_00005 0 offwind-float,0.11456779688500529,1.4263132376473852e-12
standard,1000,GB4 0AC_00009 0 offwind-float,0.11452247655420911,1.5708903289881523e-12
standard,1000,GB4 0AC_00010 0 offwind-float,0.11449999999999982,1.6311417741769382e-12
standard,1000,GB4 0AC_00011 0 offwind-float,0.1145452762890743,1.606326468206168e-12
standard,1000,GB4 0AC_00013 0 offwind-float,0.11454366155406592,1.6268249531697698e-12
standard,1000,GB4 0AC_00015 0 offwind-float,0.11452229600408126,1.6088872873240388e-12
standard,1000,GB4 0AC_00016 0 offwind-float,0.11452226865884407,1.5938416517728936e-12
standard,1000,GB4 0AC_00017 0 offwind-float,0.11458639117039382,1.5440037909002994e-12
standard,1000,GB4 0AC_00018 0 offwind-float,0.11450000000000005,1.6414595360196632e-12
standard,1000,GB4 0AC_00029 0 offwind-float,0.11454459657199834,1.591125554326562e-12
standard,1000,GB4 0AC_00031 0 offwind-float,0.11454615612280339,1.5270286636171773e-12
standard,1000,GB4 0AC_00032 0 offwind-float,0.11450000000000016,1.6705535852140624e-12
standard,1000,GB4 0AC_00034 0 offwind-float,0.114543904040458,1.595117620581507e-12
standard,1000,GB4 0AC_00035 0 offwind-float,0.11456508852623093,1.5740107077718878e-12
standard,1000,GB4 0AC_00036 0 offwind-float,0.11454280344406231,1.5345944502496641e-12
standard,1000,GB4 0AC_00037 0 offwind-float,0.11450000000000005,1.6566876185995815e-12
standard,1000,GB4 0AC_00038 0 offwind-float,0.11458670412539163,1.572555945210307e-12
standard,1000,GB4 0AC_00039 0 offwind-float,0.11450000000000016,1.6141477126470605e-12
standard,1000,GB4 0AC_00040 0 offwind-float,0.11454437378270743,1.5718583332424624e-12
standard,1000,GB4 0AC_00041 0 offwind-float,0.11454281447898607,1.6534996247221428e-12
standard,1000,GB4 0AC_00042 0 offwind-float,0.1145649675475724,1.6150557528918848e-12
standard,1000,GB4 0AC_00043 0 offwind-float,0.11452275018436198,1.4915130597983154e-12
standard,1000,GB4 0AC_00044 0 offwind-float,0.11454377683490313,1.5906981334062725e-12
standard,1000,GB4 0AC_00045 0 offwind-float,0.11450000000000005,1.5426900273962043e-12
standard,1000,GB4 0AC_00046 0 offwind-float,0.11456281095483101,1.5527295864620014e-12
standard,1000,GB4 0AC_00047 0 offwind-float,0.11454446517735761,1.5191448043940614e-12
standard,1000,GB4 0AC_00048 0 offwind-float,0.11452244994399607,1.6201969522450235e-12
standard,1000,GB4 0AC_00049 0 offwind-float,0.11454326126945813,1.5564679970890767e-12
standard,1000,GB4 0AC_00050 0 offwind-float,0.11456470550700637,1.5221036241624098e-12
standard,1000,GB4 0AC_00051 0 offwind-float,0.114520861382993,1.5199251678535448e-12
standard,1000,GB4 0AC_00052 0 offwind-float,0.11450000000000027,1.5960181714973559e-12
standard,1000,GB4 0AC_00053 0 offwind-float,0.11458845585498822,1.4469408455242267e-12
standard,1000,GB4 0AC_00054 0 offwind-float,0.11456650567431192,1.574635285184026e-12
standard,1000,GB4 0AC_00055 0 offwind-float,0.11454539816468612,1.5814529667163645e-12
standard,1000,GB4 0AC_00056 0 offwind-float,0.11456616940626585,1.5316105048301857e-12
standard,1000,GB4 0AC_00057 0 offwind-float,0.11459216044780662,1.474923970758817e-12
standard,1000,GB4 0AC_00058 0 offwind-float,0.11452126838724441,1.5212754199399639e-12
standard,1000,GB4 0AC_00059 0 offwind-float,0.11452317372348741,1.4827850706957804e-12
standard,1000,GB4 0AC_00060 0 offwind-float,0.11456724883368063,1.5025415771308874e-12
standard,1000,GB4 0AC_00061 0 offwind-float,0.11452293511808109,1.446885253806264e-12
standard,1000,GB4 0AC_00062 0 offwind-float,0.11454397303143882,1.4935881570251024e-12
standard,1000,GB4 0AC_00063 0 offwind-float,0.11449999999999982,1.5499231390924888e-12
standard,1000,GB4 0AC_00064 0 offwind-float,0.11452353915772207,1.5222169663771801e-12
standard,1000,GB4 0AC_00065 0 offwind-float,0.11452239090839444,1.4709332867730891e-12
standard,1000,GB4 0AC_00066 0 offwind-float,0.11450000000000016,1.4664579995271217e-12
standard,1000,GB4 0AC_00067 0 offwind-float,0.11452310755418704,1.4336172856010538e-12
standard,1000,GB4 0AC_00068 0 offwind-float,0.11450000000000005,1.480838861402569e-12
standard,1000,GB4 0AC_00069 0 offwind-float,0.11459115870416647,1.4704811234031364e-12
standard,1000,GB4 0AC_00070 0 offwind-float,0.11452293612949949,1.4141172180243552e-12
standard,1000,GB4 0AC_00071 0 offwind-float,0.11450000000000016,1.5084830195350604e-12
standard,1000,GB4 0AC_00072 0 offwind-float,0.11452369874139767,1.4971946656436083e-12
standard,1000,GB4 0AC_00073 0 offwind-float,0.11452366910440015,1.452692278004217e-12
standard,1000,GB4 0AC_00074 0 offwind-float,0.11454581092247484,1.4501622185015623e-12
standard,1000,GB4 0AC_00075 0 offwind-float,0.11454426384046379,1.4300421395037585e-12
standard,1000,GB4 0AC_00076 0 offwind-float,0.11449999999999982,1.4811807519083574e-12
standard,1000,GB4 0AC_00077 0 offwind-float,0.11449999999999982,1.4082460004443108e-12
standard,1000,GB4 0AC_00078 0 offwind-float,0.1145472455626696,1.4240961409771169e-12
standard,1000,GB4 0AC_00079 0 offwind-float,0.11454603141156727,1.4719808134314298e-12
standard,1000,GB4 0AC_00080 0 offwind-float,0.11456994780251462,1.3965044694514398e-12
standard,1000,GB4 0AC_00081 0 offwind-float,0.1145454582468326,1.4632756737938139e-12
standard,1000,GB4 0AC_00082 0 offwind-float,0.11450000000000027,1.4126711020562726e-12
standard,1000,GB4 0AC_00083 0 offwind-float,0.11450000000000005,1.4139576340922625e-12
standard,1000,GB4 0AC_00084 0 offwind-float,0.11454568620690042,1.426963549307498e-12
standard,1000,GB4 0AC_00085 0 offwind-float,0.11454694843797808,1.4454908624326317e-12
standard,1000,GB4 0AC_00086 0 offwind-float,0.11452169612281271,1.4104671803304536e-12
standard,1000,GB4 0AC_00087 0 offwind-float,0.11459051391336517,1.4319495015525002e-12
standard,1000,GB4 0AC_00088 0 offwind-float,0.11452424565103747,1.4178688518797044e-12
standard,1000,GB4 0AC_00089 0 offwind-float,0.11454668355189024,1.4162154270316854e-12
standard,1000,NL2 0AC_00027 0 offwind-float,0.11454565473523592,1.4076113906205771e-12
standard,1000,NL2 0AC_00060 0 offwind-float,0.11450000000000005,1.0555738753706277e-12
standard,1000,NL2 0AC_00064 0 offwind-float,0.11450000000000016,1.3718583215648195e-12
standard,1000,NL2 0AC_00074 0 offwind-float,0.11452296928445616,1.3795991096182154e-12
standard,1000,NL2 0AC_00077 0 offwind-float,0.11452157266736662,1.3769683151985788e-12
standard,1000,NL2 0AC_00079 0 offwind-float,0.11452407201666981,1.2871388672960078e-12
standard,1000,NO0 0AC_00000 0 offwind-float,0.1145707266395265,1.2302353845552253e-12
standard,1000,NO0 0AC_00001 0 offwind-float,0.11452340568780017,1.2369748049540124e-12
standard,1000,NO0 0AC_00002 0 offwind-float,0.11450000000000005,1.2316819199601446e-12
standard,1000,NO0 0AC_00003 0 offwind-float,0.11450000000000005,1.2286196849829771e-12
standard,1000,NO0 0AC_00004 0 offwind-float,0.11452225014313466,1.234916317950305e-12
standard,1000,NO0 0AC_00005 0 offwind-float,0.11452230462630397,1.2374590157832706e-12
standard,1000,NO0 0AC_00006 0 offwind-float,0.11459053037712141,1.2321715161308976e-12
standard,1000,NO0 0AC_00007 0 offwind-float,0.11457108708366637,1.2027333950365084e-12
standard,1000,NO0 0AC_00008 0 offwind-float,0.11452266225473418,1.2155539664123659e-12
standard,1000,NO0 0AC_00009 0 offwind-float,0.11450000000000005,1.216798327229316e-12
standard,1000,NO0 0AC_00010 0 offwind-float,0.11450000000000027,1.2063347685984495e-12
standard,1000,NO0 0AC_00011 0 offwind-float,0.11452407297228784,1.2718508486391962e-12
standard,1000,NO0 0AC_00012 0 offwind-float,0.11452269125983605,1.2560265356264186e-12
standard,1000,NO0 0AC_00013 0 offwind-float,0.11449999999999982,1.252267443268987e-12
standard,1000,NO0 0AC_00014 0 offwind-float,0.11452199420156373,1.2224456925912804e-12
standard,1000,NO0 0AC_00015 0 offwind-float,0.11450000000000016,1.205923093463963e-12
standard,1000,NO0 0AC_00016 0 offwind-float,0.11450000000000016,1.2313829629044461e-12
standard,1000,NO0 0AC_00017 0 offwind-float,0.11454734758428875,1.2435111080027483e-12
standard,1000,NO0 0AC_00018 0 offwind-float,0.11452198981167006,1.2447769105865973e-12
standard,1000,NO0 0AC_00019 0 offwind-float,0.11457061994815432,1.2107895006856364e-12
standard,1000,NO0 0AC_00020 0 offwind-float,0.11450000000000005,1.2153907809007856e-12
standard,1000,NO0 0AC_00021 0 offwind-float,0.11452299924720533,1.197625601823731e-12
standard,1000,NO0 0AC_00022 0 offwind-float,0.11454563645241922,1.1909506796728504e-12
standard,1000,NO0 0AC_00023 0 offwind-float,0.11454898650469203,1.2062277765978267e-12
standard,1000,NO0 0AC_00024 0 offwind-float,0.11454744864001343,1.2238082463661528e-12
standard,1000,NO0 0AC_00025 0 offwind-float,0.1145694370306487,1.1921240607679978e-12
standard,1000,NO0 0AC_00026 0 offwind-float,0.11450000000000005,1.2752682130830489e-12
standard,1000,NO0 0AC_00027 0 offwind-float,0.11454665891671134,1.2632754387673512e-12
standard,1000,NO0 0AC_00028 0 offwind-float,0.11459184770939224,1.1865186332664883e-12
standard,1000,NO0 0AC_00029 0 offwind-float,0.1145227961034202,1.195924043923301e-12
standard,1000,NO0 0AC_00030 0 offwind-float,0.11452202108698184,1.2510912815758403e-12
standard,1000,NO0 0AC_00031 0 offwind-float,0.11461503280457586,1.2150007513196134e-12
standard,1000,NO0 0AC_00032 0 offwind-float,0.11452203758854296,1.2844767682682165e-12
standard,1000,NO0 0AC_00033 0 offwind-float,0.11450000000000027,1.2175090333744744e-12
standard,1000,NO0 0AC_00034 0 offwind-float,0.11452269062283926,1.2262811095641493e-12
standard,1000,NO0 0AC_00035 0 offwind-float,0.11450000000000005,1.2146689737092724e-12
standard,1000,NO0 0AC_00036 0 offwind-float,0.11454516052876051,1.3085291405308126e-12
standard,1000,NO0 0AC_00037 0 offwind-float,0.11454553508241816,1.2831325057049878e-12
standard,1000,NO0 0AC_00038 0 offwind-float,0.11452352066292759,1.2363721943124553e-12
standard,1000,NO0 0AC_00039 0 offwind-float,0.11452253433208215,1.2442433113962943e-12
standard,1000,NO0 0AC_00040 0 offwind-float,0.11452480867825987,1.1914181288540048e-12
standard,1000,NO0 0AC_00041 0 offwind-float,0.11452428432237893,1.139279211067355e-12
standard,1000,NO0 0AC_00042 0 offwind-float,0.11454865041180373,1.1742167087997367e-12
standard,1000,NO0 0AC_00043 0 offwind-float,0.11452321621396722,1.2198211946398808e-12
standard,1000,NO0 0AC_00044 0 offwind-float,0.1145671161118943,1.2920589997589718e-12
standard,1000,NO0 0AC_00045 0 offwind-float,0.11459182669613888,1.2843392014738237e-12
standard,1000,NO0 0AC_00046 0 offwind-float,0.11450000000000016,1.2546128563302604e-12
standard,1000,NO0 0AC_00047 0 offwind-float,0.11454468016147734,1.2786207862708394e-12
standard,1000,NO0 0AC_00048 0 offwind-float,0.114522387819459,1.20686419986979e-12
standard,1000,NO0 0AC_00049 0 offwind-float,0.11457372954020639,1.1696996682617524e-12
standard,1000,NO0 0AC_00050 0 offwind-float,0.11452474882688823,1.1634224859537667e-12
standard,1000,NO0 0AC_00051 0 offwind-float,0.1145224820698395,1.2691799427882059e-12
standard,1000,NO0 0AC_00052 0 offwind-float,0.11454631364304668,1.2514169887238273e-12
standard,1000,NO0 0AC_00053 0 offwind-float,0.11450000000000027,1.2963775940819706e-12
standard,1000,NO0 0AC_00054 0 offwind-float,0.11452363363608731,1.3074219911725626e-12
standard,1000,NO0 0AC_00055 0 offwind-float,0.11454734441045322,1.2286288074205209e-12
standard,1000,NO0 0AC_00056 0 offwind-float,0.11450000000000027,1.2182670615632777e-12
standard,1000,NO0 0AC_00057 0 offwind-float,0.1145950234715255,1.1802614890580152e-12
standard,1000,NO0 0AC_00058 0 offwind-float,0.11457351798487414,1.1434013320852183e-12
standard,1000,NO0 0AC_00059 0 offwind-float,0.11454535728040405,1.230129717567272e-12
standard,1000,NO0 0AC_00060 0 offwind-float,0.11452441308815609,1.1888143407911624e-12
standard,1000,NO0 0AC_00061 0 offwind-float,0.11450000000000005,1.1395310047129062e-12
standard,1000,NO0 0AC_00062 0 offwind-float,0.11454599385173547,1.2817269948882243e-12
standard,1000,NO0 0AC_00063 0 offwind-float,0.11450000000000005,1.3091015664184606e-12
standard,1000,NO0 0AC_00064 0 offwind-float,0.1145443601133288,1.2695963580079786e-12
standard,1000,NO0 0AC_00065 0 offwind-float,0.11452158741802043,1.306972162157833e-12
standard,1000,NO0 0AC_00066 0 offwind-float,0.11454784411594676,1.2593961205172038e-12
standard,1000,NO0 0AC_00067 0 offwind-float,0.11456734231903842,1.2926187573162155e-12
standard,1000,NO0 0AC_00068 0 offwind-float,0.11452317408190316,1.2263420049186126e-12
standard,1000,NO0 0AC_00069 0 offwind-float,0.11460462941730043,1.0565039836567396e-12
standard,1000,NO0 0AC_00070 0 offwind-float,0.11452478277793732,1.1205221153205665e-12
standard,1000,NO0 0AC_00071 0 offwind-float,0.11456820277448221,1.2941511547742368e-12
standard,1000,NO0 0AC_00072 0 offwind-float,0.11452197310645673,1.2910993666901105e-12
standard,1000,NO0 0AC_00074 0 offwind-float,0.1145456052854551,1.3109264683346204e-12
standard,1000,NO0 0AC_00075 0 offwind-float,0.11456675461563715,1.2782487604543087e-12
standard,1000,NO0 0AC_00076 0 offwind-float,0.1145470454443801,1.2412064442778017e-12
standard,1000,NO0 0AC_00077 0 offwind-float,0.11449999999999994,1.1772098773702845e-12
standard,1000,NO0 0AC_00078 0 offwind-float,0.11454759692545657,1.1216995947394636e-12
standard,1000,NO0 0AC_00079 0 offwind-float,0.11454610450857539,1.2254778172067618e-12
standard,1000,NO0 0AC_00080 0 offwind-float,0.1145216947170179,1.3253924333153602e-12
standard,1000,NO0 0AC_00081 0 offwind-float,0.11450000000000016,1.3104108710937183e-12
standard,1000,NO0 0AC_00082 0 offwind-float,0.1145210210191876,1.3202123097398074e-12
standard,1000,NO0 0AC_00083 0 offwind-float,0.11452188148269649,1.2907866325201204e-12
standard,1000,NO0 0AC_00084 0 offwind-float,0.11459922015170332,1.1189772536595286e-12
standard,1000,NO0 0AC_00085 0 offwind-float,0.11455129835587519,1.0742038292455083e-12
standard,1000,NO0 0AC_00086 0 offwind-float,0.1145740606508826,1.1223657683648674e-12
standard,1000,NO0 0AC_00087 0 offwind-float,0.11454660469564282,1.3390294672334283e-12
standard,1000,NO0 0AC_00088 0 offwind-float,0.11450000000000016,1.3247877550728571e-12
standard,1000,NO0 0AC_00089 0 offwind-float,0.11452237630517181,1.2112599033769077e-12
standard,1000,NO0 0AC_00090 0 offwind-float,0.11452239160522704,1.3397018105812242e-12
standard,1000,NO0 0AC_00091 0 offwind-float,0.11454427635589748,1.358028558315399e-12
standard,1000,NO0 0AC_00092 0 offwind-float,0.11450000000000016,1.2618604120439132e-12
standard,1000,NO0 0AC_00093 0 offwind-float,0.11452128553969243,1.3499034638812896e-12
standard,1000,NO0 0AC_00094 0 offwind-float,0.11454881422493368,1.1042814054334724e-12
standard,1000,NO0 0AC_00095 0 offwind-float,0.11452323429401345,1.3220530133499736e-12
standard,1000,NO0 0AC_00096 0 offwind-float,0.11450000000000016,1.3514758999618997e-12
standard,1000,NO0 0AC_00097 0 offwind-float,0.11450000000000005,1.3526020352267022e-12
standard,1000,NO0 0AC_00098 0 offwind-float,0.11449999999999982,1.3712474291729515e-12
standard,1000,NO0 0AC_00099 0 offwind-float,0.11452262533638224,1.3073559723821338e-12
standard,1000,NO0 0AC_00100 0 offwind-float,0.11452370982231819,1.2346057498991045e-12
standard,1000,NO0 0AC_00101 0 offwind-float,0.11454980455014208,1.1366670751172427e-12
standard,1000,NO0 0AC_00102 0 offwind-float,0.11455236885464248,1.067743048414309e-12
standard,1000,NO0 0AC_00103 0 offwind-float,0.11458927055762569,9.353716322659751e-13
standard,1000,NO0 0AC_00105 0 offwind-float,0.1145226987038871,1.3557606831837518e-12
standard,1000,NO0 0AC_00106 0 offwind-float,0.11454442588208247,1.4067586595252032e-12
standard,1000,NO0 0AC_00107 0 offwind-float,0.11452197709989986,1.3903729917611393e-12
standard,1000,NO0 0AC_00108 0 offwind-float,0.11452182591090476,1.2624809747225823e-12
standard,1000,NO0 0AC_00109 0 offwind-float,0.11452234572800546,1.3491180238005522e-12
standard,1000,NO0 0AC_00110 0 offwind-float,0.11454780903788608,1.1623177972828965e-12
standard,1000,NO0 0AC_00111 0 offwind-float,0.11452583536604655,1.0559085995492167e-12
standard,1000,NO0 0AC_00112 0 offwind-float,0.11450000000000016,1.372879810475001e-12
standard,1000,NO0 0AC_00113 0 offwind-float,0.11452430080230958,1.1575886884795603e-12
standard,1000,NO0 0AC_00114 0 offwind-float,0.11455237597313472,1.0729368840813537e-12
standard,1000,NO0 0AC_00115 0 offwind-float,0.11454129474770314,1.4286373497439159e-12
standard,1000,NO0 0AC_00116 0 offwind-float,0.11452261884059278,1.2917176338056318e-12
standard,1000,NO0 0AC_00117 0 offwind-float,0.11449999999999982,1.3650190456690138e-12
standard,1000,NO0 0AC_00118 0 offwind-float,0.11452265220579372,1.395164202567909e-12
standard,1000,NO0 0AC_00119 0 offwind-float,0.11468512887033644,6.991151033332903e-13
standard,1000,NO0 0AC_00121 0 offwind-float,0.11467960502256025,7.910212951744034e-13
standard,1000,NO0 0AC_00123 0 offwind-float,0.11472552471430242,7.814426107355076e-13
standard,1000,NO0 0AC_00125 0 offwind-float,0.11458704579238721,9.340759096889897e-13
standard,1000,NO0 0AC_00128 0 offwind-float,0.11465157324857111,7.508122425152923e-13
standard,1000,NO0 0AC_00129 0 offwind-float,0.11465078026579889,9.018007363141525e-13
standard,1000,NO0 0AC_00131 0 offwind-float,0.11450000000000016,1.409421555174082e-12
standard,1000,NO0 0AC_00132 0 offwind-float,0.11452290308258162,1.3800950834680749e-12
standard,1000,NO0 0AC_00133 0 offwind-float,0.11450000000000016,1.4109532744271682e-12
standard,1000,NO0 0AC_00134 0 offwind-float,0.11449999999999994,1.4350160904257704e-12
standard,1000,NO0 0AC_00135 0 offwind-float,0.11454229289433582,1.3579026672033243e-12
standard,1000,NO0 0AC_00136 0 offwind-float,0.11450000000000005,1.2153788234432186e-12
standard,1000,NO0 0AC_00138 0 offwind-float,0.1145793924118097,1.047988041519374e-12
standard,1000,NO0 0AC_00139 0 offwind-float,0.11460991851612501,1.0302416913508172e-12
standard,1000,NO0 0AC_00140 0 offwind-float,0.11464318426927966,8.027470943576043e-13
standard,1000,NO0 0AC_00141 0 offwind-float,0.11465820914200398,8.974700754040614e-13
standard,1000,NO0 0AC_00142 0 offwind-float,0.1146200509527836,7.37564512294725e-13
standard,1000,NO0 0AC_00143 0 offwind-float,0.1146200509527836,7.407759012998514e-13
standard,1000,NO0 0AC_00144 0 offwind-float,0.1146200509527836,7.485055956856054e-13
standard,1000,NO0 0AC_00149 0 offwind-float,0.11638971580323298,3.0890752385789367e-13
standard,1000,NO0 0AC_00150 0 offwind-float,0.11554340887830383,4.1183096057165067e-13
standard,1000,NO0 0AC_00151 0 offwind-float,0.11534921563608247,4.313732548141344e-13
standard,1000,NO0 0AC_00152 0 offwind-float,0.11540275926434773,4.358654763406682e-13
standard,1000,NO0 0AC_00154 0 offwind-float,0.11533477075437115,4.817178954614112e-13
standard,1000,NO0 0AC_00155 0 offwind-float,0.11454165156921936,1.4561616362450792e-12
standard,1000,NO0 0AC_00156 0 offwind-float,0.11452247789570746,1.2859132880138074e-12
standard,1000,NO0 0AC_00157 0 offwind-float,0.11449999999999994,1.4334489670705684e-12
standard,1000,NO0 0AC_00158 0 offwind-float,0.11454342205555257,1.3630217747548092e-12
standard,1000,NO0 0AC_00161 0 offwind-float,0.11451972125779442,1.4715395108872286e-12
standard,1000,NO0 0AC_00163 0 offwind-float,0.11473185186943724,7.193846688662847e-13
standard,1000,NO0 0AC_00166 0 offwind-float,0.114520420929343,1.4440266206715902e-12
standard,1000,NO0 0AC_00167 0 offwind-float,0.11456925860157896,1.2711981231432728e-12
standard,1000,NO0 0AC_00169 0 offwind-float,0.11483917903180152,6.954694141991191e-13
standard,1000,NO0 0AC_00172 0 offwind-float,0.11564074636694188,4.552441941446435e-13
standard,1000,NO0 0AC_00174 0 offwind-float,0.11517870092869087,5.45086937937517e-13
standard,1000,NO0 0AC_00176 0 offwind-float,0.11592904994761566,4.142696593740097e-13
standard,1000,NO0 0AC_00177 0 offwind-float,0.11512130673425103,4.859467894946972e-13
standard,1000,NO0 0AC_00178 0 offwind-float,0.1145622821842528,1.4736070516082781e-12
standard,1000,NO0 0AC_00181 0 offwind-float,0.11452100089621298,1.4758954850094048e-12
standard,1000,NO0 0AC_00182 0 offwind-float,0.11458346729820545,1.4405135269519908e-12
standard,1000,NO0 0AC_00184 0 offwind-float,0.11450000000000005,1.5073662417351523e-12
standard,1000,NO0 0AC_00185 0 offwind-float,0.11456185941568875,1.4697648097177893e-12
standard,1000,NO0 0AC_00186 0 offwind-float,0.11452102147092735,1.3153862977861686e-12
standard,1000,NO0 0AC_00187 0 offwind-float,0.11456704792983918,1.2842573845073247e-12
standard,1000,NO0 0AC_00188 0 offwind-float,0.11452153421489453,1.3845301877604996e-12
standard,1000,NO0 0AC_00189 0 offwind-float,0.1145698033742647,1.1818510513522229e-12
standard,1000,NO0 0AC_00190 0 offwind-float,0.11461462879497442,9.424053699794032e-13
standard,1000,NO0 0AC_00191 0 offwind-float,0.11452069984816493,1.4856011704676003e-12
standard,1000,NO0 0AC_00197 0 offwind-float,0.1199100454317007,2.1522152548401323e-13
standard,1000,NO0 0AC_00198 0 offwind-float,0.11456033284597833,1.4943602941544278e-12
standard,1000,NO0 0AC_00199 0 offwind-float,0.11454102435494795,1.490540939306396e-12
standard,1000,NO0 0AC_00200 0 offwind-float,0.1145424143137127,1.5061655776875186e-12
standard,1000,NO0 0AC_00201 0 offwind-float,0.11450000000000016,1.3428645587956865e-12
standard,1000,NO0 0AC_00203 0 offwind-float,0.11450000000000027,1.2711161445441804e-12
standard,1000,NO0 0AC_00204 0 offwind-float,0.11456050178779076,1.5259887109526616e-12
standard,1000,NO0 0AC_00205 0 offwind-float,0.1145417716793038,1.5235256352118217e-12
standard,1000,NO0 0AC_00206 0 offwind-float,0.11456515797608002,1.4062838879250185e-12
standard,1000,NO0 0AC_00212 0 offwind-float,0.11456570072005035,1.3955620783545388e-12
standard,1000,NO0 0AC_00214 0 offwind-float,0.11454634657052898,1.2826178936688164e-12
standard,1000,NO0 0AC_00215 0 offwind-float,0.1145217106325439,1.5278311960834893e-12
standard,1000,NO0 0AC_00216 0 offwind-float,0.11452180806518697,1.442372876059023e-12
standard,1000,NO0 0AC_00219 0 offwind-float,0.11452181837102182,1.4927650855633954e-12
standard,1000,NO0 0AC_00220 0 offwind-float,0.11450000000000005,1.4227329750576365e-12
standard,1000,NO0 0AC_00221 0 offwind-float,0.11450000000000005,1.4402016810420394e-12
standard,1000,NO0 0AC_00223 0 offwind-float,0.11454793180292777,1.199413211843836e-12
standard,1000,NO0 0AC_00225 0 offwind-float,0.11450000000000005,1.3932896462900174e-12
standard,1000,NO0 0AC_00228 0 offwind-float,0.11454168535162723,1.4124542415598234e-12
standard,1000,NO0 0AC_00229 0 offwind-float,0.11455133516065619,1.0947161088919735e-12
standard,1000,NO0 0AC_00230 0 offwind-float,0.11454709884976721,1.3004774373947316e-12
standard,1000,NO0 0AC_00232 0 offwind-float,0.11455186385498384,1.1479230081422857e-12
standard,1000,NO0 0AC_00233 0 offwind-float,0.11454466453905932,1.2695762253421844e-12
standard,1000,NO0 0AC_00234 0 offwind-float,0.11452330249120402,1.300458520574235e-12
standard,1000,NO0 0AC_00236 0 offwind-float,0.11454807005732703,1.1481564540464252e-12
standard,1000,NO0 0AC_00238 0 offwind-float,0.11454533788103982,1.2868846834473374e-12
standard,1000,NO0 0AC_00239 0 offwind-float,0.11450000000000005,1.1977014354978463e-12
standard,1000,NO0 0AC_00240 0 offwind-float,0.11454350463140861,1.2718697539168805e-12
standard,1000,NO0 0AC_00241 0 offwind-float,0.11457780832151887,1.0959353685607344e-12
standard,1000,NO0 0AC_00242 0 offwind-float,0.1145742965117661,1.155231748202655e-12
standard,1000,NO0 0AC_00245 0 offwind-float,0.11452579755944181,1.1000727855091216e-12
standard,1000,BE2 0AC_00000 0 offwind-dc,0.11452161212552092,1.943695105048302e-11
standard,1000,BE2 0AC_00002 0 offwind-dc,0.11452146901591898,1.5359241810843815e-11
standard,1000,DE2 0AC_00000 0 offwind-dc,0.11452349523036287,1397.349998854703
standard,1000,DE2 0AC_00001 0 offwind-dc,0.11456558509463277,6.162593391274116e-11
standard,1000,DE2 0AC_00002 0 offwind-dc,0.11456663639396703,4.515187225576493e-10
standard,1000,DE2 0AC_00003 0 offwind-dc,0.11449999999999994,1515.700861841935
standard,1000,DE2 0AC_00004 0 offwind-dc,0.11450000000000016,1.499126185594314e-10
standard,1000,DE2 0AC_00005 0 offwind-dc,0.11454370790644253,1.3854372711155763e-09
standard,1000,DE2 0AC_00006 0 offwind-dc,0.11458774458323939,7.612421479149814e-11
standard,1000,DE2 0AC_00007 0 offwind-dc,0.11454299728802231,9.365414547146541e-11
standard,1000,DE2 0AC_00008 0 offwind-dc,0.11452130616085154,3.3215332927625484e-10
standard,1000,DE2 0AC_00009 0 offwind-dc,0.11452221943444274,9.90193318787231e-11
standard,1000,DE2 0AC_00010 0 offwind-dc,0.11454533684386392,951.4135111701255
standard,1000,DE2 0AC_00011 0 offwind-dc,0.11450000000000016,877.4038815978779
standard,1000,DE2 0AC_00012 0 offwind-dc,0.11454603453247636,9.672380845166656e-11
standard,1000,DE2 0AC_00013 0 offwind-dc,0.11456794032570394,2693.994473391134
standard,1000,DE2 0AC_00014 0 offwind-dc,0.11452273270213598,6.765837140518504e-11
standard,1000,DE2 0AC_00015 0 offwind-dc,0.11456646842854623,987.2397494705297
standard,1000,DE2 0AC_00016 0 offwind-dc,0.11454290324597771,8.180668228741731e-10
standard,1000,DE2 0AC_00017 0 offwind-dc,0.11452189097302223,1738.026758897519
standard,1000,DE2 0AC_00018 0 offwind-dc,0.11452212022539887,2311.363993706533
standard,1000,DE2 0AC_00019 0 offwind-dc,0.11452064735292278,1427.2357373676596
standard,1000,DE2 0AC_00020 0 offwind-dc,0.11458867657829874,1358.5526120234776
standard,1000,DE2 0AC_00021 0 offwind-dc,0.11450000000000016,1.9500072873823655e-10
standard,1000,DE2 0AC_00022 0 offwind-dc,0.11452319473055117,2.2360288863231343e-11
standard,1000,DE2 0AC_00023 0 offwind-dc,0.11452328592140248,2122.1119569391362
standard,1000,DE2 0AC_00024 0 offwind-dc,0.11454601485755667,2237.418411886463
standard,1000,DE2 0AC_00025 0 offwind-dc,0.11449999999999994,2266.081516155884
standard,1000,DE2 0AC_00026 0 offwind-dc,0.11454555178174064,3.0514280346326643e-11
standard,1000,DE2 0AC_00028 0 offwind-dc,0.11450000000000016,5.089679137844322e-10
standard,1000,DE2 0AC_00029 0 offwind-dc,0.11450000000000005,2266.9441563928635
standard,1000,DE2 0AC_00030 0 offwind-dc,0.11458749937642843,958.2570038026296
standard,1000,DE2 0AC_00031 0 offwind-dc,0.11456454562211049,165.19648549207025
standard,1000,DE2 0AC_00032 0 offwind-dc,0.11450000000000005,2.4557989638081114e-10
standard,1000,DE2 0AC_00033 0 offwind-dc,0.11452166878370518,7.676427354484185e-11
standard,1000,DE2 0AC_00034 0 offwind-dc,0.11456705784376209,2.7295620697476256e-10
standard,1000,DE2 0AC_00035 0 offwind-dc,0.11452281215035631,78.13179806650811
standard,1000,DE2 0AC_00036 0 offwind-dc,0.11456698359868978,5.171865439567169e-11
standard,1000,DE2 0AC_00037 0 offwind-dc,0.11450000000000016,2.798264362937146e-11
standard,1000,DE2 0AC_00038 0 offwind-dc,0.11452169513842692,7.096278270837895e-11
standard,1000,DE2 0AC_00043 0 offwind-dc,0.11456591419138407,8.97708020357431e-11
standard,1000,DE2 0AC_00045 0 offwind-dc,0.11452391398526363,1.3634328667419456e-11
standard,1000,DK2 0AC_00001 0 offwind-dc,0.11452213477335782,6.672752434723833e-12
standard,1000,DK2 0AC_00002 0 offwind-dc,0.1145217255739236,7.035023373083716e-12
standard,1000,DK2 0AC_00005 0 offwind-dc,0.11452169722847683,6.5689018410674614e-12
standard,1000,DK2 0AC_00006 0 offwind-dc,0.11454427036541026,8.905101094327762e-12
standard,1000,DK2 0AC_00007 0 offwind-dc,0.11454325180712166,7.71319978076186e-12
standard,1000,DK2 0AC_00008 0 offwind-dc,0.11454439187176035,6.707318671519588e-12
standard,1000,DK2 0AC_00009 0 offwind-dc,0.11449999999999982,7.480374823721985e-12
standard,1000,DK2 0AC_00010 0 offwind-dc,0.11452209010283365,7.1211068063592364e-12
standard,1000,DK2 0AC_00011 0 offwind-dc,0.11452305014232433,6.832475294878804e-12
standard,1000,DK2 0AC_00012 0 offwind-dc,0.11452149402012868,1.4391575368385013e-11
standard,1000,DK2 0AC_00013 0 offwind-dc,0.11450000000000016,8.37951223732839e-12
standard,1000,DK2 0AC_00014 0 offwind-dc,0.11450000000000005,7.839572688480519e-12
standard,1000,DK2 0AC_00015 0 offwind-dc,0.11454368524810776,1.1387636705051626e-11
standard,1000,DK2 0AC_00016 0 offwind-dc,0.1145415921874674,8.3335733831287e-12
standard,1000,DK2 0AC_00017 0 offwind-dc,0.11450000000000016,7.189900805782329e-12
standard,1000,DK2 0AC_00018 0 offwind-dc,0.11452309193663068,8.768762356874598e-12
standard,1000,DK2 0AC_00019 0 offwind-dc,0.11460749725150832,1.0607417371892593e-11
standard,1000,DK2 0AC_00020 0 offwind-dc,0.11449999999999971,7.755535212552985e-12
standard,1000,DK2 0AC_00021 0 offwind-dc,0.11452040961100973,1.0057603218456262e-11
standard,1000,DK2 0AC_00022 0 offwind-dc,0.11452277212224049,7.524705100473206e-12
standard,1000,DK2 0AC_00024 0 offwind-dc,0.11456164899827292,1.9818018674052794e-11
standard,1000,DK2 0AC_00025 0 offwind-dc,0.11456341302112583,7.857350007507526e-12
standard,1000,DK2 0AC_00026 0 offwind-dc,0.11450000000000005,8.552042907617904e-12
standard,1000,DK2 0AC_00027 0 offwind-dc,0.11450000000000005,9.378354648990923e-12
standard,1000,DK2 0AC_00028 0 offwind-dc,0.11452149226412467,5.09105976091957e-11
standard,1000,DK2 0AC_00029 0 offwind-dc,0.11454092705637886,1639.069221591922
standard,1000,DK2 0AC_00030 0 offwind-dc,0.11456506853109971,7.954504607895484e-12
standard,1000,DK2 0AC_00031 0 offwind-dc,0.11456785166372374,8.743879870977183e-12
standard,1000,DK2 0AC_00032 0 offwind-dc,0.11454332057297711,1.2929401843817943e-11
standard,1000,DK2 0AC_00033 0 offwind-dc,0.11458495345414255,1.0984466227328348e-11
standard,1000,DK2 0AC_00034 0 offwind-dc,0.11454078790843003,1441.884779174143
standard,1000,DK2 0AC_00035 0 offwind-dc,0.11450000000000005,7.666160156860723e-12
standard,1000,DK2 0AC_00036 0 offwind-dc,0.11452201409348073,8.999473535908241e-12
standard,1000,DK2 0AC_00037 0 offwind-dc,0.11450000000000027,1.7857863032890117e-11
standard,1000,DK2 0AC_00038 0 offwind-dc,0.11454201653592211,1.1584868142430177e-11
standard,1000,DK2 0AC_00039 0 offwind-dc,0.1145219960438063,9.580624552966192e-12
standard,1000,DK2 0AC_00040 0 offwind-dc,0.11449999999999982,2.197829262143935e-11
standard,1000,DK2 0AC_00041 0 offwind-dc,0.11450000000000016,1.4393704113604307e-11
standard,1000,DK2 0AC_00042 0 offwind-dc,0.11454233624956589,7.525970888813382e-12
standard,1000,DK2 0AC_00044 0 offwind-dc,0.11456108374864182,1667.1151781230037
standard,1000,DK2 0AC_00045 0 offwind-dc,0.11456509816692784,8.605831778625803e-12
standard,1000,DK2 0AC_00046 0 offwind-dc,0.11454125709754015,4.429494925291004e-11
standard,1000,DK2 0AC_00047 0 offwind-dc,0.11456542574298179,9.94131938243309e-12
standard,1000,DK2 0AC_00048 0 offwind-dc,0.11452046441965746,3.556805667379157e-11
standard,1000,DK2 0AC_00050 0 offwind-dc,0.11452081850231788,1057.4820795751868
standard,1000,DK2 0AC_00054 0 offwind-dc,0.11454374692443947,2.3798659515116392e-11
standard,1000,DK2 0AC_00056 0 offwind-dc,0.11454455208717873,1.887162110965532e-11
standard,1000,DK2 0AC_00073 0 offwind-dc,0.11454229826320761,1.34099817038829e-09
standard,1000,FR2 0AC_00000 0 offwind-dc,0.11452259086029881,167.99999999996012
standard,1000,FR2 0AC_00001 0 offwind-dc,0.11452224978382242,3.986889019323919e-11
standard,1000,GB1 0AC_00014 0 offwind-dc,0.11454781465384178,1084.6557798088884
standard,1000,GB1 0AC_00034 0 offwind-dc,0.11454591146982185,2060.829320138386
standard,1000,GB1 0AC_00042 0 offwind-dc,0.11461500121277712,1236.9243670915725
standard,1000,GB1 0AC_00044 0 offwind-dc,0.1146112640463105,1577.3606394561211
standard,1000,GB1 0AC_00139 0 offwind-dc,0.11452200663254941,3.6118706675392056e-11
standard,1000,GB1 0AC_00144 0 offwind-dc,0.11449999999999982,7.505622713351407e-11
standard,1000,GB1 0AC_00147 0 offwind-dc,0.11452408935619918,2.9044881474479146e-11
standard,1000,GB1 0AC_00148 0 offwind-dc,0.11450000000000016,8.028316055414619e-11
standard,1000,GB1 0AC_00160 0 offwind-dc,0.11454620136861049,2.268759493271983e-10
standard,1000,GB1 0AC_00163 0 offwind-dc,0.11454602492800392,6.794269474745757e-10
standard,1000,GB1 0AC_00164 0 offwind-dc,0.11456814122562886,1.6283997452243753e-10
standard,1000,GB1 0AC_00172 0 offwind-dc,0.11450000000000005,9.222698283314292e-11
standard,1000,GB1 0AC_00183 0 offwind-dc,0.11452141507191338,3.517268176705827e-11
standard,1000,GB1 0AC_00184 0 offwind-dc,0.1145217775841818,6.037859005512821e-10
standard,1000,GB1 0AC_00186 0 offwind-dc,0.11454363902053455,1366.2244154948103
standard,1000,GB1 0AC_00189 0 offwind-dc,0.11456691268748453,1245.77308957626
standard,1000,GB1 0AC_00192 0 offwind-dc,0.11454419954914119,4.712985952484479e-11
standard,1000,GB1 0AC_00196 0 offwind-dc,0.11450000000000005,6.116666567182853e-11
standard,1000,GB1 0AC_00199 0 offwind-dc,0.11450000000000016,4.8341137404532654e-11
standard,1000,GB1 0AC_00200 0 offwind-dc,0.1145455546260834,2.709098402097713e-10
standard,1000,GB1 0AC_00201 0 offwind-dc,0.11456788362347237,2.2372377896879507e-10
standard,1000,GB1 0AC_00202 0 offwind-dc,0.11452229131089486,2.1510718687857835e-11
standard,1000,GB1 0AC_00205 0 offwind-dc,0.11449999999999994,6.424255614721054e-10
standard,1000,GB1 0AC_00207 0 offwind-dc,0.11454560050632212,2.762452684547734e-11
standard,1000,GB1 0AC_00209 0 offwind-dc,0.11452223793394112,5.650163526144077e-11
standard,1000,GB1 0AC_00210 0 offwind-dc,0.11454421839279982,5.979141281060263e-11
standard,1000,GB1 0AC_00214 0 offwind-dc,0.11454560825699334,875.4532080771511
standard,1000,GB1 0AC_00215 0 offwind-dc,0.11454245787762263,8.452793119125237e-11
standard,1000,GB1 0AC_00217 0 offwind-dc,0.11450000000000005,921.4261295492755
standard,1000,GB1 0AC_00218 0 offwind-dc,0.11452295639916654,8.354375576083777e-11
standard,1000,GB1 0AC_00221 0 offwind-dc,0.11450000000000016,5.495058194800452e-11
standard,1000,GB1 0AC_00222 0 offwind-dc,0.11450000000000005,4.4420404609772946e-11
standard,1000,GB1 0AC_00226 0 offwind-dc,0.11452247451044495,423.5554603061867
standard,1000,GB1 0AC_00227 0 offwind-dc,0.1145228835667268,1.121310892652011e-10
standard,1000,GB1 0AC_00228 0 offwind-dc,0.11449999999999994,5.461424854557574e-10
standard,1000,GB1 0AC_00230 0 offwind-dc,0.11450000000000005,621.991021979122
standard,1000,GB1 0AC_00231 0 offwind-dc,0.11452346990738449,2.7718771525012905e-11
standard,1000,GB1 0AC_00234 0 offwind-dc,0.11456776491320175,5.542970519024253e-11
standard,1000,GB1 0AC_00236 0 offwind-dc,0.11452350395570465,9.189420120690795e-11
standard,1000,GB1 0AC_00239 0 offwind-dc,0.11452207396740177,83.89051091338008
standard,1000,GB1 0AC_00240 0 offwind-dc,0.11449999999999982,5.720820970895157e-11
standard,1000,GB1 0AC_00243 0 offwind-dc,0.11450000000000016,7.527495613265461e-11
standard,1000,GB1 0AC_00244 0 offwind-dc,0.11452373349295897,3.6242809049685885e-11
standard,1000,GB1 0AC_00246 0 offwind-dc,0.11452357033326732,4.482593803159946e-11
standard,1000,GB1 0AC_00247 0 offwind-dc,0.11450000000000005,7.05114334579778e-11
standard,1000,GB1 0AC_00248 0 offwind-dc,0.11452150622970914,83.49806845249617
standard,1000,GB1 0AC_00249 0 offwind-dc,0.11454199296365175,328.78617491807404
standard,1000,GB1 0AC_00251 0 offwind-dc,0.1145653678618096,3.959897361107337e-11
standard,1000,GB1 0AC_00252 0 offwind-dc,0.11452264949782442,1267.3368458142895
standard,1000,GB1 0AC_00253 0 offwind-dc,0.1145214778142587,4.579172977812566e-11
standard,1000,GB1 0AC_00254 0 offwind-dc,0.11456869421576055,8.537250024908212e-11
standard,1000,GB1 0AC_00255 0 offwind-dc,0.11454364080209778,156.44228145217403
standard,1000,GB1 0AC_00256 0 offwind-dc,0.11454527912161594,5.457743933380453e-11
standard,1000,GB1 0AC_00257 0 offwind-dc,0.11449999999999994,3.0911236352674415e-11
standard,1000,GB1 0AC_00259 0 offwind-dc,0.11450000000000005,423.0003021375867
standard,1000,GB1 0AC_00260 0 offwind-dc,0.11449999999999982,160.926526054199
standard,1000,GB1 0AC_00261 0 offwind-dc,0.11449999999999994,546.7622605086455
standard,1000,GB1 0AC_00263 0 offwind-dc,0.1145214697302479,2.3521103820979694e-10
standard,1000,GB1 0AC_00264 0 offwind-dc,0.11452088881449018,377.87587755968684
standard,1000,GB1 0AC_00265 0 offwind-dc,0.11450000000000016,1057.4058058882042
standard,1000,GB1 0AC_00266 0 offwind-dc,0.11452216174426111,5.4544756270233e-11
standard,1000,GB1 0AC_00267 0 offwind-dc,0.11449999999999982,5.1537727325597395e-11
standard,1000,GB1 0AC_00269 0 offwind-dc,0.11454476757589449,1827.7850698789389
standard,1000,GB1 0AC_00270 0 offwind-dc,0.11452155676030273,6.896407325300472e-11
standard,1000,GB1 0AC_00271 0 offwind-dc,0.11452174896850909,1093.0613381387568
standard,1000,GB1 0AC_00272 0 offwind-dc,0.11452196391708436,5.7609278521808755e-11
standard,1000,GB1 0AC_00273 0 offwind-dc,0.11456565616933412,2294.8391204627524
standard,1000,GB1 0AC_00274 0 offwind-dc,0.11452132447422436,1721.5844685364782
standard,1000,GB4 0AC_00002 0 offwind-dc,0.11449999999999994,2.813485343131624e-11
standard,1000,GB4 0AC_00003 0 offwind-dc,0.1145440451305142,6.129496524728951e-11
standard,1000,GB4 0AC_00008 0 offwind-dc,0.11463317823929897,1.0236355518421477e-11
standard,1000,GB4 0AC_00012 0 offwind-dc,0.11449999999999994,596.2182422501965
standard,1000,NL2 0AC_00000 0 offwind-dc,0.11449999999999994,4.629763345136808e-11
standard,1000,NL2 0AC_00001 0 offwind-dc,0.11452117926233585,60.059411854458936
standard,1000,NL2 0AC_00003 0 offwind-dc,0.11450000000000005,6.684153682334964e-11
standard,1000,NL2 0AC_00004 0 offwind-dc,0.11449999999999994,1.024525616923936e-10
standard,1000,NL2 0AC_00005 0 offwind-dc,0.11450000000000016,339.4823002062356
standard,1000,NL2 0AC_00006 0 offwind-dc,0.11452156338195218,501.62400714417646
standard,1000,NL2 0AC_00007 0 offwind-dc,0.11452118220221785,1.862071122667638e-11
standard,1000,NL2 0AC_00008 0 offwind-dc,0.11450000000000016,5.236294509833516e-11
standard,1000,NL2 0AC_00009 0 offwind-dc,0.11454563652982042,7.103926738854433e-11
standard,1000,NL2 0AC_00010 0 offwind-dc,0.11452047729876835,259.61133615223224
standard,1000,NL2 0AC_00011 0 offwind-dc,0.11454536548782002,1978.4900448216613
standard,1000,NL2 0AC_00012 0 offwind-dc,0.11456922057587648,3.734206370557137e-11
standard,1000,NL2 0AC_00013 0 offwind-dc,0.11454446328936374,131.82295905738042
standard,1000,NL2 0AC_00014 0 offwind-dc,0.11452191636890396,708.0720352135731
standard,1000,NL2 0AC_00016 0 offwind-dc,0.11456332185495688,128.34367971429697
standard,1000,NL2 0AC_00017 0 offwind-dc,0.11450000000000027,1720.6305768703005
standard,1000,NL2 0AC_00018 0 offwind-dc,0.11450000000000016,5.279546595079241e-11
standard,1000,NL2 0AC_00019 0 offwind-dc,0.11452355911316947,3.5245369404172845e-11
standard,1000,NL2 0AC_00020 0 offwind-dc,0.11452244715644355,1395.7743052875112
standard,1000,NL2 0AC_00021 0 offwind-dc,0.11449999999999994,943.3712606758296
standard,1000,NL2 0AC_00022 0 offwind-dc,0.11452168926328876,7.642946236052646e-11
standard,1000,NL2 0AC_00023 0 offwind-dc,0.11454480363337605,9.807947521499032e-11
standard,1000,NL2 0AC_00024 0 offwind-dc,0.11456592942521948,3.784336396984983e-11
standard,1000,NL2 0AC_00025 0 offwind-dc,0.11452106974383625,5.7039732292667575e-11
standard,1000,NL2 0AC_00026 0 offwind-dc,0.11452272995586033,5.2828534443230366e-11
standard,1000,NL2 0AC_00028 0 offwind-dc,0.11450000000000027,509.97851889498776
standard,1000,NL2 0AC_00030 0 offwind-dc,0.11452168923010975,4.6591702561494334e-11
standard,1000,NL2 0AC_00031 0 offwind-dc,0.11454328260595581,1960.7032272578354
standard,1000,NL2 0AC_00032 0 offwind-dc,0.11450000000000016,2.6135034213733084e-11
standard,1000,NL2 0AC_00034 0 offwind-dc,0.1145217286798681,1.1700652947421926e-10
standard,1000,NL2 0AC_00035 0 offwind-dc,0.11454524944300226,8.418533606709437e-11
standard,1000,NL2 0AC_00036 0 offwind-dc,0.11452353223322875,3.261566462031299e-11
standard,1000,NL2 0AC_00040 0 offwind-dc,0.11454287996893608,5.6374223868575965e-11
standard,1000,NL2 0AC_00041 0 offwind-dc,0.11454574086121638,4.853661984672925e-10
standard,1000,NL2 0AC_00043 0 offwind-dc,0.11450000000000016,4.840848738369886e-11
standard,1000,NL2 0AC_00044 0 offwind-dc,0.1145235348888376,2.9622275117650155e-11
standard,1000,NL2 0AC_00045 0 offwind-dc,0.11450000000000005,4.446258862151591e-11
standard,1000,NL2 0AC_00046 0 offwind-dc,0.11452193052114445,4.7446921138930045e-11
standard,1000,NL2 0AC_00047 0 offwind-dc,0.11450000000000005,5.092629055978721e-11
standard,1000,NL2 0AC_00050 0 offwind-dc,0.11452120649199637,3.9357450784881616e-11
standard,1000,NL2 0AC_00051 0 offwind-dc,0.1145234415052152,4.950562374534581e-11
standard,1000,NL2 0AC_00052 0 offwind-dc,0.11452168644973482,9.208019092406881e-11
standard,1000,NL2 0AC_00053 0 offwind-dc,0.11449999999999994,1.5371380600751893e-10
standard,1000,NL2 0AC_00054 0 offwind-dc,0.11452282814414805,6.112323906943892e-11
standard,1000,NL2 0AC_00055 0 offwind-dc,0.11449999999999994,3.9373105275909536e-11
standard,1000,NL2 0AC_00057 0 offwind-dc,0.11450000000000016,4.7333658079873224e-11
standard,1000,NL2 0AC_00058 0 offwind-dc,0.11452345318398915,4.844338364108052e-11
standard,1000,NL2 0AC_00061 0 offwind-dc,0.1145450812753841,8.103675831856333e-11
standard,1000,NL2 0AC_00063 0 offwind-dc,0.11449999999999982,4.770468739451657e-11
standard,1000,NL2 0AC_00065 0 offwind-dc,0.1145457731625309,5.461583788157404e-11
standard,1000,NL2 0AC_00066 0 offwind-dc,0.114523545682783,4.97595086642547e-11
standard,1000,NL2 0AC_00067 0 offwind-dc,0.11450000000000016,5.136671227171732e-11
standard,1000,NL2 0AC_00068 0 offwind-dc,0.11450000000000005,1.7566811571343235e-10
standard,1000,NL2 0AC_00069 0 offwind-dc,0.11454336552325672,8.419923571256544e-11
standard,1000,NL2 0AC_00070 0 offwind-dc,0.11454517069380765,7.897921240885081e-11
standard,1000,NL2 0AC_00071 0 offwind-dc,0.1145441057735117,1760.666037937254
standard,1000,NL2 0AC_00072 0 offwind-dc,0.11450000000000005,775.886842007248
standard,1000,NL2 0AC_00073 0 offwind-dc,0.11452184049884895,5.116695517983257e-11
standard,1000,NL2 0AC_00075 0 offwind-dc,0.11450000000000016,1.1053085388497977e-10
standard,1000,NL2 0AC_00076 0 offwind-dc,0.11454441805440341,2.3779385413383e-10
standard,1000,NL2 0AC_00081 0 offwind-dc,0.11450000000000005,1277.5391403988938
standard,1000,NL2 0AC_00082 0 offwind-dc,0.11461073372507335,6.541452335868059e-10
standard,1000,NL2 0AC_00084 0 offwind-dc,0.11452282639708455,4.4984314225210783e-11
standard,1000,NL2 0AC_00085 0 offwind-dc,0.11454360797684338,1800.3695257583502
standard,1000,NO0 0AC_00073 0 offwind-dc,0.11454484956009792,9.535611976221938e-12
standard,1000,NO0 0AC_00104 0 offwind-dc,0.11452100511197172,1.4246480201797134e-11
standard,1000,NO0 0AC_00137 0 offwind-dc,0.11454255587870044,1.2889313761425934e-10
standard,1000,NO0 0AC_00159 0 offwind-dc,0.11454184702406522,1736.0767727085195
standard,1000,NO0 0AC_00160 0 offwind-dc,0.11449999999999994,299.7418200629497
standard,1000,NO0 0AC_00173 0 offwind-dc,0.11449999999999982,964.1814072281035
standard,1000,BE2 0AC_00001 0 offwind-ac,0.11450000000000027,34.48721886916356
standard,1000,BE2 0AC_00003 0 offwind-ac,0.11452256161331809,1005.5127811308016
standard,1000,DE2 0AC_00039 0 offwind-ac,0.11454925386160564,10.67374808484302
standard,1000,DE2 0AC_00041 0 offwind-ac,0.11450000000000016,116.89464457212581
standard,1000,DE2 0AC_00044 0 offwind-ac,0.1145231239221558,6.527893643138406
standard,1000,DE2 0AC_00046 0 offwind-ac,0.11455089657141393,228.33070681253025
standard,1000,DE2 0AC_00047 0 offwind-ac,0.11452478081850603,8.150099825005821
standard,1000,DE2 0AC_00048 0 offwind-ac,0.11452640615335752,9.70742814202283e-12
standard,1000,DE2 0AC_00050 0 offwind-ac,0.11455339128168562,8.807296239725575e-12
standard,1000,DE2 0AC_00053 0 offwind-ac,0.11452456723019222,3.944026271123122e-11
standard,1000,DK2 0AC_00049 0 offwind-ac,0.11457394326976911,5.43917509461958e-12
standard,1000,DK2 0AC_00051 0 offwind-ac,0.11450000000000016,1846.0157943662052
standard,1000,DK2 0AC_00052 0 offwind-ac,0.11452309429581842,252.66955628776304
standard,1000,DK2 0AC_00053 0 offwind-ac,0.1145444630025535,998.2537046346886
standard,1000,DK2 0AC_00055 0 offwind-ac,0.11454672798285959,3.788756038075342e-11
standard,1000,DK2 0AC_00057 0 offwind-ac,0.11449999999999994,94.32587954122543
standard,1000,DK2 0AC_00059 0 offwind-ac,0.11450000000000016,9.416431933315972e-11
standard,1000,DK2 0AC_00060 0 offwind-ac,0.11455464643635471,3.6371211134173437e-12
standard,1000,DK2 0AC_00061 0 offwind-ac,0.11456826466722991,6.179543609183196e-11
standard,1000,DK2 0AC_00062 0 offwind-ac,0.11452288664178123,9.811729028250515e-11
standard,1000,DK2 0AC_00063 0 offwind-ac,0.11454460037414815,2.2284668566942877e-11
standard,1000,DK2 0AC_00065 0 offwind-ac,0.11449999999999994,805.3538277784978
standard,1000,DK2 0AC_00066 0 offwind-ac,0.11454830857050735,1.0050407774285186e-11
standard,1000,DK2 0AC_00067 0 offwind-ac,0.11455297596981484,4.269070035750615e-12
standard,1000,DK2 0AC_00068 0 offwind-ac,0.11452150120586424,189.75674687173444
standard,1000,DK2 0AC_00071 0 offwind-ac,0.11454869149334457,1.6729834033944123e-11
standard,1000,DK2 0AC_00072 0 offwind-ac,0.1145514404766429,7.06263198070031e-12
standard,1000,DK2 0AC_00074 0 offwind-ac,0.1145451388649259,8.073232053367198
standard,1000,GB1 0AC_00000 0 offwind-ac,0.1146239060101577,3.4214874210374607e-12
standard,1000,GB1 0AC_00001 0 offwind-ac,0.11450000000000005,2.530230013469251e-12
standard,1000,GB1 0AC_00002 0 offwind-ac,0.11452861666749714,2.8893376083375117e-10
standard,1000,GB1 0AC_00005 0 offwind-ac,0.11456603845636248,4.728207218987905e-12
standard,1000,GB1 0AC_00007 0 offwind-ac,0.11458227158424095,1333.8629188081318
standard,1000,GB1 0AC_00008 0 offwind-ac,0.11450000000000005,9.640088063669026e-12
standard,1000,GB1 0AC_00010 0 offwind-ac,0.1145487489823338,1375.6199970310615
standard,1000,GB1 0AC_00012 0 offwind-ac,0.11455982974898504,1.0456608598355459e-11
standard,1000,GB1 0AC_00013 0 offwind-ac,0.11452607895298872,579.4933242652384
standard,1000,GB1 0AC_00017 0 offwind-ac,0.11450000000000016,6.639084557894796e-12
standard,1000,GB1 0AC_00018 0 offwind-ac,0.11453063558991439,1.0821181050169908e-11
standard,1000,GB1 0AC_00019 0 offwind-ac,0.1145322713643554,5.126388600715645e-12
standard,1000,GB1 0AC_00021 0 offwind-ac,0.11458966956100736,1.1143278793473158e-11
standard,1000,GB1 0AC_00024 0 offwind-ac,0.11458162853485088,740.1310878083877
standard,1000,GB1 0AC_00028 0 offwind-ac,0.11463896432138232,997.0669697220301
standard,1000,GB1 0AC_00029 0 offwind-ac,0.11457563383977698,756.5426862673169
standard,1000,GB1 0AC_00031 0 offwind-ac,0.11452638481862776,422.72217266212226
standard,1000,GB1 0AC_00032 0 offwind-ac,0.11455634811487025,280.64634416599216
standard,1000,GB1 0AC_00035 0 offwind-ac,0.11454893797869159,340.1646127913107
standard,1000,GB1 0AC_00041 0 offwind-ac,0.11449999999999994,7.667514758728545e-12
standard,1000,GB1 0AC_00060 0 offwind-ac,0.11455661187805677,9.931668635157899e-12
standard,1000,GB1 0AC_00061 0 offwind-ac,0.11449999999999982,2.3941198533412776e-11
standard,1000,GB1 0AC_00063 0 offwind-ac,0.11452688971189617,1759.876969468058
standard,1000,GB1 0AC_00075 0 offwind-ac,0.11452574986725372,168.50272161438403
standard,1000,GB1 0AC_00085 0 offwind-ac,0.11455297349855686,177.48209171584483
standard,1000,GB1 0AC_00107 0 offwind-ac,0.11450000000000005,676.9242571188613
standard,1000,GB1 0AC_00108 0 offwind-ac,0.11450000000000016,191.3060465143242
standard,1000,GB1 0AC_00116 0 offwind-ac,0.11452462722732626,385.20975913107236
standard,1000,GB1 0AC_00125 0 offwind-ac,0.1145248205876791,1083.5509911292288
standard,1000,GB1 0AC_00126 0 offwind-ac,0.11452526587888057,1050.0946629549192
standard,1000,GB1 0AC_00127 0 offwind-ac,0.11455535599479805,8.307927800843248e-12
standard,1000,GB1 0AC_00129 0 offwind-ac,0.11450000000000005,5.22253033690098e-12
standard,1000,GB1 0AC_00132 0 offwind-ac,0.11452312590580072,230.5369886643583
standard,1000,GB1 0AC_00135 0 offwind-ac,0.11454815979922572,304.29519820393335
standard,1000,GB1 0AC_00155 0 offwind-ac,0.11450000000000027,545.2453169701259
standard,1000,GB1 0AC_00156 0 offwind-ac,0.11450000000000016,194.93304868103354
standard,1000,GB1 0AC_00165 0 offwind-ac,0.11450000000000005,375.46234951078026
standard,1000,GB1 0AC_00169 0 offwind-ac,0.11455223605468912,2.671166422109904e-09
standard,1000,GB1 0AC_00173 0 offwind-ac,0.11450000000000005,774.2949213040104
standard,1000,GB1 0AC_00174 0 offwind-ac,0.11452681225123817,8.129626173420122e-11
standard,1000,GB1 0AC_00180 0 offwind-ac,0.11452612418877839,2.3248856635795905e-11
standard,1000,GB1 0AC_00181 0 offwind-ac,0.11450000000000027,491.54269712813607
standard,1000,GB1 0AC_00195 0 offwind-ac,0.11452516524328593,334.0747469124808
standard,1000,GB1 0AC_00204 0 offwind-ac,0.11457392295068414,131.9967098783341
standard,1000,GB1 0AC_00206 0 offwind-ac,0.11452352463601667,129.32753783234904
standard,1000,GB1 0AC_00216 0 offwind-ac,0.11454729690144849,328.98046588411796
standard,1000,GB1 0AC_00223 0 offwind-ac,0.11452272429733834,23.47207779713205
standard,1000,GB1 0AC_00225 0 offwind-ac,0.11449999999999994,146.52151411295057
standard,1000,GB1 0AC_00241 0 offwind-ac,0.11452169957610192,6.716405125996483
standard,1000,GB4 0AC_00006 0 offwind-ac,0.11452181508746206,5.301789391678618
standard,1000,GB4 0AC_00007 0 offwind-ac,0.11452181508746206,8.675655368201431
standard,1000,GB4 0AC_00026 0 offwind-ac,0.11450000000000005,114.96276518655448
standard,1000,GB4 0AC_00028 0 offwind-ac,0.11462618941473657,100.85587442667114
standard,1000,NL2 0AC_00002 0 offwind-ac,0.11452317009675694,416.82714577838607
standard,1000,NL2 0AC_00015 0 offwind-ac,0.11456814801322313,425.06550981283783
standard,1000,NL2 0AC_00029 0 offwind-ac,0.11456759018428342,389.8786132558068
standard,1000,NL2 0AC_00033 0 offwind-ac,0.11454612891729987,454.39578419124064
standard,1000,NL2 0AC_00037 0 offwind-ac,0.11453148909824218,3.4309370766984383e-12
standard,1000,NL2 0AC_00038 0 offwind-ac,0.11454400733430992,209.59033824702115
standard,1000,NL2 0AC_00039 0 offwind-ac,0.11462015355601318,641.3072188789387
standard,1000,NL2 0AC_00042 0 offwind-ac,0.11454581160288857,761.6758702973348
standard,1000,NL2 0AC_00048 0 offwind-ac,0.11454480202634787,131.6575182213457
standard,1000,NL2 0AC_00049 0 offwind-ac,0.11454935421693213,2.591424818803542e-10
standard,1000,NL2 0AC_00056 0 offwind-ac,0.114592249958959,905.0053655613824
standard,1000,NL2 0AC_00059 0 offwind-ac,0.11449999999999994,7.566373289899062
standard,1000,NL2 0AC_00062 0 offwind-ac,0.11454532987108623,197.07452710086324
standard,1000,NL2 0AC_00078 0 offwind-ac,0.11452157266736662,1.3873196494727469
standard,1000,NL2 0AC_00080 0 offwind-ac,0.11452148720877575,76.34046410623435
standard,1000,NL2 0AC_00083 0 offwind-ac,0.11454451989737746,129.80274235261044
standard,1000,NO0 0AC_00120 0 offwind-ac,0.11467960502256036,1.9208105302621358e-12
standard,1000,NO0 0AC_00126 0 offwind-ac,0.11462767911304406,2.4483966279980067e-12
standard,1000,NO0 0AC_00127 0 offwind-ac,0.11465157324857089,1.6657772383515754e-12
standard,1000,NO0 0AC_00130 0 offwind-ac,0.11465078026579878,2.895366274043571e-12
standard,1000,NO0 0AC_00146 0 offwind-ac,0.11455956818807289,2.721939801687899e-12
standard,1000,NO0 0AC_00162 0 offwind-ac,0.11452747775238337,3.4942021725676353e-12
standard,1000,NO0 0AC_00168 0 offwind-ac,0.11449999999999994,7.806123034212754e-12
standard,1000,NO0 0AC_00179 0 offwind-ac,0.114634442277041,2.31552667616854e-12
standard,1000,NO0 0AC_00183 0 offwind-ac,0.11459747178605673,1.3876202974629778e-12
standard,1000,NO0 0AC_00208 0 offwind-ac,0.11456238763158544,2.69334355718126e-12
standard,1000,NO0 0AC_00209 0 offwind-ac,0.1149567744661616,1.3116172330721147e-12
standard,1000,NO0 0AC_00224 0 offwind-ac,0.11462232108427872,2.9071052087103134e-12
standard,1000,NO0 0AC_00235 0 offwind-ac,0.11467011407335026,2.1865155686264467e-12
standard,1000,NO0 0AC_00243 0 offwind-ac,0.11461253854156994,2.0724011719308047e-12
standard,1000,NO0 0AC_00246 0 offwind-ac,0.11456743863939844,2.3842094009408982e-12
glaum,1000,BE2 0AC_00001 0 offwind-ac,0.0940000000000002,34.48721886916357
glaum,1000,BE2 0AC_00003 0 offwind-ac,0.09402308393186476,1005.5127811308033
glaum,1000,DE2 0AC_00039 0 offwind-ac,0.09402482594139905,10.673748084843023
glaum,1000,DE2 0AC_00041 0 offwind-ac,0.09400000000000008,116.89464457212581
glaum,1000,DE2 0AC_00044 0 offwind-ac,0.09402365925858058,6.527893643138407
glaum,1000,DE2 0AC_00046 0 offwind-ac,0.09402582418630878,228.33070681253045
glaum,1000,DE2 0AC_00047 0 offwind-ac,0.09399999999999997,8.150099825005823
glaum,1000,DE2 0AC_00048 0 offwind-ac,0.09402701747593667,8.575791961551377e-12
glaum,1000,DE2 0AC_00050 0 offwind-ac,0.09402688366490597,7.848050090816813e-12
glaum,1000,DE2 0AC_00053 0 offwind-ac,0.09402513598029838,3.486939384357737e-11
glaum,1000,DK2 0AC_00049 0 offwind-ac,0.09407565511283011,4.829958432856123e-12
glaum,1000,DK2 0AC_00051 0 offwind-ac,0.09399999999999997,1846.0157943662055
glaum,1000,DK2 0AC_00052 0 offwind-ac,0.09399999999999986,252.66955628776304
glaum,1000,DK2 0AC_00053 0 offwind-ac,0.09402182008249516,998.2537046346886
glaum,1000,DK2 0AC_00057 0 offwind-ac,0.09399999999999997,23.545695961826397
glaum,1000,DK2 0AC_00059 0 offwind-ac,0.09399999999999997,8.085666389843724e-11
glaum,1000,DK2 0AC_00060 0 offwind-ac,0.0940559115430124,3.2147037325992454e-12
glaum,1000,DK2 0AC_00061 0 offwind-ac,0.094069845046313,5.273661584420039e-11
glaum,1000,DK2 0AC_00062 0 offwind-ac,0.09402341648498436,7.860175905575909e-11
glaum,1000,DK2 0AC_00063 0 offwind-ac,0.09404563290680779,1.9625846200049305e-11
glaum,1000,DK2 0AC_00065 0 offwind-ac,0.09399999999999986,805.3538277784978
glaum,1000,DK2 0AC_00066 0 offwind-ac,0.09404942695073937,8.85891104477535e-12
glaum,1000,DK2 0AC_00067 0 offwind-ac,0.09405420240389872,3.772696129559498e-12
glaum,1000,DK2 0AC_00068 0 offwind-ac,0.09402199897516994,189.75674687173444
glaum,1000,DK2 0AC_00071 0 offwind-ac,0.09404981873853202,1.4550130937904457e-11
glaum,1000,DK2 0AC_00072 0 offwind-ac,0.09402496552306616,6.224959337996235e-12
glaum,1000,DK2 0AC_00074 0 offwind-ac,0.09404618386405739,8.073232053367203
glaum,1000,GB1 0AC_00000 0 offwind-ac,0.09412677452874418,3.220777511849924e-12
glaum,1000,GB1 0AC_00001 0 offwind-ac,0.09399999999999986,2.3700928019259718e-12
glaum,1000,GB1 0AC_00002 0 offwind-ac,0.09402927916516357,320.5986964156509
glaum,1000,GB1 0AC_00005 0 offwind-ac,0.09406756729696708,4.483027653198911e-12
glaum,1000,GB1 0AC_00007 0 offwind-ac,0.09408417623413023,1333.8629188081318
glaum,1000,GB1 0AC_00008 0 offwind-ac,0.09400000000000008,9.23465014968141e-12
glaum,1000,GB1 0AC_00010 0 offwind-ac,0.09404987755843508,1375.6199970310615
glaum,1000,GB1 0AC_00012 0 offwind-ac,0.09400000000000008,9.945943946586733e-12
glaum,1000,GB1 0AC_00013 0 offwind-ac,0.09402668270062975,579.4933242652384
glaum,1000,GB1 0AC_00017 0 offwind-ac,0.0940000000000002,6.3382070166399915e-12
glaum,1000,GB1 0AC_00018 0 offwind-ac,0.09399999999999997,1.072588865491181e-11
glaum,1000,GB1 0AC_00019 0 offwind-ac,0.09403301847104018,4.851232712838955e-12
glaum,1000,GB1 0AC_00021 0 offwind-ac,0.09406007629828261,1.0910830892782755e-11
glaum,1000,GB1 0AC_00024 0 offwind-ac,0.09405453081194348,740.1310878083879
glaum,1000,GB1 0AC_00028 0 offwind-ac,0.09408430707070581,997.0669697220301
glaum,1000,GB1 0AC_00029 0 offwind-ac,0.09407738482082206,756.5426862673169
glaum,1000,GB1 0AC_00031 0 offwind-ac,0.09399999999999997,422.72217266212226
glaum,1000,GB1 0AC_00032 0 offwind-ac,0.09405765261668286,280.6463441659932
glaum,1000,GB1 0AC_00035 0 offwind-ac,0.09402367714998949,340.1646127913107
glaum,1000,GB1 0AC_00041 0 offwind-ac,0.09399999999999986,7.179949519692938e-12
glaum,1000,GB1 0AC_00060 0 offwind-ac,0.09405792248618772,9.34303741632373e-12
glaum,1000,GB1 0AC_00061 0 offwind-ac,0.09399999999999997,2.2650270832684318e-11
glaum,1000,GB1 0AC_00063 0 offwind-ac,0.09399999999999997,1759.8769694680586
glaum,1000,GB1 0AC_00075 0 offwind-ac,0.09402634599630932,168.50272161438406
glaum,1000,GB1 0AC_00085 0 offwind-ac,0.09402656411410448,177.4820917158453
glaum,1000,GB1 0AC_00107 0 offwind-ac,0.09399999999999986,676.9242571188613
glaum,1000,GB1 0AC_00108 0 offwind-ac,0.09399999999999997,191.3060465143242
glaum,1000,GB1 0AC_00116 0 offwind-ac,0.09402519736641157,385.20975913107236
glaum,1000,GB1 0AC_00125 0 offwind-ac,0.09402539520320385,1083.5509911292288
glaum,1000,GB1 0AC_00126 0 offwind-ac,0.09402585080323644,1050.0946629549194
glaum,1000,GB1 0AC_00127 0 offwind-ac,0.09405663752827431,7.881728403047644e-12
glaum,1000,GB1 0AC_00129 0 offwind-ac,0.09399999999999975,4.8921386234874936e-12
glaum,1000,GB1 0AC_00132 0 offwind-ac,0.09402366128814832,230.53698866435832
glaum,1000,GB1 0AC_00135 0 offwind-ac,0.09402380490073659,304.29519820393335
glaum,1000,GB1 0AC_00155 0 offwind-ac,0.09399999999999997,545.2453169701259
glaum,1000,GB1 0AC_00156 0 offwind-ac,0.09399999999999997,194.93304868103354
glaum,1000,GB1 0AC_00165 0 offwind-ac,0.09399999999999997,375.46234951078026
glaum,1000,GB1 0AC_00169 0 offwind-ac,0.09402635177882723,115.21432297880183
glaum,1000,GB1 0AC_00173 0 offwind-ac,0.09399999999999997,774.2949213040104
glaum,1000,GB1 0AC_00174 0 offwind-ac,0.09399999999999997,1.1749332102221223e-10
glaum,1000,GB1 0AC_00180 0 offwind-ac,0.09402672898366249,2.2874936911314814e-11
glaum,1000,GB1 0AC_00181 0 offwind-ac,0.09399999999999997,491.54269712813607
glaum,1000,GB1 0AC_00195 0 offwind-ac,0.09399999999999986,334.0747469124808
glaum,1000,GB1 0AC_00204 0 offwind-ac,0.09407563432334265,131.9967098783341
glaum,1000,GB1 0AC_00206 0 offwind-ac,0.09399999999999986,129.32753783234904
glaum,1000,GB1 0AC_00216 0 offwind-ac,0.09402388878082335,328.98046588411796
glaum,1000,GB1 0AC_00223 0 offwind-ac,0.09402325038214399,23.47207779713205
glaum,1000,GB1 0AC_00225 0 offwind-ac,0.09400000000000008,146.52151411295057
glaum,1000,GB1 0AC_00241 0 offwind-ac,0.09402220193782962,6.716405125996484
glaum,1000,GB4 0AC_00006 0 offwind-ac,0.0940223201233662,5.301789391678619
glaum,1000,GB4 0AC_00007 0 offwind-ac,0.0940223201233662,8.675655368201433
glaum,1000,GB4 0AC_00026 0 offwind-ac,0.09399999999999997,114.96276518655449
glaum,1000,GB4 0AC_00028 0 offwind-ac,0.09412911079587938,100.85587442667114
glaum,1000,NL2 0AC_00002 0 offwind-ac,0.09402370650215897,416.82714577838607
glaum,1000,NL2 0AC_00015 0 offwind-ac,0.09406972569167715,425.06550981283783
glaum,1000,NL2 0AC_00029 0 offwind-ac,0.09406915494857238,389.8786132558068
glaum,1000,NL2 0AC_00033 0 offwind-ac,0.09402314937887124,454.39578419124064
glaum,1000,NL2 0AC_00037 0 offwind-ac,0.09399999999999997,3.0546369343015222e-12
glaum,1000,NL2 0AC_00038 0 offwind-ac,0.0940450261376452,209.59033824702115
glaum,1000,NL2 0AC_00039 0 offwind-ac,0.09412293520242576,641.3072188789387
glaum,1000,NL2 0AC_00042 0 offwind-ac,0.09404687217641683,761.6758702973348
glaum,1000,NL2 0AC_00048 0 offwind-ac,0.0940458392274095,131.6575182213457
glaum,1000,NL2 0AC_00049 0 offwind-ac,0.09402437578501666,1.5070496109887587e-10
glaum,1000,NL2 0AC_00056 0 offwind-ac,0.09409438561582939,905.0053655613824
glaum,1000,NL2 0AC_00059 0 offwind-ac,0.09399999999999997,7.566373289899063
glaum,1000,NL2 0AC_00062 0 offwind-ac,0.09404637929215587,197.07452710086324
glaum,1000,NL2 0AC_00078 0 offwind-ac,0.0940220720910605,1.387319649472748
glaum,1000,NL2 0AC_00080 0 offwind-ac,0.09402198465403822,76.34046410623435
glaum,1000,NL2 0AC_00083 0 offwind-ac,0.09404555056693831,129.80274235261044
glaum,1000,NO0 0AC_00120 0 offwind-ac,0.09414543688302468,1.725937998462912e-12
glaum,1000,NO0 0AC_00126 0 offwind-ac,0.09409649122606523,2.184771040090932e-12
glaum,1000,NO0 0AC_00127 0 offwind-ac,0.09411486057624852,1.4973692102822174e-12
glaum,1000,NO0 0AC_00130 0 offwind-ac,0.09412210129761744,2.5924507466265365e-12
glaum,1000,NO0 0AC_00146 0 offwind-ac,0.09406094723703429,2.436084361392413e-12
glaum,1000,NO0 0AC_00162 0 offwind-ac,0.0940281138832968,3.1060895086340885e-12
glaum,1000,NO0 0AC_00168 0 offwind-ac,0.09399999999999997,6.890146481232778e-12
glaum,1000,NO0 0AC_00179 0 offwind-ac,0.09413755471823726,2.0629883231853028e-12
glaum,1000,NO0 0AC_00183 0 offwind-ac,0.09409972833220459,1.2392893125361139e-12
glaum,1000,NO0 0AC_00208 0 offwind-ac,0.09406383195281365,2.3968925292242435e-12
glaum,1000,NO0 0AC_00209 0 offwind-ac,0.09446734914324362,1.1723339877685257e-12
glaum,1000,NO0 0AC_00224 0 offwind-ac,0.09409204293762341,2.604715113815303e-12
glaum,1000,NO0 0AC_00235 0 offwind-ac,0.09417405234382314,1.9500179981485782e-12
glaum,1000,NO0 0AC_00243 0 offwind-ac,0.09411514389459297,1.8494879681371265e-12
glaum,1000,NO0 0AC_00246 0 offwind-ac,0.09406899989530759,2.1250257986389622e-12
glaum,1000,BE2 0AC_00000 0 offwind-dc,0.0940221124627012,1.8758189015733276e-11
glaum,1000,BE2 0AC_00002 0 offwind-dc,0.09402196604000279,1.4494878949275592e-11
glaum,1000,DE2 0AC_00000 0 offwind-dc,0.09400000000000008,1411.8093262734924
glaum,1000,DE2 0AC_00001 0 offwind-dc,0.09406710343956781,5.6664776748362125e-11
glaum,1000,DE2 0AC_00002 0 offwind-dc,0.09406817907728293,1.149204990593463e-09
glaum,1000,DE2 0AC_00003 0 offwind-dc,0.09400000000000008,1515.7008618419352
glaum,1000,DE2 0AC_00004 0 offwind-dc,0.09399999999999997,1.5366710133069176e-10
glaum,1000,DE2 0AC_00005 0 offwind-dc,0.09404471977779438,155.92585550183637
glaum,1000,DE2 0AC_00006 0 offwind-dc,0.09408977593722745,6.902151639959849e-11
glaum,1000,DE2 0AC_00007 0 offwind-dc,0.094043992708016,8.856547921468729e-11
glaum,1000,DE2 0AC_00008 0 offwind-dc,0.09402179941471644,3.076449450777484e-10
glaum,1000,DE2 0AC_00009 0 offwind-dc,0.09402273383128734,9.075940232226479e-11
glaum,1000,DE2 0AC_00010 0 offwind-dc,0.09402299780020817,951.4135111701255
glaum,1000,DE2 0AC_00011 0 offwind-dc,0.09399999999999997,877.403881597878
glaum,1000,DE2 0AC_00012 0 offwind-dc,0.09402335560055763,9.466413964699263e-11
glaum,1000,DE2 0AC_00014 0 offwind-dc,0.09402325898151886,6.411476340742329e-11
glaum,1000,DE2 0AC_00015 0 offwind-dc,0.09406800722333453,987.2397494705297
glaum,1000,DE2 0AC_00017 0 offwind-dc,0.09402239776573451,1738.0267588975212
glaum,1000,DE2 0AC_00019 0 offwind-dc,0.09402112535488216,1427.2357373676596
glaum,1000,DE2 0AC_00020 0 offwind-dc,0.09406706208247761,1358.5526120234792
glaum,1000,DE2 0AC_00021 0 offwind-dc,0.0940000000000002,6.322060208939394e-10
glaum,1000,DE2 0AC_00022 0 offwind-dc,0.09399999999999997,2.189460465369825e-11
glaum,1000,DE2 0AC_00026 0 offwind-dc,0.094046606340211,3.0562752579233096e-11
glaum,1000,DE2 0AC_00028 0 offwind-dc,0.09400000000000008,407.95603855071124
glaum,1000,DE2 0AC_00030 0 offwind-dc,0.09406609794941945,958.2570038026296
glaum,1000,DE2 0AC_00031 0 offwind-dc,0.0940660399024641,165.19648549207037
glaum,1000,DE2 0AC_00032 0 offwind-dc,0.09399999999999997,1.4626657801831213e-09
glaum,1000,DE2 0AC_00033 0 offwind-dc,0.09402217043256567,9.271924986651468e-11
glaum,1000,DE2 0AC_00034 0 offwind-dc,0.09404488000038336,6.86336976867096e-10
glaum,1000,DE2 0AC_00035 0 offwind-dc,0.09402334026902615,78.13179806650831
glaum,1000,DE2 0AC_00036 0 offwind-dc,0.0940685343200598,5.526796259808723e-11
glaum,1000,DE2 0AC_00037 0 offwind-dc,0.09399999999999986,2.740780936948282e-11
glaum,1000,DE2 0AC_00038 0 offwind-dc,0.09402219739741924,7.903559890326536e-11
glaum,1000,DE2 0AC_00043 0 offwind-dc,0.09406744015515955,1.1023572398394724e-10
glaum,1000,DE2 0AC_00045 0 offwind-dc,0.09399999999999986,1.2808594534709458e-11
glaum,1000,DK2 0AC_00001 0 offwind-dc,0.09402264721023401,5.988657004231574e-12
glaum,1000,DK2 0AC_00002 0 offwind-dc,0.09402222853752107,6.290425377106886e-12
glaum,1000,DK2 0AC_00005 0 offwind-dc,0.09402219953585522,5.896860922841116e-12
glaum,1000,DK2 0AC_00006 0 offwind-dc,0.09404529525811578,8.090856048416567e-12
glaum,1000,DK2 0AC_00007 0 offwind-dc,0.09404425311942632,6.970350463206427e-12
glaum,1000,DK2 0AC_00008 0 offwind-dc,0.09404541957743073,6.0113819680012435e-12
glaum,1000,DK2 0AC_00009 0 offwind-dc,0.09399999999999986,6.733669664502606e-12
glaum,1000,DK2 0AC_00010 0 offwind-dc,0.09402260150555297,6.387356960335829e-12
glaum,1000,DK2 0AC_00011 0 offwind-dc,0.09400000000000008,6.123684204102251e-12
glaum,1000,DK2 0AC_00012 0 offwind-dc,0.09402199162307912,1.3340596309716898e-11
glaum,1000,DK2 0AC_00013 0 offwind-dc,0.09399999999999997,7.587326576742884e-12
glaum,1000,DK2 0AC_00014 0 offwind-dc,0.0940000000000003,7.090588158676108e-12
glaum,1000,DK2 0AC_00015 0 offwind-dc,0.0940212553930656,1.0450712514660551e-11
glaum,1000,DK2 0AC_00016 0 offwind-dc,0.0940425550783125,7.547473387045285e-12
glaum,1000,DK2 0AC_00017 0 offwind-dc,0.09400000000000008,6.444054825964243e-12
glaum,1000,DK2 0AC_00018 0 offwind-dc,0.09399999999999986,7.952053813112812e-12
glaum,1000,DK2 0AC_00019 0 offwind-dc,0.094063232468509,9.751169622362574e-12
glaum,1000,DK2 0AC_00020 0 offwind-dc,0.09399999999999986,6.950515489614144e-12
glaum,1000,DK2 0AC_00022 0 offwind-dc,0.09402329931422915,6.746815654121924e-12
glaum,1000,DK2 0AC_00024 0 offwind-dc,0.09406307621957688,1.871085163804623e-11
glaum,1000,DK2 0AC_00025 0 offwind-dc,0.0940648810809035,7.058291242744315e-12
glaum,1000,DK2 0AC_00026 0 offwind-dc,0.09400000000000008,7.718241916209956e-12
glaum,1000,DK2 0AC_00027 0 offwind-dc,0.09400000000000008,8.533739559291421e-12
glaum,1000,DK2 0AC_00028 0 offwind-dc,0.09402198982642218,5.356883443069453e-11
glaum,1000,DK2 0AC_00029 0 offwind-dc,0.09404187454893187,1639.0692215919223
glaum,1000,DK2 0AC_00030 0 offwind-dc,0.09404291520868413,7.181125125023968e-12
glaum,1000,DK2 0AC_00031 0 offwind-dc,0.09402289377647433,7.936425880953398e-12
glaum,1000,DK2 0AC_00032 0 offwind-dc,0.09402139283540678,1.1968563497157053e-11
glaum,1000,DK2 0AC_00033 0 offwind-dc,0.09406403194768342,1.0100519668926069e-11
glaum,1000,DK2 0AC_00034 0 offwind-dc,0.09404173217960199,1441.884779174143
glaum,1000,DK2 0AC_00035 0 offwind-dc,0.09399999999999997,6.94294243203493e-12
glaum,1000,DK2 0AC_00036 0 offwind-dc,0.09402252373652575,8.142467499994156e-12
glaum,1000,DK2 0AC_00037 0 offwind-dc,0.0940000000000002,1.6802409158253326e-11
glaum,1000,DK2 0AC_00038 0 offwind-dc,0.09404298925075694,1.068166067642698e-11
glaum,1000,DK2 0AC_00039 0 offwind-dc,0.0940225052689877,8.700496591011504e-12
glaum,1000,DK2 0AC_00040 0 offwind-dc,0.09399999999999997,2.100136375132776e-11
glaum,1000,DK2 0AC_00041 0 offwind-dc,0.09399999999999986,1.3400243824741955e-11
glaum,1000,DK2 0AC_00042 0 offwind-dc,0.09404331636601526,6.78252908287892e-12
glaum,1000,DK2 0AC_00044 0 offwind-dc,0.09406249788398569,1667.1151781230037
glaum,1000,DK2 0AC_00045 0 offwind-dc,0.09406660523911548,7.787942914851267e-12
glaum,1000,DK2 0AC_00046 0 offwind-dc,0.09404221223079734,4.591120492859907e-11
glaum,1000,DK2 0AC_00047 0 offwind-dc,0.09404368864295631,9.099669293074308e-12
glaum,1000,DK2 0AC_00048 0 offwind-dc,0.0940209381865722,3.579465012199904e-11
glaum,1000,DK2 0AC_00050 0 offwind-dc,0.09402130046651602,1057.4820795751868
glaum,1000,DK2 0AC_00054 0 offwind-dc,0.09402164072880459,2.2873794448525045e-11
glaum,1000,DK2 0AC_00056 0 offwind-dc,0.09402247700831434,1.772247308396575e-11
glaum,1000,DK2 0AC_00073 0 offwind-dc,0.094043277500244,70.78018358081371
glaum,1000,FR2 0AC_00000 0 offwind-dc,0.09402311385593509,167.99999999996547
glaum,1000,FR2 0AC_00001 0 offwind-dc,0.09402276488327865,3.4529242244944385e-11
glaum,1000,GB1 0AC_00014 0 offwind-dc,0.09404892159952638,1084.6557798088884
glaum,1000,GB1 0AC_00042 0 offwind-dc,0.09409316782624522,1236.9243670915725
glaum,1000,GB1 0AC_00044 0 offwind-dc,0.09406600490829631,1577.3606394561211
glaum,1000,GB1 0AC_00139 0 offwind-dc,0.09402251610286816,3.498239017927149e-11
glaum,1000,GB1 0AC_00144 0 offwind-dc,0.09399999999999986,7.597383083464323e-11
glaum,1000,GB1 0AC_00147 0 offwind-dc,0.09399999999999997,2.733554268398565e-11
glaum,1000,GB1 0AC_00148 0 offwind-dc,0.09399999999999997,8.386928864755779e-11
glaum,1000,GB1 0AC_00163 0 offwind-dc,0.09402284993209542,1.171901729157853e-09
glaum,1000,GB1 0AC_00183 0 offwind-dc,0.09402191084715261,3.2230271750577635e-11
glaum,1000,GB1 0AC_00184 0 offwind-dc,0.09402228175185623,7.022423115661536e-10
glaum,1000,GB1 0AC_00186 0 offwind-dc,0.09404464929712475,1586.0850732733852
glaum,1000,GB1 0AC_00189 0 offwind-dc,0.09404449618119182,1245.7730895762602
glaum,1000,GB1 0AC_00192 0 offwind-dc,0.09404522280239624,4.2822569826785314e-11
glaum,1000,GB1 0AC_00196 0 offwind-dc,0.09399999999999997,6.030116996474088e-11
glaum,1000,GB1 0AC_00199 0 offwind-dc,0.09400000000000008,4.427809679125794e-11
glaum,1000,GB1 0AC_00200 0 offwind-dc,0.09404660925040276,2.8993764818081653e-10
glaum,1000,GB1 0AC_00201 0 offwind-dc,0.09404565532183295,2.7372411196352977e-10
glaum,1000,GB1 0AC_00202 0 offwind-dc,0.09402280737173419,1.9487278281300317e-11
glaum,1000,GB1 0AC_00205 0 offwind-dc,0.09399999999999986,5.780887676544446e-10
glaum,1000,GB1 0AC_00207 0 offwind-dc,0.09404665619280395,2.4971829900578737e-11
glaum,1000,GB1 0AC_00209 0 offwind-dc,0.09402275275906324,5.1466722164387715e-11
glaum,1000,GB1 0AC_00210 0 offwind-dc,0.09404524208230003,5.793755513398459e-11
glaum,1000,GB1 0AC_00214 0 offwind-dc,0.09402250847548999,591.9486720681288
glaum,1000,GB1 0AC_00215 0 offwind-dc,0.0940434408098545,8.106764630807635e-11
glaum,1000,GB1 0AC_00217 0 offwind-dc,0.09400000000000008,921.4261295492756
glaum,1000,GB1 0AC_00218 0 offwind-dc,0.0940234878573063,8.217643855068145e-11
glaum,1000,GB1 0AC_00221 0 offwind-dc,0.09400000000000008,4.918677352633883e-11
glaum,1000,GB1 0AC_00222 0 offwind-dc,0.09399999999999997,4.090519625582121e-11
glaum,1000,GB1 0AC_00226 0 offwind-dc,0.09402299481249354,423.5554603061867
glaum,1000,GB1 0AC_00227 0 offwind-dc,0.09402341333874031,1.0605289970862252e-10
glaum,1000,GB1 0AC_00228 0 offwind-dc,0.09399999999999997,4.201193167079215e-10
glaum,1000,GB1 0AC_00230 0 offwind-dc,0.09400000000000008,621.991021979122
glaum,1000,GB1 0AC_00231 0 offwind-dc,0.09399999999999986,2.608974963287109e-11
glaum,1000,GB1 0AC_00234 0 offwind-dc,0.09404530850837511,5.1255746294456923e-11
glaum,1000,GB1 0AC_00236 0 offwind-dc,0.09400000000000008,8.495607765083583e-11
glaum,1000,GB1 0AC_00239 0 offwind-dc,0.09402258499657357,83.89051091338008
glaum,1000,GB1 0AC_00240 0 offwind-dc,0.09399999999999997,5.4658836149152725e-11
glaum,1000,GB1 0AC_00243 0 offwind-dc,0.09399999999999997,7.149619797776784e-11
glaum,1000,GB1 0AC_00244 0 offwind-dc,0.09399999999999997,3.400142428005564e-11
glaum,1000,GB1 0AC_00246 0 offwind-dc,0.09399999999999997,4.134668080808745e-11
glaum,1000,GB1 0AC_00247 0 offwind-dc,0.09399999999999997,6.6225408164972e-11
glaum,1000,GB1 0AC_00248 0 offwind-dc,0.09402200411532058,83.49806845249617
glaum,1000,GB1 0AC_00249 0 offwind-dc,0.09404296513277055,328.78617491807404
glaum,1000,GB1 0AC_00251 0 offwind-dc,0.09406688117763906,3.7424341865583226e-11
glaum,1000,GB1 0AC_00252 0 offwind-dc,0.09402317385096448,1267.3368458142895
glaum,1000,GB1 0AC_00253 0 offwind-dc,0.09402197504203069,4.322448980489195e-11
glaum,1000,GB1 0AC_00254 0 offwind-dc,0.09402299557042659,8.218994499739083e-11
glaum,1000,GB1 0AC_00255 0 offwind-dc,0.09404465111993254,156.44228145217403
glaum,1000,GB1 0AC_00257 0 offwind-dc,0.09399999999999986,2.9024752919976564e-11
glaum,1000,GB1 0AC_00259 0 offwind-dc,0.09399999999999997,423.0003021375867
glaum,1000,GB1 0AC_00260 0 offwind-dc,0.09399999999999997,160.926526054199
glaum,1000,GB1 0AC_00261 0 offwind-dc,0.09399999999999986,546.7622605086455
glaum,1000,GB1 0AC_00263 0 offwind-dc,0.09402196677086905,2.449594610851017e-10
glaum,1000,GB1 0AC_00264 0 offwind-dc,0.09402137240646868,377.87587755968684
glaum,1000,GB1 0AC_00265 0 offwind-dc,0.0940000000000002,1057.4058058882042
glaum,1000,GB1 0AC_00266 0 offwind-dc,0.09402267480553406,5.2041334970123927e-11
glaum,1000,GB1 0AC_00267 0 offwind-dc,0.09399999999999986,4.973977534252645e-11
glaum,1000,GB1 0AC_00269 0 offwind-dc,0.09402172629015726,1827.7850698789389
glaum,1000,GB1 0AC_00270 0 offwind-dc,0.09402205581573597,6.739502458118597e-11
glaum,1000,GB1 0AC_00271 0 offwind-dc,0.09402225247370888,1093.0613381387568
glaum,1000,GB1 0AC_00272 0 offwind-dc,0.09402247239850747,5.505201613418335e-11
glaum,1000,GB1 0AC_00274 0 offwind-dc,0.09402181815205757,1721.5844685364782
glaum,1000,GB4 0AC_00002 0 offwind-dc,0.09399999999999997,2.637156702041545e-11
glaum,1000,GB4 0AC_00003 0 offwind-dc,0.09402180486333112,5.334619043369186e-11
glaum,1000,GB4 0AC_00008 0 offwind-dc,0.09413626141705822,9.274086295493873e-12
glaum,1000,GB4 0AC_00012 0 offwind-dc,0.09399999999999975,579.717541689605
glaum,1000,NL2 0AC_00000 0 offwind-dc,0.09399999999999986,3.811906581010957e-11
glaum,1000,NL2 0AC_00001 0 offwind-dc,0.0940216695784033,60.05941185445894
glaum,1000,NL2 0AC_00004 0 offwind-dc,0.09400000000000008,8.853460255529224e-11
glaum,1000,NL2 0AC_00005 0 offwind-dc,0.09399999999999986,339.4823002062356
glaum,1000,NL2 0AC_00006 0 offwind-dc,0.09402206259068158,501.6240071441765
glaum,1000,NL2 0AC_00007 0 offwind-dc,0.09402167258634586,1.6665700090595944e-11
glaum,1000,NL2 0AC_00008 0 offwind-dc,0.09400000000000008,4.214042342303934e-11
glaum,1000,NL2 0AC_00010 0 offwind-dc,0.09402095136384425,259.6113361522323
glaum,1000,NL2 0AC_00013 0 offwind-dc,0.094045492648406,131.8229590573804
glaum,1000,NL2 0AC_00014 0 offwind-dc,0.09402242374955028,708.0720352135731
glaum,1000,NL2 0AC_00016 0 offwind-dc,0.09406478780416827,128.343679714297
glaum,1000,NL2 0AC_00017 0 offwind-dc,0.09400000000000008,1720.6305768703007
glaum,1000,NL2 0AC_00019 0 offwind-dc,0.09399999999999986,2.93008069342146e-11
glaum,1000,NL2 0AC_00020 0 offwind-dc,0.09402296682522604,1395.7743052875114
glaum,1000,NL2 0AC_00021 0 offwind-dc,0.09400000000000008,943.3712606758297
glaum,1000,NL2 0AC_00026 0 offwind-dc,0.09402325617166518,4.1664438928644394e-11
glaum,1000,NL2 0AC_00028 0 offwind-dc,0.0940000000000003,509.97851889498776
glaum,1000,NL2 0AC_00031 0 offwind-dc,0.09404428463127723,1960.7032272578356
glaum,1000,NL2 0AC_00040 0 offwind-dc,0.0940438726729036,4.4047269617591934e-11
glaum,1000,NL2 0AC_00045 0 offwind-dc,0.09399999999999997,4.219591207366997e-11
glaum,1000,NL2 0AC_00051 0 offwind-dc,0.09399999999999997,4.591542788835564e-11
glaum,1000,NL2 0AC_00057 0 offwind-dc,0.09400000000000008,3.990735577448081e-11
glaum,1000,NL2 0AC_00063 0 offwind-dc,0.09399999999999997,4.287262274702629e-11
glaum,1000,NL2 0AC_00065 0 offwind-dc,0.09402316292186297,4.843253636099623e-11
glaum,1000,NL2 0AC_00066 0 offwind-dc,0.0940000000000003,4.2771335913595434e-11
glaum,1000,NL2 0AC_00068 0 offwind-dc,0.09399999999999997,1.1299749877731583e-10
glaum,1000,NL2 0AC_00069 0 offwind-dc,0.09404436946817707,6.690120291435152e-11
glaum,1000,NL2 0AC_00070 0 offwind-dc,0.09404621642980204,6.793477926007231e-11
glaum,1000,NL2 0AC_00071 0 offwind-dc,0.09404512685578936,1760.666037937254
glaum,1000,NL2 0AC_00072 0 offwind-dc,0.09399999999999997,775.8868420072483
glaum,1000,NL2 0AC_00073 0 offwind-dc,0.09402234612304594,4.532256958017551e-11
glaum,1000,NL2 0AC_00075 0 offwind-dc,0.0940000000000002,9.099166514511793e-11
glaum,1000,NL2 0AC_00076 0 offwind-dc,0.09404544636622192,1.8514850075565287e-10
glaum,1000,NL2 0AC_00081 0 offwind-dc,0.0940000000000002,1256.029185221535
glaum,1000,NL2 0AC_00082 0 offwind-dc,0.0940898849923435,5.147513532397096e-10
glaum,1000,NL2 0AC_00084 0 offwind-dc,0.09402335484557744,3.967397546304208e-11
glaum,1000,NL2 0AC_00085 0 offwind-dc,0.09404461753474869,1800.3695257583506
glaum,1000,NO0 0AC_00073 0 offwind-dc,0.09402189257727978,8.504561744440527e-12
glaum,1000,NO0 0AC_00104 0 offwind-dc,0.09402149139632565,1.2654037342496e-11
glaum,1000,NO0 0AC_00137 0 offwind-dc,0.09404354107973179,1.1379734528601837e-10
glaum,1000,NO0 0AC_00159 0 offwind-dc,0.09404281581457163,1736.0767727085197
glaum,1000,NO0 0AC_00160 0 offwind-dc,0.09399999999999986,299.7418200629381
glaum,1000,NO0 0AC_00173 0 offwind-dc,0.09399999999999964,964.1814072281036
glaum,1000,DE2 0AC_00040 0 offwind-float,0.09402145340970802,1.2952955725123656e-12
glaum,1000,DE2 0AC_00042 0 offwind-float,0.0940000000000003,1.2356945586540946e-12
glaum,1000,DK2 0AC_00003 0 offwind-float,0.09399999999999975,1.1559062423105077e-12
glaum,1000,DK2 0AC_00004 0 offwind-float,0.09402158721218445,1.168038268079285e-12
glaum,1000,DK2 0AC_00023 0 offwind-float,0.09402093481271068,1.3795982822863399e-12
glaum,1000,DK2 0AC_00043 0 offwind-float,0.09400000000000008,1.3574990514044051e-12
glaum,1000,DK2 0AC_00058 0 offwind-float,0.09402057483135917,1.3744550094308456e-12
glaum,1000,DK2 0AC_00064 0 offwind-float,0.09400000000000008,1.4007068447542671e-12
glaum,1000,DK2 0AC_00069 0 offwind-float,0.09408709320873476,1.375739805063687e-12
glaum,1000,DK2 0AC_00070 0 offwind-float,0.09406567994639103,1.3641875245793595e-12
glaum,1000,DK2 0AC_00075 0 offwind-float,0.09399999999999986,1.3261825758308241e-12
glaum,1000,DK2 0AC_00076 0 offwind-float,0.09404590293762327,1.3043423167222065e-12
glaum,1000,GB1 0AC_00006 0 offwind-float,0.09403276256364623,1.0421013347040562e-12
glaum,1000,GB1 0AC_00009 0 offwind-float,0.09399999999999997,1.7776770373921186e-12
glaum,1000,GB1 0AC_00011 0 offwind-float,0.09399999999999997,1.35840381522369e-12
glaum,1000,GB1 0AC_00015 0 offwind-float,0.09404635678636886,1.6215534457669526e-12
glaum,1000,GB1 0AC_00016 0 offwind-float,0.09404862191086871,1.4212158006708843e-12
glaum,1000,GB1 0AC_00020 0 offwind-float,0.0940224996846728,1.6135894343962894e-12
glaum,1000,GB1 0AC_00022 0 offwind-float,0.09404728403127605,1.4632775936873215e-12
glaum,1000,GB1 0AC_00023 0 offwind-float,0.094049386765506,1.2935340573953838e-12
glaum,1000,GB1 0AC_00025 0 offwind-float,0.09402265517874864,1.7007943930422234e-12
glaum,1000,GB1 0AC_00026 0 offwind-float,0.09407017843287835,1.7174433063477385e-12
glaum,1000,GB1 0AC_00027 0 offwind-float,0.09399999999999997,1.5228361227672398e-12
glaum,1000,GB1 0AC_00033 0 offwind-float,0.09404507050091504,1.6446695666295993e-12
glaum,1000,GB1 0AC_00036 0 offwind-float,0.09402395071580683,1.5430982883358585e-12
glaum,1000,GB1 0AC_00037 0 offwind-float,0.09400000000000008,1.7561624327149371e-12
glaum,1000,GB1 0AC_00038 0 offwind-float,0.09399999999999997,1.8030866700717616e-12
glaum,1000,GB1 0AC_00039 0 offwind-float,0.09399999999999997,1.3923545266471115e-12
glaum,1000,GB1 0AC_00040 0 offwind-float,0.09409682790630414,1.4077712610210563e-12
glaum,1000,GB1 0AC_00045 0 offwind-float,0.09411611366254191,1.5340623164755707e-12
glaum,1000,GB1 0AC_00046 0 offwind-float,0.09404546947981873,1.5471728794034675e-12
glaum,1000,GB1 0AC_00047 0 offwind-float,0.0940251386189137,1.3334396120347804e-12
glaum,1000,GB1 0AC_00048 0 offwind-float,0.09402320241076867,1.5129357289148655e-12
glaum,1000,GB1 0AC_00049 0 offwind-float,0.09404721823874262,1.5048678163992904e-12
glaum,1000,GB1 0AC_00050 0 offwind-float,0.09402320786527252,1.7536483916829958e-12
glaum,1000,GB1 0AC_00051 0 offwind-float,0.09402241305668924,1.7338417507855225e-12
glaum,1000,GB1 0AC_00052 0 offwind-float,0.09404569734523327,1.5302648214677776e-12
glaum,1000,GB1 0AC_00054 0 offwind-float,0.09399999999999986,1.2687141241085498e-12
glaum,1000,GB1 0AC_00058 0 offwind-float,0.09404507523229388,1.4374899362476933e-12
glaum,1000,GB1 0AC_00059 0 offwind-float,0.09402372078274623,1.3492907928824065e-12
glaum,1000,GB1 0AC_00062 0 offwind-float,0.09399999999999997,1.1704477041736186e-12
glaum,1000,GB1 0AC_00064 0 offwind-float,0.09404793457071381,1.397323337395555e-12
glaum,1000,GB1 0AC_00072 0 offwind-float,0.09399999999999986,1.249478744138299e-12
glaum,1000,GB1 0AC_00082 0 offwind-float,0.09407482852210802,1.327006751552664e-12
glaum,1000,GB1 0AC_00092 0 offwind-float,0.09404856588327437,1.3278560472957282e-12
glaum,1000,GB1 0AC_00097 0 offwind-float,0.09409587502089423,1.3537714466282238e-12
glaum,1000,GB1 0AC_00098 0 offwind-float,0.09399999999999997,1.34629035786357e-12
glaum,1000,GB1 0AC_00113 0 offwind-float,0.09404588343573361,1.3620489847341535e-12
glaum,1000,GB1 0AC_00119 0 offwind-float,0.09402396368299404,1.3569738238168112e-12
glaum,1000,GB1 0AC_00120 0 offwind-float,0.09404726031339417,1.5141625288566263e-12
glaum,1000,GB1 0AC_00134 0 offwind-float,0.09400000000000008,1.3771750939290729e-12
glaum,1000,GB1 0AC_00140 0 offwind-float,0.09404611931986384,1.3899561371490826e-12
glaum,1000,GB1 0AC_00150 0 offwind-float,0.09402188820008928,1.3948318980080597e-12
glaum,1000,GB1 0AC_00162 0 offwind-float,0.09407154726478062,1.530910338477422e-12
glaum,1000,GB1 0AC_00211 0 offwind-float,0.09404441901572314,1.4265321859178715e-12
glaum,1000,GB4 0AC_00000 0 offwind-float,0.09402494480964874,1.2305917853462732e-12
glaum,1000,GB4 0AC_00004 0 offwind-float,0.09399999999999997,1.3787644770506038e-12
glaum,1000,GB4 0AC_00005 0 offwind-float,0.09404480461684384,1.2996643119646609e-12
glaum,1000,GB4 0AC_00009 0 offwind-float,0.09402299690357252,1.432606722738406e-12
glaum,1000,GB4 0AC_00015 0 offwind-float,0.09402281217357167,1.4712368144363287e-12
glaum,1000,GB4 0AC_00018 0 offwind-float,0.09399999999999997,1.5165243661424535e-12
glaum,1000,GB4 0AC_00029 0 offwind-float,0.09402216879573866,1.4595972345599422e-12
glaum,1000,GB4 0AC_00032 0 offwind-float,0.09399999999999986,1.5389022791444888e-12
glaum,1000,GB4 0AC_00034 0 offwind-float,0.09402147580197384,1.4649945523301028e-12
glaum,1000,GB4 0AC_00037 0 offwind-float,0.09400000000000008,1.5243051929560187e-12
glaum,1000,GB4 0AC_00042 0 offwind-float,0.09404318781379861,1.4878806918834188e-12
glaum,1000,GB4 0AC_00052 0 offwind-float,0.0940000000000002,1.4674178772730227e-12
glaum,1000,NL2 0AC_00027 0 offwind-float,0.09404671167715828,1.271880192499362e-12
glaum,1000,NL2 0AC_00060 0 offwind-float,0.09400000000000008,9.532384874586222e-13
glaum,1000,NL2 0AC_00064 0 offwind-float,0.0940000000000002,1.241816241258603e-12
glaum,1000,NL2 0AC_00074 0 offwind-float,0.09402350104090074,1.24978279286918e-12
glaum,1000,NL2 0AC_00077 0 offwind-float,0.0940220720910605,1.2469627227249768e-12
glaum,1000,NL2 0AC_00079 0 offwind-float,0.09402462930220534,1.1637800967372212e-12
glaum,1000,NO0 0AC_00003 0 offwind-float,0.09399999999999997,1.1085688589985737e-12
glaum,1000,NO0 0AC_00004 0 offwind-float,0.09402276525090925,1.1139462931091289e-12
glaum,1000,NO0 0AC_00005 0 offwind-float,0.09402282099540538,1.116309408004026e-12
glaum,1000,NO0 0AC_00011 0 offwind-float,0.09399999999999986,1.1487677761982932e-12
glaum,1000,NO0 0AC_00014 0 offwind-float,0.09402250338409579,1.102778746109004e-12
glaum,1000,NO0 0AC_00015 0 offwind-float,0.09399999999999975,1.0881948642963645e-12
glaum,1000,NO0 0AC_00017 0 offwind-float,0.09404844371695731,1.1215418631319021e-12
glaum,1000,NO0 0AC_00024 0 offwind-float,0.09402384525415597,1.1059638969810084e-12
glaum,1000,NO0 0AC_00037 0 offwind-float,0.09402211806240723,1.1595346488840304e-12
glaum,1000,NO0 0AC_00039 0 offwind-float,0.09402305601904715,1.1226575699611594e-12
glaum,1000,NO0 0AC_00045 0 offwind-float,0.0940453213689082,1.1627159962715404e-12
glaum,1000,NO0 0AC_00048 0 offwind-float,0.09402290611454533,1.0890762085404587e-12
glaum,1000,NO0 0AC_00053 0 offwind-float,0.09400000000000008,1.1695205548273388e-12
glaum,1000,NO0 0AC_00065 0 offwind-float,0.09402208718320326,1.1791622679540972e-12
glaum,1000,NO0 0AC_00069 0 offwind-float,0.09402480911537514,9.57837518078313e-13
glaum,1000,NO0 0AC_00072 0 offwind-float,0.0940224818006209,1.1643029666581064e-12
glaum,1000,NO0 0AC_00074 0 offwind-float,0.09404666108257753,1.182776892136605e-12
glaum,1000,NO0 0AC_00078 0 offwind-float,0.09404869883056333,1.0116433933415033e-12
glaum,1000,NO0 0AC_00080 0 offwind-float,0.09402219696625447,1.195833510525004e-12
glaum,1000,NO0 0AC_00083 0 offwind-float,0.09402238805570073,1.1654012866543777e-12
glaum,1000,NO0 0AC_00084 0 offwind-float,0.09410151717384863,1.0086043001388852e-12
glaum,1000,NO0 0AC_00085 0 offwind-float,0.0940524859519174,9.678208909275423e-13
glaum,1000,NO0 0AC_00086 0 offwind-float,0.09407577521140542,1.01217426479971e-12
glaum,1000,NO0 0AC_00088 0 offwind-float,0.09400000000000008,1.1953584403549135e-12
glaum,1000,NO0 0AC_00089 0 offwind-float,0.09402289433369337,1.092840336119198e-12
glaum,1000,NO0 0AC_00090 0 offwind-float,0.09402290998795682,1.2084474273327153e-12
glaum,1000,NO0 0AC_00091 0 offwind-float,0.09402142027165161,1.2279331998627892e-12
glaum,1000,NO0 0AC_00093 0 offwind-float,0.09402177831616176,1.2185873004479306e-12
glaum,1000,NO0 0AC_00094 0 offwind-float,0.09404994431145097,9.958472414891775e-13
glaum,1000,NO0 0AC_00095 0 offwind-float,0.09399999999999986,1.1956970426651815e-12
glaum,1000,NO0 0AC_00096 0 offwind-float,0.0940000000000002,1.2200572853298107e-12
glaum,1000,NO0 0AC_00097 0 offwind-float,0.09399999999999997,1.2207131602397649e-12
glaum,1000,NO0 0AC_00098 0 offwind-float,0.09400000000000008,1.2382706094233646e-12
glaum,1000,NO0 0AC_00099 0 offwind-float,0.09402314913016618,1.180118260486016e-12
glaum,1000,NO0 0AC_00100 0 offwind-float,0.09402425872277842,1.1141286310916545e-12
glaum,1000,NO0 0AC_00101 0 offwind-float,0.09405095756344284,1.024766086261463e-12
glaum,1000,NO0 0AC_00102 0 offwind-float,0.09402627499240401,9.639983255252324e-13
glaum,1000,NO0 0AC_00103 0 offwind-float,0.09406014825888209,8.436092559268517e-13
glaum,1000,NO0 0AC_00105 0 offwind-float,0.09402322419618492,1.223405900330923e-12
glaum,1000,NO0 0AC_00106 0 offwind-float,0.09402223620177219,1.2727000193738424e-12
glaum,1000,NO0 0AC_00107 0 offwind-float,0.09402248588651518,1.2555104856431468e-12
glaum,1000,NO0 0AC_00108 0 offwind-float,0.09402233119737957,1.1392434029104651e-12
glaum,1000,NO0 0AC_00109 0 offwind-float,0.0940228630486426,1.2179814870899786e-12
glaum,1000,NO0 0AC_00110 0 offwind-float,0.09404891585355701,1.0480168651989068e-12
glaum,1000,NO0 0AC_00111 0 offwind-float,0.09402643347446404,9.53513098981432e-13
glaum,1000,NO0 0AC_00112 0 offwind-float,0.09399999999999997,1.2394469774677367e-12
glaum,1000,NO0 0AC_00113 0 offwind-float,0.0940248633844073,1.0438197124497511e-12
glaum,1000,NO0 0AC_00114 0 offwind-float,0.09402565376916405,9.69354047959547e-13
glaum,1000,NO0 0AC_00115 0 offwind-float,0.09404225075259054,1.2900603256122706e-12
glaum,1000,NO0 0AC_00116 0 offwind-float,0.09402314248399446,1.166151960279034e-12
glaum,1000,NO0 0AC_00117 0 offwind-float,0.09399999999999986,1.2326841079999809e-12
glaum,1000,NO0 0AC_00118 0 offwind-float,0.09399999999999997,1.2616108921357631e-12
glaum,1000,NO0 0AC_00119 0 offwind-float,0.09413944962939702,6.311288169376406e-13
glaum,1000,NO0 0AC_00121 0 offwind-float,0.09414543688302446,7.160856355198599e-13
glaum,1000,NO0 0AC_00123 0 offwind-float,0.09415020692388387,7.070179694290429e-13
glaum,1000,NO0 0AC_00125 0 offwind-float,0.0940890609688344,8.409224956345691e-13
glaum,1000,NO0 0AC_00128 0 offwind-float,0.09411486057624852,6.798976986581457e-13
glaum,1000,NO0 0AC_00129 0 offwind-float,0.09412210129761744,8.171079719242278e-13
glaum,1000,NO0 0AC_00131 0 offwind-float,0.09399999999999997,1.272878715348931e-12
glaum,1000,NO0 0AC_00132 0 offwind-float,0.09399999999999997,1.2479329260311e-12
glaum,1000,NO0 0AC_00133 0 offwind-float,0.09399999999999997,1.2741446426057854e-12
glaum,1000,NO0 0AC_00134 0 offwind-float,0.09399999999999975,1.2963730760116671e-12
glaum,1000,NO0 0AC_00135 0 offwind-float,0.09404327200707874,1.2263890226453747e-12
glaum,1000,NO0 0AC_00136 0 offwind-float,0.09399999999999986,1.0969221990715873e-12
glaum,1000,NO0 0AC_00138 0 offwind-float,0.0940812304066625,9.44379370349886e-13
glaum,1000,NO0 0AC_00139 0 offwind-float,0.09408294876902501,9.298213209113374e-13
glaum,1000,NO0 0AC_00140 0 offwind-float,0.09410798738892501,7.269931069468215e-13
glaum,1000,NO0 0AC_00141 0 offwind-float,0.09416187180424118,8.080218636869918e-13
glaum,1000,NO0 0AC_00142 0 offwind-float,0.09412283022385293,6.663185097679633e-13
glaum,1000,NO0 0AC_00143 0 offwind-float,0.09412283022385293,6.69305566134598e-13
glaum,1000,NO0 0AC_00144 0 offwind-float,0.09412283022385293,6.762122227488978e-13
glaum,1000,NO0 0AC_00149 0 offwind-float,0.09494326831923516,2.8068696808665194e-13
glaum,1000,NO0 0AC_00150 0 offwind-float,0.09490450830974184,3.7219703452402744e-13
glaum,1000,NO0 0AC_00151 0 offwind-float,0.09461203450999633,3.907918310020009e-13
glaum,1000,NO0 0AC_00152 0 offwind-float,0.09492365882947373,3.936704682412301e-13
glaum,1000,NO0 0AC_00154 0 offwind-float,0.09474154022393333,4.357711230058017e-13
glaum,1000,NO0 0AC_00155 0 offwind-float,0.0940426158347969,1.315509376373938e-12
glaum,1000,NO0 0AC_00156 0 offwind-float,0.09402299827612748,1.1604132644396206e-12
glaum,1000,NO0 0AC_00157 0 offwind-float,0.09399999999999986,1.2945983523110653e-12
glaum,1000,NO0 0AC_00158 0 offwind-float,0.09404442730923823,1.2309750646051588e-12
glaum,1000,NO0 0AC_00161 0 offwind-float,0.09402017781994554,1.3294904628027518e-12
glaum,1000,NO0 0AC_00163 0 offwind-float,0.09418816666102847,6.484852763178845e-13
glaum,1000,NO0 0AC_00166 0 offwind-float,0.09402089368942357,1.3045097103147204e-12
glaum,1000,NO0 0AC_00167 0 offwind-float,0.09404664769327842,1.1521648912843354e-12
glaum,1000,NO0 0AC_00169 0 offwind-float,0.09419372901759537,6.287246490087047e-13
glaum,1000,NO0 0AC_00172 0 offwind-float,0.09516715551490595,4.1038081645863163e-13
glaum,1000,NO0 0AC_00174 0 offwind-float,0.09460375061347803,4.91213068509726e-13
glaum,1000,NO0 0AC_00176 0 offwind-float,0.09507923729910561,3.7570616972340946e-13
glaum,1000,NO0 0AC_00177 0 offwind-float,0.0946356904587593,4.3811416453146114e-13
glaum,1000,NO0 0AC_00178 0 offwind-float,0.09404119896761276,1.3341120797190933e-12
glaum,1000,NO0 0AC_00181 0 offwind-float,0.09402148708296887,1.3336251118874258e-12
glaum,1000,NO0 0AC_00182 0 offwind-float,0.09408539962978457,1.3016356307602784e-12
glaum,1000,NO0 0AC_00184 0 offwind-float,0.09399999999999997,1.3624498223660617e-12
glaum,1000,NO0 0AC_00185 0 offwind-float,0.09406329150831605,1.3279738205620288e-12
glaum,1000,NO0 0AC_00186 0 offwind-float,0.09402150813400356,1.1886729034485354e-12
glaum,1000,NO0 0AC_00187 0 offwind-float,0.09406860014052432,1.1609342977374205e-12
glaum,1000,NO0 0AC_00188 0 offwind-float,0.0940220327483845,1.250823812170152e-12
glaum,1000,NO0 0AC_00189 0 offwind-float,0.0940460804791794,1.0687438596187556e-12
glaum,1000,NO0 0AC_00190 0 offwind-float,0.09411728253895757,8.524509681147339e-13
glaum,1000,NO0 0AC_00191 0 offwind-float,0.09402117906542928,1.342485296885627e-12
glaum,1000,NO0 0AC_00197 0 offwind-float,0.09953529210742018,1.9354488198864792e-13
glaum,1000,NO0 0AC_00198 0 offwind-float,0.09406172959735348,1.3505803938003111e-12
glaum,1000,NO0 0AC_00199 0 offwind-float,0.09401990324332166,1.3496254285703573e-12
glaum,1000,NO0 0AC_00200 0 offwind-float,0.0940212955531281,1.3640862410195373e-12
glaum,1000,NO0 0AC_00201 0 offwind-float,0.09400000000000008,1.2151242007104714e-12
glaum,1000,NO0 0AC_00203 0 offwind-float,0.0940000000000002,1.147036818303747e-12
glaum,1000,NO0 0AC_00204 0 offwind-float,0.09403967004948188,1.3822928478445729e-12
glaum,1000,NO0 0AC_00205 0 offwind-float,0.09404273872552138,1.3775841199809924e-12
glaum,1000,NO0 0AC_00206 0 offwind-float,0.09402111041867323,1.2753380240723529e-12
glaum,1000,NO0 0AC_00212 0 offwind-float,0.09404384463854043,1.2626455189028793e-12
glaum,1000,NO0 0AC_00214 0 offwind-float,0.09404741952896567,1.1572824208834318e-12
glaum,1000,NO0 0AC_00215 0 offwind-float,0.09399999999999997,1.3840205178898043e-12
glaum,1000,NO0 0AC_00216 0 offwind-float,0.09402231293851981,1.3041352340740683e-12
glaum,1000,NO0 0AC_00219 0 offwind-float,0.09399999999999997,1.3516246769568225e-12
glaum,1000,NO0 0AC_00220 0 offwind-float,0.09400000000000008,1.2853436575510555e-12
glaum,1000,NO0 0AC_00221 0 offwind-float,0.09400000000000008,1.3013150759573294e-12
glaum,1000,NO0 0AC_00223 0 offwind-float,0.09402329303879575,1.0830451492689397e-12
glaum,1000,NO0 0AC_00225 0 offwind-float,0.09400000000000008,1.2578685248310598e-12
glaum,1000,NO0 0AC_00228 0 offwind-float,0.09404265039929349,1.2752760464473525e-12
glaum,1000,NO0 0AC_00229 0 offwind-float,0.09405252360875704,9.865599098452359e-13
glaum,1000,NO0 0AC_00230 0 offwind-float,0.09399999999999997,1.177223414693252e-12
glaum,1000,NO0 0AC_00232 0 offwind-float,0.0940261044646592,1.036009682670884e-12
glaum,1000,NO0 0AC_00233 0 offwind-float,0.09404569855718536,1.1450355563438743e-12
glaum,1000,NO0 0AC_00234 0 offwind-float,0.09402384196163838,1.1737191832844916e-12
glaum,1000,NO0 0AC_00236 0 offwind-float,0.09404918291579656,1.0346079746218496e-12
glaum,1000,NO0 0AC_00238 0 offwind-float,0.09404638748754601,1.161365047674636e-12
glaum,1000,NO0 0AC_00239 0 offwind-float,0.09399999999999986,1.0801672041715492e-12
glaum,1000,NO0 0AC_00240 0 offwind-float,0.09404451179678863,1.1477028606159943e-12
glaum,1000,NO0 0AC_00241 0 offwind-float,0.09405209603130726,9.893062425199588e-13
glaum,1000,NO0 0AC_00242 0 offwind-float,0.09407601653264819,1.041315266453123e-12
glaum,1000,NO0 0AC_00245 0 offwind-float,0.09402639479260788,9.942171341750435e-13
glaum,1000,DK2 0AC_00055 0 offwind-ac,0.1077200664453557,3.761516241680471e-11
glaum,1000,DE2 0AC_00013 0 offwind-dc,0.09404566764190647,2000.000000000004
glaum,1000,DE2 0AC_00016 0 offwind-dc,0.09404389648882683,1319.5732870006257
glaum,1000,DE2 0AC_00018 0 offwind-dc,0.09402263232547892,2000.000000000004
glaum,1000,DE2 0AC_00023 0 offwind-dc,0.09400000000000042,2000.0000000000034
glaum,1000,DE2 0AC_00024 0 offwind-dc,0.09400000000000042,2000.0000000000039
glaum,1000,DE2 0AC_00025 0 offwind-dc,0.0940000000000002,2000.0000000000039
glaum,1000,DE2 0AC_00029 0 offwind-dc,0.0940000000000003,2000.000000000004
glaum,1000,DK2 0AC_00021 0 offwind-dc,0.12455825441190427,1.2446412757239669e-11
glaum,1000,GB1 0AC_00034 0 offwind-dc,0.09404697435534604,2000.0000000000086
glaum,1000,GB1 0AC_00160 0 offwind-dc,0.0964408996627173,3.133907186491462e-10
glaum,1000,GB1 0AC_00164 0 offwind-dc,0.0978490245058995,1.9724496385615518e-10
glaum,1000,GB1 0AC_00172 0 offwind-dc,0.10159822746808078,9.695962565719008e-11
glaum,1000,GB1 0AC_00256 0 offwind-dc,0.10626187716605584,5.823200902298867e-11
glaum,1000,GB1 0AC_00273 0 offwind-dc,0.09406717615970284,2000.000000000007
glaum,1000,NL2 0AC_00003 0 offwind-dc,0.10244877269887676,5.678739923164464e-11
glaum,1000,NL2 0AC_00009 0 offwind-dc,0.10139393139466679,6.602994183773447e-11
glaum,1000,NL2 0AC_00011 0 offwind-dc,0.09402257164440786,2000.0000000000023
glaum,1000,NL2 0AC_00012 0 offwind-dc,0.1069981128691786,3.554316734401705e-11
glaum,1000,NL2 0AC_00018 0 offwind-dc,0.10413928654639593,4.646697584648979e-11
glaum,1000,NL2 0AC_00022 0 offwind-dc,0.10036834683234275,7.708134912923559e-11
glaum,1000,NL2 0AC_00023 0 offwind-dc,0.09926456928202732,9.4137931248408e-11
glaum,1000,NL2 0AC_00024 0 offwind-dc,0.10713879860185704,3.5271169696561945e-11
glaum,1000,NL2 0AC_00025 0 offwind-dc,0.10317920824905014,5.259481923211379e-11
glaum,1000,NL2 0AC_00030 0 offwind-dc,0.10531036424725648,4.148114855992942e-11
glaum,1000,NL2 0AC_00032 0 offwind-dc,0.11092200306976008,2.6181908269596263e-11
glaum,1000,NL2 0AC_00034 0 offwind-dc,0.09801553099943683,1.242362376147271e-10
glaum,1000,NL2 0AC_00035 0 offwind-dc,0.10024072401221629,7.893994045798223e-11
glaum,1000,NL2 0AC_00036 0 offwind-dc,0.10823030105455489,3.232908626670983e-11
glaum,1000,NL2 0AC_00041 0 offwind-dc,0.09662033170316553,1.930255130757139e-10
glaum,1000,NL2 0AC_00043 0 offwind-dc,0.10398231128406343,4.774394798086358e-11
glaum,1000,NL2 0AC_00044 0 offwind-dc,0.1094547673966495,2.919871254455003e-11
glaum,1000,NL2 0AC_00046 0 offwind-dc,0.10452964998022785,4.50606906793103e-11
glaum,1000,NL2 0AC_00047 0 offwind-dc,0.104537928411499,4.4977490004515774e-11
glaum,1000,NL2 0AC_00050 0 offwind-dc,0.10646006971522781,3.7436117411889865e-11
glaum,1000,NL2 0AC_00052 0 offwind-dc,0.10080325885490082,7.152736729422028e-11
glaum,1000,NL2 0AC_00053 0 offwind-dc,0.09880693861198298,1.0237353138786248e-10
glaum,1000,NL2 0AC_00054 0 offwind-dc,0.10230171673112654,5.8148826914473495e-11
glaum,1000,NL2 0AC_00055 0 offwind-dc,0.10657034952123401,3.677897134697694e-11
glaum,1000,NL2 0AC_00058 0 offwind-dc,0.10422932079478897,4.625204484749562e-11
glaum,1000,NL2 0AC_00061 0 offwind-dc,0.10136709671020239,6.579142652494603e-11
glaum,1000,NL2 0AC_00067 0 offwind-dc,0.10417277879054876,4.6299085120057814e-11
glaum,1000,DK2 0AC_00000 0 offwind-float,0.147877613950538,2.164980374383882e-12
glaum,1000,GB1 0AC_00030 0 offwind-float,0.14606564457569093,3.2829203518581414e-12
glaum,1000,GB1 0AC_00043 0 offwind-float,0.146853770074291,3.0004494670490397e-12
glaum,1000,GB1 0AC_00053 0 offwind-float,0.14687637670442943,2.973287543239747e-12
glaum,1000,GB1 0AC_00055 0 offwind-float,0.14734245561372294,2.8481994202391765e-12
glaum,1000,GB1 0AC_00056 0 offwind-float,0.14715427133799808,2.8832601069267245e-12
glaum,1000,GB1 0AC_00057 0 offwind-float,0.14670158210521766,3.0864651694116186e-12
glaum,1000,GB1 0AC_00065 0 offwind-float,0.14691300913811867,2.992537097460037e-12
glaum,1000,GB1 0AC_00066 0 offwind-float,0.14746511217314473,2.8412075413093262e-12
glaum,1000,GB1 0AC_00067 0 offwind-float,0.1472731049886984,2.85339899682994e-12
glaum,1000,GB1 0AC_00068 0 offwind-float,0.14716116406517554,2.8699705456378845e-12
glaum,1000,GB1 0AC_00069 0 offwind-float,0.14666392358840263,3.077627953441756e-12
glaum,1000,GB1 0AC_00070 0 offwind-float,0.14657028739826294,3.132188317104183e-12
glaum,1000,GB1 0AC_00071 0 offwind-float,0.14839339236655003,2.5911402365633354e-12
glaum,1000,GB1 0AC_00073 0 offwind-float,0.14781553385177504,2.7543867409770457e-12
glaum,1000,GB1 0AC_00074 0 offwind-float,0.14731800139676277,2.8703381834684782e-12
glaum,1000,GB1 0AC_00078 0 offwind-float,0.14717787066468568,2.9117519663761553e-12
glaum,1000,GB1 0AC_00079 0 offwind-float,0.14736053243481384,2.871354018669517e-12
glaum,1000,GB1 0AC_00080 0 offwind-float,0.14698427900029853,2.9831215006742653e-12
glaum,1000,GB1 0AC_00081 0 offwind-float,0.14795500159765762,2.731975266474989e-12
glaum,1000,GB1 0AC_00083 0 offwind-float,0.14754729690518253,2.831785463652914e-12
glaum,1000,GB1 0AC_00084 0 offwind-float,0.14711887406935809,2.9054287134308186e-12
glaum,1000,GB1 0AC_00086 0 offwind-float,0.1482256411456654,2.643276427775966e-12
glaum,1000,GB1 0AC_00087 0 offwind-float,0.14778254279272707,2.7889846311139936e-12
glaum,1000,GB1 0AC_00088 0 offwind-float,0.14736159387147008,2.8845251760357065e-12
glaum,1000,GB1 0AC_00089 0 offwind-float,0.14710300303474166,2.8971557908628096e-12
glaum,1000,GB1 0AC_00090 0 offwind-float,0.14700195262006766,2.9800068731381624e-12
glaum,1000,GB1 0AC_00091 0 offwind-float,0.14708122577433813,2.952157649164538e-12
glaum,1000,GB1 0AC_00093 0 offwind-float,0.1480126882156959,2.72793709608399e-12
glaum,1000,GB1 0AC_00094 0 offwind-float,0.14731028432490323,2.8789201148517594e-12
glaum,1000,GB1 0AC_00095 0 offwind-float,0.14678993529837758,3.029822305211586e-12
glaum,1000,GB1 0AC_00096 0 offwind-float,0.147444211390671,2.826184647978103e-12
glaum,1000,GB1 0AC_00099 0 offwind-float,0.14811620982027063,2.6760495206725156e-12
glaum,1000,GB1 0AC_00100 0 offwind-float,0.14672809132693354,3.0285654277470746e-12
glaum,1000,GB1 0AC_00101 0 offwind-float,0.14769230490324958,2.798941967763766e-12
glaum,1000,GB1 0AC_00102 0 offwind-float,0.1474047907696171,2.851836158182395e-12
glaum,1000,GB1 0AC_00103 0 offwind-float,0.14789046832478248,2.7173163084686402e-12
glaum,1000,GB1 0AC_00104 0 offwind-float,0.14718572293559307,2.9163092173645955e-12
glaum,1000,GB1 0AC_00105 0 offwind-float,0.1473986141011956,2.857269579532791e-12
glaum,1000,GB1 0AC_00106 0 offwind-float,0.1479005108284267,2.7650664571731754e-12
glaum,1000,GB1 0AC_00109 0 offwind-float,0.14731040387304994,2.8879134556934772e-12
glaum,1000,GB1 0AC_00110 0 offwind-float,0.14830660521003358,2.637990799244677e-12
glaum,1000,GB1 0AC_00111 0 offwind-float,0.14767714547837674,2.802154800485282e-12
glaum,1000,GB1 0AC_00112 0 offwind-float,0.14696952009251796,2.9989782390036653e-12
glaum,1000,GB1 0AC_00114 0 offwind-float,0.14790105598970715,2.731895293957936e-12
glaum,1000,GB1 0AC_00115 0 offwind-float,0.1474771059799339,2.8312705536538844e-12
glaum,1000,GB1 0AC_00117 0 offwind-float,0.14745785630889208,2.8588001281778098e-12
glaum,1000,GB1 0AC_00118 0 offwind-float,0.1480019606437144,2.659840921910402e-12
glaum,1000,GB1 0AC_00121 0 offwind-float,0.14785047347852154,2.7485079862861e-12
glaum,1000,GB1 0AC_00122 0 offwind-float,0.1482578035553117,2.6304055676520316e-12
glaum,1000,GB1 0AC_00123 0 offwind-float,0.14746435785286383,2.8423305815719277e-12
glaum,1000,GB1 0AC_00124 0 offwind-float,0.14725389492030438,2.8979020281009886e-12
glaum,1000,GB1 0AC_00133 0 offwind-float,0.14770065662852028,2.786173965897577e-12
glaum,1000,GB1 0AC_00136 0 offwind-float,0.14806481126483306,2.708631134347142e-12
glaum,1000,GB1 0AC_00137 0 offwind-float,0.14744828510172836,2.8173677275365918e-12
glaum,1000,GB1 0AC_00138 0 offwind-float,0.14812062438577156,2.67072571347293e-12
glaum,1000,GB1 0AC_00141 0 offwind-float,0.14828114504035583,2.656994064339114e-12
glaum,1000,GB1 0AC_00142 0 offwind-float,0.1478170819182083,2.7601041807698408e-12
glaum,1000,GB1 0AC_00143 0 offwind-float,0.14766530785472198,2.8358483737606695e-12
glaum,1000,GB1 0AC_00145 0 offwind-float,0.1471882892843137,2.8667434128116644e-12
glaum,1000,GB1 0AC_00146 0 offwind-float,0.14726734342394643,2.909442237088242e-12
glaum,1000,GB1 0AC_00149 0 offwind-float,0.14816381808131285,2.6765209134475686e-12
glaum,1000,GB1 0AC_00151 0 offwind-float,0.14763242686125555,2.8123638164932727e-12
glaum,1000,GB1 0AC_00152 0 offwind-float,0.14785787445347465,2.7824550142432385e-12
glaum,1000,GB1 0AC_00153 0 offwind-float,0.14757041228900114,2.803291065455074e-12
glaum,1000,GB1 0AC_00154 0 offwind-float,0.14799153290190625,2.7202927707922363e-12
glaum,1000,GB1 0AC_00157 0 offwind-float,0.1483164475945481,2.646956425531568e-12
glaum,1000,GB1 0AC_00158 0 offwind-float,0.14773665790473212,2.7957009498890423e-12
glaum,1000,GB1 0AC_00159 0 offwind-float,0.14807655361305683,2.7039555156822474e-12
glaum,1000,GB1 0AC_00161 0 offwind-float,0.14753868144315585,2.821987972187363e-12
glaum,1000,GB1 0AC_00170 0 offwind-float,0.14791037573019905,2.76044362693571e-12
glaum,1000,GB1 0AC_00171 0 offwind-float,0.14796523129012207,2.7451888706535456e-12
glaum,1000,GB1 0AC_00177 0 offwind-float,0.14759593301527807,2.781411324064513e-12
glaum,1000,GB1 0AC_00178 0 offwind-float,0.14774260129688777,2.7711498904589498e-12
glaum,1000,GB1 0AC_00179 0 offwind-float,0.1481528591946546,2.695427772228041e-12
glaum,1000,GB1 0AC_00182 0 offwind-float,0.14760945592933883,2.8008291202847274e-12
glaum,1000,GB1 0AC_00185 0 offwind-float,0.1477726618359586,2.7627459426840623e-12
glaum,1000,GB1 0AC_00187 0 offwind-float,0.14806285401846497,2.6973072359054223e-12
glaum,1000,GB1 0AC_00188 0 offwind-float,0.14799421241087363,2.725395606888806e-12
glaum,1000,GB1 0AC_00190 0 offwind-float,0.14753307111776914,2.796470964438184e-12
glaum,1000,GB1 0AC_00191 0 offwind-float,0.1478584245089175,2.7258607950106565e-12
glaum,1000,GB1 0AC_00193 0 offwind-float,0.14790993560929655,2.7391280666948263e-12
glaum,1000,GB1 0AC_00194 0 offwind-float,0.14808692107409882,2.7080450520504143e-12
glaum,1000,GB1 0AC_00197 0 offwind-float,0.14785521973431515,2.7484180934145036e-12
glaum,1000,GB1 0AC_00198 0 offwind-float,0.14811040626825633,2.7010425224292376e-12
glaum,1000,GB1 0AC_00203 0 offwind-float,0.14760456491521046,2.7862748336408458e-12
glaum,1000,GB1 0AC_00208 0 offwind-float,0.14790722364860842,2.7407772617585966e-12
glaum,1000,GB1 0AC_00212 0 offwind-float,0.14770321722524749,2.785733171343533e-12
glaum,1000,GB1 0AC_00213 0 offwind-float,0.1480256861221667,2.705791734924861e-12
glaum,1000,GB1 0AC_00219 0 offwind-float,0.1480938934023448,2.6857108159987764e-12
glaum,1000,GB1 0AC_00220 0 offwind-float,0.1479133891745844,2.7279054634337977e-12
glaum,1000,GB1 0AC_00224 0 offwind-float,0.14777155907128325,2.750317709214136e-12
glaum,1000,GB1 0AC_00229 0 offwind-float,0.14817072102814677,2.6793199036395954e-12
glaum,1000,GB1 0AC_00232 0 offwind-float,0.14807667310678707,2.689160484140527e-12
glaum,1000,GB1 0AC_00233 0 offwind-float,0.14784682178016906,2.7650846668879702e-12
glaum,1000,GB1 0AC_00235 0 offwind-float,0.147968727968263,2.7013138025347295e-12
glaum,1000,GB1 0AC_00237 0 offwind-float,0.14793374653956015,2.704289181614112e-12
glaum,1000,GB1 0AC_00238 0 offwind-float,0.14808669404155017,2.684157219782622e-12
glaum,1000,GB1 0AC_00242 0 offwind-float,0.1480351215207113,2.681915158543865e-12
glaum,1000,GB1 0AC_00245 0 offwind-float,0.14818595557129677,2.672309036589204e-12
glaum,1000,GB1 0AC_00250 0 offwind-float,0.1479570106570366,2.7377764243580113e-12
glaum,1000,GB1 0AC_00258 0 offwind-float,0.14816600502380362,2.668800586694637e-12
glaum,1000,GB1 0AC_00262 0 offwind-float,0.14799118340987472,2.692982246678336e-12
glaum,1000,GB1 0AC_00268 0 offwind-float,0.14800223161043913,2.6966967265630217e-12
glaum,1000,GB4 0AC_00010 0 offwind-float,0.14781216720051737,2.790202325135099e-12
glaum,1000,GB4 0AC_00011 0 offwind-float,0.14794115064668478,2.7463482079535683e-12
glaum,1000,GB4 0AC_00013 0 offwind-float,0.14776921606309945,2.786057348481802e-12
glaum,1000,GB4 0AC_00016 0 offwind-float,0.1479936225158931,2.723762996899882e-12
glaum,1000,GB4 0AC_00017 0 offwind-float,0.148355325841949,2.6464068964026267e-12
glaum,1000,GB4 0AC_00031 0 offwind-float,0.14819509680864584,2.6211563904841805e-12
glaum,1000,GB4 0AC_00035 0 offwind-float,0.1480422258338706,2.6948431043930375e-12
glaum,1000,GB4 0AC_00036 0 offwind-float,0.14835972693206145,2.6322379860539968e-12
glaum,1000,GB4 0AC_00038 0 offwind-float,0.14813104163390312,2.69275009226657e-12
glaum,1000,GB4 0AC_00039 0 offwind-float,0.14790116191223046,2.7691926819815592e-12
glaum,1000,GB4 0AC_00040 0 offwind-float,0.14813712897508613,2.6989015993761243e-12
glaum,1000,GB4 0AC_00041 0 offwind-float,0.14755717765693843,2.8254577854755703e-12
glaum,1000,GB4 0AC_00043 0 offwind-float,0.14856061858266378,2.5714162363394206e-12
glaum,1000,GB4 0AC_00044 0 offwind-float,0.14801035180216637,2.730920910052424e-12
glaum,1000,GB4 0AC_00045 0 offwind-float,0.14814785506122297,2.6419136025611023e-12
glaum,1000,GB4 0AC_00046 0 offwind-float,0.14818456127889634,2.6657644241671607e-12
glaum,1000,GB4 0AC_00047 0 offwind-float,0.14845739355824494,2.6114456672698733e-12
glaum,1000,GB4 0AC_00048 0 offwind-float,0.14778290310073994,2.7804997544186364e-12
glaum,1000,GB4 0AC_00049 0 offwind-float,0.14821441643996658,2.6803598915928736e-12
glaum,1000,GB4 0AC_00050 0 offwind-float,0.1484140652432645,2.617738316608608e-12
glaum,1000,GB4 0AC_00051 0 offwind-float,0.14836055160163897,2.6161962854345058e-12
glaum,1000,GB4 0AC_00053 0 offwind-float,0.14875318422503625,2.5037427051420842e-12
glaum,1000,GB4 0AC_00054 0 offwind-float,0.1479342477285902,2.6986457635216448e-12
glaum,1000,GB4 0AC_00055 0 offwind-float,0.14795813867222574,2.7227288600351203e-12
glaum,1000,GB4 0AC_00056 0 offwind-float,0.14823643122181585,2.6372230853749335e-12
glaum,1000,GB4 0AC_00057 0 offwind-float,0.14852762297740862,2.5497979986750618e-12
glaum,1000,GB4 0AC_00058 0 offwind-float,0.14824466703221928,2.6200069497496806e-12
glaum,1000,GB4 0AC_00059 0 offwind-float,0.14841944948232733,2.557459368492622e-12
glaum,1000,GB4 0AC_00060 0 offwind-float,0.1483371255215239,2.5822759054895634e-12
glaum,1000,GB4 0AC_00061 0 offwind-float,0.14872134284805238,2.507036444448642e-12
glaum,1000,GB4 0AC_00062 0 offwind-float,0.14843670905165207,2.5768552633135e-12
glaum,1000,GB4 0AC_00063 0 offwind-float,0.14811329414842223,2.6713847335280166e-12
glaum,1000,GB4 0AC_00064 0 offwind-float,0.1481508113743235,2.6229532111375803e-12
glaum,1000,GB4 0AC_00065 0 offwind-float,0.14841153407042929,2.5321576659081197e-12
glaum,1000,GB4 0AC_00066 0 offwind-float,0.14856776856076404,2.5330239492560333e-12
glaum,1000,GB4 0AC_00067 0 offwind-float,0.1486730092331645,2.4824957342899075e-12
glaum,1000,GB4 0AC_00068 0 offwind-float,0.14839594193994687,2.552543976504754e-12
glaum,1000,GB4 0AC_00069 0 offwind-float,0.1485768019881899,2.5442272739063832e-12
glaum,1000,GB4 0AC_00070 0 offwind-float,0.14877023743000006,2.4523640138827044e-12
glaum,1000,GB4 0AC_00071 0 offwind-float,0.14825210800723443,2.6007575218412974e-12
glaum,1000,GB4 0AC_00072 0 offwind-float,0.14835099436782484,2.5868903562868953e-12
glaum,1000,GB4 0AC_00073 0 offwind-float,0.1485430166620897,2.514523450428831e-12
glaum,1000,GB4 0AC_00074 0 offwind-float,0.14862375559670227,2.50622956539829e-12
glaum,1000,GB4 0AC_00075 0 offwind-float,0.14875904028596165,2.4795202450584247e-12
glaum,1000,GB4 0AC_00076 0 offwind-float,0.1484854307949537,2.5616555882890246e-12
glaum,1000,GB4 0AC_00077 0 offwind-float,0.14877392172106263,2.4454779992705275e-12
glaum,1000,GB4 0AC_00078 0 offwind-float,0.1486092913212792,2.466170520996938e-12
glaum,1000,GB4 0AC_00079 0 offwind-float,0.1484458538275648,2.5469350995746652e-12
glaum,1000,GB4 0AC_00080 0 offwind-float,0.14889079579799958,2.4315764195192075e-12
glaum,1000,GB4 0AC_00081 0 offwind-float,0.14852507012300697,2.529752880138906e-12
glaum,1000,GB4 0AC_00082 0 offwind-float,0.14866173141683758,2.4469416433352966e-12
glaum,1000,GB4 0AC_00083 0 offwind-float,0.14872991375712175,2.4532876414943617e-12
glaum,1000,GB4 0AC_00084 0 offwind-float,0.148666303792933,2.4754528076851706e-12
glaum,1000,GB4 0AC_00085 0 offwind-float,0.14848644093240337,2.508755741126502e-12
glaum,1000,GB4 0AC_00086 0 offwind-float,0.14873483116470432,2.445187185961938e-12
glaum,1000,GB4 0AC_00087 0 offwind-float,0.14863269791992684,2.4775281645728395e-12
glaum,1000,GB4 0AC_00088 0 offwind-float,0.14854917062131523,2.4541459222269276e-12
glaum,1000,GB4 0AC_00089 0 offwind-float,0.14863650569886022,2.4576266036904146e-12
glaum,1000,NO0 0AC_00000 0 offwind-float,0.14733417176328145,2.057214235528773e-12
glaum,1000,NO0 0AC_00001 0 offwind-float,0.14735896296920292,2.067597571092105e-12
glaum,1000,NO0 0AC_00002 0 offwind-float,0.14731816594641978,2.0575191290532397e-12
glaum,1000,NO0 0AC_00006 0 offwind-float,0.14738016473030457,2.0575024381906525e-12
glaum,1000,NO0 0AC_00007 0 offwind-float,0.14753033120261994,2.0163337463263906e-12
glaum,1000,NO0 0AC_00008 0 offwind-float,0.1474573579019438,2.0352697440415688e-12
glaum,1000,NO0 0AC_00009 0 offwind-float,0.14736167300236025,2.033791912197495e-12
glaum,1000,NO0 0AC_00010 0 offwind-float,0.14742122740226327,2.01783898835541e-12
glaum,1000,NO0 0AC_00012 0 offwind-float,0.1473308940945398,2.0967727393422404e-12
glaum,1000,NO0 0AC_00013 0 offwind-float,0.14732709584466142,2.090895052097863e-12
glaum,1000,NO0 0AC_00016 0 offwind-float,0.14723373169913412,2.053252430448821e-12
glaum,1000,NO0 0AC_00018 0 offwind-float,0.14741460419603492,2.08199803034657e-12
glaum,1000,NO0 0AC_00019 0 offwind-float,0.14751058391225025,2.026179665282281e-12
glaum,1000,NO0 0AC_00020 0 offwind-float,0.14743207024927873,2.033663792329764e-12
glaum,1000,NO0 0AC_00021 0 offwind-float,0.14750878362896802,2.0047201490275483e-12
glaum,1000,NO0 0AC_00022 0 offwind-float,0.14752961168682643,1.993179586953833e-12
glaum,1000,NO0 0AC_00023 0 offwind-float,0.14733842049741963,2.0215934740289025e-12
glaum,1000,NO0 0AC_00025 0 offwind-float,0.1475710387572392,2.0009363103637068e-12
glaum,1000,NO0 0AC_00026 0 offwind-float,0.14726222522312726,2.1280255483493086e-12
glaum,1000,NO0 0AC_00027 0 offwind-float,0.14729763457795264,2.1067873704261543e-12
glaum,1000,NO0 0AC_00028 0 offwind-float,0.14762076228192278,1.9926037485362182e-12
glaum,1000,NO0 0AC_00029 0 offwind-float,0.1475507754997596,2.004459452402431e-12
glaum,1000,NO0 0AC_00030 0 offwind-float,0.14736206316132439,2.090005194510601e-12
glaum,1000,NO0 0AC_00031 0 offwind-float,0.1474876304233821,2.0355502805956966e-12
glaum,1000,NO0 0AC_00032 0 offwind-float,0.1471652048926393,2.138191780221677e-12
glaum,1000,NO0 0AC_00033 0 offwind-float,0.14740630156365508,2.036569457808455e-12
glaum,1000,NO0 0AC_00034 0 offwind-float,0.1474679780686443,2.052686618368188e-12
glaum,1000,NO0 0AC_00035 0 offwind-float,0.14733293278888104,2.0282484314854307e-12
glaum,1000,NO0 0AC_00036 0 offwind-float,0.147117444876959,2.1762787120936642e-12
glaum,1000,NO0 0AC_00038 0 offwind-float,0.14742345592887685,2.067728931194493e-12
glaum,1000,NO0 0AC_00040 0 offwind-float,0.14750950803427154,1.999045013695332e-12
glaum,1000,NO0 0AC_00041 0 offwind-float,0.14787185905713818,1.9184873084173207e-12
glaum,1000,NO0 0AC_00042 0 offwind-float,0.14754591157461128,1.9695532194121975e-12
glaum,1000,NO0 0AC_00043 0 offwind-float,0.147294299053793,2.0346610400293183e-12
glaum,1000,NO0 0AC_00044 0 offwind-float,0.1471005526321959,2.1469543167678815e-12
glaum,1000,NO0 0AC_00046 0 offwind-float,0.14733564784072473,2.0965414563884975e-12
glaum,1000,NO0 0AC_00047 0 offwind-float,0.14720123204097646,2.1294693872622856e-12
glaum,1000,NO0 0AC_00049 0 offwind-float,0.1476975583896537,1.9667788052071552e-12
glaum,1000,NO0 0AC_00050 0 offwind-float,0.14763656122840163,1.950783612989541e-12
glaum,1000,NO0 0AC_00051 0 offwind-float,0.14722097965290226,2.1151922971142355e-12
glaum,1000,NO0 0AC_00052 0 offwind-float,0.14730623715896907,2.0877710343651356e-12
glaum,1000,NO0 0AC_00054 0 offwind-float,0.14703928066924898,2.177036566054458e-12
glaum,1000,NO0 0AC_00055 0 offwind-float,0.14736499792371838,2.0565278157701607e-12
glaum,1000,NO0 0AC_00056 0 offwind-float,0.147433562502704,2.0388085735327842e-12
glaum,1000,NO0 0AC_00057 0 offwind-float,0.14766229491397376,1.9833168746056823e-12
glaum,1000,NO0 0AC_00058 0 offwind-float,0.14802956791885935,1.929795713052715e-12
glaum,1000,NO0 0AC_00059 0 offwind-float,0.14731275822486123,2.0526122644088063e-12
glaum,1000,NO0 0AC_00060 0 offwind-float,0.14759732656475588,1.9928577076618213e-12
glaum,1000,NO0 0AC_00061 0 offwind-float,0.14777148324909928,1.916468696840537e-12
glaum,1000,NO0 0AC_00062 0 offwind-float,0.14705647517844878,2.1337627377422916e-12
glaum,1000,NO0 0AC_00063 0 offwind-float,0.1471025227662035,2.179381070751353e-12
glaum,1000,NO0 0AC_00064 0 offwind-float,0.14727678207949502,2.1186248903303113e-12
glaum,1000,NO0 0AC_00066 0 offwind-float,0.14717032691384546,2.105683911508655e-12
glaum,1000,NO0 0AC_00067 0 offwind-float,0.1470568000490251,2.15222617347565e-12
glaum,1000,NO0 0AC_00068 0 offwind-float,0.14740346542598282,2.0502006697549227e-12
glaum,1000,NO0 0AC_00070 0 offwind-float,0.14804792203888484,1.891740300990825e-12
glaum,1000,NO0 0AC_00071 0 offwind-float,0.14701500491249309,2.1534771889292003e-12
glaum,1000,NO0 0AC_00075 0 offwind-float,0.14721924925063534,2.1304543280232415e-12
glaum,1000,NO0 0AC_00076 0 offwind-float,0.1472623247067789,2.074301287484807e-12
glaum,1000,NO0 0AC_00077 0 offwind-float,0.1477817133560494,1.9811520714376185e-12
glaum,1000,NO0 0AC_00079 0 offwind-float,0.14740179280911492,2.0475620233400345e-12
glaum,1000,NO0 0AC_00081 0 offwind-float,0.14699877274651652,2.17892051710492e-12
glaum,1000,NO0 0AC_00082 0 offwind-float,0.14689655059135098,2.1907700978271286e-12
glaum,1000,NO0 0AC_00087 0 offwind-float,0.14666572737612849,2.221024474138547e-12
glaum,1000,NO0 0AC_00092 0 offwind-float,0.1472974004234071,2.1089611873966935e-12
new_more,1000,DE2 0AC_00034 0 offwind-dc,0.1115150507212812,3.964334806898786
new_more,1000,DK2 0AC_00035 0 offwind-dc,0.11144776173520776,3.426805681096743e-08
new_more,1000,DK2 0AC_00056 0 offwind-dc,0.11149246738939422,21.22626740292327
new_more,1000,GB1 0AC_00199 0 offwind-dc,0.11144776173520776,5.9720904585000465
new_more,1000,GB1 0AC_00222 0 offwind-dc,0.11144776173520787,4.6918135437682045
new_more,1000,GB1 0AC_00231 0 offwind-dc,0.11147131254123666,5.352389349340308
new_more,1000,GB1 0AC_00234 0 offwind-dc,0.11151576022792542,15.038096670367493
new_more,1000,GB1 0AC_00244 0 offwind-dc,0.11147157703536636,7.632775904770337
new_more,1000,GB1 0AC_00247 0 offwind-dc,0.11144776173520787,27.61219795525441
new_more,1000,GB1 0AC_00251 0 offwind-dc,0.11151335491411407,2.8964163852672216
new_more,1000,GB1 0AC_00257 0 offwind-dc,0.11144776173520765,8.345816454416209
new_more,1000,GB1 0AC_00267 0 offwind-dc,0.11144776173520787,7.632042022878549
new_more,1000,GB1 0AC_00272 0 offwind-dc,0.11146980135992424,6.613542239590065
new_more,1000,NL2 0AC_00008 0 offwind-dc,0.11144776173520798,10.262579920211474
new_more,1000,DE2 0AC_00040 0 offwind-float,0.11146880199482656,2.4938797750581566e-09
new_more,1000,DE2 0AC_00042 0 offwind-float,0.11144776173520798,2.3353822016325862e-09
new_more,1000,GB1 0AC_00006 0 offwind-float,0.11147989335690667,1.8270701238368515e-09
new_more,1000,GB1 0AC_00062 0 offwind-float,0.11144776173520776,2.04793367147698e-09
new_more,1000,NL2 0AC_00027 0 offwind-float,0.11149357383817937,2.3907443053403033e-09
new_more,1000,NL2 0AC_00060 0 offwind-float,0.11144776173520787,1.7279780221813776e-09
new_more,1000,NL2 0AC_00064 0 offwind-float,0.1114477617352081,2.403750956333746e-09
new_more,1000,NL2 0AC_00077 0 offwind-float,0.11146940876160416,2.3576339830938397e-09
new_more,1000,NL2 0AC_00079 0 offwind-float,0.11147191672593793,2.1313020295771813e-09
new_more,1000,NO0 0AC_00152 0 offwind-float,0.11235363272894072,6.836971627430303e-10
new_more,1000,DE2 0AC_00039 0 offwind-ac,0.11149718537041153,10.673748084820396
new_more,1000,DE2 0AC_00044 0 offwind-ac,0.11147096536342804,6.527893643125624
new_more,1000,DE2 0AC_00047 0 offwind-ac,0.11144776173520787,8.150099824988349
new_more,1000,DE2 0AC_00048 0 offwind-ac,0.11147425890818341,8.943666855980904
new_more,1000,DE2 0AC_00050 0 offwind-ac,0.11150133705180365,1.414009962061249e-07
new_more,1000,DK2 0AC_00049 0 offwind-ac,0.11152195988072788,1.442840313521488e-08
new_more,1000,DK2 0AC_00074 0 offwind-ac,0.11149305618971128,8.073232053343167
new_more,1000,GB1 0AC_00000 0 offwind-ac,0.11157209483815544,5.9358813970207175e-09
new_more,1000,GB1 0AC_00001 0 offwind-ac,0.11144776173520787,4.1570799420725494e-09
new_more,1000,GB1 0AC_00061 0 offwind-ac,0.11144776173520765,15.583280962984043
new_more,1000,GB1 0AC_00174 0 offwind-ac,0.11147466640584669,3.1904718524827422
new_more,1000,GB1 0AC_00223 0 offwind-ac,0.11147056436114,23.472077797117567
new_more,1000,GB1 0AC_00241 0 offwind-ac,0.11146953610778232,6.7164051259843625
new_more,1000,NL2 0AC_00037 0 offwind-ac,0.1114793593735185,6.778465001536575e-09
new_more,1000,NL2 0AC_00059 0 offwind-ac,0.11144776173520776,7.566373289875458
new_more,1000,NO0 0AC_00224 0 offwind-ac,0.11157050444918071,5.391500545362284e-09
new_more,1000,BE2 0AC_00000 0 offwind-dc,0.11146944843225404,30.442520081732763
new_more,1000,DE2 0AC_00001 0 offwind-dc,0.11151357359365233,33.270007947518856
new_more,1000,DE2 0AC_00004 0 offwind-dc,0.15161733421616008,588.7897742179922
new_more,1000,DE2 0AC_00005 0 offwind-dc,0.15088892252304487,415.7566919614794
new_more,1000,DE2 0AC_00021 0 offwind-dc,0.15173845489632198,553.6245019716168
new_more,1000,DE2 0AC_00022 0 offwind-dc,0.11147103649995882,36.09777285205808
new_more,1000,DE2 0AC_00026 0 offwind-dc,0.11149347084151962,26.09245802436532
new_more,1000,DE2 0AC_00028 0 offwind-dc,0.15021772682922396,407.95603854932386
new_more,1000,DE2 0AC_00031 0 offwind-dc,0.14653230730967204,165.19648549189233
new_more,1000,DE2 0AC_00033 0 offwind-dc,0.15076430434629517,439.5478977633936
new_more,1000,DE2 0AC_00035 0 offwind-dc,0.1386111366214411,78.13179806631675
new_more,1000,DE2 0AC_00037 0 offwind-dc,0.11144776192323169,29.437854719458915
new_more,1000,DE2 0AC_00038 0 offwind-dc,0.15139977985128839,559.5688651506007
new_more,1000,DE2 0AC_00045 0 offwind-dc,0.1114717581931215,29.558189796237478
new_more,1000,DK2 0AC_00016 0 offwind-dc,0.1227300220492783,6.069568964589174e-08
new_more,1000,DK2 0AC_00017 0 offwind-dc,0.12688338937549626,4.641900360060703e-08
new_more,1000,DK2 0AC_00030 0 offwind-dc,0.12434553241874136,5.719486933689337e-08
new_more,1000,DK2 0AC_00036 0 offwind-dc,0.12149335624563051,8.379845489645707e-08
new_more,1000,DK2 0AC_00041 0 offwind-dc,0.11144776178144322,34.04582609546721
new_more,1000,DK2 0AC_00042 0 offwind-dc,0.12617050354964565,5.058256187275216e-08
new_more,1000,DK2 0AC_00047 0 offwind-dc,0.11852539029549614,1.4619596843060904e-07
new_more,1000,DK2 0AC_00048 0 offwind-dc,0.1114682968395655,34.7837192133737
new_more,1000,DK2 0AC_00054 0 offwind-dc,0.11146898577468412,32.7996723108124
new_more,1000,DK2 0AC_00073 0 offwind-dc,0.1396611132306741,70.78018354166454
new_more,1000,FR2 0AC_00000 0 offwind-dc,0.14609370604357363,150.55283305260923
new_more,1000,FR2 0AC_00001 0 offwind-dc,0.11147008838940253,17.447166947415997
new_more,1000,GB1 0AC_00147 0 offwind-dc,0.11147193420830392,35.9919342502946
new_more,1000,GB1 0AC_00207 0 offwind-dc,0.11149351951934638,28.274228565795816
new_more,1000,GB1 0AC_00210 0 offwind-dc,0.11149213283038428,28.78875835521742
new_more,1000,GB1 0AC_00221 0 offwind-dc,0.11144776195679984,26.09333497721412
new_more,1000,GB1 0AC_00226 0 offwind-dc,0.1503438664390444,423.55546030547
new_more,1000,GB1 0AC_00228 0 offwind-dc,0.14852632192477766,220.25297578847898
new_more,1000,GB1 0AC_00230 0 offwind-dc,0.15171105733054036,621.991021978389
new_more,1000,GB1 0AC_00236 0 offwind-dc,0.11147134724472318,25.946496002958916
new_more,1000,GB1 0AC_00239 0 offwind-dc,0.13997528444967888,83.8905109132566
new_more,1000,GB1 0AC_00246 0 offwind-dc,0.11147141354139134,23.941814449152517
new_more,1000,GB1 0AC_00248 0 offwind-dc,0.1400086768597596,83.49806845236759
new_more,1000,GB1 0AC_00249 0 offwind-dc,0.1502606051035713,328.78617491683804
new_more,1000,GB1 0AC_00255 0 offwind-dc,0.1467497293774681,156.44228145192864
new_more,1000,GB1 0AC_00259 0 offwind-dc,0.15027504964688088,423.0003021354586
new_more,1000,GB1 0AC_00260 0 offwind-dc,0.14624997609809798,160.92652605393906
new_more,1000,GB1 0AC_00264 0 offwind-dc,0.14975274492169277,377.8758775590859
new_more,1000,GB4 0AC_00002 0 offwind-dc,0.11144777730015709,0.2290671937237081
new_more,1000,NL2 0AC_00001 0 offwind-dc,0.13852483219768075,60.05941185435117
new_more,1000,NL2 0AC_00005 0 offwind-dc,0.150530884419941,339.4823002058949
new_more,1000,NL2 0AC_00006 0 offwind-dc,0.151823515949004,501.6240071421703
new_more,1000,NL2 0AC_00007 0 offwind-dc,0.11146901699778256,31.02433061014315
new_more,1000,NL2 0AC_00010 0 offwind-dc,0.14896932172375776,259.6113361520205
new_more,1000,NL2 0AC_00013 0 offwind-dc,0.14330897222249706,131.82295905709827
new_more,1000,NL2 0AC_00016 0 offwind-dc,0.14424050568147728,128.34367971414267
new_more,1000,NL2 0AC_00026 0 offwind-dc,0.11147057032119712,28.540418859272307
new_more,1000,NL2 0AC_00028 0 offwind-dc,0.15081167106015547,509.97851889402443
new_more,1000,NL2 0AC_00063 0 offwind-dc,0.11144776202119533,29.390656768513864
new_more,1000,NL2 0AC_00084 0 offwind-dc,0.11147066709155418,30.267436003632366
new_more,1000,DK2 0AC_00023 0 offwind-float,0.1340499831206211,6.024376511147422e-09
new_more,1000,DK2 0AC_00058 0 offwind-float,0.13383377501364258,5.981259663378566e-09
new_more,1000,DK2 0AC_00064 0 offwind-float,0.13355649828859206,5.989458968998542e-09
new_more,1000,DK2 0AC_00069 0 offwind-float,0.13207898357492276,5.448511019672159e-09
new_more,1000,DK2 0AC_00070 0 offwind-float,0.13273562228144486,5.4476595543089964e-09
new_more,1000,GB1 0AC_00023 0 offwind-float,0.13400288988007825,5.287167392961679e-09
new_more,1000,GB1 0AC_00039 0 offwind-float,0.13371407936238566,5.630998962247739e-09
new_more,1000,GB1 0AC_00047 0 offwind-float,0.13417765523823444,5.538899357184134e-09
new_more,1000,GB1 0AC_00072 0 offwind-float,0.13424675778872897,5.154005729045641e-09
new_more,1000,GB1 0AC_00092 0 offwind-float,0.13373252596011698,5.3459876378055534e-09
new_more,1000,GB4 0AC_00018 0 offwind-float,0.13214314746543476,5.317294389065607e-09
new_more,1000,NO0 0AC_00069 0 offwind-float,0.1338218296158381,4.1186818239222766e-09
new_more,1000,NO0 0AC_00085 0 offwind-float,0.13424716087226174,4.3485891271615684e-09
new_more,1000,NO0 0AC_00103 0 offwind-float,0.13393509909786583,3.6787818670645096e-09
new_more,1000,NO0 0AC_00110 0 offwind-float,0.13440355587400443,4.759008426108518e-09
new_more,1000,NO0 0AC_00111 0 offwind-float,0.13241085264755315,3.864117591451242e-09
new_more,1000,NO0 0AC_00113 0 offwind-float,0.1338679075890713,4.626231421502747e-09
new_more,1000,NO0 0AC_00114 0 offwind-float,0.1330651531665349,4.042350177949574e-09
new_more,1000,NO0 0AC_00116 0 offwind-float,0.13429646352040203,5.414015477197434e-09
new_more,1000,NO0 0AC_00119 0 offwind-float,0.13373642036696232,2.370347478169023e-09
new_more,1000,NO0 0AC_00121 0 offwind-float,0.1324822700970928,2.480043562146314e-09
new_more,1000,NO0 0AC_00123 0 offwind-float,0.13385389628572197,2.676250056215247e-09
new_more,1000,NO0 0AC_00125 0 offwind-float,0.13419669047596727,3.6856751871313706e-09
new_more,1000,NO0 0AC_00131 0 offwind-float,0.13409265377824697,6.011643921549003e-09
new_more,1000,NO0 0AC_00135 0 offwind-float,0.13419903991454352,5.738781160813375e-09
new_more,1000,NO0 0AC_00136 0 offwind-float,0.13362585001073435,4.845000755172068e-09
new_more,1000,NO0 0AC_00140 0 offwind-float,0.13255586880920145,2.524125088583126e-09
new_more,1000,NO0 0AC_00144 0 offwind-float,0.13244555576269146,2.334992621162177e-09
new_more,1000,NO0 0AC_00149 0 offwind-float,0.13547355399315586,1.0336972699339057e-09
new_more,1000,NO0 0AC_00150 0 offwind-float,0.13417280472958126,1.3116352784962271e-09
new_more,1000,NO0 0AC_00151 0 offwind-float,0.13329515437222483,1.3594654345369758e-09
new_more,1000,NO0 0AC_00154 0 offwind-float,0.13344683083341313,1.4801421036301455e-09
new_more,1000,NO0 0AC_00156 0 offwind-float,0.13415641439673442,5.333727541709971e-09
new_more,1000,NO0 0AC_00157 0 offwind-float,0.13400101902092232,6.0874093228024594e-09
new_more,1000,NO0 0AC_00158 0 offwind-float,0.13416294298572395,5.760473053834476e-09
new_more,1000,NO0 0AC_00163 0 offwind-float,0.1339195422919901,2.577117555980154e-09
new_more,1000,NO0 0AC_00166 0 offwind-float,0.13405243126114874,6.158657011116815e-09
new_more,1000,NO0 0AC_00167 0 offwind-float,0.1321507491149343,4.784343702257912e-09
new_more,1000,NO0 0AC_00169 0 offwind-float,0.13433093981182553,2.559106169883248e-09
new_more,1000,NO0 0AC_00172 0 offwind-float,0.13488705763967335,1.4563623811064053e-09
new_more,1000,NO0 0AC_00174 0 offwind-float,0.13450333477747567,1.9339737115828443e-09
new_more,1000,NO0 0AC_00176 0 offwind-float,0.13410821978139054,1.2583305127791957e-09
new_more,1000,NO0 0AC_00177 0 offwind-float,0.13409401790207476,1.560914572056077e-09
new_more,1000,NO0 0AC_00185 0 offwind-float,0.1341758581457403,6.204191638804489e-09
new_more,1000,NO0 0AC_00186 0 offwind-float,0.1333859769045337,5.230021414608958e-09
new_more,1000,NO0 0AC_00187 0 offwind-float,0.132947253213606,5.011886252357167e-09
new_more,1000,NO0 0AC_00188 0 offwind-float,0.13389650467632197,5.641263826188751e-09
new_more,1000,NO0 0AC_00189 0 offwind-float,0.13373252194747443,4.663117081060506e-09
new_more,1000,NO0 0AC_00190 0 offwind-float,0.13258742104356036,2.932426966547136e-09
new_more,1000,NO0 0AC_00197 0 offwind-float,0.13882807773466688,6.897601859241276e-10
new_more,1000,NO0 0AC_00201 0 offwind-float,0.13238453754596768,5.203493464062674e-09
new_more,1000,NO0 0AC_00203 0 offwind-float,0.13395351913478115,5.196839151232492e-09
new_more,1000,NO0 0AC_00206 0 offwind-float,0.1337876946477229,5.843285804956686e-09
new_more,1000,NO0 0AC_00212 0 offwind-float,0.13418848188470278,5.883851592897865e-09
new_more,1000,NO0 0AC_00214 0 offwind-float,0.13418437013373785,5.234232141573994e-09
new_more,1000,NO0 0AC_00216 0 offwind-float,0.1335277148344628,5.925138803927619e-09
new_more,1000,NO0 0AC_00220 0 offwind-float,0.1340598446249126,6.0760170198190255e-09
new_more,1000,NO0 0AC_00223 0 offwind-float,0.13410476803208748,4.869003760075003e-09
new_more,1000,NO0 0AC_00225 0 offwind-float,0.13387267246798884,5.9437981243818156e-09
new_more,1000,NO0 0AC_00228 0 offwind-float,0.1339892636182598,5.974337110970178e-09
new_more,1000,NO0 0AC_00229 0 offwind-float,0.13443696498740032,4.4574351987391406e-09
new_more,1000,NO0 0AC_00230 0 offwind-float,0.13420759144485273,5.410394148159314e-09
new_more,1000,NO0 0AC_00232 0 offwind-float,0.13430729608316005,4.637761581373001e-09
new_more,1000,NO0 0AC_00233 0 offwind-float,0.1343658116308477,5.253280162229902e-09
new_more,1000,NO0 0AC_00236 0 offwind-float,0.13428500272987176,4.64592310128436e-09
new_more,1000,NO0 0AC_00241 0 offwind-float,0.1341359373597827,4.4972786135230555e-09
new_more,1000,NO0 0AC_00242 0 offwind-float,0.13411055762639734,4.755958590688065e-09
new_more,1000,BE2 0AC_00001 0 offwind-ac,0.11289842924401539,34.48721886906357
new_more,1000,DE2 0AC_00041 0 offwind-ac,0.14315786380126871,116.89464457208545
new_more,1000,DE2 0AC_00046 0 offwind-ac,0.14896448606126422,228.33070681237672
new_more,1000,DE2 0AC_00053 0 offwind-ac,0.1414905025652583,104.31499824312417
new_more,1000,DK2 0AC_00052 0 offwind-ac,0.1484535309014965,252.6695562875671
new_more,1000,DK2 0AC_00059 0 offwind-ac,0.13720804810975573,80.28770209874916
new_more,1000,DK2 0AC_00060 0 offwind-ac,0.13276082530578281,1.5291732014579425e-08
new_more,1000,DK2 0AC_00061 0 offwind-ac,0.11151626238093082,28.182023330542805
new_more,1000,DK2 0AC_00062 0 offwind-ac,0.11147073301307042,27.647725376388323
new_more,1000,DK2 0AC_00067 0 offwind-ac,0.1311248575034858,1.7642972324196847e-08
new_more,1000,DK2 0AC_00072 0 offwind-ac,0.12871751981706125,3.941609446572314e-08
new_more,1000,GB1 0AC_00018 0 offwind-ac,0.1269345918018555,6.277541956285215e-08
new_more,1000,GB1 0AC_00031 0 offwind-ac,0.15163853048531517,422.72217266158214
new_more,1000,GB1 0AC_00032 0 offwind-ac,0.15034252137421533,280.64634412002965
new_more,1000,GB1 0AC_00035 0 offwind-ac,0.15044514338694626,340.1646127901885
new_more,1000,GB1 0AC_00041 0 offwind-ac,0.13065625349578525,3.4789828806452704e-08
new_more,1000,GB1 0AC_00060 0 offwind-ac,0.12838051075220902,5.1083921761032435e-08
new_more,1000,GB1 0AC_00075 0 offwind-ac,0.14926553137060117,168.50272161408694
new_more,1000,GB1 0AC_00085 0 offwind-ac,0.14818319646233136,177.48209171504348
new_more,1000,GB1 0AC_00107 0 offwind-ac,0.151745244228929,676.9242571147396
new_more,1000,GB1 0AC_00108 0 offwind-ac,0.1472226823343361,191.306046514107
new_more,1000,GB1 0AC_00116 0 offwind-ac,0.15088259411367755,385.20975913050245
new_more,1000,GB1 0AC_00127 0 offwind-ac,0.12814778538015337,3.284371737285933e-08
new_more,1000,GB1 0AC_00129 0 offwind-ac,0.1318333445305101,1.9207677712982792e-08
new_more,1000,GB1 0AC_00132 0 offwind-ac,0.1486008289838836,230.53698866401487
new_more,1000,GB1 0AC_00135 0 offwind-ac,0.1515778031934154,304.29519820331103
new_more,1000,GB1 0AC_00155 0 offwind-ac,0.1515869088037587,545.2453169692303
new_more,1000,GB1 0AC_00156 0 offwind-ac,0.14790160056225599,194.93304868050808
new_more,1000,GB1 0AC_00165 0 offwind-ac,0.15112117702089523,375.46234951027424
new_more,1000,GB1 0AC_00169 0 offwind-ac,0.14830105390049386,115.21432293909277
new_more,1000,GB1 0AC_00180 0 offwind-ac,0.11147397602925879,27.959158308119907
new_more,1000,GB1 0AC_00181 0 offwind-ac,0.15153681560096255,491.54269712728654
new_more,1000,GB1 0AC_00195 0 offwind-ac,0.14936611545351497,334.0747469120556
new_more,1000,GB1 0AC_00204 0 offwind-ac,0.1465878878671001,131.9967098781446
new_more,1000,GB1 0AC_00206 0 offwind-ac,0.14555211560892412,129.32753783213133
new_more,1000,GB1 0AC_00216 0 offwind-ac,0.14994256629573766,328.98046588408783
new_more,1000,GB1 0AC_00225 0 offwind-ac,0.1450283016406757,146.52151411277003
new_more,1000,GB4 0AC_00026 0 offwind-ac,0.15154155310478834,114.96276518652056
new_more,1000,NL2 0AC_00002 0 offwind-ac,0.1515030639618662,416.8271457776908
new_more,1000,NL2 0AC_00015 0 offwind-ac,0.1507316028053356,425.06550981243197
new_more,1000,NL2 0AC_00029 0 offwind-ac,0.1507302555837301,389.87861325529485
new_more,1000,NL2 0AC_00033 0 offwind-ac,0.15094197027326306,454.3957841911237
new_more,1000,NL2 0AC_00038 0 offwind-ac,0.14845833375764028,209.59033824689502
new_more,1000,NL2 0AC_00048 0 offwind-ac,0.14894679654172338,131.6575182212666
new_more,1000,NL2 0AC_00062 0 offwind-ac,0.14746223108372447,197.07452710075424
new_more,1000,NL2 0AC_00078 0 offwind-ac,0.13576031534969268,1.3873196494418754
new_more,1000,NL2 0AC_00080 0 offwind-ac,0.1423575932297646,76.34046410618086
new_more,1000,NL2 0AC_00083 0 offwind-ac,0.1439077586898163,129.8027423525498
new_more,1000,NO0 0AC_00120 0 offwind-ac,0.13994399198596918,9.49320088384732e-09
new_more,1000,NO0 0AC_00146 0 offwind-ac,0.13137586414284874,9.366427303674283e-09
new_more,1000,NO0 0AC_00162 0 offwind-ac,0.13303533457995687,1.6029332339980103e-08
new_more,1000,NO0 0AC_00168 0 offwind-ac,0.12454943402279384,6.14654512421593e-08
new_more,1000,NO0 0AC_00179 0 offwind-ac,0.1341339165691926,9.802189512412265e-09
new_more,1000,NO0 0AC_00183 0 offwind-ac,0.1339077779899993,5.3673169235510756e-09
new_more,1000,NO0 0AC_00208 0 offwind-ac,0.13360596696070526,1.1617953369232086e-08
new_more,1000,NO0 0AC_00209 0 offwind-ac,0.13437033913511331,4.89574274913278e-09
new_more,1000,NO0 0AC_00235 0 offwind-ac,0.1335521765044101,8.912617844434846e-09
new_more,1000,NO0 0AC_00246 0 offwind-ac,0.1339207492590999,1.0285815853839111e-08
new_more,1000,BE2 0AC_00002 0 offwind-dc,0.1114693048570401,30.86324587561745
new_more,1000,DE2 0AC_00002 0 offwind-dc,0.1518747086362885,486.08591767006055
new_more,1000,DE2 0AC_00009 0 offwind-dc,0.15181015297621037,535.9755070853162
new_more,1000,DE2 0AC_00010 0 offwind-dc,0.1563520673407568,951.4135111663993
new_more,1000,DE2 0AC_00011 0 offwind-dc,0.15483008749030824,877.4038815951635
new_more,1000,DE2 0AC_00014 0 offwind-dc,0.15183247655840426,704.4445623130948
new_more,1000,DE2 0AC_00015 0 offwind-dc,0.15479791588423264,987.2397493658023
new_more,1000,DE2 0AC_00020 0 offwind-dc,0.1518952570136769,775.2394479384266
new_more,1000,DE2 0AC_00030 0 offwind-dc,0.15373984971102994,958.2570038009808
new_more,1000,DE2 0AC_00036 0 offwind-dc,0.1518752992992105,797.3899683372246
new_more,1000,DE2 0AC_00043 0 offwind-dc,0.1518520077238883,712.8350352585365
new_more,1000,DK2 0AC_00007 0 offwind-dc,0.1339929926876724,7.159030855993224e-08
new_more,1000,DK2 0AC_00011 0 offwind-dc,0.1365235049420851,5.6072679450272394e-08
new_more,1000,DK2 0AC_00025 0 offwind-dc,0.13294714168285482,7.244281192433234e-08
new_more,1000,DK2 0AC_00031 0 offwind-dc,0.12962810648760892,9.682350269705981e-08
new_more,1000,DK2 0AC_00038 0 offwind-dc,0.11148992316832362,30.944579188029103
new_more,1000,DK2 0AC_00039 0 offwind-dc,0.1254202799277565,1.3020360170602446e-07
new_more,1000,DK2 0AC_00045 0 offwind-dc,0.13097315351831806,8.815831528009566e-08
new_more,1000,DK2 0AC_00050 0 offwind-dc,0.155245819756202,1057.4820795713395
new_more,1000,GB1 0AC_00014 0 offwind-dc,0.156538524470752,1084.6557798073018
new_more,1000,GB1 0AC_00042 0 offwind-dc,0.15646406401497615,1236.9243670854378
new_more,1000,GB1 0AC_00139 0 offwind-dc,0.11146984448742614,25.984546069020883
new_more,1000,GB1 0AC_00184 0 offwind-dc,0.15180972973447915,666.8035007262512
new_more,1000,GB1 0AC_00196 0 offwind-dc,0.11144776218892616,30.36915444052308
new_more,1000,GB1 0AC_00202 0 offwind-dc,0.11147013003991413,26.69352336542495
new_more,1000,GB1 0AC_00209 0 offwind-dc,0.11147007669394904,28.72494887750319
new_more,1000,GB1 0AC_00217 0 offwind-dc,0.1544279144756211,921.4261295433573
new_more,1000,GB1 0AC_00218 0 offwind-dc,0.11147079816880656,27.208422475989867
new_more,1000,GB1 0AC_00240 0 offwind-dc,0.1114477622298613,27.544624140557296
new_more,1000,GB1 0AC_00254 0 offwind-dc,0.11151669348240578,23.317145181046786
new_more,1000,GB1 0AC_00261 0 offwind-dc,0.15178886921738244,492.1932739178091
new_more,1000,GB1 0AC_00265 0 offwind-dc,0.15650238354653223,1057.4058058770672
new_more,1000,GB1 0AC_00271 0 offwind-dc,0.15553995724896552,1093.0613381363978
new_more,1000,GB4 0AC_00008 0 offwind-dc,0.13512297354729452,6.63971488205963e-08
new_more,1000,NL2 0AC_00014 0 offwind-dc,0.15247628398272695,708.072035209491
new_more,1000,NL2 0AC_00021 0 offwind-dc,0.15410479750919004,943.3712606694864
new_more,1000,NL2 0AC_00045 0 offwind-dc,0.11144776203054851,34.85928071827939
new_more,1000,NL2 0AC_00065 0 offwind-dc,0.11149369314702773,32.74123294102145
new_more,1000,NL2 0AC_00066 0 offwind-dc,0.11144776219582786,27.68316577140464
new_more,1000,NL2 0AC_00069 0 offwind-dc,0.11149127778912804,33.06451691855079
new_more,1000,NL2 0AC_00072 0 offwind-dc,0.1518104816906931,594.2006031592612
new_more,1000,NL2 0AC_00073 0 offwind-dc,0.1114696779967338,27.348470440565418
new_more,1000,NL2 0AC_00075 0 offwind-dc,0.15155247376925474,480.100591381549
new_more,1000,NL2 0AC_00082 0 offwind-dc,0.15189493988433456,517.1493923611408
new_more,1000,NO0 0AC_00104 0 offwind-dc,0.11146883938498187,24.76480959276854
new_more,1000,NO0 0AC_00137 0 offwind-dc,0.14113099963602826,91.19434747070417
new_more,1000,NO0 0AC_00173 0 offwind-dc,0.156004955666027,964.1814072073751
new_more,1000,DK2 0AC_00043 0 offwind-float,0.14356075486221098,8.709041197124128e-09
new_more,1000,DK2 0AC_00076 0 offwind-float,0.14346059163988767,8.487459259793514e-09
new_more,1000,GB1 0AC_00015 0 offwind-float,0.14288058624524302,9.837838939753634e-09
new_more,1000,GB1 0AC_00036 0 offwind-float,0.1437817482954995,9.838801119095674e-09
new_more,1000,GB1 0AC_00040 0 offwind-float,0.14410001854834475,9.015007493435088e-09
new_more,1000,GB1 0AC_00054 0 offwind-float,0.14318080784693654,7.673882678371406e-09
new_more,1000,GB1 0AC_00059 0 offwind-float,0.1440876764008605,8.60880274279747e-09
new_more,1000,GB1 0AC_00082 0 offwind-float,0.1432946016024177,8.12990966689631e-09
new_more,1000,GB1 0AC_00098 0 offwind-float,0.1440433109058581,8.67362597423525e-09
new_more,1000,GB1 0AC_00119 0 offwind-float,0.14291229844755282,8.210456814936151e-09
new_more,1000,GB4 0AC_00000 0 offwind-float,0.14211890819810769,7.195595129593876e-09
new_more,1000,GB4 0AC_00005 0 offwind-float,0.1434684567600708,8.19624332374863e-09
new_more,1000,GB4 0AC_00032 0 offwind-float,0.14351880668065875,9.656201517160782e-09
new_more,1000,GB4 0AC_00037 0 offwind-float,0.14392662528352096,9.821500879438014e-09
new_more,1000,GB4 0AC_00052 0 offwind-float,0.14352320893131487,9.28990420559318e-09
new_more,1000,NO0 0AC_00096 0 offwind-float,0.1437588130489157,8.703688056997244e-09
new_more,1000,NO0 0AC_00097 0 offwind-float,0.1439189552744452,8.696689654963009e-09
new_more,1000,NO0 0AC_00101 0 offwind-float,0.14396252344409122,7.046970020392001e-09
new_more,1000,NO0 0AC_00102 0 offwind-float,0.14401459884901546,6.584201142391549e-09
new_more,1000,NO0 0AC_00115 0 offwind-float,0.14385953080177083,9.27102965589497e-09
new_more,1000,NO0 0AC_00117 0 offwind-float,0.14306051490612737,8.446061697000544e-09
new_more,1000,NO0 0AC_00133 0 offwind-float,0.14358021926661424,9.059544892343853e-09
new_more,1000,NO0 0AC_00134 0 offwind-float,0.14341095651312796,9.218888513396775e-09
new_more,1000,NO0 0AC_00138 0 offwind-float,0.1442569104562763,6.480527934574891e-09
new_more,1000,NO0 0AC_00139 0 offwind-float,0.1433383774588346,6.040657894554199e-09
new_more,1000,NO0 0AC_00141 0 offwind-float,0.14370837683996118,5.382377267133508e-09
new_more,1000,NO0 0AC_00143 0 offwind-float,0.14268646232610127,3.457172143562329e-09
new_more,1000,NO0 0AC_00155 0 offwind-float,0.14374654663431852,9.518927561643856e-09
new_more,1000,NO0 0AC_00178 0 offwind-float,0.14349235869755128,9.320363733800206e-09
new_more,1000,NO0 0AC_00182 0 offwind-float,0.1420996282956799,8.573829905177975e-09
new_more,1000,NO0 0AC_00191 0 offwind-float,0.14181403943352378,8.715908860072163e-09
new_more,1000,NO0 0AC_00198 0 offwind-float,0.1437627019565616,9.780036030435198e-09
new_more,1000,NO0 0AC_00199 0 offwind-float,0.143521779927145,9.730911943074414e-09
new_more,1000,NO0 0AC_00200 0 offwind-float,0.14370699521749197,9.809933918288044e-09
new_more,1000,NO0 0AC_00204 0 offwind-float,0.14354918333565847,9.830820285669524e-09
new_more,1000,NO0 0AC_00221 0 offwind-float,0.14337692446135875,9.177615066144625e-09
new_more,1000,NO0 0AC_00234 0 offwind-float,0.14365536324159356,8.032987310636966e-09
new_more,1000,NO0 0AC_00238 0 offwind-float,0.14388307698598102,8.159645597391482e-09
new_more,1000,NO0 0AC_00239 0 offwind-float,0.14375938831499702,7.4193481784346e-09
new_more,1000,NO0 0AC_00240 0 offwind-float,0.1440247710690521,8.147043729359579e-09
new_more,1000,DK2 0AC_00053 0 offwind-ac,0.15550820644521535,998.2537046323193
new_more,1000,DK2 0AC_00057 0 offwind-ac,0.15178886921979762,676.6359100868661
new_more,1000,DK2 0AC_00065 0 offwind-ac,0.1551325079205641,805.3538277769894
new_more,1000,GB1 0AC_00008 0 offwind-ac,0.138019591689722,6.431741720283831e-08
new_more,1000,GB1 0AC_00012 0 offwind-ac,0.13729003143987717,8.122717030994134e-08
new_more,1000,GB1 0AC_00013 0 offwind-ac,0.1554858760715343,579.493324262256
new_more,1000,GB1 0AC_00021 0 offwind-ac,0.135519638637016,8.411077467798791e-08
new_more,1000,GB1 0AC_00028 0 offwind-ac,0.1558140743039369,997.0669697150413
new_more,1000,GB1 0AC_00029 0 offwind-ac,0.15428134188688714,756.5426862656559
new_more,1000,GB1 0AC_00126 0 offwind-ac,0.1558305586506794,1050.0946628905099
new_more,1000,GB1 0AC_00173 0 offwind-ac,0.15510839166552182,774.2949213037549
new_more,1000,GB4 0AC_00028 0 offwind-ac,0.1560339253084534,100.85587442631261
new_more,1000,NL2 0AC_00039 0 offwind-ac,0.1523569303073733,641.3072188687846
new_more,1000,NL2 0AC_00042 0 offwind-ac,0.15348021899402076,761.6758702969236
new_more,1000,NL2 0AC_00049 0 offwind-ac,0.15188397592334002,699.2336155889602
new_more,1000,NL2 0AC_00056 0 offwind-ac,0.15528068969864273,905.0053655605275
new_more,1000,NO0 0AC_00126 0 offwind-ac,0.1422189009809749,1.487443665654045e-08
new_more,1000,DE2 0AC_00003 0 offwind-dc,0.1517888692247613,705.9214913154055
new_more,1000,DE2 0AC_00006 0 offwind-dc,0.15187291882694853,612.1750355041019
new_more,1000,DE2 0AC_00007 0 offwind-dc,0.15183005586602205,516.1824689423482
new_more,1000,DE2 0AC_00008 0 offwind-dc,0.15180927816575007,552.27702980038
new_more,1000,DE2 0AC_00012 0 offwind-dc,0.15185464004738136,582.3920243339137
new_more,1000,DE2 0AC_00016 0 offwind-dc,0.15185221159087148,795.2066051468234
new_more,1000,DE2 0AC_00017 0 offwind-dc,0.1542911139726293,868.7991019313799
new_more,1000,DE2 0AC_00019 0 offwind-dc,0.15660655606556162,1231.3187091212803
new_more,1000,DE2 0AC_00032 0 offwind-dc,0.15178886922167878,710.0890271732563
new_more,1000,DK2 0AC_00001 0 offwind-dc,0.14369422702921752,6.586910408591116e-08
new_more,1000,DK2 0AC_00002 0 offwind-dc,0.14215098573264084,7.102150052378273e-08
new_more,1000,DK2 0AC_00006 0 offwind-dc,0.13421224147106758,1.1888853309534174e-07
new_more,1000,DK2 0AC_00008 0 offwind-dc,0.143764703460442,6.724476258428391e-08
new_more,1000,DK2 0AC_00009 0 offwind-dc,0.14035855269301778,7.787923178921253e-08
new_more,1000,DK2 0AC_00010 0 offwind-dc,0.1417759712586366,7.254569412272648e-08
new_more,1000,DK2 0AC_00012 0 offwind-dc,0.11146933002295245,25.367404213236316
new_more,1000,DK2 0AC_00013 0 offwind-dc,0.13766975243354074,1.0290803111771437e-07
new_more,1000,DK2 0AC_00014 0 offwind-dc,0.13970293259550703,8.921054651909511e-08
new_more,1000,DK2 0AC_00015 0 offwind-dc,0.11149159768716177,29.096481453678393
new_more,1000,DK2 0AC_00018 0 offwind-dc,0.1355943570889936,1.169158882790336e-07
new_more,1000,DK2 0AC_00019 0 offwind-dc,0.11925921413772933,4.347075253952348e-07
new_more,1000,DK2 0AC_00020 0 offwind-dc,0.1399767494228873,8.50332751030275e-08
new_more,1000,DK2 0AC_00022 0 offwind-dc,0.1410370760675017,8.139463438068999e-08
new_more,1000,DK2 0AC_00027 0 offwind-dc,0.13202376984049313,1.4629020495220918e-07
new_more,1000,DK2 0AC_00028 0 offwind-dc,0.11146932872257709,29.08079202622111
new_more,1000,DK2 0AC_00029 0 offwind-dc,0.1566364130103196,1143.7407004782256
new_more,1000,DK2 0AC_00033 0 offwind-dc,0.11592780327885754,7.681309665006155e-07
new_more,1000,DK2 0AC_00034 0 offwind-dc,0.15182793953128648,673.8078368403114
new_more,1000,DK2 0AC_00037 0 offwind-dc,0.11144776193001404,28.789713286236783
new_more,1000,DK2 0AC_00040 0 offwind-dc,0.11144776194432426,31.405457353787476
new_more,1000,DK2 0AC_00044 0 offwind-dc,0.16115742899551455,1667.115176777757
new_more,1000,DK2 0AC_00046 0 offwind-dc,0.11148916153749455,27.52280398822891
new_more,1000,GB1 0AC_00044 0 offwind-dc,0.15888143514159125,1577.360639455236
new_more,1000,GB1 0AC_00144 0 offwind-dc,0.11144776231681397,30.84717246286243
new_more,1000,GB1 0AC_00163 0 offwind-dc,0.15183295601394553,598.5910740633223
new_more,1000,GB1 0AC_00172 0 offwind-dc,0.11144776233882803,36.87519459474072
new_more,1000,GB1 0AC_00183 0 offwind-dc,0.11146925097157867,26.680788757066857
new_more,1000,GB1 0AC_00186 0 offwind-dc,0.15183067057771615,619.4287882103613
new_more,1000,GB1 0AC_00189 0 offwind-dc,0.15666311694821633,898.4384715211868
new_more,1000,GB1 0AC_00192 0 offwind-dc,0.11149211403698267,29.803273355294987
new_more,1000,GB1 0AC_00200 0 offwind-dc,0.15185465357002037,641.1885943306049
new_more,1000,GB1 0AC_00201 0 offwind-dc,0.1518538942261175,568.3104459948349
new_more,1000,GB1 0AC_00205 0 offwind-dc,0.15185591634208284,431.15114031222316
new_more,1000,GB1 0AC_00214 0 offwind-dc,0.1518325568902381,623.6381509772309
new_more,1000,GB1 0AC_00227 0 offwind-dc,0.11147072543789538,27.71114916532698
new_more,1000,GB1 0AC_00243 0 offwind-dc,0.11144776249437438,28.40050228478447
new_more,1000,GB1 0AC_00252 0 offwind-dc,0.15659801326471545,1047.7933442671015
new_more,1000,GB1 0AC_00253 0 offwind-dc,0.11146931408930594,26.336185448367754
new_more,1000,GB1 0AC_00269 0 offwind-dc,0.15661908038086503,1279.848741673211
new_more,1000,GB4 0AC_00003 0 offwind-dc,0.11149195917621024,29.864465916066536
new_more,1000,GB4 0AC_00012 0 offwind-dc,0.15135929736063458,596.7117438180529
new_more,1000,NL2 0AC_00000 0 offwind-dc,0.11144776233397224,20.236820237820915
new_more,1000,NL2 0AC_00017 0 offwind-dc,0.1566201288710526,1373.7974348728003
new_more,1000,NL2 0AC_00019 0 offwind-dc,0.11147140240081665,28.102437168518648
new_more,1000,NL2 0AC_00020 0 offwind-dc,0.15183309426552705,751.6598963273605
new_more,1000,NL2 0AC_00034 0 offwind-dc,0.15171801215640868,718.8711189451886
new_more,1000,NL2 0AC_00040 0 offwind-dc,0.1114907901726202,24.132620311809934
new_more,1000,NL2 0AC_00051 0 offwind-dc,0.11147128450688015,32.628051551405406
new_more,1000,NL2 0AC_00070 0 offwind-dc,0.11149308992643514,23.413584896688256
new_more,1000,NL2 0AC_00081 0 offwind-dc,0.15181113656850198,549.7941788713181
new_more,1000,NO0 0AC_00073 0 offwind-dc,0.117218208010197,5.317012784136011e-07
new_more,1000,NO0 0AC_00159 0 offwind-dc,0.15663743846380696,1260.1177717934918
new_more,1000,NO0 0AC_00160 0 offwind-dc,0.1518105139216298,659.7416611841971
new_more,1000,DK2 0AC_00004 0 offwind-float,0.15067637702366732,1.0225028584317181e-08
new_more,1000,DK2 0AC_00075 0 offwind-float,0.1506042441633716,1.1272263347402862e-08
new_more,1000,GB1 0AC_00011 0 offwind-float,0.15012070552571188,1.1107929885856514e-08
new_more,1000,GB1 0AC_00016 0 offwind-float,0.15086446759143335,1.1829584024507708e-08
new_more,1000,GB1 0AC_00020 0 offwind-float,0.15015931210050437,1.3240228685936164e-08
new_more,1000,GB1 0AC_00022 0 offwind-float,0.15116220765599675,1.2398791174330255e-08
new_more,1000,GB1 0AC_00025 0 offwind-float,0.1509586293033991,1.4310913754906794e-08
new_more,1000,GB1 0AC_00027 0 offwind-float,0.15057130630220883,1.2690741906477716e-08
new_more,1000,GB1 0AC_00037 0 offwind-float,0.15104641055271706,1.5097149029187965e-08
new_more,1000,GB1 0AC_00038 0 offwind-float,0.15074825012075477,1.519319983133551e-08
new_more,1000,GB1 0AC_00045 0 offwind-float,0.1502871802478073,1.2587102440491833e-08
new_more,1000,GB1 0AC_00046 0 offwind-float,0.15129147493462058,1.3346692428732401e-08
new_more,1000,GB1 0AC_00048 0 offwind-float,0.15065114090352172,1.2781017626634345e-08
new_more,1000,GB1 0AC_00049 0 offwind-float,0.1510828410745917,1.284142868992294e-08
new_more,1000,GB1 0AC_00050 0 offwind-float,0.1509761354064787,1.4833856379861416e-08
new_more,1000,GB1 0AC_00051 0 offwind-float,0.1509422440517847,1.4697599645705102e-08
new_more,1000,GB1 0AC_00052 0 offwind-float,0.15077226006094502,1.2956737566890763e-08
new_more,1000,GB1 0AC_00058 0 offwind-float,0.1511982577808033,1.2351220246803866e-08
new_more,1000,GB1 0AC_00097 0 offwind-float,0.15121272141347253,1.1587193335341603e-08
new_more,1000,GB1 0AC_00113 0 offwind-float,0.1512152878111075,1.1747888819091138e-08
new_more,1000,GB1 0AC_00140 0 offwind-float,0.15025619875854723,1.1421435021802176e-08
new_more,1000,GB1 0AC_00150 0 offwind-float,0.15141896925790277,1.2172405919337407e-08
new_more,1000,GB4 0AC_00029 0 offwind-float,0.15121924529686492,1.2693656618725305e-08
new_more,1000,GB4 0AC_00034 0 offwind-float,0.15127416074316546,1.2831020644024833e-08
new_more,1000,NO0 0AC_00004 0 offwind-float,0.15133018503001927,1.0557232800236347e-08
new_more,1000,NO0 0AC_00072 0 offwind-float,0.15138552166438024,1.0962993729016738e-08
new_more,1000,NO0 0AC_00084 0 offwind-float,0.15036125160174707,8.943733724763877e-09
new_more,1000,NO0 0AC_00088 0 offwind-float,0.15113172558322052,1.1397903868468725e-08
new_more,1000,NO0 0AC_00089 0 offwind-float,0.15092786740294017,1.0271659652166504e-08
new_more,1000,NO0 0AC_00090 0 offwind-float,0.15100506555728577,1.1457426883887134e-08
new_more,1000,NO0 0AC_00092 0 offwind-float,0.15114292985924616,1.0980023269934905e-08
new_more,1000,NO0 0AC_00093 0 offwind-float,0.15123572515400208,1.1737218495700202e-08
new_more,1000,NO0 0AC_00095 0 offwind-float,0.15122027697785623,1.1416639508455685e-08
new_more,1000,NO0 0AC_00099 0 offwind-float,0.1507115075564761,1.0930749597720361e-08
new_more,1000,NO0 0AC_00100 0 offwind-float,0.15095920486268288,1.0385286578115063e-08
new_more,1000,NO0 0AC_00105 0 offwind-float,0.15107360994178487,1.1609686261960012e-08
new_more,1000,NO0 0AC_00107 0 offwind-float,0.1508969136866778,1.1945761687944628e-08
new_more,1000,NO0 0AC_00108 0 offwind-float,0.15065595540610122,1.04243693987655e-08
new_more,1000,NO0 0AC_00109 0 offwind-float,0.1509165407802825,1.1484526110141546e-08
new_more,1000,NO0 0AC_00118 0 offwind-float,0.15113771380570284,1.2045330651930623e-08
new_more,1000,NO0 0AC_00128 0 offwind-float,0.14379779004507276,5.210216793479874e-09
new_more,1000,NO0 0AC_00132 0 offwind-float,0.15068064269732684,1.1682448515810403e-08
new_more,1000,NO0 0AC_00161 0 offwind-float,0.14939554279584843,1.1940025742742308e-08
new_more,1000,NO0 0AC_00181 0 offwind-float,0.1502281564043043,1.2380700748160769e-08
new_more,1000,NO0 0AC_00184 0 offwind-float,0.1506806454193267,1.2877782574027824e-08
new_more,1000,NO0 0AC_00205 0 offwind-float,0.15097018597375333,1.3358809762409984e-08
new_more,1000,NO0 0AC_00215 0 offwind-float,0.1509196309349754,1.3396306284608839e-08
new_more,1000,NO0 0AC_00219 0 offwind-float,0.15032952707678005,1.263496309047145e-08
new_more,1000,BE2 0AC_00003 0 offwind-ac,0.15373789469792654,944.2070151736104
new_more,1000,DK2 0AC_00063 0 offwind-ac,0.11149251604264021,35.86016445605815
new_more,1000,DK2 0AC_00066 0 offwind-ac,0.13180019734615733,1.241467298679235e-07
new_more,1000,GB1 0AC_00002 0 offwind-ac,0.15081072624722103,362.51779041131624
new_more,1000,GB1 0AC_00005 0 offwind-ac,0.14946274423170258,3.550814616317499e-08
new_more,1000,GB1 0AC_00010 0 offwind-ac,0.15957156677817996,1375.619997030247
new_more,1000,GB1 0AC_00017 0 offwind-ac,0.14757667058466872,5.31581297735144e-08
new_more,1000,GB1 0AC_00019 0 offwind-ac,0.14843359120754906,3.6693561939005743e-08
new_more,1000,GB1 0AC_00024 0 offwind-ac,0.1566946848387003,709.0515851554959
new_more,1000,GB1 0AC_00125 0 offwind-ac,0.15874532146306064,1083.5509911235172
new_more,1000,NO0 0AC_00243 0 offwind-ac,0.15145170387684936,1.683274895390428e-08
new_more,1000,DE2 0AC_00000 0 offwind-dc,0.15183418095012025,462.8701258960886
new_more,1000,DE2 0AC_00013 0 offwind-dc,0.15668495507690994,1343.5390708885698
new_more,1000,DE2 0AC_00018 0 offwind-dc,0.15661946243712144,1297.4838655541118
new_more,1000,DE2 0AC_00023 0 offwind-dc,0.15181117457104498,777.558072857022
new_more,1000,DE2 0AC_00024 0 offwind-dc,0.1566426044286261,1166.4285145833783
new_more,1000,DE2 0AC_00025 0 offwind-dc,0.15662107004436132,1221.1737152938365
new_more,1000,DE2 0AC_00029 0 offwind-dc,0.1565868955648716,1242.47212762547
new_more,1000,DK2 0AC_00005 0 offwind-dc,0.149744300917256,7.464522139184502e-08
new_more,1000,DK2 0AC_00021 0 offwind-dc,0.1297260475286688,2.3463349337452104e-07
new_more,1000,DK2 0AC_00024 0 offwind-dc,0.11150962351296101,27.26160472714686
new_more,1000,DK2 0AC_00026 0 offwind-dc,0.1420356521397672,1.21321533765648e-07
new_more,1000,DK2 0AC_00032 0 offwind-dc,0.11149123183230358,26.227535501838947
new_more,1000,GB1 0AC_00034 0 offwind-dc,0.16213519182488056,1903.0507920575737
new_more,1000,GB1 0AC_00148 0 offwind-dc,0.11144776262468792,28.732848683890527
new_more,1000,GB1 0AC_00160 0 offwind-dc,0.15185496064737936,618.7018829856655
new_more,1000,GB1 0AC_00164 0 offwind-dc,0.13712992078223518,80.57090142402635
new_more,1000,GB1 0AC_00215 0 offwind-dc,0.11149036708483662,23.79088348362821
new_more,1000,GB1 0AC_00256 0 offwind-dc,0.11149319746126862,33.999837248702484
new_more,1000,GB1 0AC_00263 0 offwind-dc,0.15061716540931636,353.65829383520474
new_more,1000,GB1 0AC_00266 0 offwind-dc,0.11147000069294,23.276603124165327
new_more,1000,GB1 0AC_00270 0 offwind-dc,0.11146939369661923,24.359480802801386
new_more,1000,GB1 0AC_00273 0 offwind-dc,0.1566389763777617,1203.9680420290774
new_more,1000,GB1 0AC_00274 0 offwind-dc,0.15659675123763594,1030.366387458192
new_more,1000,NL2 0AC_00004 0 offwind-dc,0.1114477637934066,27.101705075350793
new_more,1000,NL2 0AC_00009 0 offwind-dc,0.11149355645780024,29.304725617765243
new_more,1000,NL2 0AC_00011 0 offwind-dc,0.1518323243406059,824.3933153689505
new_more,1000,NL2 0AC_00012 0 offwind-dc,0.1115172212851897,32.82919748739785
new_more,1000,NL2 0AC_00022 0 offwind-dc,0.11146952691984968,28.784855437953784
new_more,1000,NL2 0AC_00023 0 offwind-dc,0.11149272215180839,29.834303453653618
new_more,1000,NL2 0AC_00031 0 offwind-dc,0.15183032921736983,693.6254922340426
new_more,1000,NL2 0AC_00036 0 offwind-dc,0.1114713755117237,26.971305080463033
new_more,1000,NL2 0AC_00041 0 offwind-dc,0.1518326839064441,738.4656058943505
new_more,1000,NL2 0AC_00043 0 offwind-dc,0.11144776230717579,30.065252403462914
new_more,1000,NL2 0AC_00050 0 offwind-dc,0.11146904175797501,31.84446721856499
new_more,1000,NL2 0AC_00053 0 offwind-dc,0.1517888692159225,735.098773192685
new_more,1000,NL2 0AC_00054 0 offwind-dc,0.11147066929722071,32.08667840723515
new_more,1000,NL2 0AC_00057 0 offwind-dc,0.11144776235202913,26.178005719551376
new_more,1000,NL2 0AC_00058 0 offwind-dc,0.11147129636128661,28.937519235162018
new_more,1000,NL2 0AC_00067 0 offwind-dc,0.11144776239251686,27.190469361236804
new_more,1000,NL2 0AC_00068 0 offwind-dc,0.15181094714607657,585.1866203214082
new_more,1000,NL2 0AC_00071 0 offwind-dc,0.15661844999529084,1082.9965385419805
new_more,1000,NL2 0AC_00076 0 offwind-dc,0.15183141680424472,644.0361686459727
new_more,1000,NL2 0AC_00085 0 offwind-dc,0.15185282289035718,555.1246268238046
new_more,1000,DK2 0AC_00000 0 offwind-float,0.15716803712027627,1.2734461447561122e-08
new_more,1000,DK2 0AC_00003 0 offwind-float,0.1572268790041269,1.2583878054687247e-08
new_more,1000,GB1 0AC_00009 0 offwind-float,0.15735559580729797,1.858476407876498e-08
new_more,1000,GB1 0AC_00026 0 offwind-float,0.15657590375684427,1.7463467036702926e-08
new_more,1000,GB1 0AC_00030 0 offwind-float,0.15735606155714066,1.9248979459577507e-08
new_more,1000,GB1 0AC_00033 0 offwind-float,0.15736389372115644,1.734373493842054e-08
new_more,1000,GB1 0AC_00043 0 offwind-float,0.15771428036561164,1.7559090411156834e-08
new_more,1000,GB1 0AC_00055 0 offwind-float,0.15793147339035196,1.6745233531271644e-08
new_more,1000,GB1 0AC_00056 0 offwind-float,0.15782289350875034,1.681996503497904e-08
new_more,1000,GB1 0AC_00064 0 offwind-float,0.1578803264157732,1.4976351208326566e-08
new_more,1000,GB1 0AC_00067 0 offwind-float,0.15775958394842227,1.668806941550493e-08
new_more,1000,GB1 0AC_00071 0 offwind-float,0.1579593165806501,1.4756643693225832e-08
new_more,1000,GB1 0AC_00090 0 offwind-float,0.15775270945457986,1.7421595819687728e-08
new_more,1000,GB1 0AC_00095 0 offwind-float,0.15766900475021461,1.762239694992153e-08
new_more,1000,GB1 0AC_00100 0 offwind-float,0.15749970354389387,1.761904053781113e-08
new_more,1000,GB1 0AC_00112 0 offwind-float,0.1578205460809572,1.766230305630768e-08
new_more,1000,GB1 0AC_00118 0 offwind-float,0.1580237524845749,1.536423820391579e-08
new_more,1000,GB1 0AC_00120 0 offwind-float,0.15770186887633597,1.597922333206796e-08
new_more,1000,GB1 0AC_00134 0 offwind-float,0.15759846775143127,1.4713286255354797e-08
new_more,1000,GB1 0AC_00146 0 offwind-float,0.15781773754061101,1.68384588567211e-08
new_more,1000,GB1 0AC_00157 0 offwind-float,0.1580016349446014,1.5326204190789397e-08
new_more,1000,GB1 0AC_00162 0 offwind-float,0.15772972595659873,1.6118591888881598e-08
new_more,1000,GB1 0AC_00179 0 offwind-float,0.15804696287928077,1.5756577355580855e-08
new_more,1000,GB1 0AC_00229 0 offwind-float,0.15777197631085116,1.5581310176210387e-08
new_more,1000,GB1 0AC_00258 0 offwind-float,0.15792468522564695,1.5778839211971176e-08
new_more,1000,GB4 0AC_00009 0 offwind-float,0.1575114225983809,1.560594005447255e-08
new_more,1000,GB4 0AC_00011 0 offwind-float,0.15777618653365655,1.640986574529661e-08
new_more,1000,GB4 0AC_00015 0 offwind-float,0.1578987899082982,1.6154154194157564e-08
new_more,1000,GB4 0AC_00016 0 offwind-float,0.1580047593746048,1.6107119455778812e-08
new_more,1000,GB4 0AC_00017 0 offwind-float,0.15793142307671604,1.5629383318550344e-08
new_more,1000,GB4 0AC_00031 0 offwind-float,0.15805631247208907,1.5543919327142538e-08
new_more,1000,GB4 0AC_00035 0 offwind-float,0.15798940757914237,1.5855868051941785e-08
new_more,1000,GB4 0AC_00042 0 offwind-float,0.15785460142458374,1.607188124624387e-08
new_more,1000,GB4 0AC_00044 0 offwind-float,0.15791284112030912,1.612571532302607e-08
new_more,1000,GB4 0AC_00048 0 offwind-float,0.15796151387372703,1.624431560107313e-08
new_more,1000,GB4 0AC_00050 0 offwind-float,0.15802574036362238,1.5532584157461013e-08
new_more,1000,GB4 0AC_00051 0 offwind-float,0.1579765391838277,1.546375151834466e-08
new_more,1000,GB4 0AC_00064 0 offwind-float,0.1579936536756752,1.5260698867480038e-08
new_more,1000,GB4 0AC_00070 0 offwind-float,0.15803151394000847,1.4333898035125456e-08
new_more,1000,GB4 0AC_00071 0 offwind-float,0.15796598858271083,1.5175217166682113e-08
new_more,1000,GB4 0AC_00080 0 offwind-float,0.15802158590278204,1.4191293492531645e-08
new_more,1000,NO0 0AC_00000 0 offwind-float,0.15795676600183717,1.331587644545959e-08
new_more,1000,NO0 0AC_00001 0 offwind-float,0.15777147280432957,1.3445604974440109e-08
new_more,1000,NO0 0AC_00005 0 offwind-float,0.15780852977362936,1.3137725237442041e-08
new_more,1000,NO0 0AC_00010 0 offwind-float,0.1579936167279764,1.2882055906596787e-08
new_more,1000,NO0 0AC_00011 0 offwind-float,0.15765140983510517,1.3094139805387988e-08
new_more,1000,NO0 0AC_00014 0 offwind-float,0.15727788725301872,1.2732732237688286e-08
new_more,1000,NO0 0AC_00015 0 offwind-float,0.15772310793303512,1.2724568581355047e-08
new_more,1000,NO0 0AC_00017 0 offwind-float,0.15799946449035995,1.3192995572354725e-08
new_more,1000,NO0 0AC_00018 0 offwind-float,0.15788680424993562,1.3388103864555892e-08
new_more,1000,NO0 0AC_00019 0 offwind-float,0.15807876750027072,1.3007307375623165e-08
new_more,1000,NO0 0AC_00020 0 offwind-float,0.15800680219146523,1.2987685737129588e-08
new_more,1000,NO0 0AC_00021 0 offwind-float,0.158032070272201,1.2752382207075642e-08
new_more,1000,NO0 0AC_00024 0 offwind-float,0.15733782694499132,1.275502202172234e-08
new_more,1000,NO0 0AC_00028 0 offwind-float,0.15806691149892083,1.2674450058056008e-08
new_more,1000,NO0 0AC_00037 0 offwind-float,0.15780318779598135,1.368888185854028e-08
new_more,1000,NO0 0AC_00039 0 offwind-float,0.1577909634728425,1.3263685016978062e-08
new_more,1000,NO0 0AC_00044 0 offwind-float,0.15792278786396163,1.3873786085556904e-08
new_more,1000,NO0 0AC_00045 0 offwind-float,0.15786840937566438,1.3772929661054912e-08
new_more,1000,NO0 0AC_00047 0 offwind-float,0.15796676799327036,1.376279794353211e-08
new_more,1000,NO0 0AC_00048 0 offwind-float,0.15797959274542728,1.2798255851016262e-08
new_more,1000,NO0 0AC_00051 0 offwind-float,0.1579725607292185,1.3689441881702104e-08
new_more,1000,NO0 0AC_00052 0 offwind-float,0.1579238468496622,1.3435252821976798e-08
new_more,1000,NO0 0AC_00055 0 offwind-float,0.1579689390381489,1.3108066783217245e-08
new_more,1000,NO0 0AC_00060 0 offwind-float,0.15805968813188465,1.2674709633440892e-08
new_more,1000,NO0 0AC_00063 0 offwind-float,0.15781048934052266,1.4138349623578922e-08
new_more,1000,NO0 0AC_00065 0 offwind-float,0.15786854457029076,1.3962941870491563e-08
new_more,1000,NO0 0AC_00071 0 offwind-float,0.15787337695307102,1.3913793165296769e-08
new_more,1000,NO0 0AC_00074 0 offwind-float,0.1561893166860231,1.328950382533765e-08
new_more,1000,NO0 0AC_00075 0 offwind-float,0.15793937588138818,1.3716626400139567e-08
new_more,1000,NO0 0AC_00077 0 offwind-float,0.15797973232976958,1.2573147878771778e-08
new_more,1000,NO0 0AC_00078 0 offwind-float,0.158011386297357,1.1829226139239803e-08
new_more,1000,NO0 0AC_00080 0 offwind-float,0.1575082275487848,1.4133572795059191e-08
new_more,1000,NO0 0AC_00082 0 offwind-float,0.15622847426415154,1.353944102863788e-08
new_more,1000,NO0 0AC_00083 0 offwind-float,0.1579032990999405,1.3831652476182318e-08
new_more,1000,NO0 0AC_00086 0 offwind-float,0.15806688958063786,1.183339637826306e-08
new_more,1000,NO0 0AC_00091 0 offwind-float,0.15754132737573634,1.4546733616708223e-08
new_more,1000,NO0 0AC_00094 0 offwind-float,0.15801537753506345,1.1572163608578935e-08
new_more,1000,NO0 0AC_00098 0 offwind-float,0.15735789714533488,1.4735506331683928e-08
new_more,1000,NO0 0AC_00106 0 offwind-float,0.15730837028496347,1.501677354372071e-08
new_more,1000,NO0 0AC_00112 0 offwind-float,0.15762989049804,1.4714040190811095e-08
new_more,1000,NO0 0AC_00129 0 offwind-float,0.13592202378201457,1.2323359037761658e-08
new_more,1000,NO0 0AC_00245 0 offwind-float,0.15625533154918614,8.8630909861016e-09
new_more,1000,DK2 0AC_00051 0 offwind-ac,0.16209778229592242,1845.5996314844633
new_more,1000,DK2 0AC_00055 0 offwind-ac,0.11149465133668002,29.46225322426603
new_more,1000,DK2 0AC_00068 0 offwind-ac,0.16808274742603346,189.75674687036624
new_more,1000,DK2 0AC_00071 0 offwind-ac,0.11149662127694537,30.739684330027153
new_more,1000,GB1 0AC_00007 0 offwind-ac,0.15668322865494388,754.5105146338801
new_more,1000,GB1 0AC_00063 0 offwind-ac,0.15660139078022628,952.4097784905543
new_more,1000,NO0 0AC_00130 0 offwind-ac,0.15463707781018987,2.2963490475027025e-08
new_more,1000,NL2 0AC_00003 0 offwind-dc,0.11144776268794476,24.059214906453175
new_more,1000,NL2 0AC_00018 0 offwind-dc,0.11144776249683064,24.73640569083936
new_more,1000,NL2 0AC_00024 0 offwind-dc,0.11151391897142693,25.848234648475568
new_more,1000,NL2 0AC_00025 0 offwind-dc,0.11146890484803829,28.725125460874175
new_more,1000,NL2 0AC_00030 0 offwind-dc,0.11146952625414519,33.063602032035966
new_more,1000,NL2 0AC_00032 0 offwind-dc,0.11144776210971763,29.124481970331438
new_more,1000,NL2 0AC_00035 0 offwind-dc,0.11149316871093073,28.40391962601451
new_more,1000,NL2 0AC_00044 0 offwind-dc,0.11147137814627561,30.91335404997493
new_more,1000,NL2 0AC_00046 0 offwind-dc,0.11146976844655876,30.89363234853163
new_more,1000,NL2 0AC_00047 0 offwind-dc,0.11144776237260934,29.82888972096071
new_more,1000,NL2 0AC_00052 0 offwind-dc,0.11146952486737549,23.185891241597062
new_more,1000,NL2 0AC_00055 0 offwind-dc,0.11144776224086794,30.302258630650766
new_more,1000,NL2 0AC_00061 0 offwind-dc,0.1114929999896862,22.416629816676064
new_more,1000,GB1 0AC_00053 0 offwind-float,0.16327020103568224,2.0261397245170884e-08
new_more,1000,GB1 0AC_00057 0 offwind-float,0.1632032790615422,2.0919357731959605e-08
new_more,1000,GB1 0AC_00065 0 offwind-float,0.16395007383537485,2.0895958603942383e-08
new_more,1000,GB1 0AC_00066 0 offwind-float,0.16340121074037206,1.9389366579484892e-08
new_more,1000,GB1 0AC_00068 0 offwind-float,0.1635917879574651,1.982794665510061e-08
new_more,1000,GB1 0AC_00069 0 offwind-float,0.16301817867570279,2.0780574955133243e-08
new_more,1000,GB1 0AC_00070 0 offwind-float,0.16261611314958913,2.1143221682300293e-08
new_more,1000,GB1 0AC_00073 0 offwind-float,0.16349162481269697,1.8802560781944532e-08
new_more,1000,GB1 0AC_00074 0 offwind-float,0.16365135972597666,1.9883731657083187e-08
new_more,1000,GB1 0AC_00078 0 offwind-float,0.16392154949810278,2.0281344078878115e-08
new_more,1000,GB1 0AC_00079 0 offwind-float,0.1637712972829074,1.9771149563727306e-08
new_more,1000,GB1 0AC_00080 0 offwind-float,0.16362902806930713,2.065707807300439e-08
new_more,1000,GB1 0AC_00081 0 offwind-float,0.16397080519478746,1.8895322942711974e-08
new_more,1000,GB1 0AC_00083 0 offwind-float,0.16422895462054032,1.9965007482947785e-08
new_more,1000,GB1 0AC_00084 0 offwind-float,0.164147532121235,2.033478364165784e-08
new_more,1000,GB1 0AC_00086 0 offwind-float,0.16349519903076704,1.7807621141690842e-08
new_more,1000,GB1 0AC_00087 0 offwind-float,0.16380658237063628,1.9262190144483818e-08
new_more,1000,GB1 0AC_00088 0 offwind-float,0.16385758438649467,2.0149492256033342e-08
new_more,1000,GB1 0AC_00089 0 offwind-float,0.16373789182374476,2.0012992456980415e-08
new_more,1000,GB1 0AC_00091 0 offwind-float,0.1641214348810507,2.0659234312949473e-08
new_more,1000,GB1 0AC_00093 0 offwind-float,0.16415678234920916,1.899470458507959e-08
new_more,1000,GB1 0AC_00094 0 offwind-float,0.16408910341676053,2.0254403451167983e-08
new_more,1000,GB1 0AC_00096 0 offwind-float,0.16413938818796325,1.9658802852418175e-08
new_more,1000,GB1 0AC_00099 0 offwind-float,0.1643140933524585,1.854434259077845e-08
new_more,1000,GB1 0AC_00101 0 offwind-float,0.16402942565655154,1.945826886550626e-08
new_more,1000,GB1 0AC_00102 0 offwind-float,0.16404777854709018,1.9888156833958847e-08
new_more,1000,GB1 0AC_00103 0 offwind-float,0.1637711128956837,1.858173821500417e-08
new_more,1000,GB1 0AC_00104 0 offwind-float,0.16411729714688617,2.039519132815197e-08
new_more,1000,GB1 0AC_00105 0 offwind-float,0.16390516042208947,1.9852098658417318e-08
new_more,1000,GB1 0AC_00106 0 offwind-float,0.16406837437894328,1.9490529421910282e-08
new_more,1000,GB1 0AC_00109 0 offwind-float,0.1642262379741627,2.0193028600399416e-08
new_more,1000,GB1 0AC_00110 0 offwind-float,0.16340493413689372,1.7839900085403924e-08
new_more,1000,GB1 0AC_00111 0 offwind-float,0.1641979947060993,1.9827201616162703e-08
new_more,1000,GB1 0AC_00114 0 offwind-float,0.16418251585492027,1.9202375378888547e-08
new_more,1000,GB1 0AC_00115 0 offwind-float,0.16389421847622354,1.9791056268225046e-08
new_more,1000,GB1 0AC_00117 0 offwind-float,0.16364380943614643,1.9565889868855056e-08
new_more,1000,GB1 0AC_00121 0 offwind-float,0.1641041290166395,1.9364408147660135e-08
new_more,1000,GB1 0AC_00122 0 offwind-float,0.16384513284448754,1.7976380050245766e-08
new_more,1000,GB1 0AC_00123 0 offwind-float,0.16410792537870522,1.9979746818123103e-08
new_more,1000,GB1 0AC_00124 0 offwind-float,0.16390145087473773,2.0129650731135063e-08
new_more,1000,GB1 0AC_00133 0 offwind-float,0.1640767159314479,1.947386212175704e-08
new_more,1000,GB1 0AC_00136 0 offwind-float,0.16419039403728397,1.906496533143803e-08
new_more,1000,GB1 0AC_00137 0 offwind-float,0.16374250433787607,1.9424695859442174e-08
new_more,1000,GB1 0AC_00138 0 offwind-float,0.1624865989489609,1.7655518516464123e-08
new_more,1000,GB1 0AC_00141 0 offwind-float,0.16415881397921883,1.850521870468546e-08
new_more,1000,GB1 0AC_00142 0 offwind-float,0.16431280485962008,1.9401094496006678e-08
new_more,1000,GB1 0AC_00143 0 offwind-float,0.1641947131889714,1.9827881060709415e-08
new_more,1000,GB1 0AC_00145 0 offwind-float,0.1636842878358873,1.979229837007883e-08
new_more,1000,GB1 0AC_00149 0 offwind-float,0.16311279613666008,1.7969488892702476e-08
new_more,1000,GB1 0AC_00151 0 offwind-float,0.16416428237545821,1.954602809747052e-08
new_more,1000,GB1 0AC_00152 0 offwind-float,0.16408656069807548,1.9548019072655648e-08
new_more,1000,GB1 0AC_00153 0 offwind-float,0.16349290069350453,1.924707052651583e-08
new_more,1000,GB1 0AC_00154 0 offwind-float,0.16409488198712463,1.8965084483952713e-08
new_more,1000,GB1 0AC_00158 0 offwind-float,0.16426504472529302,1.9629460750870403e-08
new_more,1000,GB1 0AC_00159 0 offwind-float,0.16398508876050577,1.890268119418825e-08
new_more,1000,GB1 0AC_00161 0 offwind-float,0.16387127098938004,1.937395917441426e-08
new_more,1000,GB1 0AC_00170 0 offwind-float,0.163953690251326,1.9292860403066426e-08
new_more,1000,GB1 0AC_00171 0 offwind-float,0.16399159784435957,1.9246075035719144e-08
new_more,1000,GB1 0AC_00177 0 offwind-float,0.16402778094689796,1.9227151383362075e-08
new_more,1000,GB1 0AC_00178 0 offwind-float,0.16408373205226667,1.9169276541979706e-08
new_more,1000,GB1 0AC_00182 0 offwind-float,0.1631651602731512,1.8883044696103973e-08
new_more,1000,GB1 0AC_00185 0 offwind-float,0.16395903351028074,1.919283102246075e-08
new_more,1000,GB1 0AC_00187 0 offwind-float,0.16439835215771637,1.8876160506545278e-08
new_more,1000,GB1 0AC_00188 0 offwind-float,0.1642826708837356,1.9041744666890513e-08
new_more,1000,GB1 0AC_00190 0 offwind-float,0.16330618119787632,1.8960996225092923e-08
new_more,1000,GB1 0AC_00191 0 offwind-float,0.1641138344207247,1.8948816844748464e-08
new_more,1000,GB1 0AC_00193 0 offwind-float,0.1640602740072189,1.9129270782856555e-08
new_more,1000,GB1 0AC_00194 0 offwind-float,0.16413558465175815,1.871060420871413e-08
new_more,1000,GB1 0AC_00197 0 offwind-float,0.164127706748314,1.930363859923716e-08
new_more,1000,GB1 0AC_00198 0 offwind-float,0.16417094100183216,1.896554365560911e-08
new_more,1000,GB1 0AC_00203 0 offwind-float,0.16337427752935207,1.8799583456864018e-08
new_more,1000,GB1 0AC_00208 0 offwind-float,0.163800705695605,1.8840430132295135e-08
new_more,1000,GB1 0AC_00211 0 offwind-float,0.16356155515670734,1.7974430972826754e-08
new_more,1000,GB1 0AC_00212 0 offwind-float,0.16411422425966615,1.9540897979035663e-08
new_more,1000,GB1 0AC_00213 0 offwind-float,0.16411969321741504,1.9014474635984348e-08
new_more,1000,GB1 0AC_00219 0 offwind-float,0.1639459245494641,1.8432792372305586e-08
new_more,1000,GB1 0AC_00220 0 offwind-float,0.1631024454131148,1.857423438635497e-08
new_more,1000,GB1 0AC_00224 0 offwind-float,0.163837696187364,1.8956309719593148e-08
new_more,1000,GB1 0AC_00232 0 offwind-float,0.16419528411367346,1.8791587498944282e-08
new_more,1000,GB1 0AC_00233 0 offwind-float,0.1640232147834918,1.9260558165656117e-08
new_more,1000,GB1 0AC_00235 0 offwind-float,0.16407185348396525,1.8869211479732088e-08
new_more,1000,GB1 0AC_00237 0 offwind-float,0.16378834984142454,1.844978726384765e-08
new_more,1000,GB1 0AC_00238 0 offwind-float,0.16343362569792985,1.8192139673049772e-08
new_more,1000,GB1 0AC_00242 0 offwind-float,0.1637701391803702,1.844414355567265e-08
new_more,1000,GB1 0AC_00245 0 offwind-float,0.16377973232551846,1.8263563140335258e-08
new_more,1000,GB1 0AC_00250 0 offwind-float,0.1641106878345049,1.904138096702614e-08
new_more,1000,GB1 0AC_00262 0 offwind-float,0.16383781132327901,1.8620366434707067e-08
new_more,1000,GB1 0AC_00268 0 offwind-float,0.16411108888069526,1.8674191469641445e-08
new_more,1000,GB4 0AC_00004 0 offwind-float,0.1305978781432987,3.6193630486824485e-08
new_more,1000,GB4 0AC_00010 0 offwind-float,0.16407555287102815,1.946915273523633e-08
new_more,1000,GB4 0AC_00013 0 offwind-float,0.16409894355308707,1.966288879558372e-08
new_more,1000,GB4 0AC_00036 0 offwind-float,0.16357200294483476,1.8179169935764384e-08
new_more,1000,GB4 0AC_00038 0 offwind-float,0.16407161949486082,1.9029320964158096e-08
new_more,1000,GB4 0AC_00039 0 offwind-float,0.16419686623769336,1.948586291623564e-08
new_more,1000,GB4 0AC_00040 0 offwind-float,0.16346188815070128,1.8571703835666282e-08
new_more,1000,GB4 0AC_00041 0 offwind-float,0.16371033201267804,1.968733066749126e-08
new_more,1000,GB4 0AC_00043 0 offwind-float,0.16449260593903292,1.8111875333463276e-08
new_more,1000,GB4 0AC_00045 0 offwind-float,0.16372910381215744,1.8388623635444258e-08
new_more,1000,GB4 0AC_00046 0 offwind-float,0.16315176539584475,1.824429982691737e-08
new_more,1000,GB4 0AC_00047 0 offwind-float,0.1644305355286475,1.8427956841585447e-08
new_more,1000,GB4 0AC_00049 0 offwind-float,0.16374374564141858,1.8545534858485825e-08
new_more,1000,GB4 0AC_00053 0 offwind-float,0.16411597066213257,1.730637135843527e-08
new_more,1000,GB4 0AC_00054 0 offwind-float,0.16407903663251455,1.866904963031552e-08
new_more,1000,GB4 0AC_00055 0 offwind-float,0.16413229244166472,1.9061911011632056e-08
new_more,1000,GB4 0AC_00056 0 offwind-float,0.16416838578621062,1.8449437013633408e-08
new_more,1000,GB4 0AC_00057 0 offwind-float,0.16414961894341995,1.7782233367184033e-08
new_more,1000,GB4 0AC_00058 0 offwind-float,0.16418015622752447,1.821695049317345e-08
new_more,1000,GB4 0AC_00059 0 offwind-float,0.16390317830849077,1.781384224481935e-08
new_more,1000,GB4 0AC_00060 0 offwind-float,0.1641553397599239,1.8087988799535415e-08
new_more,1000,GB4 0AC_00061 0 offwind-float,0.1641484439985289,1.7355065320986768e-08
new_more,1000,GB4 0AC_00062 0 offwind-float,0.16400962503532024,1.7944674772490205e-08
new_more,1000,GB4 0AC_00063 0 offwind-float,0.1642136768756154,1.8466874792776658e-08
new_more,1000,GB4 0AC_00065 0 offwind-float,0.1635212567903389,1.723906268651528e-08
new_more,1000,GB4 0AC_00066 0 offwind-float,0.16418341448739915,1.7545735478250755e-08
new_more,1000,GB4 0AC_00067 0 offwind-float,0.16364203836186786,1.7129028127978515e-08
new_more,1000,GB4 0AC_00068 0 offwind-float,0.16421002298365817,1.7885706397268952e-08
new_more,1000,GB4 0AC_00069 0 offwind-float,0.16400447267001983,1.7711249383273858e-08
new_more,1000,GB4 0AC_00072 0 offwind-float,0.1642813210396018,1.8151087902658964e-08
new_more,1000,GB4 0AC_00073 0 offwind-float,0.16429758588602517,1.7594677758834403e-08
new_more,1000,GB4 0AC_00074 0 offwind-float,0.16422910652758327,1.756019169590893e-08
new_more,1000,GB4 0AC_00075 0 offwind-float,0.16392152520841963,1.7134474662611212e-08
new_more,1000,GB4 0AC_00076 0 offwind-float,0.16352300323420876,1.739070070706345e-08
new_more,1000,GB4 0AC_00077 0 offwind-float,0.16363908803465332,1.671640823705475e-08
new_more,1000,GB4 0AC_00078 0 offwind-float,0.164111658873211,1.7132482570271148e-08
new_more,1000,GB4 0AC_00079 0 offwind-float,0.16434121587166073,1.777489373988413e-08
new_more,1000,GB4 0AC_00081 0 offwind-float,0.16391915681295732,1.7423275057515845e-08
new_more,1000,GB4 0AC_00082 0 offwind-float,0.16400329460730456,1.6877598801553103e-08
new_more,1000,GB4 0AC_00083 0 offwind-float,0.16440646158379346,1.7141314974970774e-08
new_more,1000,GB4 0AC_00084 0 offwind-float,0.16407187750062235,1.7145816422138518e-08
new_more,1000,GB4 0AC_00085 0 offwind-float,0.16418740464029047,1.7385843157732524e-08
new_more,1000,GB4 0AC_00086 0 offwind-float,0.16416870727299504,1.6916845042737668e-08
new_more,1000,GB4 0AC_00087 0 offwind-float,0.1638850476419711,1.6980809101715108e-08
new_more,1000,GB4 0AC_00088 0 offwind-float,0.16415087404326156,1.7069408128018273e-08
new_more,1000,GB4 0AC_00089 0 offwind-float,0.16371558222386007,1.6507693667367928e-08
new_more,1000,NL2 0AC_00074 0 offwind-float,0.1884115202968637,6.855291254925371e-08
new_more,1000,NO0 0AC_00002 0 offwind-float,0.16353567344469078,1.544813184745403e-08
new_more,1000,NO0 0AC_00003 0 offwind-float,0.1630723275171807,1.4914100610324438e-08
new_more,1000,NO0 0AC_00006 0 offwind-float,0.16408049252682855,1.5852107046641528e-08
new_more,1000,NO0 0AC_00007 0 offwind-float,0.164133416251788,1.5565249759813194e-08
new_more,1000,NO0 0AC_00008 0 offwind-float,0.16416579680297072,1.5505299505301318e-08
new_more,1000,NO0 0AC_00009 0 offwind-float,0.16428801348834898,1.5559616924550254e-08
new_more,1000,NO0 0AC_00012 0 offwind-float,0.1632051122999716,1.5566704301177915e-08
new_more,1000,NO0 0AC_00013 0 offwind-float,0.16415905957954735,1.591806792969001e-08
new_more,1000,NO0 0AC_00016 0 offwind-float,0.16321812783410738,1.5335373655709418e-08
new_more,1000,NO0 0AC_00022 0 offwind-float,0.1643569844909497,1.4906162641703293e-08
new_more,1000,NO0 0AC_00023 0 offwind-float,0.16344983250791467,1.5006808781910548e-08
new_more,1000,NO0 0AC_00025 0 offwind-float,0.16394908385540352,1.5032577411173828e-08
new_more,1000,NO0 0AC_00026 0 offwind-float,0.16419336815534136,1.6407686903890202e-08
new_more,1000,NO0 0AC_00027 0 offwind-float,0.164151019429296,1.618616959959782e-08
new_more,1000,NO0 0AC_00029 0 offwind-float,0.1643867204428454,1.5188310576252846e-08
new_more,1000,NO0 0AC_00030 0 offwind-float,0.16427764143393653,1.613250036001818e-08
new_more,1000,NO0 0AC_00031 0 offwind-float,0.16431447956496692,1.5611106770088985e-08
new_more,1000,NO0 0AC_00032 0 offwind-float,0.16418185894562842,1.6337019118695166e-08
new_more,1000,NO0 0AC_00033 0 offwind-float,0.16411549867625908,1.5558222539795807e-08
new_more,1000,NO0 0AC_00034 0 offwind-float,0.16367810237755986,1.5468298237729212e-08
new_more,1000,NO0 0AC_00035 0 offwind-float,0.16345954288110476,1.5172152331690797e-08
new_more,1000,NO0 0AC_00036 0 offwind-float,0.1641374514030417,1.677486843783313e-08
new_more,1000,NO0 0AC_00038 0 offwind-float,0.162952546769209,1.5260184861094556e-08
new_more,1000,NO0 0AC_00040 0 offwind-float,0.16426125610672804,1.5071589815502297e-08
new_more,1000,NO0 0AC_00041 0 offwind-float,0.16355339579887296,1.4154026936790447e-08
new_more,1000,NO0 0AC_00042 0 offwind-float,0.16397917386094207,1.4762745456629644e-08
new_more,1000,NO0 0AC_00043 0 offwind-float,0.16385788641060584,1.538784668379828e-08
new_more,1000,NO0 0AC_00046 0 offwind-float,0.16339605215050368,1.5798698588465123e-08
new_more,1000,NO0 0AC_00049 0 offwind-float,0.16419591355403274,1.477942128025905e-08
new_more,1000,NO0 0AC_00050 0 offwind-float,0.16400432957144429,1.4644044545867858e-08
new_more,1000,NO0 0AC_00053 0 offwind-float,0.16332154773405916,1.618879535191522e-08
new_more,1000,NO0 0AC_00054 0 offwind-float,0.1642437038982606,1.6660862647104943e-08
new_more,1000,NO0 0AC_00056 0 offwind-float,0.1642623835040592,1.554949164698416e-08
new_more,1000,NO0 0AC_00057 0 offwind-float,0.1640244342971492,1.499192838141241e-08
new_more,1000,NO0 0AC_00058 0 offwind-float,0.16423543404863694,1.4472347564877159e-08
new_more,1000,NO0 0AC_00059 0 offwind-float,0.16425256125575316,1.567440965575098e-08
new_more,1000,NO0 0AC_00061 0 offwind-float,0.1643202178944323,1.4495532229136488e-08
new_more,1000,NO0 0AC_00062 0 offwind-float,0.1641200819469928,1.6414002326985493e-08
new_more,1000,NO0 0AC_00064 0 offwind-float,0.1641161757691304,1.6307793349400495e-08
new_more,1000,NO0 0AC_00066 0 offwind-float,0.16398221912691446,1.6065364874444732e-08
new_more,1000,NO0 0AC_00067 0 offwind-float,0.16408455220408547,1.660607232880594e-08
new_more,1000,NO0 0AC_00068 0 offwind-float,0.16330179798061673,1.5216492662629484e-08
new_more,1000,NO0 0AC_00070 0 offwind-float,0.1631143839113075,1.3656636183913318e-08
new_more,1000,NO0 0AC_00076 0 offwind-float,0.16383633134774422,1.5832240679931114e-08
new_more,1000,NO0 0AC_00079 0 offwind-float,0.16345165781583704,1.529211608602378e-08
new_more,1000,NO0 0AC_00081 0 offwind-float,0.16349232652228685,1.6680472253874253e-08
new_more,1000,NO0 0AC_00087 0 offwind-float,0.16368227122041945,1.709494901402679e-08
new_more,1000,NO0 0AC_00142 0 offwind-float,0.16252198486274594,6.793217248593273e-09
new_more,1000,GB4 0AC_00006 0 offwind-ac,0.1725925305149535,5.301789391351784
new_more,1000,GB4 0AC_00007 0 offwind-ac,0.17611674232427543,8.675655367892915
new_more,1000,NO0 0AC_00127 0 offwind-ac,0.15349627470948135,1.832388986155442e-08
