scenario,split,region,tech,available_cf,dispatch_cf,curtailment_cf
base,100000,BE2 0AC,offwind-dc,0.5938659701081414,0.5938659701080816,5.972999872483342e-14
base,100000,DE2 0AC,offwind-dc,0.5837258025337415,0.583710805043941,1.4997489800494535e-05
base,100000,DK2 0AC,offwind-dc,0.595548014150497,0.595297338458267,0.00025067569222991803
base,100000,FR2 0AC,offwind-dc,0.5826198774371905,0.5826198774368101,3.8036240823657863e-13
base,100000,GB1 0AC,offwind-dc,0.5781400728390718,0.5375531784512603,0.04058689438781149
base,100000,NL2 0AC,offwind-dc,0.5788640904094802,0.5785825570745051,0.0002815333349750482
base,100000,GB4 0AC,offwind-ac,0.6001263368277429,0.5056298931329183,0.09449644369482457
base,100000,GB1 0AC,offwind-float,0.5698495307327452,0.40372707128895075,0.1661224594437945
base,100000,GB1 0AC,offwind-float,0.5681644634969553,0.3859695569842405,0.18219490651271475
base,100000,GB4 0AC,offwind-float,0.5767093234566315,0.43410362166587724,0.14260570179075427
base,100000,GB4 0AC,offwind-float,0.5929499785514185,0.4534039322633477,0.13954604628807082
base,100000,NL2 0AC,offwind-float,0.45268663068903936,0.32372241707053584,0.12896421361850352
base,100000,NO0 0AC,offwind-float,0.5560046511339667,0.5326846422028224,0.023320008931144276
base,100000,NO0 0AC,offwind-float,0.5829503540591671,0.5829503540591385,2.853273173286652e-14
base,100000,NO0 0AC,offwind-float,0.5675517113691178,0.552714117521694,0.01483759384742378
standard,100000,GB1 0AC,offwind-float,0.5045954472152228,0.3701278512042043,0.1344675960110185
standard,100000,GB1 0AC,offwind-float,0.503096835452296,0.35369764380253366,0.14939919164976234
standard,100000,GB4 0AC,offwind-float,0.5106503702432255,0.38833071422657356,0.1223196560166519
standard,100000,GB4 0AC,offwind-float,0.5250378768452316,0.4149615324510297,0.11007634439420194
standard,100000,NL2 0AC,offwind-float,0.40083499669323225,0.2785680490093106,0.12226694768392166
standard,100000,NO0 0AC,offwind-float,0.4923292180145152,0.4594130515912196,0.03291616642329559
standard,100000,NO0 0AC,offwind-float,0.5161895915177819,0.5161895835413648,7.976417082389275e-09
standard,100000,NO0 0AC,offwind-float,0.502548044811583,0.48359826478749646,0.018949780024086538
standard,100000,GB4 0AC,offwind-ac,0.5313741762097042,0.4792546810684559,0.05211949514124825
standard,100000,BE2 0AC,offwind-dc,0.5258481023171301,0.525838936996281,9.165320849047198e-06
standard,100000,DE2 0AC,offwind-dc,0.516889198143628,0.516857254374812,3.194376881598959e-05
standard,100000,DK2 0AC,offwind-dc,0.527357766530265,0.5260142112783659,0.001343555251899109
standard,100000,FR2 0AC,offwind-dc,0.5158709366117518,0.5158708212554873,1.1535626442960023e-07
standard,100000,GB1 0AC,offwind-dc,0.511943034498998,0.49443493231732316,0.017508102181674867
standard,100000,NL2 0AC,offwind-dc,0.5125712965537763,0.5121735040552623,0.00039779249851401577
glaum,100000,GB4 0AC,offwind-float,0.5371997628007714,0.48557090175928347,0.05162886104148795
glaum,100000,NL2 0AC,offwind-float,0.4101146324156617,0.30318594994233244,0.10692868247332926
glaum,100000,BE2 0AC,offwind-dc,0.5380357715725339,0.5378721565462155,0.00016361502631845326
glaum,100000,FR2 0AC,offwind-dc,0.5278276903587075,0.5278276903303952,2.8312241440175967e-11
glaum,100000,GB4 0AC,offwind-ac,0.5436758934455019,0.5244098432488338,0.01926605019666816
glaum,100000,NO0 0AC,offwind-float,0.5141824151318963,0.5141824151276777,4.21862544897067e-12
glaum,100000,NO0 0AC,offwind-float,0.44837472052219834,0.40540361384547424,0.0429711066767241
glaum,100000,GB1 0AC,offwind-float,0.5162772164618767,0.4394955194352313,0.07678169702664545
glaum,100000,GB1 0AC,offwind-float,0.45020756898415765,0.35987626110420134,0.0903313078799563
glaum,100000,GB1 0AC,offwind-float,0.3875967874037732,0.27721489330693655,0.11038189409683663
glaum,100000,GB1 0AC,offwind-float,0.5147439106942746,0.42714225246341275,0.08760165823086186
glaum,100000,GB1 0AC,offwind-float,0.4488704852622142,0.35205315798402775,0.09681732727818643
glaum,100000,GB1 0AC,offwind-float,0.38645146526556684,0.2755334527339308,0.11091801253163602
glaum,100000,GB4 0AC,offwind-float,0.5224723155735317,0.4626111928202985,0.05986112275323319
glaum,100000,GB4 0AC,offwind-float,0.4555773432300431,0.3818060813239989,0.07377126190604422
glaum,100000,GB4 0AC,offwind-float,0.3922005169965086,0.28342677139801464,0.10877374559849395
glaum,100000,NO0 0AC,offwind-float,0.5037270147048569,0.4963687142516669,0.007358300453190025
glaum,100000,NO0 0AC,offwind-float,0.4392502266160468,0.3931849490788798,0.04606527753716699
glaum,100000,NO0 0AC,offwind-float,0.3781620077872838,0.3099575302020459,0.0682044775852379
glaum,100000,NO0 0AC,offwind-float,0.5281467581196904,0.5281467581176528,2.03759231709455e-12
glaum,100000,NO0 0AC,offwind-float,0.4605387144460057,0.42374104452771205,0.03679766991829364
glaum,100000,NO0 0AC,offwind-float,0.3965039482330826,0.3355218404519072,0.06098210778117541
glaum,100000,DE2 0AC,offwind-dc,0.5288555770955697,0.5286611131045138,0.0001944639910559376
glaum,100000,DE2 0AC,offwind-dc,0.4611699139398877,0.46110532647604174,6.458746384596648e-05
glaum,100000,DE2 0AC,offwind-dc,0.39704154589049667,0.39698670639327177,5.483949722490111e-05
glaum,100000,DK2 0AC,offwind-dc,0.5395665008203503,0.5349954971854144,0.0045710036349358996
glaum,100000,DK2 0AC,offwind-dc,0.470510004346058,0.46905352055120336,0.001456483794854635
glaum,100000,DK2 0AC,offwind-dc,0.40507682949827545,0.33156866371876387,0.07350816577951158
glaum,100000,GB1 0AC,offwind-dc,0.523794905992199,0.5137564005347905,0.010038505457408475
glaum,100000,GB1 0AC,offwind-dc,0.4567631957286781,0.45289436131973887,0.0038688344089392035
glaum,100000,GB1 0AC,offwind-dc,0.3932535781324722,0.39144982283575097,0.0018037552967212211
glaum,100000,NL2 0AC,offwind-dc,0.5244445902608732,0.5221687162385623,0.0022758740223108864
glaum,100000,NL2 0AC,offwind-dc,0.4573237404857261,0.4565481513664474,0.000775589119278719
glaum,100000,NL2 0AC,offwind-dc,0.39370944474656483,0.39270554560508086,0.001003899141483966
new_more,100000,NL2 0AC,offwind-float,0.40221663860715084,0.2839004373489636,0.11831620125818726
new_more,100000,BE2 0AC,offwind-dc,0.5276606530786894,0.5275408731536002,0.00011977992508915847
new_more,100000,BE2 0AC,offwind-dc,0.5025815181541554,0.5025456692608435,3.584889331187391e-05
new_more,100000,FR2 0AC,offwind-dc,0.5176490969871561,0.5176490969808698,6.286304810032561e-12
new_more,100000,FR2 0AC,offwind-dc,0.4930458003965196,0.493045800394153,2.3665513992909837e-12
new_more,100000,NO0 0AC,offwind-float,0.5042802823861401,0.5042802823856976,4.425348976155874e-13
new_more,100000,NO0 0AC,offwind-float,0.48030582916725795,0.4649159435199743,0.015389885647283663
new_more,100000,DE2 0AC,offwind-dc,0.518670868374268,0.5184465113942823,0.00022435697998568482
new_more,100000,DE2 0AC,offwind-dc,0.4940122352212863,0.49398315444869534,2.908077259095032e-05
new_more,100000,DE2 0AC,offwind-dc,0.48894227256070943,0.4821037067849747,0.006838565775734717
new_more,100000,DK2 0AC,offwind-dc,0.5291755209675761,0.5254258244971336,0.003749696470442543
new_more,100000,DK2 0AC,offwind-dc,0.5040243860256893,0.5027314421844081,0.0012929438412812022
new_more,100000,DK2 0AC,offwind-dc,0.4988448375179513,0.47032304732613217,0.028521790191819107
new_more,100000,GB1 0AC,offwind-dc,0.5137076557517272,0.4741922602520699,0.03951539549965727
new_more,100000,GB1 0AC,offwind-dc,0.48929169156111646,0.4779702567920116,0.011321434769104854
new_more,100000,GB1 0AC,offwind-dc,0.4842701750287695,0.423932239205908,0.06033793582286151
new_more,100000,NO0 0AC,offwind-float,0.517975699844972,0.5179756998448145,1.5754064719430971e-13
new_more,100000,NO0 0AC,offwind-float,0.49335035615270506,0.4917966800172946,0.0015536761354104645
new_more,100000,NO0 0AC,offwind-float,0.48828718624324696,0.4809007978877628,0.007386388355484164
new_more,100000,GB4 0AC,offwind-ac,0.5332057748472533,0.4900858907018076,0.04311988414544571
new_more,100000,GB4 0AC,offwind-ac,0.5078564599693853,0.4678913037784641,0.039965156190921225
new_more,100000,GB4 0AC,offwind-ac,0.5026444164097269,0.4627809410966843,0.03986347531304263
new_more,100000,NL2 0AC,offwind-dc,0.5143380833688814,0.5128924634033667,0.0014456199655147328
new_more,100000,NL2 0AC,offwind-dc,0.48989215564170896,0.4894239547091517,0.00046820093255728334
new_more,100000,NL2 0AC,offwind-dc,0.484864476649709,0.47003060803402125,0.01483386861568775
new_more,100000,NL2 0AC,offwind-dc,0.4789232802850745,0.4586765053797817,0.020246774905292808
new_more,100000,GB1 0AC,offwind-float,0.5063347420003501,0.38549700500405887,0.12083773699629125
new_more,100000,GB1 0AC,offwind-float,0.48226920435316056,0.35604732596725536,0.1262218783859052
new_more,100000,GB1 0AC,offwind-float,0.47731975840002255,0.3514097209333002,0.12591003746672236
new_more,100000,GB1 0AC,offwind-float,0.47147100983223833,0.3469847632603417,0.12448624657189661
new_more,100000,GB1 0AC,offwind-float,0.5048309646584658,0.3730457127285213,0.1317852519299445
new_more,100000,GB1 0AC,offwind-float,0.48083689990703526,0.3460632199218532,0.13477367998518208
new_more,100000,GB1 0AC,offwind-float,0.47590215344824716,0.34013485705052493,0.13576729639772223
new_more,100000,GB1 0AC,offwind-float,0.4700707752381435,0.3339922503185773,0.13607852491956618
new_more,100000,GB1 0AC,offwind-float,0.46346294629636586,0.3286626749217424,0.13480027137462347
new_more,100000,GB4 0AC,offwind-float,0.5124105357993934,0.40710414365809683,0.10530639214129661
new_more,100000,GB4 0AC,offwind-float,0.4880495794987353,0.3724353403039789,0.11561423919475639
new_more,100000,GB4 0AC,offwind-float,0.48303401453790473,0.3686622865613829,0.11437172797652184
new_more,100000,GB4 0AC,offwind-float,0.47710843877215686,0.3681061805537051,0.10900225821845178
new_more,100000,GB4 0AC,offwind-float,0.4704016807345235,0.36028543873990876,0.11011624199461473
new_more,100000,NO0 0AC,offwind-float,0.49402623221903136,0.4940262322183511,6.802336471878334e-13
new_more,100000,NO0 0AC,offwind-float,0.47054570460759987,0.4454315946945843,0.025114109913015548
new_more,100000,NO0 0AC,offwind-float,0.46570979294979803,0.4373495975328993,0.028360195416898715
new_more,100000,NO0 0AC,offwind-float,0.46000330492665714,0.4267740601250321,0.033229244801625035
new_more,100000,NO0 0AC,offwind-float,0.4535369953585548,0.4172208684921414,0.03631612686641339
new_more,100000,GB4 0AC,offwind-float,0.5268476348330038,0.46900844525513635,0.057839189577867434
new_more,100000,GB4 0AC,offwind-float,0.5017871437472434,0.3977293452603504,0.104057798486893
new_more,100000,GB4 0AC,offwind-float,0.496637388536795,0.3920360138307755,0.10460137470601949
new_more,100000,GB4 0AC,offwind-float,0.49054510440229615,0.38377670050298723,0.10676840389930892
new_more,100000,GB4 0AC,offwind-float,0.4836494658966378,0.37687211215425703,0.10677735374238079
new_more,100000,GB4 0AC,offwind-float,0.47655911173302656,0.3650976520092487,0.11146145972377786
base,10000,BE2 0AC,offwind-dc,0.5938659701081414,0.5938659138146651,5.6293476213831184e-08
base,10000,DE2 0AC,offwind-dc,0.5750894035039559,0.5750548651660189,3.4538337936984576e-05
base,10000,DE2 0AC,offwind-dc,0.5852654069377163,0.5852435593978329,2.184753988343502e-05
base,10000,DE2 0AC,offwind-dc,0.5860356766691872,0.5860239309729605,1.1745696226750368e-05
base,10000,DE2 0AC,offwind-dc,0.5824955854828834,0.5765346704541716,0.005960915028711766
base,10000,DE2 0AC,offwind-dc,0.5830362665032953,0.582968706930179,6.755957311632699e-05
base,10000,DK2 0AC,offwind-dc,0.5766713913172594,0.5256670513795217,0.051004339937737675
base,10000,DK2 0AC,offwind-dc,0.5973832435649071,0.5550976350940872,0.04228560847081997
base,10000,DK2 0AC,offwind-dc,0.5993610480080669,0.5596006687009978,0.039760379307069105
base,10000,DK2 0AC,offwind-dc,0.5861886454340228,0.5361786840640885,0.0500099613699343
base,10000,DK2 0AC,offwind-dc,0.6159454777181317,0.6158383168955871,0.00010716082254458303
base,10000,FR2 0AC,offwind-dc,0.5826198774371905,0.5826196209173629,2.565198276016645e-07
base,10000,GB1 0AC,offwind-dc,0.5705858876633499,0.47960177446080426,0.09098411320254568
base,10000,GB1 0AC,offwind-dc,0.5766226365259505,0.557158596126489,0.01946404039946148
base,10000,GB1 0AC,offwind-dc,0.574742177181291,0.47792125251202,0.09682092466927095
base,10000,GB1 0AC,offwind-dc,0.5768789775288696,0.48140412290867324,0.09547485462019639
base,10000,GB1 0AC,offwind-dc,0.5916413947016185,0.5544597672729878,0.037181627428630626
base,10000,GB1 0AC,offwind-dc,0.5849435125214808,0.5643525926424467,0.020590919879034053
base,10000,NL2 0AC,offwind-dc,0.5788406769658262,0.5720014851539906,0.0068391918118355655
base,10000,NL2 0AC,offwind-dc,0.5920627637526019,0.5916591008539099,0.000403662898691981
base,10000,NL2 0AC,offwind-dc,0.5711601038909637,0.5656593672850815,0.005500736605882239
base,10000,NL2 0AC,offwind-dc,0.5835893098981904,0.5833712532218586,0.00021805667633179038
base,10000,NL2 0AC,offwind-dc,0.5762680237060356,0.5662088566503122,0.010059167055723406
base,10000,NL2 0AC,offwind-dc,0.5854210468302173,0.585175610661978,0.00024543616823935466
base,10000,NL2 0AC,offwind-dc,0.581939804579731,0.56977683312258,0.012162971457151062
base,10000,NO0 0AC,offwind-dc,0.6069880219815647,0.606987991112126,3.0869438671921046e-08
base,10000,DE2 0AC,offwind-ac,0.5345326571230481,0.5343821162716318,0.00015054085141630313
base,10000,DK2 0AC,offwind-ac,0.5751322334041827,0.5745498070877245,0.0005824263164582177
base,10000,DK2 0AC,offwind-ac,0.48700381091881667,0.42956909151960926,0.05743471939920741
base,10000,DK2 0AC,offwind-ac,0.5298244737090079,0.5072844550157997,0.022540018693208208
base,10000,DK2 0AC,offwind-ac,0.5419684756059299,0.5160457330682503,0.025922742537679566
base,10000,GB1 0AC,offwind-ac,0.48904658302344817,0.4675073452849756,0.02153923773847255
base,10000,GB1 0AC,offwind-ac,0.4666906156340824,0.4436436198398705,0.023046995794211877
base,10000,GB1 0AC,offwind-ac,0.5486703634291621,0.514735330897518,0.033935032531644094
base,10000,GB1 0AC,offwind-ac,0.5206278372411612,0.49281068445406445,0.02781715278709679
base,10000,GB4 0AC,offwind-ac,0.6001263368277429,0.5344565464640298,0.06566979036371301
base,10000,NL2 0AC,offwind-ac,0.4708103763897188,0.41966869135650253,0.051141685033216255
base,10000,NO0 0AC,offwind-ac,0.34075212929135124,0.271247033025853,0.06950509626549822
base,10000,GB1 0AC,offwind-float,0.5742182822789098,0.4125811620642405,0.1616371202146693
base,10000,GB1 0AC,offwind-float,0.5523648697553322,0.3913797302964736,0.16098513945885856
base,10000,GB1 0AC,offwind-float,0.5762575921416305,0.4223681216764714,0.1538894704651591
base,10000,GB1 0AC,offwind-float,0.5658846929826249,0.4229803019533572,0.14290439102926772
base,10000,GB1 0AC,offwind-float,0.5786186784987347,0.408902742028375,0.1697159364703597
base,10000,GB1 0AC,offwind-float,0.556556692077084,0.405241392799452,0.15131529927763204
base,10000,GB1 0AC,offwind-float,0.5703940586659845,0.41288055537808516,0.15751350328789931
base,10000,GB1 0AC,offwind-float,0.5710105261557169,0.4142767806364406,0.15673374551927632
base,10000,GB1 0AC,offwind-float,0.5747909571828734,0.41241754385468526,0.16237341332818817
base,10000,GB1 0AC,offwind-float,0.5612030863259407,0.4014308913121562,0.15977219501378453
base,10000,GB1 0AC,offwind-float,0.5712525808109269,0.3976032530695975,0.1736493277413294
base,10000,GB1 0AC,offwind-float,0.5709360571680628,0.4150702675181723,0.15586578964989056
base,10000,GB1 0AC,offwind-float,0.5632256255851839,0.3968221133932156,0.16640351219196825
base,10000,GB1 0AC,offwind-float,0.5687622824727665,0.39842637671649533,0.17033590575627117
base,10000,GB4 0AC,offwind-float,0.5831598709974547,0.44580786012764123,0.13735201086981347
base,10000,GB4 0AC,offwind-float,0.5929499785514185,0.4486884576565511,0.14426152089486743
base,10000,GB4 0AC,offwind-float,0.5869864815624519,0.4391314841590749,0.14785499740337704
base,10000,GB4 0AC,offwind-float,0.5915989384267054,0.44154778900470576,0.15005114942199965
base,10000,GB4 0AC,offwind-float,0.5981267088694856,0.4617884673534743,0.13633824151601132
base,10000,GB4 0AC,offwind-float,0.5833713248698046,0.43008694728182867,0.15328437758797592
base,10000,GB4 0AC,offwind-float,0.5718126920504236,0.4262704409973401,0.1455422510530835
base,10000,GB4 0AC,offwind-float,0.5700542396064967,0.41501987029269305,0.15503436931380365
base,10000,GB4 0AC,offwind-float,0.5596165909810288,0.41204343167946106,0.14757315930156772
base,10000,NL2 0AC,offwind-float,0.45268663068903936,0.3224423859423375,0.13024424474670188
base,10000,NO0 0AC,offwind-float,0.5585814824969844,0.40099938516013783,0.15758209733684653
base,10000,NO0 0AC,offwind-float,0.5552183881353621,0.39775867727263503,0.15745971086272703
base,10000,NO0 0AC,offwind-float,0.5504803925310624,0.3943893434156578,0.1560910491154046
base,10000,NO0 0AC,offwind-float,0.535968482305782,0.3815926049485708,0.1543758773572112
base,10000,NO0 0AC,offwind-float,0.5685683131370057,0.41049554222740264,0.1580727709096031
base,10000,NO0 0AC,offwind-float,0.5601154827654463,0.4022767514479144,0.1578387313175319
base,10000,NO0 0AC,offwind-float,0.5679028844417141,0.408178037236193,0.1597248472055211
base,10000,NO0 0AC,offwind-float,0.5029189712949835,0.36209365421699846,0.14082531707798507
base,10000,NO0 0AC,offwind-float,0.5879775408587214,0.43115640064807037,0.15682114021065108
base,10000,NO0 0AC,offwind-float,0.5763689169013612,0.4277414894079727,0.14862742749338848
base,10000,NO0 0AC,offwind-float,0.3994289028729389,0.27693328971496806,0.12249561315797086
base,10000,NO0 0AC,offwind-float,0.2037883041847204,0.12721953070704003,0.07656877347768037
base,10000,NO0 0AC,offwind-float,0.5107377378526783,0.36996889830687096,0.14076883954580732
base,10000,NO0 0AC,offwind-float,0.6137942054944228,0.46330318036709855,0.1504910251273242
base,10000,NO0 0AC,offwind-float,0.6047973457430904,0.4556454148215581,0.14915193092153228
base,10000,NO0 0AC,offwind-float,0.6235627212630229,0.47347986169890666,0.15008285956411627
base,10000,NO0 0AC,offwind-float,0.5476038169418673,0.40336896874274336,0.14423484819912397
standard,10000,DE2 0AC,offwind-ac,0.47327704008893423,0.47295124534978533,0.0003257947391488991
standard,10000,DK2 0AC,offwind-ac,0.5092670660992558,0.5050377405829342,0.004229325516321603
standard,10000,DK2 0AC,offwind-ac,0.4312040002951912,0.36724820934584246,0.06395579094934872
standard,10000,DK2 0AC,offwind-ac,0.46912067959145876,0.4374899415401801,0.03163073805127864
standard,10000,DK2 0AC,offwind-ac,0.4798873192088134,0.4460638578186564,0.03382346139015702
standard,10000,GB1 0AC,offwind-ac,0.43302419351708704,0.42362524891716136,0.009398944599925685
standard,10000,GB1 0AC,offwind-ac,0.4132291577755673,0.4033896251498455,0.009839532625721792
standard,10000,GB1 0AC,offwind-ac,0.4858220223554381,0.4685300779452398,0.017291944410198268
standard,10000,GB1 0AC,offwind-ac,0.4610023993912849,0.44837159719099184,0.012630802200293056
standard,10000,GB4 0AC,offwind-ac,0.5313741762097042,0.4989376059315234,0.032436570278180754
standard,10000,NL2 0AC,offwind-ac,0.4168896323888861,0.3699107008257015,0.04697893156318461
standard,10000,NO0 0AC,offwind-ac,0.3016841772340731,0.23929471596953678,0.06238946126453632
standard,10000,BE2 0AC,offwind-dc,0.5258481023171301,0.5258445452136111,3.5571035189585487e-06
standard,10000,DE2 0AC,offwind-dc,0.509215371606581,0.5090551837019287,0.00016018790465233135
standard,10000,DE2 0AC,offwind-dc,0.5182393550795353,0.518182509809659,5.684526987637106e-05
standard,10000,DE2 0AC,offwind-dc,0.5189283222001481,0.5188870412235715,4.1280976576518746e-05
standard,10000,DE2 0AC,offwind-dc,0.5157801096095431,0.5134953782210769,0.002284731388466188
standard,10000,DE2 0AC,offwind-dc,0.5162525070949564,0.5158616886822294,0.0003908184127270342
standard,10000,DK2 0AC,offwind-dc,0.5106293758158981,0.46045480420350493,0.05017457161239314
standard,10000,DK2 0AC,offwind-dc,0.528963540189095,0.48443316008282683,0.04453038010626814
standard,10000,DK2 0AC,offwind-dc,0.5307218505380455,0.4912090789645884,0.03951277157345717
standard,10000,DK2 0AC,offwind-dc,0.5190568707394904,0.47202546037497006,0.0470314103645203
standard,10000,DK2 0AC,offwind-dc,0.5453935420804356,0.5444906350709352,0.0009029070095003533
standard,10000,FR2 0AC,offwind-dc,0.5158709366117518,0.5158709366117435,8.215650382226158e-15
standard,10000,GB1 0AC,offwind-dc,0.5052538035258963,0.4538574489557523,0.05139635457014402
standard,10000,GB1 0AC,offwind-dc,0.5105674814979494,0.5032651185505836,0.007302362947365748
standard,10000,GB1 0AC,offwind-dc,0.5089149272065603,0.45750079656359155,0.051414130642968736
standard,10000,GB1 0AC,offwind-dc,0.5107884280301079,0.4612630848599712,0.04952534317013674
standard,10000,GB1 0AC,offwind-dc,0.5238918370989336,0.5051562919756767,0.018735545123256925
standard,10000,GB1 0AC,offwind-dc,0.5179344919360703,0.5099370959708389,0.007997395965231413
standard,10000,NL2 0AC,offwind-dc,0.5125634194532392,0.5039612306794208,0.008602188773818464
standard,10000,NL2 0AC,offwind-dc,0.5242650235173915,0.5234242410724164,0.0008407824449750967
standard,10000,NL2 0AC,offwind-dc,0.5057490771275335,0.5010002221957777,0.004748854931755808
standard,10000,NL2 0AC,offwind-dc,0.516742923525554,0.5162961516487792,0.00044677187677477637
standard,10000,NL2 0AC,offwind-dc,0.5102527054335858,0.5017120254292349,0.008540680004350931
standard,10000,NL2 0AC,offwind-dc,0.5183903369681574,0.5178963132439991,0.000494023724158299
standard,10000,NL2 0AC,offwind-dc,0.5152944998147686,0.5042960139430005,0.010998485871768104
standard,10000,NO0 0AC,offwind-dc,0.5374814539872743,0.5374814539872739,4.440892098500626e-16
standard,10000,GB1 0AC,offwind-float,0.5084573400430518,0.38715144112354616,0.1213058989195056
standard,10000,GB1 0AC,offwind-float,0.4890866671147037,0.3543267514160186,0.13475991569868512
standard,10000,GB1 0AC,offwind-float,0.5102503956811856,0.38174575431061303,0.12850464137057255
standard,10000,GB1 0AC,offwind-float,0.5010651471191985,0.37551933418056455,0.12554581293863393
standard,10000,GB1 0AC,offwind-float,0.5123273223712157,0.37715589067675276,0.13517143169446294
standard,10000,GB1 0AC,offwind-float,0.49281173047409627,0.3620341680120031,0.13077756246209316
standard,10000,GB1 0AC,offwind-float,0.5050776374400012,0.3749919822148103,0.13008565522519094
standard,10000,GB1 0AC,offwind-float,0.5056036322556894,0.3621345356090361,0.1434690966466533
standard,10000,GB1 0AC,offwind-float,0.5089389418122845,0.37152717329209534,0.13741176852018916
standard,10000,GB1 0AC,offwind-float,0.49691907647846567,0.365188437327562,0.13173063915090366
standard,10000,GB1 0AC,offwind-float,0.5058374461392043,0.36666885972487695,0.1391685864143274
standard,10000,GB1 0AC,offwind-float,0.5055381304848513,0.3709905208173498,0.1345476096675015
standard,10000,GB1 0AC,offwind-float,0.4987299716395535,0.36365671128401267,0.13507326035554085
standard,10000,GB1 0AC,offwind-float,0.5036266342462135,0.3699605566000108,0.13366607764620264
standard,10000,GB4 0AC,offwind-float,0.5163749805827681,0.39776630122239337,0.11860867936037472
standard,10000,GB4 0AC,offwind-float,0.5250378768452316,0.4062450400766265,0.11879283676860514
standard,10000,GB4 0AC,offwind-float,0.5197374028178704,0.407185769503622,0.11255163331424839
standard,10000,GB4 0AC,offwind-float,0.5238351629573559,0.40663413749449967,0.11720102546285621
standard,10000,GB4 0AC,offwind-float,0.52963483253276,0.41806097673328224,0.11157385579947776
standard,10000,GB4 0AC,offwind-float,0.516536851865919,0.3927918430665889,0.12374500879933015
standard,10000,GB4 0AC,offwind-float,0.5063202131666691,0.38730016771292336,0.11902004545374573
standard,10000,GB4 0AC,offwind-float,0.5047640631593621,0.3784549374371033,0.12630912572225877
standard,10000,GB4 0AC,offwind-float,0.49551407070241066,0.37418514615340537,0.12132892454900529
standard,10000,NL2 0AC,offwind-float,0.40083499669323225,0.28000472772206436,0.12083026897116789
standard,10000,NO0 0AC,offwind-float,0.4946175282477611,0.38235041158355,0.11226711666421113
standard,10000,NO0 0AC,offwind-float,0.4916395575457073,0.3791239372586266,0.11251562028708073
standard,10000,NO0 0AC,offwind-float,0.4874308119942746,0.37323518696457947,0.11419562502969516
standard,10000,NO0 0AC,offwind-float,0.47456776757959895,0.35981576481795524,0.11475200276164371
standard,10000,NO0 0AC,offwind-float,0.5034350906246616,0.3909115327636259,0.11252355786103574
standard,10000,NO0 0AC,offwind-float,0.4959565637672886,0.3823241089133987,0.1136324548538899
standard,10000,NO0 0AC,offwind-float,0.5028650894959941,0.39001075975559074,0.11285432974040333
standard,10000,NO0 0AC,offwind-float,0.4453024055140992,0.3356104436275198,0.10969196188657943
standard,10000,NO0 0AC,offwind-float,0.5206412098064649,0.41076901826911094,0.10987219153735395
standard,10000,NO0 0AC,offwind-float,0.5103557920062294,0.400779654632609,0.10957613737362037
standard,10000,NO0 0AC,offwind-float,0.3536485143363164,0.2507234479610694,0.10292506637524701
standard,10000,NO0 0AC,offwind-float,0.18037094348158692,0.11312854667230608,0.06724239680928083
standard,10000,NO0 0AC,offwind-float,0.4522264219987457,0.3404039581870158,0.11182246381172989
standard,10000,NO0 0AC,offwind-float,0.5435016174459663,0.4358393451999656,0.10766227224600067
standard,10000,NO0 0AC,offwind-float,0.5355349950308546,0.4268747530035909,0.10866024202726365
standard,10000,NO0 0AC,offwind-float,0.5521390093078613,0.44601202694769837,0.10612698236016294
standard,10000,NO0 0AC,offwind-float,0.48488460767864494,0.37463830600965653,0.11024630166898841
glaum,10000,BE2 0AC,offwind-dc,0.5380357715725339,0.5379813522567565,5.4419315777431976e-05
glaum,10000,FR2 0AC,offwind-dc,0.5278276903587075,0.527827326736987,3.63621720511631e-07
glaum,10000,GB1 0AC,offwind-dc,0.5360203324806707,0.526337440964544,0.009682891516126668
glaum,10000,DE2 0AC,offwind-ac,0.48424070181702333,0.483934504298756,0.000306197518267326
glaum,10000,DK2 0AC,offwind-ac,0.44119362713953314,0.38620426998763063,0.05498935715190251
glaum,10000,DK2 0AC,offwind-ac,0.4910039985460818,0.4877067860583548,0.0032972124877269637
glaum,10000,GB4 0AC,offwind-ac,0.5436758934455019,0.5187087123913855,0.02496718105411644
glaum,10000,NL2 0AC,offwind-ac,0.4265409451658169,0.4139112445030023,0.012629700662814602
glaum,10000,NO0 0AC,offwind-ac,0.3086823305665382,0.25664221217269917,0.05204011839383904
glaum,10000,GB4 0AC,offwind-float,0.5371997628007714,0.4281553407493164,0.10904442205145504
glaum,10000,GB4 0AC,offwind-float,0.5418962826365676,0.4474948718707609,0.09440141076580671
glaum,10000,NL2 0AC,offwind-float,0.4101146324156617,0.2915721052204638,0.11854252719519792
glaum,10000,NO0 0AC,offwind-float,0.18456051183880057,0.11796398881142786,0.0665965230273727
glaum,10000,DE2 0AC,offwind-dc,0.5210179516057564,0.5208822277235958,0.00013572388216054332
glaum,10000,DE2 0AC,offwind-dc,0.4543168384026648,0.4484924597328392,0.005824378669825603
glaum,10000,DE2 0AC,offwind-dc,0.5302369911937426,0.5301017545334602,0.00013523666028236736
glaum,10000,DE2 0AC,offwind-dc,0.4623607043323118,0.46229356901647134,6.713531584046084e-05
glaum,10000,DE2 0AC,offwind-dc,0.5277277053306577,0.5275918570028897,0.0001358483277680289
glaum,10000,DE2 0AC,offwind-dc,0.4601475339136658,0.45362751242562654,0.006520021488039263
glaum,10000,DE2 0AC,offwind-dc,0.5282041461637839,0.5280684738039116,0.0001356723598722187
glaum,10000,DE2 0AC,offwind-dc,0.46058221570547053,0.4592753339079766,0.0013068817974939417
glaum,10000,DK2 0AC,offwind-dc,0.522450835109208,0.4855872477772556,0.036863587331952385
glaum,10000,DK2 0AC,offwind-dc,0.4555713116242035,0.3803634776136662,0.07520783401053732
glaum,10000,DK2 0AC,offwind-dc,0.5412094493634332,0.5278098731125037,0.013399576250929468
glaum,10000,DK2 0AC,offwind-dc,0.4719167832200708,0.40403163904449113,0.06788514417557967
glaum,10000,DK2 0AC,offwind-dc,0.5580267986937637,0.5550087436606211,0.0030180550331425637
glaum,10000,DK2 0AC,offwind-dc,0.486601921219574,0.43468619256121027,0.05191572865836375
glaum,10000,GB1 0AC,offwind-dc,0.516950814222995,0.5074825142712092,0.009468299951785886
glaum,10000,GB1 0AC,offwind-dc,0.4507626358480495,0.4117017120784954,0.03906092376955411
glaum,10000,GB1 0AC,offwind-dc,0.5207036956500843,0.5112475688489198,0.009456126801164588
glaum,10000,GB1 0AC,offwind-dc,0.45401668947180956,0.4113180675055537,0.042698621966255845
glaum,10000,GB1 0AC,offwind-dc,0.5226135695034194,0.5131817455434537,0.009431823959965668
glaum,10000,GB1 0AC,offwind-dc,0.45570072187770444,0.4143439206124719,0.04135680126523256
glaum,10000,GB1 0AC,offwind-dc,0.5299389309838946,0.5205047375739474,0.009434193409947111
glaum,10000,GB1 0AC,offwind-dc,0.462090088466929,0.45704231466196377,0.005047773804965239
glaum,10000,NL2 0AC,offwind-dc,0.5364021584491888,0.5353176548371308,0.0010845036120580298
glaum,10000,NL2 0AC,offwind-dc,0.4677377790998139,0.4665692454858622,0.0011685336139516944
glaum,10000,NL2 0AC,offwind-dc,0.5287059161085848,0.5276135200741198,0.001092396034464982
glaum,10000,NL2 0AC,offwind-dc,0.46104572816523764,0.4585784394372978,0.0024672887279398314
glaum,10000,NL2 0AC,offwind-dc,0.530391468428177,0.5293018939458206,0.0010895744823563591
glaum,10000,NL2 0AC,offwind-dc,0.4625032004112877,0.4619352893348259,0.0005679110764617579
glaum,10000,NL2 0AC,offwind-dc,0.5272239602847888,0.5261346337016398,0.0010893265831489751
glaum,10000,NL2 0AC,offwind-dc,0.45974727947851474,0.4442162891507144,0.01553099032780031
glaum,10000,NO0 0AC,offwind-dc,0.5499245593590859,0.5499245200488504,3.9310235511180736e-08
glaum,10000,NO0 0AC,offwind-dc,0.4795169851294628,0.4795168945886404,9.054082239501327e-08
glaum,10000,DK2 0AC,offwind-ac,0.5210569868841625,0.5180203298256996,0.0030366570584628994
glaum,10000,DK2 0AC,offwind-ac,0.45435684437236884,0.4031699780381918,0.05118686633417702
glaum,10000,DK2 0AC,offwind-ac,0.47998803449717053,0.4769641103682132,0.003023924128957356
glaum,10000,DK2 0AC,offwind-ac,0.4185377814367852,0.3649390808900361,0.05359870054674909
glaum,10000,GB1 0AC,offwind-ac,0.4430630004258579,0.43415126522469816,0.008911735201159732
glaum,10000,GB1 0AC,offwind-ac,0.38633782529901706,0.38105269371173534,0.005285131587281722
glaum,10000,GB1 0AC,offwind-ac,0.4228025903298425,0.41367310652225286,0.009129483807589656
glaum,10000,GB1 0AC,offwind-ac,0.3686829004444917,0.3633505077418244,0.005332392702667277
glaum,10000,GB1 0AC,offwind-ac,0.4970691725059593,0.4880654338272013,0.009003738678757978
glaum,10000,GB1 0AC,offwind-ac,0.4334387999686701,0.4074529010304458,0.025985898938224283
glaum,10000,GB1 0AC,offwind-ac,0.47168882054049216,0.4622611422834285,0.009427678257063643
glaum,10000,GB1 0AC,offwind-ac,0.4113066823056645,0.4027459572287519,0.008560725076912579
glaum,10000,GB1 0AC,offwind-float,0.5042206976956876,0.3965125630882958,0.10770813460739176
glaum,10000,GB1 0AC,offwind-float,0.439649459041439,0.3217095228592141,0.11793993618222487
glaum,10000,GB4 0AC,offwind-float,0.5283363908305126,0.426911199309788,0.10142519152072466
glaum,10000,GB4 0AC,offwind-float,0.46071744399479847,0.3513272695869783,0.10939017440782017
glaum,10000,NO0 0AC,offwind-float,0.45561841710361917,0.3519088783215696,0.10370953878204958
glaum,10000,NO0 0AC,offwind-float,0.39728519416450375,0.2906433724030459,0.10664182176145787
glaum,10000,NO0 0AC,offwind-float,0.5221709176257976,0.42319500448930364,0.09897591313649395
glaum,10000,NO0 0AC,offwind-float,0.45532730722557874,0.3448154126780437,0.11051189454753502
glaum,10000,NO0 0AC,offwind-float,0.36185648597961034,0.26109200857753745,0.1007644774020729
glaum,10000,NO0 0AC,offwind-float,0.3154915658162218,0.21952904059402262,0.09596252522219917
glaum,10000,NO0 0AC,offwind-float,0.4626958083917151,0.36018904972269117,0.10250675866902392
glaum,10000,NO0 0AC,offwind-float,0.403436999200798,0.29951365344132336,0.10392334575947465
glaum,10000,NO0 0AC,offwind-float,0.556084094190904,0.464232562655431,0.09185153153547299
glaum,10000,NO0 0AC,offwind-float,0.4849068539288819,0.38094358075532986,0.10396327317355203
glaum,10000,NO0 0AC,offwind-float,0.547933038394076,0.45419677149703797,0.09373626689703807
glaum,10000,NO0 0AC,offwind-float,0.47777986313360615,0.37515615372805444,0.10262370940555171
glaum,10000,NO0 0AC,offwind-float,0.5649284541495818,0.4751192374048074,0.08980921674477443
glaum,10000,NO0 0AC,offwind-float,0.4926000296618222,0.38467298644647296,0.10792704321534924
glaum,10000,NO0 0AC,offwind-float,0.49611005596482477,0.39574386461983885,0.10036619134498592
glaum,10000,NO0 0AC,offwind-float,0.432581850657977,0.32866064497795455,0.10392120568002244
glaum,10000,DE2 0AC,offwind-dc,0.5309419084283843,0.5308062921828803,0.00013561624550395557
glaum,10000,DE2 0AC,offwind-dc,0.46297653765570296,0.46293960923371685,3.6928421986104354e-05
glaum,10000,DE2 0AC,offwind-dc,0.398584045331527,0.3332617365491078,0.06532230878241924
glaum,10000,DK2 0AC,offwind-dc,0.5430084659372889,0.5399788815841196,0.0030295843531693567
glaum,10000,DK2 0AC,offwind-dc,0.47350552127001505,0.4027663767100279,0.07073914455998714
glaum,10000,DK2 0AC,offwind-dc,0.40764364257236974,0.31895166430545546,0.08869197826691427
glaum,10000,DK2 0AC,offwind-dc,0.5310804176571665,0.5011236971163117,0.029956720540854853
glaum,10000,DK2 0AC,offwind-dc,0.4630902832877763,0.3862363032995886,0.07685397998818772
glaum,10000,DK2 0AC,offwind-dc,0.39868826015675035,0.3118218368110442,0.08686642334570616
glaum,10000,GB1 0AC,offwind-dc,0.5223875078906178,0.5129637247879558,0.009423783102662009
glaum,10000,GB1 0AC,offwind-dc,0.4555231786639368,0.44995168433569194,0.005571494328244886
glaum,10000,GB1 0AC,offwind-dc,0.39217450424863065,0.3329653808131718,0.059209123435458866
glaum,10000,NL2 0AC,offwind-dc,0.5244296533310386,0.5233395381707199,0.0010901151603187609
glaum,10000,NL2 0AC,offwind-dc,0.4573036903712124,0.4432563848404663,0.014047305530746068
glaum,10000,NL2 0AC,offwind-dc,0.3936919692890752,0.3305032265819572,0.063188742707118
glaum,10000,NL2 0AC,offwind-dc,0.5174575537860479,0.5163665656688194,0.0010909881172284086
glaum,10000,NL2 0AC,offwind-dc,0.4512112987136684,0.4337219764231234,0.017489322290545006
glaum,10000,NL2 0AC,offwind-dc,0.38844864513955263,0.32860340969496216,0.05984523544459047
glaum,10000,NL2 0AC,offwind-dc,0.5220724206963222,0.5209822221572625,0.0010901985390596725
glaum,10000,NL2 0AC,offwind-dc,0.45523572799386336,0.43800655649426795,0.017229171499595408
glaum,10000,NL2 0AC,offwind-dc,0.39191311685982866,0.3264339973697924,0.06547911949003626
glaum,10000,GB1 0AC,offwind-float,0.5202285150525183,0.4250339493860175,0.09519456566650081
glaum,10000,GB1 0AC,offwind-float,0.4536140503448807,0.3424326604350673,0.11118138990981341
glaum,10000,GB1 0AC,offwind-float,0.3904913513244557,0.2869702413563286,0.10352110996812713
glaum,10000,GB1 0AC,offwind-float,0.5004233208858925,0.38974854715660145,0.11067477372929102
glaum,10000,GB1 0AC,offwind-float,0.4363443027270142,0.3137084329397094,0.12263586978730479
glaum,10000,GB1 0AC,offwind-float,0.3756353919694488,0.27334053876195796,0.10229485320749082
glaum,10000,GB1 0AC,offwind-float,0.5220699831678417,0.4243795673880349,0.0976904157798068
glaum,10000,GB1 0AC,offwind-float,0.4552529981802438,0.3415255933527907,0.11372740482745308
glaum,10000,GB1 0AC,offwind-float,0.39190877355509013,0.27790189617683186,0.11400687737825826
glaum,10000,GB1 0AC,offwind-float,0.5126651872275482,0.41123508774305023,0.10143009948449794
glaum,10000,GB1 0AC,offwind-float,0.4470386281103234,0.3313230853301827,0.11571554278014073
glaum,10000,GB1 0AC,offwind-float,0.3848489313404142,0.2871036219878586,0.0977453093525556
glaum,10000,GB1 0AC,offwind-float,0.5242019493988531,0.41998354858910114,0.10421840080975198
glaum,10000,GB1 0AC,offwind-float,0.4570994192614597,0.3375419263653963,0.11955749289606338
glaum,10000,GB1 0AC,offwind-float,0.3935180725629889,0.2804601914192429,0.11305788114374599
glaum,10000,GB1 0AC,offwind-float,0.5167705697579235,0.41691277583378433,0.09985779392413913
glaum,10000,GB1 0AC,offwind-float,0.4506182507730628,0.3354550495858366,0.11516320118722617
glaum,10000,GB1 0AC,offwind-float,0.38794464992358585,0.27590155275646217,0.11204309716712368
glaum,10000,GB1 0AC,offwind-float,0.5173225311625872,0.40503183199291065,0.11229069916967654
glaum,10000,GB1 0AC,offwind-float,0.4510880174085483,0.326088123639754,0.12499989376879433
glaum,10000,GB1 0AC,offwind-float,0.38835382519815803,0.2700203004985791,0.11833352469957892
glaum,10000,GB1 0AC,offwind-float,0.5207282399195547,0.41482698515690125,0.1059012547626535
glaum,10000,GB1 0AC,offwind-float,0.454051275143831,0.3332046231560049,0.12084665198782607
glaum,10000,GB1 0AC,offwind-float,0.39089194141987166,0.2700016023861881,0.12089033903368357
glaum,10000,GB1 0AC,offwind-float,0.5084370576400731,0.40655673722854213,0.10188032041153094
glaum,10000,GB1 0AC,offwind-float,0.44335216259220694,0.3273142909756925,0.11603787161651447
glaum,10000,GB1 0AC,offwind-float,0.38166364083943466,0.2665082790284034,0.11515536181103125
glaum,10000,GB1 0AC,offwind-float,0.5175548382146997,0.4088605344213359,0.10869430379336381
glaum,10000,GB1 0AC,offwind-float,0.45128336563443816,0.32858162324947354,0.12270174238496462
glaum,10000,GB1 0AC,offwind-float,0.38853589644998526,0.2737313179399972,0.11480457850998804
glaum,10000,GB1 0AC,offwind-float,0.517241723567787,0.4066218753797593,0.11061984818802767
glaum,10000,GB1 0AC,offwind-float,0.4510420586450063,0.3272124524773434,0.12382960616766292
glaum,10000,GB1 0AC,offwind-float,0.38831533336990076,0.2721435757717686,0.11617175759813214
glaum,10000,GB1 0AC,offwind-float,0.5102759506554891,0.40446505505024805,0.1058108956052411
glaum,10000,GB1 0AC,offwind-float,0.44495481902081896,0.3255027872206044,0.11945203180021458
glaum,10000,GB1 0AC,offwind-float,0.38308010042082796,0.27157579240863705,0.11150430801219091
glaum,10000,GB1 0AC,offwind-float,0.5152859747341272,0.4061932283459271,0.1090927463882001
glaum,10000,GB1 0AC,offwind-float,0.44934317963228165,0.3272474815600684,0.12209569807221327
glaum,10000,GB1 0AC,offwind-float,0.3868396425086613,0.2788273000857757,0.1080123424228856
glaum,10000,GB4 0AC,offwind-float,0.5317766445679211,0.4359714321181866,0.09580521244973444
glaum,10000,GB4 0AC,offwind-float,0.46371132602759646,0.3516708240023575,0.11204050202523896
glaum,10000,GB4 0AC,offwind-float,0.3992234483446606,0.29008934491011773,0.10913410343454288
glaum,10000,GB4 0AC,offwind-float,0.5359692961445559,0.4376351962438493,0.09833409990070663
glaum,10000,GB4 0AC,offwind-float,0.46736059221081144,0.3528484203786585,0.11451217183215295
glaum,10000,GB4 0AC,offwind-float,0.4023653071729008,0.2894111363141979,0.11295417085870291
glaum,10000,GB4 0AC,offwind-float,0.5284950737329448,0.4254189763548554,0.10307609737808937
glaum,10000,GB4 0AC,offwind-float,0.4608425964985051,0.34280813565131607,0.11803446084718905
glaum,10000,GB4 0AC,offwind-float,0.39674069778921217,0.2807833144152558,0.11595738337395639
glaum,10000,GB4 0AC,offwind-float,0.5180488367405776,0.41796993022259354,0.10007890651798401
glaum,10000,GB4 0AC,offwind-float,0.45172056426131674,0.3377994206739071,0.11392114358740962
glaum,10000,GB4 0AC,offwind-float,0.3888934545933286,0.2756986862207204,0.11319476837260817
glaum,10000,GB4 0AC,offwind-float,0.5164497359936557,0.410380925890149,0.10606881010350672
glaum,10000,GB4 0AC,offwind-float,0.4503251129553782,0.33118145059868836,0.11914366235668983
glaum,10000,GB4 0AC,offwind-float,0.3876737292572287,0.2712802485744468,0.11639348068278188
glaum,10000,GB4 0AC,offwind-float,0.5069924922931299,0.4043465107102506,0.10264598158287935
glaum,10000,GB4 0AC,offwind-float,0.44206589580591804,0.32670554833735777,0.11536034746856028
glaum,10000,GB4 0AC,offwind-float,0.3805545659889118,0.26755154693165895,0.11300301905725285
glaum,10000,NO0 0AC,offwind-float,0.5060683010643384,0.4053621983183468,0.10070610274599162
glaum,10000,NO0 0AC,offwind-float,0.4412853628651294,0.32766962828496077,0.11361573458016866
glaum,10000,NO0 0AC,offwind-float,0.37987767609384526,0.26596918073055503,0.11390849536329023
glaum,10000,NO0 0AC,offwind-float,0.5030213880704809,0.40173094090978745,0.10129044716069346
glaum,10000,NO0 0AC,offwind-float,0.43861046022070305,0.3246883625576622,0.11392209766304084
glaum,10000,NO0 0AC,offwind-float,0.37759966406651,0.26381032276432925,0.11378934130218077
glaum,10000,NO0 0AC,offwind-float,0.49871520685128484,0.398709350853244,0.10000585599804085
glaum,10000,NO0 0AC,offwind-float,0.43485326969109217,0.3227397177042581,0.11211355198683409
glaum,10000,NO0 0AC,offwind-float,0.37433931217195576,0.26280435069595304,0.11153496147600273
glaum,10000,NO0 0AC,offwind-float,0.4855682888935568,0.38373426857876,0.10183402031479682
glaum,10000,NO0 0AC,offwind-float,0.4234036687511095,0.3112073558862928,0.11219631286481674
glaum,10000,NO0 0AC,offwind-float,0.36448695295970335,0.25398539423198935,0.110501558727714
glaum,10000,NO0 0AC,offwind-float,0.5150899967317262,0.4161274251216844,0.0989625716100418
glaum,10000,NO0 0AC,offwind-float,0.44915922620547716,0.3363490362959197,0.11281018990955743
glaum,10000,NO0 0AC,offwind-float,0.3867005509696257,0.2724926110698296,0.11420793989979611
glaum,10000,NO0 0AC,offwind-float,0.5074383362768645,0.407464167951096,0.0999741683257685
glaum,10000,NO0 0AC,offwind-float,0.442487225151161,0.32941724864836325,0.11306997650279776
glaum,10000,NO0 0AC,offwind-float,0.38094381475927097,0.26747726847165254,0.11346654628761843
glaum,10000,NO0 0AC,offwind-float,0.5145067996424287,0.4142053861459338,0.10030141349649496
glaum,10000,NO0 0AC,offwind-float,0.44864446219388426,0.33479949214907434,0.11384497004480992
glaum,10000,NO0 0AC,offwind-float,0.3862323812892966,0.27136657468502623,0.11486580660427037
glaum,10000,NO0 0AC,offwind-float,0.5326944506884892,0.43572697007617656,0.09696748061231264
glaum,10000,NO0 0AC,offwind-float,0.46451093577105557,0.35129433053604464,0.11321660523501093
glaum,10000,NO0 0AC,offwind-float,0.39991189472099026,0.28716894120693914,0.11274295351405111
new_more,10000,DK2 0AC,offwind-ac,0.4326903214127885,0.3798915165099112,0.052798804902877305
new_more,10000,NL2 0AC,offwind-ac,0.4183266131773361,0.37993211427754875,0.038394498899787355
new_more,10000,NL2 0AC,offwind-float,0.40221663860715084,0.2871655149583063,0.11505112364884457
new_more,10000,DE2 0AC,offwind-ac,0.47490838316246,0.474573955672331,0.00033442749012896344
new_more,10000,DE2 0AC,offwind-ac,0.4523229883825272,0.4519467592872657,0.0003762290952615266
new_more,10000,DK2 0AC,offwind-ac,0.4707376960669577,0.4583353163517275,0.012402379715230227
new_more,10000,DK2 0AC,offwind-ac,0.4483440456158973,0.4172256857899201,0.031118359825977215
new_more,10000,DK2 0AC,offwind-ac,0.4815414473155075,0.46970338981120763,0.011838057504299893
new_more,10000,DK2 0AC,offwind-ac,0.4586477095891634,0.42481533034898744,0.03383237924017596
new_more,10000,GB1 0AC,offwind-ac,0.4874966068461349,0.4638823832626802,0.023614223583454663
new_more,10000,GB1 0AC,offwind-ac,0.46431314211710634,0.4562224307153066,0.008090711401799733
new_more,10000,GB1 0AC,offwind-ac,0.4625914328905318,0.4388393269768631,0.023752105913668664
new_more,10000,GB1 0AC,offwind-ac,0.440604966981608,0.4338400296381438,0.006764937343464228
new_more,10000,GB4 0AC,offwind-float,0.5314604358102567,0.4338839504159242,0.0975764853943325
new_more,10000,GB4 0AC,offwind-float,0.5061939532341339,0.39874686453650177,0.10744708869763209
new_more,10000,NO0 0AC,offwind-float,0.44683732255702885,0.3336538437106647,0.11318347884636415
new_more,10000,NO0 0AC,offwind-float,0.4255996323174006,0.3191262597683314,0.10647337254906919
new_more,10000,NO0 0AC,offwind-float,0.3548743744259895,0.24864478211103658,0.10622959231495294
new_more,10000,NO0 0AC,offwind-float,0.33798776613117026,0.23898192619108516,0.0990058399400851
new_more,10000,NO0 0AC,offwind-float,0.18099266578034603,0.11490545224123308,0.06608721353911295
new_more,10000,NO0 0AC,offwind-float,0.17235655932735683,0.10756307217578943,0.0647934871515674
new_more,10000,NO0 0AC,offwind-float,0.4537852054991124,0.34055954054865134,0.11322566495046105
new_more,10000,NO0 0AC,offwind-float,0.4322037602955075,0.3277580518247334,0.10444570847077411
new_more,10000,NO0 0AC,offwind-float,0.5453750182745886,0.43839956327392876,0.1069754550006598
new_more,10000,NO0 0AC,offwind-float,0.5194539389066737,0.4155754177319939,0.10387852117467977
new_more,10000,NO0 0AC,offwind-float,0.5373809356338681,0.430630724625747,0.10675021100812115
new_more,10000,NO0 0AC,offwind-float,0.511819530257536,0.4068962052089353,0.10492332504860069
new_more,10000,NO0 0AC,offwind-float,0.48655596098589005,0.37509118307482187,0.11146477791106818
new_more,10000,NO0 0AC,offwind-float,0.46341697017815925,0.35931420535778413,0.10410276482037512
new_more,10000,BE2 0AC,offwind-dc,0.5276606530786894,0.5275472170145561,0.00011343606413327656
new_more,10000,BE2 0AC,offwind-dc,0.5025815181541554,0.5025569111072081,2.4607046947289213e-05
new_more,10000,DE2 0AC,offwind-dc,0.5180319827092422,0.5177053707475192,0.0003266119617230112
new_more,10000,DE2 0AC,offwind-dc,0.49339713689490583,0.49334391026690627,5.322662799955857e-05
new_more,10000,DK2 0AC,offwind-dc,0.530786829582709,0.500648904920302,0.030137924662406945
new_more,10000,DK2 0AC,offwind-dc,0.5055456649828435,0.4632904951180516,0.042255169864791886
new_more,10000,FR2 0AC,offwind-dc,0.5176490969871561,0.5176490969313434,5.581268780474602e-11
new_more,10000,FR2 0AC,offwind-dc,0.4930458003965196,0.49304580037423057,2.2289003975828336e-11
new_more,10000,GB1 0AC,offwind-dc,0.5069953676055728,0.4816986306959273,0.025296736909645567
new_more,10000,GB1 0AC,offwind-dc,0.4828851352837617,0.44554448158856774,0.03734065369519396
new_more,10000,GB1 0AC,offwind-dc,0.525697644791543,0.5019010323555341,0.023796612436008946
new_more,10000,GB1 0AC,offwind-dc,0.5006983298475564,0.4914020570689634,0.009296272778592962
new_more,10000,NL2 0AC,offwind-dc,0.5260721175497708,0.5235066751161966,0.00256544243357415
new_more,10000,NL2 0AC,offwind-dc,0.5010617440347181,0.5004088915124296,0.0006528525222885273
new_more,10000,DK2 0AC,offwind-ac,0.5110224635313808,0.49946180342907204,0.011560660102308773
new_more,10000,DK2 0AC,offwind-ac,0.4867139713405969,0.48411761563130373,0.0025963557092931744
new_more,10000,DK2 0AC,offwind-ac,0.48171890950782154,0.45694301342663884,0.02477589608118269
new_more,10000,GB1 0AC,offwind-ac,0.4345236476767411,0.41150640809613276,0.023017239580608362
new_more,10000,GB1 0AC,offwind-ac,0.4138580821678562,0.4086691259646181,0.005188956203238115
new_more,10000,GB1 0AC,offwind-ac,0.40961072780338564,0.39837645656089293,0.01123427124249271
new_more,10000,GB1 0AC,offwind-ac,0.414653521239701,0.3916380507993567,0.0230154704403443
new_more,10000,GB1 0AC,offwind-ac,0.3949387378296993,0.3897395030128054,0.005199234816893883
new_more,10000,GB1 0AC,offwind-ac,0.390885549444365,0.37498497011004966,0.015900579334315323
new_more,10000,GB4 0AC,offwind-ac,0.5332057748472533,0.503353850472786,0.029851924374467265
new_more,10000,GB4 0AC,offwind-ac,0.5078564599693853,0.48292814453615257,0.02492831543323276
new_more,10000,GB4 0AC,offwind-ac,0.5026444164097269,0.47712361601588715,0.02552080039383975
new_more,10000,NO0 0AC,offwind-ac,0.3027309077393482,0.23598556027258666,0.06674534746676153
new_more,10000,NO0 0AC,offwind-ac,0.28831561638729,0.227536029991357,0.06077958639593298
new_more,10000,NO0 0AC,offwind-ac,0.28534984067024627,0.22745784442673664,0.05789199624350963
new_more,10000,GB1 0AC,offwind-float,0.49451040785534023,0.35828920217645394,0.1362212056788863
new_more,10000,GB1 0AC,offwind-float,0.47097329623167083,0.35547660180056856,0.11549669443110228
new_more,10000,GB1 0AC,offwind-float,0.4661397782420733,0.35759704993598174,0.10854272830609157
new_more,10000,NO0 0AC,offwind-float,0.5121149421779061,0.4001762568331238,0.1119386853447823
new_more,10000,NO0 0AC,offwind-float,0.48777467792508855,0.38039464661836353,0.10738003130672502
new_more,10000,NO0 0AC,offwind-float,0.48276189428904465,0.37647715374419727,0.10628474054484738
new_more,10000,NO0 0AC,offwind-float,0.5540490534150992,0.44860021320943083,0.10544884020566841
new_more,10000,NO0 0AC,offwind-float,0.5277023287762101,0.42469645295358927,0.10300587582262088
new_more,10000,NO0 0AC,offwind-float,0.5222866104760421,0.41835562209670224,0.10393098837933984
new_more,10000,DE2 0AC,offwind-dc,0.5109705908524738,0.5105549357272209,0.0004156551252528784
new_more,10000,DE2 0AC,offwind-dc,0.4866711163365771,0.486550620682973,0.00012049565360411352
new_more,10000,DE2 0AC,offwind-dc,0.48167649431734216,0.4775140617709846,0.004162432546357564
new_more,10000,DE2 0AC,offwind-dc,0.5200256791787955,0.5196731884267712,0.0003524907520242593
new_more,10000,DE2 0AC,offwind-dc,0.4953094262305159,0.4952469864723846,6.24397581313052e-05
new_more,10000,DE2 0AC,offwind-dc,0.49022615072156905,0.48947528685037706,0.0007508638711919979
new_more,10000,DK2 0AC,offwind-dc,0.5123894690061773,0.47272921041421884,0.039660258591958486
new_more,10000,DK2 0AC,offwind-dc,0.4880294886569948,0.43998704370262626,0.048042444954368546
new_more,10000,DK2 0AC,offwind-dc,0.48302092589610873,0.4326645583031054,0.050356367593003326
new_more,10000,DK2 0AC,offwind-dc,0.5472734642018454,0.5363446126569,0.010928851544945384
new_more,10000,DK2 0AC,offwind-dc,0.5212553887372363,0.5201772258432116,0.0010781628940247368
new_more,10000,DK2 0AC,offwind-dc,0.5159058342746056,0.492280887767343,0.023624946507262545
new_more,10000,GB1 0AC,offwind-dc,0.5106759759852446,0.4869494482551548,0.02372652773008982
new_more,10000,GB1 0AC,offwind-dc,0.4863776350408346,0.4467878756564786,0.039589759384355994
new_more,10000,GB1 0AC,offwind-dc,0.4813792116331853,0.44079205146880124,0.04058716016438407
new_more,10000,GB1 0AC,offwind-dc,0.5125490694589578,0.489885871330365,0.022663198128592854
new_more,10000,GB1 0AC,offwind-dc,0.4881814908771975,0.45023853908096395,0.037942951796233526
new_more,10000,GB1 0AC,offwind-dc,0.4831713681436512,0.4466120565785235,0.036559311565127706
new_more,10000,GB1 0AC,offwind-dc,0.5197266169134187,0.49600780920362714,0.023718807709791567
new_more,10000,GB1 0AC,offwind-dc,0.49500489968358363,0.4902573745078576,0.0047475251757260195
new_more,10000,GB1 0AC,offwind-dc,0.4899247494782467,0.4806444452210243,0.009280304257222427
new_more,10000,NL2 0AC,offwind-dc,0.5185240895608393,0.515964434130243,0.0025596554305963304
new_more,10000,NL2 0AC,offwind-dc,0.4938792055281881,0.4935795585432193,0.0002996469849688155
new_more,10000,NL2 0AC,offwind-dc,0.4888106081284867,0.4783075437859433,0.010503064342543389
new_more,10000,NL2 0AC,offwind-dc,0.5201771814883074,0.5170882038344038,0.0030889776539035907
new_more,10000,NL2 0AC,offwind-dc,0.49544047199479896,0.494984825237426,0.0004556467573729739
new_more,10000,NL2 0AC,offwind-dc,0.490355851585697,0.48894239466534767,0.001413456920349332
new_more,10000,NL2 0AC,offwind-dc,0.5170706732647649,0.5143746967239368,0.0026959765408280933
new_more,10000,NL2 0AC,offwind-dc,0.4924882875201852,0.4838163441584945,0.008671943361690693
new_more,10000,NL2 0AC,offwind-dc,0.48743396487293267,0.4740466008993693,0.013387363973563382
new_more,10000,NO0 0AC,offwind-dc,0.5393341038579418,0.5393341038484463,9.495515485014039e-12
new_more,10000,NO0 0AC,offwind-dc,0.5136731461185442,0.5136731461175221,1.0220713164699191e-12
new_more,10000,NO0 0AC,offwind-dc,0.5084014069086934,0.5034276016853374,0.004973805223355998
new_more,10000,GB1 0AC,offwind-float,0.5102099464228302,0.38734470875018134,0.1228652376726489
new_more,10000,GB1 0AC,offwind-float,0.48594691079106883,0.3759886068739809,0.10995830391708794
new_more,10000,GB1 0AC,offwind-float,0.4809597211688728,0.37569106157983767,0.10526865958903514
new_more,10000,GB1 0AC,offwind-float,0.47506637099669996,0.37207329593024413,0.10299307506645583
new_more,10000,GB1 0AC,offwind-float,0.490772504540076,0.34934919231417516,0.14142331222590082
new_more,10000,GB1 0AC,offwind-float,0.46744001395615126,0.34744217496998825,0.11999783898616301
new_more,10000,GB1 0AC,offwind-float,0.4626427574352563,0.34577264492924015,0.11687011250601614
new_more,10000,GB1 0AC,offwind-float,0.45697385075933034,0.33249895115608125,0.12447489960324909
new_more,10000,GB1 0AC,offwind-float,0.5027922732797755,0.3744687755327032,0.1283234977470723
new_more,10000,GB1 0AC,offwind-float,0.4788815545811822,0.3693022059842287,0.10957934859695351
new_more,10000,GB1 0AC,offwind-float,0.47396687549539385,0.3662267604141919,0.10774011508120196
new_more,10000,GB1 0AC,offwind-float,0.4681523989140423,0.3645040373349129,0.10364836157912943
new_more,10000,GB1 0AC,offwind-float,0.5072806746137924,0.36802615389459403,0.13925452071919842
new_more,10000,GB1 0AC,offwind-float,0.4831701778219262,0.3649764223058044,0.11819375551612177
new_more,10000,GB1 0AC,offwind-float,0.47821148533293506,0.3625053327652738,0.11570615256766126
new_more,10000,GB1 0AC,offwind-float,0.4723518101556194,0.3571727506798177,0.1151790594758017
new_more,10000,GB1 0AC,offwind-float,0.5053625896208209,0.36842621732654907,0.13693637229427186
new_more,10000,GB1 0AC,offwind-float,0.48134325731517275,0.3611119851640139,0.12023127215115886
new_more,10000,GB1 0AC,offwind-float,0.47640331419733634,0.36026342270747047,0.11613989148986587
new_more,10000,GB1 0AC,offwind-float,0.4705657951075353,0.3614919481566807,0.10907384695085465
new_more,10000,GB4 0AC,offwind-float,0.5181548783520692,0.40551466060275476,0.11264021774931443
new_more,10000,GB4 0AC,offwind-float,0.49352754252519443,0.38727954125516784,0.10624800127002659
new_more,10000,GB4 0AC,offwind-float,0.4884625541824498,0.3816928423155255,0.1067697118669243
new_more,10000,GB4 0AC,offwind-float,0.4824772694463494,0.36750044362868045,0.11497682581766894
new_more,10000,NO0 0AC,offwind-float,0.5224358128813368,0.41210230184402774,0.11033351103730904
new_more,10000,NO0 0AC,offwind-float,0.4975981764780325,0.3913089879609127,0.10628918851711983
new_more,10000,NO0 0AC,offwind-float,0.49249141191867946,0.38674974001548135,0.10574167190319811
new_more,10000,NO0 0AC,offwind-float,0.4864499289966493,0.3774835755366311,0.1089663534600182
new_more,10000,DE2 0AC,offwind-dc,0.5207170211066457,0.5203782329016595,0.00033878820498622897
new_more,10000,DE2 0AC,offwind-dc,0.495954518585957,0.49590512623438415,4.939235157286337e-05
new_more,10000,DE2 0AC,offwind-dc,0.4908646226050429,0.4903013878240635,0.0005632347809793603
new_more,10000,DE2 0AC,offwind-dc,0.48484306079014106,0.47736146299635573,0.007481597793785322
new_more,10000,DE2 0AC,offwind-dc,0.5175579569125007,0.5172110969059048,0.0003468600065958949
new_more,10000,DE2 0AC,offwind-dc,0.49295219772202487,0.4928956315869545,5.656613507037944e-05
new_more,10000,DE2 0AC,offwind-dc,0.4878862972846616,0.4839731662912834,0.0039131309933782
new_more,10000,DE2 0AC,offwind-dc,0.48189448914712407,0.4714261247334462,0.010468364413677878
new_more,10000,DK2 0AC,offwind-dc,0.5325512006681117,0.5181357789701626,0.014415421697949071
new_more,10000,DK2 0AC,offwind-dc,0.5072263256590303,0.46873102680288903,0.038495298856141225
new_more,10000,DK2 0AC,offwind-dc,0.5020207490594933,0.46106729070217567,0.040953458357317674
new_more,10000,DK2 0AC,offwind-dc,0.49586933151310514,0.45196534126131604,0.04390399025178909
new_more,10000,DK2 0AC,offwind-dc,0.5208528629226004,0.48590381529245347,0.03494904763014689
new_more,10000,DK2 0AC,offwind-dc,0.49608394168533704,0.45051823845473704,0.045565703230599996
new_more,10000,DK2 0AC,offwind-dc,0.4909927174573989,0.4434526781970577,0.04754003926034123
new_more,10000,DK2 0AC,offwind-dc,0.48497642983786404,0.43054509285172693,0.05443133698613711
new_more,10000,GB1 0AC,offwind-dc,0.5123273613441228,0.48970376420360945,0.022623597140513374
new_more,10000,GB1 0AC,offwind-dc,0.4879633663964675,0.48418396081500414,0.0037794055814633354
new_more,10000,GB1 0AC,offwind-dc,0.48295548223697626,0.4741098551674551,0.00884562706952119
new_more,10000,GB1 0AC,offwind-dc,0.47703767737906433,0.44111115659854966,0.03592652078051467
new_more,10000,NL2 0AC,offwind-dc,0.5074923483704381,0.5048682253964294,0.0026241229740087135
new_more,10000,NL2 0AC,offwind-dc,0.4833650588795238,0.4820531222923919,0.0013119365871319122
new_more,10000,NL2 0AC,offwind-dc,0.47839078866903206,0.46619839771611354,0.01219239095291852
new_more,10000,NL2 0AC,offwind-dc,0.47252214602312664,0.4549077871506762,0.017614358872450442
new_more,10000,GB4 0AC,offwind-float,0.5215288905519465,0.4167922597405971,0.10473663081134943
new_more,10000,GB4 0AC,offwind-float,0.49673463455419475,0.39257386033087294,0.10416077422332182
new_more,10000,GB4 0AC,offwind-float,0.49163673237718286,0.38750583148752527,0.1041309008896576
new_more,10000,GB4 0AC,offwind-float,0.4856125534410337,0.3798582596062648,0.10575429383476892
new_more,10000,GB4 0AC,offwind-float,0.4787862522665085,0.3746046593056175,0.10418159296089102
new_more,10000,GB4 0AC,offwind-float,0.5256407752993346,0.41851747390115035,0.10712330139818427
new_more,10000,GB4 0AC,offwind-float,0.5006509705775471,0.3934248839642738,0.10722608661327337
new_more,10000,GB4 0AC,offwind-float,0.49551287571705704,0.3884921515234755,0.10702072419358155
new_more,10000,GB4 0AC,offwind-float,0.48944120118197526,0.3807125710019022,0.10872863018007306
new_more,10000,GB4 0AC,offwind-float,0.48256108034734096,0.37458766762869217,0.1079734127186488
new_more,10000,NO0 0AC,offwind-float,0.49632243005030746,0.3835960624037337,0.11272636764657379
new_more,10000,NO0 0AC,offwind-float,0.4727260148740317,0.36604809734041643,0.10667791753361527
new_more,10000,NO0 0AC,offwind-float,0.46787450903426014,0.3587432612337928,0.10913124780046735
new_more,10000,NO0 0AC,offwind-float,0.46214149606662275,0.35212120487964776,0.11002029118697498
new_more,10000,NO0 0AC,offwind-float,0.45563828314189336,0.3453078418671226,0.11033044127477076
new_more,10000,NO0 0AC,offwind-float,0.5051703857657612,0.39381662046792215,0.11135376529783908
new_more,10000,NO0 0AC,offwind-float,0.48115342934762145,0.37273077325859755,0.1084226560890239
new_more,10000,NO0 0AC,offwind-float,0.4762154344015888,0.36767694479553326,0.10853848960605555
new_more,10000,NO0 0AC,offwind-float,0.47038021746179726,0.3608243339923659,0.10955588346943135
new_more,10000,NO0 0AC,offwind-float,0.46376803866168137,0.35389682400202965,0.10987121465965172
new_more,10000,NO0 0AC,offwind-float,0.504598419894851,0.3924151007590684,0.11218331913578261
new_more,10000,NO0 0AC,offwind-float,0.48060202054003837,0.37094999887156493,0.10965202166847343
new_more,10000,NO0 0AC,offwind-float,0.47566968460782333,0.3660127194306427,0.10965696517718065
new_more,10000,NO0 0AC,offwind-float,0.4698411549112654,0.3591336987861382,0.11070745612512717
new_more,10000,NO0 0AC,offwind-float,0.46323655376394235,0.35283928980087054,0.11039726396307181
new_more,10000,NL2 0AC,offwind-dc,0.5143301791166924,0.5118165092732725,0.002513669843419941
new_more,10000,NL2 0AC,offwind-dc,0.4898778809422353,0.4885806120997764,0.0012972688424588985
new_more,10000,NL2 0AC,offwind-dc,0.4848503484490224,0.47260651703794476,0.012243831411077655
new_more,10000,NL2 0AC,offwind-dc,0.4789093252016581,0.4614826615212864,0.017426663680371657
new_more,10000,NL2 0AC,offwind-dc,0.47217725193470905,0.449581805791356,0.02259544614335307
new_more,10000,NL2 0AC,offwind-dc,0.5120115002751873,0.5094912044936009,0.0025202957815864124
new_more,10000,NL2 0AC,offwind-dc,0.4876695401899587,0.47711690437693244,0.010552635813026234
new_more,10000,NL2 0AC,offwind-dc,0.4826578777039703,0.47039992887404863,0.01225794882992165
new_more,10000,NL2 0AC,offwind-dc,0.47674371948765554,0.45925535905749654,0.017488360430159
new_more,10000,NL2 0AC,offwind-dc,0.4700420883431853,0.44733895273668134,0.022703135606503944
new_more,10000,GB1 0AC,offwind-float,0.5120091825612799,0.3879352221013453,0.12407396045993463
new_more,10000,GB1 0AC,offwind-float,0.48767394494760913,0.3785895853853272,0.10908435956228191
new_more,10000,GB1 0AC,offwind-float,0.4826690310707026,0.37627920378267965,0.10638982728802293
new_more,10000,GB1 0AC,offwind-float,0.4767547361886904,0.3683325746497577,0.1084221615389327
new_more,10000,GB1 0AC,offwind-float,0.4700529501814212,0.35853589815987885,0.11151705202154233
new_more,10000,GB1 0AC,offwind-float,0.4631685631036914,0.35218527533176064,0.11098328777193078
new_more,10000,GB1 0AC,offwind-float,0.51409326822942,0.3824955932224192,0.13159767500700081
new_more,10000,GB1 0AC,offwind-float,0.48965897629862204,0.3753813861332518,0.11427759016537026
new_more,10000,GB1 0AC,offwind-float,0.484633690386142,0.3731629419425163,0.1114707484436257
new_more,10000,GB1 0AC,offwind-float,0.47869532191791186,0.3649505298991887,0.11374479201872317
new_more,10000,GB1 0AC,offwind-float,0.4719662569151785,0.355264271720471,0.11670198519470754
new_more,10000,GB1 0AC,offwind-float,0.46504708823694607,0.357073207899853,0.1079738803370931
new_more,10000,GB1 0AC,offwind-float,0.5068185942911421,0.37973112132006925,0.1270874729710728
new_more,10000,GB1 0AC,offwind-float,0.4827232315626704,0.37145135076226854,0.11127188080040185
new_more,10000,GB1 0AC,offwind-float,0.47776912600631816,0.3685592192840562,0.10920990672226194
new_more,10000,GB1 0AC,offwind-float,0.47190804028210676,0.36158948616397074,0.11031855411813601
new_more,10000,GB1 0AC,offwind-float,0.4652743847334207,0.35877145173958036,0.10650293299384034
new_more,10000,GB1 0AC,offwind-float,0.4584532305182645,0.33667276228272663,0.12178046823553784
new_more,10000,GB1 0AC,offwind-float,0.5073464021632995,0.36518399363843346,0.14216240852486606
new_more,10000,GB1 0AC,offwind-float,0.4832194151375299,0.36261589120694615,0.12060352393058377
new_more,10000,GB1 0AC,offwind-float,0.4782602173344315,0.3605185290753481,0.11774168825908343
new_more,10000,GB1 0AC,offwind-float,0.47239994502863125,0.35207144583130656,0.12032849919732469
new_more,10000,GB1 0AC,offwind-float,0.4657525688395957,0.34282504669411074,0.12292752214548497
new_more,10000,GB1 0AC,offwind-float,0.458931165069869,0.3155733830765481,0.1433577819933209
new_more,10000,GB1 0AC,offwind-float,0.5106932082297236,0.3765724192424349,0.13412078898728874
new_more,10000,GB1 0AC,offwind-float,0.4864005137312371,0.3719448612700338,0.11445565246120332
new_more,10000,GB1 0AC,offwind-float,0.4814086688600302,0.36933572354925853,0.11207294531077167
new_more,10000,GB1 0AC,offwind-float,0.4754962554066044,0.36123621484207796,0.11426004056452643
new_more,10000,GB1 0AC,offwind-float,0.46881215998163167,0.3529590570471129,0.11585310293451878
new_more,10000,GB1 0AC,offwind-float,0.46194594549491386,0.3545081892846799,0.10743775621023394
new_more,10000,GB1 0AC,offwind-float,0.49863877046797844,0.36812605458713304,0.1305127158808454
new_more,10000,GB1 0AC,offwind-float,0.4749324809880037,0.359904210091982,0.11502827089602174
new_more,10000,GB1 0AC,offwind-float,0.47005150893428554,0.3588820836619515,0.11116942527233403
new_more,10000,GB1 0AC,offwind-float,0.46429182050471046,0.3493298497844924,0.11496197072021808
new_more,10000,GB1 0AC,offwind-float,0.45776522687121485,0.3347883507845116,0.12297687608670327
new_more,10000,GB1 0AC,offwind-float,0.45106080556870004,0.3446764977305385,0.10638430783816155
new_more,10000,GB1 0AC,offwind-float,0.5075810219820849,0.36975494366154615,0.13782607832053873
new_more,10000,GB1 0AC,offwind-float,0.48343621660511704,0.365062379893227,0.11837383671189006
new_more,10000,GB1 0AC,offwind-float,0.4784747938058201,0.3630928350903018,0.11538195871551826
new_more,10000,GB1 0AC,offwind-float,0.4726118922272784,0.3551668426479523,0.11744504957932611
new_more,10000,GB1 0AC,offwind-float,0.46596834256583525,0.3444380754708899,0.12153026709494535
new_more,10000,GB1 0AC,offwind-float,0.4591437785779839,0.3477489478351676,0.11139483074281631
new_more,10000,GB1 0AC,offwind-float,0.5004490486618426,0.36670066336440627,0.13374838529743632
new_more,10000,GB1 0AC,offwind-float,0.4766566079961836,0.361318469198237,0.11533813879794658
new_more,10000,GB1 0AC,offwind-float,0.47176476315477917,0.3587360897298489,0.11302867342493028
new_more,10000,GB1 0AC,offwind-float,0.465977305836502,0.35132425706420006,0.11465304877230192
new_more,10000,GB1 0AC,offwind-float,0.45942701917773643,0.3430090490461082,0.11641797013162825
new_more,10000,GB1 0AC,offwind-float,0.4526982592949053,0.3455324789726939,0.10716578032221141
new_more,10000,GB4 0AC,offwind-float,0.5268476348330038,0.4000395445794767,0.12680809025352707
new_more,10000,GB4 0AC,offwind-float,0.5017871437472434,0.4283632606216401,0.07342388312560333
new_more,10000,GB4 0AC,offwind-float,0.496637388536795,0.39215211102138464,0.10448527751541037
new_more,10000,GB4 0AC,offwind-float,0.49054510440229615,0.4158610455873153,0.07468405881498086
new_more,10000,GB4 0AC,offwind-float,0.4836494658966378,0.3494781269750519,0.13417133892158595
new_more,10000,GB4 0AC,offwind-float,0.47655911173302656,0.37372974532701514,0.10282936640601142
new_more,10000,GB4 0AC,offwind-float,0.5183173075908658,0.4059635031760763,0.11235380441478948
new_more,10000,GB4 0AC,offwind-float,0.4936755086007365,0.3817751945684747,0.1119003140322618
new_more,10000,GB4 0AC,offwind-float,0.48860900170759064,0.37744104169884396,0.11116796000874668
new_more,10000,GB4 0AC,offwind-float,0.4826083329409919,0.3698594881075367,0.11274884483345521
new_more,10000,GB4 0AC,offwind-float,0.4758242623755863,0.3617163797465389,0.11410788262904736
new_more,10000,GB4 0AC,offwind-float,0.46885534876297197,0.35823797549614594,0.11061737326682602
new_more,10000,GB4 0AC,offwind-float,0.5080654530637498,0.39917045331657014,0.1088949997471797
new_more,10000,GB4 0AC,offwind-float,0.4839110714508452,0.3757909717713757,0.1081200996794695
new_more,10000,GB4 0AC,offwind-float,0.4789447752978834,0.3712738384192457,0.10767093687863766
new_more,10000,GB4 0AC,offwind-float,0.47306933086390046,0.36389697875220556,0.1091723521116949
new_more,10000,GB4 0AC,offwind-float,0.46641254206783594,0.35594252244664987,0.11047001962118608
new_more,10000,GB4 0AC,offwind-float,0.45957471012737244,0.35158935209841946,0.10798535802895298
new_more,10000,GB4 0AC,offwind-float,0.5065039391483706,0.3907774899068017,0.11572644924156883
new_more,10000,GB4 0AC,offwind-float,0.48242360876292006,0.36796461868891495,0.11445899007400512
new_more,10000,GB4 0AC,offwind-float,0.4774725781838633,0.3635429167569068,0.11392966142695649
new_more,10000,GB4 0AC,offwind-float,0.47161512199729916,0.3563316824202806,0.11528343957701853
new_more,10000,GB4 0AC,offwind-float,0.4649788194684111,0.34859028479960824,0.11638853466880283
new_more,10000,GB4 0AC,offwind-float,0.45816190689472164,0.34481875691846375,0.11334314997625788
new_more,10000,GB4 0AC,offwind-float,0.4972220628055624,0.3853021213294563,0.11191994147610612
new_more,10000,GB4 0AC,offwind-float,0.4735828501710743,0.36314392286695396,0.11043892730412036
new_more,10000,GB4 0AC,offwind-float,0.46870891471814635,0.35871152063365846,0.10999739408448789
new_more,10000,GB4 0AC,offwind-float,0.4629656775162033,0.3516618119265832,0.11130386558962013
new_more,10000,GB4 0AC,offwind-float,0.4564440436906359,0.34395851773430486,0.11248552595633105
new_more,10000,GB4 0AC,offwind-float,0.44975217423281677,0.34069978154726765,0.10905239268554912
new_more,10000,NO0 0AC,offwind-float,0.4933341945530777,0.3806919084677413,0.11264228608533638
new_more,10000,NO0 0AC,offwind-float,0.4698534586081872,0.36078627569345045,0.10906718291473677
new_more,10000,NO0 0AC,offwind-float,0.4650314333196448,0.35574940685286544,0.10928202646677937
new_more,10000,NO0 0AC,offwind-float,0.4593332574496162,0.34925058048132646,0.11008267696828972
new_more,10000,NO0 0AC,offwind-float,0.4528763668016943,0.3420217411329138,0.11085462566878052
new_more,10000,NO0 0AC,offwind-float,0.4462435476560737,0.33415383390480846,0.11208971375126525
new_more,10000,NO0 0AC,offwind-float,0.4891109418370839,0.3772032125775552,0.11190772925952874
new_more,10000,NO0 0AC,offwind-float,0.46585748141122163,0.3597003460687705,0.10615713534245114
new_more,10000,NO0 0AC,offwind-float,0.4610764661498337,0.35572465591327823,0.10535181023655549
new_more,10000,NO0 0AC,offwind-float,0.45541991765970113,0.3463650301155819,0.10905488754411924
new_more,10000,NO0 0AC,offwind-float,0.4490180371959579,0.3391304663031775,0.1098875708927804
new_more,10000,NO0 0AC,offwind-float,0.4424348878053381,0.33324881168453696,0.10918607612080111
new_more,10000,NO0 0AC,offwind-float,0.47621042763979543,0.3633383033874571,0.11287212425233834
new_more,10000,NO0 0AC,offwind-float,0.45356353578557485,0.3457609315777442,0.10780260420783067
new_more,10000,NO0 0AC,offwind-float,0.44890869117509263,0.3424521933327621,0.10645649784233052
new_more,10000,NO0 0AC,offwind-float,0.44340807231662116,0.3334468520660019,0.10996122025061927
new_more,10000,NO0 0AC,offwind-float,0.4371682216473824,0.3265164352421653,0.11065178640521711
new_more,10000,NO0 0AC,offwind-float,0.4307654637139587,0.3185429302043678,0.11222253350959088
new_more,10000,NO0 0AC,offwind-float,0.4976660811039406,0.3856212526084477,0.11204482849549291
new_more,10000,NO0 0AC,offwind-float,0.47399905446191526,0.3653994153837405,0.10859963907817477
new_more,10000,NO0 0AC,offwind-float,0.46913448363565985,0.36040086914526576,0.10873361449039409
new_more,10000,NO0 0AC,offwind-float,0.4633860318044187,0.35371646841952487,0.10966956338489381
new_more,10000,NO0 0AC,offwind-float,0.45687217092757204,0.34627926934510395,0.1105929015824681
new_more,10000,NO0 0AC,offwind-float,0.4501808293063904,0.33777885923484163,0.11240197007154878
base,1000,BE2 0AC,offwind-dc,0.5955488012254254,0.5861874740233385,0.009361327202086933
base,1000,BE2 0AC,offwind-dc,0.5933939846571576,0.5795703660674801,0.013823618589677511
base,1000,DE2 0AC,offwind-dc,0.5720453969541252,0.5720208200921802,2.4576861944902717e-05
base,1000,DE2 0AC,offwind-dc,0.5766853745025993,0.5742973556194432,0.0023880188831560956
base,1000,DE2 0AC,offwind-dc,0.5819896638896638,0.5797888276864365,0.0022008362032273077
base,1000,DE2 0AC,offwind-dc,0.5825749612927233,0.5825519382272797,2.3023065443661395e-05
base,1000,DE2 0AC,offwind-dc,0.5850337838098426,0.5837549739825736,0.001278809827269023
base,1000,DE2 0AC,offwind-dc,0.5733151237788975,0.5732534983471375,6.162543176002622e-05
base,1000,DE2 0AC,offwind-dc,0.578071551808868,0.5753922980292361,0.0026792537796319627
base,1000,DE2 0AC,offwind-dc,0.5798379166325506,0.576162398966555,0.003675517665995609
base,1000,DE2 0AC,offwind-dc,0.5793117308289,0.5791407597606187,0.00017097106828123376
base,1000,DE2 0AC,offwind-dc,0.5802583685641899,0.5773709108245196,0.0028874577396702517
base,1000,DE2 0AC,offwind-dc,0.5873525310854593,0.5873175255964677,3.500548899160183e-05
base,1000,DE2 0AC,offwind-dc,0.5848344883503503,0.584797153348793,3.7335001557337044e-05
base,1000,DE2 0AC,offwind-dc,0.5810629771789239,0.5768059179793998,0.004257059199524016
base,1000,DE2 0AC,offwind-dc,0.5864791187038958,0.5864649496479338,1.4169055961965604e-05
base,1000,DE2 0AC,offwind-dc,0.5820422099319462,0.5762849986208115,0.005757211311134713
base,1000,DE2 0AC,offwind-dc,0.584782241594941,0.5847483603343522,3.3881260588786155e-05
base,1000,DE2 0AC,offwind-dc,0.5844066356859879,0.5833835539389709,0.0010230817470170406
base,1000,DE2 0AC,offwind-dc,0.5866269862943398,0.5866065501601115,2.04361342283077e-05
base,1000,DE2 0AC,offwind-dc,0.5875789579171792,0.5875628782568301,1.6079660349110902e-05
base,1000,DE2 0AC,offwind-dc,0.5884774777321746,0.5884531838246155,2.4293907559092e-05
base,1000,DE2 0AC,offwind-dc,0.5851644127134208,0.5851389616582128,2.5451055208014495e-05
base,1000,DE2 0AC,offwind-dc,0.5836896788051249,0.5821328616963074,0.0015568171088174987
base,1000,DE2 0AC,offwind-dc,0.5789075458401229,0.5662242087602436,0.012683337079879342
base,1000,DE2 0AC,offwind-dc,0.5847730581186407,0.5842222086105588,0.0005508495080818188
base,1000,DE2 0AC,offwind-dc,0.5862741152195003,0.5862576021228407,1.651309665962053e-05
base,1000,DE2 0AC,offwind-dc,0.5853114265418654,0.5852950638821707,1.636265969473527e-05
base,1000,DE2 0AC,offwind-dc,0.5763287038339819,0.5652887220316644,0.011039981802317578
base,1000,DE2 0AC,offwind-dc,0.5866221320185153,0.5865481781914158,7.395382709951548e-05
base,1000,DE2 0AC,offwind-dc,0.5870120716538563,0.5869957338026274,1.633785122889808e-05
base,1000,DE2 0AC,offwind-dc,0.5875556975805185,0.5875209640616327,3.4733518885832204e-05
base,1000,DE2 0AC,offwind-dc,0.5869680689959016,0.5868585896966984,0.00010947929920324118
base,1000,DE2 0AC,offwind-dc,0.58357853430634,0.5835539582861915,2.457602014849236e-05
base,1000,DE2 0AC,offwind-dc,0.5788996417518151,0.5756538781238727,0.0032457636279423774
base,1000,DE2 0AC,offwind-dc,0.5855598216777216,0.5852283391122796,0.0003314825654420206
base,1000,DE2 0AC,offwind-dc,0.5854766623211447,0.5853101258446234,0.0001665364765213173
base,1000,DE2 0AC,offwind-dc,0.5813212684545577,0.5760717300146059,0.005249538439951795
base,1000,DE2 0AC,offwind-dc,0.572151247423853,0.5614516258432167,0.01069962158063631
base,1000,DE2 0AC,offwind-dc,0.584738954411894,0.5820527609741376,0.0026861934377564456
base,1000,DE2 0AC,offwind-dc,0.5806653473465816,0.5789668100334386,0.001698537313142956
base,1000,DE2 0AC,offwind-dc,0.5669662427596672,0.5489763804748663,0.017989862284800928
base,1000,DK2 0AC,offwind-dc,0.5756401965831622,0.5332053041511642,0.04243489243199805
base,1000,DK2 0AC,offwind-dc,0.5803107696009893,0.5379810809014757,0.04232968869951359
base,1000,DK2 0AC,offwind-dc,0.5738627798519019,0.5331188599496189,0.04074391990228299
base,1000,DK2 0AC,offwind-dc,0.5872649026072064,0.553335025522105,0.03392987708510142
base,1000,DK2 0AC,offwind-dc,0.5817844661938664,0.5432736114497507,0.03851085474411564
base,1000,DK2 0AC,offwind-dc,0.5778284908737076,0.5360922930755858,0.041736197798121766
base,1000,DK2 0AC,offwind-dc,0.5815955742255748,0.5402216171150698,0.041373957110505066
base,1000,DK2 0AC,offwind-dc,0.5816727481581897,0.5387347173964051,0.042938030761784596
base,1000,DK2 0AC,offwind-dc,0.5814242291805608,0.536098984612163,0.045325244568397816
base,1000,DK2 0AC,offwind-dc,0.6012873159491616,0.5789648902669758,0.022322425682185787
base,1000,DK2 0AC,offwind-dc,0.5852173845248727,0.5490830370374531,0.036134347487419616
base,1000,DK2 0AC,offwind-dc,0.5869884912466848,0.5478247470051991,0.03916374424148572
base,1000,DK2 0AC,offwind-dc,0.5935097998652016,0.5665994861745033,0.026910313690698295
base,1000,DK2 0AC,offwind-dc,0.5905615324615899,0.5483847947026429,0.042176737758947036
base,1000,DK2 0AC,offwind-dc,0.5830516007421792,0.5364309814681132,0.04662061927406602
base,1000,DK2 0AC,offwind-dc,0.5909057624057908,0.5551395530132113,0.03576620939257957
base,1000,DK2 0AC,offwind-dc,0.595647566048141,0.5662850950412799,0.02936247100686107
base,1000,DK2 0AC,offwind-dc,0.58576529724358,0.5446237694382479,0.04114152780533209
base,1000,DK2 0AC,offwind-dc,0.595180513104471,0.5645841020800981,0.030596411024372827
base,1000,DK2 0AC,offwind-dc,0.5869981103133336,0.54486330179266,0.04213480852067364
base,1000,DK2 0AC,offwind-dc,0.6062763150909282,0.5900702292970955,0.016206085793832647
base,1000,DK2 0AC,offwind-dc,0.5895811752047035,0.5454961873226299,0.0440849878820736
base,1000,DK2 0AC,offwind-dc,0.5906222711259108,0.5542092787131597,0.03641299241275109
base,1000,DK2 0AC,offwind-dc,0.5955137148698725,0.5612216879648538,0.03429202690501865
base,1000,DK2 0AC,offwind-dc,0.6122690621029071,0.604642627800851,0.007626434302056118
base,1000,DK2 0AC,offwind-dc,0.6202751040985564,0.6200999255596564,0.00017517853889992274
base,1000,DK2 0AC,offwind-dc,0.5910984007730504,0.546610331212603,0.044488069560447374
base,1000,DK2 0AC,offwind-dc,0.5933884002780104,0.553083755748817,0.04030464452919347
base,1000,DK2 0AC,offwind-dc,0.6007146225723387,0.576098047902021,0.024616574670317637
base,1000,DK2 0AC,offwind-dc,0.600575235036342,0.5701912111817952,0.03038402385454686
base,1000,DK2 0AC,offwind-dc,0.6171370448012802,0.6169339923789087,0.000203052422371508
base,1000,DK2 0AC,offwind-dc,0.5898572924237212,0.5505706407529044,0.0392866516708168
base,1000,DK2 0AC,offwind-dc,0.5951962185207745,0.5550575379524225,0.040138680568352014
base,1000,DK2 0AC,offwind-dc,0.6058473809258579,0.5875283334969912,0.018319047428866697
base,1000,DK2 0AC,offwind-dc,0.6028773232233823,0.5727909106056639,0.030086412617718383
base,1000,DK2 0AC,offwind-dc,0.5953600093979984,0.5587045861031876,0.03665542329481075
base,1000,DK2 0AC,offwind-dc,0.6078710598046435,0.5927027294078423,0.01516833039680121
base,1000,DK2 0AC,offwind-dc,0.6028415461451477,0.5784077928002922,0.024433753344855536
base,1000,DK2 0AC,offwind-dc,0.5917345867841294,0.5457823578730787,0.04595222891105066
base,1000,DK2 0AC,offwind-dc,0.6227852227724789,0.6226134645048883,0.00017175826759063817
base,1000,DK2 0AC,offwind-dc,0.5928298664251938,0.5532090453833681,0.03962082104182563
base,1000,DK2 0AC,offwind-dc,0.6119675475618916,0.6039998583101812,0.00796768925171043
base,1000,DK2 0AC,offwind-dc,0.5967728559857701,0.5624066406014654,0.03436621538430473
base,1000,DK2 0AC,offwind-dc,0.6107651660767798,0.6012402101087201,0.00952495596805969
base,1000,DK2 0AC,offwind-dc,0.6205906221598954,0.6203197011979891,0.0002709209619062847
base,1000,DK2 0AC,offwind-dc,0.6053661078863558,0.5919635342740737,0.013402573612282143
base,1000,DK2 0AC,offwind-dc,0.5981204175704269,0.5833813983275457,0.014739019242881235
base,1000,DK2 0AC,offwind-dc,0.5928637285806883,0.591269228012566,0.0015945005681222701
base,1000,FR2 0AC,offwind-dc,0.5854885167107456,0.5854883057701571,2.1094058855197773e-07
base,1000,FR2 0AC,offwind-dc,0.5702011876076012,0.5624489356014701,0.007752252006131055
base,1000,GB1 0AC,offwind-dc,0.5474333318642538,0.5307852563790887,0.016648075485165115
base,1000,GB1 0AC,offwind-dc,0.5545097968563961,0.5432586649797526,0.011251131876643505
base,1000,GB1 0AC,offwind-dc,0.5592389510858836,0.5428461125976801,0.0163928384882035
base,1000,GB1 0AC,offwind-dc,0.5740140220441923,0.5604825323968545,0.013531489647337747
base,1000,GB1 0AC,offwind-dc,0.5670007575096485,0.4854207555504806,0.08158000195916792
base,1000,GB1 0AC,offwind-dc,0.5726599799925587,0.4968981191257878,0.07576186086677089
base,1000,GB1 0AC,offwind-dc,0.5652635398811777,0.47977482928661885,0.08548871059455887
base,1000,GB1 0AC,offwind-dc,0.5738464684439587,0.5003087650243829,0.07353770341957577
base,1000,GB1 0AC,offwind-dc,0.5773639618963998,0.5058557178056039,0.07150824409079592
base,1000,GB1 0AC,offwind-dc,0.5739379236960181,0.5006641093522284,0.07327381434378977
base,1000,GB1 0AC,offwind-dc,0.5759958728077369,0.5040503721559574,0.07194550065177951
base,1000,GB1 0AC,offwind-dc,0.5760627088024776,0.5024656906570247,0.07359701814545283
base,1000,GB1 0AC,offwind-dc,0.5697322727432215,0.4896209098932027,0.08011136285001874
base,1000,GB1 0AC,offwind-dc,0.574112716382631,0.4989446505525224,0.07516806583010854
base,1000,GB1 0AC,offwind-dc,0.5792830059202441,0.5461199836247584,0.03316302229548562
base,1000,GB1 0AC,offwind-dc,0.5748831725847158,0.5584603690007879,0.016422803583927892
base,1000,GB1 0AC,offwind-dc,0.5738510402414894,0.49569284276428976,0.0781581974771996
base,1000,GB1 0AC,offwind-dc,0.5780634836524235,0.49789922038781875,0.0801642632646048
base,1000,GB1 0AC,offwind-dc,0.5734713720675254,0.49370156666959225,0.07976980539793316
base,1000,GB1 0AC,offwind-dc,0.5798035083082146,0.5067048244354763,0.07309868387273832
base,1000,GB1 0AC,offwind-dc,0.5786804040472339,0.5049504674752684,0.07372993657196547
base,1000,GB1 0AC,offwind-dc,0.565911534996023,0.4800346547863675,0.0858768802096555
base,1000,GB1 0AC,offwind-dc,0.5740144121413127,0.49852030213602644,0.07549411000528622
base,1000,GB1 0AC,offwind-dc,0.566077790807258,0.4799198400982464,0.08615795070901155
base,1000,GB1 0AC,offwind-dc,0.5776423949561745,0.49672290127191276,0.08091949368426177
base,1000,GB1 0AC,offwind-dc,0.5780104992727769,0.4968218224461773,0.08118867682659964
base,1000,GB1 0AC,offwind-dc,0.5731121021061971,0.5008887619321752,0.07222334017402188
base,1000,GB1 0AC,offwind-dc,0.5796063268477307,0.5047243896768495,0.07488193717088121
base,1000,GB1 0AC,offwind-dc,0.581295588452765,0.5619088094406107,0.019386779012154243
base,1000,GB1 0AC,offwind-dc,0.5780984388876013,0.4999934949936688,0.07810494389393247
base,1000,GB1 0AC,offwind-dc,0.5748111214726469,0.4922265730441579,0.082584548428489
base,1000,GB1 0AC,offwind-dc,0.5733727539178165,0.4937337466974869,0.07963900722032963
base,1000,GB1 0AC,offwind-dc,0.5906304690463582,0.5630077104679723,0.02762275857838592
base,1000,GB1 0AC,offwind-dc,0.5789512065194264,0.505109025325529,0.0738421811938974
base,1000,GB1 0AC,offwind-dc,0.5727497202652134,0.49708710148781954,0.07566261877739389
base,1000,GB1 0AC,offwind-dc,0.5933085378570248,0.570047861191652,0.023260676665372793
base,1000,GB1 0AC,offwind-dc,0.5746262623663229,0.49336526859234126,0.0812609937739816
base,1000,GB1 0AC,offwind-dc,0.5767011059448719,0.499376707814789,0.0773243981300829
base,1000,GB1 0AC,offwind-dc,0.5784415994356567,0.49856733230515043,0.07987426713050622
base,1000,GB1 0AC,offwind-dc,0.5980125612500874,0.5540250373821825,0.04398752386790494
base,1000,GB1 0AC,offwind-dc,0.5775934984303821,0.49901344193494673,0.07858005649543537
base,1000,GB1 0AC,offwind-dc,0.5776505872230714,0.5012036439707013,0.07644694325237011
base,1000,GB1 0AC,offwind-dc,0.5708298981952941,0.49319716199847413,0.07763273619681993
base,1000,GB1 0AC,offwind-dc,0.572291034951117,0.4907855494238142,0.0815054855273028
base,1000,GB1 0AC,offwind-dc,0.5783278831315083,0.5014059016296087,0.07692198150189955
base,1000,GB1 0AC,offwind-dc,0.5950332897226323,0.5504439123449968,0.044589377377635464
base,1000,GB1 0AC,offwind-dc,0.5835044771327248,0.5526472812643993,0.03085719586832547
base,1000,GB1 0AC,offwind-dc,0.5754101713502977,0.49443663685736866,0.08097353449292904
base,1000,GB1 0AC,offwind-dc,0.5712933323475936,0.5549206494322988,0.01637268291529481
base,1000,GB1 0AC,offwind-dc,0.5758067130877401,0.49806883602276253,0.07773787706497759
base,1000,GB1 0AC,offwind-dc,0.5820578897192898,0.5014368187557225,0.0806210709635673
base,1000,GB1 0AC,offwind-dc,0.5877558769062282,0.5489914083402533,0.03876446856597493
base,1000,GB1 0AC,offwind-dc,0.5777646817981685,0.5027953297247131,0.07496935207345545
base,1000,GB1 0AC,offwind-dc,0.5721932326042464,0.4931503972039112,0.07904283540033519
base,1000,GB1 0AC,offwind-dc,0.5716727606224964,0.5436771005529651,0.027995660069531247
base,1000,GB1 0AC,offwind-dc,0.5985456193028806,0.56053462041744,0.03801099888544068
base,1000,GB1 0AC,offwind-dc,0.584554163586714,0.5587575596644903,0.025796603922223715
base,1000,GB1 0AC,offwind-dc,0.5819552312822507,0.5076500056082536,0.07430522567399711
base,1000,GB1 0AC,offwind-dc,0.5967865586011261,0.5675484754216414,0.02923808317948462
base,1000,GB1 0AC,offwind-dc,0.5883465216677706,0.5697614896705553,0.018585031997215284
base,1000,GB1 0AC,offwind-dc,0.5740587894075976,0.49919308983053484,0.07486569957706274
base,1000,GB1 0AC,offwind-dc,0.5698149978663936,0.49432810292053914,0.07548689494585442
base,1000,GB1 0AC,offwind-dc,0.5725064945958833,0.5595291181818445,0.012977376414038844
base,1000,GB1 0AC,offwind-dc,0.5804521277381026,0.504191761370464,0.07626036636763867
base,1000,GB1 0AC,offwind-dc,0.5934504465922681,0.5755899153161973,0.01786053127607079
base,1000,GB1 0AC,offwind-dc,0.5696644795292884,0.4943776178102277,0.07528686171906074
base,1000,GB1 0AC,offwind-dc,0.5864837617393374,0.5756023212605621,0.010881440478775262
base,1000,GB1 0AC,offwind-dc,0.5717578667232796,0.5587234372070076,0.013034429516271984
base,1000,GB4 0AC,offwind-dc,0.5929499785514185,0.4770208962370651,0.1159290823143534
base,1000,GB4 0AC,offwind-dc,0.5897654181946032,0.5492507465635108,0.04051467163109235
base,1000,GB4 0AC,offwind-dc,0.5779125104734218,0.4534734631279863,0.12443904734543554
base,1000,GB4 0AC,offwind-dc,0.5905438080982023,0.5651440363596945,0.025399771738507826
base,1000,NL2 0AC,offwind-dc,0.5719539783145304,0.5648585361100769,0.0070954422044535725
base,1000,NL2 0AC,offwind-dc,0.5973300856527901,0.5961597901468485,0.0011702955059416098
base,1000,NL2 0AC,offwind-dc,0.5715422822013763,0.5662512343717939,0.0052910478295823404
base,1000,NL2 0AC,offwind-dc,0.5795385441231734,0.5752985901845971,0.004239953938576346
base,1000,NL2 0AC,offwind-dc,0.5986154390502955,0.5979629254854454,0.0006525135648500768
base,1000,NL2 0AC,offwind-dc,0.5907904968754355,0.5902639143265819,0.0005265825488536269
base,1000,NL2 0AC,offwind-dc,0.5782677687915659,0.5619191495773369,0.016348619214229032
base,1000,NL2 0AC,offwind-dc,0.5703512267370966,0.564069658210782,0.006281568526314563
base,1000,NL2 0AC,offwind-dc,0.579054877840588,0.5734279195110742,0.005626958329513765
base,1000,NL2 0AC,offwind-dc,0.5975166212408495,0.596775969408351,0.0007406518324984956
base,1000,NL2 0AC,offwind-dc,0.5837126743465371,0.5835811588773772,0.00013151546915990409
base,1000,NL2 0AC,offwind-dc,0.5731384177068117,0.5646819155369656,0.00845650216984617
base,1000,NL2 0AC,offwind-dc,0.5725958026787554,0.5716550358917484,0.0009407667870070524
base,1000,NL2 0AC,offwind-dc,0.5945850675124086,0.5941531521806452,0.00043191533176334396
base,1000,NL2 0AC,offwind-dc,0.5959120087440694,0.5949594099944291,0.0009525987496402655
base,1000,NL2 0AC,offwind-dc,0.588456555377322,0.5882564689831312,0.00020008639419077934
base,1000,NL2 0AC,offwind-dc,0.5709670772627491,0.564684852685325,0.0062822245774241114
base,1000,NL2 0AC,offwind-dc,0.5701212737579769,0.5612831315843656,0.00883814217361134
base,1000,NL2 0AC,offwind-dc,0.5725522491090915,0.5723007975790868,0.0002514515300047204
base,1000,NL2 0AC,offwind-dc,0.5927648007422771,0.5924078042954032,0.00035699644687392507
base,1000,NL2 0AC,offwind-dc,0.5839944605253907,0.5781282165080776,0.005866244017313171
base,1000,NL2 0AC,offwind-dc,0.5822293319747079,0.5771366398905603,0.005092692084147643
base,1000,NL2 0AC,offwind-dc,0.571050795502887,0.5627785354967061,0.008272260006180865
base,1000,NL2 0AC,offwind-dc,0.5770221100144705,0.5700834643499937,0.0069386456644767724
base,1000,NL2 0AC,offwind-dc,0.5698416293128652,0.5622142957576901,0.0076273335551750865
base,1000,NL2 0AC,offwind-dc,0.5900029185925827,0.5894626860381192,0.000540232554463449
base,1000,NL2 0AC,offwind-dc,0.5710196154772461,0.5635110445586647,0.00750857091858137
base,1000,NL2 0AC,offwind-dc,0.5864466069844328,0.5862671583143659,0.00017944867006691734
base,1000,NL2 0AC,offwind-dc,0.5723243423736559,0.5610044785681638,0.011319863805492103
base,1000,NL2 0AC,offwind-dc,0.5844856722972231,0.5793604503597343,0.0051252219374888774
base,1000,NL2 0AC,offwind-dc,0.5811491969222767,0.5752291009414708,0.005920095980805895
base,1000,NL2 0AC,offwind-dc,0.5763910059174595,0.5660924802658353,0.010298525651624257
base,1000,NL2 0AC,offwind-dc,0.571432666327446,0.5644041160553105,0.007028550272135559
base,1000,NL2 0AC,offwind-dc,0.5741733071696782,0.5729807568106232,0.0011925503590549669
base,1000,NL2 0AC,offwind-dc,0.5821191700484099,0.5740669648287908,0.008052205219619024
base,1000,NL2 0AC,offwind-dc,0.573375466300749,0.562598884399545,0.010776581901204008
base,1000,NL2 0AC,offwind-dc,0.5816577089000903,0.5721505935350288,0.009507115365061436
base,1000,NL2 0AC,offwind-dc,0.578694657661563,0.5703404747440902,0.008354182917472808
base,1000,NL2 0AC,offwind-dc,0.573426363177616,0.5658632525032045,0.007563110674411511
base,1000,NL2 0AC,offwind-dc,0.5765958311479639,0.5671528655746249,0.009442965573339013
base,1000,NL2 0AC,offwind-dc,0.5817873556300598,0.5730557411448399,0.008731614485219863
base,1000,NL2 0AC,offwind-dc,0.5774535379101148,0.571932231831631,0.005521306078483779
base,1000,NL2 0AC,offwind-dc,0.5753435349252045,0.57079718988945,0.004546345035754462
base,1000,NL2 0AC,offwind-dc,0.5817757071774152,0.5743842819971782,0.0073914251802370545
base,1000,NL2 0AC,offwind-dc,0.5750586142842402,0.565944497769468,0.00911411651477223
base,1000,NL2 0AC,offwind-dc,0.5785535236079284,0.5694227156889288,0.009130807918999673
base,1000,NL2 0AC,offwind-dc,0.5805529282673039,0.5720348200618193,0.008518108205484598
base,1000,NL2 0AC,offwind-dc,0.5756538413669683,0.5692784222845697,0.006375419082398581
base,1000,NL2 0AC,offwind-dc,0.5808402588849622,0.5707078762916513,0.01013238259331084
base,1000,NL2 0AC,offwind-dc,0.5810513149992648,0.5722180838911054,0.008833231108159367
base,1000,NL2 0AC,offwind-dc,0.5804035606398754,0.5704138946630175,0.009989665976857909
base,1000,NL2 0AC,offwind-dc,0.5773747510469525,0.5690793651701563,0.008295385876796124
base,1000,NL2 0AC,offwind-dc,0.5781835674810272,0.5731914587149924,0.004992108766034731
base,1000,NL2 0AC,offwind-dc,0.580569807153617,0.5731169329653355,0.007452874188281444
base,1000,NL2 0AC,offwind-dc,0.5827511491477694,0.5751417541789519,0.007609394968817518
base,1000,NL2 0AC,offwind-dc,0.5861761724505348,0.5859762221483346,0.0001999503022002136
base,1000,NL2 0AC,offwind-dc,0.5846191330839339,0.5807095447099904,0.003909588373943507
base,1000,NL2 0AC,offwind-dc,0.5829961864832875,0.5734162798934955,0.00957990658979202
base,1000,NL2 0AC,offwind-dc,0.5836089797914491,0.576281429849818,0.007327549941631095
base,1000,NL2 0AC,offwind-dc,0.585315798086704,0.5800905124511044,0.005225285635599541
base,1000,NL2 0AC,offwind-dc,0.5856962223780722,0.5853855247167851,0.0003106976612871071
base,1000,NL2 0AC,offwind-dc,0.5851657124201929,0.5806416451941181,0.0045240672260747905
base,1000,NL2 0AC,offwind-dc,0.5783811817516965,0.568436106751066,0.009945075000630466
base,1000,NL2 0AC,offwind-dc,0.5865116269283882,0.5863172631092488,0.00019436381913939815
base,1000,NO0 0AC,offwind-dc,0.5716631439327818,0.5540973338214527,0.017565810111329183
base,1000,NO0 0AC,offwind-dc,0.5813542664052498,0.5692287246112429,0.012125541794006933
base,1000,NO0 0AC,offwind-dc,0.6011849304586054,0.599855215091311,0.0013297153672944262
base,1000,NO0 0AC,offwind-dc,0.6117439122413998,0.6117438764405038,3.580089602550629e-08
base,1000,NO0 0AC,offwind-dc,0.6039828778825473,0.6039826706534928,2.0722905458292473e-07
base,1000,NO0 0AC,offwind-dc,0.613585919591719,0.613585853029391,6.656232809376661e-08
base,1000,BE2 0AC,offwind-ac,0.5653459630680616,0.565345165867709,7.972003526202087e-07
base,1000,BE2 0AC,offwind-ac,0.559247683762009,0.5592476341029788,4.965903011022732e-08
base,1000,DE2 0AC,offwind-ac,0.5450143805191203,0.5447146772099286,0.0002997033091917123
base,1000,DE2 0AC,offwind-ac,0.5626286445065594,0.5624947051984488,0.00013393930811056443
base,1000,DE2 0AC,offwind-ac,0.5772177494796569,0.5768991978067788,0.00031855167287808683
base,1000,DE2 0AC,offwind-ac,0.5293306224572278,0.5270332552659639,0.0022973671912639437
base,1000,DE2 0AC,offwind-ac,0.551590071318507,0.5512792292784627,0.00031084204004427907
base,1000,DE2 0AC,offwind-ac,0.5039924244901337,0.47716412543265385,0.026828299057479854
base,1000,DE2 0AC,offwind-ac,0.4945681307406972,0.46524411551106554,0.029324015229631684
base,1000,DE2 0AC,offwind-ac,0.5233136459711315,0.5128646318547873,0.010449014116344246
base,1000,DK2 0AC,offwind-ac,0.5181941378753611,0.46905496633222993,0.04913917154313113
base,1000,DK2 0AC,offwind-ac,0.5844635728942805,0.584301204533054,0.000162368361226517
base,1000,DK2 0AC,offwind-ac,0.5897111734142193,0.5890080535873095,0.0007031198269098482
base,1000,DK2 0AC,offwind-ac,0.5873972116728979,0.5871107271539272,0.000286484518970731
base,1000,DK2 0AC,offwind-ac,0.5683778571750973,0.5547744028518251,0.013603454323272146
base,1000,DK2 0AC,offwind-ac,0.5707174401517628,0.566617892976941,0.00409954717482186
base,1000,DK2 0AC,offwind-ac,0.5754530440107627,0.5639416363802533,0.011511407630509396
base,1000,DK2 0AC,offwind-ac,0.47449702197738325,0.4000730458211348,0.07442397615624846
base,1000,DK2 0AC,offwind-ac,0.5594313959755487,0.5488169290734964,0.010614466902052255
base,1000,DK2 0AC,offwind-ac,0.5546961819562403,0.5472535254661165,0.007442656490123767
base,1000,DK2 0AC,offwind-ac,0.5650972998601378,0.5453471330132396,0.01975016684689823
base,1000,DK2 0AC,offwind-ac,0.5663216238925954,0.5659865989864814,0.00033502490611403424
base,1000,DK2 0AC,offwind-ac,0.532494116634992,0.4983029070064789,0.03419120962851313
base,1000,DK2 0AC,offwind-ac,0.48044007845511644,0.414772828091071,0.06566725036404542
base,1000,DK2 0AC,offwind-ac,0.5744248422207271,0.5735915067415087,0.0008333354792183778
base,1000,DK2 0AC,offwind-ac,0.5295561862928361,0.5123902860258019,0.01716590026703413
base,1000,DK2 0AC,offwind-ac,0.49995985371952456,0.45826713186429713,0.04169272185522743
base,1000,DK2 0AC,offwind-ac,0.5453673206311488,0.5412481197187544,0.004119200912394372
base,1000,GB1 0AC,offwind-ac,0.3183085604712318,0.2330297181789922,0.08527884229223959
base,1000,GB1 0AC,offwind-ac,0.2651370300871582,0.18345695999005512,0.0816800700971031
base,1000,GB1 0AC,offwind-ac,0.45953145566596904,0.44261065166435065,0.016920804001618384
base,1000,GB1 0AC,offwind-ac,0.38422759631020514,0.2939846224540514,0.09024297385615376
base,1000,GB1 0AC,offwind-ac,0.46574014024602756,0.45040550873477725,0.015334631511250307
base,1000,GB1 0AC,offwind-ac,0.42163974217170225,0.3467005749209889,0.07493916725071337
base,1000,GB1 0AC,offwind-ac,0.5296842642909909,0.5148203920788689,0.014863872212122042
base,1000,GB1 0AC,offwind-ac,0.4513791130796662,0.36624640925039637,0.08513270382926985
base,1000,GB1 0AC,offwind-ac,0.48370567629644784,0.45938803460584815,0.02431764169059969
base,1000,GB1 0AC,offwind-ac,0.41266091766708357,0.32591108757921156,0.08674983008787202
base,1000,GB1 0AC,offwind-ac,0.4414778311094967,0.3568420751835777,0.08463575592591899
base,1000,GB1 0AC,offwind-ac,0.3925056737640293,0.29897715580257245,0.09352851796145684
base,1000,GB1 0AC,offwind-ac,0.43833135425921393,0.35686532014832073,0.0814660341108932
base,1000,GB1 0AC,offwind-ac,0.47828331268977775,0.45692809259635747,0.02135522009342028
base,1000,GB1 0AC,offwind-ac,0.4779026620796693,0.4601667455670809,0.01773591651258838
base,1000,GB1 0AC,offwind-ac,0.5112517875126651,0.4899956086309682,0.021256178881696897
base,1000,GB1 0AC,offwind-ac,0.5089197349102687,0.4814191957140265,0.027500539196242124
base,1000,GB1 0AC,offwind-ac,0.46699772301148507,0.4073668922705348,0.05963083074095027
base,1000,GB1 0AC,offwind-ac,0.5262260183879744,0.49656968110729044,0.02965633728068401
base,1000,GB1 0AC,offwind-ac,0.44677972384207315,0.3526087982748974,0.09417092556717577
base,1000,GB1 0AC,offwind-ac,0.4563546106879124,0.3660189532422026,0.09033565744570976
base,1000,GB1 0AC,offwind-ac,0.497046376490576,0.41703399452224954,0.08001238196832644
base,1000,GB1 0AC,offwind-ac,0.5092233225062818,0.4967145004504184,0.0125088220558634
base,1000,GB1 0AC,offwind-ac,0.510464415023864,0.47361397301228203,0.03685044201158194
base,1000,GB1 0AC,offwind-ac,0.5015624711594903,0.428327022070809,0.07323544908868124
base,1000,GB1 0AC,offwind-ac,0.5090226188101246,0.4856435501721133,0.023379068638011258
base,1000,GB1 0AC,offwind-ac,0.530892841436011,0.49497883968066264,0.03591400175534837
base,1000,GB1 0AC,offwind-ac,0.535531206724546,0.5064681472509786,0.029063059473567465
base,1000,GB1 0AC,offwind-ac,0.5246807973342408,0.5063192393954958,0.018361557938744943
base,1000,GB1 0AC,offwind-ac,0.515987044977728,0.4969245739650007,0.019062471012727233
base,1000,GB1 0AC,offwind-ac,0.4714116183551392,0.3836843397483706,0.0877272786067686
base,1000,GB1 0AC,offwind-ac,0.4184444164709667,0.32307192510640165,0.09537249136456505
base,1000,GB1 0AC,offwind-ac,0.5433836633167439,0.508756030996001,0.03462763232074295
base,1000,GB1 0AC,offwind-ac,0.5475988915390423,0.5156493477525531,0.031949543786489176
base,1000,GB1 0AC,offwind-ac,0.52768051926041,0.5018861569872256,0.025794362273184435
base,1000,GB1 0AC,offwind-ac,0.5680088386240704,0.5347567180543233,0.03325212056974702
base,1000,GB1 0AC,offwind-ac,0.5489179563301596,0.5193179978531263,0.02959995847703334
base,1000,GB1 0AC,offwind-ac,0.5095252752129633,0.4709909164895538,0.03853435872340949
base,1000,GB1 0AC,offwind-ac,0.5523726493945595,0.5329353936616829,0.01943725573287669
base,1000,GB1 0AC,offwind-ac,0.5061272222584785,0.4442685278405546,0.06185869441792391
base,1000,GB1 0AC,offwind-ac,0.497558601077079,0.4237862231268565,0.07377237795022251
base,1000,GB1 0AC,offwind-ac,0.5434159664145832,0.5166642843157366,0.026751682098846596
base,1000,GB1 0AC,offwind-ac,0.5345781603720415,0.5054876691569213,0.029090491215120196
base,1000,GB1 0AC,offwind-ac,0.5271492996106286,0.48737116442334294,0.03977813518728568
base,1000,GB1 0AC,offwind-ac,0.5719953375446127,0.5329076733823267,0.03908766416228604
base,1000,GB1 0AC,offwind-ac,0.5665896282868089,0.538963428867604,0.027626199419204966
base,1000,GB1 0AC,offwind-ac,0.5755553902369747,0.5203732749258705,0.055182115311104174
base,1000,GB1 0AC,offwind-ac,0.5515577245445877,0.5126797510800979,0.038877973464489846
base,1000,GB1 0AC,offwind-ac,0.5733884627666463,0.5081450820878235,0.06524338067882285
base,1000,GB4 0AC,offwind-ac,0.5715988539724701,0.5039034323302576,0.06769542164221254
base,1000,GB4 0AC,offwind-ac,0.57159885397247,0.508660374071274,0.06293847990119605
base,1000,GB4 0AC,offwind-ac,0.5966117245780058,0.5585992576159555,0.038012466962050295
base,1000,GB4 0AC,offwind-ac,0.6001263368277429,0.5613178836922912,0.03880845313545167
base,1000,NL2 0AC,offwind-ac,0.5743263650680329,0.5737418477778274,0.0005845172902054774
base,1000,NL2 0AC,offwind-ac,0.5620045760940273,0.5614282201946165,0.000576355899410852
base,1000,NL2 0AC,offwind-ac,0.5753127965829767,0.5746926117448754,0.0006201848381013342
base,1000,NL2 0AC,offwind-ac,0.5722867891821576,0.5717250175362424,0.0005617716459151989
base,1000,NL2 0AC,offwind-ac,0.433143706120761,0.3680488663846908,0.06509483973607016
base,1000,NL2 0AC,offwind-ac,0.5706356621545705,0.5698298830153188,0.0008057791392517277
base,1000,NL2 0AC,offwind-ac,0.5378042455233626,0.5373428713785419,0.00046137414482072536
base,1000,NL2 0AC,offwind-ac,0.5609427426156874,0.5605269989494145,0.0004157436662729497
base,1000,NL2 0AC,offwind-ac,0.5718898461503177,0.5709442701296542,0.0009455760206634745
base,1000,NL2 0AC,offwind-ac,0.5326295154213772,0.5249718838916252,0.007657631529751963
base,1000,NL2 0AC,offwind-ac,0.5540860414001277,0.5537219006784673,0.0003641407216604664
base,1000,NL2 0AC,offwind-ac,0.5450484617243583,0.5429179375794716,0.0021305241448866807
base,1000,NL2 0AC,offwind-ac,0.5749982621058916,0.574167215985045,0.0008310461208465014
base,1000,NL2 0AC,offwind-ac,0.5699517871585391,0.5670694206742002,0.0028823664843389274
base,1000,NL2 0AC,offwind-ac,0.5673950254692656,0.5662680711464751,0.0011269543227904188
base,1000,NL2 0AC,offwind-ac,0.5767102485553279,0.5757588004262568,0.0009514481290711085
base,1000,NO0 0AC,offwind-ac,0.35887848746507955,0.2949694280748512,0.06390905939022834
base,1000,NO0 0AC,offwind-ac,0.40123977755533774,0.3526244680246462,0.04861530953069154
base,1000,NO0 0AC,offwind-ac,0.34075212929135124,0.27086218389307853,0.0698899453982727
base,1000,NO0 0AC,offwind-ac,0.42697259123024295,0.37769094863108815,0.049281642599154796
base,1000,NO0 0AC,offwind-ac,0.4267431947727296,0.3728785713998269,0.05386462337290271
base,1000,NO0 0AC,offwind-ac,0.4502142971111482,0.41135485223345036,0.038859444877697824
base,1000,NO0 0AC,offwind-ac,0.5069518105659889,0.4921839567703433,0.014767853795645602
base,1000,NO0 0AC,offwind-ac,0.39192158159603885,0.33912804096457855,0.0527935406314603
base,1000,NO0 0AC,offwind-ac,0.26832839908817047,0.20845897588284829,0.05986942320532218
base,1000,NO0 0AC,offwind-ac,0.4080598112418792,0.36020745988411546,0.04785235135776372
base,1000,NO0 0AC,offwind-ac,0.22494617450891513,0.1665811198500247,0.05836505465889044
base,1000,NO0 0AC,offwind-ac,0.42044372089175114,0.36190718852240356,0.05853653236934758
base,1000,NO0 0AC,offwind-ac,0.3755647606817273,0.31976105269311544,0.05580370798861184
base,1000,NO0 0AC,offwind-ac,0.3523711491370448,0.2973288270826636,0.0550423220543812
base,1000,NO0 0AC,offwind-ac,0.3827869103632182,0.3317451333803837,0.05104177698283452
base,1000,DE2 0AC,offwind-float,0.5860255534297444,0.4651966543903632,0.12082889903938121
base,1000,DE2 0AC,offwind-float,0.5710719380389764,0.45337423418494066,0.11769770385403572
base,1000,DK2 0AC,offwind-float,0.5706979592081286,0.44945809111018536,0.12123986809794324
base,1000,DK2 0AC,offwind-float,0.5738368420622187,0.4487393881089689,0.12509745395324984
base,1000,DK2 0AC,offwind-float,0.5782277824623302,0.4510321210680044,0.1271956613943258
base,1000,DK2 0AC,offwind-float,0.6183057469530757,0.4863399407048757,0.13196580624820003
base,1000,DK2 0AC,offwind-float,0.5874923094553756,0.4647263236135432,0.12276598584183235
base,1000,DK2 0AC,offwind-float,0.6143166568444499,0.48332472382446384,0.13099193301998607
base,1000,DK2 0AC,offwind-float,0.61158668406378,0.4844462115071309,0.12714047255664912
base,1000,DK2 0AC,offwind-float,0.604833937858667,0.47800838793421424,0.12682554992445277
base,1000,DK2 0AC,offwind-float,0.5907123994371477,0.4665798384128276,0.12413256102432013
base,1000,DK2 0AC,offwind-float,0.5757928984869218,0.45735949061349057,0.11843340787343126
base,1000,DK2 0AC,offwind-float,0.5685346741360363,0.45051138435171356,0.11802328978432275
base,1000,GB1 0AC,offwind-float,0.3930779920571248,0.2560707483877786,0.1370072436693462
base,1000,GB1 0AC,offwind-float,0.5846199210891776,0.45836126681587,0.12625865427330757
base,1000,GB1 0AC,offwind-float,0.5151570013726118,0.3818347596972684,0.1333222416753434
base,1000,GB1 0AC,offwind-float,0.5662565830848866,0.4244065532827797,0.14185002980210687
base,1000,GB1 0AC,offwind-float,0.5301812957052577,0.3937482399160788,0.13643305578917891
base,1000,GB1 0AC,offwind-float,0.5679481020205618,0.4324578713952115,0.13549023062535026
base,1000,GB1 0AC,offwind-float,0.5432686529113216,0.4081340527985792,0.13513460011274242
base,1000,GB1 0AC,offwind-float,0.5173650182227961,0.36101602827392076,0.15634898994887536
base,1000,GB1 0AC,offwind-float,0.5761061545583472,0.44484036143110617,0.13126579312724107
base,1000,GB1 0AC,offwind-float,0.5778795614351857,0.4489629207715503,0.1289166406636354
base,1000,GB1 0AC,offwind-float,0.5550885490876479,0.4187770553061485,0.13631149378149943
base,1000,GB1 0AC,offwind-float,0.5869574534461918,0.46242040268182294,0.12453705076436883
base,1000,GB1 0AC,offwind-float,0.5731784727039546,0.4421836557840061,0.13099481691994852
base,1000,GB1 0AC,offwind-float,0.5612938487355208,0.42215230341261606,0.13914154532290474
base,1000,GB1 0AC,offwind-float,0.5816289563818403,0.45443900309734087,0.12718995328449945
base,1000,GB1 0AC,offwind-float,0.5870827685300768,0.4589863398151219,0.1280964287149549
base,1000,GB1 0AC,offwind-float,0.5305947187939469,0.3814161555440278,0.14917856324991913
base,1000,GB1 0AC,offwind-float,0.5321610109895842,0.3965230560368114,0.1356379549527728
base,1000,GB1 0AC,offwind-float,0.5755674896523975,0.44410423420039863,0.13146325545199883
base,1000,GB1 0AC,offwind-float,0.5653214402342742,0.42861600217828,0.13670543805599422
base,1000,GB1 0AC,offwind-float,0.5625985400851475,0.42915657374020877,0.13344196634493877
base,1000,GB1 0AC,offwind-float,0.533547839863771,0.3771285218492551,0.15641931801451586
base,1000,GB1 0AC,offwind-float,0.574454972719175,0.432008088883253,0.14244688383592202
base,1000,GB1 0AC,offwind-float,0.5631723608171378,0.4275238542954139,0.13564850652172394
base,1000,GB1 0AC,offwind-float,0.5837843835350052,0.45617698776956217,0.127607395765443
base,1000,GB1 0AC,offwind-float,0.581895855858498,0.4514640243258329,0.13043183153266513
base,1000,GB1 0AC,offwind-float,0.5735965939061227,0.4353607538762022,0.1382358400299205
base,1000,GB1 0AC,offwind-float,0.5750635936383225,0.4428576812682125,0.13220591237010998
base,1000,GB1 0AC,offwind-float,0.5076117572890375,0.35661106334725134,0.15100069394178617
base,1000,GB1 0AC,offwind-float,0.5789467353392553,0.4409327896805339,0.13801394565872144
base,1000,GB1 0AC,offwind-float,0.568764722737774,0.4351022781112578,0.13366244462651622
base,1000,GB1 0AC,offwind-float,0.5781266519421087,0.4489589702433662,0.1291676816987425
base,1000,GB1 0AC,offwind-float,0.5584865053272575,0.4156935928483436,0.1427929124789139
base,1000,GB1 0AC,offwind-float,0.5371186882485012,0.3910491681701491,0.14606952007835206
base,1000,GB1 0AC,offwind-float,0.49448925747324696,0.32738693931508706,0.1671023181581599
base,1000,GB1 0AC,offwind-float,0.5490476229339232,0.4078520236651355,0.14119559926878766
base,1000,GB1 0AC,offwind-float,0.5753575920278515,0.4437188956406536,0.13163869638719794
base,1000,GB1 0AC,offwind-float,0.5788856307507396,0.4384076961654972,0.14047793458524244
base,1000,GB1 0AC,offwind-float,0.5735712930968351,0.43817567471511243,0.13539561838172265
base,1000,GB1 0AC,offwind-float,0.5795063233301974,0.4426798126253211,0.13682651070487628
base,1000,GB1 0AC,offwind-float,0.5792533971594912,0.45102017447457277,0.12823322268491844
base,1000,GB1 0AC,offwind-float,0.580346861016208,0.4524170805150367,0.12792978050117132
base,1000,GB1 0AC,offwind-float,0.5449854779835801,0.403825444368362,0.14116003361521812
base,1000,GB1 0AC,offwind-float,0.5047811107620636,0.35052737412196455,0.154253736640099
base,1000,GB1 0AC,offwind-float,0.569805927298937,0.4281782119450197,0.14162771535391727
base,1000,GB1 0AC,offwind-float,0.5832167980282613,0.4440693005216592,0.1391474975066021
base,1000,GB1 0AC,offwind-float,0.5752431429060768,0.441281693694415,0.1339614492116618
base,1000,GB1 0AC,offwind-float,0.5757330791832699,0.4404366640364872,0.1352964151467827
base,1000,GB1 0AC,offwind-float,0.5748960501475199,0.4431206221567232,0.13177542799079667
base,1000,GB1 0AC,offwind-float,0.5665602689594748,0.4244092216302062,0.14215104732926853
base,1000,GB1 0AC,offwind-float,0.5335248301031658,0.3802420683720908,0.15328276173107497
base,1000,GB1 0AC,offwind-float,0.580052877168391,0.4396455505981359,0.14040732657025512
base,1000,GB1 0AC,offwind-float,0.5805185670192435,0.444587748100233,0.13593081891901054
base,1000,GB1 0AC,offwind-float,0.5534490313266971,0.4117135800431323,0.1417354512835648
base,1000,GB1 0AC,offwind-float,0.5745088817192,0.43256268253062136,0.14194619918857865
base,1000,GB1 0AC,offwind-float,0.5831920582444429,0.44450268837488094,0.13868936986956193
base,1000,GB1 0AC,offwind-float,0.573527121315362,0.4391740935842248,0.13435302773113716
base,1000,GB1 0AC,offwind-float,0.5709996054194403,0.4420768946700612,0.12892271074937905
base,1000,GB1 0AC,offwind-float,0.5729758468045415,0.44102250072670013,0.13195334607784137
base,1000,GB1 0AC,offwind-float,0.5387317162552896,0.3752654735021682,0.16346624275312138
base,1000,GB1 0AC,offwind-float,0.5694901354691639,0.4269882454324282,0.14250189003673575
base,1000,GB1 0AC,offwind-float,0.5767982585885711,0.44092677387851226,0.1358714847100589
base,1000,GB1 0AC,offwind-float,0.5758282870507042,0.4462156260510247,0.1296126609996795
base,1000,GB1 0AC,offwind-float,0.5805427431074719,0.4402755185290615,0.1402672245784104
base,1000,GB1 0AC,offwind-float,0.547463026442852,0.40254975927611264,0.1449132671667394
base,1000,GB1 0AC,offwind-float,0.5507998435959165,0.4003658152063811,0.1504340283895354
base,1000,GB1 0AC,offwind-float,0.5629781297526893,0.4202961341144808,0.14268199563820855
base,1000,GB1 0AC,offwind-float,0.5754227911052927,0.44663923531242905,0.12878355579286366
base,1000,GB1 0AC,offwind-float,0.5774769021938311,0.4354777566135481,0.14199914558028298
base,1000,GB1 0AC,offwind-float,0.5788632866690462,0.4409603328217477,0.1379029538472985
base,1000,GB1 0AC,offwind-float,0.5729163743099085,0.42941243125518264,0.14350394305472586
base,1000,GB1 0AC,offwind-float,0.5720855974221849,0.44011360092298224,0.13197199649920266
base,1000,GB1 0AC,offwind-float,0.5733101214688869,0.4382062069198399,0.13510391454904702
base,1000,GB1 0AC,offwind-float,0.5741497006940004,0.4322424835821121,0.1419072171118883
base,1000,GB1 0AC,offwind-float,0.5752142251946947,0.4391602414331138,0.1360539837615809
base,1000,GB1 0AC,offwind-float,0.5660092056334409,0.4210988081798311,0.14491039745360984
base,1000,GB1 0AC,offwind-float,0.5784642268650668,0.43738850750176594,0.14107571936330088
base,1000,GB1 0AC,offwind-float,0.5734439408019852,0.4447869839262383,0.12865695687574696
base,1000,GB1 0AC,offwind-float,0.5579689397059558,0.4110086200405105,0.14696031966544537
base,1000,GB1 0AC,offwind-float,0.5730641175652283,0.42961394131992287,0.14345017624530548
base,1000,GB1 0AC,offwind-float,0.5767724665383946,0.43771909244096396,0.13905337409743068
base,1000,GB1 0AC,offwind-float,0.5711654746223402,0.4361648776797056,0.13500059694263467
base,1000,GB1 0AC,offwind-float,0.5712381567207793,0.4262642241488098,0.14497393257196944
base,1000,GB1 0AC,offwind-float,0.5588015737388407,0.3979437569531943,0.16085781678564637
base,1000,GB1 0AC,offwind-float,0.5612453079787928,0.43084668205279586,0.13039862592599694
base,1000,GB1 0AC,offwind-float,0.5736504313640571,0.43202820496475086,0.14162222639930627
base,1000,GB1 0AC,offwind-float,0.5692133204121239,0.42294395592393935,0.14626936448818456
base,1000,GB1 0AC,offwind-float,0.5723020663218158,0.43601401290667485,0.13628805341514094
base,1000,GB1 0AC,offwind-float,0.5684351696843769,0.4369244405452194,0.1315107291391575
base,1000,GB1 0AC,offwind-float,0.5751885628954859,0.4345735091920056,0.14061505370348032
base,1000,GB1 0AC,offwind-float,0.567071232678022,0.4196343972809164,0.14743683539710556
base,1000,GB1 0AC,offwind-float,0.5740759090233416,0.42963212824827257,0.14444378077506903
base,1000,GB1 0AC,offwind-float,0.5674064653632482,0.4323206711511373,0.13508579421211092
base,1000,GB1 0AC,offwind-float,0.5714745686440111,0.42589214286183397,0.14558242578217717
base,1000,GB1 0AC,offwind-float,0.5692873955880615,0.4145103834112695,0.15477701217679202
base,1000,GB1 0AC,offwind-float,0.5725673408587565,0.4258985671039475,0.14666877375480897
base,1000,GB1 0AC,offwind-float,0.573335890929134,0.431842082767907,0.14149380816122697
base,1000,GB1 0AC,offwind-float,0.5722350671742958,0.43395829649904133,0.1382767706752545
base,1000,GB1 0AC,offwind-float,0.5660235086251171,0.43420195703582454,0.13182155158929254
base,1000,GB1 0AC,offwind-float,0.567092294163807,0.43778477175898467,0.12930752240482235
base,1000,GB1 0AC,offwind-float,0.5733375901691883,0.42738918872255366,0.14594840144663462
base,1000,GB1 0AC,offwind-float,0.5727378233856051,0.4242563092617866,0.1484815141238185
base,1000,GB1 0AC,offwind-float,0.568774141597818,0.4319343515187439,0.13683979007907415
base,1000,GB1 0AC,offwind-float,0.5705419047062943,0.43098022918559886,0.13956167552069543
base,1000,GB1 0AC,offwind-float,0.5637963824390683,0.42910190663828934,0.13469447580077892
base,1000,GB1 0AC,offwind-float,0.5731361965627911,0.4291427078335708,0.14399348872922035
base,1000,GB1 0AC,offwind-float,0.5728566842319629,0.4258752158024855,0.1469814684294774
base,1000,GB1 0AC,offwind-float,0.565974926480174,0.4294252361623106,0.1365496903178634
base,1000,GB1 0AC,offwind-float,0.5742584535524989,0.42986960667371993,0.144388846878779
base,1000,GB1 0AC,offwind-float,0.5629789513032211,0.43021136459347337,0.1327675867097477
base,1000,GB1 0AC,offwind-float,0.5634610708072745,0.43327938005591976,0.13018169075135472
base,1000,GB1 0AC,offwind-float,0.5668754285589542,0.4278861240046845,0.13898930455426972
base,1000,GB1 0AC,offwind-float,0.5713429338360904,0.429741072823628,0.14160186101246236
base,1000,GB1 0AC,offwind-float,0.5612581288000328,0.42623242077716317,0.13502570802286962
base,1000,GB1 0AC,offwind-float,0.5626545035705772,0.4259016673179619,0.1367528362526153
base,1000,GB1 0AC,offwind-float,0.5742081867701099,0.4278537011239808,0.14635448564612907
base,1000,GB1 0AC,offwind-float,0.5599394761464673,0.4272037917592046,0.13273568438726274
base,1000,GB1 0AC,offwind-float,0.5600748949197579,0.4249322155125657,0.1351426794071922
base,1000,GB1 0AC,offwind-float,0.5722941082898771,0.4281946959365595,0.14409941235331764
base,1000,GB1 0AC,offwind-float,0.5699566009749509,0.4270333481095022,0.1429232528654487
base,1000,GB1 0AC,offwind-float,0.558806722466116,0.4278109757831683,0.13099574668294767
base,1000,GB1 0AC,offwind-float,0.5630407533264205,0.42576557626371286,0.1372751770627076
base,1000,GB1 0AC,offwind-float,0.5684683782600144,0.427591194763004,0.1408771834970104
base,1000,GB1 0AC,offwind-float,0.5723215995903828,0.42713350725186316,0.1451880923385196
base,1000,GB1 0AC,offwind-float,0.5597501788179504,0.4254594407308849,0.13429073808706554
base,1000,GB1 0AC,offwind-float,0.5697159778302135,0.42728669156724186,0.1424292862629717
base,1000,GB1 0AC,offwind-float,0.5585476752215889,0.425279179503011,0.1332684957185779
base,1000,GB1 0AC,offwind-float,0.564463577782432,0.4257246043459339,0.13873897343649805
base,1000,GB1 0AC,offwind-float,0.5721442408465809,0.42689340793289193,0.14525083291368895
base,1000,GB1 0AC,offwind-float,0.5562223866872221,0.4249219554255639,0.13130043126165825
base,1000,GB1 0AC,offwind-float,0.5671802272710629,0.42645567054679606,0.1407245567242668
base,1000,GB1 0AC,offwind-float,0.569941160952815,0.4261134864287899,0.14382767452402512
base,1000,GB1 0AC,offwind-float,0.563187683983602,0.4247302031431415,0.13845748084046045
base,1000,GB1 0AC,offwind-float,0.5607337825965346,0.4247617354370856,0.135972047159449
base,1000,GB1 0AC,offwind-float,0.5709362218268468,0.42674846572320585,0.14418775610364093
base,1000,GB1 0AC,offwind-float,0.5680573809128758,0.42508604573013853,0.1429713351827373
base,1000,GB1 0AC,offwind-float,0.5578969009195252,0.4237777290465528,0.13411917187297234
base,1000,GB1 0AC,offwind-float,0.5656500671432504,0.4256835688368494,0.139966498306401
base,1000,GB1 0AC,offwind-float,0.5655564375792903,0.4256988472946045,0.1398575902846858
base,1000,GB1 0AC,offwind-float,0.5684133477704812,0.4270779498393188,0.14133539793116245
base,1000,GB1 0AC,offwind-float,0.5675442239833318,0.4258586336153375,0.14168559036799433
base,1000,GB1 0AC,offwind-float,0.5677257593221783,0.424502168034728,0.14322359128745027
base,1000,GB1 0AC,offwind-float,0.5629990816135968,0.4253645289487176,0.13763455266487917
base,1000,GB1 0AC,offwind-float,0.5695914964423678,0.42668722411225124,0.1429042723301166
base,1000,GB1 0AC,offwind-float,0.5702973309792021,0.4284746874126526,0.1418226435665495
base,1000,GB1 0AC,offwind-float,0.5672763520510029,0.42647724542581644,0.14079910662518647
base,1000,GB4 0AC,offwind-float,0.5453969448010088,0.37523404999905247,0.1701628948019563
base,1000,GB4 0AC,offwind-float,0.5929499785514185,0.4096709375349831,0.18327904101643538
base,1000,GB4 0AC,offwind-float,0.5693463315276275,0.4000613097911983,0.16928502173642918
base,1000,GB4 0AC,offwind-float,0.5907623789437785,0.4390315427106366,0.15173083623314187
base,1000,GB4 0AC,offwind-float,0.5951635962313689,0.4474148382102507,0.14774875802111825
base,1000,GB4 0AC,offwind-float,0.5920532014778698,0.440456458692662,0.1515967427852078
base,1000,GB4 0AC,offwind-float,0.5944062230457902,0.444832298593687,0.14957392445210316
base,1000,GB4 0AC,offwind-float,0.5922286734744043,0.4434290390265218,0.14879963444788252
base,1000,GB4 0AC,offwind-float,0.593123442894775,0.4421173478972708,0.15100609499750423
base,1000,GB4 0AC,offwind-float,0.5901712533958334,0.4365293722190752,0.15364188117675825
base,1000,GB4 0AC,offwind-float,0.5981267088694856,0.4224848707030954,0.17564183816639017
base,1000,GB4 0AC,offwind-float,0.5923060546982821,0.4409953071314931,0.15131074756678903
base,1000,GB4 0AC,offwind-float,0.5879006996788624,0.4331021415658185,0.15479855811304388
base,1000,GB4 0AC,offwind-float,0.5950562506783953,0.4391411680560076,0.15591508262238768
base,1000,GB4 0AC,offwind-float,0.5915184416936642,0.44270320065737667,0.14881524103628752
base,1000,GB4 0AC,offwind-float,0.5924034440188981,0.44103254444600715,0.15137089957289096
base,1000,GB4 0AC,offwind-float,0.5868991421915263,0.4321735121260853,0.154725630065441
base,1000,GB4 0AC,offwind-float,0.595403480066208,0.44199741839775136,0.15340606166845666
base,1000,GB4 0AC,offwind-float,0.5912011272570914,0.43857980075034153,0.15262132650674987
base,1000,GB4 0AC,offwind-float,0.5908984276630452,0.44124755932293896,0.14965086834010627
base,1000,GB4 0AC,offwind-float,0.5877629183727358,0.4372504575079507,0.15051246086478504
base,1000,GB4 0AC,offwind-float,0.5880959059633777,0.44277832607163653,0.14531757989174116
base,1000,GB4 0AC,offwind-float,0.5894859126976574,0.4445870303061541,0.14489888239150328
base,1000,GB4 0AC,offwind-float,0.5827628091667161,0.42706256534227277,0.1557002438244433
base,1000,GB4 0AC,offwind-float,0.586155440056876,0.4374570824764406,0.14869835758043543
base,1000,GB4 0AC,offwind-float,0.5900365995162811,0.4367310905676471,0.15330550894863398
base,1000,GB4 0AC,offwind-float,0.5844613042630209,0.43348514779512476,0.15097615646789614
base,1000,GB4 0AC,offwind-float,0.5852090986036175,0.42949438914852406,0.15571470945509341
base,1000,GB4 0AC,offwind-float,0.580921127658847,0.43885333334904186,0.1420677943098051
base,1000,GB4 0AC,offwind-float,0.5818443308735872,0.4328534528259197,0.14899087804766753
base,1000,GB4 0AC,offwind-float,0.5869718695173805,0.4330441486874587,0.15392772082992173
base,1000,GB4 0AC,offwind-float,0.5842434260800645,0.4319274994345443,0.15231592664552024
base,1000,GB4 0AC,offwind-float,0.5829610380122007,0.4298451848573759,0.1531158531548248
base,1000,GB4 0AC,offwind-float,0.5769032557314462,0.42316120165290805,0.15374205407853814
base,1000,GB4 0AC,offwind-float,0.5787366734672851,0.432423379802961,0.14631329366432405
base,1000,GB4 0AC,offwind-float,0.5732255068749991,0.42860441028240326,0.1446210965925958
base,1000,GB4 0AC,offwind-float,0.5807862753912383,0.4301836384718907,0.1506026369193476
base,1000,GB4 0AC,offwind-float,0.5809981198021581,0.4256874890288702,0.15531063077328788
base,1000,GB4 0AC,offwind-float,0.5754598707464027,0.42746110691639744,0.14799876383000526
base,1000,GB4 0AC,offwind-float,0.583653097670563,0.42982684918267183,0.15382624848789112
base,1000,GB4 0AC,offwind-float,0.5791189604015972,0.4274325638047416,0.15168639659685557
base,1000,GB4 0AC,offwind-float,0.5746513025907718,0.42187961142928476,0.15277169116148703
base,1000,GB4 0AC,offwind-float,0.5750744736610953,0.42508458878941774,0.14998988487167758
base,1000,GB4 0AC,offwind-float,0.5665760049712212,0.4233039334416914,0.14327207152952975
base,1000,GB4 0AC,offwind-float,0.5704235901357597,0.42452608880030535,0.14589750133545437
base,1000,GB4 0AC,offwind-float,0.5782452801869868,0.42668843886092966,0.15155684132605718
base,1000,GB4 0AC,offwind-float,0.578005454445465,0.4256839967691109,0.15232145767635413
base,1000,GB4 0AC,offwind-float,0.573810678958699,0.42129707491345575,0.15251360404524322
base,1000,GB4 0AC,offwind-float,0.5706422384809446,0.42097816842046626,0.14966407006047838
base,1000,GB4 0AC,offwind-float,0.5749212133431846,0.4231257123420956,0.15179550100108896
base,1000,GB4 0AC,offwind-float,0.5675365306744002,0.4163350234014521,0.15120150727294812
base,1000,GB4 0AC,offwind-float,0.5647284765998581,0.4193104128790436,0.14541806372081456
base,1000,GB4 0AC,offwind-float,0.5597346923431676,0.4154428866735364,0.14429180566963123
base,1000,GB4 0AC,offwind-float,0.5668963347016984,0.4173648413814885,0.14953149332020993
base,1000,GB4 0AC,offwind-float,0.5703636058636059,0.4196365597515896,0.15072704611201632
base,1000,GB4 0AC,offwind-float,0.571212010425053,0.41824874099943005,0.15296326942562294
base,1000,GB4 0AC,offwind-float,0.5644724288471684,0.41784566448867466,0.14662676435849376
base,1000,GB4 0AC,offwind-float,0.5699916994836257,0.41826766403219373,0.15172403545143198
base,1000,GB4 0AC,offwind-float,0.5663346882906175,0.41612088418606646,0.15021380410455104
base,1000,GB4 0AC,offwind-float,0.5552401387871359,0.4105581667190141,0.14468197206812178
base,1000,GB4 0AC,offwind-float,0.5648817729153935,0.41372095122545993,0.1511608216899336
base,1000,GB4 0AC,offwind-float,0.5595755769767841,0.41274314668341383,0.14683243029337023
base,1000,GB4 0AC,offwind-float,0.5675816120206958,0.4163938918506039,0.1511877201700919
base,1000,GB4 0AC,offwind-float,0.564810567243068,0.4142693676232817,0.1505411996197863
base,1000,GB4 0AC,offwind-float,0.5638951160235612,0.41491228840821476,0.14898282761534648
base,1000,GB4 0AC,offwind-float,0.5518029656290191,0.4075240612682353,0.14427890436078378
base,1000,GB4 0AC,offwind-float,0.5631108596347185,0.4138946158412641,0.14921624379345444
base,1000,GB4 0AC,offwind-float,0.5567233047140318,0.41030828270606945,0.1464150220079623
base,1000,GB4 0AC,offwind-float,0.5611769447060896,0.412796467821704,0.1483804768843856
base,1000,GB4 0AC,offwind-float,0.5545850880355762,0.41062150532060215,0.143963582714974
base,1000,NL2 0AC,offwind-float,0.5729804285636819,0.4469791897704833,0.12600123879319863
base,1000,NL2 0AC,offwind-float,0.45268663068903936,0.32450203824708673,0.12818459244195263
base,1000,NL2 0AC,offwind-float,0.5708759334654111,0.4422359533332948,0.1286399801321163
base,1000,NL2 0AC,offwind-float,0.5810172641964226,0.4623790558575644,0.11863820833885824
base,1000,NL2 0AC,offwind-float,0.5699517871585391,0.44545168755051306,0.12450009960802605
base,1000,NL2 0AC,offwind-float,0.5463066146713892,0.41119557471676543,0.13511103995462376
base,1000,NO0 0AC,offwind-float,0.5590117295319728,0.45383753143828726,0.1051741980936855
base,1000,NO0 0AC,offwind-float,0.5620141521590236,0.45716729536134076,0.10484685679768285
base,1000,NO0 0AC,offwind-float,0.5610036967988551,0.4575902512942911,0.103413445504564
base,1000,NO0 0AC,offwind-float,0.5612716976868228,0.45924815684021353,0.1020235408466093
base,1000,NO0 0AC,offwind-float,0.559019611981013,0.45737643851144977,0.10164317346956325
base,1000,NO0 0AC,offwind-float,0.5577439754352024,0.4563054560203765,0.1014385194148259
base,1000,NO0 0AC,offwind-float,0.5600355434633413,0.4547134299668663,0.10532211349647497
base,1000,NO0 0AC,offwind-float,0.5501266024273199,0.4461870301152416,0.10393957231207834
base,1000,NO0 0AC,offwind-float,0.5582855439666988,0.45475356716046417,0.10353197680623466
base,1000,NO0 0AC,offwind-float,0.5564633250850107,0.4521299895907537,0.10433333549425705
base,1000,NO0 0AC,offwind-float,0.5543044495959362,0.4512452610234016,0.10305918857253454
base,1000,NO0 0AC,offwind-float,0.5619217869328046,0.4569162534407914,0.10500553349201319
base,1000,NO0 0AC,offwind-float,0.5574596411622713,0.4557454554963866,0.1017141856658847
base,1000,NO0 0AC,offwind-float,0.5557778519899802,0.4534568649304098,0.10232098705957038
base,1000,NO0 0AC,offwind-float,0.5564518108119595,0.4548131474800773,0.1016386633318822
base,1000,NO0 0AC,offwind-float,0.5562803154590508,0.4538036358488881,0.10247667961016266
base,1000,NO0 0AC,offwind-float,0.5574609523648633,0.4523834975349776,0.10507745482988567
base,1000,NO0 0AC,offwind-float,0.5577508972388733,0.4561328007982769,0.10161809644059638
base,1000,NO0 0AC,offwind-float,0.5571642264448875,0.4545345943816418,0.10262963206324571
base,1000,NO0 0AC,offwind-float,0.5554921358010146,0.4503878763259357,0.10510425947507895
base,1000,NO0 0AC,offwind-float,0.5555079129362511,0.4515089700896674,0.10399894284658373
base,1000,NO0 0AC,offwind-float,0.5479294028094199,0.44560187002658636,0.10232753278283357
base,1000,NO0 0AC,offwind-float,0.5442813069726143,0.443418460063431,0.10086284690918335
base,1000,NO0 0AC,offwind-float,0.5535898731864236,0.45090039621449063,0.10268947697193298
base,1000,NO0 0AC,offwind-float,0.5556289315759263,0.45383941702707226,0.10178951454885404
base,1000,NO0 0AC,offwind-float,0.547291471194413,0.4455998882132363,0.1016915829811767
base,1000,NO0 0AC,offwind-float,0.561441661748125,0.4571937683347043,0.10424789341342072
base,1000,NO0 0AC,offwind-float,0.559985398330407,0.45645975635832886,0.10352564197207809
base,1000,NO0 0AC,offwind-float,0.5476755123384595,0.44542728506114015,0.1022482272773193
base,1000,NO0 0AC,offwind-float,0.5511811131533724,0.4476234518417787,0.10355766131159366
base,1000,NO0 0AC,offwind-float,0.5588366851381598,0.4524356431491474,0.10640104198901235
base,1000,NO0 0AC,offwind-float,0.5543481860255796,0.4481043091823331,0.10624387684324643
base,1000,NO0 0AC,offwind-float,0.56338248652108,0.46181999104238175,0.10156249547869828
base,1000,NO0 0AC,offwind-float,0.5545131317450752,0.4496261037248722,0.104887028020203
base,1000,NO0 0AC,offwind-float,0.5557835239768094,0.45086465803786735,0.10491886593894206
base,1000,NO0 0AC,offwind-float,0.55320868551186,0.44872635882068596,0.10448232669117402
base,1000,NO0 0AC,offwind-float,0.5682239046852745,0.4657485752465355,0.102475329438739
base,1000,NO0 0AC,offwind-float,0.5638670844066395,0.4625434094646855,0.10132367494195399
base,1000,NO0 0AC,offwind-float,0.5564315069861112,0.45387192014649885,0.10255958683961236
base,1000,NO0 0AC,offwind-float,0.559893253335347,0.45808096436373413,0.10181228897161287
base,1000,NO0 0AC,offwind-float,0.5479873130815828,0.4461065016844581,0.10188081139712468
base,1000,NO0 0AC,offwind-float,0.5344085819382668,0.431799692339761,0.10260888959850578
base,1000,NO0 0AC,offwind-float,0.5434261341143727,0.4401412386293495,0.10328489548502318
base,1000,NO0 0AC,offwind-float,0.5554533121082339,0.4505039177646509,0.10494939434358302
base,1000,NO0 0AC,offwind-float,0.56613241928123,0.4652715033311563,0.10086091595007374
base,1000,NO0 0AC,offwind-float,0.5660470327815589,0.4653146093711028,0.10073242341045607
base,1000,NO0 0AC,offwind-float,0.561672499729959,0.457799993254935,0.10387250647502405
base,1000,NO0 0AC,offwind-float,0.564790025621523,0.46194186027155704,0.10284816534996599
base,1000,NO0 0AC,offwind-float,0.5532377225588724,0.4512076396877415,0.10203008287113086
base,1000,NO0 0AC,offwind-float,0.5418135649717264,0.43883329453396586,0.10298027043776053
base,1000,NO0 0AC,offwind-float,0.5386525709517928,0.4342584369029392,0.10439413404885356
base,1000,NO0 0AC,offwind-float,0.5636514174645856,0.4598127882378624,0.10383862922672316
base,1000,NO0 0AC,offwind-float,0.5602618074264766,0.45704745277271824,0.10321435465375833
base,1000,NO0 0AC,offwind-float,0.5669271966817415,0.46615216732328524,0.10077502935845628
base,1000,NO0 0AC,offwind-float,0.5670035013105529,0.46579344582322596,0.10121005548732692
base,1000,NO0 0AC,offwind-float,0.5573747504422519,0.4548673827123172,0.10250736772993474
base,1000,NO0 0AC,offwind-float,0.5535955200905074,0.44815686418952466,0.10543865590098273
base,1000,NO0 0AC,offwind-float,0.5449605623438186,0.440569203653799,0.10439135869001964
base,1000,NO0 0AC,offwind-float,0.5302238558827277,0.42628038744933616,0.10394346843339153
base,1000,NO0 0AC,offwind-float,0.5583243771898269,0.4527647955474172,0.10555958164240964
base,1000,NO0 0AC,offwind-float,0.5445401899151106,0.44150395082520416,0.10303623908990639
base,1000,NO0 0AC,offwind-float,0.5366852770024833,0.43229485304102955,0.1043904239614537
base,1000,NO0 0AC,offwind-float,0.5673865647722344,0.4639255462327619,0.10346101853947248
base,1000,NO0 0AC,offwind-float,0.5697299604960812,0.4679740058747066,0.10175595462137454
base,1000,NO0 0AC,offwind-float,0.565868415079114,0.46220783884992417,0.10366057622918984
base,1000,NO0 0AC,offwind-float,0.5718218177159821,0.4708590671094312,0.10096275060655086
base,1000,NO0 0AC,offwind-float,0.563412697197264,0.4585831013510596,0.10482959584620433
base,1000,NO0 0AC,offwind-float,0.5720059863469446,0.4680525347942898,0.10395345155265473
base,1000,NO0 0AC,offwind-float,0.5539938064334198,0.45089117900843684,0.10310262742498294
base,1000,NO0 0AC,offwind-float,0.5043547410421525,0.38795213689595903,0.11640260414619347
base,1000,NO0 0AC,offwind-float,0.5236092412591046,0.42015331614915097,0.1034559251099536
base,1000,NO0 0AC,offwind-float,0.5717547598982381,0.4700088325775845,0.10174592732065357
base,1000,NO0 0AC,offwind-float,0.5691959625729225,0.4657205215082475,0.10347544106467499
base,1000,NO0 0AC,offwind-float,0.5746273900683955,0.47321516370819605,0.10141222636019942
base,1000,NO0 0AC,offwind-float,0.5688692292481582,0.4668595061093409,0.10200972313881729
base,1000,NO0 0AC,offwind-float,0.5610717216942298,0.4553312476690722,0.10574047402515763
base,1000,NO0 0AC,offwind-float,0.5394694673588142,0.43674909840760295,0.10272036895121123
base,1000,NO0 0AC,offwind-float,0.5296090891141273,0.4284554795035425,0.10115360961058478
base,1000,NO0 0AC,offwind-float,0.5528198914653676,0.4490563308410555,0.10376356062431208
base,1000,NO0 0AC,offwind-float,0.5728446888629252,0.4723677373287296,0.10047695153419556
base,1000,NO0 0AC,offwind-float,0.57697408662801,0.47278775138689644,0.10418633524111354
base,1000,NO0 0AC,offwind-float,0.5796581689246378,0.4781658553596637,0.10149231356497412
base,1000,NO0 0AC,offwind-float,0.572868932277684,0.47139676033224664,0.10147217194543734
base,1000,NO0 0AC,offwind-float,0.5189271637081925,0.41618325181495414,0.10274391189323834
base,1000,NO0 0AC,offwind-float,0.5077421307983574,0.39435516575053087,0.11338696504782653
base,1000,NO0 0AC,offwind-float,0.5254586506442963,0.4242423668459673,0.10121628379832903
base,1000,NO0 0AC,offwind-float,0.5825356806192583,0.4796633128188701,0.10287236780038822
base,1000,NO0 0AC,offwind-float,0.5784757990264324,0.4759046281384138,0.10257117088801865
base,1000,NO0 0AC,offwind-float,0.547304458348055,0.44639940437371034,0.10090505397434463
base,1000,NO0 0AC,offwind-float,0.577510119305001,0.47506012024583283,0.10244999905916813
base,1000,NO0 0AC,offwind-float,0.585565523480296,0.4852535364987139,0.10031198698158211
base,1000,NO0 0AC,offwind-float,0.5644942947113785,0.46217277938957,0.10232151532180844
base,1000,NO0 0AC,offwind-float,0.5882422532793996,0.48714351260211197,0.10109874067728764
base,1000,NO0 0AC,offwind-float,0.5176871681998295,0.41645463347254247,0.10123253472728705
base,1000,NO0 0AC,offwind-float,0.5807039141233978,0.47936060621910154,0.1013433079042963
base,1000,NO0 0AC,offwind-float,0.5891466336658586,0.4815400872715639,0.10760654639429473
base,1000,NO0 0AC,offwind-float,0.5850717866452149,0.47795822571292534,0.10711356093228952
base,1000,NO0 0AC,offwind-float,0.5928542084008132,0.49219925893851835,0.10065494946229481
base,1000,NO0 0AC,offwind-float,0.574715609805059,0.47256953222763437,0.10214607757742461
base,1000,NO0 0AC,offwind-float,0.5550544804709749,0.45263775185404764,0.1024167286169273
base,1000,NO0 0AC,offwind-float,0.5234034659687279,0.4162499031317847,0.10715356283694316
base,1000,NO0 0AC,offwind-float,0.5053814480976502,0.3971772991934554,0.10820414890419477
base,1000,NO0 0AC,offwind-float,0.442231786243832,0.33143749935159267,0.11079428689223936
base,1000,NO0 0AC,offwind-float,0.5874369058016213,0.4838427210138836,0.10359418478773774
base,1000,NO0 0AC,offwind-float,0.5996521081428078,0.49978352164421397,0.09986858649859381
base,1000,NO0 0AC,offwind-float,0.5998418863553213,0.4969020953444545,0.10293979101086681
base,1000,NO0 0AC,offwind-float,0.5617014773997717,0.4572885865149446,0.10441289088482714
base,1000,NO0 0AC,offwind-float,0.5885263423981384,0.48562940146744665,0.10289694093069174
base,1000,NO0 0AC,offwind-float,0.5284949791471738,0.4162422687562212,0.11225271039095258
base,1000,NO0 0AC,offwind-float,0.4913480155391477,0.37376022152210725,0.11758779401704045
base,1000,NO0 0AC,offwind-float,0.5909804451164571,0.4903295060480377,0.10065093906841938
base,1000,NO0 0AC,offwind-float,0.5279302680963222,0.4114424542245354,0.11648781387178675
base,1000,NO0 0AC,offwind-float,0.49343033470775977,0.37701053530628176,0.11641979940147801
base,1000,NO0 0AC,offwind-float,0.6054641779023401,0.4987251589671172,0.10673901893522286
base,1000,NO0 0AC,offwind-float,0.5752904044708942,0.4634782715260555,0.11181213294483872
base,1000,NO0 0AC,offwind-float,0.5924820694074496,0.481598538453259,0.11088353095419062
base,1000,NO0 0AC,offwind-float,0.5955128955353315,0.49325484127622216,0.10225805425910933
base,1000,NO0 0AC,offwind-float,0.2744870933055516,0.18563808116214203,0.08884901214340957
base,1000,NO0 0AC,offwind-float,0.35887848746507955,0.24892554563630356,0.10995294182877599
base,1000,NO0 0AC,offwind-float,0.34580301524316687,0.24400101802639151,0.10180199721677535
base,1000,NO0 0AC,offwind-float,0.4403557710031183,0.33120944326142504,0.10914632774169325
base,1000,NO0 0AC,offwind-float,0.34075212929135124,0.23059261541528545,0.11015951387606579
base,1000,NO0 0AC,offwind-float,0.42697259123024295,0.30962419398673163,0.11734839724351132
base,1000,NO0 0AC,offwind-float,0.6055932155550157,0.4921733350155565,0.11341988053945917
base,1000,NO0 0AC,offwind-float,0.5942798015813371,0.4915700927185388,0.10270970886279829
base,1000,NO0 0AC,offwind-float,0.6063709337617528,0.4961928821419224,0.11017805161983035
base,1000,NO0 0AC,offwind-float,0.6110229842136834,0.5024787140720781,0.10854427014160528
base,1000,NO0 0AC,offwind-float,0.593218524299456,0.4808594954683747,0.11235902883108129
base,1000,NO0 0AC,offwind-float,0.5501087527465864,0.43267254966611374,0.1174362030804727
base,1000,NO0 0AC,offwind-float,0.4836208571003976,0.37946934136551164,0.10415151573488596
base,1000,NO0 0AC,offwind-float,0.4735754866354451,0.36402176499112043,0.10955372164432464
base,1000,NO0 0AC,offwind-float,0.3559960617860777,0.24332963976509125,0.11266642202098642
base,1000,NO0 0AC,offwind-float,0.4070209101167759,0.310278840559554,0.09674206955722187
base,1000,NO0 0AC,offwind-float,0.31817422008715296,0.21448491412015072,0.10368930596700224
base,1000,NO0 0AC,offwind-float,0.31817422008715296,0.2171075370564582,0.10106668303069477
base,1000,NO0 0AC,offwind-float,0.31817422008715296,0.21783316856841214,0.10034105151874081
base,1000,NO0 0AC,offwind-float,0.0422516300986617,0.023246744177865097,0.019004885920796605
base,1000,NO0 0AC,offwind-float,0.08583398702061212,0.0491502885069632,0.03668369851364892
base,1000,NO0 0AC,offwind-float,0.10709333660234463,0.062252520598002806,0.044840816004341824
base,1000,NO0 0AC,offwind-float,0.11100779600142013,0.06488347129561219,0.04612432470580795
base,1000,NO0 0AC,offwind-float,0.12289930638051427,0.07187745472136653,0.05102185165914774
base,1000,NO0 0AC,offwind-float,0.6121124999517021,0.5068140648237562,0.1052984351279459
base,1000,NO0 0AC,offwind-float,0.5697162784609258,0.4556713009360953,0.11404497752483045
base,1000,NO0 0AC,offwind-float,0.6098159941798666,0.4966233286841587,0.11319266549570794
base,1000,NO0 0AC,offwind-float,0.5926802879445614,0.48002822108262216,0.11265206686193924
base,1000,NO0 0AC,offwind-float,0.6169184269354648,0.5131198871976758,0.10379853973778908
base,1000,NO0 0AC,offwind-float,0.28233067370416,0.19462715252544818,0.0877035211787118
base,1000,NO0 0AC,offwind-float,0.6137478770370371,0.502042779719684,0.11170509731735312
base,1000,NO0 0AC,offwind-float,0.5721566509665091,0.45121964504607004,0.1209370059204391
base,1000,NO0 0AC,offwind-float,0.2722900399996944,0.18780980426848573,0.08448023573120869
base,1000,NO0 0AC,offwind-float,0.10214984246597365,0.05916199170796399,0.04298785075800966
base,1000,NO0 0AC,offwind-float,0.1527216293006155,0.09781760378091679,0.05490402551969871
base,1000,NO0 0AC,offwind-float,0.07305065551614354,0.04026142256479394,0.0327892329513496
base,1000,NO0 0AC,offwind-float,0.12455695688835151,0.07409175890421395,0.050465197984137566
base,1000,NO0 0AC,offwind-float,0.6202197285572807,0.5101491094161045,0.11007061914117622
base,1000,NO0 0AC,offwind-float,0.6205929245425855,0.5173518013029262,0.10324112323965928
base,1000,NO0 0AC,offwind-float,0.6132194989447823,0.5022431499477603,0.11097634899702202
base,1000,NO0 0AC,offwind-float,0.6254956703823,0.5229048238302713,0.10259084655202877
base,1000,NO0 0AC,offwind-float,0.6194136331162873,0.5064047503265476,0.11300888278973964
base,1000,NO0 0AC,offwind-float,0.5809810705312238,0.4635992872394783,0.11738178329174553
base,1000,NO0 0AC,offwind-float,0.5774971302343066,0.4576498827244853,0.11984724750982129
base,1000,NO0 0AC,offwind-float,0.5957823616898648,0.48071123156576084,0.11507113012410392
base,1000,NO0 0AC,offwind-float,0.5443437345282588,0.42518277738836324,0.11916095713989555
base,1000,NO0 0AC,offwind-float,0.44296999994623965,0.3157166879167554,0.12725331202948426
base,1000,NO0 0AC,offwind-float,0.623927152220304,0.5127092975874218,0.11121785463288225
base,1000,NO0 0AC,offwind-float,0.02122070963360617,0.010369109383435918,0.01085160025017025
base,1000,NO0 0AC,offwind-float,0.6253031861081145,0.5227932038162306,0.1025099822918839
base,1000,NO0 0AC,offwind-float,0.6244609577307183,0.5208086374988322,0.10365232023188609
base,1000,NO0 0AC,offwind-float,0.6262454794687187,0.5211936903527474,0.10505178911597124
base,1000,NO0 0AC,offwind-float,0.5902984326240258,0.4711687293591707,0.11912970326485511
base,1000,NO0 0AC,offwind-float,0.5653293917644486,0.4487053955544652,0.11662399620998343
base,1000,NO0 0AC,offwind-float,0.6300001159473826,0.5227827192007888,0.10721739674659381
base,1000,NO0 0AC,offwind-float,0.6296670828039771,0.5317270313797462,0.0979400514242309
base,1000,NO0 0AC,offwind-float,0.6075861079680088,0.49162940448599934,0.11595670348200948
base,1000,NO0 0AC,offwind-float,0.5994709155163738,0.48704467199657864,0.11242624351979513
base,1000,NO0 0AC,offwind-float,0.5695951886802478,0.4534728965976095,0.11612229208263836
base,1000,NO0 0AC,offwind-float,0.6289890151167893,0.5310945301835458,0.09789448493324349
base,1000,NO0 0AC,offwind-float,0.6114474790292623,0.4961093261520818,0.11533815287718052
base,1000,NO0 0AC,offwind-float,0.6231380414447488,0.5214707581883546,0.10166728325639418
base,1000,NO0 0AC,offwind-float,0.6061755378374614,0.4965566361693682,0.10961890166809318
base,1000,NO0 0AC,offwind-float,0.613174102882606,0.504736116340478,0.108437986542128
base,1000,NO0 0AC,offwind-float,0.5353344925185642,0.4196989145382762,0.11563557798028806
base,1000,NO0 0AC,offwind-float,0.5997068498156504,0.48678025944007103,0.11292659037557934
base,1000,NO0 0AC,offwind-float,0.6031310740076222,0.4899185626068031,0.11321251140081912
base,1000,NO0 0AC,offwind-float,0.4965021482207083,0.3865084032868611,0.10999374493384723
base,1000,NO0 0AC,offwind-float,0.5722836356744565,0.45804084523601435,0.11424279043844215
base,1000,NO0 0AC,offwind-float,0.5161476304576633,0.40270704070553526,0.11344058975212806
base,1000,NO0 0AC,offwind-float,0.5606609173949822,0.44860064052428655,0.1120602768706957
base,1000,NO0 0AC,offwind-float,0.5725146830012134,0.46221607591628305,0.11029860708493039
base,1000,NO0 0AC,offwind-float,0.5211406730247222,0.40707131116154105,0.11406936186318117
base,1000,NO0 0AC,offwind-float,0.5700300798112672,0.46271563991557246,0.10731443989569472
base,1000,NO0 0AC,offwind-float,0.5386365790150476,0.43024324595687347,0.10839333305817411
base,1000,NO0 0AC,offwind-float,0.5641908423690969,0.4600732291694105,0.10411761319968638
base,1000,NO0 0AC,offwind-float,0.4994925558142388,0.3878028194279927,0.11168973638624607
base,1000,NO0 0AC,offwind-float,0.5276197294333578,0.41441756959228204,0.11320215984107573
base,1000,NO0 0AC,offwind-float,0.5011656292831321,0.3780095781751675,0.12315605110796463
standard,1000,DE2 0AC,offwind-float,0.5189128933186281,0.40890648263221996,0.11000641068640815
standard,1000,DE2 0AC,offwind-float,0.5056520745770309,0.3948081299690629,0.11084394460796798
standard,1000,DK2 0AC,offwind-float,0.505320699050314,0.39205534088823196,0.113265358162082
standard,1000,DK2 0AC,offwind-float,0.5081257837716096,0.39031896230931157,0.11780682146229798
standard,1000,DK2 0AC,offwind-float,0.5119954647927576,0.39251225992785604,0.11948320486490155
standard,1000,DK2 0AC,offwind-float,0.5474902380533264,0.42706859564335076,0.12042164240997566
standard,1000,DK2 0AC,offwind-float,0.5201924327633323,0.40768541734516783,0.11250701541816444
standard,1000,DK2 0AC,offwind-float,0.5439709603604684,0.4229934893755627,0.12097747098490574
standard,1000,DK2 0AC,offwind-float,0.5415210148212104,0.42163554169282663,0.11988547312838377
standard,1000,DK2 0AC,offwind-float,0.5355671117421175,0.4092941016931277,0.12627301004898978
standard,1000,DK2 0AC,offwind-float,0.5230561117565922,0.40024663343870565,0.12280947831788652
standard,1000,DK2 0AC,offwind-float,0.5098514942696486,0.4005779273146825,0.1092735669549661
standard,1000,DK2 0AC,offwind-float,0.5033990511290313,0.394320338149722,0.10907871297930927
standard,1000,GB1 0AC,offwind-float,0.34801950556704364,0.2338713649720254,0.11414814059501824
standard,1000,GB1 0AC,offwind-float,0.5176488196992599,0.4045518536242628,0.11309696607499709
standard,1000,GB1 0AC,offwind-float,0.4561516572087003,0.33516861342387005,0.12098304378483027
standard,1000,GB1 0AC,offwind-float,0.5014001647007831,0.3767920540044673,0.12460811069631578
standard,1000,GB1 0AC,offwind-float,0.46942419403080227,0.34637796741908994,0.12304622661171233
standard,1000,GB1 0AC,offwind-float,0.5029045554211711,0.3821234881402868,0.12078106728088428
standard,1000,GB1 0AC,offwind-float,0.4810330738401915,0.3592969309343853,0.1217361429058062
standard,1000,GB1 0AC,offwind-float,0.45810130055202514,0.31657937382815765,0.14152192672386749
standard,1000,GB1 0AC,offwind-float,0.5101162358970586,0.3926320056290814,0.11748423026797716
standard,1000,GB1 0AC,offwind-float,0.5116928663908465,0.39647394657091883,0.11521891981992771
standard,1000,GB1 0AC,offwind-float,0.49149214788626366,0.36912254937534006,0.1223695985109236
standard,1000,GB1 0AC,offwind-float,0.5197378438459924,0.40994420567911316,0.10979363816687926
standard,1000,GB1 0AC,offwind-float,0.5075102290525985,0.3918064840692318,0.11570374498336666
standard,1000,GB1 0AC,offwind-float,0.49698717641500223,0.37265768367738716,0.12432949273761507
standard,1000,GB1 0AC,offwind-float,0.5150001962268863,0.40167912165592595,0.11332107457096036
standard,1000,GB1 0AC,offwind-float,0.5198360110813086,0.4052706170636053,0.11456539401770333
standard,1000,GB1 0AC,offwind-float,0.46982243751952235,0.33408436661326657,0.13573807090625578
standard,1000,GB1 0AC,offwind-float,0.4711896509133352,0.3476760966355831,0.12351355427775212
standard,1000,GB1 0AC,offwind-float,0.5096324460220547,0.39437497257376675,0.11525747344828796
standard,1000,GB1 0AC,offwind-float,0.5005530207761438,0.3768102574240085,0.12374276335213535
standard,1000,GB1 0AC,offwind-float,0.49816161910818324,0.3782938996980629,0.11986771941012037
standard,1000,GB1 0AC,offwind-float,0.47244370017648657,0.33220186142754754,0.14024183874893903
standard,1000,GB1 0AC,offwind-float,0.5086470638527141,0.3803311735147013,0.12831589033801277
standard,1000,GB1 0AC,offwind-float,0.49863820516927126,0.37545201511664084,0.12318619005263043
standard,1000,GB1 0AC,offwind-float,0.5169147421073194,0.4023393604639635,0.11457538164335584
standard,1000,GB1 0AC,offwind-float,0.5152422382900309,0.3986151376771421,0.11662710061288883
standard,1000,GB1 0AC,offwind-float,0.5079001193926652,0.38293069801990054,0.12496942137276468
standard,1000,GB1 0AC,offwind-float,0.5091811663028026,0.39375940262674675,0.11542176367605589
standard,1000,GB1 0AC,offwind-float,0.4494645567725473,0.3131344850648032,0.13633007170774414
standard,1000,GB1 0AC,offwind-float,0.5126185767096482,0.3915306039397076,0.12108797276994054
standard,1000,GB1 0AC,offwind-float,0.5036154518003049,0.3858242113197709,0.11779124048053397
standard,1000,GB1 0AC,offwind-float,0.5119049261910756,0.3979910971887928,0.11391382900228286
standard,1000,GB1 0AC,offwind-float,0.49452067057852417,0.3653439217790417,0.1291767487994825
standard,1000,GB1 0AC,offwind-float,0.4756124333503134,0.3428657514685361,0.1327466818817773
standard,1000,GB1 0AC,offwind-float,0.4378636109447727,0.29283363707083787,0.14502997387393485
standard,1000,GB1 0AC,offwind-float,0.48616899181723444,0.3591789059226498,0.12699008589458466
standard,1000,GB1 0AC,offwind-float,0.5094595616360748,0.3957512919516458,0.11370826968442893
standard,1000,GB1 0AC,offwind-float,0.5125846264389585,0.38890236793706967,0.12368225850188885
standard,1000,GB1 0AC,offwind-float,0.5078776236149299,0.38858937101765556,0.11928825259727438
standard,1000,GB1 0AC,offwind-float,0.5131208255774153,0.39340057005685586,0.11972025552055948
standard,1000,GB1 0AC,offwind-float,0.5129088145910671,0.3996518587501628,0.11325695584090428
standard,1000,GB1 0AC,offwind-float,0.5138904775846719,0.4025259244999059,0.111364553084766
standard,1000,GB1 0AC,offwind-float,0.482578243423548,0.35539762446782847,0.12718061895571953
standard,1000,GB1 0AC,offwind-float,0.44697091964098135,0.3075801145318133,0.13939080510916807
standard,1000,GB1 0AC,offwind-float,0.5045370445802351,0.380167994507704,0.12436905007253107
standard,1000,GB1 0AC,offwind-float,0.5164261811131381,0.39478178234918065,0.12164439876395744
standard,1000,GB1 0AC,offwind-float,0.5093585532004343,0.3927805103971125,0.11657804280332185
standard,1000,GB1 0AC,offwind-float,0.5097987893210013,0.39068354740420513,0.11911524191679618
standard,1000,GB1 0AC,offwind-float,0.5090515405696066,0.39491349829937716,0.11413804227022939
standard,1000,GB1 0AC,offwind-float,0.5016697138962471,0.37716253384245596,0.12450718005379119
standard,1000,GB1 0AC,offwind-float,0.47240383645285605,0.334697572688521,0.13770626376433504
standard,1000,GB1 0AC,offwind-float,0.5136040092498634,0.39238397770408406,0.12122003154577932
standard,1000,GB1 0AC,offwind-float,0.5140229860332997,0.395285922002235,0.11873706403106465
standard,1000,GB1 0AC,offwind-float,0.49006007451608086,0.3638675164595083,0.12619255805657253
standard,1000,GB1 0AC,offwind-float,0.5086821680227985,0.3842129075739474,0.12446926044885115
standard,1000,GB1 0AC,offwind-float,0.516403766194611,0.3956440154680329,0.12075975072657813
standard,1000,GB1 0AC,offwind-float,0.5078324329188607,0.3911849097031593,0.11664752321570143
standard,1000,GB1 0AC,offwind-float,0.5055931664200621,0.39189720397089906,0.11369596244916308
standard,1000,GB1 0AC,offwind-float,0.507350831777944,0.39295984166557746,0.11439099011236659
standard,1000,GB1 0AC,offwind-float,0.47704056179954996,0.32787689553911464,0.1491636662604353
standard,1000,GB1 0AC,offwind-float,0.5042573861536097,0.3796066242646527,0.12465076188895702
standard,1000,GB1 0AC,offwind-float,0.5107353944641451,0.3930482688183033,0.11768712564584177
standard,1000,GB1 0AC,offwind-float,0.5098833802892385,0.3949009644428645,0.11498241584637403
standard,1000,GB1 0AC,offwind-float,0.5140644912949163,0.39077752170551694,0.12328696958939933
standard,1000,GB1 0AC,offwind-float,0.4847785099151454,0.35295867667069997,0.1318198332444454
standard,1000,GB1 0AC,offwind-float,0.4877072372370488,0.3514974765023248,0.13620976073472396
standard,1000,GB1 0AC,offwind-float,0.4984910561804518,0.3729927536650474,0.1254983025154044
standard,1000,GB1 0AC,offwind-float,0.5095302712903516,0.3956958585667231,0.11383441272362843
standard,1000,GB1 0AC,offwind-float,0.5113427129077731,0.38727371688426304,0.12406899602351007
standard,1000,GB1 0AC,offwind-float,0.5125579611268876,0.3918088038117062,0.12074915731518138
standard,1000,GB1 0AC,offwind-float,0.5072978314649803,0.38015990652409826,0.12713792494088205
standard,1000,GB1 0AC,offwind-float,0.5065621326940668,0.39219028157176283,0.11437185112230397
standard,1000,GB1 0AC,offwind-float,0.507653285040526,0.38992943243050326,0.11772385261002272
standard,1000,GB1 0AC,offwind-float,0.508395912391934,0.38672433902401954,0.12167157336791451
standard,1000,GB1 0AC,offwind-float,0.5093399868013447,0.3908739824667223,0.11846600433462245
standard,1000,GB1 0AC,offwind-float,0.5011813720279579,0.3737803420567863,0.1274010299711716
standard,1000,GB1 0AC,offwind-float,0.5122300728890166,0.3921240965139877,0.12010597637502884
standard,1000,GB1 0AC,offwind-float,0.5077394173520059,0.3950365809089199,0.11270283644308599
standard,1000,GB1 0AC,offwind-float,0.49404377173713593,0.36058931878611394,0.13345445295102198
standard,1000,GB1 0AC,offwind-float,0.5074419356734358,0.38300416655121555,0.12443776912222021
standard,1000,GB1 0AC,offwind-float,0.5107000505945904,0.3895554665939203,0.12114458400067013
standard,1000,GB1 0AC,offwind-float,0.5057474753412042,0.3874484361851199,0.1182990391560843
standard,1000,GB1 0AC,offwind-float,0.5058117296104044,0.37627586517378403,0.1295358644366204
standard,1000,GB1 0AC,offwind-float,0.4948122533557847,0.3519215387034969,0.1428907146522878
standard,1000,GB1 0AC,offwind-float,0.49695606184770896,0.3782401467386544,0.11871591510905455
standard,1000,GB1 0AC,offwind-float,0.5079481727651248,0.38594689088879064,0.12200128187633419
standard,1000,GB1 0AC,offwind-float,0.5040251036254514,0.3752695295305597,0.1287555740948917
standard,1000,GB1 0AC,offwind-float,0.5067478456344576,0.38849711725777714,0.11825072837668049
standard,1000,GB1 0AC,offwind-float,0.503318345436032,0.3883277450427309,0.11499060039330117
standard,1000,GB1 0AC,offwind-float,0.5093169496077037,0.386856450077735,0.12246049952996868
standard,1000,GB1 0AC,offwind-float,0.5021286178847122,0.36905855874954774,0.13307005913516445
standard,1000,GB1 0AC,offwind-float,0.5083373710804403,0.3838993741941244,0.1244379968863159
standard,1000,GB1 0AC,offwind-float,0.5024320715836328,0.3844495860481551,0.11798248553547769
standard,1000,GB1 0AC,offwind-float,0.5060345274492007,0.37779069609655963,0.1282438313526411
standard,1000,GB1 0AC,offwind-float,0.5040848223529921,0.36490269570780554,0.1391821266451866
standard,1000,GB1 0AC,offwind-float,0.5069766893612317,0.3794277966213069,0.12754889273992487
standard,1000,GB1 0AC,offwind-float,0.5076758398474126,0.3851927202541319,0.12248311959328068
standard,1000,GB1 0AC,offwind-float,0.5066946140786174,0.3862196793331053,0.12047493474551207
standard,1000,GB1 0AC,offwind-float,0.5011945031760018,0.3860194724767454,0.11517503069925639
standard,1000,GB1 0AC,offwind-float,0.5021402039652743,0.3866633486010727,0.11547685536420155
standard,1000,GB1 0AC,offwind-float,0.5076706953113668,0.37940214662141725,0.12826854868994952
standard,1000,GB1 0AC,offwind-float,0.5071398744275482,0.37313983511679777,0.13400003931075039
standard,1000,GB1 0AC,offwind-float,0.5036298118539185,0.38423689543514655,0.11939291641877198
standard,1000,GB1 0AC,offwind-float,0.5052017621532218,0.3849147471587925,0.12028701499442929
standard,1000,GB1 0AC,offwind-float,0.49922905456527733,0.3817058478243624,0.11752320674091493
standard,1000,GB1 0AC,offwind-float,0.5075055790944187,0.3820326193509026,0.12547295974351613
standard,1000,GB1 0AC,offwind-float,0.5072324442185898,0.37644010548173806,0.13079233873685175
standard,1000,GB1 0AC,offwind-float,0.5011386875968227,0.38285078561142327,0.1182879019853994
standard,1000,GB1 0AC,offwind-float,0.5084664042479213,0.3830370986575163,0.12542930559040505
standard,1000,GB1 0AC,offwind-float,0.49849894395870825,0.38209911977360045,0.1163998241851078
standard,1000,GB1 0AC,offwind-float,0.49890553301122104,0.3804375435222466,0.11846798948897441
standard,1000,GB1 0AC,offwind-float,0.50196189823762,0.38152167943688586,0.12044021880073419
standard,1000,GB1 0AC,offwind-float,0.5058851135454734,0.3831837944359905,0.1227013191094829
standard,1000,GB1 0AC,offwind-float,0.4969747381759975,0.37894748159842656,0.11802725657757096
standard,1000,GB1 0AC,offwind-float,0.4982039125490031,0.37881133880064116,0.11939257374836193
standard,1000,GB1 0AC,offwind-float,0.5084358674230572,0.37979018190044167,0.12864568552261557
standard,1000,GB1 0AC,offwind-float,0.4957936752841225,0.3785345210514716,0.11725915423265088
standard,1000,GB1 0AC,offwind-float,0.49593973461457364,0.37833300841531475,0.11760672619925888
standard,1000,GB1 0AC,offwind-float,0.5067532424003885,0.3823133009595412,0.12443994144084736
standard,1000,GB1 0AC,offwind-float,0.5046701777785647,0.38026491483375524,0.12440526294480947
standard,1000,GB1 0AC,offwind-float,0.4948049031261903,0.3792679415440701,0.11553696158212018
standard,1000,GB1 0AC,offwind-float,0.4985594665960516,0.37866776763015486,0.11989169896589674
standard,1000,GB1 0AC,offwind-float,0.5033658604069253,0.38090888677559714,0.12245697363132818
standard,1000,GB1 0AC,offwind-float,0.5067839799515469,0.3794980982280765,0.12728588172347038
standard,1000,GB1 0AC,offwind-float,0.49562025602030585,0.3810578695460513,0.11456238647425454
standard,1000,GB1 0AC,offwind-float,0.5044579283482624,0.3810863005848675,0.12337162776339494
standard,1000,GB1 0AC,offwind-float,0.49458144286310807,0.3763703065086506,0.11821113635445746
standard,1000,GB1 0AC,offwind-float,0.4998126593188821,0.3781128030981126,0.12169985622076945
standard,1000,GB1 0AC,offwind-float,0.5066272816344114,0.3766713343760739,0.12995594725833748
standard,1000,GB1 0AC,offwind-float,0.4925284546844671,0.38091160712382516,0.11161684756064194
standard,1000,GB1 0AC,offwind-float,0.5022052822005503,0.3807144931005225,0.12149078910002775
standard,1000,GB1 0AC,offwind-float,0.5046766058682276,0.3777502987907209,0.12692630707750668
standard,1000,GB1 0AC,offwind-float,0.4986653947259093,0.3779521259933911,0.1207132687325182
standard,1000,GB1 0AC,offwind-float,0.49651707908369647,0.377197599557621,0.11931947952607547
standard,1000,GB1 0AC,offwind-float,0.5055445688876746,0.37761889696199646,0.12792567192567816
standard,1000,GB1 0AC,offwind-float,0.5029946231598748,0.3790476054342539,0.12394701772562083
standard,1000,GB1 0AC,offwind-float,0.49400461279404256,0.3772121351085728,0.11679247768546974
standard,1000,GB1 0AC,offwind-float,0.5008510287358328,0.3787858277527227,0.12206520098311008
standard,1000,GB1 0AC,offwind-float,0.500774051203,0.3768396921783513,0.12393435902464872
standard,1000,GB1 0AC,offwind-float,0.5033108004734,0.37792086687136706,0.125389933602033
standard,1000,GB1 0AC,offwind-float,0.5025478176014636,0.3782374500607581,0.12431036754070551
standard,1000,GB1 0AC,offwind-float,0.5027150456698947,0.37659809084591095,0.12611695482398372
standard,1000,GB1 0AC,offwind-float,0.49852264879017044,0.3783306584871705,0.12019199030299993
standard,1000,GB1 0AC,offwind-float,0.50434167562371,0.37970894097112373,0.12463273465258629
standard,1000,GB1 0AC,offwind-float,0.504973420674571,0.3805455757415281,0.12442784493304287
standard,1000,GB1 0AC,offwind-float,0.5023043229528257,0.37823416533701604,0.12407015761580964
standard,1000,GB4 0AC,offwind-float,0.4829295757950118,0.3224913565573393,0.16043821923767249
standard,1000,GB4 0AC,offwind-float,0.5250378768452316,0.3615517740663206,0.163486102778911
standard,1000,GB4 0AC,offwind-float,0.5041430844495899,0.34398620076271214,0.16015688368687775
standard,1000,GB4 0AC,offwind-float,0.5230944745308602,0.37771781241188124,0.14537666211897898
standard,1000,GB4 0AC,offwind-float,0.5269983385530217,0.38739250769288386,0.13960583086013784
standard,1000,GB4 0AC,offwind-float,0.5242445407486844,0.38866197543600234,0.1355825653126821
standard,1000,GB4 0AC,offwind-float,0.5263272381750431,0.3920595132410931,0.13426772493395
standard,1000,GB4 0AC,offwind-float,0.5244061289802714,0.3810914970989162,0.14331463188135518
standard,1000,GB4 0AC,offwind-float,0.525204151995507,0.38297140077880826,0.1422327512166987
standard,1000,GB4 0AC,offwind-float,0.5225838229050987,0.38346589771793566,0.1391179251871631
standard,1000,GB4 0AC,offwind-float,0.52963483253276,0.37549723028729626,0.15413760224546375
standard,1000,GB4 0AC,offwind-float,0.5244807064967203,0.3766488433291569,0.14783186316756342
standard,1000,GB4 0AC,offwind-float,0.5205469135668864,0.37895803041082665,0.14158888315605977
standard,1000,GB4 0AC,offwind-float,0.5268963238111639,0.37744632286026203,0.14945000095090188
standard,1000,GB4 0AC,offwind-float,0.5237895801197396,0.379750102248951,0.14403947787078863
standard,1000,GB4 0AC,offwind-float,0.5245669922080609,0.38070911838310945,0.14385787382495147
standard,1000,GB4 0AC,offwind-float,0.5196609159216066,0.37845831754246184,0.14120259837914473
standard,1000,GB4 0AC,offwind-float,0.5271726259115957,0.37885572081286567,0.14831690509873008
standard,1000,GB4 0AC,offwind-float,0.5234830726581333,0.39143803300182034,0.13204503965631298
standard,1000,GB4 0AC,offwind-float,0.5232204701231092,0.3865212967410267,0.13669917338208254
standard,1000,GB4 0AC,offwind-float,0.5204380655508176,0.382539397169083,0.13789866838173465
standard,1000,GB4 0AC,offwind-float,0.5207462766884037,0.3896160235837725,0.13113025310463117
standard,1000,GB4 0AC,offwind-float,0.5219630063879389,0.3814818576878558,0.1404811487000831
standard,1000,GB4 0AC,offwind-float,0.5160238317770386,0.3773539858156532,0.13866984596138537
standard,1000,GB4 0AC,offwind-float,0.5190273179429142,0.38922134529978225,0.12980597264313198
standard,1000,GB4 0AC,offwind-float,0.5224456650552898,0.3824970200277428,0.139948645027547
standard,1000,GB4 0AC,offwind-float,0.5175213522691895,0.3803517522594852,0.1371696000097043
standard,1000,GB4 0AC,offwind-float,0.5181568760319047,0.37919509739056567,0.13896177864133907
standard,1000,GB4 0AC,offwind-float,0.5143932328968921,0.381399747871569,0.1329934850253231
standard,1000,GB4 0AC,offwind-float,0.5152030905613129,0.3788752147968129,0.13632787576449995
standard,1000,GB4 0AC,offwind-float,0.5197510759551833,0.3805679426381693,0.13918313331701404
standard,1000,GB4 0AC,offwind-float,0.5173219205050364,0.37877642654067695,0.1385454939643595
standard,1000,GB4 0AC,offwind-float,0.5161793228067666,0.36806702496659927,0.14811229784016733
standard,1000,GB4 0AC,offwind-float,0.5108284415583655,0.37098471658696897,0.13984372497139652
standard,1000,GB4 0AC,offwind-float,0.5124457387523351,0.3837765673051302,0.1286691714472049
standard,1000,GB4 0AC,offwind-float,0.5075712539753278,0.37741579266968794,0.13015546130563982
standard,1000,GB4 0AC,offwind-float,0.5142732936506846,0.3823291247518002,0.13194416889888444
standard,1000,GB4 0AC,offwind-float,0.5144670801663556,0.3737723569740703,0.14069472319228526
standard,1000,GB4 0AC,offwind-float,0.5095502858683283,0.3737254986015102,0.13582478726681807
standard,1000,GB4 0AC,offwind-float,0.5167924834458896,0.37575888011959946,0.1410336033262901
standard,1000,GB4 0AC,offwind-float,0.512790044613509,0.37420420737572646,0.1385858372377825
standard,1000,GB4 0AC,offwind-float,0.5088158561194135,0.3695252241293351,0.1392906319900784
standard,1000,GB4 0AC,offwind-float,0.5092156935408897,0.3715635043815879,0.13765218915930177
standard,1000,GB4 0AC,offwind-float,0.5016839325596196,0.37306380271943035,0.12862012984018928
standard,1000,GB4 0AC,offwind-float,0.5050911799587888,0.3723149866148133,0.1327761933439755
standard,1000,GB4 0AC,offwind-float,0.5119847268244343,0.37082689299868804,0.14115783382574626
standard,1000,GB4 0AC,offwind-float,0.5117859190542458,0.3710019459985806,0.14078397305566515
standard,1000,GB4 0AC,offwind-float,0.5080897953503476,0.3676576062896388,0.1404321890607088
standard,1000,GB4 0AC,offwind-float,0.5053037021748764,0.3676007907263936,0.1377029114484828
standard,1000,GB4 0AC,offwind-float,0.5090927344153898,0.3699846202273819,0.13910811418800795
standard,1000,GB4 0AC,offwind-float,0.5025281512217797,0.36433008480015683,0.1381980664216229
standard,1000,GB4 0AC,offwind-float,0.5000349085510833,0.36790848729616177,0.13212642125492158
standard,1000,GB4 0AC,offwind-float,0.49560674648108516,0.3683295206887594,0.12727722579232575
standard,1000,GB4 0AC,offwind-float,0.5019800213219707,0.3642272314948191,0.1377527898271516
standard,1000,GB4 0AC,offwind-float,0.5050377674166984,0.3676407732409381,0.1373969941757603
standard,1000,GB4 0AC,offwind-float,0.5057948216212851,0.36776980185126024,0.13802501977002485
standard,1000,GB4 0AC,offwind-float,0.49981501220006225,0.36781186745381633,0.13200314474624592
standard,1000,GB4 0AC,offwind-float,0.5047084089061992,0.36428614951500604,0.14042225939119313
standard,1000,GB4 0AC,offwind-float,0.501476313027107,0.36367673885592094,0.1377995741711861
standard,1000,GB4 0AC,offwind-float,0.4916457157161804,0.3591292856404673,0.13251643007571307
standard,1000,GB4 0AC,offwind-float,0.5001960383571196,0.36212680312103196,0.1380692352360876
standard,1000,GB4 0AC,offwind-float,0.4954912886313846,0.362244091853747,0.13324719677763758
standard,1000,GB4 0AC,offwind-float,0.5025610489106928,0.3636145489833786,0.13894649992731417
standard,1000,GB4 0AC,offwind-float,0.5001196604159379,0.36062927963335767,0.13949038078258025
standard,1000,GB4 0AC,offwind-float,0.49929051834741,0.36365849337633616,0.13563202497107385
standard,1000,GB4 0AC,offwind-float,0.48860199041887475,0.3600596739202942,0.12854231649858056
standard,1000,GB4 0AC,offwind-float,0.49859656119442586,0.36307338145230555,0.1355231797421203
standard,1000,GB4 0AC,offwind-float,0.4929594194154275,0.3623830150084429,0.1305764044069846
standard,1000,GB4 0AC,offwind-float,0.4969028389717327,0.3619773422661584,0.1349254967055743
standard,1000,GB4 0AC,offwind-float,0.49105869748436987,0.3560437369374814,0.13501496054688844
standard,1000,NL2 0AC,offwind-float,0.5073294502041527,0.39068360376166694,0.11664584644248571
standard,1000,NL2 0AC,offwind-float,0.40083499669323225,0.28122928876325365,0.1196057079299786
standard,1000,NL2 0AC,offwind-float,0.5054980624463025,0.38520308972144174,0.12029497272486073
standard,1000,NL2 0AC,offwind-float,0.5144650140996638,0.39371859200816495,0.12074642209149888
standard,1000,NL2 0AC,offwind-float,0.5046473463138778,0.38520118491401467,0.11944616139986308
standard,1000,NL2 0AC,offwind-float,0.483723043717791,0.3622241638966675,0.1214988798211235
standard,1000,NO0 0AC,offwind-float,0.49499212094003886,0.4062402158020145,0.08875190513802433
standard,1000,NO0 0AC,offwind-float,0.497611356181269,0.4089038108867705,0.08870754529449848
standard,1000,NO0 0AC,offwind-float,0.4967490853421774,0.4063633859455919,0.09038569939658547
standard,1000,NO0 0AC,offwind-float,0.4969667728946125,0.40258605627078997,0.09438071662382252
standard,1000,NO0 0AC,offwind-float,0.4949990930347228,0.40105455490092023,0.09394453813380255
standard,1000,NO0 0AC,offwind-float,0.49384942727786896,0.40072185612222144,0.09312757115564751
standard,1000,NO0 0AC,offwind-float,0.49590508560809604,0.407062028857082,0.08884305675101406
standard,1000,NO0 0AC,offwind-float,0.4871176746673913,0.3990957111971529,0.08802196347023838
standard,1000,NO0 0AC,offwind-float,0.4943489539279747,0.4037933406015561,0.0905556133264186
standard,1000,NO0 0AC,offwind-float,0.49270931730494505,0.40440418444795334,0.08830513285699171
standard,1000,NO0 0AC,offwind-float,0.4908170096905855,0.4012155089059591,0.08960150078462642
standard,1000,NO0 0AC,offwind-float,0.49755091347930536,0.400539341457598,0.09701157202170735
standard,1000,NO0 0AC,offwind-float,0.49361095091654167,0.4022690475623762,0.09134190335416548
standard,1000,NO0 0AC,offwind-float,0.4921349167419971,0.4021887985132659,0.08994611822873122
standard,1000,NO0 0AC,offwind-float,0.49270496897190424,0.39895660891405804,0.0937483600578462
standard,1000,NO0 0AC,offwind-float,0.49257321264204207,0.39869537747008243,0.09387783517195963
standard,1000,NO0 0AC,offwind-float,0.4936060595001803,0.40516611688880927,0.08843994261137106
standard,1000,NO0 0AC,offwind-float,0.49386928088321047,0.40015453329832845,0.09371474758488202
standard,1000,NO0 0AC,offwind-float,0.49336252148359633,0.4032109070106227,0.09015161447297365
standard,1000,NO0 0AC,offwind-float,0.49188201978675755,0.40496747884223694,0.08691454094452061
standard,1000,NO0 0AC,offwind-float,0.49187091466810007,0.4017888187108125,0.09008209595728756
standard,1000,NO0 0AC,offwind-float,0.4851792443097478,0.39655281537826076,0.08862642893148703
standard,1000,NO0 0AC,offwind-float,0.48193507509876377,0.3923490804196512,0.08958599467911255
standard,1000,NO0 0AC,offwind-float,0.49016453347947214,0.4004383277365051,0.08972620574296702
standard,1000,NO0 0AC,offwind-float,0.4919772043723411,0.3977932889050113,0.09418391546732979
standard,1000,NO0 0AC,offwind-float,0.4846014206101053,0.39582383579348557,0.08877758481661974
standard,1000,NO0 0AC,offwind-float,0.49714319846892213,0.4093690694332399,0.08777412903568221
standard,1000,NO0 0AC,offwind-float,0.4958670702215753,0.40747499522928166,0.08839207499229362
standard,1000,NO0 0AC,offwind-float,0.4849475449636169,0.3950200450316965,0.0899274999319204
standard,1000,NO0 0AC,offwind-float,0.48803787569058654,0.39914705800694633,0.08889081768364021
standard,1000,NO0 0AC,offwind-float,0.4948430895938588,0.4047941404640767,0.09004894912978212
standard,1000,NO0 0AC,offwind-float,0.49084431768253783,0.40057611525055886,0.09026820243197897
standard,1000,NO0 0AC,offwind-float,0.498861637995369,0.40951881775047705,0.08934282024489193
standard,1000,NO0 0AC,offwind-float,0.49099529207908044,0.40240311889571223,0.0885921731833682
standard,1000,NO0 0AC,offwind-float,0.49212682179410394,0.40308276232778006,0.08904405946632388
standard,1000,NO0 0AC,offwind-float,0.4898344632306932,0.4010581311959722,0.08877633203472096
standard,1000,NO0 0AC,offwind-float,0.5031361332243073,0.4153792605110816,0.08775687271322569
standard,1000,NO0 0AC,offwind-float,0.4992854909189546,0.40776299545521943,0.09152249546373514
standard,1000,NO0 0AC,offwind-float,0.4927009469541031,0.4024617403413382,0.09023920661276491
standard,1000,NO0 0AC,offwind-float,0.49576021944953974,0.40361875330278163,0.09214146614675811
standard,1000,NO0 0AC,offwind-float,0.4852098846648314,0.39575139304685725,0.08945849161797415
standard,1000,NO0 0AC,offwind-float,0.47318784482153164,0.3846734128692625,0.08851443195226916
standard,1000,NO0 0AC,offwind-float,0.4811842203944457,0.392607832836644,0.08857638755780167
standard,1000,NO0 0AC,offwind-float,0.49181448433797187,0.40224016557166087,0.089574318766311
standard,1000,NO0 0AC,offwind-float,0.5012974627346356,0.41145639346816404,0.08984106926647156
standard,1000,NO0 0AC,offwind-float,0.5012091760090868,0.4094553415756481,0.09175383443343865
standard,1000,NO0 0AC,offwind-float,0.49733479500916106,0.407277612453292,0.09005718255586903
standard,1000,NO0 0AC,offwind-float,0.5001153510514443,0.410465905335176,0.08964944571626832
standard,1000,NO0 0AC,offwind-float,0.48987231509433005,0.39793017212307186,0.09194214297125819
standard,1000,NO0 0AC,offwind-float,0.47975693267241043,0.39127090874238907,0.08848602393002136
standard,1000,NO0 0AC,offwind-float,0.4769378014441601,0.38878565692515304,0.08815214451900705
standard,1000,NO0 0AC,offwind-float,0.49908023113333144,0.40963521109253725,0.08944502004079419
standard,1000,NO0 0AC,offwind-float,0.49609860827290847,0.4061773242004994,0.08992128407240907
standard,1000,NO0 0AC,offwind-float,0.501994372681686,0.4112337052079305,0.0907606674737555
standard,1000,NO0 0AC,offwind-float,0.5020623887281442,0.4123777707768828,0.08968461795126142
standard,1000,NO0 0AC,offwind-float,0.4935165646635243,0.4017750050533918,0.09174155961013247
standard,1000,NO0 0AC,offwind-float,0.49020250743068405,0.4012247968174398,0.08897771061324428
standard,1000,NO0 0AC,offwind-float,0.48254969061691017,0.39454593615522343,0.08800375446168673
standard,1000,NO0 0AC,offwind-float,0.46948685905372844,0.38140927564672994,0.0880775834069985
standard,1000,NO0 0AC,offwind-float,0.4943632079133234,0.4053141239034162,0.08904908400990719
standard,1000,NO0 0AC,offwind-float,0.4821646834836918,0.39316770828145536,0.08899697520223643
standard,1000,NO0 0AC,offwind-float,0.4752157351640054,0.387108300082364,0.08810743508164137
standard,1000,NO0 0AC,offwind-float,0.5023946894899949,0.4132471635321338,0.08914752595786107
standard,1000,NO0 0AC,offwind-float,0.5044767363780149,0.41482733382388837,0.08964940255412657
standard,1000,NO0 0AC,offwind-float,0.5010442493807208,0.4117860481825669,0.08925820119815386
standard,1000,NO0 0AC,offwind-float,0.5063282230741379,0.4139679379346388,0.09236028513949912
standard,1000,NO0 0AC,offwind-float,0.49887639436330716,0.41027828618146533,0.08859810818184183
standard,1000,NO0 0AC,offwind-float,0.5064924636874406,0.4176293067334144,0.08886315695402619
standard,1000,NO0 0AC,offwind-float,0.4905488568613873,0.4007414025333834,0.08980745432800386
standard,1000,NO0 0AC,offwind-float,0.4465994213493429,0.3353196339381439,0.11127978741119898
standard,1000,NO0 0AC,offwind-float,0.46360414001482564,0.3750121309738915,0.08859200904093412
standard,1000,NO0 0AC,offwind-float,0.5062635444405985,0.41550594100718485,0.09075760343341366
standard,1000,NO0 0AC,offwind-float,0.5039972524101934,0.40824223300136114,0.0957550194088323
standard,1000,NO0 0AC,offwind-float,0.5088001493611225,0.415611533265568,0.09318861609555451
standard,1000,NO0 0AC,offwind-float,0.5037205758436719,0.4130287114832927,0.09069186436037924
standard,1000,NO0 0AC,offwind-float,0.4967972791775195,0.4078737894209897,0.0889234897565298
standard,1000,NO0 0AC,offwind-float,0.47766178854138097,0.3888331255478228,0.08882866299355818
standard,1000,NO0 0AC,offwind-float,0.468943588829958,0.37754554469428314,0.09139804413567487
standard,1000,NO0 0AC,offwind-float,0.4894838109325151,0.40140766920649834,0.08807614172601674
standard,1000,NO0 0AC,offwind-float,0.5072406036559162,0.41627661396105015,0.09096398969486602
standard,1000,NO0 0AC,offwind-float,0.5109042892527909,0.42210880470717105,0.08879548454561981
standard,1000,NO0 0AC,offwind-float,0.5132614981765511,0.42254963243853166,0.09071186573801943
standard,1000,NO0 0AC,offwind-float,0.507262441668162,0.4159502442611791,0.09131219740698293
standard,1000,NO0 0AC,offwind-float,0.459463977338628,0.36396247217643773,0.09550150516219025
standard,1000,NO0 0AC,offwind-float,0.4495736880037445,0.3451403148359222,0.10443337316782225
standard,1000,NO0 0AC,offwind-float,0.4652803831141765,0.3737104843987638,0.09156989871541271
standard,1000,NO0 0AC,offwind-float,0.515809255030669,0.42707391807102646,0.08873533695964253
standard,1000,NO0 0AC,offwind-float,0.5122213647574396,0.41755905080045297,0.09466231395698665
standard,1000,NO0 0AC,offwind-float,0.48459932837671627,0.3917860139226001,0.09281331445411617
standard,1000,NO0 0AC,offwind-float,0.511366365730012,0.4167434778611071,0.09462288786890494
standard,1000,NO0 0AC,offwind-float,0.5184986781638043,0.42700089821705056,0.09149777994675379
standard,1000,NO0 0AC,offwind-float,0.49983394607372195,0.4096110343853787,0.09022291168834323
standard,1000,NO0 0AC,offwind-float,0.5208821415717118,0.4284073450729163,0.09247479649879548
standard,1000,NO0 0AC,offwind-float,0.45839317625100684,0.36692262527511427,0.09147055097589257
standard,1000,NO0 0AC,offwind-float,0.5142070984189592,0.42138613956916987,0.0928209588497893
standard,1000,NO0 0AC,offwind-float,0.521669658457038,0.4240716738701833,0.09759798458685476
standard,1000,NO0 0AC,offwind-float,0.5180678456195213,0.41724846517652503,0.10081938044299632
standard,1000,NO0 0AC,offwind-float,0.5249464750351567,0.4343486463876303,0.09059782864752636
standard,1000,NO0 0AC,offwind-float,0.5089106724823798,0.4148969849349572,0.09401368754742256
standard,1000,NO0 0AC,offwind-float,0.49148184221373703,0.39673491215885004,0.09474693005488699
standard,1000,NO0 0AC,offwind-float,0.463467109720627,0.36522231613087813,0.09824479358974886
standard,1000,NO0 0AC,offwind-float,0.44748277358464156,0.3484648981648326,0.09901787541980894
standard,1000,NO0 0AC,offwind-float,0.39155779863535345,0.28751379978436614,0.10404399885098731
standard,1000,NO0 0AC,offwind-float,0.5201617000187924,0.4249395731208228,0.09522212689796955
standard,1000,NO0 0AC,offwind-float,0.5309729547603029,0.4397318250468538,0.09124112971344911
standard,1000,NO0 0AC,offwind-float,0.5311468431618757,0.4367770427615976,0.09436980040027804
standard,1000,NO0 0AC,offwind-float,0.4973549173735777,0.4012418953515556,0.0961130220220221
standard,1000,NO0 0AC,offwind-float,0.5210814347910206,0.4266395299532721,0.09444190483774856
standard,1000,NO0 0AC,offwind-float,0.46794956806279814,0.3659084225441344,0.10204114551866372
standard,1000,NO0 0AC,offwind-float,0.4350366754518675,0.32265162388609503,0.1123850515657725
standard,1000,NO0 0AC,offwind-float,0.5232938852439322,0.4312607659391932,0.09203311930473895
standard,1000,NO0 0AC,offwind-float,0.467456640782153,0.35810137315152557,0.10935526763062742
standard,1000,NO0 0AC,offwind-float,0.4368943944441083,0.32444198219118403,0.1124524122529243
standard,1000,NO0 0AC,offwind-float,0.5361258799382403,0.4399940721832136,0.09613180775502672
standard,1000,NO0 0AC,offwind-float,0.509406360671448,0.40914803801866545,0.1002583226527825
standard,1000,NO0 0AC,offwind-float,0.5246166340131634,0.4256869441362204,0.098929689876943
standard,1000,NO0 0AC,offwind-float,0.5273201574013884,0.4335655128228827,0.09375464457850569
standard,1000,NO0 0AC,offwind-float,0.24300599415043136,0.15821073882729275,0.08479525532313861
standard,1000,NO0 0AC,offwind-float,0.3177347983192541,0.2232221356110084,0.09451266270824571
standard,1000,NO0 0AC,offwind-float,0.30616901121326245,0.20899912725165926,0.0971698839616032
standard,1000,NO0 0AC,offwind-float,0.3898643183569381,0.28771040409029064,0.10215391426664744
standard,1000,NO0 0AC,offwind-float,0.3016841772340731,0.2069000841354506,0.09478409309862248
standard,1000,NO0 0AC,offwind-float,0.37803888690907755,0.2701116887512168,0.10792719815786073
standard,1000,NO0 0AC,offwind-float,0.5362397561586371,0.43499806755503095,0.1012416886036061
standard,1000,NO0 0AC,offwind-float,0.5261899188144669,0.43185531514971237,0.09433460366475449
standard,1000,NO0 0AC,offwind-float,0.5369353769982134,0.43859376684541923,0.09834161015279413
standard,1000,NO0 0AC,offwind-float,0.5410541772803329,0.4443209106861691,0.09673326659416381
standard,1000,NO0 0AC,offwind-float,0.5252625938782051,0.42482033211167947,0.1004422617665256
standard,1000,NO0 0AC,offwind-float,0.4870490310523034,0.3762102376708119,0.1108387933814915
standard,1000,NO0 0AC,offwind-float,0.4282131864777434,0.3316355390702853,0.09657764740745811
standard,1000,NO0 0AC,offwind-float,0.4193130392812965,0.31899736695978015,0.10031567232151634
standard,1000,NO0 0AC,offwind-float,0.31521522422277565,0.21908526201309067,0.09612996220968498
standard,1000,NO0 0AC,offwind-float,0.3603917666741241,0.26931595446497336,0.09107581220915073
standard,1000,NO0 0AC,offwind-float,0.2816915189272813,0.19196708377719104,0.08972443515009024
standard,1000,NO0 0AC,offwind-float,0.2816915189272813,0.1905681186897201,0.09112340023756119
standard,1000,NO0 0AC,offwind-float,0.2816915189272813,0.190787840408015,0.09090367851926628
standard,1000,NO0 0AC,offwind-float,0.03730871487944303,0.01958757088073644,0.01772114399870659
standard,1000,NO0 0AC,offwind-float,0.07596654701950818,0.04330573147034002,0.032660815549168165
standard,1000,NO0 0AC,offwind-float,0.0947856907842929,0.055469219361643354,0.039316471422649546
standard,1000,NO0 0AC,offwind-float,0.0982392157346091,0.05726439545057629,0.04097482028403281
standard,1000,NO0 0AC,offwind-float,0.10871062694429905,0.0643150820299165,0.04439554491438255
standard,1000,NO0 0AC,offwind-float,0.5420190379952281,0.4471703922190024,0.0948486457762257
standard,1000,NO0 0AC,offwind-float,0.5044647118988007,0.4013266671604951,0.10313804473830562
standard,1000,NO0 0AC,offwind-float,0.5399667469541058,0.43884814759914526,0.10111859935496059
standard,1000,NO0 0AC,offwind-float,0.5248054351291968,0.42431128239358273,0.10049415273561402
standard,1000,NO0 0AC,offwind-float,0.546261893971426,0.4521956870939976,0.0940662068774284
standard,1000,NO0 0AC,offwind-float,0.24994585912343645,0.16523953323819948,0.08470632588523697
standard,1000,NO0 0AC,offwind-float,0.5434210932331104,0.44412033719072386,0.09930075604238653
standard,1000,NO0 0AC,offwind-float,0.5066255113183955,0.3934852454409232,0.11314026587747228
standard,1000,NO0 0AC,offwind-float,0.24102330796199933,0.15990964123350024,0.0811136667284991
standard,1000,NO0 0AC,offwind-float,0.09036890918319636,0.05189084516107006,0.0384780640221263
standard,1000,NO0 0AC,offwind-float,0.1351055284607872,0.08243561470464314,0.05266991375614405
standard,1000,NO0 0AC,offwind-float,0.06458997220931993,0.035746427087084594,0.028843545122235338
standard,1000,NO0 0AC,offwind-float,0.11015325498545056,0.06495126846011082,0.045201986525339743
standard,1000,NO0 0AC,offwind-float,0.5491793332942169,0.45145022056271383,0.09772911273150303
standard,1000,NO0 0AC,offwind-float,0.54949641134289,0.4558134434753879,0.09368296786750208
standard,1000,NO0 0AC,offwind-float,0.5429865910737084,0.4446542775577398,0.0983323135159686
standard,1000,NO0 0AC,offwind-float,0.5538764161235267,0.4613956070721356,0.09248080905139106
standard,1000,NO0 0AC,offwind-float,0.5484650018108205,0.44733059845188367,0.10113440335893681
standard,1000,NO0 0AC,offwind-float,0.5144393067801263,0.40329347704900187,0.11114582973112441
standard,1000,NO0 0AC,offwind-float,0.5113542377827137,0.3977610469064455,0.11359319087626824
standard,1000,NO0 0AC,offwind-float,0.5275460227782758,0.41926619999204423,0.10827982278623155
standard,1000,NO0 0AC,offwind-float,0.48198509319526106,0.36967044564774426,0.1123146475475168
standard,1000,NO0 0AC,offwind-float,0.39223029927720604,0.2852018483883707,0.10702845088883534
standard,1000,NO0 0AC,offwind-float,0.5524619203546247,0.45361010536521423,0.09885181498941048
standard,1000,NO0 0AC,offwind-float,0.01871972660362865,0.009267406118846577,0.009452320484782072
standard,1000,NO0 0AC,offwind-float,0.5536799073374026,0.46085795391222295,0.09282195342517963
standard,1000,NO0 0AC,offwind-float,0.5529601780705511,0.4596145502380815,0.09334562783246958
standard,1000,NO0 0AC,offwind-float,0.5545207347922507,0.4605107534946778,0.09400998129757293
standard,1000,NO0 0AC,offwind-float,0.5226764436220523,0.40696480434162635,0.11571163928042599
standard,1000,NO0 0AC,offwind-float,0.5005600838224291,0.39270716466069433,0.10785291916173478
standard,1000,NO0 0AC,offwind-float,0.557852671358419,0.4630388018824519,0.0948138694759671
standard,1000,NO0 0AC,offwind-float,0.5575573591379989,0.47013068536663183,0.08742667377136704
standard,1000,NO0 0AC,offwind-float,0.5379976091847601,0.4311558564946645,0.10684175269009566
standard,1000,NO0 0AC,offwind-float,0.5308123132500251,0.4293938663128597,0.1014184469371654
standard,1000,NO0 0AC,offwind-float,0.5043703009891068,0.3971537192867378,0.10721658170236903
standard,1000,NO0 0AC,offwind-float,0.5569567482235722,0.46898583467354726,0.08797091355002495
standard,1000,NO0 0AC,offwind-float,0.5414108814473495,0.4332411471317671,0.10816973431558241
standard,1000,NO0 0AC,offwind-float,0.5517756286289676,0.4593752827193667,0.09240034590960089
standard,1000,NO0 0AC,offwind-float,0.536722614695943,0.4385820385608277,0.09814057613511523
standard,1000,NO0 0AC,offwind-float,0.542939884750415,0.4462087124939939,0.09673117225642108
standard,1000,NO0 0AC,offwind-float,0.4740065474821804,0.36593790689340827,0.10806864058877214
standard,1000,NO0 0AC,offwind-float,0.5310343088856114,0.42887119513911054,0.10216311374650089
standard,1000,NO0 0AC,offwind-float,0.5340530710959585,0.42549686928961283,0.10855620180634562
standard,1000,NO0 0AC,offwind-float,0.4396192491963126,0.3362849846059355,0.10333426459037715
standard,1000,NO0 0AC,offwind-float,0.5067442076721237,0.4019459244402397,0.104798283231884
standard,1000,NO0 0AC,offwind-float,0.45702360360712024,0.3511176024897555,0.10590600111736476
standard,1000,NO0 0AC,offwind-float,0.49644593895852424,0.39351700301981074,0.1029289359387135
standard,1000,NO0 0AC,offwind-float,0.5069358329806057,0.4067340184484237,0.10020181453218202
standard,1000,NO0 0AC,offwind-float,0.4614504695127011,0.35530195341969856,0.10614851609300252
standard,1000,NO0 0AC,offwind-float,0.5047101591039196,0.406674412448493,0.09803574665542658
standard,1000,NO0 0AC,offwind-float,0.47693651984719004,0.3777574191598872,0.09917910068730285
standard,1000,NO0 0AC,offwind-float,0.4995713137329185,0.4037371015775419,0.09583421215537663
standard,1000,NO0 0AC,offwind-float,0.44227531765710215,0.3392931622826057,0.10298215537449645
standard,1000,NO0 0AC,offwind-float,0.4671813167971173,0.36260685837055684,0.10457445842656043
standard,1000,NO0 0AC,offwind-float,0.44376220359986,0.3316459493719772,0.1121162542278828
standard,1000,BE2 0AC,offwind-ac,0.5005810157187689,0.5005802043620322,8.113567366851981e-07
standard,1000,BE2 0AC,offwind-ac,0.4951950115745678,0.49519496651235717,4.506221062960947e-08
standard,1000,DE2 0AC,offwind-ac,0.48258456389380766,0.48229463520689125,0.0002899286869164075
standard,1000,DE2 0AC,offwind-ac,0.49819438356399454,0.4979597842730673,0.00023459929092722875
standard,1000,DE2 0AC,offwind-ac,0.5111009279856301,0.5108046102457061,0.00029631773992400134
standard,1000,DE2 0AC,offwind-ac,0.46869609106230226,0.46850675584627344,0.00018933521602881864
standard,1000,DE2 0AC,offwind-ac,0.48841333589608116,0.48811955704292015,0.0002937788531610086
standard,1000,DE2 0AC,offwind-ac,0.44625967076014234,0.4227293710740354,0.023530299686106926
standard,1000,DE2 0AC,offwind-ac,0.43794007977088734,0.4133638422061684,0.02457623756471894
standard,1000,DE2 0AC,offwind-ac,0.46336818343457614,0.45694741480996104,0.006420768624615103
standard,1000,DK2 0AC,offwind-ac,0.4588414393403318,0.399751857691244,0.059089581649087786
standard,1000,DK2 0AC,offwind-ac,0.517536020243599,0.5162896214870906,0.0012463987565084489
standard,1000,DK2 0AC,offwind-ac,0.5221766693782549,0.516865327750883,0.005311341627371902
standard,1000,DK2 0AC,offwind-ac,0.5201337240689655,0.5180968223789837,0.0020369016899818293
standard,1000,DK2 0AC,offwind-ac,0.5032731041174585,0.47913169310362475,0.02414141101383377
standard,1000,DK2 0AC,offwind-ac,0.5053637563893298,0.49085373286879536,0.014510023520534487
standard,1000,DK2 0AC,offwind-ac,0.5095570886274843,0.487336989035654,0.0222200995918303
standard,1000,DK2 0AC,offwind-ac,0.42014774813994893,0.3479371711064669,0.07221057703348205
standard,1000,DK2 0AC,offwind-ac,0.4953640980327151,0.47147120987550917,0.023892888157205916
standard,1000,DK2 0AC,offwind-ac,0.49118346912225075,0.4691668557235968,0.02201661339865396
standard,1000,DK2 0AC,offwind-ac,0.5003875737698295,0.47134137083194894,0.029046202937880516
standard,1000,DK2 0AC,offwind-ac,0.501444988823367,0.4990497194448684,0.0023952693784985435
standard,1000,DK2 0AC,offwind-ac,0.47150396046798626,0.4277726078853046,0.04373135258268168
standard,1000,DK2 0AC,offwind-ac,0.425417250958651,0.35679110296648325,0.06862614799216776
standard,1000,DK2 0AC,offwind-ac,0.5086270423754282,0.5026143622988346,0.006012680076593613
standard,1000,DK2 0AC,offwind-ac,0.46887625903027996,0.43928682700458493,0.02958943202569503
standard,1000,DK2 0AC,offwind-ac,0.4426890844802598,0.3946838195010002,0.04800526497925961
standard,1000,DK2 0AC,offwind-ac,0.48288421107864105,0.4683186327653415,0.014565578313299521
standard,1000,GB1 0AC,offwind-ac,0.2817726722530116,0.21359341239244115,0.06817925986057047
standard,1000,GB1 0AC,offwind-ac,0.23475393086614613,0.16838250109401798,0.06637142977212815
standard,1000,GB1 0AC,offwind-ac,0.40687621392021683,0.3849831395417029,0.021893074378513955
standard,1000,GB1 0AC,offwind-ac,0.3402011804576922,0.2661465666887271,0.0740546137689651
standard,1000,GB1 0AC,offwind-ac,0.4123539065412488,0.4048903089336556,0.007463597607593242
standard,1000,GB1 0AC,offwind-ac,0.3732910681511591,0.31862667570303144,0.05466439244812765
standard,1000,GB1 0AC,offwind-ac,0.46897650540551916,0.46185786839373344,0.007118637011785722
standard,1000,GB1 0AC,offwind-ac,0.3996384477793258,0.33645374523650023,0.06318470254282554
standard,1000,GB1 0AC,offwind-ac,0.42828880928310253,0.4147282490790259,0.013560560204076644
standard,1000,GB1 0AC,offwind-ac,0.36537940968971533,0.2982154956563102,0.0671639140334051
standard,1000,GB1 0AC,offwind-ac,0.39090888609611546,0.32663442380069596,0.0642744622954195
standard,1000,GB1 0AC,offwind-ac,0.347537927742674,0.27031059793849826,0.07722732980417574
standard,1000,GB1 0AC,offwind-ac,0.38810357937491435,0.3287961085910977,0.05930747078381665
standard,1000,GB1 0AC,offwind-ac,0.4234936873509509,0.41197367802936924,0.011520009321581648
standard,1000,GB1 0AC,offwind-ac,0.4231567944037297,0.4139980326160987,0.009158761787631031
standard,1000,GB1 0AC,offwind-ac,0.45268060792974807,0.44168260053275477,0.010998007396993303
standard,1000,GB1 0AC,offwind-ac,0.45063585608738604,0.434089739756272,0.016546116331114025
standard,1000,GB1 0AC,offwind-ac,0.4134810004385352,0.3748209480338434,0.03866005240469178
standard,1000,GB1 0AC,offwind-ac,0.46596041931562915,0.44743063133641076,0.018529787979218393
standard,1000,GB1 0AC,offwind-ac,0.39559114916851257,0.3212396128633052,0.07435153630520736
standard,1000,GB1 0AC,offwind-ac,0.4040495774457943,0.3345597972100144,0.0694897802357799
standard,1000,GB1 0AC,offwind-ac,0.4401152637644494,0.3873402834704113,0.052774980294038154
standard,1000,GB1 0AC,offwind-ac,0.4509045601343805,0.44427464723391674,0.006629912900463775
standard,1000,GB1 0AC,offwind-ac,0.45199113019789505,0.42736779562565025,0.024623334572244804
standard,1000,GB1 0AC,offwind-ac,0.44408747722251596,0.4204974735260804,0.023590003696435546
standard,1000,GB1 0AC,offwind-ac,0.45072622217393665,0.4380428781637406,0.012683344010196052
standard,1000,GB1 0AC,offwind-ac,0.47008668356014466,0.4462286795796821,0.02385800398046256
standard,1000,GB1 0AC,offwind-ac,0.4742002332834648,0.4562956872239343,0.017904546059530457
standard,1000,GB1 0AC,offwind-ac,0.4645857978407425,0.45520291511878835,0.009382882721954144
standard,1000,GB1 0AC,offwind-ac,0.45689297221536745,0.44730667856091383,0.009586293654453626
standard,1000,GB1 0AC,offwind-ac,0.41743498805347573,0.3539662479711242,0.06346874008235154
standard,1000,GB1 0AC,offwind-ac,0.3705076754461045,0.2918063474619878,0.07870132798411672
standard,1000,GB1 0AC,offwind-ac,0.481140216384429,0.4584913445450936,0.022648871839335394
standard,1000,GB1 0AC,offwind-ac,0.4848855371412515,0.464574128749239,0.02031140839201251
standard,1000,GB1 0AC,offwind-ac,0.46724894511727505,0.4526275410887312,0.014621404028543838
standard,1000,GB1 0AC,offwind-ac,0.502939070662193,0.4810660197811035,0.021873050881089484
standard,1000,GB1 0AC,offwind-ac,0.4860417955563462,0.4677230441933589,0.018318751362987273
standard,1000,GB1 0AC,offwind-ac,0.45117163947635497,0.4257588424299145,0.02541279704644045
standard,1000,GB1 0AC,offwind-ac,0.48909969031519956,0.4791891543929716,0.009910535922227959
standard,1000,GB1 0AC,offwind-ac,0.448143308683991,0.40848956899195094,0.03965373969204006
standard,1000,GB1 0AC,offwind-ac,0.4405684807199668,0.3884046510353607,0.05216382968460609
standard,1000,GB1 0AC,offwind-ac,0.4811820473349918,0.46562283442676583,0.015559212908225983
standard,1000,GB1 0AC,offwind-ac,0.47335597142019814,0.4548249077098271,0.018531063710371054
standard,1000,GB1 0AC,offwind-ac,0.4667907048052117,0.440531657149644,0.02625904765556769
standard,1000,GB1 0AC,offwind-ac,0.5064766357907898,0.480695400688556,0.025781235102233846
standard,1000,GB1 0AC,offwind-ac,0.5016954382153009,0.483909140504452,0.01778629771084894
standard,1000,GB1 0AC,offwind-ac,0.5096482225296961,0.47630660002865505,0.03334162250104106
standard,1000,GB1 0AC,offwind-ac,0.4883780080030154,0.46267085071623354,0.025707157286781857
standard,1000,GB1 0AC,offwind-ac,0.5077162803447234,0.4708440080044684,0.036872272340254975
standard,1000,GB4 0AC,offwind-ac,0.5061182940415384,0.44082677147171057,0.06529152256982784
standard,1000,GB4 0AC,offwind-ac,0.5061182940415384,0.4470039112162453,0.05911438282529313
standard,1000,GB4 0AC,offwind-ac,0.528286656190171,0.4961513048373701,0.032135351352800934
standard,1000,GB4 0AC,offwind-ac,0.5313741762097042,0.49919719275299124,0.03217698345671294
standard,1000,NL2 0AC,offwind-ac,0.5085402444770101,0.5073468800489234,0.0011933644280867073
standard,1000,NL2 0AC,offwind-ac,0.4976350530137983,0.49644655538469146,0.0011884976291068328
standard,1000,NL2 0AC,offwind-ac,0.5094140443386818,0.508169415994885,0.0012446283437967942
standard,1000,NL2 0AC,offwind-ac,0.5067532063994348,0.5056052434552306,0.0011479629442041617
standard,1000,NL2 0AC,offwind-ac,0.3835228285161015,0.32392998312206134,0.05959284539404014
standard,1000,NL2 0AC,offwind-ac,0.5052789769747873,0.5035667466650137,0.0017122303097736324
standard,1000,NL2 0AC,offwind-ac,0.47620538661864087,0.4752754333127417,0.0009299533058991782
standard,1000,NL2 0AC,offwind-ac,0.4966894886052412,0.49587776554444,0.0008117230608011838
standard,1000,NL2 0AC,offwind-ac,0.5063828331904813,0.5042892814068604,0.002093551783620917
standard,1000,NL2 0AC,offwind-ac,0.4716174878156184,0.46241903405454143,0.009198453761076975
standard,1000,NL2 0AC,offwind-ac,0.4906046751571272,0.48989928383475767,0.0007053913223695196
standard,1000,NL2 0AC,offwind-ac,0.48263418609694114,0.47731510918073133,0.005319076916209808
standard,1000,NL2 0AC,offwind-ac,0.5091487540837212,0.5073876042774037,0.0017611498063174746
standard,1000,NL2 0AC,offwind-ac,0.5046473463138778,0.49819849544676287,0.006448850867114886
standard,1000,NL2 0AC,offwind-ac,0.5024028003317488,0.49978808684300446,0.0026147134887443135
standard,1000,NL2 0AC,offwind-ac,0.5106515395381274,0.50854408077497,0.0021074587631573216
standard,1000,NO0 0AC,offwind-ac,0.3177347983192541,0.2589585114462239,0.058776286873030215
standard,1000,NO0 0AC,offwind-ac,0.355233101084205,0.30199354018339614,0.05323956090080889
standard,1000,NO0 0AC,offwind-ac,0.3016841772340731,0.23864895330656818,0.06303522392750491
standard,1000,NO0 0AC,offwind-ac,0.37803888690907755,0.3273323121929697,0.050706574716107844
standard,1000,NO0 0AC,offwind-ac,0.3778293818797775,0.32441860397615424,0.05341077790362325
standard,1000,NO0 0AC,offwind-ac,0.3986457498414863,0.352395289851045,0.046250459990441306
standard,1000,NO0 0AC,offwind-ac,0.4488740122324182,0.4226845101592857,0.026189502073132476
standard,1000,NO0 0AC,offwind-ac,0.3469954128719608,0.289729990403707,0.05726542246825378
standard,1000,NO0 0AC,offwind-ac,0.23755948851431588,0.17643052184417365,0.061128966670142226
standard,1000,NO0 0AC,offwind-ac,0.36131213994161027,0.30695533222172555,0.054356807719884714
standard,1000,NO0 0AC,offwind-ac,0.1991120118312461,0.1405780640588632,0.05853394777238291
standard,1000,NO0 0AC,offwind-ac,0.3722708532355525,0.31963056137726553,0.05264029185828695
standard,1000,NO0 0AC,offwind-ac,0.332492368638513,0.27048161468235876,0.06201075395615424
standard,1000,NO0 0AC,offwind-ac,0.3120052065772373,0.25448577774919534,0.05751942882804195
standard,1000,NO0 0AC,offwind-ac,0.33890062476803995,0.28367608406078687,0.05522454070725308
standard,1000,BE2 0AC,offwind-dc,0.5273388484521191,0.5149868926313669,0.012351955820752214
standard,1000,BE2 0AC,offwind-dc,0.525437461678747,0.5094115213941862,0.016025940284560836
standard,1000,DE2 0AC,offwind-dc,0.5065268351045953,0.5064614933055739,6.534179902140114e-05
standard,1000,DE2 0AC,offwind-dc,0.5106354155198879,0.5066446302348981,0.003990785284989751
standard,1000,DE2 0AC,offwind-dc,0.5153322691181799,0.5137484537832546,0.0015838153349252426
standard,1000,DE2 0AC,offwind-dc,0.515831921895475,0.515769826080334,6.209581514105e-05
standard,1000,DE2 0AC,offwind-dc,0.5180287071823776,0.5160951023559456,0.0019336048264320116
standard,1000,DE2 0AC,offwind-dc,0.5076577877794626,0.5075138429998898,0.00014394477957280216
standard,1000,DE2 0AC,offwind-dc,0.5118633459071211,0.5082013748697024,0.003661971037418721
standard,1000,DE2 0AC,offwind-dc,0.5134268765435683,0.5097712498109378,0.0036556267326305347
standard,1000,DE2 0AC,offwind-dc,0.5129618944133203,0.5121213229550748,0.0008405714582454538
standard,1000,DE2 0AC,offwind-dc,0.5138124153973999,0.5107101291118914,0.00310228628550846
standard,1000,DE2 0AC,offwind-dc,0.5200815792194536,0.5199954893234763,8.608989597735928e-05
standard,1000,DE2 0AC,offwind-dc,0.5178514936727658,0.5177608749088181,9.061876394778068e-05
standard,1000,DE2 0AC,offwind-dc,0.514498505483893,0.5107103552157988,0.0037881502680942036
standard,1000,DE2 0AC,offwind-dc,0.519295228615278,0.5192550526042523,4.0176011025683245e-05
standard,1000,DE2 0AC,offwind-dc,0.515379671014827,0.5102687615600735,0.005110909454753454
standard,1000,DE2 0AC,offwind-dc,0.5178054563511881,0.5177214712791465,8.398507204165906e-05
standard,1000,DE2 0AC,offwind-dc,0.5174658632667166,0.5165709115306895,0.0008949517360271608
standard,1000,DE2 0AC,offwind-dc,0.5194452567954175,0.519388921136073,5.6335659344486366e-05
standard,1000,DE2 0AC,offwind-dc,0.5202753886255023,0.5202297751850864,4.561344041587034e-05
standard,1000,DE2 0AC,offwind-dc,0.521070776876142,0.5210059799127005,6.479696344152686e-05
standard,1000,DE2 0AC,offwind-dc,0.5181373468657571,0.5180701646557686,6.718220998847002e-05
standard,1000,DE2 0AC,offwind-dc,0.5168435913901102,0.5156257708818963,0.0012178205082138405
standard,1000,DE2 0AC,offwind-dc,0.5125899490976473,0.5009855074763607,0.011604441621286599
standard,1000,DE2 0AC,offwind-dc,0.5177903854368757,0.51770450574719,8.587968968576387e-05
standard,1000,DE2 0AC,offwind-dc,0.5191068279278944,0.5190600634037618,4.6764524132658636e-05
standard,1000,DE2 0AC,offwind-dc,0.5182803343980562,0.5182339267161211,4.640768193509004e-05
standard,1000,DE2 0AC,offwind-dc,0.5103002951923798,0.5009282223852701,0.009372072807109721
standard,1000,DE2 0AC,offwind-dc,0.5194279570988408,0.5189400250786774,0.0004879320201633952
standard,1000,DE2 0AC,offwind-dc,0.5197798355198641,0.5197335202267359,4.631529312815186e-05
standard,1000,DE2 0AC,offwind-dc,0.5202472907520065,0.5201616545159357,8.56362360708296e-05
standard,1000,DE2 0AC,offwind-dc,0.5197411726240418,0.5195275102032858,0.00021366242075604447
standard,1000,DE2 0AC,offwind-dc,0.5167454915050975,0.5166014796475692,0.00014401185752832557
standard,1000,DE2 0AC,offwind-dc,0.5125834897686656,0.5096620646413365,0.0029214251273291802
standard,1000,DE2 0AC,offwind-dc,0.5185001061111433,0.5181986729561459,0.0003014331549974214
standard,1000,DE2 0AC,offwind-dc,0.518427310002217,0.51817302897944,0.00025428102277702536
standard,1000,DE2 0AC,offwind-dc,0.5147533237976039,0.5099907445544486,0.004762579243155263
standard,1000,DE2 0AC,offwind-dc,0.5066141289569397,0.497339251724114,0.009274877232825718
standard,1000,DE2 0AC,offwind-dc,0.5177732207656139,0.5147623633985932,0.0030108573670207806
standard,1000,DE2 0AC,offwind-dc,0.5141342234347911,0.5123513070010478,0.0017829164337432868
standard,1000,DE2 0AC,offwind-dc,0.5020284884030654,0.48483697322325703,0.017191515179808325
standard,1000,DK2 0AC,offwind-dc,0.5097167285484121,0.46176395690060235,0.047952771647809755
standard,1000,DK2 0AC,offwind-dc,0.5138460255226049,0.4666151748064495,0.04723085071615546
standard,1000,DK2 0AC,offwind-dc,0.5081235323368883,0.4608119279039237,0.047311604432964616
standard,1000,DK2 0AC,offwind-dc,0.5200038507401525,0.4788890557724288,0.041114794967723745
standard,1000,DK2 0AC,offwind-dc,0.5151634214932841,0.47091296255132803,0.04425045894195606
standard,1000,DK2 0AC,offwind-dc,0.5116607389712553,0.464383051475667,0.047277687495588305
standard,1000,DK2 0AC,offwind-dc,0.5150028809767465,0.46914908966387525,0.04585379131287126
standard,1000,DK2 0AC,offwind-dc,0.5150585637960275,0.4678682033929238,0.04719036040310376
standard,1000,DK2 0AC,offwind-dc,0.5148185165936013,0.46584870303315506,0.048969813560446274
standard,1000,DK2 0AC,offwind-dc,0.5324145718351422,0.4996195907114136,0.032794981123728584
standard,1000,DK2 0AC,offwind-dc,0.5181771697647822,0.4753811282092375,0.04279604155554473
standard,1000,DK2 0AC,offwind-dc,0.5197783089989393,0.47538195018108936,0.044396358817849924
standard,1000,DK2 0AC,offwind-dc,0.525533127699154,0.48955179762454626,0.03598133007460769
standard,1000,DK2 0AC,offwind-dc,0.5229164627743845,0.47285890210283144,0.05005756067155309
standard,1000,DK2 0AC,offwind-dc,0.5162605685064704,0.4667257771128809,0.04953479139358952
standard,1000,DK2 0AC,offwind-dc,0.523201357399358,0.4814171898284695,0.04178416757088854
standard,1000,DK2 0AC,offwind-dc,0.5274328032466279,0.48983660231762643,0.037596200929001455
standard,1000,DK2 0AC,offwind-dc,0.5186757244553318,0.47330702261126195,0.04536870184406988
standard,1000,DK2 0AC,offwind-dc,0.527013485224132,0.4887512854992566,0.038262199724875434
standard,1000,DK2 0AC,offwind-dc,0.5197674519383043,0.4736696436167381,0.046097808321566236
standard,1000,DK2 0AC,offwind-dc,0.5368445081758836,0.5084661959432619,0.02837831223262166
standard,1000,DK2 0AC,offwind-dc,0.5220352567034993,0.4753199150036032,0.04671534169989605
standard,1000,DK2 0AC,offwind-dc,0.5229634759956091,0.4808323399209268,0.04213113607468233
standard,1000,DK2 0AC,offwind-dc,0.5273085617558427,0.4865537574150188,0.04075480434082396
standard,1000,DK2 0AC,offwind-dc,0.5421513665850811,0.5200997266665885,0.02205163991849257
standard,1000,DK2 0AC,offwind-dc,0.5492412716498547,0.5478735654651794,0.0013677061846752991
standard,1000,DK2 0AC,offwind-dc,0.5233724330525537,0.47299743071398026,0.050375002338573394
standard,1000,DK2 0AC,offwind-dc,0.5254010119793558,0.4814809704501417,0.04392004152921414
standard,1000,DK2 0AC,offwind-dc,0.5319327982878057,0.49777635766756684,0.03415644062023887
standard,1000,DK2 0AC,offwind-dc,0.5317711589583288,0.49385069398845743,0.03792046496987139
standard,1000,DK2 0AC,offwind-dc,0.5464482925625507,0.5449297508624973,0.0015185417000533885
standard,1000,DK2 0AC,offwind-dc,0.5223122259666413,0.4731668528096694,0.04914537315697187
standard,1000,DK2 0AC,offwind-dc,0.52702013261417,0.48012073880453443,0.04689939380963559
standard,1000,DK2 0AC,offwind-dc,0.5364715487324246,0.5068757431571311,0.02959580557529351
standard,1000,DK2 0AC,offwind-dc,0.5338155581282912,0.4960331155704624,0.037782442557828755
standard,1000,DK2 0AC,offwind-dc,0.5271721271753138,0.4852146707519422,0.04195745642337162
standard,1000,DK2 0AC,offwind-dc,0.5382499304057661,0.5107989271584364,0.02745100324732963
standard,1000,DK2 0AC,offwind-dc,0.5338161891115284,0.4994648279286066,0.034351361182921814
standard,1000,DK2 0AC,offwind-dc,0.5239354946083672,0.4746845759578797,0.049250918650487474
standard,1000,DK2 0AC,offwind-dc,0.5514697846416402,0.5501239183784188,0.001345866263221418
standard,1000,DK2 0AC,offwind-dc,0.5249508467195091,0.48071531528084843,0.04423553143866066
standard,1000,DK2 0AC,offwind-dc,0.5418780663041526,0.5192923434392763,0.022585722864876256
standard,1000,DK2 0AC,offwind-dc,0.5284293801421707,0.48745726541064277,0.0409721147315279
standard,1000,DK2 0AC,offwind-dc,0.540813183047806,0.5159086799372425,0.02490450311056347
standard,1000,DK2 0AC,offwind-dc,0.5495329959225872,0.5476045369422022,0.0019284589803849617
standard,1000,DK2 0AC,offwind-dc,0.5360126773034074,0.5070946033139501,0.028918073989457338
standard,1000,DK2 0AC,offwind-dc,0.5296288741536771,0.49894014658573216,0.03068872756794494
standard,1000,DK2 0AC,offwind-dc,0.524967692073086,0.5154978226412524,0.009469869431833589
standard,1000,FR2 0AC,offwind-dc,0.51843754842637,0.5184373388754578,2.095509121780026e-07
standard,1000,FR2 0AC,offwind-dc,0.5048871695785504,0.497303886553529,0.007583283025021426
standard,1000,GB1 0AC,offwind-dc,0.484733100898635,0.47642261972155714,0.008310481177077889
standard,1000,GB1 0AC,offwind-dc,0.49100587121401423,0.4854312142031431,0.00557465701087112
standard,1000,GB1 0AC,offwind-dc,0.4951799437621355,0.48695013390485214,0.008229809857283332
standard,1000,GB1 0AC,offwind-dc,0.5082770574299204,0.5016157794611871,0.006661277968733281
standard,1000,GB1 0AC,offwind-dc,0.5020409376624703,0.44981746455620025,0.05222347310627001
standard,1000,GB1 0AC,offwind-dc,0.5070711569429794,0.4588173663181537,0.048253790624825765
standard,1000,GB1 0AC,offwind-dc,0.500527472697787,0.4447918745707393,0.05573559812704765
standard,1000,GB1 0AC,offwind-dc,0.5081150499236031,0.4608467682118865,0.0472682817117166
standard,1000,GB1 0AC,offwind-dc,0.5112360971365342,0.4659344476280334,0.045301649508500796
standard,1000,GB1 0AC,offwind-dc,0.5082089559452642,0.46472294050157814,0.04348601544368602
standard,1000,GB1 0AC,offwind-dc,0.5100309798896141,0.4647293734636486,0.04530160642596548
standard,1000,GB1 0AC,offwind-dc,0.5100842814178503,0.46231084229178343,0.04777343912606691
standard,1000,GB1 0AC,offwind-dc,0.5044915644170057,0.4513168692736184,0.053174695143387296
standard,1000,GB1 0AC,offwind-dc,0.5083568904863419,0.46360602368302634,0.04475086680331558
standard,1000,GB1 0AC,offwind-dc,0.5129289037399066,0.506091018925811,0.0068378848140956405
standard,1000,GB1 0AC,offwind-dc,0.5090590493237659,0.5006785211318477,0.008380528191918146
standard,1000,GB1 0AC,offwind-dc,0.50811985097886,0.4566395217940558,0.05148032918480422
standard,1000,GB1 0AC,offwind-dc,0.5118373282845525,0.462132264919212,0.04970506336534053
standard,1000,GB1 0AC,offwind-dc,0.5077897027579503,0.4610460229534126,0.0467436798045377
standard,1000,GB1 0AC,offwind-dc,0.5134035398404306,0.4670320211357957,0.046371518704634906
standard,1000,GB1 0AC,offwind-dc,0.5124024074205633,0.4666486776582835,0.045753729762279816
standard,1000,GB1 0AC,offwind-dc,0.5010689029092884,0.44278577558267934,0.05828312732660906
standard,1000,GB1 0AC,offwind-dc,0.5082768001645829,0.462740342012488,0.045536458152094894
standard,1000,GB1 0AC,offwind-dc,0.5012301893900937,0.4418567336197829,0.05937345577031078
standard,1000,GB1 0AC,offwind-dc,0.5115023407336925,0.4601301660482246,0.0513721746854679
standard,1000,GB1 0AC,offwind-dc,0.5117951466071041,0.45922938349362513,0.05256576311347899
standard,1000,GB1 0AC,offwind-dc,0.507477461420513,0.494996207153962,0.012481254266551
standard,1000,GB1 0AC,offwind-dc,0.5132282716876745,0.4649131111691916,0.04831516051848289
standard,1000,GB1 0AC,offwind-dc,0.5147185938173602,0.5046477726238906,0.010070821193469581
standard,1000,GB1 0AC,offwind-dc,0.5118930764545343,0.4634274404946583,0.04846563595987602
standard,1000,GB1 0AC,offwind-dc,0.5089822384906656,0.4538478882814046,0.055134350209260996
standard,1000,GB1 0AC,offwind-dc,0.5077014408957923,0.46057064084858534,0.04713080004720693
standard,1000,GB1 0AC,offwind-dc,0.5229837050214091,0.5062967236453999,0.016686981376009213
standard,1000,GB1 0AC,offwind-dc,0.5126552133892772,0.46457890580532357,0.04807630758395365
standard,1000,GB1 0AC,offwind-dc,0.5071636575147591,0.4602475867750872,0.04691607073967191
standard,1000,GB1 0AC,offwind-dc,0.5253487677774173,0.5124333660676399,0.012915401709777452
standard,1000,GB1 0AC,offwind-dc,0.5088183504930793,0.45781480661619045,0.05100354387688888
standard,1000,GB1 0AC,offwind-dc,0.5106624223413758,0.4610559122769515,0.04960651006442435
standard,1000,GB1 0AC,offwind-dc,0.5121906729087815,0.46033755638738105,0.051853116521400455
standard,1000,GB1 0AC,offwind-dc,0.5295202919256435,0.5011158594875238,0.028404432438119742
standard,1000,GB1 0AC,offwind-dc,0.5114208465111776,0.46183747581185247,0.04958337069932511
standard,1000,GB1 0AC,offwind-dc,0.5115095949860298,0.46219830479132057,0.0493112901947092
standard,1000,GB1 0AC,offwind-dc,0.5054510990267451,0.45770186131359314,0.04774923771315198
standard,1000,GB1 0AC,offwind-dc,0.506750759086984,0.45304972516274095,0.053701033924243025
standard,1000,GB1 0AC,offwind-dc,0.5120903038808677,0.46309573046184677,0.04899457341902097
standard,1000,GB1 0AC,offwind-dc,0.5268958856996181,0.4980407035593531,0.028855182140265
standard,1000,GB1 0AC,offwind-dc,0.5166732782112435,0.4973552329178646,0.019318045293378938
standard,1000,GB1 0AC,offwind-dc,0.509487004243339,0.4617523278549394,0.04773467638839962
standard,1000,GB1 0AC,offwind-dc,0.5058802457937941,0.4976419505296932,0.008238295264100914
standard,1000,GB1 0AC,offwind-dc,0.5098446977326422,0.45962305215758664,0.05022164557505554
standard,1000,GB1 0AC,offwind-dc,0.5153799420015776,0.46377882437362106,0.051601117627956494
standard,1000,GB1 0AC,offwind-dc,0.5204378138293414,0.4949966925399097,0.025441121289431712
standard,1000,GB1 0AC,offwind-dc,0.5115844002799849,0.4614306755964895,0.05015372468349538
standard,1000,GB1 0AC,offwind-dc,0.5066640314524287,0.4572824290635089,0.049381602388919754
standard,1000,GB1 0AC,offwind-dc,0.5061903843120452,0.4895445964344894,0.01664578787755583
standard,1000,GB1 0AC,offwind-dc,0.5300054183586873,0.5050230808362731,0.02498233752241419
standard,1000,GB1 0AC,offwind-dc,0.5176164682508299,0.5026042833573933,0.015012184893436586
standard,1000,GB1 0AC,offwind-dc,0.5152964750233334,0.46654080430732914,0.048755670716004285
standard,1000,GB1 0AC,offwind-dc,0.5284352907949373,0.5106099091694875,0.017825381625449888
standard,1000,GB1 0AC,offwind-dc,0.5209415813907814,0.5114441551592787,0.009497426231502737
standard,1000,GB1 0AC,offwind-dc,0.5083038481358763,0.45936282412850415,0.0489410240073721
standard,1000,GB1 0AC,offwind-dc,0.5045587413385053,0.45982574415328575,0.04473299718521956
standard,1000,GB1 0AC,offwind-dc,0.5069219505376656,0.5006537720925988,0.006268178445066885
standard,1000,GB1 0AC,offwind-dc,0.5139525058830187,0.46356424615771114,0.05038825972530753
standard,1000,GB1 0AC,offwind-dc,0.5254746523697333,0.5163876384325481,0.009087013937185251
standard,1000,GB1 0AC,offwind-dc,0.5044186137797265,0.46057794785437606,0.043840665925350464
standard,1000,GB1 0AC,offwind-dc,0.5192924012171857,0.5139915885308449,0.00530081268634075
standard,1000,GB1 0AC,offwind-dc,0.5062716903955737,0.4997010293709637,0.006570661024610014
standard,1000,GB4 0AC,offwind-dc,0.5250378768452316,0.4436850757655467,0.0813528010796849
standard,1000,GB4 0AC,offwind-dc,0.5222239479931172,0.43905372644086793,0.08317022155224929
standard,1000,GB4 0AC,offwind-dc,0.5117162159588807,0.404861470875129,0.1068547450837517
standard,1000,GB4 0AC,offwind-dc,0.5229009531766539,0.5026315763699349,0.02026937680671892
standard,1000,NL2 0AC,offwind-dc,0.5064202210983265,0.4945757097020486,0.011844511396277901
standard,1000,NL2 0AC,offwind-dc,0.5289166672155756,0.5261161124474812,0.0028005547680943765
standard,1000,NL2 0AC,offwind-dc,0.5060492381937652,0.4962435445152035,0.009805693678561711
standard,1000,NL2 0AC,offwind-dc,0.5131430725973954,0.503592991773586,0.009550080823809481
standard,1000,NL2 0AC,offwind-dc,0.5300613590132986,0.5287402366647114,0.001321122348587278
standard,1000,NL2 0AC,offwind-dc,0.523125935689657,0.5220793348654534,0.001046600824203603
standard,1000,NL2 0AC,offwind-dc,0.512023063898701,0.4901136246940938,0.021909439204607195
standard,1000,NL2 0AC,offwind-dc,0.5050200253011722,0.49377401476402993,0.011246010537142248
standard,1000,NL2 0AC,offwind-dc,0.5127267762617378,0.5021857197525017,0.01054105650923609
standard,1000,NL2 0AC,offwind-dc,0.5290947253826769,0.5275400963255807,0.0015546290570961352
standard,1000,NL2 0AC,offwind-dc,0.5168375989492798,0.5165283881398451,0.00030921080943469015
standard,1000,NL2 0AC,offwind-dc,0.5075140688793818,0.4946536996361885,0.012860369243193281
standard,1000,NL2 0AC,offwind-dc,0.5069820354443791,0.5048939459498789,0.0020880894945002337
standard,1000,NL2 0AC,offwind-dc,0.5264792768713443,0.5256354646044908,0.0008438122668534831
standard,1000,NL2 0AC,offwind-dc,0.5276350989305032,0.5255161796675603,0.002118919262942942
standard,1000,NL2 0AC,offwind-dc,0.5210649308341792,0.5206247798426709,0.0004401509915082924
standard,1000,NL2 0AC,offwind-dc,0.5055581917165827,0.4950258061010516,0.010532385615531048
standard,1000,NL2 0AC,offwind-dc,0.5048292993801479,0.4915480113334619,0.01328128804668599
standard,1000,NL2 0AC,offwind-dc,0.5069764208098861,0.5064504672461299,0.0005259535637562873
standard,1000,NL2 0AC,offwind-dc,0.5248602244317093,0.5241703957273762,0.0006898287043330953
standard,1000,NL2 0AC,offwind-dc,0.5170891704960856,0.5065097310797005,0.010579439416385061
standard,1000,NL2 0AC,offwind-dc,0.5155449075306604,0.5056247182441499,0.009920189286510506
standard,1000,NL2 0AC,offwind-dc,0.5056271940553532,0.49325725025304334,0.012369943802309824
standard,1000,NL2 0AC,offwind-dc,0.5109530784178136,0.499590158619864,0.011362919797949567
standard,1000,NL2 0AC,offwind-dc,0.5045694401688982,0.49245674091843883,0.012112699250459324
standard,1000,NL2 0AC,offwind-dc,0.5224218812864941,0.5213584030364424,0.0010634782500517082
standard,1000,NL2 0AC,offwind-dc,0.5056193260788778,0.4947051599151351,0.010914166163742745
standard,1000,NL2 0AC,offwind-dc,0.5192788466560809,0.5189002159696374,0.00037863068644350406
standard,1000,NL2 0AC,offwind-dc,0.5067538870106646,0.4915575454919145,0.0151963415187501
standard,1000,NL2 0AC,offwind-dc,0.5175237260551433,0.5078824591792929,0.00964126687585043
standard,1000,NL2 0AC,offwind-dc,0.5145948251449644,0.504220658947626,0.01037416619733833
standard,1000,NL2 0AC,offwind-dc,0.5103878042456053,0.49587486122945906,0.014512943016146196
standard,1000,NL2 0AC,offwind-dc,0.50599045587386,0.4950526895429947,0.01093776633086535
standard,1000,NL2 0AC,offwind-dc,0.5084113904504473,0.5050000091411919,0.0034113813092553347
standard,1000,NL2 0AC,offwind-dc,0.5154600021415344,0.5029869539041694,0.012473048237365059
standard,1000,NL2 0AC,offwind-dc,0.5077107416084822,0.49352905039692296,0.01418169121155921
standard,1000,NL2 0AC,offwind-dc,0.5150382043870876,0.5015641042463804,0.013474100140707157
standard,1000,NL2 0AC,offwind-dc,0.5123954258311253,0.5000545073040922,0.012340918527033118
standard,1000,NL2 0AC,offwind-dc,0.5077555653304815,0.49663985567315194,0.011115709657329553
standard,1000,NL2 0AC,offwind-dc,0.510575608481522,0.497495366958499,0.01308024152302295
standard,1000,NL2 0AC,offwind-dc,0.5151535708605275,0.5022259851039269,0.01292758575660058
standard,1000,NL2 0AC,offwind-dc,0.5113157163464478,0.5022861825631659,0.009029533783281862
standard,1000,NL2 0AC,offwind-dc,0.5094416815776688,0.5015970417361635,0.007844639841505296
standard,1000,NL2 0AC,offwind-dc,0.5151370694343306,0.5035402317762092,0.011596837658121362
standard,1000,NL2 0AC,offwind-dc,0.5091949740703816,0.4966476071409355,0.012547366929446135
standard,1000,NL2 0AC,offwind-dc,0.5122963025753662,0.4995516774506675,0.012744625124698705
standard,1000,NL2 0AC,offwind-dc,0.5140531926441114,0.5016407755293,0.012412417114811447
standard,1000,NL2 0AC,offwind-dc,0.5097221108016313,0.4998232637695142,0.00989884703211713
standard,1000,NL2 0AC,offwind-dc,0.5143148288315293,0.5000098701236828,0.014304958707846538
standard,1000,NL2 0AC,offwind-dc,0.5145081808553351,0.5019273088220224,0.012580872033312707
standard,1000,NL2 0AC,offwind-dc,0.5139214450058834,0.500708815057877,0.013212629948006427
standard,1000,NL2 0AC,offwind-dc,0.5112326701047759,0.4993750381839767,0.011857631920799194
standard,1000,NL2 0AC,offwind-dc,0.5119488801081481,0.5036278124343686,0.008321067673779492
standard,1000,NL2 0AC,offwind-dc,0.5140748588703126,0.5033638623349401,0.010710996535372441
standard,1000,NL2 0AC,offwind-dc,0.5160197520977108,0.505020732166356,0.01099901993135477
standard,1000,NL2 0AC,offwind-dc,0.5190528649785232,0.518630364938012,0.00042250004051125334
standard,1000,NL2 0AC,offwind-dc,0.5176544658440512,0.5168637004061658,0.0007907654378853657
standard,1000,NL2 0AC,offwind-dc,0.5162306109302797,0.5031700307418283,0.013060580188451354
standard,1000,NL2 0AC,offwind-dc,0.5167668901470538,0.5060453834093636,0.010721506737690234
standard,1000,NL2 0AC,offwind-dc,0.5182721762968708,0.5095879458714321,0.008684230425438755
standard,1000,NL2 0AC,offwind-dc,0.5186340049157829,0.5178174632213681,0.0008165416944148074
standard,1000,NL2 0AC,offwind-dc,0.5181315507656568,0.510001675146484,0.008129875619172777
standard,1000,NL2 0AC,offwind-dc,0.512123158310688,0.49801492875642367,0.014108229554264329
standard,1000,NL2 0AC,offwind-dc,0.5193425668914894,0.5189306944220917,0.0004118724693976672
standard,1000,NO0 0AC,offwind-dc,0.506189216011267,0.48591749257157163,0.020271723439695355
standard,1000,NO0 0AC,offwind-dc,0.5147824233272621,0.5010469803002142,0.013735443027047878
standard,1000,NO0 0AC,offwind-dc,0.5323294605369698,0.5307930972527002,0.0015363632842696484
standard,1000,NO0 0AC,offwind-dc,0.541679341332784,0.5416793177193919,2.3613392019505852e-08
standard,1000,NO0 0AC,offwind-dc,0.5348141604896127,0.534814023838585,1.3665102771565074e-07
standard,1000,NO0 0AC,offwind-dc,0.5433045620725968,0.5433045207647292,4.130786757094995e-08
glaum,1000,BE2 0AC,offwind-ac,0.5121837331522698,0.5121837331518643,4.055644708955697e-13
glaum,1000,BE2 0AC,offwind-ac,0.5066591535703654,0.506659153570346,1.942890293094024e-14
glaum,1000,DE2 0AC,offwind-ac,0.49376376745625855,0.4934619013929913,0.0003018660632672643
glaum,1000,DE2 0AC,offwind-ac,0.5097348976747046,0.5094770557676176,0.0002578419070869975
glaum,1000,DE2 0AC,offwind-ac,0.5229333040711246,0.5226273820905684,0.0003059219805562341
glaum,1000,DE2 0AC,offwind-ac,0.4795536205738043,0.4793424261920656,0.00021119438173872185
glaum,1000,DE2 0AC,offwind-ac,0.4997204769303778,0.4994160042133166,0.0003044727170611883
glaum,1000,DE2 0AC,offwind-ac,0.4565978119597175,0.43372700548207804,0.02287080647763945
glaum,1000,DE2 0AC,offwind-ac,0.4480787264510717,0.42386136409201086,0.024217362359060857
glaum,1000,DE2 0AC,offwind-ac,0.4740955100979402,0.46769080384087375,0.0064047062570664615
glaum,1000,DK2 0AC,offwind-ac,0.46947085928916094,0.41246291556762005,0.05700794372154089
glaum,1000,DK2 0AC,offwind-ac,0.5295173736202154,0.5286464144460465,0.000870959174168906
glaum,1000,DK2 0AC,offwind-ac,0.5342654573198182,0.5297737890436226,0.004491668276195626
glaum,1000,DK2 0AC,offwind-ac,0.5321752162693201,0.5306509067012147,0.001524309568105342
glaum,1000,DK2 0AC,offwind-ac,0.517063312579032,0.5039245099356744,0.01313880264335765
glaum,1000,DK2 0AC,offwind-ac,0.5213537236549981,0.4981928227125738,0.02316090094242429
glaum,1000,DK2 0AC,offwind-ac,0.42988140754262577,0.3546700278981773,0.07521137964444846
glaum,1000,DK2 0AC,offwind-ac,0.5068321545089102,0.48285254837473923,0.02397960613417094
glaum,1000,DK2 0AC,offwind-ac,0.5025547408523537,0.48041892421291055,0.022135816639443195
glaum,1000,DK2 0AC,offwind-ac,0.5119719275386396,0.48211771415128546,0.029854213387354167
glaum,1000,DK2 0AC,offwind-ac,0.5130677210539251,0.5112347549829287,0.0018329660709963669
glaum,1000,DK2 0AC,offwind-ac,0.4824265203923565,0.43888024359230254,0.04354627680005396
glaum,1000,DK2 0AC,offwind-ac,0.43526598460591515,0.36625707762326154,0.0690089069826536
glaum,1000,DK2 0AC,offwind-ac,0.520409098537893,0.5152019419782184,0.0052071565596745195
glaum,1000,DK2 0AC,offwind-ac,0.4797519952666233,0.44966665310164566,0.030085342164977658
glaum,1000,DK2 0AC,offwind-ac,0.4529446661042043,0.40348544814581105,0.04945921795839325
glaum,1000,DK2 0AC,offwind-ac,0.4940633486586661,0.4797025946809786,0.01436075397768749
glaum,1000,GB1 0AC,offwind-ac,0.28830285122459154,0.21569145204978457,0.07261139917480697
glaum,1000,GB1 0AC,offwind-ac,0.24018866331420485,0.1712497287197431,0.06893893459446176
glaum,1000,GB1 0AC,offwind-ac,0.4163095132431237,0.4029785071538034,0.013331006089320308
glaum,1000,GB1 0AC,offwind-ac,0.3480839761526089,0.27143385596746544,0.07665012018514344
glaum,1000,GB1 0AC,offwind-ac,0.4219209365119935,0.41316835283853925,0.008752583673454273
glaum,1000,GB1 0AC,offwind-ac,0.38194680944224624,0.3243445515464172,0.05760225789582901
glaum,1000,GB1 0AC,offwind-ac,0.4798544384907433,0.47133581488310666,0.00851862360763661
glaum,1000,GB1 0AC,offwind-ac,0.40890436284919035,0.3431738942418517,0.06573046860733867
glaum,1000,GB1 0AC,offwind-ac,0.43821097187650304,0.42228422367780044,0.0159267481987026
glaum,1000,GB1 0AC,offwind-ac,0.37383822154588603,0.3038485462316827,0.0699896753142033
glaum,1000,GB1 0AC,offwind-ac,0.3999655812161663,0.33271786505376466,0.06724771616240166
glaum,1000,GB1 0AC,offwind-ac,0.35559058509773,0.27614163354425103,0.07944895155347897
glaum,1000,GB1 0AC,offwind-ac,0.39709537247090115,0.33407791399861775,0.0630174584722834
glaum,1000,GB1 0AC,offwind-ac,0.4333048163897918,0.41967421550484757,0.013630600884944222
glaum,1000,GB1 0AC,offwind-ac,0.4329601919963668,0.4220372481548043,0.010922943841562505
glaum,1000,GB1 0AC,offwind-ac,0.4631673625649382,0.44975031720860137,0.01341704535633681
glaum,1000,GB1 0AC,offwind-ac,0.4610684196670488,0.4421032358388385,0.01896518382821033
glaum,1000,GB1 0AC,offwind-ac,0.4230741072182704,0.3818881163822069,0.0411859908360635
glaum,1000,GB1 0AC,offwind-ac,0.47674775821565224,0.4557228590889386,0.021024899126713625
glaum,1000,GB1 0AC,offwind-ac,0.4047493858234583,0.32747441772862124,0.07727496809483708
glaum,1000,GB1 0AC,offwind-ac,0.41342433177702687,0.3408744912691919,0.07254984050783497
glaum,1000,GB1 0AC,offwind-ac,0.4503112226310896,0.3924965339541375,0.05781468867695205
glaum,1000,GB1 0AC,offwind-ac,0.46134334441755936,0.45400995222463175,0.0073333921929276125
glaum,1000,GB1 0AC,offwind-ac,0.46245506940631614,0.4340860440838967,0.028369025322419417
glaum,1000,GB1 0AC,offwind-ac,0.4543891234487575,0.42663891525034,0.027750208198417503
glaum,1000,GB1 0AC,offwind-ac,0.46116775699441453,0.4464369398121488,0.01473081718226571
glaum,1000,GB1 0AC,offwind-ac,0.4809695486228019,0.45364023441488494,0.027329314207916955
glaum,1000,GB1 0AC,offwind-ac,0.4851783301578985,0.4649665942168032,0.02021173594109532
glaum,1000,GB1 0AC,offwind-ac,0.475341313205774,0.46458745944837476,0.010753853757399234
glaum,1000,GB1 0AC,offwind-ac,0.4674842627498216,0.4565125347434203,0.010971728006401282
glaum,1000,GB1 0AC,offwind-ac,0.4270989262297561,0.36330641264842806,0.06379251358132804
glaum,1000,GB1 0AC,offwind-ac,0.37908521056371625,0.29950573184905893,0.07957947871465731
glaum,1000,GB1 0AC,offwind-ac,0.4922858615338373,0.4666963689965037,0.025589492537333614
glaum,1000,GB1 0AC,offwind-ac,0.4961110069451992,0.4734722800631683,0.02263872688203089
glaum,1000,GB1 0AC,offwind-ac,0.4780661143718252,0.4611845975614154,0.016881516810409836
glaum,1000,GB1 0AC,offwind-ac,0.5145893706182814,0.489617464495613,0.024971906122668364
glaum,1000,GB1 0AC,offwind-ac,0.49729403362399743,0.4767692612215607,0.02052477240243672
glaum,1000,GB1 0AC,offwind-ac,0.4616166068498901,0.4321170749581806,0.029499531891709507
glaum,1000,GB1 0AC,offwind-ac,0.5004296418117145,0.487741112443152,0.012688529368562462
glaum,1000,GB1 0AC,offwind-ac,0.4585181678912432,0.41410027260782906,0.044417895283414166
glaum,1000,GB1 0AC,offwind-ac,0.45078181222511576,0.3958185744423308,0.054963237782784946
glaum,1000,GB1 0AC,offwind-ac,0.49232177852682396,0.4745683340321064,0.017753444494717552
glaum,1000,GB1 0AC,offwind-ac,0.48432151653790895,0.4636257535255149,0.020695763012394064
glaum,1000,GB1 0AC,offwind-ac,0.47759726544722947,0.44724351790948785,0.030353747537741615
glaum,1000,GB1 0AC,offwind-ac,0.518201955986963,0.48829619956164116,0.029905756425321783
glaum,1000,GB1 0AC,offwind-ac,0.5133100700429845,0.4932406731567335,0.02006939688625098
glaum,1000,GB1 0AC,offwind-ac,0.5214469673765157,0.481891289693227,0.03955567768328877
glaum,1000,GB1 0AC,offwind-ac,0.49969815390862865,0.47023760555113703,0.029460548357491623
glaum,1000,GB1 0AC,offwind-ac,0.5194702992572777,0.47551826822931775,0.04395203102795997
glaum,1000,GB4 0AC,offwind-ac,0.5178422089794653,0.44176900490392956,0.07607320407553575
glaum,1000,GB4 0AC,offwind-ac,0.5178422089794653,0.44754692040211763,0.07029528857734768
glaum,1000,GB4 0AC,offwind-ac,0.5405237794904368,0.5055748016199824,0.03494897787045448
glaum,1000,GB4 0AC,offwind-ac,0.5436758934455019,0.5081801947697012,0.03549569867580071
glaum,1000,NL2 0AC,offwind-ac,0.5203133387873193,0.5192459039978538,0.0010674347894655822
glaum,1000,NL2 0AC,offwind-ac,0.509162602595535,0.5080943538448341,0.0010682487507008842
glaum,1000,NL2 0AC,offwind-ac,0.5212073677818698,0.5200730054440484,0.0011343623378213818
glaum,1000,NL2 0AC,offwind-ac,0.5184918309990348,0.5174702157249766,0.0010216152740581963
glaum,1000,NL2 0AC,offwind-ac,0.39240865091297683,0.33244671160969014,0.05996193930328669
glaum,1000,NL2 0AC,offwind-ac,0.516976570456417,0.5153645451302139,0.0016120253262030815
glaum,1000,NL2 0AC,offwind-ac,0.48724387859119317,0.4864314158725165,0.0008124627186766875
glaum,1000,NL2 0AC,offwind-ac,0.5081882288835106,0.507478931498483,0.000709297385027563
glaum,1000,NL2 0AC,offwind-ac,0.5181059817849532,0.5161049446028454,0.0020010371821077566
glaum,1000,NL2 0AC,offwind-ac,0.48254278743393997,0.4740904892556368,0.008452298178303175
glaum,1000,NL2 0AC,offwind-ac,0.5019695015143868,0.5013450205205637,0.0006244809938230622
glaum,1000,NL2 0AC,offwind-ac,0.4938075354080505,0.4884928423932714,0.005314693014779104
glaum,1000,NL2 0AC,offwind-ac,0.5209359358552812,0.5192650291214275,0.0016709067338537276
glaum,1000,NL2 0AC,offwind-ac,0.5163303170642274,0.5099420742855463,0.006388242778681108
glaum,1000,NL2 0AC,offwind-ac,0.5140406800465377,0.5115130623818334,0.002527617664704329
glaum,1000,NL2 0AC,offwind-ac,0.5224735119385019,0.520464009594975,0.0020095023435269255
glaum,1000,NO0 0AC,offwind-ac,0.3251182878888588,0.2602818462975795,0.06483644159127933
glaum,1000,NO0 0AC,offwind-ac,0.36345701816181797,0.31028196583860773,0.05317505232321024
glaum,1000,NO0 0AC,offwind-ac,0.3086823305665382,0.24551988121719998,0.06316244934933823
glaum,1000,NO0 0AC,offwind-ac,0.3867907753129579,0.3367029573336041,0.0500878179793538
glaum,1000,NO0 0AC,offwind-ac,0.38658330926867884,0.33384527738780273,0.05273803188087611
glaum,1000,NO0 0AC,offwind-ac,0.4078747028304762,0.362460885396426,0.04541381743405021
glaum,1000,NO0 0AC,offwind-ac,0.45927263827741,0.4354671355876865,0.02380550268972348
glaum,1000,NO0 0AC,offwind-ac,0.3550286211880254,0.2975575817239509,0.0574710394640745
glaum,1000,NO0 0AC,offwind-ac,0.2430591717605536,0.18111939003476243,0.061939781725791176
glaum,1000,NO0 0AC,offwind-ac,0.36967679140270915,0.3157665184419873,0.05391027296072187
glaum,1000,NO0 0AC,offwind-ac,0.20373531598322997,0.14406001496706644,0.05967530101616353
glaum,1000,NO0 0AC,offwind-ac,0.38090316021391135,0.3282686445157204,0.05263451569819094
glaum,1000,NO0 0AC,offwind-ac,0.3402035734978584,0.27903921781049185,0.061164355687366556
glaum,1000,NO0 0AC,offwind-ac,0.31922836494520274,0.26123806540013716,0.05799029954506557
glaum,1000,NO0 0AC,offwind-ac,0.3467533885467151,0.2914646461350955,0.05528874241161963
glaum,1000,DE2 0AC,offwind-float,0.5309261223564959,0.4196602779025378,0.11126584445395815
glaum,1000,DE2 0AC,offwind-float,0.5173652049360217,0.4069172041532303,0.11044800078279138
glaum,1000,DK2 0AC,offwind-float,0.5198961789083703,0.3935699679236418,0.12632621098472846
glaum,1000,DK2 0AC,offwind-float,0.5238555058173805,0.3961030351367431,0.1277524706806374
glaum,1000,DK2 0AC,offwind-float,0.5601650544057751,0.4342786056663945,0.12588644873938065
glaum,1000,DK2 0AC,offwind-float,0.5322421437621606,0.4150744964378847,0.11716764732427593
glaum,1000,DK2 0AC,offwind-float,0.5565643027516481,0.4302262865442255,0.12633801620742263
glaum,1000,DK2 0AC,offwind-float,0.5540644998808568,0.42949480261884293,0.12456969726201389
glaum,1000,DK2 0AC,offwind-float,0.5479658986316865,0.4218982744121959,0.12606762421949064
glaum,1000,DK2 0AC,offwind-float,0.5351722046334048,0.41168694945587947,0.12348525517752529
glaum,1000,DK2 0AC,offwind-float,0.5216618314305441,0.40668655807606857,0.11497527335447555
glaum,1000,DK2 0AC,offwind-float,0.5150670397370073,0.4004558887322456,0.11461115100476171
glaum,1000,GB1 0AC,offwind-float,0.3560833683894058,0.236707217320318,0.1193761510690878
glaum,1000,GB1 0AC,offwind-float,0.5296327844692598,0.41109883876598297,0.1185339457032768
glaum,1000,GB1 0AC,offwind-float,0.4667188403504414,0.34015356425741433,0.1265652760930271
glaum,1000,GB1 0AC,offwind-float,0.5130148462164379,0.3840256970167185,0.12898914919971938
glaum,1000,GB1 0AC,offwind-float,0.48031233063103135,0.3520317498548075,0.12828058077622384
glaum,1000,GB1 0AC,offwind-float,0.5145609804306288,0.3886902471994818,0.125870733231147
glaum,1000,GB1 0AC,offwind-float,0.4921762105583885,0.3647139210673696,0.1274622894910189
glaum,1000,GB1 0AC,offwind-float,0.4687135529525938,0.3225487757598193,0.14616477719277454
glaum,1000,GB1 0AC,offwind-float,0.5219326978020137,0.39936469363902666,0.12256800416298702
glaum,1000,GB1 0AC,offwind-float,0.5235458628347112,0.4029499977703745,0.12059586506433667
glaum,1000,GB1 0AC,offwind-float,0.5028774603923992,0.37524566519988783,0.1276317951925114
glaum,1000,GB1 0AC,offwind-float,0.5192664719421254,0.3975239813337146,0.1217424906084108
glaum,1000,GB1 0AC,offwind-float,0.508499716922209,0.3791669120780752,0.1293328048441338
glaum,1000,GB1 0AC,offwind-float,0.5269298026265514,0.408285218859554,0.11864458376699744
glaum,1000,GB1 0AC,offwind-float,0.5318775359755678,0.41246452703690734,0.11941300893866041
glaum,1000,GB1 0AC,offwind-float,0.4806991850849094,0.34035449545809165,0.14034468962681773
glaum,1000,GB1 0AC,offwind-float,0.4821118388454219,0.3528688596746957,0.1292429791707262
glaum,1000,GB1 0AC,offwind-float,0.5121550133276329,0.38324993291536197,0.12890508041227094
glaum,1000,GB1 0AC,offwind-float,0.509694440329773,0.38393486401400095,0.125759576315772
glaum,1000,GB1 0AC,offwind-float,0.48338803312174383,0.3388782124241458,0.14450982069759805
glaum,1000,GB1 0AC,offwind-float,0.5204365350541672,0.3866420660720422,0.133794468982125
glaum,1000,GB1 0AC,offwind-float,0.5101820597214678,0.3811436855082632,0.12903837421320458
glaum,1000,GB1 0AC,offwind-float,0.5288956091805703,0.4093315181204812,0.11956409106008914
glaum,1000,GB1 0AC,offwind-float,0.5271843414354102,0.40540179072067606,0.1217825507147341
glaum,1000,GB1 0AC,offwind-float,0.519665395354939,0.3891335920598707,0.13053180329506836
glaum,1000,GB1 0AC,offwind-float,0.4598700038802123,0.31893911309972034,0.14093089078049198
glaum,1000,GB1 0AC,offwind-float,0.5059692010662258,0.3709904110080075,0.13497879005821828
glaum,1000,GB1 0AC,offwind-float,0.48662322373278816,0.34867904466522076,0.1379441790675674
glaum,1000,GB1 0AC,offwind-float,0.44800048731334174,0.30212594897080064,0.1458745383425411
glaum,1000,GB1 0AC,offwind-float,0.49742417457528454,0.36396730840571534,0.1334568661695692
glaum,1000,GB1 0AC,offwind-float,0.4573186371481977,0.3135018340419401,0.1438168031062576
glaum,1000,GB1 0AC,offwind-float,0.48335414929463916,0.34085231223167173,0.14250183706296743
glaum,1000,GB1 0AC,offwind-float,0.48808441444426015,0.33420408781367156,0.1538803266305886
glaum,1000,GB1 0AC,offwind-float,0.49600150195722387,0.35818198951094193,0.13781951244628193
glaum,1000,GB1 0AC,offwind-float,0.49899803154914313,0.3570750467573961,0.14192298479174703
glaum,1000,GB1 0AC,offwind-float,0.5054882196784894,0.3653279134561119,0.14016030622237757
glaum,1000,GB1 0AC,offwind-float,0.5062675342070481,0.3578251604877096,0.14844237371933844
glaum,1000,GB1 0AC,offwind-float,0.5084748710537894,0.3844218955884547,0.12405297546533472
glaum,1000,GB1 0AC,offwind-float,0.5137602389076104,0.3737748785594194,0.13998536034819098
glaum,1000,GB1 0AC,offwind-float,0.5157617557183151,0.3706618912754159,0.14509986444289918
glaum,1000,GB1 0AC,offwind-float,0.5188874741268237,0.3780417964396757,0.14084567768714795
glaum,1000,GB1 0AC,offwind-float,0.5104693538104992,0.38666559130018324,0.12380376251031594
glaum,1000,GB1 0AC,offwind-float,0.5183560893966986,0.38171663613198903,0.1366394532647096
glaum,1000,GB4 0AC,offwind-float,0.4941097636028015,0.33094725060345914,0.16316251299934237
glaum,1000,GB4 0AC,offwind-float,0.5371997628007714,0.37064297460223994,0.16655678819853148
glaum,1000,GB4 0AC,offwind-float,0.5158212304811645,0.35391683269612556,0.1619043977850389
glaum,1000,GB4 0AC,offwind-float,0.5352045103613319,0.38413634744744635,0.15106816291388553
glaum,1000,GB4 0AC,offwind-float,0.5365465306110966,0.38788106550086743,0.14866546511022916
glaum,1000,GB4 0AC,offwind-float,0.5418962826365676,0.38261490308148627,0.15928137955508137
glaum,1000,GB4 0AC,offwind-float,0.5366228346539003,0.385759706746252,0.15086312790764828
glaum,1000,GB4 0AC,offwind-float,0.5391013098441866,0.38828475161884335,0.15081655822534323
glaum,1000,GB4 0AC,offwind-float,0.5359157081744599,0.38653855175531543,0.14937715641914445
glaum,1000,GB4 0AC,offwind-float,0.5393770740552296,0.3888327387803131,0.1505443352749165
glaum,1000,GB4 0AC,offwind-float,0.5340607959720235,0.38910976629353256,0.14495102967849094
glaum,1000,GB4 0AC,offwind-float,0.5281431274908744,0.37803419674727806,0.15010893074359638
glaum,1000,NL2 0AC,offwind-float,0.5190814454372262,0.4025090120271152,0.11657243341011103
glaum,1000,NL2 0AC,offwind-float,0.4101146324156617,0.2906320614379089,0.11948257097775283
glaum,1000,NL2 0AC,offwind-float,0.5172007279236026,0.3966873092844455,0.1205134186391571
glaum,1000,NL2 0AC,offwind-float,0.5263821992301243,0.40957625615377224,0.11680594307635206
glaum,1000,NL2 0AC,offwind-float,0.5163303170642274,0.39401789325306935,0.12231242381115803
glaum,1000,NL2 0AC,offwind-float,0.4949216009128387,0.3766581526716073,0.11826344824123142
glaum,1000,NO0 0AC,offwind-float,0.5084788163896294,0.409412875292472,0.09906594109715744
glaum,1000,NO0 0AC,offwind-float,0.5064586993669777,0.4078700287313969,0.09858867063558086
glaum,1000,NO0 0AC,offwind-float,0.5052963311384686,0.4075853272941771,0.09771100384429149
glaum,1000,NO0 0AC,offwind-float,0.5090695964000572,0.4085657178991045,0.10050387850095271
glaum,1000,NO0 0AC,offwind-float,0.5041321840632558,0.40581878144434824,0.09831340261890753
glaum,1000,NO0 0AC,offwind-float,0.5039766579940036,0.40513639382392974,0.09884026417007385
glaum,1000,NO0 0AC,offwind-float,0.5053027312029236,0.4070993217443021,0.0982034094586215
glaum,1000,NO0 0AC,offwind-float,0.5033668516785331,0.4045286993983297,0.09883815228020343
glaum,1000,NO0 0AC,offwind-float,0.51084433062967,0.4145898548599396,0.09625447576973045
glaum,1000,NO0 0AC,offwind-float,0.5072374464384902,0.4104586918221542,0.096778754616336
glaum,1000,NO0 0AC,offwind-float,0.5128194706392263,0.41655087214320435,0.09626859849602193
glaum,1000,NO0 0AC,offwind-float,0.5012132326092186,0.4074700297246452,0.09374320288457338
glaum,1000,NO0 0AC,offwind-float,0.5136159250701383,0.4182440512540208,0.0953718738161175
glaum,1000,NO0 0AC,offwind-float,0.5180571045394408,0.4211117584303715,0.09694534610906924
glaum,1000,NO0 0AC,offwind-float,0.45694539538419016,0.3437465166297362,0.11319887875445395
glaum,1000,NO0 0AC,offwind-float,0.5156651729911184,0.4164060660931014,0.09925910689801698
glaum,1000,NO0 0AC,offwind-float,0.5205861857704206,0.4229867426808027,0.09759944308961788
glaum,1000,NO0 0AC,offwind-float,0.4797999903782518,0.3830735028405897,0.09672648753766205
glaum,1000,NO0 0AC,offwind-float,0.5189836102905251,0.4235795228188669,0.09540408747165818
glaum,1000,NO0 0AC,offwind-float,0.5190128511796006,0.42315634878018094,0.09585650239941967
glaum,1000,NO0 0AC,offwind-float,0.4701147916609264,0.37022645403259624,0.09988833762833016
glaum,1000,NO0 0AC,offwind-float,0.4599885868306756,0.35188845264015733,0.10810013419051828
glaum,1000,NO0 0AC,offwind-float,0.47605197865775717,0.37915714146584345,0.09689483719191372
glaum,1000,NO0 0AC,offwind-float,0.5240796798082895,0.4258555572768371,0.0982241225314524
glaum,1000,NO0 0AC,offwind-float,0.49582516812043503,0.3981056969250408,0.09771947119539426
glaum,1000,NO0 0AC,offwind-float,0.5232048869016271,0.4252812643296683,0.09792362257195886
glaum,1000,NO0 0AC,offwind-float,0.5305023178050896,0.43479321262300263,0.09570910518208697
glaum,1000,NO0 0AC,offwind-float,0.5329409602077594,0.4361834063395254,0.09675755386823398
glaum,1000,NO0 0AC,offwind-float,0.46900532770571673,0.37203353032311304,0.0969717973826037
glaum,1000,NO0 0AC,offwind-float,0.5261113847177605,0.4288647341365945,0.09724665058116605
glaum,1000,NO0 0AC,offwind-float,0.5337605573807555,0.4325616278200785,0.10119892956067694
glaum,1000,NO0 0AC,offwind-float,0.530061511158991,0.4293985146300578,0.10066299652893324
glaum,1000,NO0 0AC,offwind-float,0.5371063046488479,0.4420520808738442,0.09505422377500372
glaum,1000,NO0 0AC,offwind-float,0.5206923424833835,0.42266568143378996,0.09802666104959351
glaum,1000,NO0 0AC,offwind-float,0.5028600215083521,0.4039032802016356,0.0989567413067165
glaum,1000,NO0 0AC,offwind-float,0.4741967266029228,0.3716883243396453,0.10250840226327745
glaum,1000,NO0 0AC,offwind-float,0.4578492140948893,0.35444065913756434,0.10340855495732498
glaum,1000,NO0 0AC,offwind-float,0.4006295907483163,0.2931179996334709,0.10751159111484537
glaum,1000,NO0 0AC,offwind-float,0.532217836656269,0.4336700394311874,0.09854779722508156
glaum,1000,NO0 0AC,offwind-float,0.5432653834137036,0.4479770121852881,0.09528837122841544
glaum,1000,NO0 0AC,offwind-float,0.543450247436214,0.44563366307836955,0.0978165843578444
glaum,1000,NO0 0AC,offwind-float,0.5088690628350778,0.4089014790632745,0.09996758377180331
glaum,1000,NO0 0AC,offwind-float,0.5331587592148672,0.4348679421385506,0.0982908170763166
glaum,1000,NO0 0AC,offwind-float,0.47879684720938576,0.3726881255931456,0.10610872161624013
glaum,1000,NO0 0AC,offwind-float,0.44511499161192314,0.3322418013043425,0.11287319030758064
glaum,1000,NO0 0AC,offwind-float,0.5354085375844185,0.43916601038035724,0.09624252720406129
glaum,1000,NO0 0AC,offwind-float,0.4782786183496676,0.36545009996902594,0.11282851838064167
glaum,1000,NO0 0AC,offwind-float,0.4470088327118715,0.3333509680571263,0.1136578646547452
glaum,1000,NO0 0AC,offwind-float,0.5485376027374881,0.44917380080943803,0.09936380192805006
glaum,1000,NO0 0AC,offwind-float,0.5212064147163161,0.41750683691651885,0.10369957779979727
glaum,1000,NO0 0AC,offwind-float,0.5367619089959639,0.4344078819459994,0.10235402704996449
glaum,1000,NO0 0AC,offwind-float,0.5395280210114713,0.4424552761771074,0.09707274483436396
glaum,1000,NO0 0AC,offwind-float,0.24865262087572998,0.16316617148252102,0.08548644939320896
glaum,1000,NO0 0AC,offwind-float,0.3251182878888588,0.228002435678709,0.09711585221014982
glaum,1000,NO0 0AC,offwind-float,0.31326402812321175,0.21541945144221858,0.09784457668099317
glaum,1000,NO0 0AC,offwind-float,0.39889690535858524,0.2929158115963741,0.10598109376221115
glaum,1000,NO0 0AC,offwind-float,0.3086823305665382,0.213487768973437,0.09519456159310122
glaum,1000,NO0 0AC,offwind-float,0.3867907753129579,0.28001232196296855,0.10677845334998937
glaum,1000,NO0 0AC,offwind-float,0.5486609662284144,0.4443036095438379,0.10435735668457652
glaum,1000,NO0 0AC,offwind-float,0.538378489004193,0.4406002077806559,0.09777828122353716
glaum,1000,NO0 0AC,offwind-float,0.5493658402714642,0.4478798929150958,0.1014859473563684
glaum,1000,NO0 0AC,offwind-float,0.5535799939197985,0.4537437486521251,0.09983624526767343
glaum,1000,NO0 0AC,offwind-float,0.5374228233242844,0.43373594943868554,0.10368687388559883
glaum,1000,NO0 0AC,offwind-float,0.4983661972541463,0.38497965422682895,0.11338654302731738
glaum,1000,NO0 0AC,offwind-float,0.43813361742318974,0.33702829250140365,0.10110532492178609
glaum,1000,NO0 0AC,offwind-float,0.4290204557751041,0.324718916914757,0.1043015388603471
glaum,1000,NO0 0AC,offwind-float,0.3225196643323955,0.2261431933243704,0.09637647100802507
glaum,1000,NO0 0AC,offwind-float,0.3687351107924974,0.2731836729195404,0.095551437872957
glaum,1000,NO0 0AC,offwind-float,0.28821985347624324,0.19631944666037718,0.09190040681586606
glaum,1000,NO0 0AC,offwind-float,0.28821985347624324,0.19707016108681424,0.091149692389429
glaum,1000,NO0 0AC,offwind-float,0.28821985347624324,0.19792320588432816,0.09029664759191508
glaum,1000,NO0 0AC,offwind-float,0.03821413002864551,0.020145301443738883,0.018068828584906625
glaum,1000,NO0 0AC,offwind-float,0.07774592731777961,0.04394718347839102,0.03379874383938859
glaum,1000,NO0 0AC,offwind-float,0.09699385029533535,0.056468653302185354,0.04052519699314999
glaum,1000,NO0 0AC,offwind-float,0.10052737670426334,0.0589484460105185,0.041578930693744846
glaum,1000,NO0 0AC,offwind-float,0.11127577598064112,0.06547314992076768,0.04580262605987344
glaum,1000,NO0 0AC,offwind-float,0.5545671918957388,0.4566435936904945,0.09792359820524427
glaum,1000,NO0 0AC,offwind-float,0.5161503522576661,0.4093477715811785,0.10680258067648762
glaum,1000,NO0 0AC,offwind-float,0.5524673887525917,0.4480963841864502,0.10437100456614151
glaum,1000,NO0 0AC,offwind-float,0.5369619579908095,0.4333251825573411,0.10363677543346839
glaum,1000,NO0 0AC,offwind-float,0.558908273222035,0.46198679867841214,0.09692147454362282
glaum,1000,NO0 0AC,offwind-float,0.2557392648761009,0.16952736535234023,0.08621189952376065
glaum,1000,NO0 0AC,offwind-float,0.5560292316573893,0.4539917118412985,0.10203751981609077
glaum,1000,NO0 0AC,offwind-float,0.5183542780965176,0.40488494276293635,0.11346933533358122
glaum,1000,NO0 0AC,offwind-float,0.2466170677814445,0.1632075911938853,0.08340947658755918
glaum,1000,NO0 0AC,offwind-float,0.0924887572438497,0.052912084403430155,0.03957667284041954
glaum,1000,NO0 0AC,offwind-float,0.13825404565091742,0.08414580190372845,0.05410824374718898
glaum,1000,NO0 0AC,offwind-float,0.06609224794077947,0.036520119426424184,0.02957212851435529
glaum,1000,NO0 0AC,offwind-float,0.11273795590444816,0.06629636134075506,0.046441594563693095
glaum,1000,NO0 0AC,offwind-float,0.5619001197088139,0.46149349995086214,0.10040661975795179
glaum,1000,NO0 0AC,offwind-float,0.5622176721362601,0.4657731284457806,0.09644454369047945
glaum,1000,NO0 0AC,offwind-float,0.5555571445655334,0.454536717460182,0.10102042710535142
glaum,1000,NO0 0AC,offwind-float,0.5666990773663639,0.4715716208828315,0.09512745648353244
glaum,1000,NO0 0AC,offwind-float,0.5611693115395112,0.4572051116651629,0.1039641998743483
glaum,1000,NO0 0AC,offwind-float,0.5263558678863984,0.41448628198273396,0.11186958590366447
glaum,1000,NO0 0AC,offwind-float,0.5231994184988658,0.4093034275636707,0.11389599093519504
glaum,1000,NO0 0AC,offwind-float,0.5397591153440068,0.4297343222824823,0.11002479306152446
glaum,1000,NO0 0AC,offwind-float,0.4931434155109051,0.3789715303831976,0.11417188512770754
glaum,1000,NO0 0AC,offwind-float,0.40131772313131264,0.295423909761297,0.10589381337001563
glaum,1000,NO0 0AC,offwind-float,0.5652586858224069,0.4639107820721872,0.10134790375021968
glaum,1000,NO0 0AC,offwind-float,0.019167045260846633,0.00974322148448675,0.009423823776359884
glaum,1000,NO0 0AC,offwind-float,0.5665118718837698,0.47107749854324044,0.0954343733405294
glaum,1000,NO0 0AC,offwind-float,0.5657616277040308,0.46976281822992527,0.09599880947410555
glaum,1000,NO0 0AC,offwind-float,0.5673652242581168,0.4707907280567451,0.09657449620137165
glaum,1000,NO0 0AC,offwind-float,0.5347906551311572,0.4224428152043153,0.11234783992684189
glaum,1000,NO0 0AC,offwind-float,0.5121553990240147,0.40137554284965316,0.11077985617436159
glaum,1000,NO0 0AC,offwind-float,0.5707673859409685,0.47366970158747235,0.0970976843534962
glaum,1000,NO0 0AC,offwind-float,0.5704652370175346,0.4794073147330706,0.09105792228446402
glaum,1000,NO0 0AC,offwind-float,0.550459629522241,0.44129589339373976,0.10916373612850128
glaum,1000,NO0 0AC,offwind-float,0.5431080154268401,0.43909204777513444,0.10401596765170562
glaum,1000,NO0 0AC,offwind-float,0.5160468579290015,0.4059100828574995,0.11013677507150199
glaum,1000,NO0 0AC,offwind-float,0.5698507215026047,0.4783021063296309,0.09154861517297386
glaum,1000,NO0 0AC,offwind-float,0.5539518883910334,0.44486918232317807,0.1090827060678553
glaum,1000,NO0 0AC,offwind-float,0.5645496550399149,0.4694795949286717,0.09507006011124325
glaum,1000,NO0 0AC,offwind-float,0.5491551099145906,0.44829885524691293,0.10085625466767767
glaum,1000,NO0 0AC,offwind-float,0.5555162442420222,0.4559949372687361,0.0995213069732861
glaum,1000,NO0 0AC,offwind-float,0.4849870730319351,0.3738142519784971,0.11117282105343801
glaum,1000,NO0 0AC,offwind-float,0.5433281579337821,0.4381830523531743,0.1051451055806078
glaum,1000,NO0 0AC,offwind-float,0.5464237479100239,0.44040480222290523,0.10601894568711867
glaum,1000,NO0 0AC,offwind-float,0.4498106824745778,0.3445909377092878,0.10521974476529
glaum,1000,NO0 0AC,offwind-float,0.5184757223613147,0.41038501943381767,0.108090702927497
glaum,1000,NO0 0AC,offwind-float,0.46760404841112474,0.35813584517354125,0.1094682032375835
glaum,1000,NO0 0AC,offwind-float,0.5079390408768187,0.4018641330091941,0.10607490786762463
glaum,1000,NO0 0AC,offwind-float,0.5186717839417604,0.41528477722439083,0.10338700671736956
glaum,1000,NO0 0AC,offwind-float,0.47214028502688576,0.36241103435746636,0.10972925066941941
glaum,1000,NO0 0AC,offwind-float,0.5164015572789284,0.414851490531363,0.10155006674756545
glaum,1000,NO0 0AC,offwind-float,0.48797796384139375,0.3849941094213931,0.10298385442000063
glaum,1000,NO0 0AC,offwind-float,0.5111367704596548,0.41139574603020657,0.09974102442944821
glaum,1000,NO0 0AC,offwind-float,0.45251432839902267,0.34574092350674557,0.1067734048922771
glaum,1000,NO0 0AC,offwind-float,0.4779969204045041,0.3698214602034336,0.1081754602010705
glaum,1000,NO0 0AC,offwind-float,0.45404258831917316,0.3411687407780309,0.11287384754114227
glaum,1000,BE2 0AC,offwind-dc,0.5395541251901652,0.5290799416874735,0.010474183502691692
glaum,1000,BE2 0AC,offwind-dc,0.5376017394477073,0.5238184973189712,0.01378324212873605
glaum,1000,DE2 0AC,offwind-dc,0.518253317453149,0.5181904269709962,6.28904821527998e-05
glaum,1000,DE2 0AC,offwind-dc,0.5224570146369492,0.5191950006461283,0.0032620139908208223
glaum,1000,DE2 0AC,offwind-dc,0.5272695095238049,0.526233654416719,0.0010358551070859257
glaum,1000,DE2 0AC,offwind-dc,0.5277808203572946,0.5277215346950703,5.928566222423992e-05
glaum,1000,DE2 0AC,offwind-dc,0.5300214666371926,0.5284696426885692,0.0015518239486234098
glaum,1000,DE2 0AC,offwind-dc,0.5194104525445434,0.5192497504538167,0.00016070209072671648
glaum,1000,DE2 0AC,offwind-dc,0.523713372548675,0.5207309424281087,0.002982430120566315
glaum,1000,DE2 0AC,offwind-dc,0.5253200415480832,0.5224308104508335,0.0028892310972497004
glaum,1000,DE2 0AC,offwind-dc,0.5248373532901957,0.5242624322134323,0.0005749210767633794
glaum,1000,DE2 0AC,offwind-dc,0.525707564483393,0.5232187584463228,0.002488806037070135
glaum,1000,DE2 0AC,offwind-dc,0.5321218642267929,0.5320330327070301,8.88315197627998e-05
glaum,1000,DE2 0AC,offwind-dc,0.529847073177181,0.529752352512333,9.472066484805808e-05
glaum,1000,DE2 0AC,offwind-dc,0.5264095380783818,0.5233211277549206,0.003088410323461188
glaum,1000,DE2 0AC,offwind-dc,0.5273111032630529,0.5229380093879403,0.0043730938751125326
glaum,1000,DE2 0AC,offwind-dc,0.5297930473790813,0.5297068617662781,8.618561280315795e-05
glaum,1000,DE2 0AC,offwind-dc,0.5314776727518514,0.5314251956956612,5.247705619026988e-05
glaum,1000,DE2 0AC,offwind-dc,0.5331339625632804,0.5330711918559167,6.277070736371293e-05
glaum,1000,DE2 0AC,offwind-dc,0.530139583316433,0.5300741277129392,6.545560349380253e-05
glaum,1000,DE2 0AC,offwind-dc,0.5288228489974431,0.527801263557497,0.0010215854399461266
glaum,1000,DE2 0AC,offwind-dc,0.5244707056208767,0.5138543884988854,0.010616317121991292
glaum,1000,DE2 0AC,offwind-dc,0.5221210284714956,0.513707065232,0.008413963239495503
glaum,1000,DE2 0AC,offwind-dc,0.5314600932961571,0.5310364492658707,0.0004236440302863853
glaum,1000,DE2 0AC,offwind-dc,0.5323052455682457,0.5322169839661764,8.826160206920619e-05
glaum,1000,DE2 0AC,offwind-dc,0.5317735769592117,0.5315346804605253,0.00023889649868635843
glaum,1000,DE2 0AC,offwind-dc,0.5287154886580574,0.5286581348396392,5.7353818418204305e-05
glaum,1000,DE2 0AC,offwind-dc,0.5244571375774476,0.5218617158019969,0.0025954217754506903
glaum,1000,DE2 0AC,offwind-dc,0.5305037788104978,0.5301965854395847,0.00030719337091311694
glaum,1000,DE2 0AC,offwind-dc,0.5304292974161587,0.5301544218293148,0.00027487558684391455
glaum,1000,DE2 0AC,offwind-dc,0.5266702556302982,0.5224668256543937,0.004203429975904505
glaum,1000,DE2 0AC,offwind-dc,0.518349535628247,0.5099398643543784,0.008409671273868602
glaum,1000,DE2 0AC,offwind-dc,0.5297669979780316,0.5273537411911653,0.0024132567868663246
glaum,1000,DE2 0AC,offwind-dc,0.5260437368175022,0.5245833008931728,0.0014604359243293175
glaum,1000,DE2 0AC,offwind-dc,0.5136647029986968,0.49784756739124164,0.01581713560745518
glaum,1000,DK2 0AC,offwind-dc,0.5215170593617858,0.47198712122670666,0.049529938135079166
glaum,1000,DK2 0AC,offwind-dc,0.5257489520767156,0.4767538947232369,0.048995057353478644
glaum,1000,DK2 0AC,offwind-dc,0.519886979443502,0.4710377305538737,0.04884924888962833
glaum,1000,DK2 0AC,offwind-dc,0.5320423362739449,0.4900368985811599,0.04200543769278503
glaum,1000,DK2 0AC,offwind-dc,0.527096726371643,0.48162523583207556,0.045471490539567394
glaum,1000,DK2 0AC,offwind-dc,0.5235060751078006,0.47447580525515215,0.04903026985264841
glaum,1000,DK2 0AC,offwind-dc,0.5269255902483708,0.47960471111156094,0.04732087913680988
glaum,1000,DK2 0AC,offwind-dc,0.5269825621673643,0.4780082561816316,0.04897430598573266
glaum,1000,DK2 0AC,offwind-dc,0.5267438180805816,0.4759381759952177,0.05080564208536387
glaum,1000,DK2 0AC,offwind-dc,0.5447403750227429,0.5118864706868577,0.0328539043358852
glaum,1000,DK2 0AC,offwind-dc,0.5301733662415503,0.48632962950355757,0.043843736737992745
glaum,1000,DK2 0AC,offwind-dc,0.5318115730694966,0.48615745705605656,0.045654116013439994
glaum,1000,DK2 0AC,offwind-dc,0.5377064818813777,0.5014050987406494,0.03630138314072828
glaum,1000,DK2 0AC,offwind-dc,0.5350292863147443,0.4855134945609147,0.04951579175382964
glaum,1000,DK2 0AC,offwind-dc,0.5282123942031194,0.4769672030062676,0.05124519119685178
glaum,1000,DK2 0AC,offwind-dc,0.5353208615454506,0.49244703906936765,0.0428738224760829
glaum,1000,DK2 0AC,offwind-dc,0.539643274693896,0.5015829018011153,0.038060372892780636
glaum,1000,DK2 0AC,offwind-dc,0.5306904011539917,0.4837717810760156,0.04691862007797609
glaum,1000,DK2 0AC,offwind-dc,0.5318073295941367,0.4842339311343966,0.04757339845974007
glaum,1000,DK2 0AC,offwind-dc,0.5492728677666296,0.5211617530794334,0.028111114687196292
glaum,1000,DK2 0AC,offwind-dc,0.5341277385516457,0.4860683989477238,0.04805933960392195
glaum,1000,DK2 0AC,offwind-dc,0.5350774524706949,0.4918397630617281,0.04323768940896683
glaum,1000,DK2 0AC,offwind-dc,0.5395161569178922,0.4979035968215789,0.04161256009631331
glaum,1000,DK2 0AC,offwind-dc,0.5547094603282459,0.533360840789059,0.021348619539186875
glaum,1000,DK2 0AC,offwind-dc,0.561956625764843,0.560985053928412,0.0009715718364309289
glaum,1000,DK2 0AC,offwind-dc,0.5355027152067124,0.48473933086140636,0.050763384345306084
glaum,1000,DK2 0AC,offwind-dc,0.5375644459099904,0.49239557450971316,0.045168871400277255
glaum,1000,DK2 0AC,offwind-dc,0.5442474480505387,0.5099468184328133,0.0343006296177254
glaum,1000,DK2 0AC,offwind-dc,0.544089039405908,0.5056332438371597,0.03845579556874834
glaum,1000,DK2 0AC,offwind-dc,0.5591198070096377,0.5580126426916283,0.0011071643180093904
glaum,1000,DK2 0AC,offwind-dc,0.5344041521465579,0.4860468036974262,0.0483573484491317
glaum,1000,DK2 0AC,offwind-dc,0.5392280071256115,0.49205579446376835,0.04717221266184313
glaum,1000,DK2 0AC,offwind-dc,0.5488912740277546,0.5193267421943356,0.029564531833419005
glaum,1000,DK2 0AC,offwind-dc,0.546173795216524,0.5078060139206388,0.03836778129588514
glaum,1000,DK2 0AC,offwind-dc,0.5393765637728225,0.4964233663032323,0.0429531974695902
glaum,1000,DK2 0AC,offwind-dc,0.5507177496399338,0.5233946050714583,0.02732314456847551
glaum,1000,DK2 0AC,offwind-dc,0.546174440807504,0.5114366528782923,0.03473778792921167
glaum,1000,DK2 0AC,offwind-dc,0.5360789687539795,0.48538961813414433,0.050689350619835205
glaum,1000,DK2 0AC,offwind-dc,0.5642367305311419,0.563282771467463,0.0009539590636788997
glaum,1000,DK2 0AC,offwind-dc,0.5371038589812255,0.4916993803888901,0.04540447859233537
glaum,1000,DK2 0AC,offwind-dc,0.5544229566025549,0.532376703346711,0.022046253255843862
glaum,1000,DK2 0AC,offwind-dc,0.5406629231042425,0.4988422997152562,0.04182062338898629
glaum,1000,DK2 0AC,offwind-dc,0.5533334204870832,0.5287655090497471,0.024567911437336165
glaum,1000,DK2 0AC,offwind-dc,0.5622551036768652,0.5608105447697124,0.001444558907152782
glaum,1000,DK2 0AC,offwind-dc,0.5484286460675456,0.5206898336382132,0.027738812429332405
glaum,1000,DK2 0AC,offwind-dc,0.5418970983188067,0.5128101192346958,0.029086979084110953
glaum,1000,DK2 0AC,offwind-dc,0.537128055203486,0.528533914763635,0.008594140439851072
glaum,1000,FR2 0AC,offwind-dc,0.5304397728676356,0.5304397728675395,9.603429163007604e-14
glaum,1000,FR2 0AC,offwind-dc,0.5165895279042658,0.5099623590230487,0.006627168881217171
glaum,1000,GB1 0AC,offwind-dc,0.4959619337719444,0.4856961168709115,0.010265816901032898
glaum,1000,GB1 0AC,offwind-dc,0.5066576030781562,0.4969436754249966,0.009713927653159593
glaum,1000,GB1 0AC,offwind-dc,0.5200440587594668,0.5120355300199462,0.008008528739520626
glaum,1000,GB1 0AC,offwind-dc,0.5136635680657234,0.4567684740746934,0.056895093991030044
glaum,1000,GB1 0AC,offwind-dc,0.5188172109481815,0.4668539217859034,0.05196328916227805
glaum,1000,GB1 0AC,offwind-dc,0.512122055110761,0.45194372308757064,0.060178332023190395
glaum,1000,GB1 0AC,offwind-dc,0.5198852415551743,0.46864613385750964,0.05123910769766471
glaum,1000,GB1 0AC,offwind-dc,0.5199743806735282,0.47047861812240455,0.049495762551123645
glaum,1000,GB1 0AC,offwind-dc,0.516170928697693,0.45992888714253155,0.05624204155516144
glaum,1000,GB1 0AC,offwind-dc,0.520139624307643,0.47065308234855197,0.04948654195909108
glaum,1000,GB1 0AC,offwind-dc,0.5248105057076196,0.5167891103223419,0.008021395385277685
glaum,1000,GB1 0AC,offwind-dc,0.5208441543617525,0.5112163727876383,0.009627781574114147
glaum,1000,GB1 0AC,offwind-dc,0.5198832128592289,0.4654243192424806,0.05445889361674827
glaum,1000,GB1 0AC,offwind-dc,0.5236867525983113,0.4694768782850529,0.05420987431325841
glaum,1000,GB1 0AC,offwind-dc,0.5195454214553393,0.46580552179212537,0.053739899663213964
glaum,1000,GB1 0AC,offwind-dc,0.5252892231456016,0.47445538850972785,0.05083383463587371
glaum,1000,GB1 0AC,offwind-dc,0.52426491374707,0.47452774375153883,0.04973716999553113
glaum,1000,GB1 0AC,offwind-dc,0.5126898100253962,0.4515074830098973,0.06118232701549886
glaum,1000,GB1 0AC,offwind-dc,0.520050713212164,0.47081074974514375,0.049239963467020254
glaum,1000,GB1 0AC,offwind-dc,0.5128409546592297,0.44951084066488356,0.06333011399434618
glaum,1000,GB1 0AC,offwind-dc,0.5233440098302942,0.4685114023490661,0.05483260748122809
glaum,1000,GB1 0AC,offwind-dc,0.5236505627089092,0.46609208009419045,0.05755848261471874
glaum,1000,GB1 0AC,offwind-dc,0.5192329095064775,0.5016799643699663,0.017552945136511178
glaum,1000,GB1 0AC,offwind-dc,0.5251168538208395,0.47392086315539234,0.051195990665447166
glaum,1000,GB1 0AC,offwind-dc,0.526634721624538,0.5148237350893983,0.011810986535139678
glaum,1000,GB1 0AC,offwind-dc,0.5237507982002272,0.4720189792143036,0.051731818985923606
glaum,1000,GB1 0AC,offwind-dc,0.5207724432029317,0.4610230414509055,0.0597494017520262
glaum,1000,GB1 0AC,offwind-dc,0.5194621114238249,0.46709591426005753,0.05236619716376739
glaum,1000,GB1 0AC,offwind-dc,0.5350911764532996,0.5161078625771895,0.018983313876110075
glaum,1000,GB1 0AC,offwind-dc,0.5245235723666688,0.4737156224186292,0.05080794994803961
glaum,1000,GB1 0AC,offwind-dc,0.5189048827875457,0.46971034996902483,0.04919453281852082
glaum,1000,GB1 0AC,offwind-dc,0.5375249063695283,0.522389065343154,0.01513584102637433
glaum,1000,GB1 0AC,offwind-dc,0.5206048007538278,0.46475105201573,0.05585374873809773
glaum,1000,GB1 0AC,offwind-dc,0.5224846466869414,0.46791481279545366,0.05456983389148773
glaum,1000,GB1 0AC,offwind-dc,0.5240482774199391,0.4678713192672122,0.056176958152726886
glaum,1000,GB1 0AC,offwind-dc,0.5417859942950932,0.5084230980167538,0.03336289627833944
glaum,1000,GB1 0AC,offwind-dc,0.5232606289544065,0.47050521985262184,0.05275540910178467
glaum,1000,GB1 0AC,offwind-dc,0.5233514320241027,0.47160519927924177,0.051746232744860954
glaum,1000,GB1 0AC,offwind-dc,0.5171526772650832,0.4643127785106426,0.05283989875444056
glaum,1000,GB1 0AC,offwind-dc,0.5184893418715126,0.45984238169069774,0.05864696018081489
glaum,1000,GB1 0AC,offwind-dc,0.5239455847725197,0.4695752280261394,0.054370356746380355
glaum,1000,GB1 0AC,offwind-dc,0.5390939270963907,0.5051449473915721,0.03394897970481858
glaum,1000,GB1 0AC,offwind-dc,0.528648407147978,0.5066398523376083,0.022008554810369674
glaum,1000,GB1 0AC,offwind-dc,0.5212890002953307,0.46764550173761904,0.05364349855771161
glaum,1000,GB1 0AC,offwind-dc,0.5175917591069199,0.5080901757864941,0.009501583320425833
glaum,1000,GB1 0AC,offwind-dc,0.5216549039852488,0.46878665072506476,0.05286825326018407
glaum,1000,GB1 0AC,offwind-dc,0.5273113805233531,0.4727228308314299,0.05458854969192323
glaum,1000,GB1 0AC,offwind-dc,0.5324932926470894,0.5030958418609386,0.02939745078615086
glaum,1000,GB1 0AC,offwind-dc,0.5183936900010169,0.4627553124691619,0.055638377531854966
glaum,1000,GB1 0AC,offwind-dc,0.5179090775682812,0.49871501753623,0.019194060032051208
glaum,1000,GB1 0AC,offwind-dc,0.5422823310884098,0.5135742771989155,0.028708053889494378
glaum,1000,GB1 0AC,offwind-dc,0.5295996840601377,0.5126516389789455,0.016948045081192187
glaum,1000,GB1 0AC,offwind-dc,0.5272259812209374,0.47667442768347085,0.0505515535374666
glaum,1000,GB1 0AC,offwind-dc,0.5406689705931262,0.5204321153953635,0.02023685519776275
glaum,1000,GB1 0AC,offwind-dc,0.5330226229846118,0.5221031927355642,0.010919430249047624
glaum,1000,GB1 0AC,offwind-dc,0.5200714696906876,0.46853866793935767,0.05153280175132996
glaum,1000,GB1 0AC,offwind-dc,0.5162396608161332,0.46635021529286685,0.049889445523266296
glaum,1000,GB1 0AC,offwind-dc,0.5186715071319566,0.5115284500360012,0.0071430570959554185
glaum,1000,GB1 0AC,offwind-dc,0.5258508981705421,0.4734914627773813,0.05235943539316079
glaum,1000,GB1 0AC,offwind-dc,0.5376467725309506,0.5270342081032432,0.010612564427707416
glaum,1000,GB1 0AC,offwind-dc,0.5161032698067526,0.4664618699513177,0.049641399855434865
glaum,1000,GB1 0AC,offwind-dc,0.5180059942194475,0.5105167544139618,0.007489239805485659
glaum,1000,GB4 0AC,offwind-dc,0.5371997628007714,0.4417263765093925,0.09547338629137891
glaum,1000,GB4 0AC,offwind-dc,0.5343138304706542,0.44514939265924724,0.08916443781140693
glaum,1000,GB4 0AC,offwind-dc,0.5235628364299785,0.4133772893093564,0.11018554712062206
glaum,1000,GB4 0AC,offwind-dc,0.5350065088402579,0.5134660376861949,0.02154047115406299
glaum,1000,NL2 0AC,offwind-dc,0.5181442352513652,0.5075756963610987,0.010568538890266543
glaum,1000,NL2 0AC,offwind-dc,0.5411683968499207,0.5384300374933024,0.0027383593566182585
glaum,1000,NL2 0AC,offwind-dc,0.5250296385255208,0.5170548076510116,0.00797483087450912
glaum,1000,NL2 0AC,offwind-dc,0.5423326835302638,0.5411024177677011,0.0012302657625626878
glaum,1000,NL2 0AC,offwind-dc,0.5352435786578208,0.5342937983833272,0.0009497802744935502
glaum,1000,NL2 0AC,offwind-dc,0.5238837361625601,0.5042662088889958,0.01961752727356436
glaum,1000,NL2 0AC,offwind-dc,0.5167255039685875,0.5066003632083786,0.010125140760208873
glaum,1000,NL2 0AC,offwind-dc,0.5413436715942467,0.5399027896624692,0.0014408819317774935
glaum,1000,NL2 0AC,offwind-dc,0.5187329778032267,0.5167402012991753,0.0019927765040513856
glaum,1000,NL2 0AC,offwind-dc,0.5386676734561694,0.5379175600407662,0.0007501134154032085
glaum,1000,NL2 0AC,offwind-dc,0.5398502536770592,0.5378378748680162,0.002012378809043036
glaum,1000,NL2 0AC,offwind-dc,0.5331349050675206,0.5327670061719224,0.00036789889559818434
glaum,1000,NL2 0AC,offwind-dc,0.5165233399253276,0.5043913794552349,0.012131960470092684
glaum,1000,NL2 0AC,offwind-dc,0.518713311410228,0.5182728898887293,0.00044042152149870173
glaum,1000,NL2 0AC,offwind-dc,0.5370249123198062,0.5364195704809004,0.0006053418389058152
glaum,1000,NL2 0AC,offwind-dc,0.5162575192409488,0.5051071962172798,0.011150323023668918
glaum,1000,NL2 0AC,offwind-dc,0.5345232124157768,0.5335638837516418,0.0009593286641350618
glaum,1000,NL2 0AC,offwind-dc,0.5313074081497812,0.5309779578955058,0.0003294502542753319
glaum,1000,NL2 0AC,offwind-dc,0.5177045206343504,0.5078192054839762,0.009885315150374163
glaum,1000,NL2 0AC,offwind-dc,0.5269686004994293,0.514930246117857,0.012038354381572303
glaum,1000,NL2 0AC,offwind-dc,0.5270797687178295,0.5155150419709164,0.011564726746913112
glaum,1000,NL2 0AC,offwind-dc,0.5241563524938248,0.51271395316644,0.011442399327384778
glaum,1000,NL2 0AC,offwind-dc,0.5262216091715027,0.5130843709328717,0.013137238238631
glaum,1000,NL2 0AC,offwind-dc,0.5264194374420482,0.5150179767060641,0.011401460735984137
glaum,1000,NL2 0AC,offwind-dc,0.5258261211561893,0.5139193733958995,0.011906747760289771
glaum,1000,NL2 0AC,offwind-dc,0.5238078811895746,0.5164161460653436,0.007391735124230969
glaum,1000,NL2 0AC,offwind-dc,0.5259760837227593,0.5164152088467798,0.009560874875979453
glaum,1000,NL2 0AC,offwind-dc,0.5279660027109271,0.5180989926546652,0.009867010056261893
glaum,1000,NL2 0AC,offwind-dc,0.5310693344670152,0.530707835966364,0.0003614985006512583
glaum,1000,NL2 0AC,offwind-dc,0.5296455346027225,0.5289381791038925,0.0007073554988299424
glaum,1000,NL2 0AC,offwind-dc,0.5281817430862037,0.5160530163825827,0.012128726703620973
glaum,1000,NL2 0AC,offwind-dc,0.5287304375756418,0.5191298859331873,0.009600551642454436
glaum,1000,NL2 0AC,offwind-dc,0.5302705722472784,0.5226879120066333,0.007582660240645023
glaum,1000,NL2 0AC,offwind-dc,0.5306407774745334,0.5301523585830648,0.0004884188914686671
glaum,1000,NL2 0AC,offwind-dc,0.5301336474768507,0.5231777805992022,0.006955866877648487
glaum,1000,NL2 0AC,offwind-dc,0.523993019524379,0.5106397049528119,0.013353314571567187
glaum,1000,NL2 0AC,offwind-dc,0.5313795339971198,0.5310242427855016,0.00035529121161814725
glaum,1000,NO0 0AC,offwind-dc,0.5179078822204494,0.4999481642408319,0.017959717979617484
glaum,1000,NO0 0AC,offwind-dc,0.5267069653631563,0.5150282617359632,0.011678703627193143
glaum,1000,NO0 0AC,offwind-dc,0.5446602556757102,0.5434477559519904,0.0012124997237198398
glaum,1000,NO0 0AC,offwind-dc,0.5542265610412107,0.5542265610412,1.0658141036401503e-14
glaum,1000,NO0 0AC,offwind-dc,0.5471955159837258,0.5471955159836642,6.161737786669619e-14
glaum,1000,NO0 0AC,offwind-dc,0.5558894067488371,0.5558894067488183,1.887379141862766e-14
glaum,1000,DK2 0AC,offwind-ac,0.514924260113402,0.4898254199212046,0.02509884019219738
glaum,1000,DK2 0AC,offwind-ac,0.4490087349207293,0.3869946745480132,0.06201406037271612
glaum,1000,DK2 0AC,offwind-float,0.5170192584297962,0.39392784854388696,0.12309140988590928
glaum,1000,DK2 0AC,offwind-float,0.4508356499436738,0.3164394416360885,0.1343962083075853
glaum,1000,GB1 0AC,offwind-float,0.531770171117413,0.41597490353310324,0.11579526758430975
glaum,1000,GB1 0AC,offwind-float,0.4637113521853895,0.33399814461974014,0.12971320756564936
glaum,1000,GB1 0AC,offwind-float,0.5214447447818935,0.3993738453906688,0.12207089939122473
glaum,1000,GB1 0AC,offwind-float,0.4546687645778482,0.31940597566127704,0.13526278891657117
glaum,1000,GB1 0AC,offwind-float,0.5209690984419416,0.39788857174958386,0.12308052669235775
glaum,1000,GB1 0AC,offwind-float,0.45427965660729874,0.32208242285827077,0.13219723374902798
glaum,1000,GB1 0AC,offwind-float,0.5244860875199788,0.39568805847063054,0.12879802904934828
glaum,1000,GB1 0AC,offwind-float,0.4573209279949702,0.31957158877917674,0.13774933921579346
glaum,1000,GB1 0AC,offwind-float,0.5152745334060714,0.3901292114294707,0.12514532197660072
glaum,1000,GB1 0AC,offwind-float,0.44932057543913556,0.31302447525118965,0.1362961001879459
glaum,1000,GB1 0AC,offwind-float,0.5237697750322152,0.4037278067546099,0.12004196827760533
glaum,1000,GB1 0AC,offwind-float,0.4566965716374548,0.32325759598349996,0.13343897565395485
glaum,1000,GB1 0AC,offwind-float,0.5212539388393944,0.3986787572065326,0.1225751816328618
glaum,1000,GB1 0AC,offwind-float,0.454514952488346,0.3282365368340549,0.1262784156542911
glaum,1000,GB1 0AC,offwind-float,0.5244513512746432,0.39338772278419554,0.13106362849044761
glaum,1000,GB1 0AC,offwind-float,0.4572898457191888,0.31533601485454726,0.14195383086464153
glaum,1000,GB1 0AC,offwind-float,0.5196491084929636,0.39278929579859384,0.1268598126943698
glaum,1000,GB1 0AC,offwind-float,0.45312953224360414,0.315990377668292,0.13713915457531212
glaum,1000,GB1 0AC,offwind-float,0.5249999638318896,0.39693023275661155,0.12806973107527808
glaum,1000,GB1 0AC,offwind-float,0.45779528813835246,0.32388505424600855,0.1339102338923439
glaum,1000,GB1 0AC,offwind-float,0.5247967994946308,0.4051424822415201,0.11965431725311065
glaum,1000,GB1 0AC,offwind-float,0.45759901336293796,0.3239433242576346,0.13365568910530334
glaum,1000,GB1 0AC,offwind-float,0.5257874338698053,0.4069145462938033,0.118872887576002
glaum,1000,GB1 0AC,offwind-float,0.45844237821682404,0.33138078327127596,0.12706159494554808
glaum,1000,GB1 0AC,offwind-float,0.49375029761912415,0.36000139444877116,0.13374890317035298
glaum,1000,GB1 0AC,offwind-float,0.43053775961796775,0.2935346787350269,0.13700308088294083
glaum,1000,GB1 0AC,offwind-float,0.5162243113076547,0.38366129518805103,0.13256301611960364
glaum,1000,GB1 0AC,offwind-float,0.45014305363088214,0.31243662393348726,0.13770642969739488
glaum,1000,GB1 0AC,offwind-float,0.5283818408678749,0.39868740206830905,0.12969443879956583
glaum,1000,GB1 0AC,offwind-float,0.4607378474635234,0.32404526110012866,0.13669258636339476
glaum,1000,GB1 0AC,offwind-float,0.5211575437900985,0.39604200449573346,0.12511553929436503
glaum,1000,GB1 0AC,offwind-float,0.4544309926421778,0.3244133895506726,0.13001760309150517
glaum,1000,GB1 0AC,offwind-float,0.5216010199038139,0.39494031822046555,0.12666070168334836
glaum,1000,GB1 0AC,offwind-float,0.4548180850399443,0.3181741698752995,0.1366439151646448
glaum,1000,GB1 0AC,offwind-float,0.5208364717742108,0.39807247765263937,0.12276399412157141
glaum,1000,GB1 0AC,offwind-float,0.45416369465216927,0.3270471245242369,0.12711657012793237
glaum,1000,GB1 0AC,offwind-float,0.5132837501863353,0.3798676927551369,0.13341605743119844
glaum,1000,GB1 0AC,offwind-float,0.4475578408598718,0.3120683035841525,0.13548953727571933
glaum,1000,GB1 0AC,offwind-float,0.5255150721528675,0.3940784545291113,0.13143661762375625
glaum,1000,GB1 0AC,offwind-float,0.4582255019840409,0.3269910129150618,0.1312344890689791
glaum,1000,GB1 0AC,offwind-float,0.5259368495903994,0.3987567533019549,0.1271800962884445
glaum,1000,GB1 0AC,offwind-float,0.458587642129171,0.3265432413742987,0.13204440075487234
glaum,1000,GB1 0AC,offwind-float,0.5014053388047085,0.3672615600485859,0.1341437787561226
glaum,1000,GB1 0AC,offwind-float,0.43721862336990863,0.29597506395283424,0.1412435594170744
glaum,1000,GB1 0AC,offwind-float,0.5204793438407502,0.3877180580542052,0.13276128578654506
glaum,1000,GB1 0AC,offwind-float,0.45384061331682235,0.3160844465880718,0.13775616672875057
glaum,1000,GB1 0AC,offwind-float,0.5283589070268974,0.3987049801564268,0.12965392687047056
glaum,1000,GB1 0AC,offwind-float,0.46072992558132037,0.3273795159879753,0.13335040959334504
glaum,1000,GB1 0AC,offwind-float,0.5195891408520472,0.39395977928812803,0.12562936156391918
glaum,1000,GB1 0AC,offwind-float,0.4530757448213299,0.32381593983831447,0.12925980498301542
glaum,1000,GB1 0AC,offwind-float,0.5173189521644548,0.3963705726132068,0.12094837955124799
glaum,1000,GB1 0AC,offwind-float,0.45109153013182646,0.3215548520553248,0.12953667807650165
glaum,1000,GB1 0AC,offwind-float,0.5190963902776028,0.39569659213197633,0.12339979814562646
glaum,1000,GB1 0AC,offwind-float,0.45264046207707237,0.3260578155648483,0.12658264651222406
glaum,1000,GB1 0AC,offwind-float,0.5159452052152533,0.3819261214691577,0.1340190837460956
glaum,1000,GB1 0AC,offwind-float,0.4498857972212836,0.3150175512078335,0.1348682460134501
glaum,1000,GB1 0AC,offwind-float,0.5225662693080608,0.39486024949943654,0.12770601980862428
glaum,1000,GB1 0AC,offwind-float,0.45567314476600357,0.3271390267851447,0.12853411798085884
glaum,1000,GB1 0AC,offwind-float,0.521687569217448,0.4002987211527388,0.12138884806470918
glaum,1000,GB1 0AC,offwind-float,0.4549057293111223,0.3204892267960732,0.13441650251504905
glaum,1000,GB1 0AC,offwind-float,0.5259654761300894,0.39464497166451334,0.13132050446557603
glaum,1000,GB1 0AC,offwind-float,0.4586297831759415,0.31979575512394276,0.13883402805199874
glaum,1000,GB1 0AC,offwind-float,0.5100454204621825,0.3754738604554058,0.13457156000677667
glaum,1000,GB1 0AC,offwind-float,0.44470943421181064,0.3086253909823623,0.13608404322944834
glaum,1000,GB1 0AC,offwind-float,0.5213262854760683,0.4008039432252339,0.12052234225083441
glaum,1000,GB1 0AC,offwind-float,0.45458531518704737,0.3208579370780175,0.13372737810902985
glaum,1000,GB1 0AC,offwind-float,0.5231806864985233,0.39062839608765015,0.13255229041087319
glaum,1000,GB1 0AC,offwind-float,0.45619495605450483,0.31946220331379954,0.1367327527407053
glaum,1000,GB1 0AC,offwind-float,0.5244240686402714,0.3950855480637407,0.12933852057653067
glaum,1000,GB1 0AC,offwind-float,0.4572721381155484,0.3230264068916683,0.13424573122388012
glaum,1000,GB1 0AC,offwind-float,0.5190491534593951,0.38399946182017497,0.1350496916392201
glaum,1000,GB1 0AC,offwind-float,0.4526121903907891,0.30916555872340734,0.14344663166738175
glaum,1000,GB1 0AC,offwind-float,0.5182963550055639,0.3946723098330965,0.12362404517246744
glaum,1000,GB1 0AC,offwind-float,0.45192984316348,0.3260975844980123,0.1258322586654677
glaum,1000,GB1 0AC,offwind-float,0.519405845563768,0.3930161425922213,0.12638970297154672
glaum,1000,GB1 0AC,offwind-float,0.4528964047780212,0.3221603544538456,0.13073605032417557
glaum,1000,GB1 0AC,offwind-float,0.5201796288287643,0.3864421838907615,0.13373744493800283
glaum,1000,GB1 0AC,offwind-float,0.4535855863458508,0.3225772930872463,0.13100829325860447
glaum,1000,GB1 0AC,offwind-float,0.5211315957560907,0.39298836847645535,0.12814322727963534
glaum,1000,GB1 0AC,offwind-float,0.4544208194977349,0.3247466098209635,0.1296742096767714
glaum,1000,GB1 0AC,offwind-float,0.5127841028315413,0.37629910276529344,0.13648500006624786
glaum,1000,GB1 0AC,offwind-float,0.4471489568624282,0.3077092020497887,0.13943975481263954
glaum,1000,GB1 0AC,offwind-float,0.5240885895397506,0.3915746059807843,0.13251398355896626
glaum,1000,GB1 0AC,offwind-float,0.45699322816485266,0.32681509642710016,0.1301781317377525
glaum,1000,GB1 0AC,offwind-float,0.5195009101189366,0.3988831031920426,0.120617806926894
glaum,1000,GB1 0AC,offwind-float,0.4529805808261812,0.32647516117788744,0.12650541964829376
glaum,1000,GB1 0AC,offwind-float,0.5191896032977219,0.38398429244124066,0.13520531085648124
glaum,1000,GB1 0AC,offwind-float,0.4527072772504439,0.31913099601240513,0.13357628123803877
glaum,1000,GB1 0AC,offwind-float,0.522530135375496,0.3917503187527702,0.13077981662272575
glaum,1000,GB1 0AC,offwind-float,0.455641521051675,0.32340954184701076,0.13223197920466423
glaum,1000,GB1 0AC,offwind-float,0.5174628316597383,0.39097710417186865,0.12648572748786963
glaum,1000,GB1 0AC,offwind-float,0.4512096397918157,0.31885392458597706,0.13235571520583866
glaum,1000,GB1 0AC,offwind-float,0.5175216567216562,0.3806543029719934,0.1368673537496628
glaum,1000,GB1 0AC,offwind-float,0.45128594328772975,0.30421401268502785,0.1470719306027019
glaum,1000,GB1 0AC,offwind-float,0.5197075601639787,0.3857870988365399,0.1339204613274388
glaum,1000,GB1 0AC,offwind-float,0.4531540568206727,0.32175370449745455,0.13140035232321817
glaum,1000,GB1 0AC,offwind-float,0.51569366898324,0.37774766292382894,0.13794600605941104
glaum,1000,GB1 0AC,offwind-float,0.44969869994371403,0.3060662682414919,0.14363243170222212
glaum,1000,GB1 0AC,offwind-float,0.5184863988753685,0.38975276090010263,0.12873363797526588
glaum,1000,GB1 0AC,offwind-float,0.45211493055526875,0.32362602614624714,0.1284889044090216
glaum,1000,GB1 0AC,offwind-float,0.5149705488029871,0.39140008169524404,0.12357046710774305
glaum,1000,GB1 0AC,offwind-float,0.4490486732280099,0.32181956902398595,0.12722910420402395
glaum,1000,GB1 0AC,offwind-float,0.5211080252338561,0.3887585121669096,0.13234951306694653
glaum,1000,GB1 0AC,offwind-float,0.4544010505247345,0.3215522407369202,0.13284880978781433
glaum,1000,GB1 0AC,offwind-float,0.5201127735751475,0.3843174773204534,0.1357952962546941
glaum,1000,GB1 0AC,offwind-float,0.4535198584050316,0.3200480878169302,0.1334717705881014
glaum,1000,GB1 0AC,offwind-float,0.514063757035315,0.38753248211985736,0.12653127491545768
glaum,1000,GB1 0AC,offwind-float,0.4482522377928588,0.31773606679519445,0.13051617099766433
glaum,1000,GB1 0AC,offwind-float,0.5177496125002551,0.3807321980409351,0.13701741445931997
glaum,1000,GB1 0AC,offwind-float,0.4514786399009624,0.30933186686113723,0.14214677303982515
glaum,1000,GB1 0AC,offwind-float,0.5187205095243744,0.38048679281416864,0.1382337167102058
glaum,1000,GB1 0AC,offwind-float,0.45229382193254264,0.3148082367677929,0.13748558516474974
glaum,1000,GB1 0AC,offwind-float,0.519435860584646,0.3859064611925474,0.13352939939209857
glaum,1000,GB1 0AC,offwind-float,0.4529559411427027,0.3212894396364691,0.1316665015062336
glaum,1000,GB1 0AC,offwind-float,0.5184249806383144,0.38841404649106487,0.13001093414724957
glaum,1000,GB1 0AC,offwind-float,0.4520477842687325,0.3212184096751376,0.1308293745935949
glaum,1000,GB1 0AC,offwind-float,0.5127975379756722,0.3888979475020901,0.12389959047358207
glaum,1000,GB1 0AC,offwind-float,0.44716682543163994,0.3200980752906336,0.12706875014100633
glaum,1000,GB1 0AC,offwind-float,0.5137720674622812,0.39195300320117465,0.12181906426110656
glaum,1000,GB1 0AC,offwind-float,0.4479648078251455,0.31331836776982674,0.13464644005531873
glaum,1000,GB1 0AC,offwind-float,0.5194306579266798,0.38228259845969537,0.13714805946698438
glaum,1000,GB1 0AC,offwind-float,0.45293789326240513,0.3111647579911828,0.14177313527122232
glaum,1000,GB1 0AC,offwind-float,0.5152960873989985,0.3869079276875429,0.12838815971145556
glaum,1000,GB1 0AC,offwind-float,0.44931380663052584,0.318290718682726,0.13102308794779982
glaum,1000,GB1 0AC,offwind-float,0.5168975680528729,0.38499158448376386,0.13190598356910904
glaum,1000,GB1 0AC,offwind-float,0.4507098446792902,0.3210238561591597,0.12968598852013052
glaum,1000,GB1 0AC,offwind-float,0.510786587731385,0.38417844151355235,0.12660814621783262
glaum,1000,GB1 0AC,offwind-float,0.44540709509108745,0.3169532436258073,0.12845385146528016
glaum,1000,GB1 0AC,offwind-float,0.5192547201124149,0.3841814133882519,0.135073306724163
glaum,1000,GB1 0AC,offwind-float,0.45278453392434487,0.3171266773956683,0.13565785652867657
glaum,1000,GB1 0AC,offwind-float,0.518982263554259,0.3805888979647544,0.1383933655895046
glaum,1000,GB1 0AC,offwind-float,0.45254729516236125,0.30393800805000193,0.14860928711235932
glaum,1000,GB1 0AC,offwind-float,0.5127404302232879,0.38344851856313455,0.1292919116601533
glaum,1000,GB1 0AC,offwind-float,0.4470918361106065,0.3193092526491478,0.1277825834614587
glaum,1000,GB1 0AC,offwind-float,0.5202653298542766,0.3842616496458712,0.13600368020840548
glaum,1000,GB1 0AC,offwind-float,0.45362865438052313,0.3190461523299983,0.13458250205052485
glaum,1000,GB1 0AC,offwind-float,0.5100464254758247,0.3854740952364355,0.12457233023938918
glaum,1000,GB1 0AC,offwind-float,0.44476817803133223,0.3156474691658855,0.12912070886544674
glaum,1000,GB1 0AC,offwind-float,0.5135826988179377,0.3824028927722023,0.13117980604573543
glaum,1000,GB1 0AC,offwind-float,0.44785170518422196,0.31849206053423457,0.1293596446499874
glaum,1000,GB1 0AC,offwind-float,0.5176037123931818,0.38389818758992755,0.13370552480325426
glaum,1000,GB1 0AC,offwind-float,0.4513318915144271,0.3196783292298737,0.13165356228455338
glaum,1000,GB1 0AC,offwind-float,0.5084800821992703,0.38157639185914277,0.12690369034012755
glaum,1000,GB1 0AC,offwind-float,0.44337669011874636,0.3142368928876218,0.12913979723112456
glaum,1000,GB1 0AC,offwind-float,0.5097515318555329,0.381711559653002,0.12803997220253088
glaum,1000,GB1 0AC,offwind-float,0.44449196752005815,0.31390294200006796,0.1305890255199902
glaum,1000,GB1 0AC,offwind-float,0.5202134509863743,0.38259915532041583,0.13761429566595845
glaum,1000,GB1 0AC,offwind-float,0.45360804722928066,0.3109332226660108,0.14267482456326985
glaum,1000,GB1 0AC,offwind-float,0.5072854747174851,0.3823576760827176,0.1249277986347675
glaum,1000,GB1 0AC,offwind-float,0.44231675694862393,0.31130748946875486,0.13100926747986907
glaum,1000,GB1 0AC,offwind-float,0.5074211175164357,0.3804861718512184,0.1269349456652173
glaum,1000,GB1 0AC,offwind-float,0.4424522210125396,0.3149382464485203,0.1275139745640193
glaum,1000,GB1 0AC,offwind-float,0.5184919378031426,0.3826275640936678,0.1358643737094748
glaum,1000,GB1 0AC,offwind-float,0.4521327859674668,0.3189254954163552,0.13320729055111163
glaum,1000,GB1 0AC,offwind-float,0.5163675202341104,0.3824308327579535,0.1339366874761569
glaum,1000,GB1 0AC,offwind-float,0.450254923528634,0.31629975477980465,0.13395516874882935
glaum,1000,GB1 0AC,offwind-float,0.5062600138140355,0.38274077095249337,0.12351924286154214
glaum,1000,GB1 0AC,offwind-float,0.4414537781988714,0.31342357222470163,0.12803020597416975
glaum,1000,GB1 0AC,offwind-float,0.5101083517209394,0.38110035376389084,0.12900799795704854
glaum,1000,GB1 0AC,offwind-float,0.444789250082427,0.3146110058581984,0.13017824422422858
glaum,1000,GB1 0AC,offwind-float,0.5150191637816763,0.3826789530867101,0.1323402106949662
glaum,1000,GB1 0AC,offwind-float,0.4490973739630553,0.3176390427663374,0.1314583311967179
glaum,1000,GB1 0AC,offwind-float,0.5185233692288868,0.3824187561326212,0.13610461309626554
glaum,1000,GB1 0AC,offwind-float,0.4521276937074119,0.3119376473245291,0.1401900463828828
glaum,1000,GB1 0AC,offwind-float,0.5071011862646643,0.3791562197589119,0.12794496650575238
glaum,1000,GB1 0AC,offwind-float,0.4421810253498033,0.3173966778987736,0.12478434745102968
glaum,1000,GB1 0AC,offwind-float,0.5161365139283183,0.38135840531411525,0.13477810861420303
glaum,1000,GB1 0AC,offwind-float,0.4500785556476542,0.3181559344044378,0.1319226212432164
glaum,1000,GB1 0AC,offwind-float,0.5060313802755233,0.3803658392524843,0.125665541023039
glaum,1000,GB1 0AC,offwind-float,0.4412664563518611,0.3064826811910436,0.13478377516081752
glaum,1000,GB1 0AC,offwind-float,0.5113906071134295,0.3812600593913186,0.13013054772211097
glaum,1000,GB1 0AC,offwind-float,0.44592086842093154,0.3129328580293046,0.13298801039162694
glaum,1000,GB1 0AC,offwind-float,0.5039308638555926,0.3786734189208882,0.12525744493470442
glaum,1000,GB1 0AC,offwind-float,0.43941524560463097,0.316870757969468,0.12254448763516296
glaum,1000,GB1 0AC,offwind-float,0.513845529427462,0.38092014939519675,0.13292538003226523
glaum,1000,GB1 0AC,offwind-float,0.4480561518814212,0.3179700133872313,0.13008613849418993
glaum,1000,GB1 0AC,offwind-float,0.5163602539995644,0.3810500657756921,0.1353101882238723
glaum,1000,GB1 0AC,offwind-float,0.4502672917347524,0.3089955950604784,0.14127169667427397
glaum,1000,GB1 0AC,offwind-float,0.5102098787370681,0.3797387068453833,0.13047117189168483
glaum,1000,GB1 0AC,offwind-float,0.44490370330966555,0.31492169585455,0.12998200745511557
glaum,1000,GB1 0AC,offwind-float,0.5080118279501175,0.38003283470223764,0.1279789932478798
glaum,1000,GB1 0AC,offwind-float,0.4429735280941796,0.3125341635670165,0.1304393645271631
glaum,1000,GB1 0AC,offwind-float,0.5172552052808225,0.38155804688874384,0.13569715839207863
glaum,1000,GB1 0AC,offwind-float,0.45102832482389715,0.3055375607369161,0.14549076408698103
glaum,1000,GB1 0AC,offwind-float,0.5146532550928028,0.38053298058210755,0.13412027451069525
glaum,1000,GB1 0AC,offwind-float,0.4487665098193884,0.3159006024682541,0.13286590735113435
glaum,1000,GB1 0AC,offwind-float,0.5054480593685806,0.37881414448496936,0.12663391488361125
glaum,1000,GB1 0AC,offwind-float,0.4407458233132964,0.3147069692847397,0.12603885402855675
glaum,1000,GB1 0AC,offwind-float,0.5124531144127334,0.3803365047143586,0.13211660969837485
glaum,1000,GB1 0AC,offwind-float,0.4468345695651312,0.3157847701613549,0.13104979940377626
glaum,1000,GB1 0AC,offwind-float,0.5123742539771332,0.3809357755079242,0.13143847846920903
glaum,1000,GB1 0AC,offwind-float,0.44677804013843603,0.30740816351310835,0.13936987662532768
glaum,1000,GB1 0AC,offwind-float,0.5149628291687188,0.38180484176334045,0.13315798740537838
glaum,1000,GB1 0AC,offwind-float,0.449022596402357,0.3081739680263284,0.14084862837602857
glaum,1000,GB1 0AC,offwind-float,0.5141821826616896,0.3810390822441076,0.13314310041758198
glaum,1000,GB1 0AC,offwind-float,0.4483601922078073,0.3123333903907649,0.1360268018170424
glaum,1000,GB1 0AC,offwind-float,0.5143532821873795,0.3795814581770063,0.13477182401037324
glaum,1000,GB1 0AC,offwind-float,0.4485164520511863,0.30867741068475707,0.13983904136642922
glaum,1000,GB1 0AC,offwind-float,0.5100638281241044,0.3806116131719481,0.12945221495215636
glaum,1000,GB1 0AC,offwind-float,0.44476341839027034,0.3148351031555108,0.12992831523475956
glaum,1000,GB1 0AC,offwind-float,0.5160175698645753,0.3812553025614354,0.13476226730313984
glaum,1000,GB1 0AC,offwind-float,0.44997455582419604,0.315843883267073,0.13413067255712302
glaum,1000,GB1 0AC,offwind-float,0.5166639402949309,0.38310126640476133,0.13356267389016957
glaum,1000,GB1 0AC,offwind-float,0.45053164369355764,0.3153915711100886,0.13514007258346905
glaum,1000,GB1 0AC,offwind-float,0.5139330509263242,0.38154386928808137,0.13238918163824287
glaum,1000,GB1 0AC,offwind-float,0.4481374833453424,0.31182760474302995,0.13630987860231247
glaum,1000,GB4 0AC,offwind-float,0.5391987518114485,0.39207769284628374,0.14712105896516475
glaum,1000,GB4 0AC,offwind-float,0.4701833880611403,0.31702801424743676,0.15315537381370353
glaum,1000,GB4 0AC,offwind-float,0.5363812014887726,0.3879529503869635,0.14842825110180907
glaum,1000,GB4 0AC,offwind-float,0.46770695357861003,0.3227872974572808,0.14491965612132923
glaum,1000,GB4 0AC,offwind-float,0.5385121149481525,0.391528188562752,0.14698392638540053
glaum,1000,GB4 0AC,offwind-float,0.4695647406556184,0.3259610923331509,0.14360364832246747
glaum,1000,GB4 0AC,offwind-float,0.5373630284674528,0.3880059634678014,0.14935706499965135
glaum,1000,GB4 0AC,offwind-float,0.46858873059430284,0.3134118600249127,0.1551768705693901
glaum,1000,GB4 0AC,offwind-float,0.5346889295486199,0.3832819005981593,0.1514070289504606
glaum,1000,GB4 0AC,offwind-float,0.46624392441480506,0.31057879418500384,0.15566513022980122
glaum,1000,GB4 0AC,offwind-float,0.5326187532619149,0.38101197753360544,0.15160677572830944
glaum,1000,GB4 0AC,offwind-float,0.46442708737135735,0.31396744760692624,0.1504596397644311
glaum,1000,GB4 0AC,offwind-float,0.5367111179452323,0.38666898555992596,0.15004213238530634
glaum,1000,GB4 0AC,offwind-float,0.46802007048478983,0.312794878230147,0.15522519225464282
glaum,1000,GB4 0AC,offwind-float,0.531691462252937,0.3800429752699387,0.15164848698299827
glaum,1000,GB4 0AC,offwind-float,0.4636163251705122,0.31322145937750867,0.15039486579300354
glaum,1000,GB4 0AC,offwind-float,0.5356021048314724,0.39324840063708677,0.14235370419438564
glaum,1000,GB4 0AC,offwind-float,0.46705938954945353,0.32232551816388877,0.14473387138556476
glaum,1000,GB4 0AC,offwind-float,0.5353404272319398,0.38862508749185054,0.1467153397400892
glaum,1000,GB4 0AC,offwind-float,0.4668118956000514,0.32407248530086263,0.14273941029918874
glaum,1000,GB4 0AC,offwind-float,0.532493599041063,0.3846348531229162,0.1478587459181468
glaum,1000,GB4 0AC,offwind-float,0.4643093404878093,0.3192383775576035,0.14507096293020583
glaum,1000,GB4 0AC,offwind-float,0.5328019499488356,0.3901114500857346,0.14269049986310095
glaum,1000,GB4 0AC,offwind-float,0.46457885895932577,0.32561581370586185,0.13896304525346392
glaum,1000,GB4 0AC,offwind-float,0.5279701768379412,0.3756818588777797,0.1522883179601615
glaum,1000,GB4 0AC,offwind-float,0.46037802499844616,0.31358627940705536,0.1467917455913908
glaum,1000,GB4 0AC,offwind-float,0.5310500590883064,0.38487169829247464,0.14617836079583174
glaum,1000,GB4 0AC,offwind-float,0.4630640894071943,0.3192957677467445,0.14376832166044978
glaum,1000,GB4 0AC,offwind-float,0.5345406804518267,0.3838167982546109,0.15072388219721577
glaum,1000,GB4 0AC,offwind-float,0.4661143678453823,0.31725445091081494,0.14885991693456735
glaum,1000,GB4 0AC,offwind-float,0.5295023660710172,0.3813411772798728,0.14816118879114437
glaum,1000,GB4 0AC,offwind-float,0.4617140495803064,0.3180940544247165,0.14361999515558987
glaum,1000,GB4 0AC,offwind-float,0.5301664342963522,0.37831495100735985,0.1518514832889924
glaum,1000,GB4 0AC,offwind-float,0.4622675890604148,0.3154162850415413,0.14685130401887353
glaum,1000,GB4 0AC,offwind-float,0.5263018283507446,0.3849351819179527,0.1413666464327919
glaum,1000,GB4 0AC,offwind-float,0.45892303201234824,0.3117070984126044,0.14721593359974383
glaum,1000,GB4 0AC,offwind-float,0.5271442723842467,0.3810577147343471,0.14608655764989958
glaum,1000,GB4 0AC,offwind-float,0.45965867108477565,0.31727353064471153,0.14238514044006412
glaum,1000,GB4 0AC,offwind-float,0.5317837095600183,0.3806662671502917,0.15111744240972658
glaum,1000,GB4 0AC,offwind-float,0.4637172559444518,0.3162173834235338,0.147499872520918
glaum,1000,GB4 0AC,offwind-float,0.52930520730091,0.37960865653717824,0.14969655076373178
glaum,1000,GB4 0AC,offwind-float,0.4615495305660124,0.3149115968761727,0.14663793368983968
glaum,1000,GB4 0AC,offwind-float,0.5226545093753575,0.37047707327021784,0.15217743610513967
glaum,1000,GB4 0AC,offwind-float,0.4557370195114333,0.30464046396502015,0.15109655554641316
glaum,1000,GB4 0AC,offwind-float,0.5243161700229182,0.3800309223170307,0.14428524770588752
glaum,1000,GB4 0AC,offwind-float,0.4571915038077532,0.3146684057306808,0.14252309807707242
glaum,1000,GB4 0AC,offwind-float,0.5193219154168797,0.3776411379175606,0.14168077749931907
glaum,1000,GB4 0AC,offwind-float,0.45282362871282317,0.31636075939670955,0.13646286931611362
glaum,1000,GB4 0AC,offwind-float,0.52617911241956,0.3850701817219806,0.14110893069757935
glaum,1000,GB4 0AC,offwind-float,0.45883560306141596,0.3167952560491885,0.14204034701222745
glaum,1000,GB4 0AC,offwind-float,0.5263842965407552,0.37416246022161737,0.15222183631913788
glaum,1000,GB4 0AC,offwind-float,0.4590020412964459,0.3115677590179213,0.14743428227852462
glaum,1000,GB4 0AC,offwind-float,0.521353625891984,0.37580667761335346,0.14554694827863052
glaum,1000,GB4 0AC,offwind-float,0.4545957969733967,0.31231405063998424,0.14228174633341245
glaum,1000,GB4 0AC,offwind-float,0.5287636108238319,0.3771320817884474,0.15163152903538452
glaum,1000,GB4 0AC,offwind-float,0.46107664427555806,0.31352414351683394,0.14755250075872411
glaum,1000,GB4 0AC,offwind-float,0.5246753114652383,0.37559626736905755,0.14907904409618072
glaum,1000,GB4 0AC,offwind-float,0.45748733516242973,0.3135245621483815,0.14396277301404825
glaum,1000,GB4 0AC,offwind-float,0.520595331049338,0.36892861515472936,0.15166671589460862
glaum,1000,GB4 0AC,offwind-float,0.45393451168234944,0.3050286779204447,0.14890583376190475
glaum,1000,GB4 0AC,offwind-float,0.5210044250119098,0.37345514848302847,0.14754927652888133
glaum,1000,GB4 0AC,offwind-float,0.45429004604139805,0.3131880483575124,0.14110199768388565
glaum,1000,GB4 0AC,offwind-float,0.5133052235802917,0.3722769291707052,0.14102829440958653
glaum,1000,GB4 0AC,offwind-float,0.4475834595062086,0.30758105145842335,0.14000240804778524
glaum,1000,GB4 0AC,offwind-float,0.5167844257963441,0.3725449550720104,0.14423947072433368
glaum,1000,GB4 0AC,offwind-float,0.450637296533745,0.30522812051779763,0.14540917601594738
glaum,1000,GB4 0AC,offwind-float,0.5238445311446929,0.3732597717045428,0.1505847594401501
glaum,1000,GB4 0AC,offwind-float,0.4567612919490036,0.3055120636203254,0.1512492283286782
glaum,1000,GB4 0AC,offwind-float,0.5236341532051345,0.3719050076690506,0.1517291455360839
glaum,1000,GB4 0AC,offwind-float,0.4565839820305678,0.3034153173136445,0.1531686647169233
glaum,1000,GB4 0AC,offwind-float,0.5198524614200055,0.3690399425423218,0.1508125188776837
glaum,1000,GB4 0AC,offwind-float,0.45331895103288816,0.30873610936098567,0.1445828416719025
glaum,1000,GB4 0AC,offwind-float,0.5170018680637358,0.37016352766088584,0.14683834040285
glaum,1000,GB4 0AC,offwind-float,0.45081426020194015,0.3124532904769879,0.13836096972495227
glaum,1000,GB4 0AC,offwind-float,0.5208786192889252,0.3716745933410906,0.1492040259478346
glaum,1000,GB4 0AC,offwind-float,0.4542070330188463,0.3118810355330734,0.1423259974857729
glaum,1000,GB4 0AC,offwind-float,0.514169045831811,0.3634206497489593,0.15074839608285168
glaum,1000,GB4 0AC,offwind-float,0.4483246913149664,0.29888712429598074,0.14943756701898564
glaum,1000,GB4 0AC,offwind-float,0.5116248937452967,0.36869355955521405,0.1429313341900827
glaum,1000,GB4 0AC,offwind-float,0.4461187124350941,0.3057725364692185,0.14034617596587562
glaum,1000,GB4 0AC,offwind-float,0.5070804204538264,0.3660643512648427,0.14101606918898368
glaum,1000,GB4 0AC,offwind-float,0.44215610650166093,0.3089248785943498,0.13323122790731112
glaum,1000,GB4 0AC,offwind-float,0.5136012414655059,0.3667579893561909,0.14684325210931498
glaum,1000,GB4 0AC,offwind-float,0.44783586056744923,0.308750092151989,0.13908576841546022
glaum,1000,GB4 0AC,offwind-float,0.5167297767131889,0.3677723948357168,0.1489573818774721
glaum,1000,GB4 0AC,offwind-float,0.4505625637151962,0.31011105088586016,0.14045151282933604
glaum,1000,GB4 0AC,offwind-float,0.5175113291025457,0.36648572862595313,0.15102560047659258
glaum,1000,GB4 0AC,offwind-float,0.4512521500736216,0.30530069335436055,0.14595145671926107
glaum,1000,GB4 0AC,offwind-float,0.5113861107320796,0.36687390270704684,0.14451220802503278
glaum,1000,GB4 0AC,offwind-float,0.44592355400841677,0.30362597822659854,0.14229757578181823
glaum,1000,GB4 0AC,offwind-float,0.5163927933021079,0.365397205492808,0.15099558780929984
glaum,1000,GB4 0AC,offwind-float,0.4502890431501674,0.3033439239108968,0.14694511923927056
glaum,1000,GB4 0AC,offwind-float,0.5130858719396488,0.3647948390209766,0.14829103291867224
glaum,1000,GB4 0AC,offwind-float,0.4473928906664098,0.30628629538297725,0.14110659528343256
glaum,1000,GB4 0AC,offwind-float,0.5030346283446515,0.36233181829003325,0.14070281005461827
glaum,1000,GB4 0AC,offwind-float,0.43863392359693043,0.30445991565821107,0.13417400793871936
glaum,1000,GB4 0AC,offwind-float,0.5117828862613466,0.36178876245620123,0.14999412380514537
glaum,1000,GB4 0AC,offwind-float,0.4462760288733827,0.299267774081915,0.14700825479146767
glaum,1000,GB4 0AC,offwind-float,0.5069622896668938,0.3632361655921233,0.14372612407477053
glaum,1000,GB4 0AC,offwind-float,0.4420585733975453,0.3036593521498562,0.1383992212476891
glaum,1000,GB4 0AC,offwind-float,0.514209575407177,0.36418186535067054,0.1500277100565065
glaum,1000,GB4 0AC,offwind-float,0.44837351598631414,0.30260113100475095,0.1457723849815632
glaum,1000,GB4 0AC,offwind-float,0.5117117128995201,0.3628018233740388,0.1489098895254813
glaum,1000,GB4 0AC,offwind-float,0.4462012825617696,0.30439733040068145,0.14180395216108815
glaum,1000,GB4 0AC,offwind-float,0.5108564814051195,0.36499874977045355,0.14585773163466598
glaum,1000,GB4 0AC,offwind-float,0.445441611624097,0.30503781295120697,0.14040379867289005
glaum,1000,GB4 0AC,offwind-float,0.4999203652341218,0.3599074544354234,0.14001291079869843
glaum,1000,GB4 0AC,offwind-float,0.4359056659536561,0.30077479895909387,0.13513086699456223
glaum,1000,GB4 0AC,offwind-float,0.5101394516568604,0.36251244326001575,0.14762700839684462
glaum,1000,GB4 0AC,offwind-float,0.4448423688172685,0.3018549622515248,0.1429874065657437
glaum,1000,GB4 0AC,offwind-float,0.5043786686372833,0.3612565010408702,0.1431221675964131
glaum,1000,GB4 0AC,offwind-float,0.43979382784812326,0.30017012809777854,0.13962369975034472
glaum,1000,GB4 0AC,offwind-float,0.5084065184736194,0.362690304518522,0.14571621395509737
glaum,1000,GB4 0AC,offwind-float,0.4433052206363275,0.30384991191643046,0.13945530871989703
glaum,1000,GB4 0AC,offwind-float,0.5024340267481334,0.35943745874796335,0.14299656800017008
glaum,1000,GB4 0AC,offwind-float,0.4380776850929379,0.29038488122321704,0.14769280386972083
glaum,1000,NO0 0AC,offwind-float,0.5064515658629872,0.4097546619554082,0.09669690390757901
glaum,1000,NO0 0AC,offwind-float,0.4416201554569428,0.3346834994562287,0.10693665600071406
glaum,1000,NO0 0AC,offwind-float,0.5091383848381145,0.41260534659241493,0.09653303824569953
glaum,1000,NO0 0AC,offwind-float,0.44395030179370415,0.33692100813596493,0.10702929365773922
glaum,1000,NO0 0AC,offwind-float,0.5082561677330923,0.4114139837920607,0.09684218394103167
glaum,1000,NO0 0AC,offwind-float,0.4431938689246274,0.32730851070333555,0.11588535822129187
glaum,1000,NO0 0AC,offwind-float,0.5073856663590458,0.41145288431427157,0.09593278204477423
glaum,1000,NO0 0AC,offwind-float,0.44242165500147895,0.3394120889716875,0.10300956602979144
glaum,1000,NO0 0AC,offwind-float,0.4983948201565856,0.4027177931879345,0.0956770269686511
glaum,1000,NO0 0AC,offwind-float,0.43458133250490655,0.3362733394771604,0.09830799302774612
glaum,1000,NO0 0AC,offwind-float,0.5057935090443197,0.40871903467724063,0.09707447436707911
glaum,1000,NO0 0AC,offwind-float,0.4410527020813676,0.3250806335772259,0.11597206850414171
glaum,1000,NO0 0AC,offwind-float,0.5041297618831054,0.4080159483952378,0.09611381348786763
glaum,1000,NO0 0AC,offwind-float,0.4396025869513856,0.33330932830268567,0.10629325864869993
glaum,1000,NO0 0AC,offwind-float,0.5021867283831642,0.4057490371025819,0.09643769128058233
glaum,1000,NO0 0AC,offwind-float,0.4378819174967898,0.32338498810678695,0.11449692939000283
glaum,1000,NO0 0AC,offwind-float,0.5050384207006062,0.4087924286562322,0.096245992044374
glaum,1000,NO0 0AC,offwind-float,0.4403683460081127,0.32540520823335,0.11496313777476269
glaum,1000,NO0 0AC,offwind-float,0.5035282152097679,0.40749166925271785,0.09603654595705002
glaum,1000,NO0 0AC,offwind-float,0.43907722925919673,0.3252278083445559,0.11384942091464084
glaum,1000,NO0 0AC,offwind-float,0.5050404067586517,0.40883824016958875,0.09620216658906294
glaum,1000,NO0 0AC,offwind-float,0.44036434384678214,0.33450717315483397,0.10585717069194817
glaum,1000,NO0 0AC,offwind-float,0.5047842399369152,0.4084974017038716,0.09628683823304363
glaum,1000,NO0 0AC,offwind-float,0.4401527857267513,0.32544146138294583,0.11471132434380549
glaum,1000,NO0 0AC,offwind-float,0.5032694634972359,0.4060838953611461,0.0971855681360898
glaum,1000,NO0 0AC,offwind-float,0.43886445979121136,0.32903088149403076,0.1098335782971806
glaum,1000,NO0 0AC,offwind-float,0.5032581012866163,0.4060828770081501,0.0971752242784662
glaum,1000,NO0 0AC,offwind-float,0.4388413404183311,0.32555798489440435,0.11328335552392677
glaum,1000,NO0 0AC,offwind-float,0.49641151365853364,0.4008103869213135,0.09560112673722015
glaum,1000,NO0 0AC,offwind-float,0.4328649631791213,0.32143743610082215,0.11142752707829917
glaum,1000,NO0 0AC,offwind-float,0.49309223945734626,0.3978129240117846,0.09527931544556167
glaum,1000,NO0 0AC,offwind-float,0.4299767714957323,0.3163829402750435,0.11359383122068883
glaum,1000,NO0 0AC,offwind-float,0.5015259639561119,0.4051978457584509,0.09632811819766102
glaum,1000,NO0 0AC,offwind-float,0.43729328682066476,0.3220846204280586,0.11520866639260618
glaum,1000,NO0 0AC,offwind-float,0.4958203128997802,0.40046464412509203,0.09535566877468815
glaum,1000,NO0 0AC,offwind-float,0.4323425388269104,0.319550882930391,0.1127916558965194
glaum,1000,NO0 0AC,offwind-float,0.5086593211364391,0.41299482083647204,0.09566450029996704
glaum,1000,NO0 0AC,offwind-float,0.44352603100876997,0.3376241827051748,0.10590184830359517
glaum,1000,NO0 0AC,offwind-float,0.5073467708873487,0.4115445474017771,0.0958022234855716
glaum,1000,NO0 0AC,offwind-float,0.44240683580404394,0.33461260696916517,0.10779422883487877
glaum,1000,NO0 0AC,offwind-float,0.4961744502959198,0.39990659283840424,0.09626785745751554
glaum,1000,NO0 0AC,offwind-float,0.43265836959846654,0.3174659664740427,0.11519240312442386
glaum,1000,NO0 0AC,offwind-float,0.4993500909958057,0.4028896420407726,0.09646044895503308
glaum,1000,NO0 0AC,offwind-float,0.43538365714578736,0.3238543020880277,0.11152935505775968
glaum,1000,NO0 0AC,offwind-float,0.5063060367351728,0.4097708478748662,0.09653518886030665
glaum,1000,NO0 0AC,offwind-float,0.4415000392422751,0.3394004211730628,0.1020996180692123
glaum,1000,NO0 0AC,offwind-float,0.5022077377982826,0.40508153998717883,0.09712619781110382
glaum,1000,NO0 0AC,offwind-float,0.43792547235377843,0.3338743520932824,0.10405112026049601
glaum,1000,NO0 0AC,offwind-float,0.5104245327880985,0.4152370972757422,0.09518743551235631
glaum,1000,NO0 0AC,offwind-float,0.44505324283842046,0.3313682220669497,0.11368502077147075
glaum,1000,NO0 0AC,offwind-float,0.502369115717527,0.40615328877913354,0.09621582693839342
glaum,1000,NO0 0AC,offwind-float,0.43805361797025266,0.3322762386061401,0.10577737936411258
glaum,1000,NO0 0AC,offwind-float,0.5035199328576604,0.4067982224284454,0.09672171042921501
glaum,1000,NO0 0AC,offwind-float,0.43907032643896055,0.3316616814212702,0.10740864501769032
glaum,1000,NO0 0AC,offwind-float,0.5011814284071103,0.40464406083164417,0.09653736757546616
glaum,1000,NO0 0AC,offwind-float,0.4370116218394007,0.32986525898420743,0.10714636285519324
glaum,1000,NO0 0AC,offwind-float,0.5147841182396641,0.4197162690666728,0.09506784917299127
glaum,1000,NO0 0AC,offwind-float,0.4488930723359685,0.3411485594379637,0.1077445128980048
glaum,1000,NO0 0AC,offwind-float,0.5041073494527581,0.4077739549705963,0.09633339448216183
glaum,1000,NO0 0AC,offwind-float,0.43956945340578807,0.3251407312304518,0.11442872217533628
glaum,1000,NO0 0AC,offwind-float,0.49645673513497907,0.4007822545348547,0.09567448060012435
glaum,1000,NO0 0AC,offwind-float,0.4328978425130303,0.3178766795254119,0.11502116298761844
glaum,1000,NO0 0AC,offwind-float,0.484142504131347,0.3880001724257718,0.09614233170557523
glaum,1000,NO0 0AC,offwind-float,0.4221272347472263,0.3113636833138762,0.1107635514333501
glaum,1000,NO0 0AC,offwind-float,0.4923309583590929,0.39622578951516124,0.09610516884393167
glaum,1000,NO0 0AC,offwind-float,0.4293071309971564,0.31965364144360464,0.10965348955355175
glaum,1000,NO0 0AC,offwind-float,0.5032073593461186,0.40604615600922517,0.09716120333689343
glaum,1000,NO0 0AC,offwind-float,0.4387843065033624,0.32955337571784,0.10923093078552243
glaum,1000,NO0 0AC,offwind-float,0.5129028811265723,0.41788358985493773,0.09501929127163461
glaum,1000,NO0 0AC,offwind-float,0.4472123872003796,0.3312658708244351,0.1159465163759445
glaum,1000,NO0 0AC,offwind-float,0.5088553397476872,0.41191002271051447,0.09694531703717268
glaum,1000,NO0 0AC,offwind-float,0.44371028630868486,0.33076008529782097,0.1129502010108639
glaum,1000,NO0 0AC,offwind-float,0.5116934026568138,0.4156062102629288,0.09608719239388502
glaum,1000,NO0 0AC,offwind-float,0.4461916345992905,0.3328960997241146,0.11329553487517591
glaum,1000,NO0 0AC,offwind-float,0.49086367137346587,0.3948733925729215,0.09599027880054439
glaum,1000,NO0 0AC,offwind-float,0.42802728463442247,0.3173342534429876,0.11069303119143487
glaum,1000,NO0 0AC,offwind-float,0.4879930686209033,0.39183355426287403,0.09615951435802927
glaum,1000,NO0 0AC,offwind-float,0.4255054195683397,0.3201472181568792,0.10535820141146052
glaum,1000,NO0 0AC,offwind-float,0.5106481293486814,0.41413361269131027,0.09651451665737115
glaum,1000,NO0 0AC,offwind-float,0.4452673896262789,0.33433760995717215,0.11092977966910672
glaum,1000,NO0 0AC,offwind-float,0.5075906140742374,0.41124979508603,0.09634081898820746
glaum,1000,NO0 0AC,offwind-float,0.44261343005430603,0.32975754769827564,0.11285588235603039
glaum,1000,NO0 0AC,offwind-float,0.5136855157399195,0.41847105916463256,0.09521445657528693
glaum,1000,NO0 0AC,offwind-float,0.447928424095324,0.33262127322305557,0.11530715087226845
glaum,1000,NO0 0AC,offwind-float,0.5049557850437684,0.40798874960266807,0.0969670354411003
glaum,1000,NO0 0AC,offwind-float,0.4402968837960984,0.32394785631443,0.11634902748166837
glaum,1000,NO0 0AC,offwind-float,0.5015510691498586,0.40474978556766256,0.09680128358219603
glaum,1000,NO0 0AC,offwind-float,0.437339827544998,0.33064170326640163,0.10669812427859637
glaum,1000,NO0 0AC,offwind-float,0.4937210837932476,0.3976432428661054,0.09607784092714217
glaum,1000,NO0 0AC,offwind-float,0.43049868363862276,0.325139265667042,0.10535941797158077
glaum,1000,NO0 0AC,offwind-float,0.4803628060121694,0.38401940585857797,0.09634340015359144
glaum,1000,NO0 0AC,offwind-float,0.4188574212972045,0.3123508823419006,0.10650653895530388
glaum,1000,NO0 0AC,offwind-float,0.5058288737493639,0.4092988411350205,0.0965300326143434
glaum,1000,NO0 0AC,offwind-float,0.4410260660124167,0.3345476644697703,0.10647840154264637
glaum,1000,NO0 0AC,offwind-float,0.4933341270031317,0.39696519883943965,0.09636892816369202
glaum,1000,NO0 0AC,offwind-float,0.4301619763564066,0.31944071912460853,0.11072125723179804
glaum,1000,NO0 0AC,offwind-float,0.4862243392584796,0.38996959393268904,0.09625474532579054
glaum,1000,NO0 0AC,offwind-float,0.4239498680913491,0.3182272829508955,0.10572258514045363
glaum,1000,NO0 0AC,offwind-float,0.5140255095177135,0.4178514826002359,0.09617402691747762
glaum,1000,NO0 0AC,offwind-float,0.4482245951051445,0.3371490336560564,0.11107556144908809
glaum,1000,NO0 0AC,offwind-float,0.5161557573782966,0.42072080095855746,0.09543495641973909
glaum,1000,NO0 0AC,offwind-float,0.45009531962520993,0.33581174722394763,0.1142835724012623
glaum,1000,NO0 0AC,offwind-float,0.5126507300282852,0.4163259986556948,0.0963247313725904
glaum,1000,NO0 0AC,offwind-float,0.4470260303559761,0.33632436598312937,0.11070166437284673
glaum,1000,NO0 0AC,offwind-float,0.5104327678490174,0.4143781913126326,0.09605457653638477
glaum,1000,NO0 0AC,offwind-float,0.44509149372075074,0.33881255963601664,0.1062789340847341
glaum,1000,NO0 0AC,offwind-float,0.5182181503114864,0.4220291557164173,0.09618899459506913
glaum,1000,NO0 0AC,offwind-float,0.45187451304568155,0.34176374353121625,0.1101107695144653
glaum,1000,NO0 0AC,offwind-float,0.5019054368338982,0.40542977020901466,0.09647566662488355
glaum,1000,NO0 0AC,offwind-float,0.43765527361768913,0.32389927638805116,0.11375599722963797
glaum,1000,NO0 0AC,offwind-float,0.4743577313364805,0.37771743767200006,0.09664029366448046
glaum,1000,NO0 0AC,offwind-float,0.4136156102936513,0.3049641147116941,0.10865149558195719
glaum,1000,NO0 0AC,offwind-float,0.5179839314095791,0.42217655976239027,0.09580737164718883
glaum,1000,NO0 0AC,offwind-float,0.4516764335302313,0.3343976262494297,0.11727880728080159
glaum,1000,NO0 0AC,offwind-float,0.5153890501619266,0.4195320284523961,0.09585702170953048
glaum,1000,NO0 0AC,offwind-float,0.44940683436226636,0.3319727759823967,0.11743405837986964
glaum,1000,NO0 0AC,offwind-float,0.5083054537395729,0.412067949640893,0.09623750409867993
glaum,1000,NO0 0AC,offwind-float,0.4432108816295362,0.3385627146557561,0.1046481669737801
glaum,1000,NO0 0AC,offwind-float,0.4887200230587139,0.392331041042343,0.09638898201637092
glaum,1000,NO0 0AC,offwind-float,0.42613817705011503,0.3149159267495351,0.11122225030057992
glaum,1000,NO0 0AC,offwind-float,0.5008226167709059,0.4049295351104629,0.09589308166044297
glaum,1000,NO0 0AC,offwind-float,0.4366856617031082,0.32961636950710504,0.10706929219600314
glaum,1000,NO0 0AC,offwind-float,0.5227321130017262,0.42662224937404686,0.09610986362767932
glaum,1000,NO0 0AC,offwind-float,0.4558175043845683,0.34571793997437,0.1100995644101983
glaum,1000,NO0 0AC,offwind-float,0.5251508960512854,0.42967200894016894,0.09547888711111646
glaum,1000,NO0 0AC,offwind-float,0.4579327932780202,0.3419045510245574,0.11602824225346281
glaum,1000,NO0 0AC,offwind-float,0.5277576026025693,0.43238274674881294,0.09537485585375638
glaum,1000,NO0 0AC,offwind-float,0.4602064522059369,0.3479009629545046,0.1123054892514323
glaum,1000,NO0 0AC,offwind-float,0.5114193060145916,0.41554114118928287,0.09587816482530875
glaum,1000,NO0 0AC,offwind-float,0.4459003869084805,0.3293101666196759,0.11659022028880461
glaum,1000,DE2 0AC,offwind-dc,0.5313173090067103,0.5312711125692301,4.6196437480161556e-05
glaum,1000,DE2 0AC,offwind-dc,0.46329050778215536,0.41258753193851017,0.05070297584364519
glaum,1000,DE2 0AC,offwind-dc,0.5294455924558389,0.5287191116156088,0.0007264808402300815
glaum,1000,DE2 0AC,offwind-dc,0.4616648825830194,0.40986942457702535,0.051795458005994055
glaum,1000,DE2 0AC,offwind-dc,0.5323270373155309,0.5322808451845032,4.619213102763364e-05
glaum,1000,DE2 0AC,offwind-dc,0.46417164108363135,0.4134908033855557,0.05068083769807563
glaum,1000,DE2 0AC,offwind-dc,0.529784515290604,0.5297356379168648,4.887737373915346e-05
glaum,1000,DE2 0AC,offwind-dc,0.46196146652413783,0.41012740451467816,0.05183406200945967
glaum,1000,DE2 0AC,offwind-dc,0.5311383478098005,0.531092218329841,4.6129479959522435e-05
glaum,1000,DE2 0AC,offwind-dc,0.46314833239269115,0.41163884965030406,0.05150948274238709
glaum,1000,DE2 0AC,offwind-dc,0.5302858901201081,0.5302397161881935,4.617393191452823e-05
glaum,1000,DE2 0AC,offwind-dc,0.4624110285503386,0.41152224381953373,0.05088878473080488
glaum,1000,DE2 0AC,offwind-dc,0.5318131349305443,0.5317669412724344,4.619365810987208e-05
glaum,1000,DE2 0AC,offwind-dc,0.4637491731755095,0.41315199933116764,0.05059717384434187
glaum,1000,DK2 0AC,offwind-dc,0.5392142491395411,0.5002245225481625,0.03898972659137856
glaum,1000,DK2 0AC,offwind-dc,0.4701967649688561,0.3968018941785038,0.07339487079035228
glaum,1000,GB1 0AC,offwind-dc,0.502373031417162,0.4957325177494489,0.006640513667713177
glaum,1000,GB1 0AC,offwind-dc,0.43805697210248423,0.36980400255568907,0.06825296954679516
glaum,1000,GB1 0AC,offwind-dc,0.5230855044735392,0.4733261939060739,0.0497593105674653
glaum,1000,GB1 0AC,offwind-dc,0.4561198252739942,0.37724965591666404,0.07887016935733016
glaum,1000,GB1 0AC,offwind-dc,0.5218455104007992,0.47192669645946694,0.04991881394133224
glaum,1000,GB1 0AC,offwind-dc,0.4550185517378571,0.37691534700403284,0.07810320473382426
glaum,1000,GB1 0AC,offwind-dc,0.5219000326096466,0.4706903662295137,0.05120966638013286
glaum,1000,GB1 0AC,offwind-dc,0.45509172393807346,0.37944049446454015,0.07565122947353331
glaum,1000,GB1 0AC,offwind-dc,0.5234279691176358,0.47070924692530763,0.05271872219232815
glaum,1000,GB1 0AC,offwind-dc,0.4564432169401507,0.375811643758511,0.08063157318163972
glaum,1000,GB1 0AC,offwind-dc,0.5313213302441006,0.5246738694570285,0.006647460787072013
glaum,1000,GB1 0AC,offwind-dc,0.46328217995543464,0.38648479931852836,0.07679738063690628
glaum,1000,NL2 0AC,offwind-dc,0.5177716144473717,0.508988200876556,0.00878341357081569
glaum,1000,NL2 0AC,offwind-dc,0.4514922681331878,0.3961466210598045,0.0553456470733833
glaum,1000,NL2 0AC,offwind-dc,0.5246107880977692,0.5154148252812852,0.009195962816483938
glaum,1000,NL2 0AC,offwind-dc,0.45744304192334956,0.40278982199989344,0.05465321992345612
glaum,1000,NL2 0AC,offwind-dc,0.5288166228872327,0.5284915181734795,0.0003251047137532437
glaum,1000,NL2 0AC,offwind-dc,0.4610980591313864,0.41169566281111597,0.049402396320270436
glaum,1000,NL2 0AC,offwind-dc,0.5192634064423715,0.5075490849479606,0.011714321494410873
glaum,1000,NL2 0AC,offwind-dc,0.4527930397229567,0.3956724364486071,0.05712060327434959
glaum,1000,NL2 0AC,offwind-dc,0.5172831220002447,0.5075945539293882,0.009688568070856496
glaum,1000,NL2 0AC,offwind-dc,0.4510473629329399,0.39781379843667797,0.05323356449626193
glaum,1000,NL2 0AC,offwind-dc,0.529060178960422,0.5199266322620213,0.009133546698400719
glaum,1000,NL2 0AC,offwind-dc,0.4613283368751374,0.4056576590802516,0.055670677794885826
glaum,1000,NL2 0AC,offwind-dc,0.5274801651301845,0.5190359822063556,0.008444182923828869
glaum,1000,NL2 0AC,offwind-dc,0.4599572557351159,0.4050540911791645,0.0549031645559514
glaum,1000,NL2 0AC,offwind-dc,0.5173398295040489,0.5057266028078616,0.011613226696187251
glaum,1000,NL2 0AC,offwind-dc,0.45110286249290227,0.3968918568782198,0.05421100561468245
glaum,1000,NL2 0AC,offwind-dc,0.5227820316731103,0.5125690194883912,0.01021301218471915
glaum,1000,NL2 0AC,offwind-dc,0.45585366402007155,0.4020826333279436,0.053771030692127963
glaum,1000,NL2 0AC,offwind-dc,0.5173247989017091,0.5067079738119498,0.010616825089759363
glaum,1000,NL2 0AC,offwind-dc,0.4511210889469009,0.40089967559381645,0.05022141335308444
glaum,1000,NL2 0AC,offwind-dc,0.5184995299721485,0.5039997471165354,0.014499782855613152
glaum,1000,NL2 0AC,offwind-dc,0.45210742756459976,0.3968871532012798,0.05522027436331994
glaum,1000,NL2 0AC,offwind-dc,0.5295047948119255,0.5213492002540236,0.008155594557901824
glaum,1000,NL2 0AC,offwind-dc,0.46172921979514225,0.40842030942613927,0.05330891036900298
glaum,1000,NL2 0AC,offwind-dc,0.5265080876130297,0.5172819633396123,0.009226124273417402
glaum,1000,NL2 0AC,offwind-dc,0.4591098763646701,0.4070805445174949,0.052029331847175175
glaum,1000,NL2 0AC,offwind-dc,0.5222036709729175,0.5088948443683332,0.013308826604584323
glaum,1000,NL2 0AC,offwind-dc,0.4553560923025083,0.3973425951512494,0.058013497151258864
glaum,1000,NL2 0AC,offwind-dc,0.5201815016918185,0.5141254841507495,0.006056017541068992
glaum,1000,NL2 0AC,offwind-dc,0.4535919940173629,0.4002876319910208,0.05330436202634209
glaum,1000,NL2 0AC,offwind-dc,0.5273932941165784,0.5160226325057078,0.011370661610870636
glaum,1000,NL2 0AC,offwind-dc,0.4598817891432077,0.4047710319991102,0.05511075714409752
glaum,1000,NL2 0AC,offwind-dc,0.5194646322950704,0.5057095374300381,0.013755094865032347
glaum,1000,NL2 0AC,offwind-dc,0.4529677043115802,0.4001454757370187,0.05282222857456148
glaum,1000,NL2 0AC,offwind-dc,0.5242646642281237,0.5128368014194106,0.011427862808713107
glaum,1000,NL2 0AC,offwind-dc,0.4571403545887442,0.4042639578399192,0.052876396748824994
glaum,1000,NL2 0AC,offwind-dc,0.519517483586009,0.5089907589698199,0.010526724616189087
glaum,1000,NL2 0AC,offwind-dc,0.4530140789104728,0.40168574313419714,0.05132833577627566
glaum,1000,NL2 0AC,offwind-dc,0.5223958230200553,0.5102032416192726,0.01219258140078272
glaum,1000,NL2 0AC,offwind-dc,0.4554985403134294,0.4001758285141506,0.05532271179927878
glaum,1000,NL2 0AC,offwind-dc,0.5231530649462245,0.514993793683237,0.008159271262987544
glaum,1000,NL2 0AC,offwind-dc,0.45618410603697357,0.402835867589412,0.05334823844756159
glaum,1000,NL2 0AC,offwind-dc,0.5212356448440069,0.5138919698040927,0.007343675039914177
glaum,1000,NL2 0AC,offwind-dc,0.4545249992581159,0.40483253812362835,0.04969246113448755
glaum,1000,NL2 0AC,offwind-dc,0.5270628852710373,0.516548817449012,0.010514067822025241
glaum,1000,NL2 0AC,offwind-dc,0.45957403599823227,0.40481480430212824,0.05475923169610403
glaum,1000,NL2 0AC,offwind-dc,0.5209832258698653,0.5089581772063557,0.012025048663509619
glaum,1000,NL2 0AC,offwind-dc,0.45427914845361655,0.40182022427425407,0.05245892417936249
glaum,1000,NL2 0AC,offwind-dc,0.5259608934104516,0.5146517181642564,0.011309175246195236
glaum,1000,NL2 0AC,offwind-dc,0.45861989803228703,0.4024111404332356,0.05620875759905142
glaum,1000,NL2 0AC,offwind-dc,0.521529501055244,0.5125973790374027,0.008932122017841326
glaum,1000,NL2 0AC,offwind-dc,0.45476157920116633,0.40021372129083466,0.054547857910331676
glaum,1000,NL2 0AC,offwind-dc,0.5230818333069576,0.5122362983968534,0.010845534910104204
glaum,1000,NL2 0AC,offwind-dc,0.45609049337540236,0.40467217757508667,0.051418315800315695
new_more,1000,DE2 0AC,offwind-ac,0.4842548573369921,0.4837587862040119,0.0004960711329801692
new_more,1000,DE2 0AC,offwind-ac,0.512862646573511,0.5123407009749862,0.0005219455985248089
new_more,1000,DE2 0AC,offwind-ac,0.49009685240975337,0.4895823859512106,0.0005144664585427505
new_more,1000,DE2 0AC,offwind-ac,0.447797887409637,0.4468187429525613,0.000979144457075698
new_more,1000,DE2 0AC,offwind-ac,0.43944961954408085,0.4361460533010673,0.0033035662430135337
new_more,1000,DK2 0AC,offwind-ac,0.46042302420608766,0.4190832218532259,0.041339802352861776
new_more,1000,DK2 0AC,offwind-ac,0.4845486692000619,0.47127322529684185,0.013275443903220052
new_more,1000,GB1 0AC,offwind-ac,0.2827439171228291,0.22501689502092412,0.05772702210190497
new_more,1000,GB1 0AC,offwind-ac,0.23556310639477404,0.1822163673338021,0.053346739060971954
new_more,1000,GB1 0AC,offwind-ac,0.44163230119977515,0.4197866222074235,0.021845678992351625
new_more,1000,GB1 0AC,offwind-ac,0.44968801806273284,0.42415334387982573,0.025534674182907113
new_more,1000,GB1 0AC,offwind-ac,0.5114049337735002,0.49150851842139587,0.01989641535210429
new_more,1000,GB1 0AC,offwind-ac,0.5094663323588692,0.4843366600473422,0.025129672311526963
new_more,1000,NL2 0AC,offwind-ac,0.3848447969549701,0.331276428075663,0.053568368879307104
new_more,1000,NL2 0AC,offwind-ac,0.4842977824049049,0.47952087560092255,0.00477690680398235
new_more,1000,NO0 0AC,offwind-ac,0.37356089427082,0.32546217170276315,0.04809872256805686
new_more,1000,DE2 0AC,offwind-float,0.5207015390431693,0.42464858563672475,0.09605295340644454
new_more,1000,DE2 0AC,offwind-float,0.5073950114609332,0.40709638062361686,0.10029863083731638
new_more,1000,GB1 0AC,offwind-float,0.34921909726866507,0.25497002355291165,0.09424907371575342
new_more,1000,GB1 0AC,offwind-float,0.43937288713685146,0.3019840897322306,0.13738879740462084
new_more,1000,NL2 0AC,offwind-float,0.5090781688498547,0.40995898868142344,0.09911918016843124
new_more,1000,NL2 0AC,offwind-float,0.40221663860715084,0.28632561026019604,0.1158910283469548
new_more,1000,NL2 0AC,offwind-float,0.5072404684643453,0.4119672250290349,0.09527324343531046
new_more,1000,NL2 0AC,offwind-float,0.5063868199904956,0.3965615258738375,0.10982529411665815
new_more,1000,NL2 0AC,offwind-float,0.4853903932193123,0.36343447592448574,0.12195591729482658
new_more,1000,NO0 0AC,offwind-float,0.09858469887372663,0.057401686972803546,0.041183011900923085
new_more,1000,DE2 0AC,offwind-dc,0.5202873289955827,0.5197394057222028,0.0005479232733799355
new_more,1000,DK2 0AC,offwind-dc,0.5241125888828063,0.49697177876082965,0.027140810121976666
new_more,1000,DK2 0AC,offwind-dc,0.5314544568931809,0.520826215509881,0.010628241383299986
new_more,1000,GB1 0AC,offwind-dc,0.5095400078525015,0.48359585643904757,0.025944151413453964
new_more,1000,GB1 0AC,offwind-dc,0.5094583022068372,0.4827023057674993,0.026755996439337904
new_more,1000,GB1 0AC,offwind-dc,0.5105722012431679,0.48422222832079503,0.0263499729223729
new_more,1000,GB1 0AC,offwind-dc,0.512422629440034,0.48988820138304867,0.022534428056985356
new_more,1000,GB1 0AC,offwind-dc,0.5071933431661361,0.4824640596294906,0.02472928353664544
new_more,1000,GB1 0AC,offwind-dc,0.5138554327578121,0.493835090618589,0.020020342139223102
new_more,1000,GB1 0AC,offwind-dc,0.5112431597823179,0.4825755947808835,0.028667565001434414
new_more,1000,GB1 0AC,offwind-dc,0.5084104564599871,0.48387851802324855,0.02453193843673851
new_more,1000,GB1 0AC,offwind-dc,0.5062979096018014,0.48172474989094477,0.024573159710856662
new_more,1000,GB1 0AC,offwind-dc,0.5061572990360245,0.48119226200643544,0.02496503702958902
new_more,1000,NL2 0AC,offwind-dc,0.5067607835684907,0.5023692166978722,0.004391566870618591
new_more,1000,BE2 0AC,offwind-ac,0.5023064731222758,0.5019092740191414,0.00039719910313440465
new_more,1000,BE2 0AC,offwind-ac,0.478425823881084,0.4776816095281684,0.0007442143529156064
new_more,1000,DE2 0AC,offwind-ac,0.4999116144627169,0.4995040338670403,0.0004075805956766376
new_more,1000,DE2 0AC,offwind-ac,0.4761445695160358,0.47586379529354345,0.0002807742224923415
new_more,1000,DE2 0AC,offwind-ac,0.4703116440196132,0.46989318577331374,0.00041845824629943573
new_more,1000,DE2 0AC,offwind-ac,0.447945038825192,0.44775440459768506,0.00019063422750692505
new_more,1000,DE2 0AC,offwind-ac,0.4649653715770564,0.4645650675739265,0.0004003040031299032
new_more,1000,DE2 0AC,offwind-ac,0.44285260252562225,0.4425578982079503,0.0002947043176719788
new_more,1000,DK2 0AC,offwind-ac,0.5239765650431427,0.5144439158147793,0.009532649228363388
new_more,1000,DK2 0AC,offwind-ac,0.4990657444856326,0.4947819997962731,0.004283744689359548
new_more,1000,DK2 0AC,offwind-ac,0.511313485740985,0.5017685712614331,0.009544914479551858
new_more,1000,DK2 0AC,offwind-ac,0.4870113138378633,0.47018555193805633,0.016825761899806946
new_more,1000,DK2 0AC,offwind-ac,0.4215959593581748,0.36942383937999224,0.05217211997818255
new_more,1000,DK2 0AC,offwind-ac,0.40153774734854353,0.35101577991552196,0.050521967433021564
new_more,1000,DK2 0AC,offwind-ac,0.49707157319366346,0.48726212072396125,0.009809452469702218
new_more,1000,DK2 0AC,offwind-ac,0.473432941022654,0.4568017682551338,0.016631172767520186
new_more,1000,DK2 0AC,offwind-ac,0.4928765340341517,0.48303339111529686,0.009843142918854852
new_more,1000,DK2 0AC,offwind-ac,0.46945065032260713,0.46203237144177356,0.007418278880833573
new_more,1000,DK2 0AC,offwind-ac,0.42688362567562294,0.38065212846997926,0.04623149720564368
new_more,1000,DK2 0AC,offwind-ac,0.4065744884126046,0.3575467240311808,0.049027764381423755
new_more,1000,DK2 0AC,offwind-ac,0.44422185085760446,0.41566299266721835,0.028558858190386116
new_more,1000,DK2 0AC,offwind-ac,0.42310193983391775,0.3890043677080178,0.03409757212589998
new_more,1000,GB1 0AC,offwind-ac,0.39225631360621127,0.35688113366992036,0.03537517993629091
new_more,1000,GB1 0AC,offwind-ac,0.3736127991494619,0.3376271828151406,0.03598561633432129
new_more,1000,GB1 0AC,offwind-ac,0.4521891570511774,0.43166093014432927,0.020528226906848135
new_more,1000,GB1 0AC,offwind-ac,0.4306770128591301,0.42325543722413994,0.007421575634990185
new_more,1000,GB1 0AC,offwind-ac,0.41490623198150867,0.39692225001470455,0.01798398196680412
new_more,1000,GB1 0AC,offwind-ac,0.39518619162568097,0.38649875514259574,0.008687436483085231
new_more,1000,GB1 0AC,offwind-ac,0.4675665426603087,0.44770873373935666,0.01985780892095207
new_more,1000,GB1 0AC,offwind-ac,0.44532343738569874,0.4368453990184182,0.00847803836728056
new_more,1000,GB1 0AC,offwind-ac,0.3969547160151588,0.35426155311936763,0.04269316289579117
new_more,1000,GB1 0AC,offwind-ac,0.37806807563054295,0.3361383346672021,0.041929740963340845
new_more,1000,GB1 0AC,offwind-ac,0.40544229972829354,0.3678951572018006,0.03754714252649294
new_more,1000,GB1 0AC,offwind-ac,0.3861653196193954,0.34735630157488573,0.03880901804450965
new_more,1000,GB1 0AC,offwind-ac,0.45354910266874393,0.431882927454836,0.021666175213907957
new_more,1000,GB1 0AC,offwind-ac,0.4319858379589332,0.419844892604322,0.012140945354611188
new_more,1000,GB1 0AC,offwind-ac,0.44561820651770906,0.42516455666955905,0.020453649848150013
new_more,1000,GB1 0AC,offwind-ac,0.42443845953282305,0.4124281228651775,0.01201033666764556
new_more,1000,GB1 0AC,offwind-ac,0.4522798346214403,0.43285984515458836,0.019419989466851917
new_more,1000,GB1 0AC,offwind-ac,0.43077023853985513,0.42521512641394105,0.005555112125914086
new_more,1000,GB1 0AC,offwind-ac,0.47170702976379403,0.4521221987516501,0.019584831012143922
new_more,1000,GB1 0AC,offwind-ac,0.4492873094847208,0.4375033510238466,0.011783958460874211
new_more,1000,GB1 0AC,offwind-ac,0.4758347585202814,0.455628861035787,0.020205897484494417
new_more,1000,GB1 0AC,offwind-ac,0.45321225526668185,0.4450491084133843,0.008163146853297554
new_more,1000,GB1 0AC,offwind-ac,0.418873848633487,0.3691946360447206,0.0496792125887664
new_more,1000,GB1 0AC,offwind-ac,0.39895194129744316,0.34135665071030785,0.057595290587135306
new_more,1000,GB1 0AC,offwind-ac,0.3717847818316447,0.31707379977132377,0.054710982060320934
new_more,1000,GB1 0AC,offwind-ac,0.3541008251852969,0.30518576033620115,0.048915064849095746
new_more,1000,GB1 0AC,offwind-ac,0.48279866311416236,0.4628853880746424,0.01991327503951995
new_more,1000,GB1 0AC,offwind-ac,0.45983833127041845,0.449062399684111,0.010775931586307463
new_more,1000,GB1 0AC,offwind-ac,0.48655689365226995,0.46421292372690925,0.022343969925360696
new_more,1000,GB1 0AC,offwind-ac,0.46343137555049174,0.45431760013359257,0.009113775416899172
new_more,1000,GB1 0AC,offwind-ac,0.46885950989363945,0.4488757379980918,0.019983771895547675
new_more,1000,GB1 0AC,offwind-ac,0.4465619432841995,0.43997168409817833,0.006590259186021186
new_more,1000,GB1 0AC,offwind-ac,0.5046726560674263,0.48628261093966735,0.018390045127758936
new_more,1000,GB1 0AC,offwind-ac,0.4806727694317838,0.4700541051633185,0.01061866426846525
new_more,1000,GB1 0AC,offwind-ac,0.4877171375853528,0.4670140586797132,0.020703078905639605
new_more,1000,GB1 0AC,offwind-ac,0.4645364743557859,0.4563929846173949,0.008143489738390963
new_more,1000,GB1 0AC,offwind-ac,0.4527267872369409,0.43219129954480073,0.020535487692140142
new_more,1000,GB1 0AC,offwind-ac,0.4311889080992413,0.41848748780334066,0.012701420295900656
new_more,1000,GB1 0AC,offwind-ac,0.4420870803530721,0.4238992436610159,0.018187836692056203
new_more,1000,GB1 0AC,offwind-ac,0.42106194534730845,0.38375943964308895,0.0373025057042195
new_more,1000,GB1 0AC,offwind-ac,0.48284063825222157,0.4624620684434443,0.02037856980877728
new_more,1000,GB1 0AC,offwind-ac,0.4598785284058044,0.4528980214874472,0.006980506918357221
new_more,1000,GB1 0AC,offwind-ac,0.47499444542997515,0.4571114567015466,0.01788298872842853
new_more,1000,GB1 0AC,offwind-ac,0.452411944999708,0.4439139292601404,0.0084980157395676
new_more,1000,GB1 0AC,offwind-ac,0.4683996900687416,0.44785749737911146,0.020542192689630145
new_more,1000,GB1 0AC,offwind-ac,0.44613057307694653,0.43278367814185364,0.01334689493509289
new_more,1000,GB1 0AC,offwind-ac,0.5082224148624824,0.4887998120735355,0.01942260278894692
new_more,1000,GB1 0AC,offwind-ac,0.48406041571030245,0.4712570552406456,0.012803360469656855
new_more,1000,GB1 0AC,offwind-ac,0.5034247369321755,0.48538396293128244,0.018040774000893045
new_more,1000,GB1 0AC,offwind-ac,0.47949075446210515,0.47123056471538977,0.008260189746715385
new_more,1000,GB1 0AC,offwind-ac,0.49006140274464133,0.47073181875801756,0.019329583986623766
new_more,1000,GB1 0AC,offwind-ac,0.4667693191507063,0.4537932026117254,0.012976116538980897
new_more,1000,GB4 0AC,offwind-ac,0.5301076124259732,0.48420122594540954,0.04590638648056361
new_more,1000,GB4 0AC,offwind-ac,0.5048986796314835,0.48742432982701395,0.017474349804469547
new_more,1000,NL2 0AC,offwind-ac,0.5102931366208604,0.5069881842055286,0.0033049524153317966
new_more,1000,NL2 0AC,offwind-ac,0.48603946079775606,0.4852475861872308,0.0007918746105252672
new_more,1000,NL2 0AC,offwind-ac,0.499350355950795,0.4964202372810018,0.0029301186697932025
new_more,1000,NL2 0AC,offwind-ac,0.47561677854941853,0.47480966500704297,0.0008071135423755593
new_more,1000,NL2 0AC,offwind-ac,0.5111699483914802,0.5080818171405377,0.0030881312509425385
new_more,1000,NL2 0AC,offwind-ac,0.4868545777523459,0.4860105480567489,0.0008440296955969928
new_more,1000,NL2 0AC,offwind-ac,0.5084999387849554,0.5054853821451029,0.003014556639852506
new_more,1000,NL2 0AC,offwind-ac,0.484324780117441,0.48354453905118094,0.0007802410662600678
new_more,1000,NL2 0AC,offwind-ac,0.5070206278250612,0.5038592087976349,0.003161419027426282
new_more,1000,NL2 0AC,offwind-ac,0.4829023779397568,0.4816683053637366,0.0012340725760202065
new_more,1000,NL2 0AC,offwind-ac,0.50812828893311,0.5042161985873251,0.00391209034578488
new_more,1000,NL2 0AC,offwind-ac,0.48396412950763246,0.4823676821544827,0.0015964473531497325
new_more,1000,NL2 0AC,offwind-ac,0.5109037437050489,0.5078436403991115,0.0030601033059374227
new_more,1000,NL2 0AC,offwind-ac,0.4866143931780876,0.4853073032904791,0.0013070898876084702
new_more,1000,NL2 0AC,offwind-ac,0.5063868199904956,0.49918139977117,0.007205420219325631
new_more,1000,NL2 0AC,offwind-ac,0.48231880713327513,0.47560756818819383,0.006711238945081299
new_more,1000,NL2 0AC,offwind-ac,0.5041345372617446,0.5006340555469426,0.003500481714801995
new_more,1000,NL2 0AC,offwind-ac,0.48015332168527847,0.47787938155539283,0.002273940129885632
new_more,1000,NL2 0AC,offwind-ac,0.5124117091247488,0.5093946783458649,0.0030170307788838224
new_more,1000,NL2 0AC,offwind-ac,0.4880505868969242,0.486331047588911,0.0017195393080132182
new_more,1000,NO0 0AC,offwind-ac,0.31883687195529037,0.259713527747561,0.059123344207729356
new_more,1000,NO0 0AC,offwind-ac,0.303642933150699,0.24413415830434285,0.059508774846356166
new_more,1000,NO0 0AC,offwind-ac,0.37913172552397423,0.33203001568916635,0.04710170983480788
new_more,1000,NO0 0AC,offwind-ac,0.3610986208535431,0.3123696098579152,0.04872901099562793
new_more,1000,NO0 0AC,offwind-ac,0.4000198456198748,0.3703920936212491,0.029627751998625718
new_more,1000,NO0 0AC,offwind-ac,0.3810005446059063,0.3498967409197221,0.031103803686184206
new_more,1000,NO0 0AC,offwind-ac,0.45042124028008235,0.4432184527839142,0.00720278749616815
new_more,1000,NO0 0AC,offwind-ac,0.4290065834902457,0.4134525732708218,0.015554010219423875
new_more,1000,NO0 0AC,offwind-ac,0.3481914746188554,0.3063122405491719,0.041879234069683524
new_more,1000,NO0 0AC,offwind-ac,0.3316221884336555,0.291300406571417,0.040321781862238504
new_more,1000,NO0 0AC,offwind-ac,0.23837833454594526,0.19110875284756332,0.04726958169838194
new_more,1000,NO0 0AC,offwind-ac,0.22702840747302455,0.1837304390127628,0.043297968460261765
new_more,1000,NO0 0AC,offwind-ac,0.36255755014947444,0.3245583399153464,0.037999210234128056
new_more,1000,NO0 0AC,offwind-ac,0.3452983013371661,0.3081007362796897,0.0371975650574764
new_more,1000,NO0 0AC,offwind-ac,0.19979833289447713,0.15162975767858503,0.0481685752158921
new_more,1000,NO0 0AC,offwind-ac,0.1902822125557383,0.14686462078041587,0.04341759177532242
new_more,1000,NO0 0AC,offwind-ac,0.3336384397060566,0.28986898886592777,0.04376945084012884
new_more,1000,NO0 0AC,offwind-ac,0.3177678000477789,0.2759608910107511,0.04180690903702777
new_more,1000,NO0 0AC,offwind-ac,0.3400687845138095,0.29837395559054475,0.04169482892326476
new_more,1000,NO0 0AC,offwind-ac,0.3238857766177119,0.2843296017878741,0.03955617482983781
new_more,1000,DK2 0AC,offwind-float,0.5493773872957731,0.4563811139684383,0.09299627332733484
new_more,1000,DK2 0AC,offwind-float,0.5232593706743046,0.44009804676738346,0.08316132390692116
new_more,1000,DK2 0AC,offwind-float,0.5458459789715898,0.45396910306315585,0.09187687590843396
new_more,1000,DK2 0AC,offwind-float,0.5199025153557775,0.43642737718127766,0.08347513817449981
new_more,1000,DK2 0AC,offwind-float,0.5433875886920476,0.45327336849964134,0.09011422019240628
new_more,1000,DK2 0AC,offwind-float,0.5175541515257154,0.4342736756406606,0.08328047588505477
new_more,1000,DK2 0AC,offwind-float,0.5374131630485245,0.44637036945870323,0.09104279358982126
new_more,1000,DK2 0AC,offwind-float,0.5118705019695214,0.4204862148004795,0.09138428716904196
new_more,1000,DK2 0AC,offwind-float,0.5248590387796718,0.435106375386343,0.08975266339332877
new_more,1000,DK2 0AC,offwind-float,0.499906350861578,0.41310724132955745,0.08679910953202052
new_more,1000,GB1 0AC,offwind-float,0.4596803342264417,0.3590132558341506,0.10066707839229111
new_more,1000,GB1 0AC,offwind-float,0.4378255724356936,0.3520196428910696,0.08580592954462402
new_more,1000,GB1 0AC,offwind-float,0.4714418728910131,0.3770004487540164,0.09444142413699669
new_more,1000,GB1 0AC,offwind-float,0.44902138149933785,0.3652541348869801,0.08376724661235774
new_more,1000,GB1 0AC,offwind-float,0.474072170802843,0.37339649133155917,0.10067567947128381
new_more,1000,GB1 0AC,offwind-float,0.45153339491310407,0.3696336605229058,0.08189973439019826
new_more,1000,GB1 0AC,offwind-float,0.448511587900922,0.34490936923485205,0.10360221866606995
new_more,1000,GB1 0AC,offwind-float,0.4271943216568789,0.3448254897984503,0.08236883185842858
new_more,1000,GB1 0AC,offwind-float,0.4786848773913993,0.37396819732145453,0.10471668006994478
new_more,1000,GB1 0AC,offwind-float,0.455920076199766,0.36312605967921924,0.09279401652054675
new_more,1000,GB4 0AC,offwind-float,0.5314604358102567,0.39408547479937767,0.13737496101087904
new_more,1000,GB4 0AC,offwind-float,0.5061939532341339,0.38550047393013437,0.12069347930399948
new_more,1000,NO0 0AC,offwind-float,0.4481388090883339,0.36756623216561546,0.08057257692271846
new_more,1000,NO0 0AC,offwind-float,0.4268191651927593,0.3536325082591462,0.07318665693361309
new_more,1000,NO0 0AC,offwind-float,0.45112332777039477,0.37329636440007,0.07782696337032474
new_more,1000,NO0 0AC,offwind-float,0.42964184706657244,0.3591620829553294,0.07047976411124302
new_more,1000,NO0 0AC,offwind-float,0.392907462888174,0.31581722399152584,0.07709023889664818
new_more,1000,NO0 0AC,offwind-float,0.3742061198970846,0.3033428775406225,0.07086324235646208
new_more,1000,NO0 0AC,offwind-float,0.4695694117306005,0.3927468627084903,0.07682254902211022
new_more,1000,NO0 0AC,offwind-float,0.4472379109611311,0.37806510959718886,0.06917280136394222
new_more,1000,NO0 0AC,offwind-float,0.43653620745345095,0.3583231824848898,0.07821302496856114
new_more,1000,NO0 0AC,offwind-float,0.41577474024817634,0.33837400701104436,0.07740073323713198
new_more,1000,NO0 0AC,offwind-float,0.46906792146665505,0.39088370432624314,0.0781842171404119
new_more,1000,NO0 0AC,offwind-float,0.4467668117946674,0.37466546614828045,0.07210134564638693
new_more,1000,NO0 0AC,offwind-float,0.43840032983473004,0.3599418721161502,0.07845845771857984
new_more,1000,NO0 0AC,offwind-float,0.41756364065061974,0.343347982711197,0.07421565793942275
new_more,1000,NO0 0AC,offwind-float,0.5111622382393417,0.4365722541709272,0.0745899840684145
new_more,1000,NO0 0AC,offwind-float,0.48684706833574976,0.4187964499645743,0.06805061837117543
new_more,1000,NO0 0AC,offwind-float,0.24384361379348024,0.17459330607542012,0.06925030771806012
new_more,1000,NO0 0AC,offwind-float,0.23222046343045863,0.17110488755752773,0.0611155758729309
new_more,1000,NO0 0AC,offwind-float,0.31883687195529037,0.22691673851643424,0.09192013343885613
new_more,1000,NO0 0AC,offwind-float,0.303642933150699,0.2175651882538169,0.08607774489688211
new_more,1000,NO0 0AC,offwind-float,0.3072243480529222,0.2287969395819631,0.07842740847095911
new_more,1000,NO0 0AC,offwind-float,0.29258247308171526,0.22358740345403003,0.06899506962768523
new_more,1000,NO0 0AC,offwind-float,0.39120814533668524,0.31376312303928955,0.0774450222973957
new_more,1000,NO0 0AC,offwind-float,0.3726144491737609,0.3027516348756342,0.06986281429812669
new_more,1000,NO0 0AC,offwind-float,0.5380881260093995,0.4647883873737252,0.0732997386356743
new_more,1000,NO0 0AC,offwind-float,0.5125133846775557,0.44545831657860174,0.06705506809895395
new_more,1000,NO0 0AC,offwind-float,0.5270731264452282,0.45349724987108553,0.07357587657414266
new_more,1000,NO0 0AC,offwind-float,0.5020152999254897,0.4344788328104719,0.06753646711501776
new_more,1000,NO0 0AC,offwind-float,0.4887347051260293,0.41132661292310746,0.07740809220292183
new_more,1000,NO0 0AC,offwind-float,0.46545890047726635,0.3930197703358102,0.07243913014145614
new_more,1000,NO0 0AC,offwind-float,0.31630174253900123,0.2207963293922141,0.09550541314678712
new_more,1000,NO0 0AC,offwind-float,0.30124830011131665,0.21189098224219663,0.08935731786912002
new_more,1000,NO0 0AC,offwind-float,0.2826624840689383,0.19354612061918017,0.08911636344975812
new_more,1000,NO0 0AC,offwind-float,0.2691874700919308,0.18683918120643367,0.08234828888549711
new_more,1000,NO0 0AC,offwind-float,0.037437314639087595,0.02152185386477638,0.015915460774311215
new_more,1000,NO0 0AC,offwind-float,0.03561075372955053,0.021568369060945843,0.01404238466860469
new_more,1000,NO0 0AC,offwind-float,0.07622839682375107,0.0454413478944706,0.03078704892928047
new_more,1000,NO0 0AC,offwind-float,0.07255795049892615,0.04444596655828405,0.0281119839406421
new_more,1000,NO0 0AC,offwind-float,0.09511240847188926,0.0591008609961987,0.03601154747569056
new_more,1000,NO0 0AC,offwind-float,0.09054513577773535,0.05592484991203696,0.03462028586569839
new_more,1000,NO0 0AC,offwind-float,0.10909907146503031,0.06588596951561955,0.04321310194941076
new_more,1000,NO0 0AC,offwind-float,0.10385377190696192,0.06270556932171009,0.04114820258525183
new_more,1000,NO0 0AC,offwind-float,0.5062035560511382,0.4309425934833221,0.07526096256781611
new_more,1000,NO0 0AC,offwind-float,0.48213088341319293,0.4128304455515858,0.06930043786160711
new_more,1000,NO0 0AC,offwind-float,0.5418279634044374,0.4696529363664338,0.0721750270380036
new_more,1000,NO0 0AC,offwind-float,0.5160754716830607,0.4498445210726277,0.06623095061043299
new_more,1000,NO0 0AC,offwind-float,0.5266143919114353,0.45274728616324295,0.07386710574819239
new_more,1000,NO0 0AC,offwind-float,0.5015585060852125,0.43413334025691647,0.067425165828296
new_more,1000,NO0 0AC,offwind-float,0.2508073998522257,0.18289593167564688,0.06791146817657884
new_more,1000,NO0 0AC,offwind-float,0.23886014511810358,0.1789569046861141,0.05990324043198947
new_more,1000,NO0 0AC,offwind-float,0.5452942165020672,0.4741092431320345,0.07118497337003271
new_more,1000,NO0 0AC,offwind-float,0.5193769775542091,0.45339809066918885,0.06597888688502024
new_more,1000,NO0 0AC,offwind-float,0.5083718035505422,0.4315345068885404,0.07683729666200184
new_more,1000,NO0 0AC,offwind-float,0.4842026338062272,0.4069332994190478,0.07726933438717937
new_more,1000,NO0 0AC,offwind-float,0.24185409346540804,0.1773771578004297,0.06447693566497834
new_more,1000,NO0 0AC,offwind-float,0.23033211694105254,0.17260248817173185,0.057729628769320696
new_more,1000,NO0 0AC,offwind-float,0.0906872525038685,0.053588024112301895,0.037099228391566604
new_more,1000,NO0 0AC,offwind-float,0.0863569390376449,0.0548483403718657,0.031508598665779194
new_more,1000,NO0 0AC,offwind-float,0.1355712249754715,0.09095828206667193,0.044612942908799566
new_more,1000,NO0 0AC,offwind-float,0.12910747121181992,0.08949526391787888,0.03961220729394105
new_more,1000,NO0 0AC,offwind-float,0.06481260799102423,0.03581516203770084,0.02899744595332339
new_more,1000,NO0 0AC,offwind-float,0.06169198475612988,0.03401192681054339,0.027680057945586492
new_more,1000,NO0 0AC,offwind-float,0.11053294327439239,0.06874872010085158,0.041784223173540816
new_more,1000,NO0 0AC,offwind-float,0.10521884353984384,0.06832668387934232,0.03689215966050152
new_more,1000,NO0 0AC,offwind-float,0.5503555109756159,0.47817563733719254,0.07217987363842332
new_more,1000,NO0 0AC,offwind-float,0.5241977142255901,0.45831081962271475,0.06588689460287539
new_more,1000,NO0 0AC,offwind-float,0.5162125324572211,0.4403916693944796,0.0758208630627415
new_more,1000,NO0 0AC,offwind-float,0.4916709083976498,0.4205730164618364,0.0710978919358134
new_more,1000,NO0 0AC,offwind-float,0.5131168295065127,0.43612780817142177,0.07698902133509095
new_more,1000,NO0 0AC,offwind-float,0.4887153169908556,0.41497740077056466,0.07373791622029091
new_more,1000,NO0 0AC,offwind-float,0.529364426117816,0.4547329934303262,0.07463143268748978
new_more,1000,NO0 0AC,offwind-float,0.5041908094427437,0.4355632534005277,0.06862755604221604
new_more,1000,NO0 0AC,offwind-float,0.483646452138807,0.4036157508950889,0.08003070124371814
new_more,1000,NO0 0AC,offwind-float,0.4606525811489838,0.38709155403595435,0.07356102711302942
new_more,1000,NO0 0AC,offwind-float,0.39358914033516335,0.29132404103639287,0.10226509929877048
new_more,1000,NO0 0AC,offwind-float,0.37485585991274434,0.2709152451216617,0.10394061479108263
new_more,1000,NO0 0AC,offwind-float,0.018791114853539768,0.010389131246821967,0.008401983606717801
new_more,1000,NO0 0AC,offwind-float,0.017858300224881354,0.010253080406124288,0.0076052198187570655
new_more,1000,NO0 0AC,offwind-float,0.5244780619634738,0.4475843280539033,0.0768937339095705
new_more,1000,NO0 0AC,offwind-float,0.4995501921210006,0.42457472985527456,0.07497546226572604
new_more,1000,NO0 0AC,offwind-float,0.5022854690755861,0.42516359448739555,0.07712187458819059
new_more,1000,NO0 0AC,offwind-float,0.47840570867035276,0.40783800083097815,0.0705677078393746
new_more,1000,NO0 0AC,offwind-float,0.5398520381956244,0.4666101711089431,0.07324186708668134
new_more,1000,NO0 0AC,offwind-float,0.5141732504971531,0.4458549581151512,0.06831829238200193
new_more,1000,NO0 0AC,offwind-float,0.5326488330320839,0.45907318162999167,0.07357565140209221
new_more,1000,NO0 0AC,offwind-float,0.5073193553629963,0.4402059791025037,0.06711337626049263
new_more,1000,NO0 0AC,offwind-float,0.5061088197155933,0.42860301644976384,0.07750580326582945
new_more,1000,NO0 0AC,offwind-float,0.48202081530693014,0.41166424703862975,0.07035656826830039
new_more,1000,NO0 0AC,offwind-float,0.5432770756984262,0.47080695195232114,0.07247012374610506
new_more,1000,NO0 0AC,offwind-float,0.5174423100951074,0.4491884242036013,0.06825388589150616
new_more,1000,NO0 0AC,offwind-float,0.5385726489163317,0.467549808338896,0.07102284057743574
new_more,1000,NO0 0AC,offwind-float,0.5129748787395549,0.4472330213535769,0.06574185738597804
new_more,1000,NO0 0AC,offwind-float,0.47564040510159,0.39678400429744626,0.07885640080414374
new_more,1000,NO0 0AC,offwind-float,0.4530337357858019,0.3814088851257465,0.07162485066005542
new_more,1000,NO0 0AC,offwind-float,0.5328647360312897,0.46112727814711457,0.07173745788417513
new_more,1000,NO0 0AC,offwind-float,0.5075315227210742,0.44051092846478357,0.06702059425629059
new_more,1000,NO0 0AC,offwind-float,0.5358939036414456,0.46272071171039664,0.07317319193104899
new_more,1000,NO0 0AC,offwind-float,0.5104234513038621,0.44321672691299147,0.06720672439087066
new_more,1000,NO0 0AC,offwind-float,0.4411414301741768,0.36184898543965277,0.07929244473452401
new_more,1000,NO0 0AC,offwind-float,0.42016793195086005,0.34985280714651007,0.07031512480434998
new_more,1000,NO0 0AC,offwind-float,0.5084909090398467,0.4323683750042406,0.07612253403560615
new_more,1000,NO0 0AC,offwind-float,0.4843228911266228,0.4146400882171399,0.06968280290948292
new_more,1000,NO0 0AC,offwind-float,0.458598922557818,0.37900461775965105,0.07959430479816693
new_more,1000,NO0 0AC,offwind-float,0.4367955341855932,0.3656266821018465,0.07116885208374668
new_more,1000,NO0 0AC,offwind-float,0.49815714312711823,0.4210122242253121,0.07714491890180614
new_more,1000,NO0 0AC,offwind-float,0.4744468222652325,0.4051015673884106,0.06934525487682192
new_more,1000,NO0 0AC,offwind-float,0.4630410474690568,0.38349546779303517,0.0795455796760216
new_more,1000,NO0 0AC,offwind-float,0.44101302181144314,0.3692745342359129,0.07173848757553025
new_more,1000,NO0 0AC,offwind-float,0.4437998006024732,0.3653610503808912,0.07843875022158203
new_more,1000,NO0 0AC,offwind-float,0.42269963177207265,0.3511042634158523,0.07159536835622032
new_more,1000,NO0 0AC,offwind-float,0.46879164846478993,0.39126957530010764,0.07752207316468229
new_more,1000,NO0 0AC,offwind-float,0.44651049307685964,0.3752254551502974,0.07128503792656221
new_more,1000,BE2 0AC,offwind-dc,0.529156537680529,0.5287471595352249,0.00040937814530406236
new_more,1000,BE2 0AC,offwind-dc,0.5039996361269847,0.4974286196278582,0.006571016499126503
new_more,1000,DE2 0AC,offwind-dc,0.5123955295284794,0.5120029145232944,0.00039261500518505965
new_more,1000,DE2 0AC,offwind-dc,0.488035190109424,0.4876689407274882,0.0003662493819358015
new_more,1000,DE2 0AC,offwind-dc,0.5198143051974231,0.5194115149925386,0.00040279020488454
new_more,1000,DE2 0AC,offwind-dc,0.4951013156482142,0.49499146408120304,0.0001098515670111544
new_more,1000,DE2 0AC,offwind-dc,0.5094076381750359,0.5089978490903591,0.00040978908467681485
new_more,1000,DE2 0AC,offwind-dc,0.4851894793270515,0.4850514051733711,0.00013807415368038978
new_more,1000,DE2 0AC,offwind-dc,0.5186319575351737,0.5182132304323839,0.0004187271027897843
new_more,1000,DE2 0AC,offwind-dc,0.49395502718470485,0.49384140889649214,0.00011361828821271347
new_more,1000,DE2 0AC,offwind-dc,0.5143636671203334,0.5139771919464835,0.0003864751738499317
new_more,1000,DE2 0AC,offwind-dc,0.4899034240232156,0.48460893266028665,0.005294491362928921
new_more,1000,DE2 0AC,offwind-dc,0.5120592540715678,0.5116398509874355,0.0004194030841323526
new_more,1000,DE2 0AC,offwind-dc,0.4877083106879114,0.4853566536850712,0.0023516570028401795
new_more,1000,DE2 0AC,offwind-dc,0.5212183782015624,0.5208269625755938,0.00039141562596856083
new_more,1000,DE2 0AC,offwind-dc,0.49643886278809496,0.4962983086130194,0.0001405541750755801
new_more,1000,DE2 0AC,offwind-dc,0.5215326733522982,0.5211235941208453,0.0004090792314529468
new_more,1000,DE2 0AC,offwind-dc,0.4967244393698645,0.49648867158817245,0.00023576778169204227
new_more,1000,DE2 0AC,offwind-dc,0.5143503186126775,0.5139480340720275,0.00040228454065005526
new_more,1000,DE2 0AC,offwind-dc,0.48990380935772165,0.48977064055004477,0.00013316880767688666
new_more,1000,DE2 0AC,offwind-dc,0.520214281965065,0.5198037071393379,0.0004105748257271502
new_more,1000,DE2 0AC,offwind-dc,0.49546893219655924,0.4951285305007058,0.0003404016958534206
new_more,1000,DE2 0AC,offwind-dc,0.5083603819551178,0.507954180604108,0.00040620135100977173
new_more,1000,DE2 0AC,offwind-dc,0.4841985678517671,0.481517301537159,0.002681266314608133
new_more,1000,DE2 0AC,offwind-dc,0.5195579381421305,0.5191568083301317,0.0004011298119988016
new_more,1000,DE2 0AC,offwind-dc,0.4948639164148067,0.49475042875444886,0.00011348766035784719
new_more,1000,DE2 0AC,offwind-dc,0.5037589351137595,0.5033534257047108,0.0004055094090487099
new_more,1000,DE2 0AC,offwind-dc,0.47980898544410844,0.46827040980652995,0.011538575637578485
new_more,1000,DK2 0AC,offwind-dc,0.5247189084400758,0.5004942850513318,0.024224623388744093
new_more,1000,DK2 0AC,offwind-dc,0.4997795914274422,0.4652093826895902,0.03457020873785199
new_more,1000,DK2 0AC,offwind-dc,0.5180400719077113,0.4916869714952202,0.02635310041249106
new_more,1000,DK2 0AC,offwind-dc,0.4934115024977597,0.4591655173949922,0.03424598510276755
new_more,1000,DK2 0AC,offwind-dc,0.5251764504064784,0.5004615885210858,0.024714861885392625
new_more,1000,DK2 0AC,offwind-dc,0.5002086084583302,0.46699703522579056,0.03321157323253959
new_more,1000,DK2 0AC,offwind-dc,0.5288367232579654,0.5073193179574585,0.02151740530050683
new_more,1000,DK2 0AC,offwind-dc,0.5037016910014348,0.4726199610524342,0.031081729949000603
new_more,1000,DK2 0AC,offwind-dc,0.535656205146279,0.5263381925710607,0.009318012575218249
new_more,1000,DK2 0AC,offwind-dc,0.5101970503587344,0.4858941486995325,0.024302901659201903
new_more,1000,DK2 0AC,offwind-dc,0.525748310971091,0.499517869862492,0.026230441108598956
new_more,1000,DK2 0AC,offwind-dc,0.5007469399580544,0.46629031971062085,0.03445662024743357
new_more,1000,DK2 0AC,offwind-dc,0.530250828334503,0.5109242218817077,0.01932660645279527
new_more,1000,DK2 0AC,offwind-dc,0.5050417764396931,0.47550793537789765,0.029533841061795407
new_more,1000,DK2 0AC,offwind-dc,0.5426773170866569,0.5334290843354467,0.009248232751210228
new_more,1000,DK2 0AC,offwind-dc,0.5168712126687506,0.49937155052080223,0.017499662147948347
new_more,1000,DK2 0AC,offwind-dc,0.5378602644339315,0.5284569886188241,0.00940327581510747
new_more,1000,DK2 0AC,offwind-dc,0.5122693334433632,0.4911214978768811,0.021147835566482143
new_more,1000,DK2 0AC,offwind-dc,0.526777208140308,0.5164917588698501,0.010285449270457936
new_more,1000,DK2 0AC,offwind-dc,0.5017267091016583,0.4935993425600898,0.008127366541568481
new_more,1000,FR2 0AC,offwind-dc,0.5202245556801385,0.5202245302228826,2.5457255858896133e-08
new_more,1000,FR2 0AC,offwind-dc,0.495492262422755,0.4954922556412493,6.7815056903342e-09
new_more,1000,FR2 0AC,offwind-dc,0.506627469904231,0.5066274321462754,3.7757955650974395e-08
new_more,1000,FR2 0AC,offwind-dc,0.48254801921926854,0.47667124871412114,0.0058767705051473995
new_more,1000,GB1 0AC,offwind-dc,0.5022596008095274,0.48322682835071484,0.01903277245881252
new_more,1000,GB1 0AC,offwind-dc,0.4783746462171602,0.4494135450640739,0.02896110115308631
new_more,1000,GB1 0AC,offwind-dc,0.5029578844364239,0.48302330529242343,0.01993457914400043
new_more,1000,GB1 0AC,offwind-dc,0.4790462425759652,0.4486190823558493,0.03042716022011588
new_more,1000,GB1 0AC,offwind-dc,0.51355925810367,0.49376556926641246,0.019793688837257517
new_more,1000,GB1 0AC,offwind-dc,0.4891503470913026,0.46164746720504574,0.02750287988625688
new_more,1000,GB1 0AC,offwind-dc,0.5107366541478319,0.49041853854488554,0.02031811560294633
new_more,1000,GB1 0AC,offwind-dc,0.4864484984576642,0.45820218969749477,0.028246308760169425
new_more,1000,GB1 0AC,offwind-dc,0.5247863824650333,0.5064513463866067,0.01833503607842657
new_more,1000,GB1 0AC,offwind-dc,0.49984385848563806,0.49223250462940127,0.007611353856236791
new_more,1000,GB1 0AC,offwind-dc,0.5089118046880832,0.48905520656396273,0.01985659812412044
new_more,1000,GB1 0AC,offwind-dc,0.4847170088746415,0.4738438815935297,0.010873127281111783
new_more,1000,GB1 0AC,offwind-dc,0.527159597378063,0.50823690317361,0.018922694204452917
new_more,1000,GB1 0AC,offwind-dc,0.5020975301606351,0.4961096502069548,0.005987879953680275
new_more,1000,GB1 0AC,offwind-dc,0.5139561477486706,0.4936474546014004,0.020308693147270185
new_more,1000,GB1 0AC,offwind-dc,0.489515000667958,0.4638276528873042,0.02568734778065379
new_more,1000,GB1 0AC,offwind-dc,0.5313455003920461,0.512014655683275,0.01933084470877111
new_more,1000,GB1 0AC,offwind-dc,0.5060846616965404,0.49050817666970276,0.015576485026837672
new_more,1000,GB1 0AC,offwind-dc,0.5084974830368404,0.48832603407106245,0.02017144896577794
new_more,1000,GB1 0AC,offwind-dc,0.4843291526687147,0.4561162233761812,0.028212929292533495
new_more,1000,GB1 0AC,offwind-dc,0.5287120480755569,0.5092475659080024,0.019464482167554586
new_more,1000,GB1 0AC,offwind-dc,0.5035829414943693,0.4878728867446945,0.01571005474967485
new_more,1000,GB1 0AC,offwind-dc,0.5184542041854411,0.4985080633212161,0.01994614086422497
new_more,1000,GB1 0AC,offwind-dc,0.49380591312230976,0.48501264916467085,0.008793263957638908
new_more,1000,GB1 0AC,offwind-dc,0.5222317158167098,0.5022417957429537,0.019989920073756107
new_more,1000,GB1 0AC,offwind-dc,0.49741061235481326,0.4847950338911338,0.012615578463679444
new_more,1000,GB1 0AC,offwind-dc,0.5079351767008279,0.4893200869313479,0.01861508976948001
new_more,1000,GB1 0AC,offwind-dc,0.4837870053063835,0.4762748759174457,0.007512129388937805
new_more,1000,GB1 0AC,offwind-dc,0.5318322990119471,0.5125556606373541,0.019276638374592925
new_more,1000,GB1 0AC,offwind-dc,0.506554890309357,0.49429763616211614,0.012257254147240826
new_more,1000,GB1 0AC,offwind-dc,0.5302567593607542,0.5117793610440887,0.018477398316665505
new_more,1000,GB1 0AC,offwind-dc,0.5050408857969493,0.4968130563125117,0.008227829484437565
new_more,1000,GB4 0AC,offwind-dc,0.5268476348330038,0.4503425158828884,0.07650511895011541
new_more,1000,GB4 0AC,offwind-dc,0.5017871437472434,0.41895210671152106,0.08283503703572237
new_more,1000,NL2 0AC,offwind-dc,0.530739795042297,0.5273940311958062,0.003345763846490768
new_more,1000,NL2 0AC,offwind-dc,0.5055143118609686,0.5029217318291007,0.002592580031867908
new_more,1000,NL2 0AC,offwind-dc,0.531888432488926,0.528704639201022,0.0031837932879040798
new_more,1000,NL2 0AC,offwind-dc,0.506581618553931,0.5056502306161637,0.0009313879377673695
new_more,1000,NL2 0AC,offwind-dc,0.524929103389507,0.5216427539689243,0.0032863494205827015
new_more,1000,NL2 0AC,offwind-dc,0.4999663577313079,0.49925350056624185,0.0007128571650660276
new_more,1000,NL2 0AC,offwind-dc,0.5137879610055195,0.510794289442216,0.002993671563303435
new_more,1000,NL2 0AC,offwind-dc,0.4893614691513899,0.47352170959284023,0.01583975955854966
new_more,1000,NL2 0AC,offwind-dc,0.5309184669597663,0.5279068204268595,0.003011646532906753
new_more,1000,NL2 0AC,offwind-dc,0.5056777706545147,0.5045682954496434,0.0011094752048712575
new_more,1000,NL2 0AC,offwind-dc,0.5087364174393018,0.5058166418913431,0.0029197755479586363
new_more,1000,NL2 0AC,offwind-dc,0.48455019601241156,0.4828050808558952,0.0017451151565163747
new_more,1000,NL2 0AC,offwind-dc,0.5294538093074689,0.5264277346352736,0.003026074672195289
new_more,1000,NL2 0AC,offwind-dc,0.5042759110188494,0.5025702249138851,0.0017056861049642436
new_more,1000,NL2 0AC,offwind-dc,0.5063086453100933,0.5032288657989563,0.0030797795111370263
new_more,1000,NL2 0AC,offwind-dc,0.48224434801010846,0.47506324824328233,0.007181099766826127
new_more,1000,NL2 0AC,offwind-dc,0.5242226221746108,0.5213926229507441,0.0028299992238667304
new_more,1000,NL2 0AC,offwind-dc,0.499306893106502,0.49857384698146334,0.0007330461250386611
new_more,1000,NL2 0AC,offwind-dc,0.5160876254444142,0.5130275452158208,0.003060080228593387
new_more,1000,NL2 0AC,offwind-dc,0.4915519340618974,0.4841278793744798,0.007424054687417581
new_more,1000,NL2 0AC,offwind-dc,0.513888400433875,0.510868180440934,0.003020219992940998
new_more,1000,NL2 0AC,offwind-dc,0.4894504781479307,0.482827886501688,0.0066225916462426815
new_more,1000,DK2 0AC,offwind-ac,0.5219265778864834,0.5121866314591295,0.009739946427353985
new_more,1000,DK2 0AC,offwind-ac,0.4971132928874206,0.4949209486357861,0.0021923442516345037
new_more,1000,DK2 0AC,offwind-ac,0.4919978754026743,0.48874532262541776,0.0032525527772565566
new_more,1000,DK2 0AC,offwind-ac,0.5071056994665638,0.497477719696544,0.009627979770019834
new_more,1000,DK2 0AC,offwind-ac,0.4829902782476211,0.4811509123005831,0.0018393659470379853
new_more,1000,DK2 0AC,offwind-ac,0.4780334320370404,0.4613510730411022,0.01668235899593823
new_more,1000,DK2 0AC,offwind-ac,0.5031802960788437,0.4930594421024975,0.010120853976346211
new_more,1000,DK2 0AC,offwind-ac,0.47925814059827887,0.4768217212227731,0.0024364193755057606
new_more,1000,DK2 0AC,offwind-ac,0.4743395966749237,0.4704387115256891,0.0039008851492345897
new_more,1000,GB1 0AC,offwind-ac,0.37457776863915015,0.341384585790207,0.03319318284894318
new_more,1000,GB1 0AC,offwind-ac,0.35675419252655993,0.32431117750752986,0.032443015019030075
new_more,1000,GB1 0AC,offwind-ac,0.35309288556661445,0.31651442440816746,0.036578461158446984
new_more,1000,GB1 0AC,offwind-ac,0.40102283640692865,0.3652065305179237,0.035816305889004973
new_more,1000,GB1 0AC,offwind-ac,0.3819223700189442,0.34659109777963404,0.03533127223931015
new_more,1000,GB1 0AC,offwind-ac,0.37800276637923325,0.3407575133380028,0.03724525304123044
new_more,1000,GB1 0AC,offwind-ac,0.4297650820014269,0.40874174612382996,0.021023335877596916
new_more,1000,GB1 0AC,offwind-ac,0.4093322279220629,0.4016360925089973,0.00769613541306563
new_more,1000,GB1 0AC,offwind-ac,0.4051313216218252,0.3946761740809249,0.010455147540900267
new_more,1000,GB1 0AC,offwind-ac,0.38944133724693125,0.3561187210745864,0.03332261617234483
new_more,1000,GB1 0AC,offwind-ac,0.3709182269140754,0.3378001580828773,0.03311806883119811
new_more,1000,GB1 0AC,offwind-ac,0.3670911202408611,0.33006925626629435,0.03702186397456675
new_more,1000,GB1 0AC,offwind-ac,0.4246222380551058,0.4067271997663011,0.017895038288804677
new_more,1000,GB1 0AC,offwind-ac,0.404407176026305,0.3988681398765033,0.005539036149801668
new_more,1000,GB1 0AC,offwind-ac,0.4002568146871687,0.39287305608156375,0.007383758605604973
new_more,1000,GB1 0AC,offwind-ac,0.45424095696786504,0.4348073888674855,0.01943356810037955
new_more,1000,GB1 0AC,offwind-ac,0.43263161667020233,0.4266598287266814,0.005971787943520934
new_more,1000,GB1 0AC,offwind-ac,0.428191592747879,0.41706506275822297,0.01112652998965602
new_more,1000,GB1 0AC,offwind-ac,0.45847470763740644,0.4388183386522237,0.01965636898518275
new_more,1000,GB1 0AC,offwind-ac,0.4366708052252755,0.430903512457811,0.005767292767464516
new_more,1000,GB1 0AC,offwind-ac,0.4321825385589178,0.4246631897652693,0.007519348793648517
new_more,1000,GB1 0AC,offwind-ac,0.4907855726303639,0.4721448137226131,0.0186407589077508
new_more,1000,GB1 0AC,offwind-ac,0.46745239940399125,0.46124125459168364,0.006211144812307612
new_more,1000,GB1 0AC,offwind-ac,0.4626550157733738,0.4537435375046087,0.008911478268765094
new_more,1000,GB4 0AC,offwind-ac,0.5332057748472533,0.4775754537959427,0.055630321051310605
new_more,1000,GB4 0AC,offwind-ac,0.5078564599693853,0.48733754981544386,0.020518910153941472
new_more,1000,GB4 0AC,offwind-ac,0.5026444164097269,0.4794143276208969,0.023230088788829983
new_more,1000,NL2 0AC,offwind-ac,0.47785369605833505,0.4747371556585902,0.0031165403997448493
new_more,1000,NL2 0AC,offwind-ac,0.45512856961119097,0.45447481987895655,0.000653749732234421
new_more,1000,NL2 0AC,offwind-ac,0.4504576633275502,0.44744189414050417,0.003015769187046047
new_more,1000,NL2 0AC,offwind-ac,0.4984015322673993,0.4953238177373304,0.003077714530068887
new_more,1000,NL2 0AC,offwind-ac,0.4746997456654261,0.47406760885667165,0.0006321368087544577
new_more,1000,NL2 0AC,offwind-ac,0.4698279837657821,0.4682487591719861,0.0015792245937960026
new_more,1000,NL2 0AC,offwind-ac,0.47324997111805645,0.47027326895764926,0.0029767021604071853
new_more,1000,NL2 0AC,offwind-ac,0.4507368825009501,0.450138796675985,0.0005980858249651222
new_more,1000,NL2 0AC,offwind-ac,0.4461110473472903,0.4390452986463268,0.007065748700963492
new_more,1000,NL2 0AC,offwind-ac,0.49229574501867485,0.48916463607335503,0.003131108945319816
new_more,1000,NL2 0AC,offwind-ac,0.4688841002436041,0.46822838018261986,0.000655720060984244
new_more,1000,NL2 0AC,offwind-ac,0.46407202331334674,0.46308484645890247,0.0009871768544442716
new_more,1000,NO0 0AC,offwind-ac,0.35645755739594975,0.31748309644358474,0.03897446095236501
new_more,1000,NO0 0AC,offwind-ac,0.33951551874924857,0.30195515911060433,0.037560359638644236
new_more,1000,NO0 0AC,offwind-ac,0.3360243084089326,0.29421286590445456,0.04181144250447805
new_more,1000,DK2 0AC,offwind-float,0.5219854889444001,0.43203552533397527,0.08994996361042484
new_more,1000,DK2 0AC,offwind-float,0.497169379999067,0.41657752788322355,0.08059185211584347
new_more,1000,DK2 0AC,offwind-float,0.49206017487951714,0.40833790435686645,0.08372227052265069
new_more,1000,DK2 0AC,offwind-float,0.505134222045255,0.41591910548846245,0.0892151165567926
new_more,1000,DK2 0AC,offwind-float,0.481118992865577,0.40427686864353957,0.07684212422203746
new_more,1000,DK2 0AC,offwind-float,0.4761813513352408,0.39269198465326655,0.08348936668197426
new_more,1000,GB1 0AC,offwind-float,0.5031284456366077,0.41365329509013465,0.08947515054647309
new_more,1000,GB1 0AC,offwind-float,0.47920846458282945,0.40699008060478253,0.07221838397804692
new_more,1000,GB1 0AC,offwind-float,0.47429043047588254,0.38718745027466,0.08710298020122254
new_more,1000,GB1 0AC,offwind-float,0.49870024618006703,0.4068732499685606,0.09182699621150642
new_more,1000,GB1 0AC,offwind-float,0.4749975677865296,0.4005709165379465,0.07442665124858305
new_more,1000,GB1 0AC,offwind-float,0.4701227493896454,0.39067360717110083,0.07944914221854454
new_more,1000,GB1 0AC,offwind-float,0.472813798945511,0.3789184450953032,0.09389535385020781
new_more,1000,GB1 0AC,offwind-float,0.450321122110569,0.3749643955632591,0.0753567265473099
new_more,1000,GB1 0AC,offwind-float,0.44569955383433596,0.37098877556053206,0.0747107782738039
new_more,1000,GB1 0AC,offwind-float,0.45101382037373206,0.348668337607284,0.10234548276644806
new_more,1000,GB1 0AC,offwind-float,0.4295709541113938,0.34918538928019516,0.08038556483119863
new_more,1000,GB1 0AC,offwind-float,0.42516234124285285,0.329350101587966,0.09581223965488683
new_more,1000,GB1 0AC,offwind-float,0.4772518263128009,0.376248631688039,0.10100319462476187
new_more,1000,GB1 0AC,offwind-float,0.45455520595537735,0.3748213233760569,0.07973388257932046
new_more,1000,GB1 0AC,offwind-float,0.4498901840043879,0.36841889626202545,0.08147128774236245
new_more,1000,GB1 0AC,offwind-float,0.4740321696725691,0.3716996065402411,0.10233256313232802
new_more,1000,GB1 0AC,offwind-float,0.4514952163701157,0.37046733987474445,0.08102787649537124
new_more,1000,GB1 0AC,offwind-float,0.44686159856629704,0.35063959296522595,0.09622200560107108
new_more,1000,GB1 0AC,offwind-float,0.48938831989262305,0.3860180964874026,0.10337022340522045
new_more,1000,GB1 0AC,offwind-float,0.4661149950421115,0.3837954142396303,0.0823195808024812
new_more,1000,GB1 0AC,offwind-float,0.46133133696259054,0.377119723470141,0.08421161349244954
new_more,1000,GB1 0AC,offwind-float,0.4965178263581343,0.3919625555984633,0.10455527075967097
new_more,1000,GB1 0AC,offwind-float,0.4729188759967268,0.38962400170884703,0.08329487428787974
new_more,1000,GB1 0AC,offwind-float,0.4680653908564015,0.3649857710825561,0.10307961977384539
new_more,1000,GB4 0AC,offwind-float,0.4845941902844995,0.3608762026613083,0.1237179876231912
new_more,1000,GB4 0AC,offwind-float,0.461555230246007,0.35089030463075155,0.11066492561525543
new_more,1000,GB4 0AC,offwind-float,0.45681151977981727,0.2966809911044143,0.16013052867540295
new_more,1000,GB4 0AC,offwind-float,0.5058808199812527,0.38339632657286016,0.12248449340839251
new_more,1000,GB4 0AC,offwind-float,0.48182345797909165,0.371070479664949,0.11075297831414266
new_more,1000,GB4 0AC,offwind-float,0.47687858664437693,0.3618938820845722,0.11498470455980475
new_more,1000,GB4 0AC,offwind-float,0.5287124876972337,0.4140462536491353,0.11466623404809839
new_more,1000,GB4 0AC,offwind-float,0.5035697782658948,0.3999375696315073,0.10363220863438749
new_more,1000,GB4 0AC,offwind-float,0.49840172818377604,0.39206468930839294,0.1063370388753831
new_more,1000,GB4 0AC,offwind-float,0.52898974218597,0.413253885270311,0.11573585691565896
new_more,1000,GB4 0AC,offwind-float,0.5038406135204425,0.3987007204383669,0.10513989308207561
new_more,1000,GB4 0AC,offwind-float,0.4986697839026566,0.3936790556795079,0.1049907282231487
new_more,1000,GB4 0AC,offwind-float,0.5179585461614422,0.4042001648535995,0.11375838130784272
new_more,1000,GB4 0AC,offwind-float,0.49332723827987845,0.387265127351118,0.10606211092876044
new_more,1000,GB4 0AC,offwind-float,0.4882643056251758,0.3802835577046546,0.1079807479205212
new_more,1000,NO0 0AC,offwind-float,0.523474669185153,0.44936747206826283,0.07410719711689012
new_more,1000,NO0 0AC,offwind-float,0.4985744303779624,0.43111055516977465,0.06746387520818775
new_more,1000,NO0 0AC,offwind-float,0.4934508412909899,0.4225165844810808,0.07093425680990906
new_more,1000,NO0 0AC,offwind-float,0.5198535785412136,0.4429058066858181,0.07694777185539553
new_more,1000,NO0 0AC,offwind-float,0.4951455053483985,0.4259229672474499,0.06922253810094864
new_more,1000,NO0 0AC,offwind-float,0.49006391213129047,0.4207339864569129,0.06932992567437757
new_more,1000,NO0 0AC,offwind-float,0.4650646388530515,0.3878784102562543,0.07718622859679719
new_more,1000,NO0 0AC,offwind-float,0.4429472325756055,0.3757397875476316,0.06720744502797388
new_more,1000,NO0 0AC,offwind-float,0.4384013412602653,0.3660878634289738,0.0723134778312915
new_more,1000,NO0 0AC,offwind-float,0.44902520615874697,0.36973597142760756,0.07928923473113941
new_more,1000,NO0 0AC,offwind-float,0.4276768255241794,0.35850708104650975,0.06916974447766966
new_more,1000,NO0 0AC,offwind-float,0.42328085727355275,0.3510362872214064,0.07224457005214635
new_more,1000,NO0 0AC,offwind-float,0.5379738572679895,0.4653680934634683,0.07260576380452122
new_more,1000,NO0 0AC,offwind-float,0.5123909834236855,0.4459518445479978,0.0664391388756877
new_more,1000,NO0 0AC,offwind-float,0.5071324028291974,0.43917192402401295,0.06796047880518441
new_more,1000,NO0 0AC,offwind-float,0.5264249400150622,0.4521946583437529,0.07423028167130935
new_more,1000,NO0 0AC,offwind-float,0.5014045371837211,0.43419043683071284,0.06721410035300829
new_more,1000,NO0 0AC,offwind-float,0.4962587085986727,0.42312592469256644,0.07313278390610628
new_more,1000,NO0 0AC,offwind-float,0.5387861445909797,0.46526313752816617,0.07352300706281356
new_more,1000,NO0 0AC,offwind-float,0.5131715623644879,0.4462576012413297,0.06691396112315823
new_more,1000,NO0 0AC,offwind-float,0.5079049708224941,0.437475225355248,0.07042974546724606
new_more,1000,NO0 0AC,offwind-float,0.5429191420044668,0.47118248397192825,0.07173665803253854
new_more,1000,NO0 0AC,offwind-float,0.5171080400619545,0.45150854320487327,0.06559949685708127
new_more,1000,NO0 0AC,offwind-float,0.5117942412440387,0.44149206713395445,0.07030217411008427
new_more,1000,NO0 0AC,offwind-float,0.42968919853110993,0.35081280636640527,0.07887639216470466
new_more,1000,NO0 0AC,offwind-float,0.40923307722163726,0.3394646653151777,0.06976841190645955
new_more,1000,NO0 0AC,offwind-float,0.4050127018734007,0.33336722729003027,0.07164547458337045
new_more,1000,NO0 0AC,offwind-float,0.4207583733337196,0.3411901744261823,0.0795681989075373
new_more,1000,NO0 0AC,offwind-float,0.4007401240612791,0.3305888646429929,0.0701512594182862
new_more,1000,NO0 0AC,offwind-float,0.39662060201667154,0.32023041052298334,0.0763901914936882
new_more,1000,NO0 0AC,offwind-float,0.36163400443873034,0.2870908222020054,0.07454318223672496
new_more,1000,NO0 0AC,offwind-float,0.34443273958746906,0.2783884848284552,0.06604425475901388
new_more,1000,NO0 0AC,offwind-float,0.3408978855812591,0.27095499282953683,0.06994289275172227
new_more,1000,NO0 0AC,offwind-float,0.2826624840689383,0.19418876453443118,0.08847371953450711
new_more,1000,NO0 0AC,offwind-float,0.2691874700919308,0.18456196425511495,0.08462550583681583
new_more,1000,NO0 0AC,offwind-float,0.26641800564363805,0.1800529871234311,0.08636501852020695
new_more,1000,NO0 0AC,offwind-float,0.5438873285068202,0.47258501617155185,0.07130231233526835
new_more,1000,NO0 0AC,offwind-float,0.5180369574098255,0.4527019598550406,0.06533499755478489
new_more,1000,NO0 0AC,offwind-float,0.5127136347813996,0.4454166476938266,0.06729698708757303
new_more,1000,NO0 0AC,offwind-float,0.55107230469491,0.47888957509197727,0.0721827296029327
new_more,1000,NO0 0AC,offwind-float,0.5248804395217521,0.4590553643392788,0.06582507518247332
new_more,1000,NO0 0AC,offwind-float,0.5194936817859837,0.449840501312481,0.06965318047350266
new_more,1000,NO0 0AC,offwind-float,0.5448582166530921,0.47311283845032553,0.07174537820276655
new_more,1000,NO0 0AC,offwind-float,0.5189548857988614,0.4536324700570763,0.0653224157417851
new_more,1000,NO0 0AC,offwind-float,0.5136289410024828,0.4314955400013561,0.0821334010011267
new_more,1000,NO0 0AC,offwind-float,0.5543662065354795,0.4832642739315418,0.07110193260393771
new_more,1000,NO0 0AC,offwind-float,0.528004440078241,0.4627929055384736,0.06521153453976741
new_more,1000,NO0 0AC,offwind-float,0.5225856212617063,0.4439179653727634,0.07866765588894287
new_more,1000,NO0 0AC,offwind-float,0.5555883918090251,0.4863412063246081,0.069247185484417
new_more,1000,NO0 0AC,offwind-float,0.5291686614116382,0.4652435562504532,0.06392510516118499
new_more,1000,NO0 0AC,offwind-float,0.5237378943916621,0.457862257345713,0.06587563704594906
new_more,1000,NO0 0AC,offwind-float,0.5548661817006054,0.4864945635052595,0.06837161819534593
new_more,1000,NO0 0AC,offwind-float,0.5284808011993326,0.4647432161376812,0.06373758506165139
new_more,1000,NO0 0AC,offwind-float,0.5230502543319946,0.4561005689794482,0.06694968535254642
new_more,1000,NO0 0AC,offwind-float,0.5564321175199228,0.48643185312310744,0.07000026439681539
new_more,1000,NO0 0AC,offwind-float,0.5299722167078695,0.4656704116996465,0.06430180500822302
new_more,1000,NO0 0AC,offwind-float,0.524533202938001,0.45884961903858207,0.06568358389941892
new_more,1000,NO0 0AC,offwind-float,0.5597755389695276,0.49023213887555683,0.06954340009397075
new_more,1000,NO0 0AC,offwind-float,0.5331633127848633,0.46910647859565147,0.06405683418921182
new_more,1000,NO0 0AC,offwind-float,0.5276915493444337,0.46097279575947814,0.0667187535849556
new_more,1000,NO0 0AC,offwind-float,0.5448113493373344,0.4726290482766341,0.07218230106070034
new_more,1000,NO0 0AC,offwind-float,0.5189170605387897,0.4530278817348586,0.06588917880393114
new_more,1000,NO0 0AC,offwind-float,0.5135915039365537,0.44407824877205615,0.06951325516449758
new_more,1000,NO0 0AC,offwind-float,0.5086831948634037,0.4319497973760094,0.07673339748739433
new_more,1000,NO0 0AC,offwind-float,0.48450603781485707,0.41583428782359527,0.0686717499912618
new_more,1000,NO0 0AC,offwind-float,0.4795267947779136,0.40800986419629703,0.07151693058161657
new_more,1000,NO0 0AC,offwind-float,0.5064498492905332,0.4306641495151424,0.07578569977539074
new_more,1000,NO0 0AC,offwind-float,0.48236568467957974,0.41414192346500023,0.06822376121457951
new_more,1000,NO0 0AC,offwind-float,0.47741524856543444,0.4072495297582089,0.07016571880722555
new_more,1000,NO0 0AC,offwind-float,0.47858047681585675,0.40074976626020975,0.077830710555647
new_more,1000,NO0 0AC,offwind-float,0.4558205461780114,0.3864162537663833,0.0694042924116281
new_more,1000,NO0 0AC,offwind-float,0.45114253825780043,0.3789603842585689,0.0721821539992315
new_more,1000,NO0 0AC,offwind-float,0.5012932907851694,0.42541994229977437,0.07587334848539501
new_more,1000,NO0 0AC,offwind-float,0.47745409770777814,0.4094771478754896,0.06797694983228852
new_more,1000,NO0 0AC,offwind-float,0.472554068366534,0.4033770223811993,0.0691770459853347
new_more,1000,BE2 0AC,offwind-dc,0.5272485969992339,0.5268412466727084,0.00040735032652550185
new_more,1000,BE2 0AC,offwind-dc,0.5021822013661912,0.49288299749932707,0.009299203866864114
new_more,1000,BE2 0AC,offwind-dc,0.497028391747301,0.4846078687741644,0.012420522973136616
new_more,1000,DE2 0AC,offwind-dc,0.5171085727555427,0.5166720155704747,0.00043655718506796504
new_more,1000,DE2 0AC,offwind-dc,0.4925309666916785,0.49240814777388997,0.00012281891778853637
new_more,1000,DE2 0AC,offwind-dc,0.4874762060354244,0.4851327190703442,0.002343486965080188
new_more,1000,DE2 0AC,offwind-dc,0.5155834802367011,0.5151578019702808,0.00042567826642025963
new_more,1000,DE2 0AC,offwind-dc,0.4910649546287897,0.49094788911625725,0.00011706551253243269
new_more,1000,DE2 0AC,offwind-dc,0.4860252394023629,0.48254567587378194,0.0034795635285809756
new_more,1000,DE2 0AC,offwind-dc,0.5218742532984001,0.5214515352244884,0.0004227180739116987
new_more,1000,DE2 0AC,offwind-dc,0.4970568825375634,0.4969428637126544,0.00011401882490902349
new_more,1000,DE2 0AC,offwind-dc,0.49195567318488537,0.49182199326481746,0.0001336799200679084
new_more,1000,DE2 0AC,offwind-dc,0.519636480848901,0.5192264861053688,0.0004099947435322049
new_more,1000,DE2 0AC,offwind-dc,0.49492514436544766,0.49482018741462835,0.00010495695081930156
new_more,1000,DE2 0AC,offwind-dc,0.4898458126752326,0.4896719363069868,0.00017387636824578445
new_more,1000,DE2 0AC,offwind-dc,0.5171561380422323,0.516758204275556,0.000397933766676295
new_more,1000,DE2 0AC,offwind-dc,0.4925694613151564,0.4924723899798374,9.707133531899892e-05
new_more,1000,DE2 0AC,offwind-dc,0.4875074586816978,0.48251371583853436,0.004993742843163451
new_more,1000,DE2 0AC,offwind-dc,0.5195902848408473,0.5191970663980539,0.00039321844279349705
new_more,1000,DE2 0AC,offwind-dc,0.49489472571023835,0.4947985476112443,9.617809899403751e-05
new_more,1000,DE2 0AC,offwind-dc,0.48981570620145337,0.4896475189122125,0.00016818728924089532
new_more,1000,DE2 0AC,offwind-dc,0.5199233193519475,0.5195356308293245,0.00038768852262294207
new_more,1000,DE2 0AC,offwind-dc,0.4952052009010985,0.49511401746959677,9.118343150171793e-05
new_more,1000,DE2 0AC,offwind-dc,0.4901161565385664,0.4893340214565368,0.0007821350820295669
new_more,1000,DE2 0AC,offwind-dc,0.5220405360235906,0.5216543972611498,0.0003861387624407575
new_more,1000,DE2 0AC,offwind-dc,0.4972285191285974,0.4971395243155043,8.899481309310175e-05
new_more,1000,DE2 0AC,offwind-dc,0.49212554829908606,0.4919131594135968,0.00021238888548924528
new_more,1000,DE2 0AC,offwind-dc,0.5165276318629048,0.5161413130588091,0.00038631880409578656
new_more,1000,DE2 0AC,offwind-dc,0.4919709396181373,0.49188120819521897,8.973142291834879e-05
new_more,1000,DE2 0AC,offwind-dc,0.4869219264234831,0.4831737998749924,0.00374812654849066
new_more,1000,DE2 0AC,offwind-dc,0.5159063975172381,0.5155090354157575,0.0003973621014805584
new_more,1000,DE2 0AC,offwind-dc,0.49137925524269377,0.49128318882030353,9.606642239023966e-05
new_more,1000,DE2 0AC,offwind-dc,0.4863226428570458,0.484712939640178,0.0016097032168678194
new_more,1000,DK2 0AC,offwind-dc,0.5169391431281831,0.49361277223166056,0.023326370896522564
new_more,1000,DK2 0AC,offwind-dc,0.49234951551006284,0.46001112633387914,0.0323383891761837
new_more,1000,DK2 0AC,offwind-dc,0.48729661705609856,0.45327734670865694,0.03401927034744162
new_more,1000,DK2 0AC,offwind-dc,0.5165930493725629,0.4889082159807156,0.027684833391847297
new_more,1000,DK2 0AC,offwind-dc,0.4920331544614797,0.45672680518485653,0.03530634927662318
new_more,1000,DK2 0AC,offwind-dc,0.48698350276658164,0.45018040263379144,0.0368031001327902
new_more,1000,DK2 0AC,offwind-dc,0.5238346649317106,0.4992634015686093,0.02457126336310128
new_more,1000,DK2 0AC,offwind-dc,0.49893052961673245,0.46590318336257774,0.03302734625415471
new_more,1000,DK2 0AC,offwind-dc,0.4938100913461185,0.45882683174160654,0.03498325960451193
new_more,1000,DK2 0AC,offwind-dc,0.5272120216610318,0.5053806953588813,0.021831326302150456
new_more,1000,DK2 0AC,offwind-dc,0.5021409271918782,0.47120987242690543,0.030931054764972765
new_more,1000,DK2 0AC,offwind-dc,0.4969875411627449,0.46391433326009446,0.03307320790265045
new_more,1000,DK2 0AC,offwind-dc,0.5356555719881,0.5253643065931464,0.01029126539495362
new_more,1000,DK2 0AC,offwind-dc,0.5101964472938724,0.483188021865658,0.027008425428214355
new_more,1000,DK2 0AC,offwind-dc,0.5049603888464935,0.4736606307832428,0.03129975806325075
new_more,1000,DK2 0AC,offwind-dc,0.5289892417305891,0.5087881047719607,0.020201136958628463
new_more,1000,DK2 0AC,offwind-dc,0.5038403655237217,0.47368649017908526,0.030153875344636427
new_more,1000,DK2 0AC,offwind-dc,0.4986695384510836,0.46479323903380687,0.03387629941727671
new_more,1000,DK2 0AC,offwind-dc,0.5267603047223236,0.5036545558913236,0.023105748831000028
new_more,1000,DK2 0AC,offwind-dc,0.5017105638332732,0.46961102352129647,0.032099540311976704
new_more,1000,DK2 0AC,offwind-dc,0.4965615945493196,0.4626230174614297,0.03393857708788989
new_more,1000,DK2 0AC,offwind-dc,0.5514271863663148,0.5419806091512837,0.009446577215031171
new_more,1000,DK2 0AC,offwind-dc,0.5252117808215788,0.5231943543924371,0.002017426429141711
new_more,1000,DK2 0AC,offwind-dc,0.5198216225870004,0.516506892101286,0.003314730485714401
new_more,1000,GB1 0AC,offwind-dc,0.4864039319757374,0.46804390607041635,0.018360025905321042
new_more,1000,GB1 0AC,offwind-dc,0.4632856839754945,0.4577185136765605,0.005567170298933999
new_more,1000,GB1 0AC,offwind-dc,0.45853106262915583,0.45222870060295306,0.006302362026202768
new_more,1000,GB1 0AC,offwind-dc,0.4968867841599993,0.477479897780139,0.019406886379860322
new_more,1000,GB1 0AC,offwind-dc,0.47326350342503354,0.4678736046504837,0.005389898774549817
new_more,1000,GB1 0AC,offwind-dc,0.46840648143264524,0.4621346277586346,0.006271853674010619
new_more,1000,GB1 0AC,offwind-dc,0.5037714272846334,0.4836003784514952,0.020171048833138194
new_more,1000,GB1 0AC,offwind-dc,0.4798210209989232,0.45204720881390337,0.02777381218501984
new_more,1000,GB1 0AC,offwind-dc,0.47489670033076253,0.44444111345458687,0.030455586876175667
new_more,1000,GB1 0AC,offwind-dc,0.5101091506256001,0.49039672916280463,0.019712421462795504
new_more,1000,GB1 0AC,offwind-dc,0.48585742727344833,0.480220493179595,0.005636934093853352
new_more,1000,GB1 0AC,offwind-dc,0.48086431044835254,0.4550349129393721,0.025829397508980445
new_more,1000,GB1 0AC,offwind-dc,0.5136015851775386,0.4940439191766597,0.019557666000878937
new_more,1000,GB1 0AC,offwind-dc,0.4891840569110317,0.4631007564280481,0.026083300482983574
new_more,1000,GB1 0AC,offwind-dc,0.4841636450145985,0.4542397060072917,0.029923939007306832
new_more,1000,GB1 0AC,offwind-dc,0.5027960420157336,0.48262542466036706,0.020170617355366516
new_more,1000,GB1 0AC,offwind-dc,0.47889869491649156,0.4479132923213531,0.03098540259513849
new_more,1000,GB1 0AC,offwind-dc,0.4739838399223879,0.44149260718938327,0.03249123273300464
new_more,1000,GB1 0AC,offwind-dc,0.5132654429549439,0.493360946508183,0.0199044964467609
new_more,1000,GB1 0AC,offwind-dc,0.4888570437178983,0.4623241452068658,0.026532898511032466
new_more,1000,GB1 0AC,offwind-dc,0.48383998790166016,0.45470971473398514,0.029130273167675025
new_more,1000,GB1 0AC,offwind-dc,0.5164927821715661,0.4978692172494293,0.018623564922136848
new_more,1000,GB1 0AC,offwind-dc,0.4919377866557324,0.4863516726772148,0.005586113978517604
new_more,1000,GB1 0AC,offwind-dc,0.48688911370423305,0.47706752079709946,0.00982159290713358
new_more,1000,GB1 0AC,offwind-dc,0.5136643973882818,0.4936068074209352,0.020057589967346634
new_more,1000,GB1 0AC,offwind-dc,0.4892439439516453,0.46393413673597056,0.025309807215674718
new_more,1000,GB1 0AC,offwind-dc,0.48421607391437815,0.45645523609132715,0.027760837823051
new_more,1000,GB1 0AC,offwind-dc,0.5131836678292282,0.49319681053723763,0.019986857291990567
new_more,1000,GB1 0AC,offwind-dc,0.48878592080652045,0.4626842459518362,0.02610167485468423
new_more,1000,GB1 0AC,offwind-dc,0.48375596859486025,0.4558917978140651,0.027864170780795172
new_more,1000,GB1 0AC,offwind-dc,0.5171564099630496,0.4964336674004492,0.02072274256260037
new_more,1000,GB1 0AC,offwind-dc,0.4925632464642816,0.4667615394987515,0.025801706965530136
new_more,1000,GB1 0AC,offwind-dc,0.48750815452626955,0.4591386505364309,0.028369503989838674
new_more,1000,GB1 0AC,offwind-dc,0.5194006453156313,0.4985591431973933,0.020841502118238042
new_more,1000,GB1 0AC,offwind-dc,0.4947140995446735,0.4879348594343677,0.006779240110305784
new_more,1000,GB1 0AC,offwind-dc,0.4896369337711801,0.4629479358361373,0.026688997935042813
new_more,1000,GB1 0AC,offwind-dc,0.5227440856073677,0.5026950903930748,0.02004899521429293
new_more,1000,GB1 0AC,offwind-dc,0.497892090303882,0.49167130253938995,0.006220787764492031
new_more,1000,GB1 0AC,offwind-dc,0.49277547758344403,0.4860308073985211,0.0067446701849229185
new_more,1000,GB1 0AC,offwind-dc,0.5272859158831621,0.5081823386585069,0.019103577224655166
new_more,1000,GB1 0AC,offwind-dc,0.5022112843901368,0.4966518274369815,0.005559456953155351
new_more,1000,GB1 0AC,offwind-dc,0.49705717629717067,0.4894150564214747,0.007642119875695963
new_more,1000,GB4 0AC,offwind-dc,0.5134800553886542,0.4312351123372522,0.08224494305140195
new_more,1000,GB4 0AC,offwind-dc,0.4890749087948854,0.42087011045127504,0.06820479834361037
new_more,1000,GB4 0AC,offwind-dc,0.4840556170668083,0.40730662148594404,0.07674899558086423
new_more,1000,NL2 0AC,offwind-dc,0.5282940032344011,0.5253014968042172,0.0029925064301838944
new_more,1000,NL2 0AC,offwind-dc,0.5031847658682377,0.5025706814787319,0.0006140843895058312
new_more,1000,NL2 0AC,offwind-dc,0.49801384192417336,0.4955580194766151,0.0024558224475582646
new_more,1000,NL2 0AC,offwind-dc,0.5266693700677091,0.5238014726017048,0.0028678974660042433
new_more,1000,NL2 0AC,offwind-dc,0.5016307931211574,0.5010398407857819,0.0005909523353755386
new_more,1000,NL2 0AC,offwind-dc,0.4964826425103115,0.4952948512444615,0.0011877912658500023
new_more,1000,NL2 0AC,offwind-dc,0.5168134944099675,0.5139736101411491,0.0028398842688184267
new_more,1000,NL2 0AC,offwind-dc,0.49224322943620047,0.48451019353432995,0.007733035901870522
new_more,1000,NL2 0AC,offwind-dc,0.487191421777944,0.47647084435554604,0.010720577422397959
new_more,1000,NL2 0AC,offwind-dc,0.5162816439351264,0.5133522185247962,0.0029294254103302553
new_more,1000,NL2 0AC,offwind-dc,0.4917298194345001,0.48476590504500777,0.006963914389492343
new_more,1000,NL2 0AC,offwind-dc,0.4866832808148474,0.4769367898295384,0.009746490985308998
new_more,1000,NL2 0AC,offwind-dc,0.5156997537432955,0.5125697765618288,0.003129977181466681
new_more,1000,NL2 0AC,offwind-dc,0.49118256565898094,0.4838284611489458,0.007354104510035153
new_more,1000,NL2 0AC,offwind-dc,0.48614164341076593,0.4759785125007345,0.01016313091003146
new_more,1000,NL2 0AC,offwind-dc,0.515846828328485,0.5129449844092426,0.0029018439192424195
new_more,1000,NL2 0AC,offwind-dc,0.4913291916001053,0.48536358659162093,0.005965605008484365
new_more,1000,NL2 0AC,offwind-dc,0.4862867645550582,0.47735429891702996,0.008932465638028242
new_more,1000,NL2 0AC,offwind-dc,0.5194387738831135,0.5162588264830917,0.0031799474000218098
new_more,1000,NL2 0AC,offwind-dc,0.49473699037395796,0.4940534852173835,0.0006835051565744488
new_more,1000,NL2 0AC,offwind-dc,0.4896595896758182,0.4834464642476471,0.006213125428171096
new_more,1000,NL2 0AC,offwind-dc,0.51801001107047,0.5148680341714529,0.0031419768990170738
new_more,1000,NL2 0AC,offwind-dc,0.49338299133945474,0.48653423352678554,0.006848757812669193
new_more,1000,NL2 0AC,offwind-dc,0.4883194865006842,0.4776288338873307,0.010690652613353502
new_more,1000,NL2 0AC,offwind-dc,0.518548138793112,0.5152934941718187,0.0032546446212933233
new_more,1000,NL2 0AC,offwind-dc,0.4939021117266994,0.4889895947169684,0.004912517009730999
new_more,1000,NL2 0AC,offwind-dc,0.4888332792446198,0.47958932810616917,0.009243951138450612
new_more,1000,NL2 0AC,offwind-dc,0.5199175032732153,0.5165666882153027,0.0033508150579125706
new_more,1000,NL2 0AC,offwind-dc,0.49519974656219645,0.49446341689465423,0.0007363296675422237
new_more,1000,NL2 0AC,offwind-dc,0.490117596676834,0.48302991643507887,0.0070876802417551565
new_more,1000,NO0 0AC,offwind-dc,0.5165568316960051,0.516556809982043,2.1713962072844595e-08
new_more,1000,NO0 0AC,offwind-dc,0.4920054492825018,0.48344174013321217,0.008563709149289611
new_more,1000,NO0 0AC,offwind-dc,0.48694926737145355,0.47608453649509713,0.010864730876356421
new_more,1000,NO0 0AC,offwind-dc,0.5341643519530366,0.5341643322470307,1.9706005827124784e-08
new_more,1000,NO0 0AC,offwind-dc,0.5087693180497799,0.50876930744511,1.0604669919977994e-08
new_more,1000,NO0 0AC,offwind-dc,0.5035479059845419,0.5006326632308835,0.002915242753658398
new_more,1000,NO0 0AC,offwind-dc,0.5451772836692024,0.545177263021206,2.0647996423761583e-08
new_more,1000,NO0 0AC,offwind-dc,0.5192587753683833,0.5192587741761161,1.192267173877326e-09
new_more,1000,NO0 0AC,offwind-dc,0.5139297118055843,0.5139297100761776,1.7294067289341797e-09
new_more,1000,BE2 0AC,offwind-ac,0.49690190390981587,0.49651086031158626,0.0003910435982296123
new_more,1000,BE2 0AC,offwind-ac,0.4732846987615791,0.4731961806016993,8.851815987975797e-05
new_more,1000,BE2 0AC,offwind-ac,0.4684274592450947,0.46820580364282616,0.00022165560226855563
new_more,1000,BE2 0AC,offwind-ac,0.46268083621252154,0.4575798672215335,0.005100968990988053
new_more,1000,DK2 0AC,offwind-ac,0.5021123643964661,0.49294453007877387,0.009167834317692247
new_more,1000,DK2 0AC,offwind-ac,0.47824751174826663,0.4561854885111506,0.022062023237116035
new_more,1000,DK2 0AC,offwind-ac,0.47333253907621453,0.44916575706946255,0.024166782006751986
new_more,1000,DK2 0AC,offwind-ac,0.4675326471561999,0.439584033922998,0.027948613233201913
new_more,1000,DK2 0AC,offwind-ac,0.4731291918967174,0.44938873610112356,0.023740455795593862
new_more,1000,DK2 0AC,offwind-ac,0.4506418778036883,0.4195054220647238,0.031136455738964508
new_more,1000,DK2 0AC,offwind-ac,0.44601701766690727,0.4124931655513672,0.03352385211554004
new_more,1000,DK2 0AC,offwind-ac,0.44055183139003734,0.40439337562988453,0.03615845576015281
new_more,1000,GB1 0AC,offwind-ac,0.4082786793625218,0.3902827062984881,0.01799597306403372
new_more,1000,GB1 0AC,offwind-ac,0.38885364925540017,0.3829627899588689,0.00589085929653127
new_more,1000,GB1 0AC,offwind-ac,0.38486291108821513,0.36298912402383515,0.02187378706437998
new_more,1000,GB1 0AC,offwind-ac,0.38014706524188835,0.35465752996168587,0.02548953528020248
new_more,1000,GB1 0AC,offwind-ac,0.3413738231010806,0.28934353010422414,0.052030292996856464
new_more,1000,GB1 0AC,offwind-ac,0.3251354003196351,0.27866135439396567,0.04647404592566945
new_more,1000,GB1 0AC,offwind-ac,0.321798591589556,0.2745856111617397,0.0472129804278163
new_more,1000,GB1 0AC,offwind-ac,0.3178554926112458,0.2673885175130338,0.05046697509821202
new_more,1000,GB1 0AC,offwind-ac,0.4705930249256628,0.4523534728105121,0.018239552115150715
new_more,1000,GB1 0AC,offwind-ac,0.44818561895964226,0.44253167152700446,0.005653947432637807
new_more,1000,GB1 0AC,offwind-ac,0.4435859669852026,0.43751064249404015,0.006075324491162437
new_more,1000,GB1 0AC,offwind-ac,0.43814379678868587,0.42928629380458183,0.008857502984104038
new_more,1000,GB1 0AC,offwind-ac,0.36663883940786557,0.3232177549606911,0.04342108444717446
new_more,1000,GB1 0AC,offwind-ac,0.34919261293986753,0.3093388930649566,0.03985371987491093
new_more,1000,GB1 0AC,offwind-ac,0.34560208091404093,0.30470655524225754,0.040895525671783395
new_more,1000,GB1 0AC,offwind-ac,0.3413673103222163,0.29462472496588554,0.046742585356330746
new_more,1000,GB1 0AC,offwind-ac,0.3487358594891706,0.29426394346241236,0.054471916026758216
new_more,1000,GB1 0AC,offwind-ac,0.3321539771322285,0.28409584602489335,0.048058131107335145
new_more,1000,GB1 0AC,offwind-ac,0.3287451379546559,0.2799630787207221,0.04878205923393375
new_more,1000,GB1 0AC,offwind-ac,0.3247169207670344,0.27358727464622123,0.051129646120813166
new_more,1000,GB1 0AC,offwind-ac,0.4249534317184614,0.404155416460976,0.02079801525748537
new_more,1000,GB1 0AC,offwind-ac,0.4047426036041037,0.3972098602432452,0.007532743360858463
new_more,1000,GB1 0AC,offwind-ac,0.40058879982938883,0.39228404334715916,0.00830475648222967
new_more,1000,GB1 0AC,offwind-ac,0.3956802597406105,0.36949680474386093,0.026183454996749567
new_more,1000,GB1 0AC,offwind-ac,0.46618718298975276,0.445564836535,0.02062234645475275
new_more,1000,GB1 0AC,offwind-ac,0.444023156411347,0.4371624127509669,0.006860743660380086
new_more,1000,GB1 0AC,offwind-ac,0.4394662230746076,0.43214352062950007,0.007322702445107521
new_more,1000,GB1 0AC,offwind-ac,0.43407446784782894,0.421905981787477,0.012168486060351924
new_more,1000,NO0 0AC,offwind-ac,0.3130806602534986,0.26591607074385676,0.04716458950964186
new_more,1000,NO0 0AC,offwind-ac,0.29816026943421176,0.2553040900188686,0.04285617941534314
new_more,1000,NO0 0AC,offwind-ac,0.295093471684605,0.2507239602741316,0.044369511410473406
new_more,1000,NO0 0AC,offwind-ac,0.29147759890853736,0.2466384255384907,0.04483917337004667
new_more,1000,DK2 0AC,offwind-float,0.5137602667679586,0.4118364389649164,0.10192382780304221
new_more,1000,DK2 0AC,offwind-float,0.48934180203316885,0.4037493841534424,0.08559241787972643
new_more,1000,DK2 0AC,offwind-float,0.4843061154537518,0.39511106963539855,0.08919504581835325
new_more,1000,DK2 0AC,offwind-float,0.478364973236878,0.3792026114197604,0.09916236181711757
new_more,1000,DK2 0AC,offwind-float,0.5116089061727217,0.4212672098171393,0.09034169635558242
new_more,1000,DK2 0AC,offwind-float,0.4872726604079095,0.40764839494590255,0.07962426546200696
new_more,1000,DK2 0AC,offwind-float,0.48227186484526213,0.40131206182301293,0.0809598030222492
new_more,1000,DK2 0AC,offwind-float,0.4763624365654622,0.3898581415438649,0.08650429502159729
new_more,1000,GB1 0AC,offwind-float,0.4577239706391698,0.3637069048391573,0.09401706580001251
new_more,1000,GB1 0AC,offwind-float,0.4359487978167098,0.36130014924192483,0.07464864857478498
new_more,1000,GB1 0AC,offwind-float,0.431474730234428,0.35714926143722037,0.07432546879720764
new_more,1000,GB1 0AC,offwind-float,0.4261740889616009,0.33041509683582626,0.09575899212577466
new_more,1000,GB1 0AC,offwind-float,0.47104225669307226,0.3761194842228527,0.09492277247021957
new_more,1000,GB1 0AC,offwind-float,0.44863379556926786,0.3725500119431338,0.07608378362613405
new_more,1000,GB1 0AC,offwind-float,0.444029544035315,0.36581625546395224,0.07821328857136278
new_more,1000,GB1 0AC,offwind-float,0.43858871089562756,0.3523493770047103,0.08623933389091726
new_more,1000,GB1 0AC,offwind-float,0.504638021855496,0.41463177808856294,0.09000624376693306
new_more,1000,GB1 0AC,offwind-float,0.48061962689188087,0.4078477796446052,0.07277184724727565
new_more,1000,GB1 0AC,offwind-float,0.47568711026870303,0.4022636652442234,0.07342344502447962
new_more,1000,GB1 0AC,offwind-float,0.4698583670500621,0.3799539095660837,0.0899044574839784
new_more,1000,GB1 0AC,offwind-float,0.4826911512592831,0.38842976095616005,0.09426139030312303
new_more,1000,GB1 0AC,offwind-float,0.45974267588657364,0.38392259739248663,0.075820078494087
new_more,1000,GB1 0AC,offwind-float,0.4550244158232889,0.37714129831176346,0.07788311751152543
new_more,1000,GB1 0AC,offwind-float,0.4494488590743411,0.37069096808261587,0.07875789099172525
new_more,1000,GB1 0AC,offwind-float,0.5118745603405332,0.4241032902065705,0.08777127013396274
new_more,1000,GB1 0AC,offwind-float,0.48753239368846796,0.41512685222694357,0.07240554146152439
new_more,1000,GB1 0AC,offwind-float,0.4825289325278045,0.4080931677984286,0.07443576472937591
new_more,1000,GB1 0AC,offwind-float,0.4766163543171383,0.3994241569607204,0.07719219735641786
new_more,1000,GB1 0AC,offwind-float,0.4931862767858947,0.40085674251074277,0.09232953427515195
new_more,1000,GB1 0AC,offwind-float,0.4697456713394292,0.39576555487926085,0.07398011646016833
new_more,1000,GB1 0AC,offwind-float,0.46492475225309976,0.38973249614785854,0.07519225610524122
new_more,1000,GB1 0AC,offwind-float,0.45922103530853237,0.37179605491761836,0.08742498039091401
new_more,1000,GB1 0AC,offwind-float,0.5167753552390818,0.43177193996256646,0.08500341527651534
new_more,1000,GB1 0AC,offwind-float,0.4922135866400841,0.42173185634924604,0.07048173029083804
new_more,1000,GB1 0AC,offwind-float,0.48716208320074905,0.4169066980154668,0.07025538518528224
new_more,1000,GB1 0AC,offwind-float,0.4811927335430899,0.409862724590246,0.07133000895284392
new_more,1000,GB1 0AC,offwind-float,0.5216278387091339,0.43704089798838225,0.08458694072075162
new_more,1000,GB1 0AC,offwind-float,0.4968354368670575,0.4270812342545617,0.06975420261249582
new_more,1000,GB1 0AC,offwind-float,0.4917365001732344,0.4201637717261416,0.07157272844709278
new_more,1000,GB1 0AC,offwind-float,0.48571109875101814,0.40881741015850526,0.07689368859251289
new_more,1000,GB1 0AC,offwind-float,0.50227838168362,0.40998249681733795,0.0922958848662821
new_more,1000,GB1 0AC,offwind-float,0.4783857289020439,0.4042454586475722,0.07414027025447167
new_more,1000,GB1 0AC,offwind-float,0.4734761383899793,0.39886472332153344,0.07461141506844587
new_more,1000,GB1 0AC,offwind-float,0.46767448690257624,0.37547999061600174,0.0921944962865745
new_more,1000,GB1 0AC,offwind-float,0.4998787370707951,0.4075541757388671,0.09232456133192801
new_more,1000,GB1 0AC,offwind-float,0.4761132940814295,0.40145477889931824,0.07465851518211125
new_more,1000,GB1 0AC,offwind-float,0.4712202007419204,0.39660382720213827,0.07461637353978212
new_more,1000,GB1 0AC,offwind-float,0.4654394168437497,0.3910209913346272,0.07441842550912248
new_more,1000,GB1 0AC,offwind-float,0.5104071779946511,0.4146043122455321,0.09580286574911895
new_more,1000,GB1 0AC,offwind-float,0.4861349500949778,0.4082818581660891,0.07785309192888873
new_more,1000,GB1 0AC,offwind-float,0.48114583065772554,0.4040468890380907,0.07709894161963482
new_more,1000,GB1 0AC,offwind-float,0.4752502000276682,0.38456049382304186,0.09068970620462635
new_more,1000,GB1 0AC,offwind-float,0.5003569658808522,0.40645185124922273,0.09390511463162948
new_more,1000,GB1 0AC,offwind-float,0.4765620838160389,0.40126080266655706,0.07530128114948181
new_more,1000,GB1 0AC,offwind-float,0.47167120906004883,0.3958730003204244,0.07579820873962445
new_more,1000,GB1 0AC,offwind-float,0.46589167393729974,0.3831327530814468,0.08275892085585296
new_more,1000,GB1 0AC,offwind-float,0.5187033724743327,0.43301754936153464,0.0856858231127981
new_more,1000,GB1 0AC,offwind-float,0.49404342185470956,0.4237963148599292,0.07024710699478037
new_more,1000,GB1 0AC,offwind-float,0.48897313913107415,0.41693325002727427,0.07203988910379988
new_more,1000,GB1 0AC,offwind-float,0.48298159803760643,0.40878939138348624,0.07419220665412019
new_more,1000,GB1 0AC,offwind-float,0.5170182315992867,0.42990953501975665,0.08710869657953008
new_more,1000,GB1 0AC,offwind-float,0.4924449193519763,0.4213483928712732,0.07109652648070314
new_more,1000,GB1 0AC,offwind-float,0.48737742817489044,0.4147351106634122,0.07264231751147826
new_more,1000,GB1 0AC,offwind-float,0.48139860246049776,0.4048609910642239,0.07653761139627385
new_more,1000,GB1 0AC,offwind-float,0.509657671292924,0.41613848220092287,0.09351918909200119
new_more,1000,GB1 0AC,offwind-float,0.4854075622883222,0.41014657681419747,0.07526098547412474
new_more,1000,GB1 0AC,offwind-float,0.4804259079071082,0.4048915713753422,0.075534336531766
new_more,1000,GB1 0AC,offwind-float,0.47453229823213033,0.3877679551513945,0.08676434308073583
new_more,1000,GB1 0AC,offwind-float,0.49622523852146083,0.39720971102474834,0.0990155274967125
new_more,1000,GB1 0AC,offwind-float,0.4726268178781468,0.3938200783470273,0.0788067395311195
new_more,1000,GB1 0AC,offwind-float,0.4677763300800943,0.3878602142673602,0.07991611581273406
new_more,1000,GB1 0AC,offwind-float,0.4620445201299466,0.3784609861054639,0.08358353402448271
new_more,1000,GB1 0AC,offwind-float,0.48644949751301314,0.3843995518055442,0.10204994570746895
new_more,1000,GB1 0AC,offwind-float,0.46329572877985836,0.38174431073227355,0.08155141804758481
new_more,1000,GB1 0AC,offwind-float,0.45854100434541895,0.3772126026099069,0.08132840173551203
new_more,1000,GB1 0AC,offwind-float,0.4529087321293075,0.36241473805641455,0.09049399407289294
new_more,1000,GB1 0AC,offwind-float,0.4957466958529781,0.39237037994718055,0.10337631590579754
new_more,1000,GB1 0AC,offwind-float,0.4721843964828287,0.38868150489518966,0.08350289158763907
new_more,1000,GB1 0AC,offwind-float,0.46733161224681874,0.384798892164187,0.08253272008263174
new_more,1000,GB1 0AC,offwind-float,0.4616052515636346,0.37177054915606444,0.08983470240757013
new_more,1000,GB1 0AC,offwind-float,0.5058292080076024,0.4008215845369305,0.10500762347067194
new_more,1000,GB1 0AC,offwind-float,0.4817675349128571,0.39792183185828855,0.08384570305456857
new_more,1000,GB1 0AC,offwind-float,0.4768164178202644,0.39133126638393895,0.08548515143632546
new_more,1000,GB1 0AC,offwind-float,0.4709738368423258,0.3659070621769385,0.10506677466538727
new_more,1000,GB1 0AC,offwind-float,0.5088879396227255,0.40453545611679675,0.10435248350592874
new_more,1000,GB1 0AC,offwind-float,0.4846874980111648,0.40103713517932227,0.08365036283184252
new_more,1000,GB1 0AC,offwind-float,0.4797132335258645,0.3959840035082358,0.08372923001762866
new_more,1000,GB1 0AC,offwind-float,0.47383515695736816,0.39072019958973464,0.08311495736763352
new_more,1000,GB4 0AC,offwind-float,0.5262885439687863,0.40858278170567236,0.11770576226311397
new_more,1000,GB4 0AC,offwind-float,0.5012678040653076,0.39379441106466456,0.10747339300064301
new_more,1000,GB4 0AC,offwind-float,0.4961233787487521,0.3891537563263283,0.1069696224224238
new_more,1000,GB4 0AC,offwind-float,0.49004422352872196,0.38124211173959427,0.10880211178912769
new_more,1000,GB4 0AC,offwind-float,0.5255950353418073,0.4087321144980768,0.11686292084373051
new_more,1000,GB4 0AC,offwind-float,0.5006140769737848,0.39247722649927175,0.10813685047451305
new_more,1000,GB4 0AC,offwind-float,0.49547636074600887,0.3894076734170765,0.10606868732893238
new_more,1000,GB4 0AC,offwind-float,0.48940513364030935,0.3818052827286694,0.10759985091163993
new_more,1000,NO0 0AC,offwind-float,0.4967053100565161,0.4205563057346004,0.07614900432191568
new_more,1000,NO0 0AC,offwind-float,0.47309067036987473,0.40262050138003175,0.07047016898984299
new_more,1000,NO0 0AC,offwind-float,0.4682354221334254,0.39795802316836987,0.07027739896505553
new_more,1000,NO0 0AC,offwind-float,0.462497986784492,0.3917282855336925,0.07076970125079951
new_more,1000,NO0 0AC,offwind-float,0.5057344852720304,0.42892627641997366,0.07680820885205669
new_more,1000,NO0 0AC,offwind-float,0.4816908442383695,0.41198485670435475,0.06970598753401475
new_more,1000,NO0 0AC,offwind-float,0.4767473338956826,0.40634914343660955,0.07039819045907303
new_more,1000,NO0 0AC,offwind-float,0.47090559942471916,0.40044986888529943,0.07045573053941973
new_more,1000,NO0 0AC,offwind-float,0.4610545762768404,0.38372691279079885,0.07732766348604153
new_more,1000,NO0 0AC,offwind-float,0.43913461368494466,0.3709356702347337,0.06819894345021094
new_more,1000,NO0 0AC,offwind-float,0.4346210649267811,0.3652618911324354,0.0693591737943457
new_more,1000,NO0 0AC,offwind-float,0.4292887255018764,0.34756703057075927,0.08172169493111714
new_more,1000,NO0 0AC,offwind-float,0.51398694538935,0.43885789342100556,0.0751290519683444
new_more,1000,NO0 0AC,offwind-float,0.48954435758563136,0.42117149527794645,0.06837286230768491
new_more,1000,NO0 0AC,offwind-float,0.4845202479853024,0.4152408673710995,0.06927938061420291
new_more,1000,NO0 0AC,offwind-float,0.4785764863777062,0.4075798978882141,0.07099658848949214
new_more,1000,NO0 0AC,offwind-float,0.4862765595159264,0.4113195730359498,0.07495698647997662
new_more,1000,NO0 0AC,offwind-float,0.4631310451941909,0.38436505723982445,0.07876598795436646
new_more,1000,NO0 0AC,offwind-float,0.4583780108790859,0.3932837265309353,0.06509428434815062
new_more,1000,NO0 0AC,offwind-float,0.4527613614790708,0.38003783920941897,0.07272352226965184
new_more,1000,NO0 0AC,offwind-float,0.5131289992577466,0.4387132445751478,0.07441575468259876
new_more,1000,NO0 0AC,offwind-float,0.4887272436315093,0.41977146541372207,0.06895577821778726
new_more,1000,NO0 0AC,offwind-float,0.48371151993124817,0.41475623675653334,0.06895528317471483
new_more,1000,NO0 0AC,offwind-float,0.4777844511065639,0.4065473306337582,0.07123712047280573
new_more,1000,NO0 0AC,offwind-float,0.5015568283958542,0.4273660920755061,0.07419073632034817
new_more,1000,NO0 0AC,offwind-float,0.4777050117932469,0.4091506708224919,0.06855434097075502
new_more,1000,NO0 0AC,offwind-float,0.4727955938025708,0.404376906308121,0.06841868749444979
new_more,1000,NO0 0AC,offwind-float,0.4669954425443513,0.40363780379903474,0.06335763874531658
new_more,1000,NO0 0AC,offwind-float,0.5226775751165476,0.44843042083123313,0.07424715428531442
new_more,1000,NO0 0AC,offwind-float,0.49782843317394426,0.43057307684343366,0.06725535633051061
new_more,1000,NO0 0AC,offwind-float,0.49271930552969706,0.4234902125879117,0.06922909294178536
new_more,1000,NO0 0AC,offwind-float,0.486681861485486,0.4173206663919947,0.06936119509349126
new_more,1000,NO0 0AC,offwind-float,0.5159795236948734,0.44160757014398594,0.07437195355088749
new_more,1000,NO0 0AC,offwind-float,0.4914354734078124,0.42581565812063926,0.06561981528717314
new_more,1000,NO0 0AC,offwind-float,0.48639195561084025,0.4170210246052735,0.06937093100556674
new_more,1000,NO0 0AC,offwind-float,0.48043204256785965,0.4102061809901742,0.07022586157768546
new_more,1000,NO0 0AC,offwind-float,0.5106648414580001,0.43635848185635867,0.07430635960164139
new_more,1000,NO0 0AC,offwind-float,0.4863670084919816,0.41880551301114616,0.06756149548083545
new_more,1000,NO0 0AC,offwind-float,0.48137550747928637,0.4129281873657353,0.06844732011355109
new_more,1000,NO0 0AC,offwind-float,0.4754770625471653,0.40239642934592323,0.07308063320124208
new_more,1000,NO0 0AC,offwind-float,0.4931759355906488,0.4173273483305366,0.07584858726011223
new_more,1000,NO0 0AC,offwind-float,0.4697160073724812,0.40140660846360077,0.06830939890888044
new_more,1000,NO0 0AC,offwind-float,0.464895392722346,0.3955753267393193,0.0693200659830267
new_more,1000,NO0 0AC,offwind-float,0.45919888380038437,0.3857814989053402,0.07341738489504418
new_more,1000,NO0 0AC,offwind-float,0.5219683774893745,0.4470817642853937,0.07488661320398082
new_more,1000,NO0 0AC,offwind-float,0.49714014456160727,0.42872654681807604,0.06841359774353123
new_more,1000,NO0 0AC,offwind-float,0.4920312564665752,0.423050434936866,0.06898082152970919
new_more,1000,NO0 0AC,offwind-float,0.4860022433031347,0.4146929545822444,0.07130928872089026
new_more,1000,NO0 0AC,offwind-float,0.5329776582030075,0.45907322923027344,0.07390442897273403
new_more,1000,NO0 0AC,offwind-float,0.5076389728201607,0.4406155311390586,0.06702344168110208
new_more,1000,NO0 0AC,offwind-float,0.5024291612937337,0.43417265107534164,0.06825651021839207
new_more,1000,NO0 0AC,offwind-float,0.49627273934426336,0.4246734034741999,0.07159933587006345
new_more,1000,NO0 0AC,offwind-float,0.4990692547084057,0.42289302743488116,0.07617622727352452
new_more,1000,NO0 0AC,offwind-float,0.47532221009654374,0.4069117079798127,0.06841050211673105
new_more,1000,NO0 0AC,offwind-float,0.47044405995143046,0.4012173949418986,0.06922666500953184
new_more,1000,NO0 0AC,offwind-float,0.4646591106045212,0.3895837754881599,0.07507533511636127
new_more,1000,NO0 0AC,offwind-float,0.5228844095511969,0.44825240084789664,0.07463200870330022
new_more,1000,NO0 0AC,offwind-float,0.49802575577476904,0.4293051733845674,0.06872058239020162
new_more,1000,NO0 0AC,offwind-float,0.49291460304258494,0.4242363145952012,0.06867828844738372
new_more,1000,NO0 0AC,offwind-float,0.4868747659567521,0.4147477055210907,0.07212706043566142
new_more,1000,NO0 0AC,offwind-float,0.5291377822034401,0.4553592421868814,0.0737785400165587
new_more,1000,NO0 0AC,offwind-float,0.5039750632989396,0.4364892187554111,0.06748584454352852
new_more,1000,NO0 0AC,offwind-float,0.4988028538461859,0.4303252862733208,0.0684775675728651
new_more,1000,NO0 0AC,offwind-float,0.49268404462554843,0.42301552075585125,0.06966852386969719
new_more,1000,NO0 0AC,offwind-float,0.3027309077393482,0.21059211659928606,0.09213879114006213
new_more,1000,NO0 0AC,offwind-float,0.28831561638729,0.19508565782767814,0.09322995855961183
new_more,1000,NO0 0AC,offwind-float,0.28534984067024627,0.19178420242881292,0.09356563824143335
new_more,1000,NO0 0AC,offwind-float,0.28185335965816366,0.18838161599386824,0.09347174366429542
new_more,1000,NO0 0AC,offwind-float,0.5280036477865205,0.4543940970416222,0.07360955074489833
new_more,1000,NO0 0AC,offwind-float,0.5028945503663358,0.43556411300601666,0.06733043736031913
new_more,1000,NO0 0AC,offwind-float,0.49773343003209375,0.4293102348194927,0.06842319521260104
new_more,1000,NO0 0AC,offwind-float,0.4916277106028556,0.4180662331591923,0.07356147744366331
new_more,1000,NO0 0AC,offwind-float,0.5481448092231227,0.4767174538059353,0.07142735541718742
new_more,1000,NO0 0AC,offwind-float,0.5220786496838508,0.45771077781096203,0.06436787187288873
new_more,1000,NO0 0AC,offwind-float,0.5167206462356246,0.4507042598246581,0.06601638641096652
new_more,1000,NO0 0AC,offwind-float,0.5103891062429258,0.42810091121473054,0.08228819502819523
new_more,1000,NO0 0AC,offwind-float,0.5513904756828862,0.48039205624440323,0.07099841943848301
new_more,1000,NO0 0AC,offwind-float,0.525169969706557,0.46076067937854503,0.06440929032801201
new_more,1000,NO0 0AC,offwind-float,0.5197802405722657,0.454200279146799,0.06557996142546668
new_more,1000,NO0 0AC,offwind-float,0.5134112104114362,0.43947762510271793,0.0739335853087183
new_more,1000,NO0 0AC,offwind-float,0.5557855779431293,0.48545195434531274,0.07033362359781659
new_more,1000,NO0 0AC,offwind-float,0.5293630605754551,0.46489551357954884,0.06446754699590629
new_more,1000,NO0 0AC,offwind-float,0.5239302984702735,0.45842234217896516,0.06550795629130834
new_more,1000,NO0 0AC,offwind-float,0.5174899219108708,0.447855025457395,0.06963489645347587
new_more,1000,NO0 0AC,offwind-float,0.5594792088346418,0.49135925369396355,0.0681199551406782
new_more,1000,NO0 0AC,offwind-float,0.5328743906190433,0.4694813295215288,0.06339306109751447
new_more,1000,NO0 0AC,offwind-float,0.5273987823958813,0.4628451140956729,0.06455366830020842
new_more,1000,NO0 0AC,offwind-float,0.5209296035732511,0.4551525184218206,0.06577708515143055
new_more,1000,NO0 0AC,offwind-float,0.5588765276688147,0.49052397504893336,0.06835255261988132
new_more,1000,NO0 0AC,offwind-float,0.5322936088836371,0.46884548649731916,0.06344812238631792
new_more,1000,NO0 0AC,offwind-float,0.5268239758294034,0.4629694617203204,0.06385451410908305
new_more,1000,NO0 0AC,offwind-float,0.5203686365733144,0.4545570808062787,0.06581155576703573
new_more,1000,NO0 0AC,offwind-float,0.553677549224429,0.4830981195274497,0.07057942969697933
new_more,1000,NO0 0AC,offwind-float,0.5273349673872267,0.46304413437310316,0.06429083301412358
new_more,1000,NO0 0AC,offwind-float,0.5219230192538526,0.4560658929498739,0.06585712630397877
new_more,1000,NO0 0AC,offwind-float,0.5155277329543981,0.4435286345657292,0.07199909838866891
new_more,1000,DE2 0AC,offwind-dc,0.5176168093175522,0.5172191664219506,0.0003976428956015132
new_more,1000,DE2 0AC,offwind-dc,0.4930085119186297,0.4929117704145757,9.674150405403203e-05
new_more,1000,DE2 0AC,offwind-dc,0.48794885029779067,0.4870933131733619,0.0008555371244287624
new_more,1000,DE2 0AC,offwind-dc,0.481969860136358,0.476079089838477,0.005890770297880987
new_more,1000,DE2 0AC,offwind-dc,0.5136276924804947,0.5132147610540867,0.00041293142640796976
new_more,1000,DE2 0AC,offwind-dc,0.4892155288568897,0.48910875284177113,0.00010677601511854817
new_more,1000,DE2 0AC,offwind-dc,0.4841879453257521,0.4802628484047709,0.003925096920981197
new_more,1000,DE2 0AC,offwind-dc,0.4782550387114211,0.46920925453864865,0.009045784172772464
new_more,1000,DE2 0AC,offwind-dc,0.5151966124653742,0.5147668903183993,0.00042972214697489797
new_more,1000,DE2 0AC,offwind-dc,0.49070987978728875,0.4905906170368308,0.00011926275045792689
new_more,1000,DE2 0AC,offwind-dc,0.48566700435765503,0.48186726049458595,0.0037997438630690827
new_more,1000,DE2 0AC,offwind-dc,0.47971597436954305,0.47129756197905187,0.008418412390491181
new_more,1000,DE2 0AC,offwind-dc,0.5147300275838551,0.5143079729163778,0.0004220546674773562
new_more,1000,DE2 0AC,offwind-dc,0.49025192444425464,0.4901372731673659,0.00011465127688875532
new_more,1000,DE2 0AC,offwind-dc,0.4852205532068703,0.48315743645517645,0.0020631167516938498
new_more,1000,DE2 0AC,offwind-dc,0.47927499372460436,0.4724496819006753,0.006825311823929037
new_more,1000,DE2 0AC,offwind-dc,0.5162719352135557,0.5158530019760381,0.0004189332375176269
new_more,1000,DE2 0AC,offwind-dc,0.49173409361891235,0.49162372335117693,0.0001103702677354157
new_more,1000,DE2 0AC,offwind-dc,0.4866806961000466,0.4829711018963334,0.0037095942037131957
new_more,1000,DE2 0AC,offwind-dc,0.48071724502937496,0.47122947692769335,0.009487768101681615
new_more,1000,DE2 0AC,offwind-dc,0.5192495212097843,0.5188639364069466,0.0003855848028376796
new_more,1000,DE2 0AC,offwind-dc,0.494563494307268,0.4944737825838289,8.971172343907874e-05
new_more,1000,DE2 0AC,offwind-dc,0.48947423006345914,0.4879005532959051,0.0015736767675540442
new_more,1000,DE2 0AC,offwind-dc,0.4834765489457802,0.47720902114335456,0.006267527802425621
new_more,1000,DE2 0AC,offwind-dc,0.5212357375286257,0.5208326131938507,0.0004031243347750735
new_more,1000,DE2 0AC,offwind-dc,0.49645513972186517,0.4963545479928447,0.00010059172902049385
new_more,1000,DE2 0AC,offwind-dc,0.4913464482456098,0.49112400437614956,0.00022244386946024264
new_more,1000,DE2 0AC,offwind-dc,0.48532582625188536,0.47994692593812666,0.0053789003137587055
new_more,1000,DE2 0AC,offwind-dc,0.5228668606297799,0.5224642830607604,0.00040257756901951325
new_more,1000,DE2 0AC,offwind-dc,0.49801556942814834,0.49791696589655826,9.860353159008017e-05
new_more,1000,DE2 0AC,offwind-dc,0.4929045212366887,0.492796777602294,0.00010774363439469692
new_more,1000,DE2 0AC,offwind-dc,0.48686480768638263,0.48518465106601955,0.0016801566203630824
new_more,1000,DE2 0AC,offwind-dc,0.5185266663919756,0.5181271598750644,0.00039950651691122996
new_more,1000,DE2 0AC,offwind-dc,0.49387500992026956,0.4937790453020748,9.596461819477708e-05
new_more,1000,DE2 0AC,offwind-dc,0.488806455579371,0.48813629878606013,0.0006701567933108943
new_more,1000,DE2 0AC,offwind-dc,0.4828169569116926,0.4772619837986964,0.005554973112996187
new_more,1000,DK2 0AC,offwind-dc,0.5114736759262553,0.48369153510268453,0.027782140823570722
new_more,1000,DK2 0AC,offwind-dc,0.4871638903584675,0.4519887257040213,0.0351751646544462
new_more,1000,DK2 0AC,offwind-dc,0.4821642110841425,0.4452770314864962,0.03688717959764626
new_more,1000,DK2 0AC,offwind-dc,0.4762493082609523,0.4376461822128815,0.03860312604807081
new_more,1000,DK2 0AC,offwind-dc,0.5156240707871241,0.48907169543859175,0.026552375348532387
new_more,1000,DK2 0AC,offwind-dc,0.4910970777759253,0.4566337715220456,0.03446330625387972
new_more,1000,DK2 0AC,offwind-dc,0.4860502386470539,0.44985382061648016,0.03619641803057372
new_more,1000,DK2 0AC,offwind-dc,0.4800945127691075,0.44132639779031063,0.03876811497879684
new_more,1000,DK2 0AC,offwind-dc,0.5217962568960739,0.5018239115615013,0.019972345334572594
new_more,1000,DK2 0AC,offwind-dc,0.4969891335853999,0.46670923616300625,0.030279897422393676
new_more,1000,DK2 0AC,offwind-dc,0.4918886195285735,0.45973094140130544,0.03215767812726805
new_more,1000,DK2 0AC,offwind-dc,0.4858545622029419,0.449224351105548,0.036630211097393894
new_more,1000,DK2 0AC,offwind-dc,0.5134243871768792,0.4858951395620773,0.02752924761480191
new_more,1000,DK2 0AC,offwind-dc,0.48901511376199985,0.4538756099614089,0.03513950380059094
new_more,1000,DK2 0AC,offwind-dc,0.4839964357000677,0.4471516586280334,0.03684477707203426
new_more,1000,DK2 0AC,offwind-dc,0.47806587571318976,0.4392919549640518,0.038773920749137936
new_more,1000,DK2 0AC,offwind-dc,0.5167780492430316,0.4920419717918923,0.024736077451139316
new_more,1000,DK2 0AC,offwind-dc,0.4922161526009665,0.4590495013503976,0.03316665125056889
new_more,1000,DK2 0AC,offwind-dc,0.48716462282761597,0.4521863687296267,0.03497825409798927
new_more,1000,DK2 0AC,offwind-dc,0.481195242051113,0.4413485937117272,0.03984664833938584
new_more,1000,DK2 0AC,offwind-dc,0.5168339239959453,0.4906282954073589,0.026205628588586383
new_more,1000,DK2 0AC,offwind-dc,0.4922626524478795,0.45808552428030197,0.03417712816757751
new_more,1000,DK2 0AC,offwind-dc,0.48721064545459236,0.45117897643553717,0.03603166901905519
new_more,1000,DK2 0AC,offwind-dc,0.4812407007484199,0.44206690724379766,0.039173793504622245
new_more,1000,DK2 0AC,offwind-dc,0.5342497566221418,0.5241181552185658,0.010131601403576052
new_more,1000,DK2 0AC,offwind-dc,0.5088438549835879,0.48495038885545777,0.023893466128130092
new_more,1000,DK2 0AC,offwind-dc,0.5036216779586095,0.4775165926032203,0.026105085355389135
new_more,1000,DK2 0AC,offwind-dc,0.497443835210748,0.46900329773170907,0.028440537479038908
new_more,1000,DK2 0AC,offwind-dc,0.5199632795168971,0.49800036541885306,0.021962914098044073
new_more,1000,DK2 0AC,offwind-dc,0.49524999235644135,0.4641006539738408,0.031149338382600533
new_more,1000,DK2 0AC,offwind-dc,0.49016732680712866,0.45713549942118226,0.0330318273859464
new_more,1000,DK2 0AC,offwind-dc,0.4841611529578676,0.44901240616815435,0.03514874678971325
new_more,1000,DK2 0AC,offwind-dc,0.5215699377329152,0.49785901358371726,0.0237109241491979
new_more,1000,DK2 0AC,offwind-dc,0.4967736845913799,0.46412983725329743,0.032643847338082455
new_more,1000,DK2 0AC,offwind-dc,0.49166856962183547,0.45716580740536544,0.03450276221647003
new_more,1000,DK2 0AC,offwind-dc,0.4856371869313036,0.44935215825395064,0.03628502867735295
new_more,1000,DK2 0AC,offwind-dc,0.527344592771745,0.5177129304192023,0.009631662352542647
new_more,1000,DK2 0AC,offwind-dc,0.5022604567534783,0.4755453568105973,0.026715099942881015
new_more,1000,DK2 0AC,offwind-dc,0.49709904324770376,0.4683651322350786,0.02873391101262518
new_more,1000,DK2 0AC,offwind-dc,0.49100793290484357,0.4600688660025658,0.030939066902277768
new_more,1000,DK2 0AC,offwind-dc,0.5250116442781975,0.5040121222952089,0.0209995219829886
new_more,1000,DK2 0AC,offwind-dc,0.5000386686891882,0.46924615973904305,0.03079250895014518
new_more,1000,DK2 0AC,offwind-dc,0.4949068577777375,0.4620819558379409,0.03282490193979659
new_more,1000,DK2 0AC,offwind-dc,0.4888358010069675,0.4540578205894108,0.0347779804175567
new_more,1000,DK2 0AC,offwind-dc,0.5292508163287012,0.513250815889016,0.01600000043968519
new_more,1000,DK2 0AC,offwind-dc,0.5040895245588105,0.47650498509825817,0.027584539460552338
new_more,1000,DK2 0AC,offwind-dc,0.49891614040982013,0.46936528176172987,0.02955085864809026
new_more,1000,DK2 0AC,offwind-dc,0.4928027646060452,0.4608147931202176,0.031987971485827604
new_more,1000,DK2 0AC,offwind-dc,0.520463552680291,0.4960097505392552,0.024453802141035763
new_more,1000,DK2 0AC,offwind-dc,0.49571312499352826,0.46281626513042967,0.03289685986309859
new_more,1000,DK2 0AC,offwind-dc,0.4906257063935632,0.455871880410609,0.03475382598295418
new_more,1000,DK2 0AC,offwind-dc,0.4846139158755963,0.4476053706617807,0.037008545213815636
new_more,1000,DK2 0AC,offwind-dc,0.5215590432489758,0.4960272986321422,0.025531744616833663
new_more,1000,DK2 0AC,offwind-dc,0.49676991118003394,0.4631481651430396,0.03362174603699436
new_more,1000,DK2 0AC,offwind-dc,0.49167164696507426,0.4562116717430686,0.03545997522200567
new_more,1000,DK2 0AC,offwind-dc,0.48564704020953936,0.4482952442469655,0.037351795962573875
new_more,1000,DK2 0AC,offwind-dc,0.5291261465887548,0.5091591434723494,0.019967003116405424
new_more,1000,DK2 0AC,offwind-dc,0.5039773583572036,0.4740012875767586,0.029976070780445008
new_more,1000,DK2 0AC,offwind-dc,0.4988051253506614,0.46687645974240377,0.031928665608257634
new_more,1000,DK2 0AC,offwind-dc,0.4926862693135027,0.45851850415902146,0.03416776515448122
new_more,1000,DK2 0AC,offwind-dc,0.5440201132213323,0.5342664617274794,0.009753651493852877
new_more,1000,DK2 0AC,offwind-dc,0.5181567480025063,0.5017571953236983,0.016399552678807994
new_more,1000,DK2 0AC,offwind-dc,0.51283899435715,0.4939834232542492,0.01885557110290076
new_more,1000,DK2 0AC,offwind-dc,0.5065550174612332,0.48467573437363576,0.021879283087597456
new_more,1000,DK2 0AC,offwind-dc,0.5511344565464474,0.5412862978810792,0.009848158665368256
new_more,1000,DK2 0AC,offwind-dc,0.5249396373636218,0.5227388217986308,0.0022008155649909655
new_more,1000,DK2 0AC,offwind-dc,0.5195454390736118,0.5171087839691786,0.0024366551044332496
new_more,1000,DK2 0AC,offwind-dc,0.5131792860091204,0.49775966344443967,0.015419622564680768
new_more,1000,DK2 0AC,offwind-dc,0.5336041259594417,0.5171941423521206,0.016409983607321155
new_more,1000,DK2 0AC,offwind-dc,0.5082425042559015,0.4807252445447362,0.027517259711165254
new_more,1000,DK2 0AC,offwind-dc,0.5030264987900827,0.4734471135407347,0.029579385249347945
new_more,1000,DK2 0AC,offwind-dc,0.49686275747709396,0.4644263145267416,0.03243644295035236
new_more,1000,DK2 0AC,offwind-dc,0.5483387164851334,0.5386953642496302,0.009643352235503277
new_more,1000,DK2 0AC,offwind-dc,0.5222500547853731,0.5200992153757302,0.0021508394096428907
new_more,1000,DK2 0AC,offwind-dc,0.5168834875117456,0.5014175634285556,0.01546592408319003
new_more,1000,DK2 0AC,offwind-dc,0.5105499521738641,0.49232126188801134,0.018228690285852778
new_more,1000,DK2 0AC,offwind-dc,0.5383207175511863,0.5285424801178925,0.009778237433293757
new_more,1000,DK2 0AC,offwind-dc,0.5127282377964025,0.49063225885252615,0.022095978943876382
new_more,1000,DK2 0AC,offwind-dc,0.5074661960182536,0.4829890275387364,0.024477168479517197
new_more,1000,DK2 0AC,offwind-dc,0.5012480537039494,0.4742214033398407,0.02702665036410873
new_more,1000,DK2 0AC,offwind-dc,0.5401052291450164,0.5305699629327199,0.0095352662122965
new_more,1000,DK2 0AC,offwind-dc,0.5144279022532431,0.4938800309948965,0.02054787125834656
new_more,1000,DK2 0AC,offwind-dc,0.5091416315701566,0.48621601682650706,0.022925614743649514
new_more,1000,DK2 0AC,offwind-dc,0.5028961437581507,0.4766887254681578,0.0262074182899929
new_more,1000,DK2 0AC,offwind-dc,0.5533706510205899,0.5436661082090611,0.009704542811528771
new_more,1000,DK2 0AC,offwind-dc,0.5270695479551073,0.5249238650945509,0.002145682860556386
new_more,1000,DK2 0AC,offwind-dc,0.5216603237757456,0.5192818386118668,0.0023784851638787297
new_more,1000,DK2 0AC,offwind-dc,0.5152682563662999,0.5126628990393245,0.0026053573269754216
new_more,1000,DK2 0AC,offwind-dc,0.5437458708990992,0.5338446746726739,0.009901196226425268
new_more,1000,DK2 0AC,offwind-dc,0.5178955938043448,0.501140541342625,0.01675505246171982
new_more,1000,DK2 0AC,offwind-dc,0.5125736997806266,0.4934141074838611,0.019159592296765504
new_more,1000,DK2 0AC,offwind-dc,0.5062929736222862,0.47802071030670557,0.028272263315580637
new_more,1000,GB1 0AC,offwind-dc,0.5100290423918667,0.49109128666096913,0.01893775573089762
new_more,1000,GB1 0AC,offwind-dc,0.48578791867922017,0.4806149663844955,0.005172952294724642
new_more,1000,GB1 0AC,offwind-dc,0.480802360765741,0.47521187277052385,0.005590487995217164
new_more,1000,GB1 0AC,offwind-dc,0.4749109387798964,0.46461046051701327,0.010300478262883106
new_more,1000,GB1 0AC,offwind-dc,0.5088189852752143,0.48928446770043865,0.019534517574775645
new_more,1000,GB1 0AC,offwind-dc,0.48463537425660286,0.4590513955732474,0.025583978683355435
new_more,1000,GB1 0AC,offwind-dc,0.47966164470843675,0.4524172584697905,0.02724438623864628
new_more,1000,GB1 0AC,offwind-dc,0.4737842002738857,0.4423505341563909,0.03143366611749476
new_more,1000,GB1 0AC,offwind-dc,0.5099607061675635,0.4897603962563329,0.02020030991123062
new_more,1000,GB1 0AC,offwind-dc,0.4857162066367417,0.47968747157592884,0.006028735060812862
new_more,1000,GB1 0AC,offwind-dc,0.48073138469162874,0.45509893407092045,0.02563245062070829
new_more,1000,GB1 0AC,offwind-dc,0.474834014378579,0.4472309689562311,0.02760304542234787
new_more,1000,GB1 0AC,offwind-dc,0.5118424957171305,0.49294036280253956,0.01890213291459092
new_more,1000,GB1 0AC,offwind-dc,0.48750839854726546,0.46183390095129956,0.025674497595965906
new_more,1000,GB1 0AC,offwind-dc,0.48250518364461203,0.4555603024221776,0.026944881222434436
new_more,1000,GB1 0AC,offwind-dc,0.47659289643645325,0.4477339641957929,0.02885893224066033
new_more,1000,GB1 0AC,offwind-dc,0.5062305011275404,0.4860091874188063,0.020221313708734145
new_more,1000,GB1 0AC,offwind-dc,0.48216991793526165,0.45399161391251375,0.028178304022747902
new_more,1000,GB1 0AC,offwind-dc,0.4772146476309144,0.4474988482916166,0.0297157993392978
new_more,1000,GB1 0AC,offwind-dc,0.4713671870183206,0.43934314101237165,0.032024046005948936
new_more,1000,GB1 0AC,offwind-dc,0.5146969231945796,0.4947177720896136,0.01997915110496601
new_more,1000,GB1 0AC,offwind-dc,0.4902206763230471,0.4841238310282039,0.006096845294843223
new_more,1000,GB1 0AC,offwind-dc,0.4851896257797598,0.45994768098744043,0.025241944792319393
new_more,1000,GB1 0AC,offwind-dc,0.47924444526094934,0.4519355806925691,0.02730886456838022
new_more,1000,GB1 0AC,offwind-dc,0.510813729740914,0.4898720213032179,0.020941708437696105
new_more,1000,GB1 0AC,offwind-dc,0.4865284834241806,0.47982945909412117,0.006699024330059422
new_more,1000,GB1 0AC,offwind-dc,0.48153532522201015,0.47408537204857115,0.0074499531734389945
new_more,1000,GB1 0AC,offwind-dc,0.47563492199300866,0.4497768432397989,0.02585807875320978
new_more,1000,GB1 0AC,offwind-dc,0.5098712940644142,0.49011430328829814,0.01975699077611609
new_more,1000,GB1 0AC,offwind-dc,0.4856376679575967,0.4585564961325842,0.027081171825012518
new_more,1000,GB1 0AC,offwind-dc,0.48064686582861105,0.4519509516321275,0.02869591419648354
new_more,1000,GB1 0AC,offwind-dc,0.47475057770786977,0.4431404660981999,0.031610111609669866
new_more,1000,GB1 0AC,offwind-dc,0.5151731953227351,0.4952279593769413,0.019945235945793782
new_more,1000,GB1 0AC,offwind-dc,0.4906742073791181,0.48519157688895626,0.005482630490161844
new_more,1000,GB1 0AC,offwind-dc,0.48563169480398805,0.45970019116360955,0.025931503640378495
new_more,1000,GB1 0AC,offwind-dc,0.4796743053257904,0.45157690666801453,0.028097398657775885
new_more,1000,GB1 0AC,offwind-dc,0.5141686120901292,0.49387863580821195,0.020289976281917255
new_more,1000,GB1 0AC,offwind-dc,0.48971708385388424,0.483434692381805,0.006282391472079263
new_more,1000,GB1 0AC,offwind-dc,0.4846912015935518,0.45876274910666603,0.025928452486885745
new_more,1000,GB1 0AC,offwind-dc,0.4787521284224762,0.4501222904837923,0.0286298379386839
new_more,1000,GB1 0AC,offwind-dc,0.5100287842397591,0.4886170020477378,0.021411782192021278
new_more,1000,GB1 0AC,offwind-dc,0.48578095523239956,0.4784203176925253,0.00736063753987426
new_more,1000,GB1 0AC,offwind-dc,0.48078185147172664,0.45474879546839503,0.02603305600333161
new_more,1000,GB1 0AC,offwind-dc,0.4748906807926882,0.44380115556685235,0.031089525225835857
new_more,1000,GB1 0AC,offwind-dc,0.5092266902474665,0.4893986586505435,0.01982803159692298
new_more,1000,GB1 0AC,offwind-dc,0.4849968464932864,0.4790954459191266,0.005901400574159776
new_more,1000,GB1 0AC,offwind-dc,0.480019407217684,0.4546979660060395,0.02532144121164448
new_more,1000,GB1 0AC,offwind-dc,0.47413757900700226,0.44491676079456116,0.029220818212441102
new_more,1000,GB1 0AC,offwind-dc,0.5144222894581106,0.4943937223866616,0.02002856707144901
new_more,1000,GB1 0AC,offwind-dc,0.48996555334901404,0.46497817731800745,0.024987376031006592
new_more,1000,GB1 0AC,offwind-dc,0.48493712108895937,0.4582216911478723,0.026715429941087054
new_more,1000,GB1 0AC,offwind-dc,0.47899503458924764,0.45044252699068793,0.028552507598559707
new_more,1000,GB1 0AC,offwind-dc,0.5132727222120316,0.4933914527690078,0.019881269443023764
new_more,1000,GB1 0AC,offwind-dc,0.4888706098852343,0.4632071049082296,0.025663504977004703
new_more,1000,GB1 0AC,offwind-dc,0.48385341484175254,0.4565177873024823,0.027335627539270213
new_more,1000,GB1 0AC,offwind-dc,0.477924607334267,0.4478577624578791,0.030066844876387888
new_more,1000,GB1 0AC,offwind-dc,0.5076239691632061,0.4878270460910763,0.01979692307212977
new_more,1000,GB1 0AC,offwind-dc,0.4834836928900884,0.47743857223035013,0.006045120659738279
new_more,1000,GB1 0AC,offwind-dc,0.47852178284983893,0.4718697239664337,0.006652058883405254
new_more,1000,GB1 0AC,offwind-dc,0.4726583054998169,0.4474470957065111,0.025211209793305822
new_more,1000,GB1 0AC,offwind-dc,0.511602086208668,0.49146765007671356,0.020134436131954425
new_more,1000,GB1 0AC,offwind-dc,0.4872795542904193,0.46060469486172584,0.026674859428693465
new_more,1000,GB1 0AC,offwind-dc,0.48227868797704065,0.4539827333604238,0.02829595461661688
new_more,1000,GB1 0AC,offwind-dc,0.4763691760912691,0.445377752276871,0.030991423814398122
new_more,1000,GB1 0AC,offwind-dc,0.5086761192206133,0.4897635152408033,0.018912603979809983
new_more,1000,GB1 0AC,offwind-dc,0.484472635388046,0.47900833328723186,0.005464302100814167
new_more,1000,GB1 0AC,offwind-dc,0.47950057600091683,0.47368608298668197,0.005814493014234867
new_more,1000,GB1 0AC,offwind-dc,0.4736251051917098,0.450547128217646,0.02307797697406383
new_more,1000,GB4 0AC,offwind-dc,0.5240240066231064,0.4972234899659455,0.026800516657160933
new_more,1000,GB4 0AC,offwind-dc,0.4991042331857471,0.44070753450441963,0.058396698681327464
new_more,1000,GB4 0AC,offwind-dc,0.4939751953625793,0.4339255975885803,0.060049597773998986
new_more,1000,GB4 0AC,offwind-dc,0.487922362506713,0.42945102930832946,0.058471333198383546
new_more,1000,GB4 0AC,offwind-dc,0.5247033453821671,0.499685388346662,0.025017957035505134
new_more,1000,GB4 0AC,offwind-dc,0.49975132971929265,0.486974161812436,0.012777167906856624
new_more,1000,GB4 0AC,offwind-dc,0.49462246771830287,0.4382063990895358,0.05641606862876708
new_more,1000,GB4 0AC,offwind-dc,0.48856170363143914,0.43372805256608976,0.054833651065349376
new_more,1000,NL2 0AC,offwind-dc,0.5081658057136861,0.5046479124431487,0.00351789327053742
new_more,1000,NL2 0AC,offwind-dc,0.48400010411198874,0.4763460687676895,0.007654035344299259
new_more,1000,NL2 0AC,offwind-dc,0.4790260635891149,0.4686037476856515,0.01042231590346343
new_more,1000,NL2 0AC,offwind-dc,0.4731496129461067,0.4595068013433399,0.013642811602766813
new_more,1000,NL2 0AC,offwind-dc,0.5228609944370401,0.5200188549677778,0.0028421394692623725
new_more,1000,NL2 0AC,offwind-dc,0.4980099820491468,0.49743767244420767,0.0005723096049391474
new_more,1000,NL2 0AC,offwind-dc,0.49289899119999747,0.492272600840899,0.0006263903590984499
new_more,1000,NL2 0AC,offwind-dc,0.4868593454109639,0.48043477413648733,0.006424571274476543
new_more,1000,NL2 0AC,offwind-dc,0.5065694002324983,0.5034701491943671,0.0030992510381312455
new_more,1000,NL2 0AC,offwind-dc,0.4824859652624008,0.47364106684141755,0.008844898420983238
new_more,1000,NL2 0AC,offwind-dc,0.4775342947293076,0.4660338549382523,0.011500439791055306
new_more,1000,NL2 0AC,offwind-dc,0.47168291738065565,0.4570989567478735,0.014583960632782167
new_more,1000,NL2 0AC,offwind-dc,0.5087239225952541,0.5058447210547434,0.0028792015405106897
new_more,1000,NL2 0AC,offwind-dc,0.48453798446169827,0.48397696308844523,0.0005610213732530345
new_more,1000,NL2 0AC,offwind-dc,0.47956525440825826,0.4788741307391741,0.0006911236690841371
new_more,1000,NL2 0AC,offwind-dc,0.47367538128845765,0.4637411758106171,0.009934205477840574
new_more,1000,NL2 0AC,offwind-dc,0.5193075834459998,0.5164398488154247,0.002867734630575103
new_more,1000,NL2 0AC,offwind-dc,0.49462546080413283,0.4939686048891125,0.000656855915020349
new_more,1000,NL2 0AC,offwind-dc,0.4895492047147987,0.48129175253639583,0.008257452178402847
new_more,1000,NL2 0AC,offwind-dc,0.4835506049092236,0.4721000200554043,0.011450584853819279
new_more,1000,NL2 0AC,offwind-dc,0.5077345591274318,0.5044333508409488,0.0033012082864830594
new_more,1000,NL2 0AC,offwind-dc,0.4835893204195546,0.4764746580197121,0.007114662399842486
new_more,1000,NL2 0AC,offwind-dc,0.4786263263421252,0.4687550257936891,0.009871300548436102
new_more,1000,NL2 0AC,offwind-dc,0.4727615679879334,0.45972419853746155,0.013037369450471847
new_more,1000,NL2 0AC,offwind-dc,0.516929258541188,0.5140060506611713,0.002923207880016654
new_more,1000,NL2 0AC,offwind-dc,0.49234675569945724,0.48487242512924217,0.007474330570215071
new_more,1000,NL2 0AC,offwind-dc,0.48729388556895464,0.47707362766506284,0.010220257903891805
new_more,1000,NL2 0AC,offwind-dc,0.4813161143798034,0.4673086589875388,0.014007455392264556
new_more,1000,NL2 0AC,offwind-dc,0.517798425426611,0.5144562690787666,0.003342156347844405
new_more,1000,NL2 0AC,offwind-dc,0.493188031418232,0.4875844086211798,0.005603622797052177
new_more,1000,NL2 0AC,offwind-dc,0.48812652741962387,0.47952351607129784,0.008603011348326028
new_more,1000,NL2 0AC,offwind-dc,0.4821385613088706,0.46979142886201686,0.012347132446853759
new_more,1000,NL2 0AC,offwind-dc,0.5204216893372695,0.5171486266727674,0.0032730626645021133
new_more,1000,NL2 0AC,offwind-dc,0.49567320629319833,0.4949706098893478,0.0007025964038505084
new_more,1000,NL2 0AC,offwind-dc,0.49058619737199366,0.4844760618300938,0.006110135541899875
new_more,1000,NL2 0AC,offwind-dc,0.48456805992476154,0.47488313907985996,0.009684920844901579
new_more,1000,NO0 0AC,offwind-dc,0.5079340043730228,0.5071649232306251,0.0007690811423977095
new_more,1000,NO0 0AC,offwind-dc,0.4837789835468452,0.4710604443954571,0.012718539151388097
new_more,1000,NO0 0AC,offwind-dc,0.47881404298933933,0.46397518101354185,0.01483886197579748
new_more,1000,NO0 0AC,offwind-dc,0.4729469844842482,0.4532060036850752,0.019740980799173025
new_more,1000,NO0 0AC,offwind-dc,0.5435464609407606,0.543546443603684,1.733707666318196e-08
new_more,1000,NO0 0AC,offwind-dc,0.5176919103761675,0.5176919093784788,9.976887094254039e-10
new_more,1000,NO0 0AC,offwind-dc,0.5123789272794752,0.5123789261247635,1.1547116596233309e-09
new_more,1000,NO0 0AC,offwind-dc,0.5061005877296233,0.5037733879773939,0.002327199752229392
new_more,1000,NO0 0AC,offwind-dc,0.5366576164412774,0.5366575982383621,1.820291528620288e-08
new_more,1000,NO0 0AC,offwind-dc,0.5111508656678739,0.511150864589785,1.078088951445011e-09
new_more,1000,NO0 0AC,offwind-dc,0.5059050121887655,0.503958829428418,0.0019461827603475257
new_more,1000,NO0 0AC,offwind-dc,0.49970599954912076,0.49445691045400053,0.00524908909512023
new_more,1000,DK2 0AC,offwind-ac,0.519319920011409,0.5096348396176161,0.0096850803937929
new_more,1000,DK2 0AC,offwind-ac,0.49463048309836044,0.4924737462310672,0.0021567368672932297
new_more,1000,DK2 0AC,offwind-ac,0.4895541754660838,0.48721709785169626,0.0023370776143875616
new_more,1000,DK2 0AC,offwind-ac,0.4835487038007701,0.48134467242870427,0.002204031372065818
new_more,1000,DK2 0AC,offwind-ac,0.4767514143540585,0.4534028350900637,0.023348579263994806
new_more,1000,DK2 0AC,offwind-ac,0.5050078409057454,0.4952840726428613,0.00972376826288407
new_more,1000,DK2 0AC,offwind-ac,0.4809919694226672,0.4619698448239064,0.019022124598760792
new_more,1000,DK2 0AC,offwind-ac,0.4760556315120931,0.4548705689766221,0.021185062535471033
new_more,1000,DK2 0AC,offwind-ac,0.47021555447021235,0.446450401834603,0.023765152635609355
new_more,1000,DK2 0AC,offwind-ac,0.4636056903532011,0.4373363020150136,0.026269388338187483
new_more,1000,DK2 0AC,offwind-ac,0.5103802337037698,0.49408595955107354,0.016294274152696298
new_more,1000,DK2 0AC,offwind-ac,0.486109248219486,0.47813264551308776,0.007976602706398217
new_more,1000,DK2 0AC,offwind-ac,0.4811203925561643,0.4727094632439998,0.008410929312164472
new_more,1000,DK2 0AC,offwind-ac,0.4752250736271365,0.4672056800988805,0.00801939352825598
new_more,1000,DK2 0AC,offwind-ac,0.46854479022985246,0.46081990448722165,0.007724885742630805
new_more,1000,DK2 0AC,offwind-ac,0.47050617120381677,0.46098030854249,0.009525862661326767
new_more,1000,DK2 0AC,offwind-ac,0.44812378403242614,0.4250476827752576,0.023076101257168524
new_more,1000,DK2 0AC,offwind-ac,0.4435179555562141,0.4187230425178965,0.0247949130383176
new_more,1000,DK2 0AC,offwind-ac,0.43808339107046734,0.4108691749166657,0.02721421615380165
new_more,1000,DK2 0AC,offwind-ac,0.43191842350165416,0.40071617241278235,0.031202251088871813
new_more,1000,GB1 0AC,offwind-ac,0.41377525309368446,0.39506648346673673,0.01870876962694773
new_more,1000,GB1 0AC,offwind-ac,0.39410223932860167,0.3872206295029002,0.006881609825701462
new_more,1000,GB1 0AC,offwind-ac,0.3900372360601215,0.38248782712006957,0.007549408940051905
new_more,1000,GB1 0AC,offwind-ac,0.3852511978788985,0.37644724535823965,0.008803952520658853
new_more,1000,GB1 0AC,offwind-ac,0.3798356856852102,0.3566965794228916,0.023139106262318576
new_more,1000,GB1 0AC,offwind-ac,0.4524587872966746,0.4321846588633587,0.020274128433315886
new_more,1000,GB1 0AC,offwind-ac,0.43095391497353025,0.4243084927827928,0.006645422190737438
new_more,1000,GB1 0AC,offwind-ac,0.42653110901536084,0.40264231530742683,0.02388879370793401
new_more,1000,GB1 0AC,offwind-ac,0.42130468968310625,0.39560629103049105,0.025698398652615195
new_more,1000,GB1 0AC,offwind-ac,0.4153823701762526,0.38737387743467794,0.028008492741574686
new_more,1000,NO0 0AC,offwind-ac,0.379341952698127,0.33494825810634027,0.044393694591786714
new_more,1000,NO0 0AC,offwind-ac,0.36127878636296995,0.3178840324325941,0.04339475393037584
new_more,1000,NO0 0AC,offwind-ac,0.3575710442741565,0.3127234471681965,0.04484759710595998
new_more,1000,NO0 0AC,offwind-ac,0.35318961422380657,0.30799576340575147,0.045193850818055104
new_more,1000,NO0 0AC,offwind-ac,0.34822479471631657,0.29538190272545606,0.05284289199086051
new_more,1000,DK2 0AC,offwind-float,0.5070624937128018,0.4064514367309487,0.10061105698185308
new_more,1000,DK2 0AC,offwind-float,0.48294900824899845,0.3975238470153575,0.08542516123364097
new_more,1000,DK2 0AC,offwind-float,0.47799258558532026,0.3931531303820333,0.08483945520328695
new_more,1000,DK2 0AC,offwind-float,0.47212875524710907,0.3880527798689593,0.08407597537814976
new_more,1000,DK2 0AC,offwind-float,0.4654919970874749,0.36458623307729543,0.10090576401017948
new_more,1000,DK2 0AC,offwind-float,0.5098772473069627,0.406816693026492,0.10306055428047073
new_more,1000,DK2 0AC,offwind-float,0.48564333824902467,0.39651577951391836,0.0891275587351063
new_more,1000,DK2 0AC,offwind-float,0.4806592641396505,0.38968805191315536,0.09097121222649512
new_more,1000,DK2 0AC,offwind-float,0.4747627667243863,0.3851613200803551,0.08960144664403119
new_more,1000,DK2 0AC,offwind-float,0.4680889820185609,0.3683797515333675,0.09970923048519342
new_more,1000,GB1 0AC,offwind-float,0.5194331082765727,0.4340740881632471,0.08535902011332563
new_more,1000,GB1 0AC,offwind-float,0.4947450195765131,0.4232621976264493,0.07148282195006384
new_more,1000,GB1 0AC,offwind-float,0.48964710349974744,0.41615597575020224,0.0734911277495452
new_more,1000,GB1 0AC,offwind-float,0.48364730410968376,0.4114444451500298,0.07220285895965395
new_more,1000,GB1 0AC,offwind-float,0.4768418228384368,0.3988878516767163,0.07795397116172048
new_more,1000,GB1 0AC,offwind-float,0.5134566253367746,0.42652628129189657,0.08693034404487804
new_more,1000,GB1 0AC,offwind-float,0.48905259234779896,0.4180339798162167,0.07101861253158226
new_more,1000,GB1 0AC,offwind-float,0.4840335296495825,0.4112775413624327,0.0727559882871498
new_more,1000,GB1 0AC,offwind-float,0.47809572292765096,0.40670011119969135,0.07139561172795961
new_more,1000,GB1 0AC,offwind-float,0.47136830551552167,0.3804446120613219,0.09092369345419976
new_more,1000,GB1 0AC,offwind-float,0.5215293331002525,0.4382127571266127,0.08331657597363984
new_more,1000,GB1 0AC,offwind-float,0.4967416131222522,0.42760460542614526,0.06913700769610692
new_more,1000,GB1 0AC,offwind-float,0.49164363932539573,0.4223330355535401,0.0693106037718556
new_more,1000,GB1 0AC,offwind-float,0.48561258083426756,0.4160974834438048,0.06951509739046274
new_more,1000,GB1 0AC,offwind-float,0.4787862792746729,0.40196272418567325,0.07682355508899963
new_more,1000,GB1 0AC,offwind-float,0.5092664303532421,0.420109437639897,0.08915699271334515
new_more,1000,GB1 0AC,offwind-float,0.4850417216976501,0.4125332425633553,0.07250847913429481
new_more,1000,GB1 0AC,offwind-float,0.48006382187553837,0.40729938075660316,0.07276444111893521
new_more,1000,GB1 0AC,offwind-float,0.4741814494381366,0.4017661581403527,0.0724152912977839
new_more,1000,GB1 0AC,offwind-float,0.4675158363638841,0.38415591138208,0.08335992498180411
new_more,1000,GB1 0AC,offwind-float,0.5113891028856664,0.42198414111352506,0.08940496177214136
new_more,1000,GB1 0AC,offwind-float,0.4870767038888032,0.4142340612215168,0.0728426426672864
new_more,1000,GB1 0AC,offwind-float,0.482077919394231,0.40903174527282204,0.07304617412140896
new_more,1000,GB1 0AC,offwind-float,0.4761640551760669,0.403341535120244,0.0728225200558229
new_more,1000,GB1 0AC,offwind-float,0.4694705724271498,0.3937664030362309,0.0757041693909189
new_more,1000,GB1 0AC,offwind-float,0.5143855264951666,0.42012494126543787,0.09426058522972869
new_more,1000,GB1 0AC,offwind-float,0.48991736977170275,0.4136587765753624,0.07625859319634037
new_more,1000,GB1 0AC,offwind-float,0.48488260287789575,0.4088342204518501,0.07604838242604567
new_more,1000,GB1 0AC,offwind-float,0.4789411844069075,0.4029437495677413,0.07599743483916621
new_more,1000,GB1 0AC,offwind-float,0.47219506681248835,0.39635708394780045,0.0758379828646879
new_more,1000,GB1 0AC,offwind-float,0.5053513686300344,0.41304974488687,0.09230162374316436
new_more,1000,GB1 0AC,offwind-float,0.4813259763524299,0.40634582356050825,0.07498015279192166
new_more,1000,GB1 0AC,offwind-float,0.47638621058614394,0.4016524162936419,0.07473379429250204
new_more,1000,GB1 0AC,offwind-float,0.47054212331145007,0.39575197780979815,0.07479014550165192
new_more,1000,GB1 0AC,offwind-float,0.46392766858563195,0.3879411084065205,0.07598656017911143
new_more,1000,GB1 0AC,offwind-float,0.4878447722802271,0.3873239319799352,0.1005208403002919
new_more,1000,GB1 0AC,offwind-float,0.4646375422769817,0.3848878976813711,0.07974964459561057
new_more,1000,GB1 0AC,offwind-float,0.45986904704124865,0.37910426055836743,0.08076478648288121
new_more,1000,GB1 0AC,offwind-float,0.4542273444755155,0.37493673149186474,0.07929061298365075
new_more,1000,GB1 0AC,offwind-float,0.4478422281247882,0.3619059763839679,0.08593625174082031
new_more,1000,GB1 0AC,offwind-float,0.5096282317647088,0.41643014529181316,0.09319808647289568
new_more,1000,GB1 0AC,offwind-float,0.4854061581437055,0.409331592067677,0.07607456607602853
new_more,1000,GB1 0AC,offwind-float,0.48041768676271035,0.40512978106190506,0.07528790570080529
new_more,1000,GB1 0AC,offwind-float,0.4745309783079625,0.3987082610473591,0.07582271726060336
new_more,1000,GB1 0AC,offwind-float,0.46786045187362957,0.39077846379195147,0.0770819880816781
new_more,1000,GB1 0AC,offwind-float,0.48424164690218546,0.3826869172545454,0.10155472964764006
new_more,1000,GB1 0AC,offwind-float,0.461219356173976,0.3807881595526984,0.08043119662127762
new_more,1000,GB1 0AC,offwind-float,0.4564722723775191,0.37445121233656464,0.08202106004095444
new_more,1000,GB1 0AC,offwind-float,0.4508721893681348,0.37077747704567426,0.08009471232246052
new_more,1000,GB1 0AC,offwind-float,0.44453423674719156,0.3624845232974834,0.08204971344970818
new_more,1000,GB1 0AC,offwind-float,0.5073496060613085,0.4179389378521961,0.08941066820911242
new_more,1000,GB1 0AC,offwind-float,0.48321611699687117,0.40898291896200617,0.074233198034865
new_more,1000,GB1 0AC,offwind-float,0.4782569530420236,0.40523812368559003,0.07301882935643356
new_more,1000,GB1 0AC,offwind-float,0.4723967207346212,0.3984651750490505,0.0739315456855707
new_more,1000,GB1 0AC,offwind-float,0.4657561957590158,0.3919935741184832,0.0737626216405326
new_more,1000,GB1 0AC,offwind-float,0.511640902100532,0.4221646244811524,0.08947627761937965
new_more,1000,GB1 0AC,offwind-float,0.4873231684552003,0.41460724935629395,0.07271591909890635
new_more,1000,GB1 0AC,offwind-float,0.4823218545371447,0.40874195360652926,0.07357990093061545
new_more,1000,GB1 0AC,offwind-float,0.476411813717986,0.40366309992911387,0.07274871378887215
new_more,1000,GB1 0AC,offwind-float,0.46970125575479266,0.3941804369129871,0.07552081884180556
new_more,1000,GB1 0AC,offwind-float,0.5112865759669211,0.4228352095299366,0.08845136643698448
new_more,1000,GB1 0AC,offwind-float,0.48696571573121683,0.4134439178806056,0.07352179785061125
new_more,1000,GB1 0AC,offwind-float,0.48196807028902955,0.40956748146326305,0.0724005888257665
new_more,1000,GB1 0AC,offwind-float,0.47605551832400533,0.40257434614357296,0.07348117218043237
new_more,1000,GB1 0AC,offwind-float,0.46936356128778955,0.3888239672076013,0.08053959408018824
new_more,1000,GB1 0AC,offwind-float,0.5094895491173193,0.4207514785866183,0.08873807053070093
new_more,1000,GB1 0AC,offwind-float,0.48525386296202205,0.41110287523568134,0.07415098772634071
new_more,1000,GB1 0AC,offwind-float,0.4802737859705763,0.40767945615543516,0.07259432981514113
new_more,1000,GB1 0AC,offwind-float,0.4743888407773259,0.4005389322228955,0.07384990855443041
new_more,1000,GB1 0AC,offwind-float,0.46771354796297704,0.39439186179115,0.07332168617182705
new_more,1000,GB1 0AC,offwind-float,0.5075552168107406,0.40492359355138935,0.10263162325935121
new_more,1000,GB1 0AC,offwind-float,0.4834316713279029,0.4016493521758022,0.08178231915210066
new_more,1000,GB1 0AC,offwind-float,0.47847029517600476,0.39517819465909004,0.08329210051691471
new_more,1000,GB1 0AC,offwind-float,0.47260744872058374,0.3910984593398486,0.08150898938073514
new_more,1000,GB1 0AC,offwind-float,0.46596396152193076,0.3848827170689355,0.08108124445299525
new_more,1000,GB1 0AC,offwind-float,0.49866902436367955,0.40529739432763684,0.09337163003604271
new_more,1000,GB1 0AC,offwind-float,0.47494081090617674,0.3989526013645509,0.07598820954162583
new_more,1000,GB1 0AC,offwind-float,0.4700665749954004,0.3918081047398058,0.07825847025559457
new_more,1000,GB1 0AC,offwind-float,0.46429990716644887,0.388066410823832,0.07623349634261689
new_more,1000,GB1 0AC,offwind-float,0.457766389254313,0.37684035192634957,0.08092603732796344
new_more,1000,GB1 0AC,offwind-float,0.5038594097326566,0.3991713466855971,0.10468806304705952
new_more,1000,GB1 0AC,offwind-float,0.47991152192644426,0.39656403664630685,0.08334748528013741
new_more,1000,GB1 0AC,offwind-float,0.47497946201212365,0.3903015874771246,0.08467787453499903
new_more,1000,GB1 0AC,offwind-float,0.469159389829312,0.38617246943624023,0.08298692039307176
new_more,1000,GB1 0AC,offwind-float,0.4625643723176399,0.36828868054552943,0.09427569177211048
new_more,1000,GB1 0AC,offwind-float,0.5038710357493887,0.41285993040472796,0.09101110534466078
new_more,1000,GB1 0AC,offwind-float,0.4799023604236329,0.40635314597441385,0.07354921444921902
new_more,1000,GB1 0AC,offwind-float,0.47497041664404527,0.4008284179790719,0.07414199866497334
new_more,1000,GB1 0AC,offwind-float,0.4691504552969631,0.3956594282431372,0.07349102705382587
new_more,1000,GB1 0AC,offwind-float,0.462548718137923,0.3861860252066511,0.0763626929312719
new_more,1000,GB1 0AC,offwind-float,0.508987695254818,0.4048311242489467,0.10415657100587133
new_more,1000,GB1 0AC,offwind-float,0.4847827434327976,0.4019250235270881,0.0828577199057095
new_more,1000,GB1 0AC,offwind-float,0.47980750146010553,0.3955362770006216,0.08427122445948393
new_more,1000,GB1 0AC,offwind-float,0.47392826979707203,0.3913957786874354,0.08253249110963662
new_more,1000,GB1 0AC,offwind-float,0.46726621569276156,0.3845826321926811,0.08268358350008048
new_more,1000,GB1 0AC,offwind-float,0.5006252151776506,0.40761383882085245,0.09301137635679813
new_more,1000,GB1 0AC,offwind-float,0.4768244682202986,0.4010783318249191,0.07574613639537953
new_more,1000,GB1 0AC,offwind-float,0.47193090065826554,0.39395902312603415,0.07797187753223139
new_more,1000,GB1 0AC,offwind-float,0.46614136827740243,0.390112473298145,0.07602889497925741
new_more,1000,GB1 0AC,offwind-float,0.4595887753775296,0.37887902167540005,0.08070975370212957
new_more,1000,GB1 0AC,offwind-float,0.5101883997886602,0.4074711291438358,0.10271727064482433
new_more,1000,GB1 0AC,offwind-float,0.485932916930444,0.4034512185588184,0.08248169837162561
new_more,1000,GB1 0AC,offwind-float,0.48093908790127077,0.39860599863777374,0.08233308926349703
new_more,1000,GB1 0AC,offwind-float,0.47504599055499114,0.3930473852620019,0.08199860529298925
new_more,1000,GB1 0AC,offwind-float,0.46836139993513093,0.38582715890203195,0.08253424103309898
new_more,1000,GB1 0AC,offwind-float,0.5072871352092068,0.4061088968668543,0.10117823834235246
new_more,1000,GB1 0AC,offwind-float,0.48317633135229193,0.4012003549385465,0.08197597641374543
new_more,1000,GB1 0AC,offwind-float,0.4782107739632241,0.3969882626136368,0.0812225113495873
new_more,1000,GB1 0AC,offwind-float,0.4723443308874595,0.39091199174059793,0.08143233914686154
new_more,1000,GB1 0AC,offwind-float,0.4656909356913653,0.3789897619034318,0.08670117378793352
new_more,1000,GB1 0AC,offwind-float,0.5060800956811556,0.4062293386287172,0.09985075705243845
new_more,1000,GB1 0AC,offwind-float,0.4820266610955832,0.39611640490942696,0.08591025618615622
new_more,1000,GB1 0AC,offwind-float,0.4770797043222101,0.39521216625505684,0.08186753806715324
new_more,1000,GB1 0AC,offwind-float,0.4712338972122622,0.38626741976341794,0.08496647744884428
new_more,1000,GB1 0AC,offwind-float,0.4646029094090582,0.38087850820642033,0.08372440120263785
new_more,1000,GB4 0AC,offwind-float,0.5248975337869465,0.4067976122243863,0.11809992156256016
new_more,1000,GB4 0AC,offwind-float,0.4999431122485141,0.3924066465806305,0.10753646566788361
new_more,1000,GB4 0AC,offwind-float,0.49481228201639,0.3867810802882944,0.1080312017280956
new_more,1000,GB4 0AC,offwind-float,0.4887423755541133,0.38159302857521904,0.10714934697889428
new_more,1000,GB4 0AC,offwind-float,0.48186527909374605,0.37086751303861626,0.11099776605512979
new_more,1000,GB4 0AC,offwind-float,0.526051564178816,0.4116697145605951,0.11438184961822095
new_more,1000,GB4 0AC,offwind-float,0.5010290251054166,0.3904148009186349,0.11061422418678168
new_more,1000,GB4 0AC,offwind-float,0.49588705033628583,0.39010483207862606,0.10578221825765977
new_more,1000,GB4 0AC,offwind-float,0.48981079092234714,0.38013262567719847,0.10967816524514867
new_more,1000,GB4 0AC,offwind-float,0.4829186952164888,0.37711030791715294,0.10580838729933584
new_more,1000,GB4 0AC,offwind-float,0.5262137093903958,0.40877458895428287,0.11743912043611293
new_more,1000,GB4 0AC,offwind-float,0.5011898998517003,0.39388792117861743,0.10730197867308283
new_more,1000,GB4 0AC,offwind-float,0.49604627405269913,0.38830393817452413,0.107742335878175
new_more,1000,GB4 0AC,offwind-float,0.48996122589197316,0.38384635368381026,0.1061148722081629
new_more,1000,GB4 0AC,offwind-float,0.4830670419203716,0.37656553677262494,0.10650150514774664
new_more,1000,GB4 0AC,offwind-float,0.527014483118656,0.40935451565153796,0.11765996746711799
new_more,1000,GB4 0AC,offwind-float,0.5019593846067126,0.39372772287194635,0.10823166173476628
new_more,1000,GB4 0AC,offwind-float,0.4968078617179278,0.3892671063769031,0.1075407553410247
new_more,1000,GB4 0AC,offwind-float,0.49072031931359367,0.3844758636840757,0.10624445562951795
new_more,1000,GB4 0AC,offwind-float,0.4838222177955064,0.37851180984586197,0.10531040794964441
new_more,1000,GB4 0AC,offwind-float,0.5243851219913013,0.40521108359756125,0.11917403839374002
new_more,1000,GB4 0AC,offwind-float,0.4994616694842659,0.39129985520008825,0.10816181428417765
new_more,1000,GB4 0AC,offwind-float,0.4943357802164822,0.3860394155437226,0.1082963646727596
new_more,1000,GB4 0AC,offwind-float,0.4882717028855169,0.37988308295180917,0.10838861993370774
new_more,1000,GB4 0AC,offwind-float,0.4814011836305865,0.37278439669588387,0.10861678693470261
new_more,1000,GB4 0AC,offwind-float,0.5223411916111645,0.40342812277434176,0.11891306883682279
new_more,1000,GB4 0AC,offwind-float,0.49750821975292875,0.3898223459880387,0.10768587376489003
new_more,1000,GB4 0AC,offwind-float,0.49239559796544236,0.38398949457835957,0.10840610338708279
new_more,1000,GB4 0AC,offwind-float,0.4863621204114498,0.3780122831571037,0.1083498372543461
new_more,1000,GB4 0AC,offwind-float,0.47952528250377313,0.3711894028493347,0.10833587965443842
new_more,1000,GB4 0AC,offwind-float,0.5263751270991556,0.40845609708347713,0.11791903001567844
new_more,1000,GB4 0AC,offwind-float,0.5013570918213391,0.3917412529755968,0.10961583884574233
new_more,1000,GB4 0AC,offwind-float,0.496204956025567,0.38825246229295973,0.10795249373260729
new_more,1000,GB4 0AC,offwind-float,0.49012480121360186,0.38322961381124826,0.1068951874023536
new_more,1000,GB4 0AC,offwind-float,0.48323507094925705,0.3754281658160644,0.10780690513319263
new_more,1000,GB4 0AC,offwind-float,0.523762165575859,0.40882339467725837,0.1149387708986006
new_more,1000,GB4 0AC,offwind-float,0.49886155326690723,0.3929922197157638,0.10586933355114342
new_more,1000,GB4 0AC,offwind-float,0.4937418228887159,0.3889974197531265,0.10474440313558936
new_more,1000,GB4 0AC,offwind-float,0.487691849618899,0.38444704697664694,0.10324480264225205
new_more,1000,GB4 0AC,offwind-float,0.4808295031641508,0.3748458048020936,0.10598369836205718
new_more,1000,GB4 0AC,offwind-float,0.5208163580787672,0.40621320604509903,0.11460315203366822
new_more,1000,GB4 0AC,offwind-float,0.49606252502536,0.38599630647370703,0.110066218551653
new_more,1000,GB4 0AC,offwind-float,0.4909647234186527,0.38433211890820973,0.10663260451044299
new_more,1000,GB4 0AC,offwind-float,0.4849487788188465,0.38151503558217875,0.10343374323666776
new_more,1000,GB4 0AC,offwind-float,0.47812496191242093,0.3751751210473264,0.10294984086509451
new_more,1000,GB4 0AC,offwind-float,0.5161662997614862,0.4036122927804593,0.11255400698102691
new_more,1000,GB4 0AC,offwind-float,0.49162685665021105,0.3879043129850177,0.10372254366519335
new_more,1000,GB4 0AC,offwind-float,0.4865813747199166,0.3838637831861982,0.1027175915337184
new_more,1000,GB4 0AC,offwind-float,0.48061914066523803,0.37962156674840813,0.1009975739168299
new_more,1000,GB4 0AC,offwind-float,0.4738562026613606,0.37297859366808944,0.10087760899327114
new_more,1000,GB4 0AC,offwind-float,0.5215426108193248,0.40342568587432154,0.11811692494500331
new_more,1000,GB4 0AC,offwind-float,0.49674098677144013,0.38403849208112467,0.11270249469031546
new_more,1000,GB4 0AC,offwind-float,0.4916430194027145,0.3827884369179689,0.10885458248474561
new_more,1000,GB4 0AC,offwind-float,0.4856187634296715,0.37954185351201386,0.10607690991765761
new_more,1000,GB4 0AC,offwind-float,0.4787923749607539,0.37161449558574633,0.10717787937500756
new_more,1000,GB4 0AC,offwind-float,0.5191050822904472,0.40169335851474725,0.11741172377569992
new_more,1000,GB4 0AC,offwind-float,0.49442598395347503,0.38230991617336574,0.1121160677801093
new_more,1000,GB4 0AC,offwind-float,0.48935177506077365,0.38087412474372817,0.10847765031704548
new_more,1000,GB4 0AC,offwind-float,0.48335559442261383,0.37817382598314514,0.10518176843946869
new_more,1000,GB4 0AC,offwind-float,0.4765541783681087,0.3711211696635804,0.10543300870452832
new_more,1000,GB4 0AC,offwind-float,0.5068321834897648,0.39200392067824286,0.11482826281152192
new_more,1000,GB4 0AC,offwind-float,0.48273643736309213,0.3752767197988522,0.10745971756423994
new_more,1000,GB4 0AC,offwind-float,0.47777536480088706,0.3727634974845153,0.10501186731637174
new_more,1000,GB4 0AC,offwind-float,0.4719210335451089,0.37054980116903585,0.10137123237607304
new_more,1000,GB4 0AC,offwind-float,0.46528719534890706,0.3630447407107988,0.10224245463810827
new_more,1000,GB4 0AC,offwind-float,0.5042671705522387,0.3847721934966436,0.11949497705559509
new_more,1000,GB4 0AC,offwind-float,0.480280197643698,0.3712400944908975,0.1090401031528005
new_more,1000,GB4 0AC,offwind-float,0.4753375636275975,0.36706438130386304,0.10827318232373445
new_more,1000,GB4 0AC,offwind-float,0.46951310351348047,0.360260340318784,0.10925276319469646
new_more,1000,GB4 0AC,offwind-float,0.4629063262052792,0.35537673256393104,0.10752959364134818
new_more,1000,GB4 0AC,offwind-float,0.5017584835726661,0.3880345945687397,0.11372388900392638
new_more,1000,GB4 0AC,offwind-float,0.4779104504937778,0.36999128223810374,0.10791916825567405
new_more,1000,GB4 0AC,offwind-float,0.4730057376823276,0.3687698565548231,0.10423588112750454
new_more,1000,GB4 0AC,offwind-float,0.46720985016219546,0.36609305010050586,0.1011168000616896
new_more,1000,GB4 0AC,offwind-float,0.46062860866625155,0.3576939295294846,0.10293467913676696
new_more,1000,GB4 0AC,offwind-float,0.5019201687785436,0.38318156088638194,0.11873860789216167
new_more,1000,GB4 0AC,offwind-float,0.47805767871092353,0.36725968844522816,0.11079799026569537
new_more,1000,GB4 0AC,offwind-float,0.47315145492158595,0.3642082930133173,0.10894316190826864
new_more,1000,GB4 0AC,offwind-float,0.46735378188246063,0.35655298389834633,0.1108007979841143
new_more,1000,GB4 0AC,offwind-float,0.460784145970916,0.3537269346876297,0.10705721128328627
new_more,1000,NO0 0AC,offwind-float,0.49669831392965363,0.42187640179129704,0.0748219121383566
new_more,1000,NO0 0AC,offwind-float,0.4730772157556967,0.4049277762580756,0.06814943949762114
new_more,1000,NO0 0AC,offwind-float,0.4682221056016401,0.39972404600539363,0.0684980595962465
new_more,1000,NO0 0AC,offwind-float,0.4624780101439868,0.39909912746973836,0.06337888267424846
new_more,1000,NO0 0AC,offwind-float,0.4559769134127191,0.3918802682411035,0.06409664517161562
new_more,1000,NO0 0AC,offwind-float,0.49932657743743114,0.4250851469002408,0.07424143053719034
new_more,1000,NO0 0AC,offwind-float,0.47558742268284376,0.4075151245028969,0.06807229817994687
new_more,1000,NO0 0AC,offwind-float,0.4706997699552056,0.4023851049735513,0.06831466498165434
new_more,1000,NO0 0AC,offwind-float,0.46492533285977217,0.3978187257354683,0.06710660712430389
new_more,1000,NO0 0AC,offwind-float,0.45838983388372967,0.3901212400133976,0.06826859387033207
new_more,1000,NO0 0AC,offwind-float,0.4955585533915395,0.4189604284533483,0.07659812493819118
new_more,1000,NO0 0AC,offwind-float,0.4719986509548848,0.4026205589257003,0.06937809202918449
new_more,1000,NO0 0AC,offwind-float,0.467154609925998,0.39691990576901803,0.07023470415697997
new_more,1000,NO0 0AC,offwind-float,0.4614304181077145,0.39068165244315584,0.07074876566455868
new_more,1000,NO0 0AC,offwind-float,0.4549372453900837,0.38227011198212424,0.07266713340795944
new_more,1000,NO0 0AC,offwind-float,0.49250881145003045,0.4162277058789555,0.07628110557107493
new_more,1000,NO0 0AC,offwind-float,0.46908700265003866,0.4008159635854325,0.06827103906460619
new_more,1000,NO0 0AC,offwind-float,0.4642660496474452,0.3937436099888101,0.07052243965863514
new_more,1000,NO0 0AC,offwind-float,0.45857725226338497,0.39121490835797285,0.06736234390541213
new_more,1000,NO0 0AC,offwind-float,0.4521309888512175,0.3854078265426684,0.06672316230854908
new_more,1000,NO0 0AC,offwind-float,0.4992659263949506,0.4212141567842679,0.07805176961068272
new_more,1000,NO0 0AC,offwind-float,0.4755097583865842,0.40516294884935383,0.07034680953723038
new_more,1000,NO0 0AC,offwind-float,0.4706296834656057,0.3993651018340689,0.07126458163153676
new_more,1000,NO0 0AC,offwind-float,0.4648629104823273,0.3937308385217528,0.07113207196057453
new_more,1000,NO0 0AC,offwind-float,0.4583282889834947,0.3838795929450088,0.07444869603848592
new_more,1000,NO0 0AC,offwind-float,0.49441014546146567,0.4178296519327528,0.07658049352871288
new_more,1000,NO0 0AC,offwind-float,0.47089132694294666,0.4001363995722118,0.07075492737073485
new_more,1000,NO0 0AC,offwind-float,0.46605865019007064,0.39558556695414654,0.0704730832359241
new_more,1000,NO0 0AC,offwind-float,0.4603478875098504,0.38963251826779294,0.07071536924205746
new_more,1000,NO0 0AC,offwind-float,0.45387673411208235,0.37776398875097034,0.07611274536111201
new_more,1000,NO0 0AC,offwind-float,0.49427106787393094,0.41665704051225466,0.07761402736167627
new_more,1000,NO0 0AC,offwind-float,0.4707721995010841,0.3996011447087767,0.0711710547923074
new_more,1000,NO0 0AC,offwind-float,0.4659407453326686,0.39506261311245616,0.07087813222021244
new_more,1000,NO0 0AC,offwind-float,0.46023142737761147,0.38907759621840915,0.07115383115920232
new_more,1000,NO0 0AC,offwind-float,0.4537619110708368,0.37990027655115843,0.07386163451967837
new_more,1000,NO0 0AC,offwind-float,0.49557160354488994,0.418115241553645,0.07745636199124495
new_more,1000,NO0 0AC,offwind-float,0.4719975080714039,0.4021310912536253,0.06986641681777861
new_more,1000,NO0 0AC,offwind-float,0.4671534787717339,0.39645738100042166,0.07069609777131225
new_more,1000,NO0 0AC,offwind-float,0.46142248324333013,0.39056749684545095,0.07085498639787918
new_more,1000,NO0 0AC,offwind-float,0.4549362241526273,0.3833017378543284,0.07163448629829888
new_more,1000,NO0 0AC,offwind-float,0.49506309739154275,0.4198427065571489,0.07522039083439386
new_more,1000,NO0 0AC,offwind-float,0.4715266414483601,0.40341069879646113,0.06811594265189896
new_more,1000,NO0 0AC,offwind-float,0.46668744457191114,0.3976454281709435,0.06904201640096763
new_more,1000,NO0 0AC,offwind-float,0.4609621281979156,0.3939204086435428,0.06704171955437283
new_more,1000,NO0 0AC,offwind-float,0.4544755645216986,0.38395423103311177,0.07052133348858686
new_more,1000,NO0 0AC,offwind-float,0.49357749253950334,0.4161715704063791,0.07740592213312425
new_more,1000,NO0 0AC,offwind-float,0.47011829303526204,0.4048040617313393,0.06531423130392272
new_more,1000,NO0 0AC,offwind-float,0.4652935497965135,0.39507733403805134,0.07021621575846215
new_more,1000,NO0 0AC,offwind-float,0.4595921621311596,0.3935789775401157,0.06601318459104388
new_more,1000,NO0 0AC,offwind-float,0.4531316320358651,0.38891025102325105,0.06422138101261404
new_more,1000,NO0 0AC,offwind-float,0.49356634914250813,0.4170947808256529,0.07647156831685525
new_more,1000,NO0 0AC,offwind-float,0.47010767927176345,0.40162369518110413,0.06848398409065931
new_more,1000,NO0 0AC,offwind-float,0.46528304496024536,0.3957828231425616,0.06950022181768378
new_more,1000,NO0 0AC,offwind-float,0.4595749906507059,0.39226984544646964,0.06730514520423625
new_more,1000,NO0 0AC,offwind-float,0.4531147019365215,0.38820154080262675,0.06491316113389473
new_more,1000,NO0 0AC,offwind-float,0.48685161320276327,0.4109058222610424,0.07594579094172088
new_more,1000,NO0 0AC,offwind-float,0.4636986355443184,0.3956622658327701,0.0680363697115483
new_more,1000,NO0 0AC,offwind-float,0.45893977614700593,0.38993592158443263,0.0690038545625733
new_more,1000,NO0 0AC,offwind-float,0.45331624326113396,0.3866236373479012,0.06669260591323278
new_more,1000,NO0 0AC,offwind-float,0.44693709604513265,0.38156115506699173,0.06537594097814092
new_more,1000,NO0 0AC,offwind-float,0.4936730052177287,0.41661749577806134,0.07705550943966738
new_more,1000,NO0 0AC,offwind-float,0.4702025457977012,0.3996805872624092,0.07052195853529203
new_more,1000,NO0 0AC,offwind-float,0.46537693788733286,0.39493808186122376,0.07043885602610911
new_more,1000,NO0 0AC,offwind-float,0.45967452844157247,0.38871472694146336,0.07095980150010911
new_more,1000,NO0 0AC,offwind-float,0.45321284051533345,0.3774905530676149,0.07572228744771853
new_more,1000,NO0 0AC,offwind-float,0.4866191152099806,0.41010239911173535,0.07651671609824523
new_more,1000,NO0 0AC,offwind-float,0.46347750271546323,0.3950682109202105,0.06840929179525274
new_more,1000,NO0 0AC,offwind-float,0.4587209127663655,0.38822164424256295,0.07049926852380256
new_more,1000,NO0 0AC,offwind-float,0.45310006168207745,0.3846437236912666,0.06845633799081086
new_more,1000,NO0 0AC,offwind-float,0.4467307916512246,0.3783023462964557,0.06842844535476889
new_more,1000,NO0 0AC,offwind-float,0.5010064827658641,0.4257336547169272,0.07527282804893692
new_more,1000,NO0 0AC,offwind-float,0.4771875329220436,0.4089282967336114,0.06825923618843216
new_more,1000,NO0 0AC,offwind-float,0.472290239289379,0.4030783406999536,0.06921189858942545
new_more,1000,NO0 0AC,offwind-float,0.4664963200047768,0.39771650551336446,0.06877981449141235
new_more,1000,NO0 0AC,offwind-float,0.4599387375152067,0.38787701881992454,0.07206171869528216
new_more,1000,NO0 0AC,offwind-float,0.49746906000511915,0.4217495225623879,0.07571953744273124
new_more,1000,NO0 0AC,offwind-float,0.4738047777037103,0.40529563217658005,0.06850914552713028
new_more,1000,NO0 0AC,offwind-float,0.46893540858960736,0.39901947238298724,0.06991593620662012
new_more,1000,NO0 0AC,offwind-float,0.46318258179169847,0.3944832146358095,0.06869936715588898
new_more,1000,NO0 0AC,offwind-float,0.4566715808307476,0.3836412830626135,0.07303029776813408
new_more,1000,NO0 0AC,offwind-float,0.5030253896660888,0.4284205463365751,0.07460484332951367
new_more,1000,NO0 0AC,offwind-float,0.47911714192334737,0.4112973267338818,0.06781981518946556
new_more,1000,NO0 0AC,offwind-float,0.47420004504515845,0.40552953766670413,0.06867050737845432
new_more,1000,NO0 0AC,offwind-float,0.46836916074422746,0.39949521454365167,0.0688739462005758
new_more,1000,NO0 0AC,offwind-float,0.4617716570362985,0.392573203740226,0.06919845329607255
new_more,1000,NO0 0AC,offwind-float,0.5029367986241966,0.42741923781254604,0.07551756081165056
new_more,1000,NO0 0AC,offwind-float,0.4790193088332537,0.4095601875799764,0.0694591212532773
new_more,1000,NO0 0AC,offwind-float,0.47410321599925315,0.40458704850587257,0.06951616749338058
new_more,1000,NO0 0AC,offwind-float,0.46829388073340894,0.39829292766925833,0.0700009530641506
new_more,1000,NO0 0AC,offwind-float,0.4617110297642119,0.3907679571636694,0.0709430726005425
new_more,1000,NO0 0AC,offwind-float,0.5018392033510369,0.4266752758623355,0.07516392748870143
new_more,1000,NO0 0AC,offwind-float,0.47796727427922936,0.4105450791874179,0.06742219509181147
new_more,1000,NO0 0AC,offwind-float,0.4730619782950359,0.4029763528923416,0.07008562540269425
new_more,1000,NO0 0AC,offwind-float,0.4672654016410532,0.3991797828753488,0.0680856187657044
new_more,1000,NO0 0AC,offwind-float,0.46069700809884484,0.3933148254287209,0.06738218267012391
new_more,1000,NO0 0AC,offwind-float,0.49156086057710047,0.41175019242810035,0.07981066814900012
new_more,1000,NO0 0AC,offwind-float,0.4681975093889751,0.3974198096916833,0.07077769969729181
new_more,1000,NO0 0AC,offwind-float,0.4633924788226492,0.39294112344945603,0.07045135537319319
new_more,1000,NO0 0AC,offwind-float,0.4577143855756386,0.38668263666977865,0.07103174890585995
new_more,1000,NO0 0AC,offwind-float,0.4512802515613672,0.380100073396954,0.07118017816441319
new_more,1000,NO0 0AC,offwind-float,0.5008005154683585,0.42547136651327166,0.0753291489550868
new_more,1000,NO0 0AC,offwind-float,0.47699801356789184,0.40875433755720375,0.06824367601068809
new_more,1000,NO0 0AC,offwind-float,0.47209582361044267,0.40292647897391953,0.06916934463652313
new_more,1000,NO0 0AC,offwind-float,0.4662975042959655,0.39993925215963344,0.06635825213633206
new_more,1000,NO0 0AC,offwind-float,0.4597427165774468,0.3939911814973964,0.06575153508005038
new_more,1000,NO0 0AC,offwind-float,0.49780861522410075,0.42261320659804813,0.07519540862605262
new_more,1000,NO0 0AC,offwind-float,0.4741483150767279,0.4058562413762958,0.06829207370043211
new_more,1000,NO0 0AC,offwind-float,0.4692822124144371,0.40022040535241077,0.06906180706202636
new_more,1000,NO0 0AC,offwind-float,0.4635319504161788,0.3944989858286406,0.06903296458753816
new_more,1000,NO0 0AC,offwind-float,0.45700247866258487,0.3859285311518094,0.07107394751077545
new_more,1000,NO0 0AC,offwind-float,0.4952245439501865,0.41837982641388605,0.07684471753630046
new_more,1000,NO0 0AC,offwind-float,0.4716670728242958,0.4013101974589853,0.07035687536531054
new_more,1000,NO0 0AC,offwind-float,0.46682643472477253,0.39605497733337297,0.07077145739139956
new_more,1000,NO0 0AC,offwind-float,0.4611062641400633,0.39054994159321743,0.07055632254684585
new_more,1000,NO0 0AC,offwind-float,0.4546244501709306,0.3839985739892203,0.07062587618171029
new_more,1000,NO0 0AC,offwind-float,0.4838266614586892,0.4076379935454703,0.07618866791321888
new_more,1000,NO0 0AC,offwind-float,0.4608241794506926,0.3927472523806906,0.06807692707000201
new_more,1000,NO0 0AC,offwind-float,0.4560948201022152,0.38708642042376595,0.06900839967844924
new_more,1000,NO0 0AC,offwind-float,0.45049932406670373,0.3844269837113113,0.06607234035539244
new_more,1000,NO0 0AC,offwind-float,0.4441462370383885,0.3785129568594587,0.06563328017892983
new_more,1000,NO0 0AC,offwind-float,0.5062156219776428,0.43167362294729716,0.07454199903034564
new_more,1000,NO0 0AC,offwind-float,0.4821489611303488,0.41406585626277653,0.06808310486757224
new_more,1000,NO0 0AC,offwind-float,0.4772007492127394,0.4075804483680028,0.06962030084473664
new_more,1000,NO0 0AC,offwind-float,0.4713534589018185,0.4027875256449901,0.06856593325682842
new_more,1000,NO0 0AC,offwind-float,0.46472759915556966,0.3951845208310182,0.06954307832455148
new_more,1000,NO0 0AC,offwind-float,0.5080803529663327,0.4320410877056208,0.07603926526071192
new_more,1000,NO0 0AC,offwind-float,0.4839253121111938,0.41485154014307535,0.06907377196811842
new_more,1000,NO0 0AC,offwind-float,0.4789588698087825,0.4093195111070805,0.06963935870170201
new_more,1000,NO0 0AC,offwind-float,0.47309003669529126,0.4030642653038439,0.07002577139144733
new_more,1000,NO0 0AC,offwind-float,0.4664397657122503,0.3954558313642752,0.07098393434797512
new_more,1000,NO0 0AC,offwind-float,0.5080085890057154,0.433149747158067,0.07485884184764846
new_more,1000,NO0 0AC,offwind-float,0.48385679283622435,0.4159083790493819,0.06794841378684247
new_more,1000,NO0 0AC,offwind-float,0.47889105373535507,0.4099488836448015,0.06894217009055359
new_more,1000,NO0 0AC,offwind-float,0.47301622579118047,0.40570078313700336,0.0673154426541771
new_more,1000,NO0 0AC,offwind-float,0.46636699237493606,0.3951255922781962,0.07124140009673985
new_more,1000,NO0 0AC,offwind-float,0.5105539373735585,0.43519122886514267,0.07536270850841581
new_more,1000,NO0 0AC,offwind-float,0.4862811786978059,0.41782735679555494,0.06845382190225097
new_more,1000,NO0 0AC,offwind-float,0.4812837643201496,0.4116431011941016,0.069640663126048
new_more,1000,NO0 0AC,offwind-float,0.47538644354570514,0.40554432387768913,0.06984211966801601
new_more,1000,NO0 0AC,offwind-float,0.4687038917563525,0.3769084112265027,0.09179548052984982
new_more,1000,NO0 0AC,offwind-float,0.5054568550264535,0.42977321507618965,0.07568363995026389
new_more,1000,NO0 0AC,offwind-float,0.48143304238896184,0.4127722278103513,0.06866081457861056
new_more,1000,NO0 0AC,offwind-float,0.4764921778223451,0.4067978580532629,0.06969431976908219
new_more,1000,NO0 0AC,offwind-float,0.4706535698587015,0.4012546814857577,0.06939888837294378
new_more,1000,NO0 0AC,offwind-float,0.4640307139964432,0.39349159513854876,0.07053911885789443
new_more,1000,NO0 0AC,offwind-float,0.4793082454455199,0.4030792941417542,0.07622895130376572
new_more,1000,NO0 0AC,offwind-float,0.4565139978953182,0.38882324915756705,0.06769074873775116
new_more,1000,NO0 0AC,offwind-float,0.45182203461658355,0.3833050994189837,0.06851693519759983
new_more,1000,NO0 0AC,offwind-float,0.44627892731378105,0.38054784467051156,0.06573108264326949
new_more,1000,NO0 0AC,offwind-float,0.4400055426080088,0.3719220585292998,0.06808348407870896
new_more,1000,NO0 0AC,offwind-float,0.47055999488964834,0.39288797054297453,0.07767202434667381
new_more,1000,NO0 0AC,offwind-float,0.4481614018735029,0.37943155049657473,0.06872985137692816
new_more,1000,NO0 0AC,offwind-float,0.4435552164196084,0.37304951578978707,0.07050570062982131
new_more,1000,NO0 0AC,offwind-float,0.4381201953648269,0.36877583013483944,0.06934436522998744
new_more,1000,NO0 0AC,offwind-float,0.431961498718684,0.36019705882765174,0.07176443989103226
new_more,1000,NO0 0AC,offwind-float,0.5089890160556167,0.4349056791008925,0.07408333695472424
new_more,1000,NO0 0AC,offwind-float,0.4847837779828742,0.41699742679406077,0.06778635118881343
new_more,1000,NO0 0AC,offwind-float,0.4798085253927726,0.4104501727714116,0.06935835262136097
new_more,1000,NO0 0AC,offwind-float,0.47392928118317135,0.40609254922195837,0.06783673196121298
new_more,1000,NO0 0AC,offwind-float,0.4672672128617117,0.39440358983962154,0.07286362302209015
new_more,1000,NO0 0AC,offwind-float,0.5150375321336984,0.4414403716213548,0.0735971605123436
new_more,1000,NO0 0AC,offwind-float,0.4905518187228879,0.4274812694418786,0.0630705492810093
new_more,1000,NO0 0AC,offwind-float,0.4855173697220669,0.41938459147939183,0.06613277824267505
new_more,1000,NO0 0AC,offwind-float,0.47956817325403284,0.41696582920314507,0.06260234405088777
new_more,1000,NO0 0AC,offwind-float,0.47282683849826546,0.3894179061363022,0.08340893236196323
new_more,1000,NO0 0AC,offwind-float,0.509010929341512,0.4329023606089215,0.07610856873259053
new_more,1000,NO0 0AC,offwind-float,0.48480503011899845,0.41577341729224354,0.0690316128267549
new_more,1000,NO0 0AC,offwind-float,0.4798295594218766,0.41023586331221384,0.06959369610966276
new_more,1000,NO0 0AC,offwind-float,0.4739500574757257,0.4038160700533192,0.07013398742240651
new_more,1000,NO0 0AC,offwind-float,0.4672809402405971,0.39719879639343025,0.07008214384716682
new_more,1000,NO0 0AC,offwind-float,0.46688416243568776,0.38853120341636677,0.07835295901932099
new_more,1000,NO0 0AC,offwind-float,0.4446869083870856,0.37555379983233306,0.06913310855475252
new_more,1000,NO0 0AC,offwind-float,0.44011631716581684,0.37004455651124635,0.07007176065457049
new_more,1000,NO0 0AC,offwind-float,0.43470982523272733,0.36497982384742783,0.0697300013852995
new_more,1000,NO0 0AC,offwind-float,0.42859231253930324,0.3575560952835563,0.07103621725574694
new_more,1000,NO0 0AC,offwind-float,0.5202858961262388,0.4460936201888276,0.07419227593741118
new_more,1000,NO0 0AC,offwind-float,0.49555056374724016,0.42784193209338806,0.0677086316538521
new_more,1000,NO0 0AC,offwind-float,0.49045800287685265,0.42172782186016916,0.06873018101668349
new_more,1000,NO0 0AC,offwind-float,0.48444826728262597,0.41567043236781304,0.06877783491481293
new_more,1000,NO0 0AC,offwind-float,0.4776247420754402,0.4053323941348733,0.07229234794056688
new_more,1000,NO0 0AC,offwind-float,0.459973215994511,0.3816288461515091,0.07834436984300192
new_more,1000,NO0 0AC,offwind-float,0.4381043874561816,0.36936274687847365,0.06874164057770793
new_more,1000,NO0 0AC,offwind-float,0.4336081974279269,0.3639131115515253,0.06969508587640161
new_more,1000,NO0 0AC,offwind-float,0.428288241233168,0.3594458964249017,0.06884234480826629
new_more,1000,NO0 0AC,offwind-float,0.4222609170137188,0.3499179688110105,0.07234294820270831
new_more,1000,NO0 0AC,offwind-float,0.5267559179691714,0.4532812281001455,0.07347468986902594
new_more,1000,NO0 0AC,offwind-float,0.5017197841169181,0.43467597201076585,0.06704381210615223
new_more,1000,NO0 0AC,offwind-float,0.49657072020677817,0.4278386355179114,0.06873208468886677
new_more,1000,NO0 0AC,offwind-float,0.4904860835716884,0.42388150034065625,0.06660458323103213
new_more,1000,NO0 0AC,offwind-float,0.48358449381429586,0.41037078241072994,0.07321371140356592
new_more,1000,NO0 0AC,offwind-float,0.5328031704238706,0.45957490860874667,0.07322826181512393
new_more,1000,NO0 0AC,offwind-float,0.5074796172627315,0.44060327089716644,0.06687634636556505
new_more,1000,NO0 0AC,offwind-float,0.5022714411750007,0.43434651746679503,0.06792492370820563
new_more,1000,NO0 0AC,offwind-float,0.49611011835076957,0.42772765069616053,0.06838246765460904
new_more,1000,NO0 0AC,offwind-float,0.4891362519224936,0.4161054192513703,0.07303083267112331
new_more,1000,NO0 0AC,offwind-float,0.5250976318506779,0.4504399048220382,0.07465772702863971
new_more,1000,NO0 0AC,offwind-float,0.500120144975787,0.4320355479718648,0.06808459700392228
new_more,1000,NO0 0AC,offwind-float,0.49498749788721075,0.4262897656363529,0.06869773225085785
new_more,1000,NO0 0AC,offwind-float,0.4889222609713053,0.4197056492829038,0.06921661168840149
new_more,1000,NO0 0AC,offwind-float,0.48204943492784663,0.41054020869172103,0.0715092262361256
new_more,1000,NO0 0AC,offwind-float,0.379341952698127,0.2741827446941494,0.1051592080039776
new_more,1000,NO0 0AC,offwind-float,0.36127878636296995,0.25649099870133046,0.10478778766163949
new_more,1000,NO0 0AC,offwind-float,0.3575710442741565,0.2532787750802762,0.1042922691938803
new_more,1000,NO0 0AC,offwind-float,0.35318961422380657,0.2496393086598448,0.10355030556396178
new_more,1000,NO0 0AC,offwind-float,0.34822479471631657,0.24377192444827955,0.10445287026803701
new_more,1000,NO0 0AC,offwind-float,0.445291811706349,0.3438083131797642,0.10148349852658484
new_more,1000,NO0 0AC,offwind-float,0.42411407690153596,0.3388904071337901,0.08522366976774587
new_more,1000,NO0 0AC,offwind-float,0.4197614670258865,0.3347552319611371,0.08500623506474941
new_more,1000,NO0 0AC,offwind-float,0.41461799823819573,0.32912276207428887,0.08549523616390686
new_more,1000,NO0 0AC,offwind-float,0.4087896741796488,0.31671880906483674,0.09207086511481205
new_more,1000,DE2 0AC,offwind-dc,0.5082727872087741,0.507832334845627,0.0004404523631471591
new_more,1000,DE2 0AC,offwind-dc,0.48410835385712075,0.48398108978630233,0.0001272640708184225
new_more,1000,DE2 0AC,offwind-dc,0.4791400330287317,0.4784992913420216,0.0006407416867100779
new_more,1000,DE2 0AC,offwind-dc,0.473268980065539,0.4679539655055295,0.0053150145600095455
new_more,1000,DE2 0AC,offwind-dc,0.46661619365877227,0.45590368566715006,0.010712507991622211
new_more,1000,DE2 0AC,offwind-dc,0.5210851922149431,0.5206929240409852,0.00039226817395787705
new_more,1000,DE2 0AC,offwind-dc,0.4963051063519875,0.49621061622569806,9.449012628942599e-05
new_more,1000,DE2 0AC,offwind-dc,0.4912116123490887,0.4911080210671261,0.0001035912819626339
new_more,1000,DE2 0AC,offwind-dc,0.4851926425418553,0.4807642403879487,0.004428402153906608
new_more,1000,DE2 0AC,offwind-dc,0.47835866145115796,0.46881999104166505,0.009538670409492911
new_more,1000,DE2 0AC,offwind-dc,0.5220687307479105,0.5216711999299442,0.0003975308179663406
new_more,1000,DE2 0AC,offwind-dc,0.4972419841364433,0.4971457149839731,9.626915247024082e-05
new_more,1000,DE2 0AC,offwind-dc,0.49213887511787074,0.4920334111624987,0.00010546395537203157
new_more,1000,DE2 0AC,offwind-dc,0.4861016942456638,0.4827395349775635,0.0033621592681002954
new_more,1000,DE2 0AC,offwind-dc,0.4792685171730063,0.4705392518787488,0.008729265294257493
new_more,1000,DE2 0AC,offwind-dc,0.5195751619784591,0.5191867416775471,0.00038842030091201796
new_more,1000,DE2 0AC,offwind-dc,0.4948601584045223,0.4947689099550502,9.124844947211441e-05
new_more,1000,DE2 0AC,offwind-dc,0.48978149365405466,0.4887502920854893,0.001031201568565343
new_more,1000,DE2 0AC,offwind-dc,0.4837800475393191,0.4779873647418905,0.005792682797428561
new_more,1000,DE2 0AC,offwind-dc,0.47697950607199346,0.4652447412073431,0.01173476486465036
new_more,1000,DE2 0AC,offwind-dc,0.5208961421274613,0.5204895072725415,0.0004066348549197629
new_more,1000,DE2 0AC,offwind-dc,0.4961385170253001,0.49603529783327244,0.00010321919202765928
new_more,1000,DE2 0AC,offwind-dc,0.4910467327000282,0.4909331548578905,0.00011357784213766875
new_more,1000,DE2 0AC,offwind-dc,0.4850229694449743,0.4803167133066021,0.004706256138372222
new_more,1000,DE2 0AC,offwind-dc,0.4782049561079363,0.4683276066670049,0.009877349440931382
new_more,1000,DE2 0AC,offwind-dc,0.5200667997493142,0.5196635542208119,0.0004032455285023495
new_more,1000,DE2 0AC,offwind-dc,0.49534859238519896,0.4952483866248314,0.00010020576036756657
new_more,1000,DE2 0AC,offwind-dc,0.49025812899409604,0.490147716898077,0.00011041209601903024
new_more,1000,DE2 0AC,offwind-dc,0.48425084251718514,0.4802197245877059,0.004031117929479244
new_more,1000,DE2 0AC,offwind-dc,0.47744368304073376,0.46819456846120083,0.009249114579532924
new_more,1000,DE2 0AC,offwind-dc,0.5215714695156192,0.5211686399906201,0.0004028295249990377
new_more,1000,DE2 0AC,offwind-dc,0.4967751769954341,0.49667619225308257,9.898474235153776e-05
new_more,1000,DE2 0AC,offwind-dc,0.49167685873831607,0.4915680567802424,0.00010880195807366766
new_more,1000,DE2 0AC,offwind-dc,0.48565218812129046,0.48224324450589434,0.0034089436153961206
new_more,1000,DE2 0AC,offwind-dc,0.47882532979835035,0.4700899251378026,0.00873540466054773
new_more,1000,DK2 0AC,offwind-dc,0.5098749881117501,0.4816528032909768,0.02822218482077332
new_more,1000,DK2 0AC,offwind-dc,0.48563454339326406,0.4502756207174051,0.03535892267585894
new_more,1000,DK2 0AC,offwind-dc,0.4806505595439829,0.44359349185892705,0.037057067685055844
new_more,1000,DK2 0AC,offwind-dc,0.47475422859558936,0.4361208953411691,0.038633333254420255
new_more,1000,DK2 0AC,offwind-dc,0.46808056391104064,0.42636370304204557,0.041716860868995065
new_more,1000,DK2 0AC,offwind-dc,0.5288300529549763,0.5110788961768701,0.017751156778106236
new_more,1000,DK2 0AC,offwind-dc,0.5036819355183693,0.47510512918394415,0.02857680633442511
new_more,1000,DK2 0AC,offwind-dc,0.49851273438564553,0.46801093665838345,0.03050179772726208
new_more,1000,DK2 0AC,offwind-dc,0.4924043016422922,0.45961642144055215,0.03278788020174006
new_more,1000,DK2 0AC,offwind-dc,0.4854825282267903,0.4499400484798418,0.03554247974694846
new_more,1000,DK2 0AC,offwind-dc,0.5386949625520531,0.5287594665773497,0.009935495974703334
new_more,1000,DK2 0AC,offwind-dc,0.5130845331995071,0.4921858581691284,0.020898675030378677
new_more,1000,DK2 0AC,offwind-dc,0.5078188348228752,0.48462373175514667,0.023195103067728484
new_more,1000,DK2 0AC,offwind-dc,0.5015963715147985,0.47565531476409867,0.025941056750699854
new_more,1000,DK2 0AC,offwind-dc,0.4945453843116333,0.4643044121524563,0.030240972159176982
new_more,1000,DK2 0AC,offwind-dc,0.5247660837116144,0.5027114503566636,0.022054633354950726
new_more,1000,DK2 0AC,offwind-dc,0.4998176894275674,0.4683878158400469,0.031429873587520474
new_more,1000,DK2 0AC,offwind-dc,0.49468136250323747,0.46139811548741,0.033283247015827466
new_more,1000,DK2 0AC,offwind-dc,0.4886130576588429,0.45330103554550333,0.03531202211333956
new_more,1000,DK2 0AC,offwind-dc,0.4817445781153255,0.4440211593289675,0.03772341878635799
new_more,1000,DK2 0AC,offwind-dc,0.5337663224450413,0.5237272736479202,0.010039048797121142
new_more,1000,DK2 0AC,offwind-dc,0.5083902011800564,0.48303477197380223,0.025355429206254165
new_more,1000,DK2 0AC,offwind-dc,0.5031726799260907,0.4756600613605564,0.02751261856553433
new_more,1000,DK2 0AC,offwind-dc,0.4970071474098368,0.46704363529617576,0.02996351211366105
new_more,1000,DK2 0AC,offwind-dc,0.4900138662059218,0.4560469733748931,0.03396689283102872
new_more,1000,GB1 0AC,offwind-dc,0.49269832396201774,0.4733547614680439,0.019343562493973843
new_more,1000,GB1 0AC,offwind-dc,0.4692673223957963,0.4638424037452057,0.005424918650590638
new_more,1000,GB1 0AC,offwind-dc,0.46444449840930047,0.45842816185000973,0.006016336559290736
new_more,1000,GB1 0AC,offwind-dc,0.45875351443664436,0.4535286305206423,0.0052248839160020655
new_more,1000,GB1 0AC,offwind-dc,0.45230477329058827,0.4407534194312212,0.011551353859367064
new_more,1000,GB1 0AC,offwind-dc,0.5098664764603549,0.49011146262707944,0.019755013833275437
new_more,1000,GB1 0AC,offwind-dc,0.48563307932900013,0.4601326915758136,0.025500387753186526
new_more,1000,GB1 0AC,offwind-dc,0.48064231498095245,0.4534711164175316,0.027171198563420873
new_more,1000,GB1 0AC,offwind-dc,0.4747528540862592,0.445824722139876,0.028928131946383218
new_more,1000,GB1 0AC,offwind-dc,0.46807920872331693,0.43524884078594694,0.032830367937369986
new_more,1000,GB1 0AC,offwind-dc,0.5129982816402304,0.49304344673188477,0.019954834908345653
new_more,1000,GB1 0AC,offwind-dc,0.4886025033318184,0.4826344025172532,0.005968100814565225
new_more,1000,GB1 0AC,offwind-dc,0.4835880598198129,0.4576717028964444,0.025916356923368522
new_more,1000,GB1 0AC,offwind-dc,0.47766250379056024,0.44985228831199786,0.027810215478562383
new_more,1000,GB1 0AC,offwind-dc,0.47094795720903715,0.4408944426187137,0.03005351459032346
new_more,1000,GB1 0AC,offwind-dc,0.511789010463356,0.49236161877067125,0.01942739169268476
new_more,1000,GB1 0AC,offwind-dc,0.48744421912163804,0.4631178946556776,0.024326324465960447
new_more,1000,GB1 0AC,offwind-dc,0.4824416628813988,0.45617697908539345,0.026264683796005328
new_more,1000,GB1 0AC,offwind-dc,0.4765301540130559,0.448500143416507,0.02803001059654886
new_more,1000,GB1 0AC,offwind-dc,0.46982474074682484,0.43913962734576806,0.030685113401056785
new_more,1000,GB1 0AC,offwind-dc,0.5149973230365377,0.494313676513016,0.02068364652352167
new_more,1000,GB1 0AC,offwind-dc,0.49049998674897777,0.4651349563991188,0.025365030349858986
new_more,1000,GB1 0AC,offwind-dc,0.48546606969079625,0.45831971074560857,0.027146358945187687
new_more,1000,GB1 0AC,offwind-dc,0.47951750181812025,0.45057086269126034,0.028946639126859908
new_more,1000,GB1 0AC,offwind-dc,0.47277687935547624,0.4395863764494251,0.033190502906051134
new_more,1000,GB1 0AC,offwind-dc,0.5133477853530571,0.4943149568066007,0.019032828546456437
new_more,1000,GB1 0AC,offwind-dc,0.4889489254097139,0.4623592592038963,0.026589666205817597
new_more,1000,GB1 0AC,offwind-dc,0.483930926627465,0.4559265602542376,0.028004366373227396
new_more,1000,GB1 0AC,offwind-dc,0.4780011693437809,0.4482364304951048,0.029764738848676087
new_more,1000,GB1 0AC,offwind-dc,0.47128186210883705,0.43735082372516,0.03393103838367706
new_more,1000,GB1 0AC,offwind-dc,0.5170726552816944,0.49687264277219495,0.020200012509499488
new_more,1000,GB1 0AC,offwind-dc,0.49248314102506713,0.47391353988584256,0.018569601139224567
new_more,1000,GB1 0AC,offwind-dc,0.48742887119540934,0.4611440225642642,0.026284848631145163
new_more,1000,GB1 0AC,offwind-dc,0.4814562525008536,0.45322945490214667,0.028226797598706943
new_more,1000,GB1 0AC,offwind-dc,0.474688376838166,0.4391867122335673,0.03550166460459869
new_more,1000,GB1 0AC,offwind-dc,0.5100559254429586,0.48948346105553303,0.020572464387425604
new_more,1000,GB1 0AC,offwind-dc,0.4858068930970977,0.45984889367837406,0.02595799941872362
new_more,1000,GB1 0AC,offwind-dc,0.48082114045242913,0.45310232742818707,0.02771881302424206
new_more,1000,GB1 0AC,offwind-dc,0.474929488353199,0.44547619798534305,0.029453290367855933
new_more,1000,GB1 0AC,offwind-dc,0.4682533600258125,0.43666926503970666,0.03158409498610587
new_more,1000,GB1 0AC,offwind-dc,0.5157240536015302,0.4953306354715355,0.020393418129994678
new_more,1000,GB1 0AC,offwind-dc,0.49121225222191994,0.4652835005990777,0.02592875162284225
new_more,1000,GB1 0AC,offwind-dc,0.4861642333495216,0.45849699426388735,0.027667239085634232
new_more,1000,GB1 0AC,offwind-dc,0.4802071106587656,0.45074224594326673,0.029464864715498862
new_more,1000,GB1 0AC,offwind-dc,0.47344999426765266,0.43994800922113636,0.0335019850465163
new_more,1000,GB1 0AC,offwind-dc,0.5210823550710658,0.5014549449434925,0.019627410127573297
new_more,1000,GB1 0AC,offwind-dc,0.4962958218221709,0.4906354545669277,0.005660367255243215
new_more,1000,GB1 0AC,offwind-dc,0.4911956333986413,0.48499473243679986,0.006200900961841449
new_more,1000,GB1 0AC,offwind-dc,0.485170075920908,0.45920418651450395,0.02596588940640404
new_more,1000,GB1 0AC,offwind-dc,0.47834315495998936,0.4501192712558194,0.02822388370416995
new_more,1000,GB1 0AC,offwind-dc,0.5080167630390592,0.48837478498968784,0.019641978049371345
new_more,1000,GB1 0AC,offwind-dc,0.4838510364835715,0.4775669302363099,0.006284106247261556
new_more,1000,GB1 0AC,offwind-dc,0.47888535645916,0.4722657833931579,0.006619573066002138
new_more,1000,GB1 0AC,offwind-dc,0.4730174241277772,0.4625599814581788,0.010457442669598416
new_more,1000,GB1 0AC,offwind-dc,0.466368173866403,0.43983776017366766,0.026530413692735344
new_more,1000,NL2 0AC,offwind-dc,0.5149118302727144,0.5117628794945415,0.0031489507781728987
new_more,1000,NL2 0AC,offwind-dc,0.49043202630558846,0.48486014763577184,0.005571878669816621
new_more,1000,NL2 0AC,offwind-dc,0.4853988067137566,0.47682884575672985,0.008569960957026779
new_more,1000,NL2 0AC,offwind-dc,0.47945106303541507,0.4676899878546527,0.01176107518076236
new_more,1000,NL2 0AC,offwind-dc,0.4727046195717072,0.45733393502870195,0.01537068454300522
new_more,1000,NL2 0AC,offwind-dc,0.5145078255873392,0.5114534220520753,0.003054403535263872
new_more,1000,NL2 0AC,offwind-dc,0.49003393462836187,0.4835650043990755,0.0064689302292863515
new_more,1000,NL2 0AC,offwind-dc,0.4850048005829905,0.47570224867458016,0.00930255190841034
new_more,1000,NL2 0AC,offwind-dc,0.47905508714370937,0.4666451258029126,0.012409961340796749
new_more,1000,NL2 0AC,offwind-dc,0.4723141906929349,0.45653943676198544,0.01577475393094946
new_more,1000,NL2 0AC,offwind-dc,0.5186190913221723,0.5158355120664891,0.0027835792556831773
new_more,1000,NL2 0AC,offwind-dc,0.4939496224193546,0.49339533126040946,0.0005542911589451194
new_more,1000,NL2 0AC,offwind-dc,0.4888803023432022,0.4820947435752546,0.006785558767947564
new_more,1000,NL2 0AC,offwind-dc,0.48288989880798666,0.47279325268594335,0.010096646122043307
new_more,1000,NL2 0AC,offwind-dc,0.4760950909918154,0.462446854873307,0.013648236118508406
new_more,1000,NL2 0AC,offwind-dc,0.5092634238889289,0.5063383646880156,0.002925059200913238
new_more,1000,NL2 0AC,offwind-dc,0.48503879998411015,0.47649260097428986,0.008546199009820288
new_more,1000,NL2 0AC,offwind-dc,0.48006093014704243,0.4688645242422475,0.011196405904794926
new_more,1000,NL2 0AC,offwind-dc,0.47417859314289607,0.460063481217601,0.014115111925295076
new_more,1000,NL2 0AC,offwind-dc,0.4675130202198535,0.44880837839289417,0.018704641826959356
new_more,1000,NL2 0AC,offwind-dc,0.5188715300133051,0.5158080234518269,0.0030635065614782464
new_more,1000,NL2 0AC,offwind-dc,0.49420343679435424,0.48818192653415476,0.006021510260199481
new_more,1000,NL2 0AC,offwind-dc,0.4891315118648961,0.48016137968111466,0.008970132183781454
new_more,1000,NL2 0AC,offwind-dc,0.48313118383230486,0.4710051196804956,0.01212606415180928
new_more,1000,NL2 0AC,offwind-dc,0.47633976350291923,0.46078629440570007,0.015553469097219164
new_more,1000,NL2 0AC,offwind-dc,0.5173219441133637,0.5142845314060912,0.0030374127072725354
new_more,1000,NL2 0AC,offwind-dc,0.4927276143439932,0.48715470488450424,0.005572909459488962
new_more,1000,NL2 0AC,offwind-dc,0.48767083552668267,0.4790690626194284,0.00860177290725428
new_more,1000,NL2 0AC,offwind-dc,0.48169525196735635,0.4699293974081904,0.011765854559165956
new_more,1000,NL2 0AC,offwind-dc,0.4749240166667695,0.45948876933850863,0.015435247328260848
new_more,1000,NL2 0AC,offwind-dc,0.5210687537886174,0.518116639491059,0.0029521142975583725
new_more,1000,NL2 0AC,offwind-dc,0.49628271598515517,0.4956900049380307,0.000592711047124439
new_more,1000,NL2 0AC,offwind-dc,0.49118945177074286,0.49051164619418636,0.0006778055765565005
new_more,1000,NL2 0AC,offwind-dc,0.4851707535040199,0.47654387620638006,0.008626877297639834
new_more,1000,NL2 0AC,offwind-dc,0.47835066275261384,0.4641532359006923,0.014197426851921546
new_more,1000,NL2 0AC,offwind-dc,0.5121470647605705,0.5089843693045998,0.003162695455970699
new_more,1000,NL2 0AC,offwind-dc,0.4877985004394354,0.47848637019019524,0.009312130249240158
new_more,1000,NL2 0AC,offwind-dc,0.4827923082709245,0.4708353134665309,0.011956994804393606
new_more,1000,NL2 0AC,offwind-dc,0.4768696667371032,0.4619827275045705,0.014886939232532703
new_more,1000,NL2 0AC,offwind-dc,0.4701662651403437,0.45210520775179786,0.018061057388545854
new_more,1000,NL2 0AC,offwind-dc,0.5101638384461435,0.5072646483156491,0.0028991901304944445
new_more,1000,NL2 0AC,offwind-dc,0.4859163080241607,0.48535234589999615,0.0005639621241645409
new_more,1000,NL2 0AC,offwind-dc,0.4809294324729016,0.47349652336215764,0.007432909110743957
new_more,1000,NL2 0AC,offwind-dc,0.4750364534376113,0.46439727907256406,0.010639174365047244
new_more,1000,NL2 0AC,offwind-dc,0.46835198642816395,0.4529824261946626,0.015369560233501334
new_more,1000,NL2 0AC,offwind-dc,0.5172367460630547,0.5142050348256402,0.003031711237414525
new_more,1000,NL2 0AC,offwind-dc,0.49263954891598555,0.48506297592292186,0.0075765729930636905
new_more,1000,NL2 0AC,offwind-dc,0.48758367389902624,0.47724352699411376,0.010340146904912473
new_more,1000,NL2 0AC,offwind-dc,0.48160915835843565,0.4682471039578523,0.013362054400583356
new_more,1000,NL2 0AC,offwind-dc,0.474839133283778,0.45819855993351793,0.01664057335026009
new_more,1000,NL2 0AC,offwind-dc,0.5123355163406714,0.5093754110883738,0.002960105252297618
new_more,1000,NL2 0AC,offwind-dc,0.48795811814169393,0.4794982327964099,0.008459885345284024
new_more,1000,NL2 0AC,offwind-dc,0.48295028784413946,0.47182838219542694,0.011121905648712516
new_more,1000,NL2 0AC,offwind-dc,0.4770189295516999,0.4629505403043075,0.014068389247392399
new_more,1000,NL2 0AC,offwind-dc,0.47031342975356716,0.452950828573361,0.01736260118020616
new_more,1000,NL2 0AC,offwind-dc,0.5111976808935259,0.5082860018960895,0.0029116789974363844
new_more,1000,NL2 0AC,offwind-dc,0.48690101306840844,0.4819955262323852,0.004905486836023265
new_more,1000,NL2 0AC,offwind-dc,0.4818971909383617,0.47372441043663666,0.008172780501725041
new_more,1000,NL2 0AC,offwind-dc,0.4759923536553471,0.46467008219978945,0.011322271455557642
new_more,1000,NL2 0AC,offwind-dc,0.4693012845307984,0.4546648171843264,0.014636467346472004
new_more,1000,NL2 0AC,offwind-dc,0.5169127002360702,0.5139705646801664,0.0029421355559037243
new_more,1000,NL2 0AC,offwind-dc,0.4923310714452511,0.48547400106062455,0.0068570703846265735
new_more,1000,NL2 0AC,offwind-dc,0.4872715427447881,0.47761636688585735,0.009655175858930776
new_more,1000,NL2 0AC,offwind-dc,0.48130085184503674,0.4685891023332458,0.012711749511790937
new_more,1000,NL2 0AC,offwind-dc,0.4745283829076777,0.4583940874658831,0.016134295441794566
new_more,1000,NL2 0AC,offwind-dc,0.514062141511145,0.5108837812879656,0.0031783602231794106
new_more,1000,NL2 0AC,offwind-dc,0.4896293289992934,0.48198520753267887,0.0076441214666145285
new_more,1000,NL2 0AC,offwind-dc,0.4846043473519507,0.4742387830741081,0.010365564277842576
new_more,1000,NL2 0AC,offwind-dc,0.47866633843311307,0.4652500833867926,0.013416255046320491
new_more,1000,NL2 0AC,offwind-dc,0.4719376808539419,0.45295048273310307,0.018987198120838822
new_more,1000,NL2 0AC,offwind-dc,0.5158250874207652,0.5127594120107987,0.003065675409966495
new_more,1000,NL2 0AC,offwind-dc,0.49129501983769963,0.4837598924154533,0.007535127422246324
new_more,1000,NL2 0AC,offwind-dc,0.4862529434915768,0.4759678592879452,0.010285084203631556
new_more,1000,NL2 0AC,offwind-dc,0.480294733807653,0.4669831137523481,0.013311620055304896
new_more,1000,NL2 0AC,offwind-dc,0.4735431857220913,0.45694146774425337,0.016601717977837938
new_more,1000,NL2 0AC,offwind-dc,0.5129948427958043,0.5098428643586964,0.003151978437107905
new_more,1000,NL2 0AC,offwind-dc,0.4885994453701673,0.48121577035219076,0.007383675017976543
new_more,1000,NL2 0AC,offwind-dc,0.48357823216782025,0.47344209880249605,0.010136133365324207
new_more,1000,NL2 0AC,offwind-dc,0.4776527965598669,0.4644549720573903,0.01319782450247664
new_more,1000,NL2 0AC,offwind-dc,0.4709247400187664,0.45422298032807235,0.01670175969069404
new_more,1000,NL2 0AC,offwind-dc,0.5137203810725548,0.5105276693478238,0.003192711724731012
new_more,1000,NL2 0AC,offwind-dc,0.48929727852645544,0.48858757593214674,0.0007097025943086921
new_more,1000,NL2 0AC,offwind-dc,0.48426891004747996,0.4764260804994009,0.007842829548079078
new_more,1000,NL2 0AC,offwind-dc,0.4783350113470433,0.46724850898979825,0.011086502357245065
new_more,1000,NL2 0AC,offwind-dc,0.47161101126377236,0.45638687890826096,0.0152241323555114
new_more,1000,NL2 0AC,offwind-dc,0.5208419931726931,0.5176771468196821,0.0031648463530109527
new_more,1000,NL2 0AC,offwind-dc,0.49608694171125095,0.49542879535605117,0.0006581463551997846
new_more,1000,NL2 0AC,offwind-dc,0.49099568669456256,0.49022205985065126,0.0007736268439113014
new_more,1000,NL2 0AC,offwind-dc,0.48497251987570916,0.4767175447037442,0.00825497517196494
new_more,1000,NL2 0AC,offwind-dc,0.47815521571299446,0.46521569534922763,0.012939520363766832
new_more,1000,NL2 0AC,offwind-dc,0.5200586135278933,0.5169970147409949,0.0030615987868983785
new_more,1000,NL2 0AC,offwind-dc,0.49534079524594726,0.4947337362290992,0.0006070590168480439
new_more,1000,NL2 0AC,offwind-dc,0.4902571978021865,0.4830376639407427,0.007219533861443805
new_more,1000,NL2 0AC,offwind-dc,0.48424992273546213,0.4737349399664255,0.010514982769036618
new_more,1000,NL2 0AC,offwind-dc,0.4774427761884685,0.45671143493757127,0.020731341250897206
new_more,1000,NL2 0AC,offwind-dc,0.5211326936619034,0.5178698341128039,0.0032628595490995504
new_more,1000,NL2 0AC,offwind-dc,0.49635043607366114,0.4956559267730704,0.0006945093005907288
new_more,1000,NL2 0AC,offwind-dc,0.49125647685962,0.48862740820925094,0.0026290686503690486
new_more,1000,NL2 0AC,offwind-dc,0.48523695731348077,0.47657137914294545,0.008665578170535315
new_more,1000,NL2 0AC,offwind-dc,0.47841593592892073,0.46583620653039864,0.012579729398522088
new_more,1000,GB4 0AC,offwind-ac,0.5078628379416907,0.4276393885152172,0.08022344942647353
new_more,1000,GB4 0AC,offwind-ac,0.48371791072746717,0.4190989287882209,0.06461898193924626
new_more,1000,GB4 0AC,offwind-ac,0.4787535969498093,0.41343574753704687,0.06531784941276242
new_more,1000,GB4 0AC,offwind-ac,0.4728804860976459,0.4094091428675587,0.06347134323008718
new_more,1000,GB4 0AC,offwind-ac,0.46623316078699484,0.40454304665999163,0.061690114127003204
new_more,1000,GB4 0AC,offwind-ac,0.45939791363199883,0.3951501071096784,0.06424780652232043
new_more,1000,GB4 0AC,offwind-ac,0.5078628379416906,0.4279085061908795,0.07995433175081113
new_more,1000,GB4 0AC,offwind-ac,0.48371791072746717,0.4222553272386581,0.061462583488809064
new_more,1000,GB4 0AC,offwind-ac,0.4787535969498093,0.4164201896738081,0.062333407276001174
new_more,1000,GB4 0AC,offwind-ac,0.4728804860976459,0.412455089470155,0.06042539662749086
new_more,1000,GB4 0AC,offwind-ac,0.46623316078699484,0.4076240924393915,0.05860906834760332
new_more,1000,GB4 0AC,offwind-ac,0.45939791363199883,0.4049525310709857,0.05444538256101311
new_more,1000,NO0 0AC,offwind-ac,0.3027309077393482,0.24007823762931946,0.06265267011002873
new_more,1000,NO0 0AC,offwind-ac,0.28831561638729,0.2261903326306199,0.06212528375667006
new_more,1000,NO0 0AC,offwind-ac,0.28534984067024627,0.22319681139138592,0.06215302927886035
new_more,1000,NO0 0AC,offwind-ac,0.28185335965816366,0.21929040645487702,0.06256295320328664
new_more,1000,NO0 0AC,offwind-ac,0.27789132056661847,0.2157312998903216,0.06216002067629686
new_more,1000,NO0 0AC,offwind-ac,0.2738213292697152,0.20867449229477592,0.06514683697493928
new_more,1000,GB1 0AC,offwind-float,0.5109362676461126,0.42043118935464063,0.09050507829147192
new_more,1000,GB1 0AC,offwind-float,0.486645449599426,0.41326311853374675,0.07338233106567926
new_more,1000,GB1 0AC,offwind-float,0.48165109099350295,0.4076110324015964,0.07404005859190654
new_more,1000,GB1 0AC,offwind-float,0.4757492692502281,0.40239744056572085,0.07335182868450724
new_more,1000,GB1 0AC,offwind-float,0.4690548530199984,0.3951946178599934,0.073860235160005
new_more,1000,GB1 0AC,offwind-float,0.46217829786754333,0.3737421585680019,0.08843613929954142
new_more,1000,GB1 0AC,offwind-float,0.5136694160879203,0.4251697705141145,0.0884996455738058
new_more,1000,GB1 0AC,offwind-float,0.4892419687793918,0.4168578207057981,0.07238414807359372
new_more,1000,GB1 0AC,offwind-float,0.48422096254340735,0.40992391015103835,0.074297052392369
new_more,1000,GB1 0AC,offwind-float,0.4782876513587625,0.4055168629200306,0.07277078843873191
new_more,1000,GB1 0AC,offwind-float,0.47156431701928536,0.39972209942141324,0.07184221759787213
new_more,1000,GB1 0AC,offwind-float,0.4646509927404531,0.37810654617481343,0.08654444656563964
new_more,1000,GB1 0AC,offwind-float,0.511215622582873,0.42131122304009366,0.08990439954277935
new_more,1000,GB1 0AC,offwind-float,0.486904895920611,0.41332808343407046,0.07357681248654052
new_more,1000,GB1 0AC,offwind-float,0.4819078746616865,0.40857614495862843,0.07333172970305807
new_more,1000,GB1 0AC,offwind-float,0.47600290646766213,0.4025890581072588,0.07341384836040332
new_more,1000,GB1 0AC,offwind-float,0.4693049060375669,0.3944485964357288,0.07485630960183809
new_more,1000,GB1 0AC,offwind-float,0.4624246401719973,0.384172385817179,0.0782522543548183
new_more,1000,GB1 0AC,offwind-float,0.51435145920097,0.4177535022342501,0.09659795696671991
new_more,1000,GB1 0AC,offwind-float,0.4898915825676625,0.41251890309691924,0.07737267947074328
new_more,1000,GB1 0AC,offwind-float,0.48486390945702296,0.4061815093254347,0.07868240013158828
new_more,1000,GB1 0AC,offwind-float,0.4789159078105887,0.4016612469160742,0.07725466089451449
new_more,1000,GB1 0AC,offwind-float,0.4721769475712292,0.3950176524858996,0.0771592950853296
new_more,1000,GB1 0AC,offwind-float,0.46525467329419634,0.37278312320882023,0.09247155008537611
new_more,1000,GB1 0AC,offwind-float,0.514889506569272,0.42104645959368714,0.09384304697558488
new_more,1000,GB1 0AC,offwind-float,0.4904041396452206,0.4145969050652124,0.07580723458000821
new_more,1000,GB1 0AC,offwind-float,0.48536442162427623,0.40944924694668544,0.07591517467759079
new_more,1000,GB1 0AC,offwind-float,0.4794170992772107,0.40370842206552715,0.07570867721168356
new_more,1000,GB1 0AC,offwind-float,0.4726778881824939,0.3958787549661502,0.07679913321634368
new_more,1000,GB1 0AC,offwind-float,0.4657550563098799,0.37705228514457717,0.08870277116530273
new_more,1000,GB1 0AC,offwind-float,0.5146767648002641,0.4263296868308119,0.08834707796945224
new_more,1000,GB1 0AC,offwind-float,0.4902013534390515,0.41830336220999004,0.07189799122906149
new_more,1000,GB1 0AC,offwind-float,0.48517050120320143,0.4116600628146482,0.07351043838855326
new_more,1000,GB1 0AC,offwind-float,0.47922555502382036,0.407062110181553,0.07216344484226733
new_more,1000,GB1 0AC,offwind-float,0.4724822738805889,0.4004704824787541,0.07201179140183478
new_more,1000,GB1 0AC,offwind-float,0.4655623069715322,0.37580566158633977,0.08975664538519246
new_more,1000,GB1 0AC,offwind-float,0.5156618114972593,0.4289734758241385,0.08668833567312084
new_more,1000,GB1 0AC,offwind-float,0.4911396225386976,0.4197026625379738,0.0714369600007238
new_more,1000,GB1 0AC,offwind-float,0.4860923611751374,0.4147495136048545,0.07134284757028286
new_more,1000,GB1 0AC,offwind-float,0.48012250201108886,0.4085719650163777,0.07155053699471114
new_more,1000,GB1 0AC,offwind-float,0.47335981710442687,0.4003366432020689,0.07302317390235796
new_more,1000,GB1 0AC,offwind-float,0.46642024859351744,0.3726588646417721,0.09376138395174533
new_more,1000,GB1 0AC,offwind-float,0.5062761380567714,0.4081525921767528,0.09812354588001859
new_more,1000,GB1 0AC,offwind-float,0.48220009452419227,0.40336625319883734,0.07883384132535493
new_more,1000,GB1 0AC,offwind-float,0.47725135783335065,0.3983459371953672,0.07890542063798345
new_more,1000,GB1 0AC,offwind-float,0.4714034473991431,0.3929984834820138,0.07840496391712926
new_more,1000,GB1 0AC,offwind-float,0.4647768849599025,0.3856782127907861,0.07909867216911637
new_more,1000,GB1 0AC,offwind-float,0.4579697710387783,0.36427796811276386,0.09369180292601442
new_more,1000,GB1 0AC,offwind-float,0.518206255366028,0.4232315922074042,0.09497466315862385
new_more,1000,GB1 0AC,offwind-float,0.4935632791748136,0.41707286647289005,0.07649041270192353
new_more,1000,GB1 0AC,offwind-float,0.48849112374547615,0.4113332547494809,0.07715786899599525
new_more,1000,GB1 0AC,offwind-float,0.48250548893756773,0.406134147444566,0.07637134149300173
new_more,1000,GB1 0AC,offwind-float,0.4757161080237893,0.3987925277055947,0.07692358031819457
new_more,1000,GB1 0AC,offwind-float,0.4687487784378717,0.3801834523526429,0.08856532608522882
new_more,1000,GB1 0AC,offwind-float,0.5111142659803073,0.4190070480407726,0.09210721793953469
new_more,1000,GB1 0AC,offwind-float,0.4868148452125501,0.4121692537603355,0.07464559145221461
new_more,1000,GB1 0AC,offwind-float,0.4818187481285647,0.4068527827359737,0.07496596539259098
new_more,1000,GB1 0AC,offwind-float,0.47591487202987864,0.40142695439480364,0.07448791763507501
new_more,1000,GB1 0AC,offwind-float,0.46922489207180057,0.3940318117045643,0.07519308036723626
new_more,1000,GB1 0AC,offwind-float,0.4623322652090016,0.38032459446901135,0.08200767073999027
new_more,1000,GB1 0AC,offwind-float,0.511556019554892,0.41775248431730727,0.09380353523758478
new_more,1000,GB1 0AC,offwind-float,0.48722897708565405,0.41192805748756933,0.07530091959808471
new_more,1000,GB1 0AC,offwind-float,0.48221494248566116,0.4054146602845073,0.07680028220115387
new_more,1000,GB1 0AC,offwind-float,0.4763062116933701,0.40097806571855643,0.07532814597481369
new_more,1000,GB1 0AC,offwind-float,0.4696038983234705,0.3944498392688021,0.07515405905466838
new_more,1000,GB1 0AC,offwind-float,0.46272608805119825,0.37616557457784716,0.08656051347335109
new_more,1000,GB1 0AC,offwind-float,0.5108061951047596,0.42078473731740507,0.09002145778735449
new_more,1000,GB1 0AC,offwind-float,0.48652135533554564,0.4124196545528179,0.07410170078272771
new_more,1000,GB1 0AC,offwind-float,0.4815282702877237,0.40816835384966405,0.07335991643805967
new_more,1000,GB1 0AC,offwind-float,0.4756211399497117,0.4016968172421543,0.07392432270755744
new_more,1000,GB1 0AC,offwind-float,0.46893528901101256,0.3930133236985656,0.07592196531244694
new_more,1000,GB1 0AC,offwind-float,0.4620672711787388,0.37704810394677835,0.08501916723196046
new_more,1000,GB1 0AC,offwind-float,0.5033989239437247,0.4043171178080502,0.09908180613567447
new_more,1000,GB1 0AC,offwind-float,0.47945949394040704,0.39982616877619004,0.079633325164217
new_more,1000,GB1 0AC,offwind-float,0.47453888356230967,0.39511103725477703,0.07942784630753263
new_more,1000,GB1 0AC,offwind-float,0.4687242099252989,0.3896052680114311,0.07911894191386781
new_more,1000,GB1 0AC,offwind-float,0.46212852310048885,0.38199204115546803,0.08013648194502082
new_more,1000,GB1 0AC,offwind-float,0.45535343090067887,0.3666019772038406,0.08875145369683829
new_more,1000,GB1 0AC,offwind-float,0.5153743557320577,0.4191569722876697,0.09621738344438802
new_more,1000,GB1 0AC,offwind-float,0.4908726265223256,0.4124753971099996,0.07839722941232602
new_more,1000,GB1 0AC,offwind-float,0.48583488512619855,0.40824181367716733,0.07759307144903121
new_more,1000,GB1 0AC,offwind-float,0.47988179804242426,0.4019211017088248,0.07796069633359948
new_more,1000,GB1 0AC,offwind-float,0.47313605463361413,0.39333752864601673,0.0797985259875974
new_more,1000,GB1 0AC,offwind-float,0.46620651246337447,0.3891432590956327,0.07706325336774178
new_more,1000,GB1 0AC,offwind-float,0.5158016280518029,0.42197773179667764,0.09382389625512522
new_more,1000,GB1 0AC,offwind-float,0.4912599004106907,0.4155303403846098,0.07572956002608089
new_more,1000,GB1 0AC,offwind-float,0.48621138522809926,0.40857438808043095,0.07763699714766831
new_more,1000,GB1 0AC,offwind-float,0.48024687638877434,0.40433380763378135,0.07591306875499299
new_more,1000,GB1 0AC,offwind-float,0.47349600103943495,0.39823695966235095,0.075259041377084
new_more,1000,GB1 0AC,offwind-float,0.46656118710059147,0.3912135588682335,0.07534762823235797
new_more,1000,GB1 0AC,offwind-float,0.4917492671885652,0.39075230602816663,0.10099696116039858
new_more,1000,GB1 0AC,offwind-float,0.46837696123983363,0.38806574688782164,0.080311214352012
new_more,1000,GB1 0AC,offwind-float,0.4635700889900062,0.38234293685795745,0.08122715213204873
new_more,1000,GB1 0AC,offwind-float,0.45788981942996076,0.37805878289409856,0.07983103653586221
new_more,1000,GB1 0AC,offwind-float,0.45144637107501584,0.3717423835737516,0.07970398750126423
new_more,1000,GB1 0AC,offwind-float,0.44483449562116045,0.34761723304685904,0.09721726257430141
new_more,1000,GB1 0AC,offwind-float,0.5104424082742544,0.4122322130148169,0.09821019525943747
new_more,1000,GB1 0AC,offwind-float,0.4861751048188904,0.4074739526818433,0.07870115213704715
new_more,1000,GB1 0AC,offwind-float,0.4811855732806083,0.40195206179629356,0.07923351148431473
new_more,1000,GB1 0AC,offwind-float,0.47528945567173947,0.39694054718208477,0.0783489084896547
new_more,1000,GB1 0AC,offwind-float,0.4685946496880765,0.3897750960499993,0.07881955363807719
new_more,1000,GB1 0AC,offwind-float,0.4617316208532169,0.37191181961098385,0.08981980124223304
new_more,1000,GB1 0AC,offwind-float,0.5181837631853078,0.4234751440217144,0.09470861916359341
new_more,1000,GB1 0AC,offwind-float,0.49354821024557016,0.41653233709347015,0.07701587315210001
new_more,1000,GB1 0AC,offwind-float,0.4884830097935637,0.4118290025923525,0.07665400720121118
new_more,1000,GB1 0AC,offwind-float,0.4824974744084505,0.40578896434519557,0.07670851006325491
new_more,1000,GB1 0AC,offwind-float,0.47571496219182613,0.397616427745466,0.07809853444636011
new_more,1000,GB1 0AC,offwind-float,0.4687476493877429,0.3828057758203546,0.0859418735673883
new_more,1000,GB1 0AC,offwind-float,0.509582885300405,0.41735090241544864,0.09223198288495632
new_more,1000,GB1 0AC,offwind-float,0.4853629669473565,0.40977693630819173,0.07558603063916475
new_more,1000,GB1 0AC,offwind-float,0.48038177024046186,0.4056090904314461,0.07477267980901575
new_more,1000,GB1 0AC,offwind-float,0.4744887274707125,0.3992017824848285,0.07528694498588401
new_more,1000,GB1 0AC,offwind-float,0.46781195918020996,0.3904710728280527,0.07734088635215725
new_more,1000,GB1 0AC,offwind-float,0.46096039361649066,0.3750164132565537,0.08594398035993694
new_more,1000,GB1 0AC,offwind-float,0.5090996241239935,0.4179015278720045,0.09119809625198894
new_more,1000,GB1 0AC,offwind-float,0.48488926989832914,0.41098249978066126,0.07390677011766789
new_more,1000,GB1 0AC,offwind-float,0.4799061436089852,0.40554614768554,0.07435999592344522
new_more,1000,GB1 0AC,offwind-float,0.47402570325279203,0.40019474591600085,0.07383095733679118
new_more,1000,GB1 0AC,offwind-float,0.4673554823829444,0.3927037474067174,0.07465173497622701
new_more,1000,GB1 0AC,offwind-float,0.4605106023702107,0.3866956435244383,0.07381495884577238
new_more,1000,GB1 0AC,offwind-float,0.5059955156728894,0.4064460695523825,0.09954944612050687
new_more,1000,GB1 0AC,offwind-float,0.48194610108279484,0.40198708421265494,0.0799590168701399
new_more,1000,GB1 0AC,offwind-float,0.4769999710829864,0.39718903108951675,0.07981093999346967
new_more,1000,GB1 0AC,offwind-float,0.47115514096940325,0.3916847388124822,0.07947040215692103
new_more,1000,GB1 0AC,offwind-float,0.46453206899691635,0.38412289017191426,0.08040917882500209
new_more,1000,GB1 0AC,offwind-float,0.4577149814155682,0.37486636340347446,0.08284861801209376
new_more,1000,GB1 0AC,offwind-float,0.5124958530910984,0.4190192605426801,0.09347659254841822
new_more,1000,GB1 0AC,offwind-float,0.48812401236891706,0.41118903554660274,0.07693497682231432
new_more,1000,GB1 0AC,offwind-float,0.48311447952742204,0.4072827295264122,0.07583175000100983
new_more,1000,GB1 0AC,offwind-float,0.47719472642588845,0.4006774446115181,0.07651728181437034
new_more,1000,GB1 0AC,offwind-float,0.4704867554346198,0.3918230854745027,0.07866366996011714
new_more,1000,GB1 0AC,offwind-float,0.4635960148529321,0.3868944172116227,0.0767015976413094
new_more,1000,GB1 0AC,offwind-float,0.5158364250169956,0.4184906888368604,0.09734573618013515
new_more,1000,GB1 0AC,offwind-float,0.4913124334531911,0.41288513563273616,0.07842729782045493
new_more,1000,GB1 0AC,offwind-float,0.48626337329820074,0.40577594245618764,0.0804874308420131
new_more,1000,GB1 0AC,offwind-float,0.4803050358145882,0.40172811544605813,0.07857692036853009
new_more,1000,GB1 0AC,offwind-float,0.4735465772124453,0.39614089574302147,0.07740568146942384
new_more,1000,GB1 0AC,offwind-float,0.466611022535879,0.3870970523292452,0.07951397020663381
new_more,1000,GB1 0AC,offwind-float,0.5002093096828014,0.3990699572641638,0.10113935241863764
new_more,1000,GB1 0AC,offwind-float,0.4764212715483657,0.39598217166882166,0.08043909987954406
new_more,1000,GB1 0AC,offwind-float,0.47151823737711995,0.3898016428767444,0.08171659450037555
new_more,1000,GB1 0AC,offwind-float,0.46572020265528574,0.38557420199905357,0.08014600065623217
new_more,1000,GB1 0AC,offwind-float,0.4591735301200339,0.37933111116192936,0.07984241895810457
new_more,1000,GB1 0AC,offwind-float,0.45244167631157495,0.3723141533797807,0.08012752293179426
new_more,1000,GB1 0AC,offwind-float,0.5131052649063724,0.41512805570319206,0.09797720920318037
new_more,1000,GB1 0AC,offwind-float,0.4887111803412979,0.41028152586882954,0.07842965447246836
new_more,1000,GB1 0AC,offwind-float,0.48368882068239333,0.40449597513768487,0.07919284554470846
new_more,1000,GB1 0AC,offwind-float,0.4777552027388933,0.39953051388689276,0.07822468885200057
new_more,1000,GB1 0AC,offwind-float,0.47103250881152464,0.39251745545187916,0.07851505335964548
new_more,1000,GB1 0AC,offwind-float,0.4641337751356672,0.3780223415034792,0.08611143363218804
new_more,1000,GB1 0AC,offwind-float,0.5143247019759846,0.41915796884692363,0.09516673312906093
new_more,1000,GB1 0AC,offwind-float,0.4898658409921869,0.41325446806481536,0.07661137292737152
new_more,1000,GB1 0AC,offwind-float,0.48483843206291205,0.40713590028665164,0.07770253177626041
new_more,1000,GB1 0AC,offwind-float,0.47889755483076063,0.4024131583338927,0.07648439649686795
new_more,1000,GB1 0AC,offwind-float,0.4721656470210185,0.3956433765715221,0.07652227044949639
new_more,1000,GB1 0AC,offwind-float,0.4652434719406569,0.3835401238665406,0.08170334807411628
new_more,1000,GB1 0AC,offwind-float,0.5090532969931468,0.4079994330446813,0.10105386394846555
new_more,1000,GB1 0AC,offwind-float,0.484852019376918,0.4044074192580099,0.08044460011890814
new_more,1000,GB1 0AC,offwind-float,0.47987606643711855,0.39800716181686413,0.08186890462025442
new_more,1000,GB1 0AC,offwind-float,0.4739892022415903,0.39369453091170825,0.08029467132988205
new_more,1000,GB1 0AC,offwind-float,0.4673262916041968,0.38728742144976064,0.08003887015443617
new_more,1000,GB1 0AC,offwind-float,0.460481839119085,0.36755476398723014,0.09292707513185489
new_more,1000,GB1 0AC,offwind-float,0.5083082064658381,0.41686302460188485,0.09144518186395323
new_more,1000,GB1 0AC,offwind-float,0.4841423149055383,0.409689794413932,0.07445252049160628
new_more,1000,GB1 0AC,offwind-float,0.4791736455407464,0.4049027265441134,0.07427091899663296
new_more,1000,GB1 0AC,offwind-float,0.4732953691318502,0.3990444646676889,0.07425090446416133
new_more,1000,GB1 0AC,offwind-float,0.4666286311998115,0.391033209162531,0.07559542203728054
new_more,1000,GB1 0AC,offwind-float,0.45978762779906346,0.3856981107279765,0.07408951707108696
new_more,1000,GB1 0AC,offwind-float,0.5094031199155662,0.4160592914393911,0.09334382847617512
new_more,1000,GB1 0AC,offwind-float,0.48517807068532537,0.4097143017557263,0.07546376892959905
new_more,1000,GB1 0AC,offwind-float,0.4801987715369884,0.40464474172954745,0.07555402980744097
new_more,1000,GB1 0AC,offwind-float,0.4743079652423958,0.3990534140150917,0.07525455122730412
new_more,1000,GB1 0AC,offwind-float,0.4676338130071442,0.39130336992443887,0.07633044308270531
new_more,1000,GB1 0AC,offwind-float,0.46078485656908047,0.3766364516543412,0.0841484049147393
new_more,1000,GB1 0AC,offwind-float,0.5101551622494134,0.41200134986848075,0.09815381238093263
new_more,1000,GB1 0AC,offwind-float,0.48589467370068085,0.40287910072648947,0.08301557297419138
new_more,1000,GB1 0AC,offwind-float,0.4809012051415613,0.40097196507439736,0.07992924006716395
new_more,1000,GB1 0AC,offwind-float,0.47500857198460705,0.39266314771973354,0.08234542426487351
new_more,1000,GB1 0AC,offwind-float,0.4683313319712022,0.3819061766224564,0.08642515534874579
new_more,1000,GB1 0AC,offwind-float,0.46147215968290123,0.3813463462713007,0.08012581341160052
new_more,1000,GB1 0AC,offwind-float,0.5110956355845224,0.41682872188449693,0.09426691370002549
new_more,1000,GB1 0AC,offwind-float,0.48680381786156424,0.4106773941540568,0.07612642370750744
new_more,1000,GB1 0AC,offwind-float,0.4818009906103372,0.4054645479215723,0.07633644268876488
new_more,1000,GB1 0AC,offwind-float,0.47589733210008633,0.39996057809677865,0.07593675400330768
new_more,1000,GB1 0AC,offwind-float,0.46920759870244516,0.3924118829475776,0.07679571575486754
new_more,1000,GB1 0AC,offwind-float,0.46232878609659195,0.3867879477737242,0.07554083832286773
new_more,1000,GB1 0AC,offwind-float,0.5029088988052641,0.4009308572846774,0.1019780415205867
new_more,1000,GB1 0AC,offwind-float,0.478992772467087,0.3968420364100735,0.08215073605701351
new_more,1000,GB1 0AC,offwind-float,0.4740769519712513,0.39246972300211297,0.08160722896913836
new_more,1000,GB1 0AC,offwind-float,0.46826793852677207,0.38676143646129457,0.08150650206547749
new_more,1000,GB1 0AC,offwind-float,0.46168545222960505,0.3789492945841677,0.08273615764543735
new_more,1000,GB1 0AC,offwind-float,0.45492361537680254,0.3548826308766236,0.10004098450017895
new_more,1000,GB1 0AC,offwind-float,0.5139956835370677,0.4169977170565992,0.09699796648046849
new_more,1000,GB1 0AC,offwind-float,0.4895593770641714,0.40890907153453737,0.08065030552963404
new_more,1000,GB1 0AC,offwind-float,0.4845282916427044,0.4060050386149055,0.07852325302779889
new_more,1000,GB1 0AC,offwind-float,0.4785912146583043,0.39853236711711515,0.08005884754118914
new_more,1000,GB1 0AC,offwind-float,0.471863613101076,0.38861636563166946,0.08324724746940654
new_more,1000,GB1 0AC,offwind-float,0.46494594840735787,0.385584691407793,0.07936125699956487
new_more,1000,GB1 0AC,offwind-float,0.5091910420463579,0.4091450736143538,0.10004596843200408
new_more,1000,GB1 0AC,offwind-float,0.4849830423691027,0.4032849724134089,0.08169806995569384
new_more,1000,GB1 0AC,offwind-float,0.4800057447628542,0.39966793029021574,0.08033781447263844
new_more,1000,GB1 0AC,offwind-float,0.4741240839625127,0.3931110893842857,0.08101299457822703
new_more,1000,GB1 0AC,offwind-float,0.46745927728012726,0.38415548637824454,0.08330379090188272
new_more,1000,GB1 0AC,offwind-float,0.46059931267876214,0.3795315713837678,0.08106774129499433
new_more,1000,GB1 0AC,offwind-float,0.5124672421067348,0.4164523622204949,0.09601487988623986
new_more,1000,GB1 0AC,offwind-float,0.4880901365645135,0.40914897587201865,0.07894116069249485
new_more,1000,GB1 0AC,offwind-float,0.48308095138457663,0.4055092964032187,0.07757165498135793
new_more,1000,GB1 0AC,offwind-float,0.47716160911388333,0.39876222948773304,0.07839937962615029
new_more,1000,GB1 0AC,offwind-float,0.47045410365577317,0.3896666444273045,0.0807874592284687
new_more,1000,GB1 0AC,offwind-float,0.463563841291453,0.37764388531906706,0.08591995597238594
new_more,1000,GB1 0AC,offwind-float,0.5074907410628965,0.41377810095049256,0.09371264011240393
new_more,1000,GB1 0AC,offwind-float,0.48335661418263376,0.40763717820458945,0.07571943597804431
new_more,1000,GB1 0AC,offwind-float,0.4783960083293169,0.40258171679930244,0.07581429153001445
new_more,1000,GB1 0AC,offwind-float,0.47252726344535506,0.3970654663307604,0.07546179711459466
new_more,1000,GB1 0AC,offwind-float,0.4658781450802608,0.3892856574058282,0.07659248767443261
new_more,1000,GB1 0AC,offwind-float,0.45905490212316546,0.3696824086483585,0.08937249347480697
new_more,1000,GB1 0AC,offwind-float,0.5096990240914319,0.4112559872618552,0.09844303682957667
new_more,1000,GB1 0AC,offwind-float,0.4854534734760543,0.40288504206327264,0.08256843141278164
new_more,1000,GB1 0AC,offwind-float,0.4804577399626108,0.40071296756145225,0.07974477240115857
new_more,1000,GB1 0AC,offwind-float,0.47457054072345395,0.39272135711334516,0.08184918361010879
new_more,1000,GB1 0AC,offwind-float,0.46789267933990564,0.3821106857746683,0.08578199356523736
new_more,1000,GB1 0AC,offwind-float,0.4610331270770482,0.3812890617632563,0.07974406531379191
new_more,1000,GB1 0AC,offwind-float,0.5057624324879035,0.4025914167310075,0.10317101575689602
new_more,1000,GB1 0AC,offwind-float,0.4817240960871923,0.3993278388815977,0.08239625720559463
new_more,1000,GB1 0AC,offwind-float,0.47678024448649614,0.39353754734096125,0.0832426971455349
new_more,1000,GB1 0AC,offwind-float,0.470938106751751,0.3889899460918031,0.08194816065994792
new_more,1000,GB1 0AC,offwind-float,0.4643180856496019,0.38242822864221865,0.08188985700738327
new_more,1000,GB1 0AC,offwind-float,0.45751769129494746,0.362173804721524,0.09534388657342346
new_more,1000,GB1 0AC,offwind-float,0.508494559541907,0.41386295091152797,0.09463160863037906
new_more,1000,GB1 0AC,offwind-float,0.48431961096933696,0.4062327745022145,0.07808683646712244
new_more,1000,GB1 0AC,offwind-float,0.4793491220455155,0.4027905160662494,0.07655860597926611
new_more,1000,GB1 0AC,offwind-float,0.47347550704908214,0.3959167930767717,0.07755871397231046
new_more,1000,GB1 0AC,offwind-float,0.46681981747315227,0.3866325469649675,0.08018727050818475
new_more,1000,GB1 0AC,offwind-float,0.45998278279908,0.38316715669470536,0.07681562610437465
new_more,1000,GB1 0AC,offwind-float,0.5050532381670448,0.41334400706827823,0.09170923109876661
new_more,1000,GB1 0AC,offwind-float,0.48104202564836207,0.4064328327128348,0.07460919293552726
new_more,1000,GB1 0AC,offwind-float,0.47610517401934727,0.40185868621766546,0.0742464878016818
new_more,1000,GB1 0AC,offwind-float,0.4702645250731226,0.3958542761087817,0.0744102489643409
new_more,1000,GB1 0AC,offwind-float,0.4636539725717568,0.3877069818891842,0.0759469906825726
new_more,1000,GB1 0AC,offwind-float,0.45686330480532933,0.3744532111299316,0.08241009367539776
new_more,1000,GB1 0AC,offwind-float,0.5110725189837623,0.41356325711568476,0.09750926186807751
new_more,1000,GB1 0AC,offwind-float,0.4867682560608795,0.4072874548357693,0.0794808012251102
new_more,1000,GB1 0AC,offwind-float,0.48177263711335,0.40335606197874385,0.07841657513460615
new_more,1000,GB1 0AC,offwind-float,0.4758625507854696,0.39681653652586363,0.07904601425960595
new_more,1000,GB1 0AC,offwind-float,0.46917330631202764,0.3880074233183723,0.08116588299365535
new_more,1000,GB1 0AC,offwind-float,0.46230180248263214,0.3787771688473456,0.08352463363528656
new_more,1000,GB1 0AC,offwind-float,0.5100964338965853,0.4096289543669656,0.10046747952961971
new_more,1000,GB1 0AC,offwind-float,0.4858387473463891,0.40316496145799463,0.08267378588839447
new_more,1000,GB1 0AC,offwind-float,0.4808458201655869,0.399977679859393,0.08086814030619394
new_more,1000,GB1 0AC,offwind-float,0.47495386565809805,0.39292631857274646,0.0820275470853516
new_more,1000,GB1 0AC,offwind-float,0.4682773946566521,0.3834476776431405,0.08482971701351155
new_more,1000,GB1 0AC,offwind-float,0.4614122471845551,0.3806207242492182,0.08079152293533687
new_more,1000,GB1 0AC,offwind-float,0.5041639094089816,0.4101770578047617,0.09398685160421988
new_more,1000,GB1 0AC,offwind-float,0.4801814905362569,0.4040735560722949,0.07610793446396202
new_more,1000,GB1 0AC,offwind-float,0.4752466741692782,0.3993424820475164,0.0759041921217618
new_more,1000,GB1 0AC,offwind-float,0.4694233277521741,0.39346598968052915,0.07595733807164495
new_more,1000,GB1 0AC,offwind-float,0.46282460004038456,0.3854616255265124,0.07736297451387214
new_more,1000,GB1 0AC,offwind-float,0.45604607924917634,0.3684771967180488,0.08756888253112755
new_more,1000,GB1 0AC,offwind-float,0.5077787826134994,0.40557434507753926,0.10220443753596015
new_more,1000,GB1 0AC,offwind-float,0.48363798972826344,0.40158994421677324,0.0820480455114902
new_more,1000,GB1 0AC,offwind-float,0.4786744961660839,0.39678415849481313,0.08189033767127074
new_more,1000,GB1 0AC,offwind-float,0.47280914757194514,0.3913050448346424,0.08150410273730274
new_more,1000,GB1 0AC,offwind-float,0.4661628250736356,0.3838252083042051,0.08233761676943052
new_more,1000,GB1 0AC,offwind-float,0.45932857938509725,0.3228835127443814,0.13644506664071587
new_more,1000,GB1 0AC,offwind-float,0.5087241920722718,0.4058085984207258,0.10291559365154601
new_more,1000,GB1 0AC,offwind-float,0.4845180808002114,0.40130386147853614,0.08321421932167528
new_more,1000,GB1 0AC,offwind-float,0.4795455550146281,0.39706612339351743,0.08247943162111065
new_more,1000,GB1 0AC,offwind-float,0.4736627020206008,0.39107823181018936,0.08258447021041143
new_more,1000,GB1 0AC,offwind-float,0.4669975732132326,0.38271422908543945,0.08428334412779315
new_more,1000,GB1 0AC,offwind-float,0.46015793513177927,0.3732132094574949,0.08694472567428435
new_more,1000,GB1 0AC,offwind-float,0.5094257524668285,0.4107226865720664,0.09870306589476213
new_more,1000,GB1 0AC,offwind-float,0.48521330246585703,0.4049060344134927,0.08030726805236432
new_more,1000,GB1 0AC,offwind-float,0.48023364173981203,0.4008879346206857,0.07934570711912631
new_more,1000,GB1 0AC,offwind-float,0.47434918844640034,0.3946043858367377,0.07974480260966266
new_more,1000,GB1 0AC,offwind-float,0.46768121744918834,0.3860082773848678,0.08167294006432052
new_more,1000,GB1 0AC,offwind-float,0.46083156672651676,0.38095718175960847,0.0798743849669083
new_more,1000,GB1 0AC,offwind-float,0.5084411445017172,0.41212333735451284,0.09631780714720434
new_more,1000,GB1 0AC,offwind-float,0.48426885098392686,0.4065336360126923,0.07773521497123453
new_more,1000,GB1 0AC,offwind-float,0.47929888300111123,0.4017091092944348,0.07758977370667641
new_more,1000,GB1 0AC,offwind-float,0.4734191142045424,0.3960387241085817,0.0773803900959607
new_more,1000,GB1 0AC,offwind-float,0.4667505699416522,0.388097734639586,0.07865283530206618
new_more,1000,GB1 0AC,offwind-float,0.4599145494656842,0.3824922193226494,0.07742233014303485
new_more,1000,GB1 0AC,offwind-float,0.5029220752151857,0.41105887617319103,0.09186319904199469
new_more,1000,GB1 0AC,offwind-float,0.4790119135505568,0.4036140403269902,0.07539787322356656
new_more,1000,GB1 0AC,offwind-float,0.47409589661307144,0.39959953981647917,0.07449635679659228
new_more,1000,GB1 0AC,offwind-float,0.46828665103395956,0.3932887339430473,0.07499791709091225
new_more,1000,GB1 0AC,offwind-float,0.46170390169332537,0.3846130111480465,0.07709089054527885
new_more,1000,GB1 0AC,offwind-float,0.45494179463000795,0.36902156136594483,0.08592023326406312
new_more,1000,GB1 0AC,offwind-float,0.5094274544416169,0.4071040373125845,0.10232341712903237
new_more,1000,GB1 0AC,offwind-float,0.4852083855540631,0.40304232356289615,0.08216606199116694
new_more,1000,GB1 0AC,offwind-float,0.4802287752894388,0.39825313247148664,0.08197564281795217
new_more,1000,GB1 0AC,offwind-float,0.4743443816261684,0.3927253730586038,0.0816190085675646
new_more,1000,GB1 0AC,offwind-float,0.467676478198879,0.3851484388224681,0.0825280393764109
new_more,1000,GB1 0AC,offwind-float,0.46082005731101094,0.35524231949651736,0.10557773781449359
new_more,1000,GB1 0AC,offwind-float,0.5053657781814518,0.40988064196814944,0.09548513621330235
new_more,1000,GB1 0AC,offwind-float,0.4813327262934889,0.40457216763994747,0.07676055865354142
new_more,1000,GB1 0AC,offwind-float,0.4763860743872329,0.3990955060410302,0.07729056834620268
new_more,1000,GB1 0AC,offwind-float,0.47054197463929837,0.3940314560570129,0.07651051858228547
new_more,1000,GB1 0AC,offwind-float,0.4639206797278564,0.38686455998824987,0.07705611973960652
new_more,1000,GB1 0AC,offwind-float,0.45712610577320417,0.37891845338389374,0.07820765238931043
new_more,1000,GB1 0AC,offwind-float,0.5069431468510022,0.40948417972216544,0.09745896712883673
new_more,1000,GB1 0AC,offwind-float,0.48282868867033324,0.4007410527989954,0.08208763587133783
new_more,1000,GB1 0AC,offwind-float,0.47787350082581065,0.3987491545376827,0.07912434628812792
new_more,1000,GB1 0AC,offwind-float,0.47201796707856813,0.39070465015038447,0.08131331692818367
new_more,1000,GB1 0AC,offwind-float,0.46537592458367805,0.3800814616419532,0.08529446294172482
new_more,1000,GB1 0AC,offwind-float,0.458546416984045,0.3789844750145879,0.07956194196945715
new_more,1000,GB1 0AC,offwind-float,0.5009498518811895,0.40708892001204083,0.09386093186914862
new_more,1000,GB1 0AC,offwind-float,0.477126863609861,0.39902099367469707,0.07810586993516394
new_more,1000,GB1 0AC,offwind-float,0.4722301926159196,0.39607063887403987,0.07615955374187972
new_more,1000,GB1 0AC,offwind-float,0.466443808092503,0.38893523996581164,0.07750856812669138
new_more,1000,GB1 0AC,offwind-float,0.4598869637678051,0.3794392895157832,0.08044767425202187
new_more,1000,GB1 0AC,offwind-float,0.4531514675447572,0.3637585944033089,0.08939287314144834
new_more,1000,GB1 0AC,offwind-float,0.5092549048404463,0.40882078828400203,0.1004341165564443
new_more,1000,GB1 0AC,offwind-float,0.4850438731238178,0.40417281965954427,0.08087105346427353
new_more,1000,GB1 0AC,offwind-float,0.4800591577307442,0.399701773117927,0.08035738461281722
new_more,1000,GB1 0AC,offwind-float,0.47417684244457015,0.3937423646531986,0.08043447779137153
new_more,1000,GB1 0AC,offwind-float,0.4675112941312579,0.3855591670200525,0.08195212711120542
new_more,1000,GB1 0AC,offwind-float,0.460664132102453,0.374229917760924,0.08643421434152898
new_more,1000,GB1 0AC,offwind-float,0.5028660672447626,0.40687619604409936,0.09598987120066321
new_more,1000,GB1 0AC,offwind-float,0.4789388217295522,0.4004419229629905,0.07849689876656168
new_more,1000,GB1 0AC,offwind-float,0.47402355492086307,0.39663127952213145,0.07739227539873161
new_more,1000,GB1 0AC,offwind-float,0.4682151957671741,0.39026917026033303,0.07794602550684104
new_more,1000,GB1 0AC,offwind-float,0.4616334508799218,0.3815357411951509,0.08009770968477092
new_more,1000,GB1 0AC,offwind-float,0.454872375637954,0.37596855555420117,0.07890382008375285
new_more,1000,GB1 0AC,offwind-float,0.5102190418711927,0.4095413678807553,0.10067767399043742
new_more,1000,GB1 0AC,offwind-float,0.48596219095243254,0.4024143222274623,0.08354786872497022
new_more,1000,GB1 0AC,offwind-float,0.48096800463946354,0.3997239255002033,0.08124407913926024
new_more,1000,GB1 0AC,offwind-float,0.47507455296732987,0.39227098328451254,0.08280356968281732
new_more,1000,GB1 0AC,offwind-float,0.4683828355644114,0.38221960386786347,0.08616323169654794
new_more,1000,GB1 0AC,offwind-float,0.46152290895540804,0.37216100100162464,0.0893619079537834
new_more,1000,GB1 0AC,offwind-float,0.5002172246495149,0.4071729791150888,0.09304424553442608
new_more,1000,GB1 0AC,offwind-float,0.47644244592503376,0.4011916211003576,0.07525082482467615
new_more,1000,GB1 0AC,offwind-float,0.4715527989921561,0.39618053741403236,0.07537226157812371
new_more,1000,GB1 0AC,offwind-float,0.46577471478507276,0.39081279000050007,0.0749619247845727
new_more,1000,GB1 0AC,offwind-float,0.4592272759677036,0.3834162373864005,0.07581103858130306
new_more,1000,GB1 0AC,offwind-float,0.4525014415203442,0.36668492775936534,0.08581651376097887
new_more,1000,GB1 0AC,offwind-float,0.5036921154180476,0.40643701345858124,0.09725510195946635
new_more,1000,GB1 0AC,offwind-float,0.47974556717193095,0.3978157947923936,0.08192977237953736
new_more,1000,GB1 0AC,offwind-float,0.4748220208734279,0.3958415891415764,0.07898043173185149
new_more,1000,GB1 0AC,offwind-float,0.46900387786622294,0.3878482781269089,0.08115559973931402
new_more,1000,GB1 0AC,offwind-float,0.4624110464007902,0.37734761918788495,0.08506342721290527
new_more,1000,GB1 0AC,offwind-float,0.4556385825087704,0.3719223590945664,0.08371622341420398
new_more,1000,GB1 0AC,offwind-float,0.5076288536935843,0.4087514972901839,0.09887735640340045
new_more,1000,GB1 0AC,offwind-float,0.48350180833007633,0.4005657718462118,0.08293603648386455
new_more,1000,GB1 0AC,offwind-float,0.47853971237417986,0.39850188664483827,0.0800378257293416
new_more,1000,GB1 0AC,offwind-float,0.472662406254897,0.3904627987672654,0.08219960748763161
new_more,1000,GB1 0AC,offwind-float,0.46601135895995016,0.3798742769580874,0.08613708200186276
new_more,1000,GB1 0AC,offwind-float,0.45918616495476217,0.37448898874318653,0.08469717621157563
new_more,1000,GB1 0AC,offwind-float,0.4986877650675795,0.4038864979527267,0.09480126711485282
new_more,1000,GB1 0AC,offwind-float,0.47495873349649753,0.3982067419623717,0.07675199153412582
new_more,1000,GB1 0AC,offwind-float,0.47007751354604355,0.39363303203505984,0.07644448151098371
new_more,1000,GB1 0AC,offwind-float,0.4643175064738119,0.3879249845705761,0.07639252190323581
new_more,1000,GB1 0AC,offwind-float,0.4577905517702414,0.38002612812823267,0.07776442364200875
new_more,1000,GB1 0AC,offwind-float,0.45108575955970964,0.36787470329080324,0.0832110562689064
new_more,1000,GB1 0AC,offwind-float,0.4999211762932733,0.4042010565471895,0.0957201197460838
new_more,1000,GB1 0AC,offwind-float,0.47615372570850717,0.3990530418581665,0.07710068385034069
new_more,1000,GB1 0AC,offwind-float,0.4712670418615871,0.39405237155356765,0.07721467030801943
new_more,1000,GB1 0AC,offwind-float,0.46549245912616655,0.3887956127009431,0.07669684642522345
new_more,1000,GB1 0AC,offwind-float,0.4589489880030473,0.3815036050277793,0.07744538297526798
new_more,1000,GB1 0AC,offwind-float,0.4522204284877396,0.36907214442645475,0.08314828406128483
new_more,1000,GB1 0AC,offwind-float,0.4975026311589323,0.40372402202187224,0.09377860913706004
new_more,1000,GB1 0AC,offwind-float,0.47382353435480984,0.39807976009337864,0.0757437742614312
new_more,1000,GB1 0AC,offwind-float,0.4689607648612457,0.39339168695297844,0.07556907790826728
new_more,1000,GB1 0AC,offwind-float,0.46321444166058223,0.3878845859371275,0.07532985572345474
new_more,1000,GB1 0AC,offwind-float,0.45669616092470544,0.3799683570259546,0.07672780389875083
new_more,1000,GB1 0AC,offwind-float,0.450007397142869,0.355549236041271,0.09445816110159805
new_more,1000,GB1 0AC,offwind-float,0.4976491939426612,0.4029475097321249,0.09470168421053632
new_more,1000,GB1 0AC,offwind-float,0.47398986023273165,0.3961293521775384,0.07786050805519323
new_more,1000,GB1 0AC,offwind-float,0.46911855457174373,0.39271357715757726,0.07640497741416646
new_more,1000,GB1 0AC,offwind-float,0.4633634848138521,0.3860135472151002,0.07734993759875192
new_more,1000,GB1 0AC,offwind-float,0.45684994088216496,0.37693417363359544,0.07991576724856952
new_more,1000,GB1 0AC,offwind-float,0.45015212434017365,0.366198457176829,0.08395366716334468
new_more,1000,GB1 0AC,offwind-float,0.5084999749100011,0.4071502963188921,0.101349678591109
new_more,1000,GB1 0AC,offwind-float,0.4843315261058637,0.40290350437788885,0.08142802172797486
new_more,1000,GB1 0AC,offwind-float,0.4793609148990441,0.3980278198667923,0.08133309503225178
new_more,1000,GB1 0AC,offwind-float,0.47348715540108116,0.3925992360490603,0.08088791935202089
new_more,1000,GB1 0AC,offwind-float,0.4668313020831757,0.38513812430894284,0.08169317777423285
new_more,1000,GB1 0AC,offwind-float,0.459994099205711,0.3712762971711717,0.08871780203453927
new_more,1000,GB1 0AC,offwind-float,0.5064165836382393,0.4061398384575907,0.10027674518064855
new_more,1000,GB1 0AC,offwind-float,0.4823271755088304,0.4020243659934227,0.08030280951540769
new_more,1000,GB1 0AC,offwind-float,0.47737713460768566,0.3969221544782872,0.08045498012939845
new_more,1000,GB1 0AC,offwind-float,0.47152768299125014,0.39171444959659185,0.07981323339465829
new_more,1000,GB1 0AC,offwind-float,0.464899374160648,0.38445726713432005,0.08044210702632798
new_more,1000,GB1 0AC,offwind-float,0.45809046626488664,0.37872849381445206,0.07936197245043458
new_more,1000,GB1 0AC,offwind-float,0.49651045079296446,0.4038570264990652,0.09265342429389928
new_more,1000,GB1 0AC,offwind-float,0.4728920103476937,0.39745864292421706,0.07543336742347662
new_more,1000,GB1 0AC,offwind-float,0.46803880092490685,0.39324574206251667,0.07479305886239018
new_more,1000,GB1 0AC,offwind-float,0.46230377483725255,0.38732480287670396,0.07497897196054859
new_more,1000,GB1 0AC,offwind-float,0.45580512734802064,0.3790707633703927,0.07673436397762795
new_more,1000,GB1 0AC,offwind-float,0.4491294136279674,0.35778397511227694,0.09134543851569044
new_more,1000,GB1 0AC,offwind-float,0.5002779559029052,0.40377555325965836,0.09650240264324689
new_more,1000,GB1 0AC,offwind-float,0.4764934955302091,0.3985331864387928,0.07796030909141627
new_more,1000,GB1 0AC,offwind-float,0.4716033246840077,0.3940132907503844,0.07759003393362329
new_more,1000,GB1 0AC,offwind-float,0.465817828616978,0.3883325633827712,0.07748526523420679
new_more,1000,GB1 0AC,offwind-float,0.4592629976685664,0.3803835500063527,0.07887944766221366
new_more,1000,GB1 0AC,offwind-float,0.4525298266257146,0.3703508926530473,0.08217893397266729
new_more,1000,GB1 0AC,offwind-float,0.5051009169177374,0.406492566697109,0.09860835022062842
new_more,1000,GB1 0AC,offwind-float,0.4810940216300636,0.4005215828693364,0.08057243876072717
new_more,1000,GB1 0AC,offwind-float,0.4761566363752254,0.39688625120753945,0.07927038516768592
new_more,1000,GB1 0AC,offwind-float,0.47031532265359866,0.3903552077882101,0.07996011486538857
new_more,1000,GB1 0AC,offwind-float,0.46369721098791006,0.381241189664714,0.08245602132319607
new_more,1000,GB1 0AC,offwind-float,0.45690590995241515,0.37358035867329537,0.08332555127911978
new_more,1000,GB1 0AC,offwind-float,0.5085308184107132,0.4062564288311314,0.10227438957958185
new_more,1000,GB1 0AC,offwind-float,0.48435410367395854,0.40281237607868126,0.08154172759527728
new_more,1000,GB1 0AC,offwind-float,0.47937648137165007,0.39626174942112147,0.0831147319505286
new_more,1000,GB1 0AC,offwind-float,0.4734889556612926,0.3921341173544709,0.08135483830682172
new_more,1000,GB1 0AC,offwind-float,0.46683307703696064,0.38604619392664963,0.08078688311031101
new_more,1000,GB1 0AC,offwind-float,0.4599958481635546,0.37348964396278544,0.08650620420076915
new_more,1000,GB1 0AC,offwind-float,0.4973286141346268,0.40235401851162605,0.09497459562300076
new_more,1000,GB1 0AC,offwind-float,0.4736710485714167,0.3915358394558332,0.08213520911558347
new_more,1000,GB1 0AC,offwind-float,0.4688098440132387,0.3905291821631531,0.07828066185008564
new_more,1000,GB1 0AC,offwind-float,0.4630653700930168,0.38172993925886733,0.08133543083414946
new_more,1000,GB1 0AC,offwind-float,0.45655601678789925,0.3703595124971765,0.08619650429072273
new_more,1000,GB1 0AC,offwind-float,0.4498693055545769,0.37337844451624647,0.07649086103833042
new_more,1000,GB1 0AC,offwind-float,0.5061967491183159,0.405891274118655,0.10030547499966092
new_more,1000,GB1 0AC,offwind-float,0.48213100330228337,0.3993233854823625,0.08280761781992085
new_more,1000,GB1 0AC,offwind-float,0.47718297568277684,0.3964839481382685,0.08069902754450836
new_more,1000,GB1 0AC,offwind-float,0.47133590315648793,0.3893249652492323,0.08201093790725561
new_more,1000,GB1 0AC,offwind-float,0.4647102901929965,0.37968333507777324,0.08502695511522324
new_more,1000,GB1 0AC,offwind-float,0.4579041516176339,0.3776986051992026,0.0802055464184313
new_more,1000,GB1 0AC,offwind-float,0.4962862202826031,0.40179674453310854,0.09448947574949457
new_more,1000,GB1 0AC,offwind-float,0.4726982779051786,0.3969251564351736,0.07577312147000498
new_more,1000,GB1 0AC,offwind-float,0.46784705672515103,0.39103650527106193,0.0768105514540891
new_more,1000,GB1 0AC,offwind-float,0.46210760572225323,0.38651270583198694,0.0755948998902663
new_more,1000,GB1 0AC,offwind-float,0.4556117158006557,0.3800441786693801,0.07556753713127556
new_more,1000,GB1 0AC,offwind-float,0.44893883478265606,0.35692166265758296,0.0920171721250731
new_more,1000,GB1 0AC,offwind-float,0.5015354682674995,0.404008392803595,0.09752707546390449
new_more,1000,GB1 0AC,offwind-float,0.4776912561378517,0.39914410544463047,0.07854715069322121
new_more,1000,GB1 0AC,offwind-float,0.47278198756297685,0.39440207987092074,0.0783799076920561
new_more,1000,GB1 0AC,offwind-float,0.4669888417231692,0.3888160947673932,0.07817274695577597
new_more,1000,GB1 0AC,offwind-float,0.4604243358096453,0.38107413296114573,0.07935020284849958
new_more,1000,GB1 0AC,offwind-float,0.4536741739429493,0.36319842575610795,0.09047574818684134
new_more,1000,GB1 0AC,offwind-float,0.5083735799686769,0.40504806909510943,0.1033255108735675
new_more,1000,GB1 0AC,offwind-float,0.4842045094506085,0.4007715778280088,0.08343293162259968
new_more,1000,GB1 0AC,offwind-float,0.4792352017938904,0.3937749512690266,0.08546025052486378
new_more,1000,GB1 0AC,offwind-float,0.4733561629263479,0.3899533198475403,0.08340284307880763
new_more,1000,GB1 0AC,offwind-float,0.4667021509819362,0.3850289560029337,0.0816731949790025
new_more,1000,GB1 0AC,offwind-float,0.45984654678743725,0.3623688710558446,0.09747767573159266
new_more,1000,GB1 0AC,offwind-float,0.4942261556397318,0.40121866410717877,0.09300749153255305
new_more,1000,GB1 0AC,offwind-float,0.4707293326617706,0.3901631965458087,0.08056613611596186
new_more,1000,GB1 0AC,offwind-float,0.46589147922807084,0.3892672322781776,0.07662424694989323
new_more,1000,GB1 0AC,offwind-float,0.46017593930700146,0.3802966511725193,0.07987928813448214
new_more,1000,GB1 0AC,offwind-float,0.45370720300123557,0.36860259173863646,0.0851046112625991
new_more,1000,GB1 0AC,offwind-float,0.44705543670461134,0.37206640341093766,0.07498903329367368
new_more,1000,GB1 0AC,offwind-float,0.503936338303445,0.4048244027772502,0.0991119355261948
new_more,1000,GB1 0AC,offwind-float,0.479971511600556,0.39722478669560213,0.08274672490495388
new_more,1000,GB1 0AC,offwind-float,0.47504564647321673,0.39504591459295246,0.07999973188026427
new_more,1000,GB1 0AC,offwind-float,0.4692179806433105,0.3871082022834594,0.08210977835985112
new_more,1000,GB1 0AC,offwind-float,0.4626221395150749,0.3768707966046725,0.08575134291040243
new_more,1000,GB1 0AC,offwind-float,0.4558465839570893,0.37570362532127355,0.08014295863581578
new_more,1000,GB1 0AC,offwind-float,0.5064161803998781,0.40463567027535546,0.10178051012452266
new_more,1000,GB1 0AC,offwind-float,0.48233318027314814,0.40113737883717465,0.08119580143597349
new_more,1000,GB1 0AC,offwind-float,0.47738307774613925,0.3949977931559778,0.08238528459016142
new_more,1000,GB1 0AC,offwind-float,0.47153355330656593,0.3906776871282218,0.08085586617834412
new_more,1000,GB1 0AC,offwind-float,0.4649051619563914,0.38434579430271193,0.08055936765367949
new_more,1000,GB1 0AC,offwind-float,0.4580961692926774,0.36605815389194374,0.09203801540073364
new_more,1000,GB1 0AC,offwind-float,0.5003842491574284,0.4034439490095025,0.09694030014792593
new_more,1000,GB1 0AC,offwind-float,0.47659479888002165,0.3939322364056976,0.08266256247432408
new_more,1000,GB1 0AC,offwind-float,0.47170358837495285,0.3924968679258789,0.07920672044907395
new_more,1000,GB1 0AC,offwind-float,0.46592365649831236,0.3840932080289739,0.08183044846933846
new_more,1000,GB1 0AC,offwind-float,0.45937412399332156,0.37312404952835804,0.08625007446496352
new_more,1000,GB1 0AC,offwind-float,0.452639323200818,0.35506823307174334,0.09757109012907467
new_more,1000,GB1 0AC,offwind-float,0.4982285284658558,0.40232223120138144,0.09590629726447436
new_more,1000,GB1 0AC,offwind-float,0.47454148501738935,0.3969043272420435,0.07763715777534586
new_more,1000,GB1 0AC,offwind-float,0.4696713473195746,0.3924991739202197,0.0771721733993549
new_more,1000,GB1 0AC,offwind-float,0.46391631712938813,0.38675026278058783,0.0771660543488003
new_more,1000,GB1 0AC,offwind-float,0.457395001982031,0.3787414133304351,0.07865358865159588
new_more,1000,GB1 0AC,offwind-float,0.45068244004089064,0.36229858809251647,0.08838385194837417
new_more,1000,GB1 0AC,offwind-float,0.5047352683635821,0.4043328317884642,0.10040243657511788
new_more,1000,GB1 0AC,offwind-float,0.4807325556682121,0.39930694227910934,0.08142561338910276
new_more,1000,GB1 0AC,offwind-float,0.47579888007641263,0.3954467944681299,0.08035208560828272
new_more,1000,GB1 0AC,offwind-float,0.46996876730729464,0.3892379190920623,0.08073084821523235
new_more,1000,GB1 0AC,offwind-float,0.463355590685657,0.3802502255081996,0.08310536517745742
new_more,1000,GB1 0AC,offwind-float,0.4565692930149818,0.3740895653233423,0.08247972769163947
new_more,1000,GB1 0AC,offwind-float,0.49570740193255614,0.40102263149791906,0.09468477043463708
new_more,1000,GB1 0AC,offwind-float,0.47213363829243365,0.39354974510757523,0.07858389318485842
new_more,1000,GB1 0AC,offwind-float,0.46728821191170294,0.39063623956302185,0.0766519723486811
new_more,1000,GB1 0AC,offwind-float,0.46156238302642444,0.3836115653461636,0.07795081768026085
new_more,1000,GB1 0AC,offwind-float,0.4550741573513594,0.3741789103453844,0.080895247005975
new_more,1000,GB1 0AC,offwind-float,0.4484091494047667,0.36814833959620064,0.08026080980856609
new_more,1000,GB1 0AC,offwind-float,0.5025842845664434,0.40367357823232025,0.09891070633412319
new_more,1000,GB1 0AC,offwind-float,0.47867717453177727,0.3975819864543483,0.08109518807742899
new_more,1000,GB1 0AC,offwind-float,0.47375775083510485,0.3943292117281928,0.07942853910691205
new_more,1000,GB1 0AC,offwind-float,0.4679458409188107,0.38739667159017177,0.08054916932863893
new_more,1000,GB1 0AC,offwind-float,0.46136788237790527,0.37805849232590155,0.08330939005200372
new_more,1000,GB1 0AC,offwind-float,0.4546106966474549,0.3704537985462359,0.08415689810121901
new_more,1000,GB1 0AC,offwind-float,0.50250017398233,0.4030712816342402,0.09942889234808983
new_more,1000,GB1 0AC,offwind-float,0.47861688916779005,0.3991950245938296,0.07942186457396044
new_more,1000,GB1 0AC,offwind-float,0.47369810174088955,0.3928014922866254,0.08089660945426413
new_more,1000,GB1 0AC,offwind-float,0.46789373046699556,0.38868756735299115,0.07920616311400441
new_more,1000,GB1 0AC,offwind-float,0.461316504447595,0.38260110394100094,0.07871540050659404
new_more,1000,GB1 0AC,offwind-float,0.45456007119739034,0.3623445931317808,0.09221547806560954
new_more,1000,GB1 0AC,offwind-float,0.5050456671976102,0.4046797398350258,0.10036592736258443
new_more,1000,GB1 0AC,offwind-float,0.4810212058058805,0.40071194384197834,0.08030926196390215
new_more,1000,GB1 0AC,offwind-float,0.4760845678473305,0.3948906842669429,0.0811938835803876
new_more,1000,GB1 0AC,offwind-float,0.47025095445643533,0.3902954563793559,0.07995549807707941
new_more,1000,GB1 0AC,offwind-float,0.463633770370922,0.383683410915122,0.07995035945580004
new_more,1000,GB1 0AC,offwind-float,0.45682983222095697,0.3591473410963265,0.09768249112463046
new_more,1000,GB1 0AC,offwind-float,0.5042800543928482,0.4044779196067842,0.09980213478606398
new_more,1000,GB1 0AC,offwind-float,0.48031217380505037,0.40008906523847654,0.08022310856657383
new_more,1000,GB1 0AC,offwind-float,0.4753828125200584,0.3952118018693288,0.08017101065072957
new_more,1000,GB1 0AC,offwind-float,0.4695577979570832,0.389855481465513,0.07970231649157017
new_more,1000,GB1 0AC,offwind-float,0.4629571799850209,0.38239524684456105,0.08056193314045984
new_more,1000,GB1 0AC,offwind-float,0.4561767174303215,0.36292022850200567,0.09325648892831584
new_more,1000,GB1 0AC,offwind-float,0.5044478588812785,0.4031733950632005,0.10127446381807803
new_more,1000,GB1 0AC,offwind-float,0.4804720027292961,0.39950476739055063,0.08096723533874545
new_more,1000,GB1 0AC,offwind-float,0.47554100114752557,0.3939183619581529,0.08162263918937268
new_more,1000,GB1 0AC,offwind-float,0.4697140482497297,0.38917512906440327,0.08053891918532641
new_more,1000,GB1 0AC,offwind-float,0.46310444695953146,0.3824190408201006,0.08068540613943087
new_more,1000,GB1 0AC,offwind-float,0.45632182753536465,0.3618290289222931,0.09449279861307153
new_more,1000,GB1 0AC,offwind-float,0.5002410111893832,0.4033043141133953,0.09693669707598795
new_more,1000,GB1 0AC,offwind-float,0.4764584789029065,0.39754072674344093,0.07891775215946556
new_more,1000,GB1 0AC,offwind-float,0.4715686674263324,0.39352898587352436,0.07803968155280805
new_more,1000,GB1 0AC,offwind-float,0.4657903887783527,0.38743210090445096,0.07835828787390176
new_more,1000,GB1 0AC,offwind-float,0.45922236159408736,0.3788329867584698,0.08038937483561753
new_more,1000,GB1 0AC,offwind-float,0.45249659912255574,0.3682853545962743,0.08421124452628143
new_more,1000,GB1 0AC,offwind-float,0.5067140182999644,0.4067833599391625,0.09993065836080195
new_more,1000,GB1 0AC,offwind-float,0.4826236780957179,0.4016315470859136,0.08099213100980429
new_more,1000,GB1 0AC,offwind-float,0.477670594239486,0.39724369054619824,0.08042690369328775
new_more,1000,GB1 0AC,offwind-float,0.47181754677022647,0.3913654389963449,0.08045210777388156
new_more,1000,GB1 0AC,offwind-float,0.4651851632973178,0.3832506694207506,0.0819344938765672
new_more,1000,GB1 0AC,offwind-float,0.45837206973898653,0.3661000666200447,0.09227200311894185
new_more,1000,GB1 0AC,offwind-float,0.5040357204402195,0.4041689002978237,0.09986682014239578
new_more,1000,GB1 0AC,offwind-float,0.48007275151739637,0.40024660527822925,0.07982614623916712
new_more,1000,GB1 0AC,offwind-float,0.47514584738219146,0.3939842529062484,0.08116159447594307
new_more,1000,GB1 0AC,offwind-float,0.4693169289003884,0.3897204326409615,0.07959649625942689
new_more,1000,GB1 0AC,offwind-float,0.46270611500718956,0.3834067207163888,0.07929939429080074
new_more,1000,GB1 0AC,offwind-float,0.4559293295456524,0.36915973239550726,0.08676959715014515
new_more,1000,GB4 0AC,offwind-float,0.5268476348330038,0.369936644729306,0.1569109901036978
new_more,1000,GB4 0AC,offwind-float,0.5017871437472434,0.34554105239697425,0.15624609135026918
new_more,1000,GB4 0AC,offwind-float,0.496637388536795,0.3410598602830911,0.1555775282537039
new_more,1000,GB4 0AC,offwind-float,0.49054510440229615,0.3356386869053971,0.15490641749689904
new_more,1000,GB4 0AC,offwind-float,0.4836494658966378,0.32722099857326586,0.15642846732337196
new_more,1000,GB4 0AC,offwind-float,0.47655911173302656,0.3213231919341356,0.15523591979889095
new_more,1000,GB4 0AC,offwind-float,0.528814854074663,0.4117837945370607,0.11703105953760229
new_more,1000,GB4 0AC,offwind-float,0.5036676059710998,0.39717974962852576,0.10648785634257407
new_more,1000,GB4 0AC,offwind-float,0.4984985519000568,0.39148690329731195,0.10701164860274487
new_more,1000,GB4 0AC,offwind-float,0.4923902929391434,0.38616815402046784,0.10622213891867555
new_more,1000,GB4 0AC,offwind-float,0.4854687164452946,0.3809492808824558,0.10451943556283882
new_more,1000,GB4 0AC,offwind-float,0.4783585503313534,0.3718381276563577,0.10652042267499567
new_more,1000,GB4 0AC,offwind-float,0.52814144047449,0.4130294044875308,0.11511203598695918
new_more,1000,GB4 0AC,offwind-float,0.5030191008990276,0.3952085786984638,0.10781052220056375
new_more,1000,GB4 0AC,offwind-float,0.4978567023240759,0.3923996788479522,0.10545702347612373
new_more,1000,GB4 0AC,offwind-float,0.49175630814714055,0.3876726569857491,0.10408365116139146
new_more,1000,GB4 0AC,offwind-float,0.4848368507033797,0.3795425593181086,0.10529429138527108
new_more,1000,GB4 0AC,offwind-float,0.47772914639326,0.3714977610845433,0.10623138530871667
new_more,1000,GB4 0AC,offwind-float,0.5214521400122817,0.4022145208763847,0.11923761913589698
new_more,1000,GB4 0AC,offwind-float,0.4966615309602049,0.38891253245101803,0.10774899850918684
new_more,1000,GB4 0AC,offwind-float,0.49155754358337816,0.3826901196320958,0.10886742395128235
new_more,1000,GB4 0AC,offwind-float,0.48553433497233334,0.3776620545056384,0.10787228046669495
new_more,1000,GB4 0AC,offwind-float,0.4787091333221531,0.3699537032928523,0.10875543002930077
new_more,1000,GB4 0AC,offwind-float,0.471697967941397,0.35878733408430846,0.11291063385708855
new_more,1000,GB4 0AC,offwind-float,0.5252874713767535,0.4075992038994136,0.11768826747733985
new_more,1000,GB4 0AC,offwind-float,0.5003211311882987,0.38976194232951217,0.11055918885878652
new_more,1000,GB4 0AC,offwind-float,0.4951864214127685,0.3879679234099625,0.10721849800280597
new_more,1000,GB4 0AC,offwind-float,0.48911874702457164,0.38372425071681,0.10539449630776165
new_more,1000,GB4 0AC,offwind-float,0.4822431589582479,0.3751116714600537,0.10713148749819418
new_more,1000,GB4 0AC,offwind-float,0.47518023430140993,0.36678414699480966,0.10839608730660028
new_more,1000,GB4 0AC,offwind-float,0.5250308331683996,0.4096984074749262,0.1153324256934734
new_more,1000,GB4 0AC,offwind-float,0.50006332888166,0.39235940608448294,0.10770392279717711
new_more,1000,GB4 0AC,offwind-float,0.4949312648868924,0.38943138307609737,0.105499881810795
new_more,1000,GB4 0AC,offwind-float,0.48886671701156037,0.3848151940413381,0.10405152297022224
new_more,1000,GB4 0AC,offwind-float,0.4819946717547493,0.37687317006745424,0.10512150168729506
new_more,1000,GB4 0AC,offwind-float,0.47493538643703714,0.3705137133125094,0.10442167312452777
new_more,1000,GB4 0AC,offwind-float,0.5222388292379816,0.406196288820488,0.11604254041749357
new_more,1000,GB4 0AC,offwind-float,0.49740401498635034,0.38766103939188423,0.10974297559446611
new_more,1000,GB4 0AC,offwind-float,0.49229924307301454,0.38577727248226207,0.10652197059075247
new_more,1000,GB4 0AC,offwind-float,0.4862669461857119,0.3820925057653363,0.1041744404203756
new_more,1000,GB4 0AC,offwind-float,0.4794246299403395,0.373933925862669,0.10549070407767053
new_more,1000,GB4 0AC,offwind-float,0.4724029854089463,0.36111220883351763,0.11129077657542868
new_more,1000,GB4 0AC,offwind-float,0.5225412419192975,0.4109488638261999,0.11159237809309763
new_more,1000,GB4 0AC,offwind-float,0.49768533302184365,0.39062426765584707,0.10706106536599658
new_more,1000,GB4 0AC,offwind-float,0.49257767398986174,0.3895986833970877,0.10297899059277404
new_more,1000,GB4 0AC,offwind-float,0.48654196540128863,0.3851628240349093,0.10137914136637932
new_more,1000,GB4 0AC,offwind-float,0.47969582352280304,0.37501434498151887,0.10468147854128418
new_more,1000,GB4 0AC,offwind-float,0.4726634340769026,0.3668158208881239,0.10584761318877867
new_more,1000,GB4 0AC,offwind-float,0.5178025191682238,0.39710657370845115,0.12069594545977269
new_more,1000,GB4 0AC,offwind-float,0.4931784890570729,0.3832739067466693,0.10990458231040362
new_more,1000,GB4 0AC,offwind-float,0.4881170829900773,0.37790592483443514,0.11021115815564214
new_more,1000,GB4 0AC,offwind-float,0.48213603142075034,0.37387675593551495,0.1082592754852354
new_more,1000,GB4 0AC,offwind-float,0.475358600042078,0.36735047396235043,0.10800812607972754
new_more,1000,GB4 0AC,offwind-float,0.46839650651164844,0.35981380287279524,0.1085827036388532
new_more,1000,GB4 0AC,offwind-float,0.5242464879239024,0.40584346020509476,0.11840302771880762
new_more,1000,GB4 0AC,offwind-float,0.4993296245427781,0.3954806143405662,0.10384901020221193
new_more,1000,GB4 0AC,offwind-float,0.4941915044567149,0.3860399587401074,0.10815154571660751
new_more,1000,GB4 0AC,offwind-float,0.4881360210977377,0.381796027922143,0.10633999317559467
new_more,1000,GB4 0AC,offwind-float,0.48126741526900313,0.3743938451895428,0.10687357007946036
new_more,1000,GB4 0AC,offwind-float,0.47421878133673745,0.3625967199560098,0.11162206138072767
new_more,1000,GB4 0AC,offwind-float,0.5193052014778207,0.40377219394828295,0.11553300752953771
new_more,1000,GB4 0AC,offwind-float,0.49461645764701395,0.38269121160235875,0.1119252460446552
new_more,1000,GB4 0AC,offwind-float,0.48953344590615216,0.38110469978313416,0.108428746123018
new_more,1000,GB4 0AC,offwind-float,0.4835350391981973,0.3785332073934285,0.1050018318047688
new_more,1000,GB4 0AC,offwind-float,0.47673111556179265,0.3690594609596884,0.10767165460210426
new_more,1000,GB4 0AC,offwind-float,0.469748920193678,0.35409157017577336,0.11565735001790461
new_more,1000,GB4 0AC,offwind-float,0.5199429158333613,0.400087484654043,0.1198554311793183
new_more,1000,GB4 0AC,offwind-float,0.4952238338946677,0.38589834758424396,0.10932548631042371
new_more,1000,GB4 0AC,offwind-float,0.4901414368051522,0.3806350953490286,0.10950634145612359
new_more,1000,GB4 0AC,offwind-float,0.48412875220237467,0.37636725374205515,0.10776149846031952
new_more,1000,GB4 0AC,offwind-float,0.4773164854603372,0.3692500177626068,0.10806646769773043
new_more,1000,GB4 0AC,offwind-float,0.470318915158422,0.3634699822865593,0.1068489328718627
new_more,1000,GB4 0AC,offwind-float,0.516978948931895,0.40197483936324124,0.11500410956865376
new_more,1000,GB4 0AC,offwind-float,0.4924075037468906,0.3826428828577307,0.10976462088915989
new_more,1000,GB4 0AC,offwind-float,0.48734717078593875,0.380961108469363,0.10638606231657577
new_more,1000,GB4 0AC,offwind-float,0.481375553192101,0.3786676319928698,0.10270792119923122
new_more,1000,GB4 0AC,offwind-float,0.47460881192715954,0.3690833103743947,0.10552550155276486
new_more,1000,GB4 0AC,offwind-float,0.4676576997800132,0.3587733941264668,0.1088843056535464
new_more,1000,GB4 0AC,offwind-float,0.5125892209102215,0.39181375393155965,0.12077546697866187
new_more,1000,GB4 0AC,offwind-float,0.48819955312417385,0.3785470606679671,0.10965249245620673
new_more,1000,GB4 0AC,offwind-float,0.48318924502089133,0.373424948697731,0.10976429632316032
new_more,1000,GB4 0AC,offwind-float,0.4772685757943384,0.3693674903265814,0.10790108546775701
new_more,1000,GB4 0AC,offwind-float,0.4705595666955765,0.362468921753329,0.10809064494224752
new_more,1000,GB4 0AC,offwind-float,0.4636610001999317,0.3517305801331633,0.11193042006676845
new_more,1000,GB4 0AC,offwind-float,0.5142120927810755,0.3986909824990757,0.1155211102819998
new_more,1000,GB4 0AC,offwind-float,0.4897721532490288,0.383242407543832,0.1065297457051968
new_more,1000,GB4 0AC,offwind-float,0.48474570582095927,0.38028521530984094,0.10446049051111833
new_more,1000,GB4 0AC,offwind-float,0.4788059647925062,0.3764676953360429,0.1023382694564633
new_more,1000,GB4 0AC,offwind-float,0.4720685443911318,0.36925665027978705,0.10281189411134473
new_more,1000,GB4 0AC,offwind-float,0.4651546369567572,0.35887950071277086,0.10627513624398632
new_more,1000,GB4 0AC,offwind-float,0.509320806096719,0.39723801860210395,0.11208278749461509
new_more,1000,GB4 0AC,offwind-float,0.4850929320495473,0.38348669814125524,0.10160623390829204
new_more,1000,GB4 0AC,offwind-float,0.4801145066643959,0.378211413663749,0.10190309300064693
new_more,1000,GB4 0AC,offwind-float,0.47422467294524895,0.3713365261261168,0.10288814681913216
new_more,1000,GB4 0AC,offwind-float,0.46755845227410625,0.36209237534359545,0.1054660769305108
new_more,1000,GB4 0AC,offwind-float,0.4606969537568646,0.35900853575830366,0.10168841799856093
new_more,1000,GB4 0AC,offwind-float,0.5160459470955648,0.39881130616088173,0.11723464093468311
new_more,1000,GB4 0AC,offwind-float,0.4915188464695144,0.380290627429086,0.1112282190404284
new_more,1000,GB4 0AC,offwind-float,0.48647447302913993,0.37809229464013205,0.10838217838900788
new_more,1000,GB4 0AC,offwind-float,0.4805135488743761,0.3721504587464038,0.1083630901279723
new_more,1000,GB4 0AC,offwind-float,0.4737589248849145,0.3692679922048672,0.10449093268004728
new_more,1000,GB4 0AC,offwind-float,0.4668134593737074,0.3596821819662442,0.1071312774074632
new_more,1000,GB4 0AC,offwind-float,0.5162404015757961,0.39618014344443825,0.12006025813135784
new_more,1000,GB4 0AC,offwind-float,0.4917040587405381,0.3834942542249643,0.10820980451557377
new_more,1000,GB4 0AC,offwind-float,0.4866577844984598,0.37778142199072473,0.10887636250773508
new_more,1000,GB4 0AC,offwind-float,0.4806878146514934,0.37188970530865856,0.10879810934283485
new_more,1000,GB4 0AC,offwind-float,0.473930740991671,0.36362841315674854,0.11030232783492244
new_more,1000,GB4 0AC,offwind-float,0.46698279149995914,0.3559771065396909,0.11100568496026825
new_more,1000,GB4 0AC,offwind-float,0.5113066595333345,0.3956365471067446,0.11567011242658992
new_more,1000,GB4 0AC,offwind-float,0.4869979832744755,0.3788278957884195,0.108170087486056
new_more,1000,GB4 0AC,offwind-float,0.4819863433652207,0.37612873941367386,0.10585760395154686
new_more,1000,GB4 0AC,offwind-float,0.47608041366958387,0.37304229279522844,0.10303812087435543
new_more,1000,GB4 0AC,offwind-float,0.4693812711219551,0.36599159181431057,0.10338967930764453
new_more,1000,GB4 0AC,offwind-float,0.46249993502246606,0.35639215193843415,0.1061077830840319
new_more,1000,GB4 0AC,offwind-float,0.5185806731903856,0.39915592573083736,0.11942474745954823
new_more,1000,GB4 0AC,offwind-float,0.4939265726288625,0.3836509982413499,0.11027557438751262
new_more,1000,GB4 0AC,offwind-float,0.48885748910874816,0.38054343546329067,0.10831405364545749
new_more,1000,GB4 0AC,offwind-float,0.482867365111243,0.3752294835852747,0.10763788152596832
new_more,1000,GB4 0AC,offwind-float,0.476079653306344,0.36714042942885944,0.10893922387748456
new_more,1000,GB4 0AC,offwind-float,0.4690934659703897,0.35732844730729013,0.11176501866309957
new_more,1000,GB4 0AC,offwind-float,0.5145575854333553,0.3971260644176706,0.11743152101568466
new_more,1000,GB4 0AC,offwind-float,0.4900743233558223,0.378260822011987,0.11181350134383528
new_more,1000,GB4 0AC,offwind-float,0.4850447748078829,0.3762199154522803,0.1088248593556026
new_more,1000,GB4 0AC,offwind-float,0.4790946015882741,0.3710487943892155,0.1080458071990586
new_more,1000,GB4 0AC,offwind-float,0.4723599238737946,0.3664081758549713,0.10595174801882329
new_more,1000,GB4 0AC,offwind-float,0.465441748900743,0.3568406209545063,0.10860112794623672
new_more,1000,GB4 0AC,offwind-float,0.5105696982716221,0.39023197562404965,0.12033772264757248
new_more,1000,GB4 0AC,offwind-float,0.4862826787104416,0.3784107520179776,0.10787192669246404
new_more,1000,GB4 0AC,offwind-float,0.4812920431598,0.37226831824238604,0.10902372491741397
new_more,1000,GB4 0AC,offwind-float,0.47538098773225584,0.36745704202315005,0.1079239457091058
new_more,1000,GB4 0AC,offwind-float,0.4686985126357842,0.36015904901706114,0.10853946361872308
new_more,1000,GB4 0AC,offwind-float,0.4618271518463413,0.35115784766541025,0.11066930418093107
new_more,1000,GB4 0AC,offwind-float,0.5109709138964607,0.3951544967025748,0.11581641719388586
new_more,1000,GB4 0AC,offwind-float,0.48667835605734006,0.37434447778264707,0.11233387827469299
new_more,1000,GB4 0AC,offwind-float,0.48167685417220335,0.37262454326484384,0.1090523109073595
new_more,1000,GB4 0AC,offwind-float,0.475774716744627,0.3665614495438234,0.1092132672008036
new_more,1000,GB4 0AC,offwind-float,0.46908670696252885,0.36211458650160167,0.10697212046092719
new_more,1000,GB4 0AC,offwind-float,0.4622097123217844,0.35369609647883754,0.10851361584294689
new_more,1000,GB4 0AC,offwind-float,0.5034131916175416,0.38938709036259456,0.11402610125494705
new_more,1000,GB4 0AC,offwind-float,0.4794798740042971,0.38090857169183945,0.09857130231245764
new_more,1000,GB4 0AC,offwind-float,0.4745590544691067,0.37130295216043424,0.10325610230867244
new_more,1000,GB4 0AC,offwind-float,0.46874413367165446,0.3672400682232592,0.10150406544839524
new_more,1000,GB4 0AC,offwind-float,0.46214816986394075,0.36078419342243395,0.1013639764415068
new_more,1000,GB4 0AC,offwind-float,0.4553795560569647,0.35317479657225576,0.10220475948470892
new_more,1000,GB4 0AC,offwind-float,0.5137494917868315,0.39421289422305583,0.11953659756377566
new_more,1000,GB4 0AC,offwind-float,0.4893181539612534,0.3802539764220069,0.10906417753924647
new_more,1000,GB4 0AC,offwind-float,0.484296365849842,0.3758053516815661,0.10849101416827589
new_more,1000,GB4 0AC,offwind-float,0.4783553147229814,0.37154360924363056,0.10681170547935082
new_more,1000,GB4 0AC,offwind-float,0.47163102923325206,0.364068261120926,0.10756276811232607
new_more,1000,GB4 0AC,offwind-float,0.46470993385383613,0.350338587019274,0.11437134683456213
new_more,1000,GB4 0AC,offwind-float,0.5135499987442731,0.39262225551731944,0.12092774322695365
new_more,1000,GB4 0AC,offwind-float,0.48913490090237555,0.3797996583648792,0.10933524253749632
new_more,1000,GB4 0AC,offwind-float,0.4841082098502598,0.3740409839572868,0.11006722589297302
new_more,1000,GB4 0AC,offwind-float,0.4781694468473693,0.37004327974231055,0.10812616710505873
new_more,1000,GB4 0AC,offwind-float,0.47144099681732576,0.3641997323719897,0.10724126444533605
new_more,1000,GB4 0AC,offwind-float,0.46452268900716254,0.3541003738705203,0.11042231513664225
new_more,1000,GB4 0AC,offwind-float,0.5098411348368735,0.39139375812854893,0.11844737670832461
new_more,1000,GB4 0AC,offwind-float,0.48560216418869984,0.374039645118736,0.11156251906996384
new_more,1000,GB4 0AC,offwind-float,0.4806185126416299,0.37389397710779226,0.10672453553383765
new_more,1000,GB4 0AC,offwind-float,0.47472934340445894,0.3662703755172369,0.10845896788722204
new_more,1000,GB4 0AC,offwind-float,0.468056028533374,0.3557641211430421,0.1122919073903319
new_more,1000,GB4 0AC,offwind-float,0.4612008883342858,0.34865263425399545,0.11254825408029034
new_more,1000,GB4 0AC,offwind-float,0.5070454382506746,0.39196513004379413,0.11508030820688048
new_more,1000,GB4 0AC,offwind-float,0.48292598657766594,0.36928484912779164,0.11364113744987431
new_more,1000,GB4 0AC,offwind-float,0.47796298549224747,0.3680735456023882,0.10988943988985928
new_more,1000,GB4 0AC,offwind-float,0.4721063552613471,0.3619094471454555,0.11019690811589161
new_more,1000,GB4 0AC,offwind-float,0.46546991198041215,0.3541729121558406,0.11129699982457153
new_more,1000,GB4 0AC,offwind-float,0.45865264799797534,0.3545824539751312,0.10407019402284412
new_more,1000,GB4 0AC,offwind-float,0.5108475309419966,0.3938258009311067,0.11702173001088995
new_more,1000,GB4 0AC,offwind-float,0.4865607658832556,0.37336511181089566,0.11319565407235993
new_more,1000,GB4 0AC,offwind-float,0.4815672763717562,0.37261792922915865,0.10894934714259757
new_more,1000,GB4 0AC,offwind-float,0.475666481635305,0.3703808150812964,0.10528566655400862
new_more,1000,GB4 0AC,offwind-float,0.46897999332428214,0.3586586680481868,0.11032132527609534
new_more,1000,GB4 0AC,offwind-float,0.4621113207534381,0.35247835391413873,0.10963296683929935
new_more,1000,GB4 0AC,offwind-float,0.4973150580292487,0.38534221481715547,0.11197284321209322
new_more,1000,GB4 0AC,offwind-float,0.4736513586906898,0.3647599352328417,0.10889142345784808
new_more,1000,GB4 0AC,offwind-float,0.4687903562063734,0.36326055135882657,0.10552980484754682
new_more,1000,GB4 0AC,offwind-float,0.4630392743200735,0.35635651987771133,0.1066827544423622
new_more,1000,GB4 0AC,offwind-float,0.45653028784568184,0.35169038565490574,0.1048399021907761
new_more,1000,GB4 0AC,offwind-float,0.4498439534379859,0.34622922649858456,0.10361472693940132
new_more,1000,GB4 0AC,offwind-float,0.5037103009710278,0.38761533753910343,0.11609496343192433
new_more,1000,GB4 0AC,offwind-float,0.4797427100358023,0.36731029128818,0.11243241874762233
new_more,1000,GB4 0AC,offwind-float,0.4748123674281492,0.3659150354312213,0.10889733199692792
new_more,1000,GB4 0AC,offwind-float,0.4689943427076341,0.36034872477871865,0.10864561792891547
new_more,1000,GB4 0AC,offwind-float,0.4624016452788194,0.35420892120578557,0.10819272407303382
new_more,1000,GB4 0AC,offwind-float,0.4556293190754632,0.3520347763761868,0.10359454269927643
new_more,1000,GB4 0AC,offwind-float,0.5067785868394814,0.38993582564083734,0.11684276119864406
new_more,1000,GB4 0AC,offwind-float,0.4826919537315234,0.3682102308303402,0.11448172290118319
new_more,1000,GB4 0AC,offwind-float,0.4777313808775881,0.36877115654885445,0.10896022432873365
new_more,1000,GB4 0AC,offwind-float,0.47187079288239586,0.3639407678482642,0.10793002503413168
new_more,1000,GB4 0AC,offwind-float,0.465230859020456,0.3512810568290352,0.11394980219142081
new_more,1000,GB4 0AC,offwind-float,0.4584103124111294,0.35219701687791727,0.10621329553321213
new_more,1000,GB4 0AC,offwind-float,0.5075382505413146,0.38818688023836595,0.11935137030294868
new_more,1000,GB4 0AC,offwind-float,0.4834022394525451,0.3756379744469694,0.10776426500557573
new_more,1000,GB4 0AC,offwind-float,0.4784411653549251,0.3703874320450766,0.10805373330984847
new_more,1000,GB4 0AC,offwind-float,0.47257187082392155,0.3636802419375241,0.10889162888639747
new_more,1000,GB4 0AC,offwind-float,0.4659220373411702,0.35505321190820566,0.11086882543296456
new_more,1000,GB4 0AC,offwind-float,0.4590981515388088,0.3474291626833447,0.11166898885546406
new_more,1000,GB4 0AC,offwind-float,0.5015378292588478,0.3860280722803267,0.11550975697852112
new_more,1000,GB4 0AC,offwind-float,0.47768010226753954,0.3694199052838441,0.10826019698369543
new_more,1000,GB4 0AC,offwind-float,0.4727777534803436,0.3670730814380909,0.1057046720422527
new_more,1000,GB4 0AC,offwind-float,0.466984659522077,0.3624514125356808,0.10453324698639621
new_more,1000,GB4 0AC,offwind-float,0.46042021239814584,0.3578298059699456,0.10259040642820022
new_more,1000,GB4 0AC,offwind-float,0.45367690622522217,0.34412961481160487,0.1095472914136173
new_more,1000,GB4 0AC,offwind-float,0.5064480930600397,0.3867988094271413,0.1196492836328984
new_more,1000,GB4 0AC,offwind-float,0.48237036008643386,0.37097353124140187,0.11139682884503199
new_more,1000,GB4 0AC,offwind-float,0.4774130439034511,0.36909328655982643,0.10831975734362465
new_more,1000,GB4 0AC,offwind-float,0.4715563320479675,0.365684039707429,0.10587229234053847
new_more,1000,GB4 0AC,offwind-float,0.4649276204948902,0.35779171298079565,0.10713590751409457
new_more,1000,GB4 0AC,offwind-float,0.45811829890382416,0.3449522003009603,0.11316609860286386
new_more,1000,GB4 0AC,offwind-float,0.5032048564393128,0.38587371553827626,0.11733114090103652
new_more,1000,GB4 0AC,offwind-float,0.479267838320732,0.36642421070405085,0.11284362761668115
new_more,1000,GB4 0AC,offwind-float,0.4743355758425576,0.36720993150876563,0.10712564433379196
new_more,1000,GB4 0AC,offwind-float,0.4685233933987435,0.3614380749350566,0.10708531846368691
new_more,1000,GB4 0AC,offwind-float,0.46193731614850037,0.35006100195708706,0.1118763141914133
new_more,1000,GB4 0AC,offwind-float,0.45517179050125894,0.34639097446283934,0.1087808160384196
new_more,1000,GB4 0AC,offwind-float,0.4933403739502064,0.38106672725717033,0.11227364669303608
new_more,1000,GB4 0AC,offwind-float,0.4698924444337107,0.3627056479609132,0.1071867964727975
new_more,1000,GB4 0AC,offwind-float,0.4650700190403416,0.3611398498328301,0.10393016920751152
new_more,1000,GB4 0AC,offwind-float,0.45935783262640884,0.3563728257920574,0.10298500683435141
new_more,1000,GB4 0AC,offwind-float,0.45290059652292375,0.35033869501664844,0.10256190150627531
new_more,1000,GB4 0AC,offwind-float,0.44626742250924045,0.34619456143050703,0.10007286107873342
new_more,1000,GB4 0AC,offwind-float,0.4971992022068017,0.3830898301253356,0.1141093720814661
new_more,1000,GB4 0AC,offwind-float,0.4735678667949961,0.3641996598629476,0.10936820693204846
new_more,1000,GB4 0AC,offwind-float,0.46870094088993214,0.36247090096832973,0.1062300399216024
new_more,1000,GB4 0AC,offwind-float,0.4629442412045523,0.35656007472594875,0.10638416647860355
new_more,1000,GB4 0AC,offwind-float,0.45643659061957187,0.35248982900264353,0.10394676161692834
new_more,1000,GB4 0AC,offwind-float,0.4497516284997689,0.34268446650836504,0.10706716199140387
new_more,1000,GB4 0AC,offwind-float,0.5042933313092012,0.3847382176572284,0.1195551136519728
new_more,1000,GB4 0AC,offwind-float,0.48031159971553167,0.36992767308670427,0.1103839266288274
new_more,1000,GB4 0AC,offwind-float,0.4753822443223218,0.3681969051599245,0.10718533916239731
new_more,1000,GB4 0AC,offwind-float,0.4695572367216515,0.36288836915210354,0.10666886756954796
new_more,1000,GB4 0AC,offwind-float,0.4629498209018708,0.3544673119836425,0.1084825089182283
new_more,1000,GB4 0AC,offwind-float,0.4561694661281712,0.34503562998656695,0.11113383614160427
new_more,1000,GB4 0AC,offwind-float,0.5018435275695192,0.38289610890243225,0.11894741866708697
new_more,1000,GB4 0AC,offwind-float,0.47798481088568834,0.36743282678675243,0.11055198409893591
new_more,1000,GB4 0AC,offwind-float,0.4730793349263168,0.36642439909309477,0.10665493583322205
new_more,1000,GB4 0AC,offwind-float,0.46728254559609245,0.3614793899082112,0.10580315568788123
new_more,1000,GB4 0AC,offwind-float,0.46071391105970133,0.35257462481266133,0.10813928624704
new_more,1000,GB4 0AC,offwind-float,0.4539594636943733,0.3483725866586811,0.1055868770356922
new_more,1000,GB4 0AC,offwind-float,0.5010183995414956,0.3847466356930239,0.11627176384847171
new_more,1000,GB4 0AC,offwind-float,0.47718546245668525,0.36757113212896886,0.10961433032771639
new_more,1000,GB4 0AC,offwind-float,0.4722881900728507,0.3682209406833319,0.10406724938951883
new_more,1000,GB4 0AC,offwind-float,0.466501094888421,0.36142321147813733,0.10507788341028368
new_more,1000,GB4 0AC,offwind-float,0.45994344527786396,0.35114037674389675,0.1088030685339672
new_more,1000,GB4 0AC,offwind-float,0.45319351003130504,0.3455607662047524,0.10763274382655263
new_more,1000,GB4 0AC,offwind-float,0.49028615720759305,0.3780089072852802,0.11227724992231286
new_more,1000,GB4 0AC,offwind-float,0.4669699480596466,0.3619009796551164,0.10506896840453017
new_more,1000,GB4 0AC,offwind-float,0.46217751574425364,0.3621546104028286,0.10002290534142505
new_more,1000,GB4 0AC,offwind-float,0.4565075340279874,0.35568885185361115,0.10081868217437623
new_more,1000,GB4 0AC,offwind-float,0.4500835959462629,0.34645858329052015,0.10362501265574275
new_more,1000,GB4 0AC,offwind-float,0.4434848353674701,0.3414893047967722,0.10199553057069788
new_more,1000,GB4 0AC,offwind-float,0.5003151783629988,0.38213988668728405,0.11817529167571472
new_more,1000,GB4 0AC,offwind-float,0.47652907269786027,0.3660270510696818,0.11050202162817846
new_more,1000,GB4 0AC,offwind-float,0.47163853672930206,0.36429266508898633,0.10734587164031573
new_more,1000,GB4 0AC,offwind-float,0.46585940195085956,0.3619648175748865,0.10389458437597304
new_more,1000,GB4 0AC,offwind-float,0.4593107726780643,0.3530705123838397,0.10624026029422462
new_more,1000,GB4 0AC,offwind-float,0.4525769222746831,0.3442805091181021,0.108296413156581
new_more,1000,GB4 0AC,offwind-float,0.4946586058670701,0.3797828770426528,0.11487572882441732
new_more,1000,GB4 0AC,offwind-float,0.4711348799431327,0.36482985340686563,0.10630502653626706
new_more,1000,GB4 0AC,offwind-float,0.4662928748987877,0.3637969738722696,0.10249590102651807
new_more,1000,GB4 0AC,offwind-float,0.4605724715565465,0.3586805606534942,0.10189191090305233
new_more,1000,GB4 0AC,offwind-float,0.4540981611597865,0.34950432598267334,0.10459383517711318
new_more,1000,GB4 0AC,offwind-float,0.4474406014249664,0.3398835592887372,0.10755704213622919
new_more,1000,GB4 0AC,offwind-float,0.49861561803327237,0.3825963306041043,0.11601928742916806
new_more,1000,GB4 0AC,offwind-float,0.47490373399509395,0.36701304965558695,0.10789068433950699
new_more,1000,GB4 0AC,offwind-float,0.4700230405033527,0.3663756334871907,0.10364740701616199
new_more,1000,GB4 0AC,offwind-float,0.46426370090638236,0.3587748457581663,0.10548885514821604
new_more,1000,GB4 0AC,offwind-float,0.45773073281166954,0.3483675847023958,0.10936314810927372
new_more,1000,GB4 0AC,offwind-float,0.4510199730502707,0.3449829972069533,0.1060369758433174
new_more,1000,GB4 0AC,offwind-float,0.49275133231974066,0.3767484383820305,0.11600289393771018
new_more,1000,GB4 0AC,offwind-float,0.4693042708164213,0.36530126417939973,0.10400300663702156
new_more,1000,GB4 0AC,offwind-float,0.4644878817477927,0.3596102351715277,0.10487764657626503
new_more,1000,GB4 0AC,offwind-float,0.45878960013173536,0.3558969274304889,0.10289267270124647
new_more,1000,GB4 0AC,offwind-float,0.45234035172568166,0.34975205835042206,0.1025882933752596
new_more,1000,GB4 0AC,offwind-float,0.44571538304725056,0.3372313962087651,0.10848398683848548
new_more,1000,NL2 0AC,offwind-float,0.5162383283875597,0.4035909591915151,0.11264736919604457
new_more,1000,NL2 0AC,offwind-float,0.4916752378537478,0.3672188525288129,0.12445638532493486
new_more,1000,NL2 0AC,offwind-float,0.4866292593954771,0.3609456956417737,0.12568356375370338
new_more,1000,NL2 0AC,offwind-float,0.4806664385948642,0.3559694521125971,0.12469698648226707
new_more,1000,NL2 0AC,offwind-float,0.47390290180228556,0.349120878554772,0.12478202324751358
new_more,1000,NL2 0AC,offwind-float,0.46696212840216733,0.34795682233594727,0.11900530606622006
new_more,1000,NO0 0AC,offwind-float,0.4984613344288876,0.42190734406180136,0.07655399036708627
new_more,1000,NO0 0AC,offwind-float,0.47476320625321106,0.40583635233725107,0.06892685391595998
new_more,1000,NO0 0AC,offwind-float,0.469890793068462,0.3994366960112431,0.07045409705721889
new_more,1000,NO0 0AC,offwind-float,0.4641330739407511,0.3942450270554716,0.0698880468852795
new_more,1000,NO0 0AC,offwind-float,0.4576087118225825,0.39085512895168956,0.06675358287089295
new_more,1000,NO0 0AC,offwind-float,0.4508997596209428,0.37428687837289637,0.07661288124804644
new_more,1000,NO0 0AC,offwind-float,0.49867977233059124,0.419949165079944,0.07873060725064723
new_more,1000,NO0 0AC,offwind-float,0.4749580128630099,0.4045434923036036,0.07041452055940634
new_more,1000,NO0 0AC,offwind-float,0.4700836004115073,0.3990410666631898,0.07104253374831754
new_more,1000,NO0 0AC,offwind-float,0.46432351875500594,0.3931229170357204,0.07120060171928555
new_more,1000,NO0 0AC,offwind-float,0.457789675809223,0.38646722347322804,0.07132245233599493
new_more,1000,NO0 0AC,offwind-float,0.45108489642800065,0.36645765197980007,0.08462724444820058
new_more,1000,NO0 0AC,offwind-float,0.49761442550419765,0.42334938122902477,0.07426504427517289
new_more,1000,NO0 0AC,offwind-float,0.47394993652518874,0.4064649561111353,0.06748498041405343
new_more,1000,NO0 0AC,offwind-float,0.4690790553062908,0.4011645214587241,0.06791453384756668
new_more,1000,NO0 0AC,offwind-float,0.4633244497219473,0.3987741670079978,0.06455028271394952
new_more,1000,NO0 0AC,offwind-float,0.45681145451020533,0.38935207261966387,0.06745938189054146
new_more,1000,NO0 0AC,offwind-float,0.45012100214058354,0.3781274256677366,0.07199357647284693
new_more,1000,NO0 0AC,offwind-float,0.4887967251542082,0.41429737920573845,0.07449934594846974
new_more,1000,NO0 0AC,offwind-float,0.4655581237173313,0.39755648309583996,0.06800164062149133
new_more,1000,NO0 0AC,offwind-float,0.4607596993109586,0.3971376191744475,0.0636220801365111
new_more,1000,NO0 0AC,offwind-float,0.455113866336286,0.3851294481294135,0.06998441820687246
new_more,1000,NO0 0AC,offwind-float,0.44871628806467845,0.38338899527621517,0.06532729278846328
new_more,1000,NO0 0AC,offwind-float,0.4421443973576272,0.37755716793837435,0.06458722941925282
new_more,1000,NO0 0AC,offwind-float,0.49605292997917616,0.418651531040251,0.07740139893892517
new_more,1000,NO0 0AC,offwind-float,0.4724693118417909,0.40309354916031215,0.06937576268147877
new_more,1000,NO0 0AC,offwind-float,0.46762044050111784,0.3973191505108791,0.07030128999023871
new_more,1000,NO0 0AC,offwind-float,0.4618837557723447,0.3908500028864562,0.07103375288588848
new_more,1000,NO0 0AC,offwind-float,0.45539101253047165,0.3853058941032187,0.07008511842725296
new_more,1000,NO0 0AC,offwind-float,0.4487213639286088,0.3762647140390276,0.07245664988958117
new_more,1000,NO0 0AC,offwind-float,0.49440764167727447,0.41694473031327595,0.07746291136399852
new_more,1000,NO0 0AC,offwind-float,0.47090898609058274,0.4011569547085267,0.06975203138205605
new_more,1000,NO0 0AC,offwind-float,0.4660761281049097,0.396337655622272,0.0697384724826377
new_more,1000,NO0 0AC,offwind-float,0.4603651512623223,0.39005917608086016,0.07030597518146214
new_more,1000,NO0 0AC,offwind-float,0.45389375518636776,0.38406238556637523,0.06983136961999253
new_more,1000,NO0 0AC,offwind-float,0.44724603538871255,0.38114844809625237,0.06609758729246018
new_more,1000,NO0 0AC,offwind-float,0.49531238313823334,0.41893661916654823,0.0763757639716851
new_more,1000,NO0 0AC,offwind-float,0.4717573214433208,0.4026871457183086,0.06907017572501217
new_more,1000,NO0 0AC,offwind-float,0.46690895430263873,0.3969640735446191,0.06994488075801963
new_more,1000,NO0 0AC,offwind-float,0.4611809891082685,0.3905900981725793,0.07059089093568921
new_more,1000,NO0 0AC,offwind-float,0.4546913264080401,0.3852547872639975,0.06943653914404263
new_more,1000,NO0 0AC,offwind-float,0.4480251088344794,0.3687427282262928,0.0792823806081866
new_more,1000,NO0 0AC,offwind-float,0.49383126120763265,0.41734280389582923,0.07648845731180343
new_more,1000,NO0 0AC,offwind-float,0.47035317909512353,0.4012499062578334,0.06910327283729012
new_more,1000,NO0 0AC,offwind-float,0.46552602526111425,0.3956499811711029,0.06987604409001136
new_more,1000,NO0 0AC,offwind-float,0.45981498076603694,0.38935784405455864,0.0704571367114783
new_more,1000,NO0 0AC,offwind-float,0.4533513184883098,0.3832048334330011,0.07014648505530868
new_more,1000,NO0 0AC,offwind-float,0.44671154320880546,0.3751751355835813,0.07153640762522417
new_more,1000,NO0 0AC,offwind-float,0.4953143309487428,0.4207247483473924,0.0745895826013504
new_more,1000,NO0 0AC,offwind-float,0.4717461551545316,0.4039322329278037,0.06781392222672789
new_more,1000,NO0 0AC,offwind-float,0.4668978826978292,0.4008251606643122,0.06607272203351705
new_more,1000,NO0 0AC,offwind-float,0.46117683663871795,0.3967923446660464,0.06438449197267154
new_more,1000,NO0 0AC,offwind-float,0.45469403062535774,0.3872443714943533,0.06744965913100442
new_more,1000,NO0 0AC,offwind-float,0.44802103708685714,0.36962165373218103,0.07839938335467611
new_more,1000,NO0 0AC,offwind-float,0.48359626163446334,0.40579839444071186,0.07779786719375148
new_more,1000,NO0 0AC,offwind-float,0.46060485197194184,0.3916163168648297,0.06898853510711211
new_more,1000,NO0 0AC,offwind-float,0.4558777435436815,0.3858194805250741,0.0700582630186074
new_more,1000,NO0 0AC,offwind-float,0.45029173070278566,0.38044148633679215,0.06985024436599352
new_more,1000,NO0 0AC,offwind-float,0.44396193764370095,0.3739023770503526,0.07005956059334834
new_more,1000,NO0 0AC,offwind-float,0.43745285416614527,0.3668799392733948,0.07057291489275047
new_more,1000,NO0 0AC,offwind-float,0.4918540862125383,0.4152199243965835,0.07663416181595478
new_more,1000,NO0 0AC,offwind-float,0.46846335074199824,0.39998403257075105,0.0684793181712472
new_more,1000,NO0 0AC,offwind-float,0.46364197818053293,0.39320314003792056,0.07043883814261237
new_more,1000,NO0 0AC,offwind-float,0.45796082773970953,0.38862479297058294,0.06933603476912659
new_more,1000,NO0 0AC,offwind-float,0.45152322946484164,0.38537857558412997,0.06614465388071167
new_more,1000,NO0 0AC,offwind-float,0.444903452479043,0.3672860366006418,0.07761741587840121
new_more,1000,NO0 0AC,offwind-float,0.4862717977971847,0.4098051299874101,0.07646666780977462
new_more,1000,NO0 0AC,offwind-float,0.4631530125141242,0.3949321170946964,0.06822089541942783
new_more,1000,NO0 0AC,offwind-float,0.4583929303802271,0.38923289146248846,0.06916003891773864
new_more,1000,NO0 0AC,offwind-float,0.4527693283475142,0.3830430123470097,0.0697263160005045
new_more,1000,NO0 0AC,offwind-float,0.44640470746614114,0.3793644461046616,0.06704026136147956
new_more,1000,NO0 0AC,offwind-float,0.4398666721270767,0.36636694209796583,0.07349973002911087
new_more,1000,NO0 0AC,offwind-float,0.49885680602786964,0.42340492835150184,0.0754518776763678
new_more,1000,NO0 0AC,offwind-float,0.4751400194659879,0.4069437683724265,0.06819625109356137
new_more,1000,NO0 0AC,offwind-float,0.47025692531731544,0.4010184263327829,0.06923849898453255
new_more,1000,NO0 0AC,offwind-float,0.4644878708532168,0.39467894892621647,0.06980892192700033
new_more,1000,NO0 0AC,offwind-float,0.45795168716441476,0.3896886428724114,0.06826304429200336
new_more,1000,NO0 0AC,offwind-float,0.4512376970663737,0.38508167186126496,0.06615602520510871
new_more,1000,NO0 0AC,offwind-float,0.49757627908208424,0.4221808625302633,0.07539541655182092
new_more,1000,NO0 0AC,offwind-float,0.4739270216179577,0.40568859542641317,0.06823842619154452
new_more,1000,NO0 0AC,offwind-float,0.46905634836700827,0.3992285389430014,0.06982780942400685
new_more,1000,NO0 0AC,offwind-float,0.46330885395169746,0.3936769076261002,0.06963194632559727
new_more,1000,NO0 0AC,offwind-float,0.45679607797115956,0.3892626270861413,0.06753345088501828
new_more,1000,NO0 0AC,offwind-float,0.45009904221538416,0.37865912635698784,0.07143991585839632
new_more,1000,NO0 0AC,offwind-float,0.489720098026951,0.41146113745844887,0.07825896056850212
new_more,1000,NO0 0AC,offwind-float,0.4664105680937804,0.39667627860683913,0.06973428948694127
new_more,1000,NO0 0AC,offwind-float,0.4616170766694474,0.39103545695555486,0.07058161971389254
new_more,1000,NO0 0AC,offwind-float,0.45595396120941606,0.38516988457642093,0.07078407663299513
new_more,1000,NO0 0AC,offwind-float,0.44954457364544476,0.37854149153131067,0.07100308211413409
new_more,1000,NO0 0AC,offwind-float,0.4429537502995309,0.3779288170531617,0.06502493324636915
new_more,1000,NO0 0AC,offwind-float,0.496548768885927,0.42083852259757565,0.07571024628835138
new_more,1000,NO0 0AC,offwind-float,0.47294156588192254,0.40534863558167084,0.06759293030025171
new_more,1000,NO0 0AC,offwind-float,0.4680878478792053,0.397573246958267,0.07051460092093831
new_more,1000,NO0 0AC,offwind-float,0.46235222080385113,0.3942167773713904,0.06813544343246075
new_more,1000,NO0 0AC,offwind-float,0.4558528923051266,0.39020152245416134,0.06565136985096526
new_more,1000,NO0 0AC,offwind-float,0.449176479020368,0.38208790622779126,0.06708857279257674
new_more,1000,NO0 0AC,offwind-float,0.49253621357015664,0.4166481026634487,0.07588811090670794
new_more,1000,NO0 0AC,offwind-float,0.46912650491882224,0.40083250073039073,0.06829400418843151
new_more,1000,NO0 0AC,offwind-float,0.46430513362897524,0.3954963782905256,0.06880875533844966
new_more,1000,NO0 0AC,offwind-float,0.45861585733664245,0.39414474609673117,0.06447111123991128
new_more,1000,NO0 0AC,offwind-float,0.45216905124934215,0.38632830760828535,0.0658407436410568
new_more,1000,NO0 0AC,offwind-float,0.445539760501037,0.37412851206727343,0.07141124843376356
new_more,1000,NO0 0AC,offwind-float,0.5005880390246965,0.42486801751719133,0.07572002150750518
new_more,1000,NO0 0AC,offwind-float,0.47676889581616844,0.4079888088974383,0.06878008691873011
new_more,1000,NO0 0AC,offwind-float,0.47186905301799403,0.4022397613524635,0.06962929166553056
new_more,1000,NO0 0AC,offwind-float,0.466087093651234,0.3961815879791983,0.06990550567203574
new_more,1000,NO0 0AC,offwind-float,0.45952846600004177,0.3894843619267846,0.07004410407325717
new_more,1000,NO0 0AC,offwind-float,0.45279146279998034,0.38199662574654086,0.07079483705343947
new_more,1000,NO0 0AC,offwind-float,0.4926877083617643,0.41731566307531803,0.07537204528644625
new_more,1000,NO0 0AC,offwind-float,0.4692707993283341,0.4016839526421457,0.06758684668618842
new_more,1000,NO0 0AC,offwind-float,0.4644479663564329,0.3957267486418346,0.06872121771459827
new_more,1000,NO0 0AC,offwind-float,0.45875693988993377,0.3935014956341203,0.06525544425581348
new_more,1000,NO0 0AC,offwind-float,0.45230130503588584,0.3882762352906552,0.06402506974523064
new_more,1000,NO0 0AC,offwind-float,0.4456701342081573,0.3731687323165566,0.0725014018916007
new_more,1000,NO0 0AC,offwind-float,0.4938231383571876,0.4181255387682171,0.07569759958897049
new_more,1000,NO0 0AC,offwind-float,0.4703388205235866,0.4049123279567914,0.06542649256679522
new_more,1000,NO0 0AC,offwind-float,0.46551181404912917,0.39541201322927555,0.07009980081985362
new_more,1000,NO0 0AC,offwind-float,0.45980775192349477,0.3937175887090905,0.06609016321440425
new_more,1000,NO0 0AC,offwind-float,0.4533441912622848,0.38924194300106646,0.06410224826121835
new_more,1000,NO0 0AC,offwind-float,0.4467045203680049,0.3707230946067837,0.07598142576122119
new_more,1000,NO0 0AC,offwind-float,0.49152287824151947,0.41592940030183134,0.07559347793968813
new_more,1000,NO0 0AC,offwind-float,0.4681545191956467,0.4002884809782224,0.06786603821742432
new_more,1000,NO0 0AC,offwind-float,0.46334992983028594,0.39479031342429793,0.06855961640598801
new_more,1000,NO0 0AC,offwind-float,0.4576655896968054,0.3931375320409414,0.064528057655864
new_more,1000,NO0 0AC,offwind-float,0.4512185596366978,0.3839006128845192,0.06731794675217861
new_more,1000,NO0 0AC,offwind-float,0.44461002070508215,0.3671952266237017,0.07741479408138047
new_more,1000,NO0 0AC,offwind-float,0.5048703978863365,0.4301305545520433,0.07473984333429318
new_more,1000,NO0 0AC,offwind-float,0.48086109552443185,0.4116922485085337,0.06916884701589815
new_more,1000,NO0 0AC,offwind-float,0.475926100750181,0.4067134883136077,0.06921261243657328
new_more,1000,NO0 0AC,offwind-float,0.47009442910628285,0.40042473836261383,0.06966969074366902
new_more,1000,NO0 0AC,offwind-float,0.46348626765986406,0.3949633617401193,0.06852290591974475
new_more,1000,NO0 0AC,offwind-float,0.4566980560965684,0.3860007273630613,0.07069732873350709
new_more,1000,NO0 0AC,offwind-float,0.49439924247459166,0.41853221651239386,0.0758670259621978
new_more,1000,NO0 0AC,offwind-float,0.4708875354272548,0.401972455470525,0.0689150799567298
new_more,1000,NO0 0AC,offwind-float,0.46605489758605256,0.3961106782747031,0.06994421931134948
new_more,1000,NO0 0AC,offwind-float,0.4603373349496092,0.3908138620586247,0.06952347289098454
new_more,1000,NO0 0AC,offwind-float,0.4538595444927087,0.3872442062769179,0.0666153382157908
new_more,1000,NO0 0AC,offwind-float,0.44721232574425923,0.3631886793599103,0.08402364638434895
new_more,1000,NO0 0AC,offwind-float,0.48688922354908126,0.4094341400631342,0.07745508348594704
new_more,1000,NO0 0AC,offwind-float,0.46374137204965576,0.3943447435125298,0.06939662853712597
new_more,1000,NO0 0AC,offwind-float,0.45898207405493446,0.38915444576013647,0.069827628294798
new_more,1000,NO0 0AC,offwind-float,0.4533580228795425,0.3831442442148098,0.07021377866473272
new_more,1000,NO0 0AC,offwind-float,0.4469851266639613,0.37672291567471655,0.07026221098924473
new_more,1000,NO0 0AC,offwind-float,0.44043859051573564,0.3695516366663267,0.07088695384940896
new_more,1000,NO0 0AC,offwind-float,0.4748188804470526,0.3979451070964891,0.0768737733505635
new_more,1000,NO0 0AC,offwind-float,0.45223802867418983,0.38415166517167015,0.06808636350251968
new_more,1000,NO0 0AC,offwind-float,0.4475831302440666,0.37839714358332793,0.06918598666073866
new_more,1000,NO0 0AC,offwind-float,0.4420851553079803,0.3746139726677699,0.0674711826402104
new_more,1000,NO0 0AC,offwind-float,0.4358571597234798,0.37065310242667365,0.06520405729680617
new_more,1000,NO0 0AC,offwind-float,0.42946683612481923,0.35201978334541606,0.07744705277940317
new_more,1000,NO0 0AC,offwind-float,0.48284281880201446,0.4062356858030813,0.07660713299893318
new_more,1000,NO0 0AC,offwind-float,0.4598871971453335,0.3918532215274677,0.06803397561786578
new_more,1000,NO0 0AC,offwind-float,0.4551606640229105,0.3846828624368463,0.0704778015860642
new_more,1000,NO0 0AC,offwind-float,0.4495834377820796,0.3812468685237608,0.06833656925831882
new_more,1000,NO0 0AC,offwind-float,0.44326360126296116,0.3779874227791142,0.06527617848384698
new_more,1000,NO0 0AC,offwind-float,0.43677157050901133,0.3624570779081673,0.07431449260084405
new_more,1000,NO0 0AC,offwind-float,0.4935165843910698,0.4171105827423349,0.0764060016487349
new_more,1000,NO0 0AC,offwind-float,0.47005374574825964,0.40150276201654267,0.06855098373171697
new_more,1000,NO0 0AC,offwind-float,0.4652296649472235,0.39568986491788954,0.06953980002933396
new_more,1000,NO0 0AC,offwind-float,0.45952222219368544,0.39257056619591774,0.0669516559977677
new_more,1000,NO0 0AC,offwind-float,0.4530626752506467,0.388636738332016,0.06442593691863069
new_more,1000,NO0 0AC,offwind-float,0.4464135273528694,0.3708718091042036,0.07554171824866579
new_more,1000,NO0 0AC,offwind-float,0.49904906298402213,0.42284349647974245,0.07620556650427968
new_more,1000,NO0 0AC,offwind-float,0.4753232073736603,0.40647519454282793,0.06884801283083236
new_more,1000,NO0 0AC,offwind-float,0.4704450469936635,0.4006682560110421,0.0697767909826214
new_more,1000,NO0 0AC,offwind-float,0.46467375197053923,0.3954959529384949,0.06917779903204435
new_more,1000,NO0 0AC,offwind-float,0.458134992935652,0.39181371355090816,0.06632127938474386
new_more,1000,NO0 0AC,offwind-float,0.45142515604598943,0.3740509776882556,0.0773741783577338
new_more,1000,NO0 0AC,offwind-float,0.48141061134852803,0.40436667703497836,0.07704393431354967
new_more,1000,NO0 0AC,offwind-float,0.45851643164932593,0.3897709379367206,0.06874549371260535
new_more,1000,NO0 0AC,offwind-float,0.4538107563198845,0.3840399775106067,0.06977077880927779
new_more,1000,NO0 0AC,offwind-float,0.44825007092113217,0.37861979641681287,0.0696302745043193
new_more,1000,NO0 0AC,offwind-float,0.4419421480029349,0.3753390086562221,0.0666031393467128
new_more,1000,NO0 0AC,offwind-float,0.43546947122973034,0.36278178715884174,0.0726876840708886
new_more,1000,NO0 0AC,offwind-float,0.47858176283037535,0.4020253728906163,0.07655638993975905
new_more,1000,NO0 0AC,offwind-float,0.4558285622649637,0.38794239248511403,0.06788616977984968
new_more,1000,NO0 0AC,offwind-float,0.45113687060021496,0.3823788370199237,0.06875803358029126
new_more,1000,NO0 0AC,offwind-float,0.4456021703625217,0.3808145991101115,0.06478757125241019
new_more,1000,NO0 0AC,offwind-float,0.4393382988926379,0.37476370619314847,0.06457459269948945
new_more,1000,NO0 0AC,offwind-float,0.4329037580468014,0.3589908420631356,0.07391291598366584
new_more,1000,NO0 0AC,offwind-float,0.5037247017985796,0.4281444002480562,0.07558030155052342
new_more,1000,NO0 0AC,offwind-float,0.47977638072777723,0.41114254899167174,0.06863383173610549
new_more,1000,NO0 0AC,offwind-float,0.47485251819504665,0.4053739411178891,0.06947857707715754
new_more,1000,NO0 0AC,offwind-float,0.46902716204962436,0.3992284673654156,0.06979869468420874
new_more,1000,NO0 0AC,offwind-float,0.4624204339021556,0.39277300081568295,0.06964743308647264
new_more,1000,NO0 0AC,offwind-float,0.455647832520959,0.3788193493125559,0.07682848320840308
new_more,1000,NO0 0AC,offwind-float,0.5037929522901872,0.4276610352217761,0.07613191706841105
new_more,1000,NO0 0AC,offwind-float,0.47983506927686914,0.41110205191506144,0.0687330173618077
new_more,1000,NO0 0AC,offwind-float,0.47491060443364647,0.40517496548778614,0.06973563894586032
new_more,1000,NO0 0AC,offwind-float,0.46909137598432055,0.3993114381265522,0.06977993785776837
new_more,1000,NO0 0AC,offwind-float,0.4624973145496416,0.3923044753921846,0.070192839157457
new_more,1000,NO0 0AC,offwind-float,0.45572358717586087,0.38541106671201075,0.07031252046385011
new_more,1000,NO0 0AC,offwind-float,0.49189219105651927,0.41519633759531327,0.076695853461206
new_more,1000,NO0 0AC,offwind-float,0.4685062818293751,0.3999618037608291,0.06854447806854597
new_more,1000,NO0 0AC,offwind-float,0.4636980823845645,0.3941390893510987,0.0695589930334658
new_more,1000,NO0 0AC,offwind-float,0.45800945895123774,0.3885416901094571,0.06946776884178063
new_more,1000,NO0 0AC,offwind-float,0.45156439713461655,0.38534859532158955,0.066215801813027
new_more,1000,NO0 0AC,offwind-float,0.4449507930732091,0.375470432165367,0.0694803609078421
new_more,1000,NO0 0AC,offwind-float,0.48421299567661047,0.4085929761634827,0.07562001951312775
new_more,1000,NO0 0AC,offwind-float,0.4611855367975181,0.39337244263274207,0.06781309416477604
new_more,1000,NO0 0AC,offwind-float,0.45645246890069924,0.3879799563779013,0.06847251252279796
new_more,1000,NO0 0AC,offwind-float,0.4508594137699138,0.3864844251253748,0.064374988644539
new_more,1000,NO0 0AC,offwind-float,0.44451482804333087,0.37977344307078637,0.0647413849725445
new_more,1000,NO0 0AC,offwind-float,0.4379976975818553,0.3640719374137878,0.07392576016806751
new_more,1000,NO0 0AC,offwind-float,0.47110513771665424,0.393348243508012,0.07775689420864224
new_more,1000,NO0 0AC,offwind-float,0.44870067573633915,0.38013355998415643,0.06856711575218272
new_more,1000,NO0 0AC,offwind-float,0.4440957378227268,0.37453683991815345,0.06955889790457337
new_more,1000,NO0 0AC,offwind-float,0.43864726459630893,0.37057904522855284,0.06806821936775609
new_more,1000,NO0 0AC,offwind-float,0.432481158888583,0.36688734296105846,0.06559381592752456
new_more,1000,NO0 0AC,offwind-float,0.4261470475922599,0.35371451405005927,0.07243253354220064
new_more,1000,NO0 0AC,offwind-float,0.49606723309672085,0.42000685524018566,0.07606037785653519
new_more,1000,NO0 0AC,offwind-float,0.47246951997161146,0.40386184023861693,0.06860767973299453
new_more,1000,NO0 0AC,offwind-float,0.4676138020743948,0.3978622523747586,0.0697515496996362
new_more,1000,NO0 0AC,offwind-float,0.46188398363082933,0.39454778288721587,0.06733620074361346
new_more,1000,NO0 0AC,offwind-float,0.4553844806839396,0.3906161757748705,0.0647683049090691
new_more,1000,NO0 0AC,offwind-float,0.4487081002133078,0.37698230975750036,0.07172579045580746
new_more,1000,NO0 0AC,offwind-float,0.47686062356174563,0.3997015511638318,0.07715907239791381
new_more,1000,NO0 0AC,offwind-float,0.45416945839779,0.3859054057467216,0.06826405265106839
new_more,1000,NO0 0AC,offwind-float,0.44950158666873863,0.3801725448751125,0.06932904179362614
new_more,1000,NO0 0AC,offwind-float,0.4439868743799612,0.375008501850352,0.0689783725296092
new_more,1000,NO0 0AC,offwind-float,0.4377321775406836,0.37203663961996986,0.06569553792071375
new_more,1000,NO0 0AC,offwind-float,0.4313211599193613,0.3606170745436218,0.07070408537573952
new_more,1000,NO0 0AC,offwind-float,0.5041263984626541,0.4281905564829364,0.07593584197971764
new_more,1000,NO0 0AC,offwind-float,0.48015925755553296,0.4111514832767099,0.06900777427882304
new_more,1000,NO0 0AC,offwind-float,0.4752314656237269,0.4052435296750488,0.06998793594867814
new_more,1000,NO0 0AC,offwind-float,0.4694083055616971,0.39914423618023653,0.07026406938146057
new_more,1000,NO0 0AC,offwind-float,0.4628097890182468,0.39438177310312383,0.06842801591512299
new_more,1000,NO0 0AC,offwind-float,0.45601795593312977,0.3840545213156005,0.07196343461752924
new_more,1000,NO0 0AC,offwind-float,0.5027713035086868,0.42664932690599605,0.07612197660269077
new_more,1000,NO0 0AC,offwind-float,0.4788751322036839,0.41008376618312103,0.06879136602056285
new_more,1000,NO0 0AC,offwind-float,0.4739605190296519,0.40431081550566206,0.06964970352398986
new_more,1000,NO0 0AC,offwind-float,0.46814614462451504,0.39777324023351474,0.0703729043910003
new_more,1000,NO0 0AC,offwind-float,0.46155852946963566,0.393378487410515,0.06818004205912065
new_more,1000,NO0 0AC,offwind-float,0.45479855152529924,0.38280363991147875,0.07199491161382049
new_more,1000,NO0 0AC,offwind-float,0.5006028458674805,0.4256491134810943,0.0749537323863862
new_more,1000,NO0 0AC,offwind-float,0.47680319572433005,0.4084434267726156,0.06835976895171447
new_more,1000,NO0 0AC,offwind-float,0.47190984647826684,0.40227046134210226,0.06963938513616458
new_more,1000,NO0 0AC,offwind-float,0.46612738725645536,0.4001888804353591,0.06593850682109625
new_more,1000,NO0 0AC,offwind-float,0.4595749908891041,0.39575930148243427,0.06381568940666982
new_more,1000,NO0 0AC,offwind-float,0.45283729792821026,0.37926509649276147,0.07357220143544879
new_more,1000,NO0 0AC,offwind-float,0.5082382973164589,0.4327814918663305,0.07545680545012834
new_more,1000,NO0 0AC,offwind-float,0.4840688325684127,0.41576971697744974,0.06829911559096297
new_more,1000,NO0 0AC,offwind-float,0.4790940980277123,0.4095034309038084,0.06959066712390388
new_more,1000,NO0 0AC,offwind-float,0.4732236079204808,0.4038677199506084,0.06935588796987241
new_more,1000,NO0 0AC,offwind-float,0.4665646328919296,0.40012443217580024,0.06644020071612938
new_more,1000,NO0 0AC,offwind-float,0.45973133564665697,0.38667565112828506,0.07305568451837191
new_more,1000,NO0 0AC,offwind-float,0.49223973432232726,0.41588232614968185,0.07635740817264541
new_more,1000,NO0 0AC,offwind-float,0.4688441170060494,0.40056672713180413,0.06827738987424525
new_more,1000,NO0 0AC,offwind-float,0.46402561174243256,0.3946239543778063,0.06940165736462628
new_more,1000,NO0 0AC,offwind-float,0.4583329288574067,0.389574737658408,0.06875819119899867
new_more,1000,NO0 0AC,offwind-float,0.4518900999222547,0.38633022105916287,0.06555987886309184
new_more,1000,NO0 0AC,offwind-float,0.44527172562366113,0.366302263402882,0.07896946222077911
new_more,1000,NO0 0AC,offwind-float,0.4652021414782579,0.3873924170438452,0.0778097244344127
new_more,1000,NO0 0AC,offwind-float,0.4430782187638314,0.37445445275508754,0.06862376600874387
new_more,1000,NO0 0AC,offwind-float,0.4385241759069376,0.3685626709433493,0.06996150496358827
new_more,1000,NO0 0AC,offwind-float,0.43315080176803394,0.3667620466599946,0.06638875510803932
new_more,1000,NO0 0AC,offwind-float,0.4270619603534045,0.36250347531329336,0.06455848504011114
new_more,1000,NO0 0AC,offwind-float,0.4208072185416316,0.3359924004901843,0.0848148180514473
new_more,1000,NO0 0AC,offwind-float,0.4985096943840133,0.42366970489703043,0.0748399894869829
new_more,1000,NO0 0AC,offwind-float,0.47479568905614256,0.4065450892757807,0.06825059978036185
new_more,1000,NO0 0AC,offwind-float,0.46992294250597,0.40123325862691767,0.06868968387905233
new_more,1000,NO0 0AC,offwind-float,0.4641580247269021,0.3999303545949414,0.06422767013196068
new_more,1000,NO0 0AC,offwind-float,0.4576333118731943,0.38934535122176805,0.06828796065142623
new_more,1000,NO0 0AC,offwind-float,0.45093082259537454,0.3767165646436876,0.07421425795168696
new_more,1000,NO0 0AC,offwind-float,0.4911710172766422,0.4159251847940891,0.07524583248255312
new_more,1000,NO0 0AC,offwind-float,0.4678128328860152,0.4000763737200802,0.06773645916593501
new_more,1000,NO0 0AC,offwind-float,0.4630117501885221,0.394453977196658,0.06855777299186411
new_more,1000,NO0 0AC,offwind-float,0.4573315024483124,0.39248245094813144,0.06484905150018094
new_more,1000,NO0 0AC,offwind-float,0.45090275065804486,0.3866709893227819,0.06423176133526298
new_more,1000,NO0 0AC,offwind-float,0.4442852424249107,0.3668953197962721,0.07738992262863859
new_more,1000,NO0 0AC,offwind-float,0.512665330044777,0.43778446935948545,0.07488086068529154
new_more,1000,NO0 0AC,offwind-float,0.4882856022970914,0.4202399143039249,0.06804568799316651
new_more,1000,NO0 0AC,offwind-float,0.4832744110859371,0.41419978137510177,0.06907462971083533
new_more,1000,NO0 0AC,offwind-float,0.47734590419328427,0.40984146848783026,0.067504435705454
new_more,1000,NO0 0AC,offwind-float,0.47063580808197125,0.40560559544732827,0.06503021263464298
new_more,1000,NO0 0AC,offwind-float,0.46374288447788375,0.3877843499497126,0.07595853452817114
new_more,1000,NO0 0AC,offwind-float,0.5175872027952523,0.44303902044366206,0.07454818235159022
new_more,1000,NO0 0AC,offwind-float,0.4929801603387924,0.42460560725513313,0.06837455308365925
new_more,1000,NO0 0AC,offwind-float,0.48792078968534414,0.4186591789429618,0.06926161074238235
new_more,1000,NO0 0AC,offwind-float,0.4819421433593886,0.4131687629106264,0.06877338044876224
new_more,1000,NO0 0AC,offwind-float,0.4751674374833657,0.40923219604848077,0.06593524143488494
new_more,1000,NO0 0AC,offwind-float,0.4682081437163425,0.3937357670174901,0.07447237669885243
new_more,1000,NO0 0AC,offwind-float,0.2826624840689383,0.19601516478492859,0.0866473192840097
new_more,1000,NO0 0AC,offwind-float,0.2691874700919308,0.18279854421517558,0.0863889258767552
new_more,1000,NO0 0AC,offwind-float,0.2664180056436381,0.1798743353775617,0.0865436702660764
new_more,1000,NO0 0AC,offwind-float,0.26314670531159756,0.17785173996053794,0.08529496535105963
new_more,1000,NO0 0AC,offwind-float,0.2594407797338282,0.17511834176857555,0.08432243796525263
new_more,1000,NO0 0AC,offwind-float,0.2556341885798627,0.171578789732046,0.08405539884781671
new_more,1000,NL2 0AC,offwind-dc,0.5077935440646675,0.5044915124872352,0.0033020315774322517
new_more,1000,NL2 0AC,offwind-dc,0.48364539364698766,0.47701775203627184,0.006627641610715829
new_more,1000,NL2 0AC,offwind-dc,0.47868182409966287,0.46928376061881316,0.009398063480849705
new_more,1000,NL2 0AC,offwind-dc,0.4728163857140578,0.4603016335691264,0.012514752144931418
new_more,1000,NL2 0AC,offwind-dc,0.46616996146850626,0.45040668815047435,0.0157632733180319
new_more,1000,NL2 0AC,offwind-dc,0.4593424445738224,0.43816681053036477,0.021175634043457625
new_more,1000,NL2 0AC,offwind-dc,0.5073076545171172,0.5040421485376015,0.0032655059795156927
new_more,1000,NL2 0AC,offwind-dc,0.48318278974284223,0.4759017970920132,0.0072809926508290435
new_more,1000,NL2 0AC,offwind-dc,0.4782239678198744,0.4682176732115161,0.010006294608358335
new_more,1000,NL2 0AC,offwind-dc,0.4723573530357223,0.4592837186002718,0.01307363443545051
new_more,1000,NL2 0AC,offwind-dc,0.4657105927158268,0.4494336516396509,0.016276941076175944
new_more,1000,NL2 0AC,offwind-dc,0.4588898037276559,0.43919856884094594,0.019691234886709985
new_more,1000,NL2 0AC,offwind-dc,0.5073700451783519,0.5041565174427488,0.0032135277356031278
new_more,1000,NL2 0AC,offwind-dc,0.4832352004514191,0.4746671274042177,0.008568073047201419
new_more,1000,NL2 0AC,offwind-dc,0.4782758406463575,0.46704893922969576,0.011226901416661716
new_more,1000,NL2 0AC,offwind-dc,0.4724085883265681,0.45818910780377137,0.014219480522796757
new_more,1000,NL2 0AC,offwind-dc,0.4657678965271106,0.4484546635464449,0.01731323298066567
new_more,1000,NL2 0AC,offwind-dc,0.45894626826834733,0.4379636837987111,0.020982584469636245
new_more,1000,NL2 0AC,offwind-dc,0.5127142873816309,0.5096250313488659,0.0030892560327649976
new_more,1000,NL2 0AC,offwind-dc,0.48834553690543697,0.48117224947385284,0.00717328743158413
new_more,1000,NL2 0AC,offwind-dc,0.4833268841610499,0.47339435254130846,0.009932531619741447
new_more,1000,NL2 0AC,offwind-dc,0.4774045283989834,0.46443161976541864,0.012972908633564761
new_more,1000,NL2 0AC,offwind-dc,0.4706800446523527,0.45450216439484464,0.016177880257508048
new_more,1000,NL2 0AC,offwind-dc,0.46377967282740673,0.43880753213994306,0.024972140687463673
new_more,1000,NL2 0AC,offwind-dc,0.5073621500816744,0.5044654616235336,0.002896688458140839
new_more,1000,NL2 0AC,offwind-dc,0.48324778084974634,0.475448303172192,0.007799477677554345
new_more,1000,NL2 0AC,offwind-dc,0.4782882919342189,0.4678148676291761,0.010473424305042778
new_more,1000,NL2 0AC,offwind-dc,0.4724276756215503,0.45900586751385375,0.013421808107696553
new_more,1000,NL2 0AC,offwind-dc,0.46578671551019835,0.4493063508991629,0.01648036461103547
new_more,1000,NL2 0AC,offwind-dc,0.4589648116289463,0.4389242483896575,0.020040563239288822
new_more,1000,NL2 0AC,offwind-dc,0.5085006217421905,0.5054303936132516,0.0030702281289388678
new_more,1000,NL2 0AC,offwind-dc,0.4843255870168302,0.47389738244484597,0.010428204571984234
new_more,1000,NL2 0AC,offwind-dc,0.4793550367618605,0.4663395770594539,0.013015459702406584
new_more,1000,NL2 0AC,offwind-dc,0.4734745084162238,0.4576451428684429,0.015829365547780916
new_more,1000,NL2 0AC,offwind-dc,0.46681206722293217,0.44801302621611483,0.01879904100681734
new_more,1000,NL2 0AC,offwind-dc,0.459968299891779,0.4354886143300074,0.024479685561771602
new_more,1000,NL2 0AC,offwind-dc,0.5163685868797712,0.5132720357805441,0.0030965510992270184
new_more,1000,NL2 0AC,offwind-dc,0.49181944201016137,0.4857248989784913,0.006094543031670063
new_more,1000,NL2 0AC,offwind-dc,0.4867719836094187,0.4777882618898056,0.008983721719613091
new_more,1000,NL2 0AC,offwind-dc,0.4808006470323372,0.46867311396688993,0.012127533065447282
new_more,1000,NL2 0AC,offwind-dc,0.47403521273944216,0.45864067495758304,0.015394537781859119
new_more,1000,NL2 0AC,offwind-dc,0.4670925015157114,0.4474529256829596,0.019639575832751832
new_more,1000,NL2 0AC,offwind-dc,0.5094607745311059,0.5064637866972593,0.0029969878338466094
new_more,1000,NL2 0AC,offwind-dc,0.4852331319949276,0.4754896742236619,0.009743457771265729
new_more,1000,NL2 0AC,offwind-dc,0.4802532677618341,0.4679052206648855,0.012348047096948589
new_more,1000,NL2 0AC,offwind-dc,0.47436857398462473,0.4591801276200941,0.01518844636453065
new_more,1000,NL2 0AC,offwind-dc,0.4677003304830852,0.44951708818510605,0.01818324229797913
new_more,1000,NL2 0AC,offwind-dc,0.46085039983126197,0.4389669746089114,0.021883425222350594
new_more,1000,NL2 0AC,offwind-dc,0.514161606435785,0.5111635573284796,0.0029980491073053894
new_more,1000,NL2 0AC,offwind-dc,0.4897240664646265,0.4819855579148036,0.007738508549822942
new_more,1000,NL2 0AC,offwind-dc,0.48469128616170754,0.47423232221805933,0.010458963943648203
new_more,1000,NL2 0AC,offwind-dc,0.4787453948647349,0.46528611783129037,0.013459277033444517
new_more,1000,NL2 0AC,offwind-dc,0.4720156259818953,0.45541128719207613,0.01660433878981915
new_more,1000,NL2 0AC,offwind-dc,0.46510249358959316,0.4411213655053781,0.023981128084215042
new_more,1000,NL2 0AC,offwind-dc,0.5095126080110824,0.506473692976638,0.0030389150344444227
new_more,1000,NL2 0AC,offwind-dc,0.4852827351479155,0.4776988711497895,0.007583863998125995
new_more,1000,NL2 0AC,offwind-dc,0.4803023618461885,0.4699958304641593,0.010306531382029194
new_more,1000,NL2 0AC,offwind-dc,0.4744170665037798,0.46111468763467234,0.013302378869107456
new_more,1000,NL2 0AC,offwind-dc,0.4677481413383539,0.4513055625991654,0.01644257873918853
new_more,1000,NL2 0AC,offwind-dc,0.46089071534600456,0.4404415874175718,0.020449127928432786
new_more,1000,NL2 0AC,offwind-dc,0.5130781752903465,0.5097276014690645,0.00335057382128201
new_more,1000,NL2 0AC,offwind-dc,0.48867857324958797,0.48290881048917267,0.005769762760415298
new_more,1000,NL2 0AC,offwind-dc,0.4836633490450911,0.4750075822956533,0.008655766749437799
new_more,1000,NL2 0AC,offwind-dc,0.47773687047336916,0.4658777852335899,0.011859085239779243
new_more,1000,NL2 0AC,offwind-dc,0.4710212785124163,0.45581948195002553,0.01520179656239079
new_more,1000,NL2 0AC,offwind-dc,0.4641158602984818,0.4435198653647737,0.02059599493370806
new_more,1000,NL2 0AC,offwind-dc,0.5109501230078153,0.5079316137796025,0.0030185092282127846
new_more,1000,NL2 0AC,offwind-dc,0.48665187481787264,0.4782191219705275,0.008432752847345126
new_more,1000,NL2 0AC,offwind-dc,0.48165064679715885,0.47052338801585847,0.011127258781300386
new_more,1000,NL2 0AC,offwind-dc,0.4757488304967611,0.4616848784805523,0.014063952016208803
new_more,1000,NL2 0AC,offwind-dc,0.4690544044100871,0.45189640710205575,0.01715799730803136
new_more,1000,NL2 0AC,offwind-dc,0.4621846420158148,0.4408036367831256,0.021381005232689154
new_more,1000,NL2 0AC,offwind-dc,0.5114790767316136,0.5081049992273456,0.0033740775042679916
new_more,1000,NL2 0AC,offwind-dc,0.4871690344694418,0.48097968438922467,0.006189350080217149
new_more,1000,NL2 0AC,offwind-dc,0.4821693024019901,0.473138192247681,0.009031110154309074
new_more,1000,NL2 0AC,offwind-dc,0.4762611308519456,0.46405993164114817,0.012201199210797431
new_more,1000,NL2 0AC,offwind-dc,0.4695595045723584,0.4540350133114037,0.015524491260954676
new_more,1000,NL2 0AC,offwind-dc,0.4626755612946754,0.4428375915818447,0.019837969712830694
