scenario,split,region,wake_loss,weight
base,100000,BE2 0AC_00000 0 offwind-dc,0.0,1040.0000000000034
base,100000,DE2 0AC_00000 0 offwind-dc,0.0,25723.000000000007
base,100000,DK2 0AC_00000 0 offwind-dc,0.0,10000.000000000045
base,100000,FR2 0AC_00000 0 offwind-dc,0.0,168.00000000000037
base,100000,GB1 0AC_00001 0 offwind-dc,0.0,39899.14412557044
base,100000,NL2 0AC_00000 0 offwind-dc,0.0,20999.999999999825
base,100000,GB4 0AC_00002 0 offwind-ac,0.0,100.85587442667095
base,100000,GB1 0AC_00000 0 offwind-float,0.0,6.3175174106873e-10
base,100000,GB1 0AC_00004 0 offwind-float,0.0,5.162021207001863e-10
base,100000,GB4 0AC_00000 0 offwind-float,0.0,8.737386837488656e-10
base,100000,GB4 0AC_00001 0 offwind-float,0.0,8.80443723729021e-10
base,100000,NL2 0AC_00001 0 offwind-float,0.0,2.2296580799318831e-10
base,100000,NO0 0AC_00000 0 offwind-float,0.0,3.270238768291472e-09
base,100000,NO0 0AC_00001 0 offwind-float,0.0,2999.9999999915926
base,100000,NO0 0AC_00003 0 offwind-float,0.0,5.146908700986165e-09
standard,100000,GB1 0AC_00000 0 offwind-float,0.11451107704452268,0.00030186771022758403
standard,100000,GB1 0AC_00004 0 offwind-float,0.114522523362653,0.0002545930038653329
standard,100000,GB4 0AC_00000 0 offwind-float,0.1145446250417238,0.00030489989212285657
standard,100000,GB4 0AC_00001 0 offwind-float,0.11453259830128792,0.0001971415243758528
standard,100000,NL2 0AC_00001 0 offwind-float,0.11454200429308714,6.814808315362962e-05
standard,100000,NO0 0AC_00000 0 offwind-float,0.1145232022602437,0.0009520615062141677
standard,100000,NO0 0AC_00001 0 offwind-float,0.11452220944119929,2999.9979069360297
standard,100000,NO0 0AC_00003 0 offwind-float,0.11453346938330067,0.0012762748754989656
standard,100000,GB4 0AC_00002 0 offwind-ac,0.11456281185968509,100.85587425825489
standard,100000,BE2 0AC_00000 0 offwind-dc,0.11453403834307163,1040.0000046404248
standard,100000,DE2 0AC_00000 0 offwind-dc,0.11450000000000016,25723.00000040642
standard,100000,DK2 0AC_00000 0 offwind-dc,0.11450000000000005,10000.000063480906
standard,100000,FR2 0AC_00000 0 offwind-dc,0.11456687869808324,168.00001783238162
standard,100000,GB1 0AC_00001 0 offwind-dc,0.11450000000000005,39899.1431018954
standard,100000,NL2 0AC_00000 0 offwind-dc,0.11452220815564718,21000.000072687144
glaum,100000,GB4 0AC_00001 0 offwind-float,0.09402178559285101,8.744818681250642e-08
glaum,100000,NL2 0AC_00001 0 offwind-float,0.09404297672449113,1.816435145347498e-08
glaum,100000,BE2 0AC_00000 0 offwind-dc,0.09401144592514865,1040.0000000028388
glaum,100000,FR2 0AC_00000 0 offwind-dc,0.09404448629439333,168.00000000134114
glaum,100000,GB4 0AC_00002 0 offwind-ac,0.09406426600211704,100.855874426653
glaum,100000,NO0 0AC_00003 0 offwind-float,0.09403424423447859,999.9999992617612
glaum,100000,GB1 0AC_00000 0 offwind-float,0.19935941636857646,1.7118347869451028e-07
glaum,100000,GB1 0AC_00004 0 offwind-float,0.19925596793732758,1.4427753045037566e-07
glaum,100000,GB4 0AC_00000 0 offwind-float,0.18187391819360477,2.141259311586733e-07
glaum,100000,NO0 0AC_00000 0 offwind-float,0.12493598988837173,6.455522873827103e-07
glaum,100000,NO0 0AC_00001 0 offwind-float,0.09401074305006285,2000.000000097547
glaum,100000,DE2 0AC_00000 0 offwind-dc,0.25954851672559454,25723.00000000047
glaum,100000,DK2 0AC_00000 0 offwind-dc,0.1867636325995372,10000.000000004587
glaum,100000,GB1 0AC_00001 0 offwind-dc,0.2809447021361876,39899.14412497582
glaum,100000,NL2 0AC_00000 0 offwind-dc,0.24601829687205323,20999.999999988115
new_more,100000,NL2 0AC_00001 0 offwind-float,0.1114899108132873,1.068695853350719e-09
new_more,100000,BE2 0AC_00000 0 offwind-dc,0.14846297034868206,1040.000000000087
new_more,100000,FR2 0AC_00000 0 offwind-dc,0.14254089189440589,168.00000000000912
new_more,100000,NO0 0AC_00003 0 offwind-float,0.11148134648562535,635.9471932711699
new_more,100000,DE2 0AC_00000 0 offwind-dc,0.15128485050636165,25723.00000000023
new_more,100000,DK2 0AC_00000 0 offwind-dc,0.14469321988768946,10000.000000000002
new_more,100000,GB1 0AC_00001 0 offwind-dc,0.1514669328746382,39899.14412538663
new_more,100000,NO0 0AC_00001 0 offwind-float,0.11145829789010786,1928.5032387614594
new_more,100000,GB4 0AC_00002 0 offwind-ac,0.15595680229181907,100.8558744266675
new_more,100000,NL2 0AC_00000 0 offwind-dc,0.1490682768907461,20999.99999999967
new_more,100000,GB1 0AC_00000 0 offwind-float,0.150165430101445,1.1764114589267612e-08
new_more,100000,GB1 0AC_00004 0 offwind-float,0.15723929666579284,1.3061225757505412e-08
new_more,100000,GB4 0AC_00000 0 offwind-float,0.15637119032447977,1.8094205681602693e-08
new_more,100000,NO0 0AC_00000 0 offwind-float,0.11147104397688301,435.54956796795756
new_more,100000,GB4 0AC_00001 0 offwind-float,0.11641375552015976,1.454049249830937e-07
base,10000,BE2 0AC_00000 0 offwind-dc,0.0,1040.0000030857366
base,10000,DE2 0AC_00000 0 offwind-dc,0.0,3441.303964258294
base,10000,DE2 0AC_00001 0 offwind-dc,0.0,6874.8901612641785
base,10000,DE2 0AC_00002 0 offwind-dc,0.0,13063.23681199617
base,10000,DE2 0AC_00003 0 offwind-dc,0.0,0.013970065815241614
base,10000,DE2 0AC_00005 0 offwind-dc,0.0,1908.8956199281574
base,10000,DK2 0AC_00000 0 offwind-dc,0.0,0.0016375622789997994
base,10000,DK2 0AC_00001 0 offwind-dc,0.0,0.0019326784301604825
base,10000,DK2 0AC_00002 0 offwind-dc,0.0,0.0026571510267986266
base,10000,DK2 0AC_00003 0 offwind-dc,0.0,0.0018600345897280181
base,10000,DK2 0AC_00005 0 offwind-dc,0.0,8519.566680740385
base,10000,FR2 0AC_00000 0 offwind-dc,0.0,168.00001965555265
base,10000,GB1 0AC_00007 0 offwind-dc,0.0,0.006186156622319969
base,10000,GB1 0AC_00016 0 offwind-dc,0.0,10379.542608852595
base,10000,GB1 0AC_00019 0 offwind-dc,0.0,0.006606078466054631
base,10000,GB1 0AC_00022 0 offwind-dc,0.0,0.009589068895447082
base,10000,GB1 0AC_00024 0 offwind-dc,0.0,1869.7405452436494
base,10000,GB1 0AC_00025 0 offwind-dc,0.0,9067.499267254068
base,10000,NL2 0AC_00000 0 offwind-dc,0.0,0.04119436320201712
base,10000,NL2 0AC_00001 0 offwind-dc,0.0,3681.6061247409148
base,10000,NL2 0AC_00002 0 offwind-dc,0.0,0.07293250948182177
base,10000,NL2 0AC_00004 0 offwind-dc,0.0,9437.984835143208
base,10000,NL2 0AC_00005 0 offwind-dc,0.0,0.015074817435184372
base,10000,NL2 0AC_00006 0 offwind-dc,0.0,7880.269709048804
base,10000,NL2 0AC_00007 0 offwind-dc,0.0,0.009627999513903808
base,10000,NO0 0AC_00009 0 offwind-dc,0.0,2999.9945803981514
base,10000,DE2 0AC_00004 0 offwind-ac,0.0,434.65948524122604
base,10000,DK2 0AC_00004 0 offwind-ac,0.0,1480.4182090249392
base,10000,DK2 0AC_00006 0 offwind-ac,0.0,0.0005075500731185818
base,10000,DK2 0AC_00007 0 offwind-ac,0.0,0.0038449879732672908
base,10000,DK2 0AC_00008 0 offwind-ac,0.0,0.0029372029261627948
base,10000,GB1 0AC_00000 0 offwind-ac,0.0,6028.234344277573
base,10000,GB1 0AC_00002 0 offwind-ac,0.0,6335.750739428658
base,10000,GB1 0AC_00010 0 offwind-ac,0.0,2045.8380194417891
base,10000,GB1 0AC_00017 0 offwind-ac,0.0,4172.505554757197
base,10000,GB4 0AC_00009 0 offwind-ac,0.0,100.85587406130747
base,10000,NL2 0AC_00003 0 offwind-ac,0.0,0.0005357803022292913
base,10000,NO0 0AC_00008 0 offwind-ac,0.0,0.0002507534739441606
base,10000,GB1 0AC_00001 0 offwind-float,0.0,0.0006256614929940572
base,10000,GB1 0AC_00003 0 offwind-float,0.0,0.00045180993346402104
base,10000,GB1 0AC_00004 0 offwind-float,0.0,0.00047930216939939455
base,10000,GB1 0AC_00005 0 offwind-float,0.0,0.00046116442331699085
base,10000,GB1 0AC_00006 0 offwind-float,0.0,0.00046147480157214446
base,10000,GB1 0AC_00008 0 offwind-float,0.0,0.0004884686250512943
base,10000,GB1 0AC_00009 0 offwind-float,0.0,0.0004671100359254197
base,10000,GB1 0AC_00013 0 offwind-float,0.0,0.00034227969739930673
base,10000,GB1 0AC_00014 0 offwind-float,0.0,0.00042328770361704153
base,10000,GB1 0AC_00015 0 offwind-float,0.0,0.0004526685796783696
base,10000,GB1 0AC_00018 0 offwind-float,0.0,0.0004319225321530147
base,10000,GB1 0AC_00020 0 offwind-float,0.0,0.00043745071406452055
base,10000,GB1 0AC_00021 0 offwind-float,0.0,0.0004427312458606439
base,10000,GB1 0AC_00023 0 offwind-float,0.0,0.0005138632113564106
base,10000,GB4 0AC_00000 0 offwind-float,0.0,0.0006224347649083126
base,10000,GB4 0AC_00001 0 offwind-float,0.0,0.00026694220057344034
base,10000,GB4 0AC_00002 0 offwind-float,0.0,0.0007254126711123964
base,10000,GB4 0AC_00003 0 offwind-float,0.0,0.0006555565903862097
base,10000,GB4 0AC_00004 0 offwind-float,0.0,0.0003186144456920591
base,10000,GB4 0AC_00010 0 offwind-float,0.0,0.0005756047909425067
base,10000,GB4 0AC_00011 0 offwind-float,0.0,0.0005810732575108992
base,10000,GB4 0AC_00012 0 offwind-float,0.0,0.0005301382164563199
base,10000,GB4 0AC_00013 0 offwind-float,0.0,0.0005425893459183376
base,10000,NL2 0AC_00008 0 offwind-float,0.0,0.00011556309361468163
base,10000,NO0 0AC_00000 0 offwind-float,0.0,0.0003367760489456224
base,10000,NO0 0AC_00001 0 offwind-float,0.0,0.0003327747384200511
base,10000,NO0 0AC_00002 0 offwind-float,0.0,0.0003139930219422294
base,10000,NO0 0AC_00003 0 offwind-float,0.0,0.00031010850956127595
base,10000,NO0 0AC_00004 0 offwind-float,0.0,0.0003453697194037357
base,10000,NO0 0AC_00005 0 offwind-float,0.0,0.0003338685085504122
base,10000,NO0 0AC_00006 0 offwind-float,0.0,0.000342916086691547
base,10000,NO0 0AC_00007 0 offwind-float,0.0,0.0003160247753254422
base,10000,NO0 0AC_00010 0 offwind-float,0.0,0.00037095902188779244
base,10000,NO0 0AC_00011 0 offwind-float,0.0,0.0003649072508513569
base,10000,NO0 0AC_00012 0 offwind-float,0.0,0.00025380060793414556
base,10000,NO0 0AC_00015 0 offwind-float,0.0,8.047646185810945e-05
base,10000,NO0 0AC_00018 0 offwind-float,0.0,0.00028650267555957107
base,10000,NO0 0AC_00019 0 offwind-float,0.0,0.0003769362157853895
base,10000,NO0 0AC_00021 0 offwind-float,0.0,0.0003488603106828602
base,10000,NO0 0AC_00023 0 offwind-float,0.0,0.0003944228649755295
base,10000,NO0 0AC_00025 0 offwind-float,0.0,0.0003298056643080732
standard,10000,DE2 0AC_00004 0 offwind-ac,0.11459658491925029,434.6595234397296
standard,10000,DK2 0AC_00004 0 offwind-ac,0.11452178034792782,1480.4324096685464
standard,10000,DK2 0AC_00006 0 offwind-ac,0.1145777699734003,2.01101087311365e-11
standard,10000,DK2 0AC_00007 0 offwind-ac,0.11457340521209869,1.058594548889117e-10
standard,10000,DK2 0AC_00008 0 offwind-ac,0.11454754140027923,9.111454602965773e-11
standard,10000,GB1 0AC_00000 0 offwind-ac,0.11455430106476172,6028.234543038955
standard,10000,GB1 0AC_00002 0 offwind-ac,0.1145543879983063,6335.750971161426
standard,10000,GB1 0AC_00010 0 offwind-ac,0.11454662993081133,2045.8380594494515
standard,10000,GB1 0AC_00017 0 offwind-ac,0.11452602720176308,4172.505751248574
standard,10000,GB4 0AC_00009 0 offwind-ac,0.11456281185968509,100.85587442667114
standard,10000,NL2 0AC_00003 0 offwind-ac,0.11452751830643404,2.4327685515974583e-11
standard,10000,NO0 0AC_00008 0 offwind-ac,0.11465211424658217,7.911285068472061e-12
standard,10000,BE2 0AC_00000 0 offwind-dc,0.11453403834307163,1040.0000000000002
standard,10000,DE2 0AC_00000 0 offwind-dc,0.11454572366663629,2335.7812611964664
standard,10000,DE2 0AC_00001 0 offwind-dc,0.114522490247427,9423.892969099747
standard,10000,DE2 0AC_00002 0 offwind-dc,0.11451069813778714,13279.970279406498
standard,10000,DE2 0AC_00003 0 offwind-dc,0.11453387379414004,8.646124951827136e-10
standard,10000,DE2 0AC_00005 0 offwind-dc,0.11454477747819736,248.69596685669853
standard,10000,DK2 0AC_00000 0 offwind-dc,0.1145227880136469,3.932602160565182e-11
standard,10000,DK2 0AC_00001 0 offwind-dc,0.1145323443749694,5.065636070113556e-11
standard,10000,DK2 0AC_00002 0 offwind-dc,0.11452061774474465,6.568296676880409e-11
standard,10000,DK2 0AC_00003 0 offwind-dc,0.1145224753455043,4.544296063743472e-11
standard,10000,DK2 0AC_00005 0 offwind-dc,0.11454250122765253,8519.567590331037
standard,10000,FR2 0AC_00000 0 offwind-dc,0.11456687869808324,168.0
standard,10000,GB1 0AC_00007 0 offwind-dc,0.11450000000000005,1.7481485914036144e-10
standard,10000,GB1 0AC_00016 0 offwind-dc,0.1145552582291457,9692.656338205821
standard,10000,GB1 0AC_00019 0 offwind-dc,0.1145335292731906,1.7765711164507153e-10
standard,10000,GB1 0AC_00022 0 offwind-dc,0.1145657097470747,2.4161914026823e-10
standard,10000,GB1 0AC_00024 0 offwind-dc,0.11451118567667651,1869.7405905841445
standard,10000,GB1 0AC_00025 0 offwind-dc,0.114556395875832,9754.417871884116
standard,10000,NL2 0AC_00000 0 offwind-dc,0.11449999999999971,1.3660132047644934e-09
standard,10000,NL2 0AC_00001 0 offwind-dc,0.11451106941010103,3681.6063080219683
standard,10000,NL2 0AC_00002 0 offwind-dc,0.11452310187253101,75.03529216888337
standard,10000,NL2 0AC_00004 0 offwind-dc,0.11454354156058488,9363.087167835116
standard,10000,NL2 0AC_00005 0 offwind-dc,0.1145566221910056,1.3495029264661361e-09
standard,10000,NL2 0AC_00006 0 offwind-dc,0.11450000000000016,7880.271231970892
standard,10000,NL2 0AC_00007 0 offwind-dc,0.11452267784482073,3.9471275724158847e-10
standard,10000,NO0 0AC_00009 0 offwind-dc,0.11451060890358289,2999.9999999998836
standard,10000,GB1 0AC_00001 0 offwind-float,0.11452255050966242,1.0374890570730508e-11
standard,10000,GB1 0AC_00003 0 offwind-float,0.11455870223726805,8.256354539688355e-12
standard,10000,GB1 0AC_00004 0 offwind-float,0.11454460185961757,1.0736729952634964e-11
standard,10000,GB1 0AC_00005 0 offwind-float,0.11454550134901187,9.179716197145994e-12
standard,10000,GB1 0AC_00006 0 offwind-float,0.11456829616962316,1.0470901025146688e-11
standard,10000,GB1 0AC_00008 0 offwind-float,0.11453453441569428,8.664046629567166e-12
standard,10000,GB1 0AC_00009 0 offwind-float,0.11451104764089348,1.0422588950317642e-11
standard,10000,GB1 0AC_00013 0 offwind-float,0.11454586369952624,8.88242235398096e-12
standard,10000,GB1 0AC_00014 0 offwind-float,0.11456689522976904,9.83276818396307e-12
standard,10000,GB1 0AC_00015 0 offwind-float,0.1145467860277225,1.012719007817927e-11
standard,10000,GB1 0AC_00018 0 offwind-float,0.114511753415384,9.857617557640514e-12
standard,10000,GB1 0AC_00020 0 offwind-float,0.11454509811062918,8.416274669467757e-12
standard,10000,GB1 0AC_00021 0 offwind-float,0.11451122075388565,9.911654707908024e-12
standard,10000,GB1 0AC_00023 0 offwind-float,0.11452174350128763,8.905105303527432e-12
standard,10000,GB4 0AC_00000 0 offwind-float,0.11452243841891185,1.0710653752657047e-11
standard,10000,GB4 0AC_00001 0 offwind-float,0.11453259830128792,9.079980264837475e-12
standard,10000,GB4 0AC_00002 0 offwind-float,0.11456665674067423,1.1726234988385928e-11
standard,10000,GB4 0AC_00003 0 offwind-float,0.11454343655443344,1.1667485282429895e-11
standard,10000,GB4 0AC_00004 0 offwind-float,0.114510646859729,1.0388105145816696e-11
standard,10000,GB4 0AC_00010 0 offwind-float,0.11456592080318917,1.1174208184288004e-11
standard,10000,GB4 0AC_00011 0 offwind-float,0.11453484645279488,1.1489104850933185e-11
standard,10000,GB4 0AC_00012 0 offwind-float,0.11453327053966633,1.048914363865644e-11
standard,10000,GB4 0AC_00013 0 offwind-float,0.1145472119871287,1.0605203448508268e-11
standard,10000,NL2 0AC_00008 0 offwind-float,0.11454200429308703,4.7615952230409785e-12
standard,10000,NO0 0AC_00000 0 offwind-float,0.11451141194887093,6.594062809120345e-12
standard,10000,NO0 0AC_00001 0 offwind-float,0.11451139218061024,6.553169518464679e-12
standard,10000,NO0 0AC_00002 0 offwind-float,0.11453556092505157,6.847621181662515e-12
standard,10000,NO0 0AC_00003 0 offwind-float,0.11456030858760935,6.461792259951546e-12
standard,10000,NO0 0AC_00004 0 offwind-float,0.11455654669353543,7.01991845884981e-12
standard,10000,NO0 0AC_00005 0 offwind-float,0.11454587664919968,6.875504957155728e-12
standard,10000,NO0 0AC_00006 0 offwind-float,0.11452274099585968,6.939730416016049e-12
standard,10000,NO0 0AC_00007 0 offwind-float,0.11456431168727921,5.782753504088939e-12
standard,10000,NO0 0AC_00010 0 offwind-float,0.11452194407615313,7.306160905787387e-12
standard,10000,NO0 0AC_00011 0 offwind-float,0.11453276358140108,7.00176136077556e-12
standard,10000,NO0 0AC_00012 0 offwind-float,0.11461461152996633,4.690128418793866e-12
standard,10000,NO0 0AC_00015 0 offwind-float,0.11491022900856596,2.6332784048676285e-12
standard,10000,NO0 0AC_00018 0 offwind-float,0.1145623507280562,5.842407468127154e-12
standard,10000,NO0 0AC_00019 0 offwind-float,0.11452142659417008,7.617885238459888e-12
standard,10000,NO0 0AC_00021 0 offwind-float,0.11452158512226263,7.382365899751143e-12
standard,10000,NO0 0AC_00023 0 offwind-float,0.11454134366867419,7.943019084764881e-12
standard,10000,NO0 0AC_00025 0 offwind-float,0.11453391543813973,6.455498169518645e-12
glaum,10000,BE2 0AC_00000 0 offwind-dc,0.09401144592514865,1040.000025715171
glaum,10000,FR2 0AC_00000 0 offwind-dc,0.09404448629439333,168.00000040735608
glaum,10000,GB1 0AC_00024 0 offwind-dc,0.09401144463361799,1869.7405207842492
glaum,10000,DE2 0AC_00004 0 offwind-ac,0.0940858423444233,434.65952149705157
glaum,10000,DK2 0AC_00006 0 offwind-ac,0.09406534969994329,0.0008974485430498326
glaum,10000,DK2 0AC_00008 0 offwind-ac,0.09403586989606538,1785.864283637932
glaum,10000,GB4 0AC_00009 0 offwind-ac,0.09406426600211704,100.85587259492202
glaum,10000,NL2 0AC_00003 0 offwind-ac,0.09402815537620457,0.008512139740225327
glaum,10000,NO0 0AC_00008 0 offwind-ac,0.09411474197243408,0.00036921685032811305
glaum,10000,GB4 0AC_00001 0 offwind-float,0.09402178559285101,0.00031069836038800024
glaum,10000,GB4 0AC_00004 0 offwind-float,0.09401089334264745,0.0004912700925788308
glaum,10000,NL2 0AC_00008 0 offwind-float,0.09404297672449125,0.00016656600604372766
glaum,10000,NO0 0AC_00015 0 offwind-float,0.09435179522614379,0.00010313326275211728
glaum,10000,DE2 0AC_00000 0 offwind-dc,0.09402363640884681,2000.0163214553756
glaum,10000,DE2 0AC_00001 0 offwind-dc,0.17835224299214936,7329.53619670083
glaum,10000,DE2 0AC_00003 0 offwind-dc,0.09402384551565324,2000.0175809922973
glaum,10000,DE2 0AC_00005 0 offwind-dc,0.0940539934519159,2000.1410322171146
glaum,10000,DK2 0AC_00000 0 offwind-dc,0.12071996627182857,0.006135461249474306
glaum,10000,DK2 0AC_00001 0 offwind-dc,0.09403388364483667,214.11148839207038
glaum,10000,DK2 0AC_00005 0 offwind-dc,0.0940323110626956,2000.002522472529
glaum,10000,GB1 0AC_00007 0 offwind-dc,0.09400044369184313,2000.0074890528158
glaum,10000,GB1 0AC_00019 0 offwind-dc,0.09402262671334793,2000.0084706817054
glaum,10000,GB1 0AC_00022 0 offwind-dc,0.09406786130579647,2000.010710987242
glaum,10000,GB1 0AC_00025 0 offwind-dc,0.17633973230640576,6886.584253901339
glaum,10000,NL2 0AC_00001 0 offwind-dc,0.14698385359506172,3681.605887367189
glaum,10000,NL2 0AC_00004 0 offwind-dc,0.12351993621650481,2681.8062343363367
glaum,10000,NL2 0AC_00006 0 offwind-dc,0.1750174038013751,6636.526544683801
glaum,10000,NL2 0AC_00007 0 offwind-dc,0.09402394903961375,2000.0127552769973
glaum,10000,NO0 0AC_00009 0 offwind-dc,0.13267545578576123,2999.982873758635
glaum,10000,DK2 0AC_00004 0 offwind-ac,0.09402244981434915,2000.0024682221858
glaum,10000,DK2 0AC_00007 0 offwind-ac,0.09406225243282496,2000.0007788574503
glaum,10000,GB1 0AC_00000 0 offwind-ac,0.17153565682534722,6028.233840705283
glaum,10000,GB1 0AC_00002 0 offwind-ac,0.17339925624550023,6335.749144224079
glaum,10000,GB1 0AC_00010 0 offwind-ac,0.09664612104999903,2045.8379658124386
glaum,10000,GB1 0AC_00017 0 offwind-ac,0.15438722056156662,4172.504889949262
glaum,10000,GB1 0AC_00008 0 offwind-float,0.14807954757815134,0.0012531275172932886
glaum,10000,GB4 0AC_00000 0 offwind-float,0.145989855730275,0.0014830152435309479
glaum,10000,NO0 0AC_00007 0 offwind-float,0.14886359340355948,0.0008278412727745947
glaum,10000,NO0 0AC_00011 0 offwind-float,0.14633566907848872,0.0010060950597756144
glaum,10000,NO0 0AC_00012 0 offwind-float,0.14834548721596919,0.000654305096924826
glaum,10000,NO0 0AC_00018 0 offwind-float,0.14238471548062714,0.0007861262507057232
glaum,10000,NO0 0AC_00019 0 offwind-float,0.14648064584720444,0.001168766104052445
glaum,10000,NO0 0AC_00021 0 offwind-float,0.14413817652514227,0.0010842929330938625
glaum,10000,NO0 0AC_00023 0 offwind-float,0.144671166136085,0.001182021895025782
glaum,10000,NO0 0AC_00025 0 offwind-float,0.14738755415593996,0.0009431961059038049
glaum,10000,DE2 0AC_00002 0 offwind-dc,0.19058975462856909,11958.62941496535
glaum,10000,DK2 0AC_00002 0 offwind-dc,0.09402130919526241,2000.0009188237614
glaum,10000,DK2 0AC_00003 0 offwind-dc,0.12847983683890396,0.010906687950820561
glaum,10000,GB1 0AC_00016 0 offwind-dc,0.17466424239722445,6560.432047655133
glaum,10000,NL2 0AC_00000 0 offwind-dc,0.09400110238276893,2000.0175616816723
glaum,10000,NL2 0AC_00002 0 offwind-dc,0.09402438199414964,2000.0113247901586
glaum,10000,NL2 0AC_00005 0 offwind-dc,0.09404657819134687,2000.0115994211235
glaum,10000,GB1 0AC_00001 0 offwind-float,0.19419209286482086,0.00200180408047095
glaum,10000,GB1 0AC_00003 0 offwind-float,0.19807809981289004,0.001666424868553075
glaum,10000,GB1 0AC_00004 0 offwind-float,0.18670067819259206,0.0018320855640515058
glaum,10000,GB1 0AC_00005 0 offwind-float,0.1972587355303338,0.0018584916035987201
glaum,10000,GB1 0AC_00006 0 offwind-float,0.18375543698427954,0.0016851548101571106
glaum,10000,GB1 0AC_00009 0 offwind-float,0.18529477131926286,0.001721847654232091
glaum,10000,GB1 0AC_00013 0 offwind-float,0.1913139323735943,0.0016084232672321389
glaum,10000,GB1 0AC_00014 0 offwind-float,0.1923130960348165,0.001727623670129424
glaum,10000,GB1 0AC_00015 0 offwind-float,0.18656524852759626,0.0016475626554757407
glaum,10000,GB1 0AC_00018 0 offwind-float,0.18538662201224088,0.001596005203393037
glaum,10000,GB1 0AC_00020 0 offwind-float,0.20419493584814186,0.0017839871670217093
glaum,10000,GB1 0AC_00021 0 offwind-float,0.18553943977787068,0.0015987628628306172
glaum,10000,GB1 0AC_00023 0 offwind-float,0.19906607959263445,0.0017228106618577832
glaum,10000,GB4 0AC_00002 0 offwind-float,0.18699019442387277,0.0020117810158857934
glaum,10000,GB4 0AC_00003 0 offwind-float,0.184779556864769,0.0019610248212345405
glaum,10000,GB4 0AC_00010 0 offwind-float,0.18378353579857054,0.0017864879843646746
glaum,10000,GB4 0AC_00011 0 offwind-float,0.18287147062095643,0.001762808189634384
glaum,10000,GB4 0AC_00012 0 offwind-float,0.18486472057837078,0.0016612060171938355
glaum,10000,GB4 0AC_00013 0 offwind-float,0.1846329832312945,0.001658553465087433
glaum,10000,NO0 0AC_00000 0 offwind-float,0.1909132250726865,0.0012435062593316108
glaum,10000,NO0 0AC_00001 0 offwind-float,0.19054589304909164,0.0012209220283637525
glaum,10000,NO0 0AC_00002 0 offwind-float,0.1865336391733874,0.0011705486796138888
glaum,10000,NO0 0AC_00003 0 offwind-float,0.18849966383786476,0.0011324829519609794
glaum,10000,NO0 0AC_00004 0 offwind-float,0.18865771734447223,0.0012944012572564418
glaum,10000,NO0 0AC_00005 0 offwind-float,0.1883880049794654,0.0012453366234678716
glaum,10000,NO0 0AC_00006 0 offwind-float,0.18896176231041473,0.001274866547165402
glaum,10000,NO0 0AC_00010 0 offwind-float,0.19331086834340705,0.0014298604271251172
new_more,10000,DK2 0AC_00006 0 offwind-ac,0.1115257997746597,5.291376384078282e-08
new_more,10000,NL2 0AC_00003 0 offwind-ac,0.11147537489475079,5.837504957615695e-08
new_more,10000,NL2 0AC_00008 0 offwind-float,0.1114899108132873,9.113049709329397e-09
new_more,10000,DE2 0AC_00004 0 offwind-ac,0.12628423439057868,434.659523439343
new_more,10000,DK2 0AC_00007 0 offwind-ac,0.11152142001798249,211.514940511096
new_more,10000,DK2 0AC_00008 0 offwind-ac,0.11149546704349877,237.29221266214606
new_more,10000,GB1 0AC_00010 0 offwind-ac,0.14923696910108142,2045.8380594428768
new_more,10000,GB1 0AC_00017 0 offwind-ac,0.15093092018832988,4172.505751217819
new_more,10000,GB4 0AC_00004 0 offwind-float,0.13095495705955074,3.95264773701541e-08
new_more,10000,NO0 0AC_00007 0 offwind-float,0.13287949440351088,2.3207764880525116e-08
new_more,10000,NO0 0AC_00012 0 offwind-float,0.13516602490084273,1.997034912385708e-08
new_more,10000,NO0 0AC_00015 0 offwind-float,0.13374274173927636,9.447932952041214e-09
new_more,10000,NO0 0AC_00018 0 offwind-float,0.13572342713419683,2.6048467600979864e-08
new_more,10000,NO0 0AC_00019 0 offwind-float,0.13333673340031926,3.185280893274591e-08
new_more,10000,NO0 0AC_00021 0 offwind-float,0.1342927222718544,3.1576518005946725e-08
new_more,10000,NO0 0AC_00025 0 offwind-float,0.1345481805662172,2.7522452803040245e-08
new_more,10000,BE2 0AC_00000 0 offwind-dc,0.1484629703487077,1040.0000000021876
new_more,10000,DE2 0AC_00005 0 offwind-dc,0.1514843278268928,5870.4383972794785
new_more,10000,DK2 0AC_00001 0 offwind-dc,0.12287442617404454,4.655830767608109e-07
new_more,10000,FR2 0AC_00000 0 offwind-dc,0.1425408918945289,168.0000000014036
new_more,10000,GB1 0AC_00007 0 offwind-dc,0.11144776187335115,243.4456238747225
new_more,10000,GB1 0AC_00024 0 offwind-dc,0.14771925785975637,1869.7405905747019
new_more,10000,NL2 0AC_00001 0 offwind-dc,0.14980223738104403,3681.6063080018043
new_more,10000,DK2 0AC_00004 0 offwind-ac,0.14993856859018784,2870.134020197957
new_more,10000,GB1 0AC_00000 0 offwind-ac,0.15387483582289896,6028.234543011729
new_more,10000,GB1 0AC_00002 0 offwind-ac,0.1529450307333392,6320.0597794803625
new_more,10000,GB4 0AC_00009 0 offwind-ac,0.15595680229182518,100.85587442654787
new_more,10000,NO0 0AC_00008 0 offwind-ac,0.1439396943691751,4.0270147022038275e-08
new_more,10000,GB1 0AC_00008 0 offwind-float,0.14443630838627886,5.812568485914378e-08
new_more,10000,NO0 0AC_00011 0 offwind-float,0.14371347287221048,4.4730288030751296e-08
new_more,10000,NO0 0AC_00023 0 offwind-float,0.14354645947117972,5.03809011938703e-08
new_more,10000,DE2 0AC_00000 0 offwind-dc,0.15185525719212978,2533.852282016905
new_more,10000,DE2 0AC_00001 0 offwind-dc,0.15181041244330662,5196.144914094613
new_more,10000,DK2 0AC_00000 0 offwind-dc,0.13815109476145493,3.176606489452088e-07
new_more,10000,DK2 0AC_00005 0 offwind-dc,0.15184007212186346,6528.477255172009
new_more,10000,GB1 0AC_00019 0 offwind-dc,0.11146946202485664,294.7546761684393
new_more,10000,GB1 0AC_00022 0 offwind-dc,0.11151369825177015,321.2137655990257
new_more,10000,GB1 0AC_00025 0 offwind-dc,0.1548454829450414,8908.333130972856
new_more,10000,NL2 0AC_00004 0 offwind-dc,0.1518305772148153,7801.605523985102
new_more,10000,NL2 0AC_00006 0 offwind-dc,0.1534436359169019,6223.561159010757
new_more,10000,NL2 0AC_00007 0 offwind-dc,0.11147051819888665,316.75977528756044
new_more,10000,NO0 0AC_00009 0 offwind-dc,0.14993854992579192,2999.99999915038
new_more,10000,GB1 0AC_00001 0 offwind-float,0.1504082653249722,8.586852603829559e-08
new_more,10000,GB1 0AC_00003 0 offwind-float,0.1510303779624762,6.94571060852851e-08
new_more,10000,GB1 0AC_00005 0 offwind-float,0.15144018716396523,8.201589690415912e-08
new_more,10000,GB1 0AC_00020 0 offwind-float,0.1512151586376349,7.362546879175917e-08
new_more,10000,GB1 0AC_00023 0 offwind-float,0.15169870585806333,7.723564002274347e-08
new_more,10000,GB4 0AC_00000 0 offwind-float,0.14906396181866577,8.689581327056741e-08
new_more,10000,NO0 0AC_00010 0 offwind-float,0.1500864093260278,5.8998669719128797e-08
new_more,10000,DE2 0AC_00002 0 offwind-dc,0.15186814426181128,6126.4231403440635
new_more,10000,DE2 0AC_00003 0 offwind-dc,0.15183245860484773,5561.481742825915
new_more,10000,DK2 0AC_00002 0 offwind-dc,0.11146845066963462,152.58157016749453
new_more,10000,DK2 0AC_00003 0 offwind-dc,0.14027831253403122,4.697871742134189e-07
new_more,10000,GB1 0AC_00016 0 offwind-dc,0.1545336449180914,9695.01820290563
new_more,10000,NL2 0AC_00002 0 offwind-dc,0.14274432648776325,1281.5870722494665
new_more,10000,GB4 0AC_00002 0 offwind-float,0.15659072751168857,1.1683356514521108e-07
new_more,10000,GB4 0AC_00003 0 offwind-float,0.1559617664880627,1.134471983540669e-07
new_more,10000,NO0 0AC_00000 0 offwind-float,0.1568880223955631,6.546195604721248e-08
new_more,10000,NO0 0AC_00004 0 offwind-float,0.15667738521526486,6.84538228732806e-08
new_more,10000,NO0 0AC_00006 0 offwind-float,0.15669099282879972,6.78791422944059e-08
new_more,10000,NL2 0AC_00000 0 offwind-dc,0.14210034839807417,1331.2058724637643
new_more,10000,NL2 0AC_00005 0 offwind-dc,0.11150464112016989,363.6742889439655
new_more,10000,GB1 0AC_00004 0 offwind-float,0.1640472724130697,1.2595153264288912e-07
new_more,10000,GB1 0AC_00006 0 offwind-float,0.16403859175645152,1.1855550282336906e-07
new_more,10000,GB1 0AC_00009 0 offwind-float,0.16432734282076555,1.230795819640373e-07
new_more,10000,GB1 0AC_00013 0 offwind-float,0.16340563791312857,1.049609552665131e-07
new_more,10000,GB1 0AC_00014 0 offwind-float,0.16467110366609594,1.1631146456041693e-07
new_more,10000,GB1 0AC_00015 0 offwind-float,0.1647805541852867,1.2127019229888522e-07
new_more,10000,GB1 0AC_00018 0 offwind-float,0.16429254461419807,1.1157746207334967e-07
new_more,10000,GB1 0AC_00021 0 offwind-float,0.16516124522006115,1.1599699043158803e-07
new_more,10000,GB4 0AC_00001 0 offwind-float,0.1624295515957317,1.5153346331395646e-07
new_more,10000,GB4 0AC_00010 0 offwind-float,0.16308539576270775,1.2681752091648771e-07
new_more,10000,GB4 0AC_00011 0 offwind-float,0.1625836203806429,1.2463487533938307e-07
new_more,10000,GB4 0AC_00012 0 offwind-float,0.16305192470881558,1.1702264431879551e-07
new_more,10000,GB4 0AC_00013 0 offwind-float,0.16313344814499198,1.1743453410818172e-07
new_more,10000,NO0 0AC_00001 0 offwind-float,0.16386443309351595,7.806640085530475e-08
new_more,10000,NO0 0AC_00002 0 offwind-float,0.16342637269734184,7.693653095259476e-08
new_more,10000,NO0 0AC_00003 0 offwind-float,0.1620966096503741,7.105571445241562e-08
new_more,10000,NO0 0AC_00005 0 offwind-float,0.16353813231186598,7.981646416015995e-08
base,1000,BE2 0AC_00000 0 offwind-dc,0.0,0.0045318215113532645
base,1000,BE2 0AC_00002 0 offwind-dc,0.0,0.003312562394422015
base,1000,DE2 0AC_00000 0 offwind-dc,0.0,1411.8088888751527
base,1000,DE2 0AC_00001 0 offwind-dc,0.0,0.014106988486967375
base,1000,DE2 0AC_00002 0 offwind-dc,0.0,0.02290831878561147
base,1000,DE2 0AC_00003 0 offwind-dc,0.0,1515.6986318442948
base,1000,DE2 0AC_00004 0 offwind-dc,0.0,0.047230205828599915
base,1000,DE2 0AC_00005 0 offwind-dc,0.0,415.7564560218266
base,1000,DE2 0AC_00006 0 offwind-dc,0.0,0.01964546199465538
base,1000,DE2 0AC_00007 0 offwind-dc,0.0,0.013719883924290133
base,1000,DE2 0AC_00008 0 offwind-dc,0.0,156.81043396242995
base,1000,DE2 0AC_00009 0 offwind-dc,0.0,0.01750809242815288
base,1000,DE2 0AC_00010 0 offwind-dc,0.0,951.4123354035394
base,1000,DE2 0AC_00011 0 offwind-dc,0.0,877.3765186710664
base,1000,DE2 0AC_00012 0 offwind-dc,0.0,0.011514530452156278
base,1000,DE2 0AC_00013 0 offwind-dc,0.0,2693.9906883431227
base,1000,DE2 0AC_00014 0 offwind-dc,0.0,0.007963076728003494
base,1000,DE2 0AC_00015 0 offwind-dc,0.0,987.2387638962192
base,1000,DE2 0AC_00016 0 offwind-dc,0.0,0.0750945513470289
base,1000,DE2 0AC_00017 0 offwind-dc,0.0,1737.8845420582259
base,1000,DE2 0AC_00018 0 offwind-dc,0.0,2311.36238458683
base,1000,DE2 0AC_00019 0 offwind-dc,0.0,1427.2352288832246
base,1000,DE2 0AC_00020 0 offwind-dc,0.0,1358.5491742205716
base,1000,DE2 0AC_00021 0 offwind-dc,0.0,0.034846766982467185
base,1000,DE2 0AC_00022 0 offwind-dc,0.0,0.002354984991343193
base,1000,DE2 0AC_00023 0 offwind-dc,0.0,0.37756868689118483
base,1000,DE2 0AC_00024 0 offwind-dc,0.0,2237.4130657042087
base,1000,DE2 0AC_00025 0 offwind-dc,0.0,2266.078880657529
base,1000,DE2 0AC_00026 0 offwind-dc,0.0,0.0034897930739857834
base,1000,DE2 0AC_00028 0 offwind-dc,0.0,337.83077416764587
base,1000,DE2 0AC_00029 0 offwind-dc,0.0,2266.942624877852
base,1000,DE2 0AC_00030 0 offwind-dc,0.0,958.2566236375055
base,1000,DE2 0AC_00031 0 offwind-dc,0.0,165.19627556786298
base,1000,DE2 0AC_00032 0 offwind-dc,0.0,1421.066236457884
base,1000,DE2 0AC_00033 0 offwind-dc,0.0,0.013407811211076055
base,1000,DE2 0AC_00034 0 offwind-dc,0.0,3.9643035101630626
base,1000,DE2 0AC_00035 0 offwind-dc,0.0,78.13171354614376
base,1000,DE2 0AC_00036 0 offwind-dc,0.0,0.00903256817709998
base,1000,DE2 0AC_00037 0 offwind-dc,0.0,0.0032865422981900143
base,1000,DE2 0AC_00038 0 offwind-dc,0.0,0.017680841939933006
base,1000,DE2 0AC_00043 0 offwind-dc,0.0,0.03456161940674216
base,1000,DE2 0AC_00045 0 offwind-dc,0.0,0.0014371175791145212
base,1000,DK2 0AC_00001 0 offwind-dc,0.0,0.0010822140826519425
base,1000,DK2 0AC_00002 0 offwind-dc,0.0,0.0011099194539464668
base,1000,DK2 0AC_00005 0 offwind-dc,0.0,0.0011114264948248233
base,1000,DK2 0AC_00006 0 offwind-dc,0.0,0.0014799445240644526
base,1000,DK2 0AC_00007 0 offwind-dc,0.0,0.0012636404014551453
base,1000,DK2 0AC_00008 0 offwind-dc,0.0,0.0010917337510869998
base,1000,DK2 0AC_00009 0 offwind-dc,0.0,0.001163978658599744
base,1000,DK2 0AC_00010 0 offwind-dc,0.0,0.001090451901835252
base,1000,DK2 0AC_00011 0 offwind-dc,0.0,0.0010277380642737498
base,1000,DK2 0AC_00012 0 offwind-dc,0.0,0.002676393494489274
base,1000,DK2 0AC_00013 0 offwind-dc,0.0,0.001350752907614326
base,1000,DK2 0AC_00014 0 offwind-dc,0.0,0.0012224120349157643
base,1000,DK2 0AC_00015 0 offwind-dc,0.0,0.002003895497007795
base,1000,DK2 0AC_00016 0 offwind-dc,0.0,0.0007633629170962318
base,1000,DK2 0AC_00017 0 offwind-dc,0.0,0.0009150380474801973
base,1000,DK2 0AC_00018 0 offwind-dc,0.0,0.0013667092438798254
base,1000,DK2 0AC_00019 0 offwind-dc,0.0,0.001802089488588166
base,1000,DK2 0AC_00020 0 offwind-dc,0.0,0.0011540807748697068
base,1000,DK2 0AC_00021 0 offwind-dc,0.0,0.001668525882549768
base,1000,DK2 0AC_00022 0 offwind-dc,0.0,0.0011163479505044748
base,1000,DK2 0AC_00024 0 offwind-dc,0.0,0.004337410352590888
base,1000,DK2 0AC_00025 0 offwind-dc,0.0,0.0010513714488204332
base,1000,DK2 0AC_00026 0 offwind-dc,0.0,0.0013247366849975795
base,1000,DK2 0AC_00027 0 offwind-dc,0.0,0.0014521294248241018
base,1000,DK2 0AC_00028 0 offwind-dc,0.0,0.031692144381225515
base,1000,DK2 0AC_00029 0 offwind-dc,0.0,1639.0686915333363
base,1000,DK2 0AC_00030 0 offwind-dc,0.0,0.00082361321836837
base,1000,DK2 0AC_00031 0 offwind-dc,0.0,0.0011740482289304076
base,1000,DK2 0AC_00032 0 offwind-dc,0.0,0.0022810712508231456
base,1000,DK2 0AC_00033 0 offwind-dc,0.0,0.001737665298589639
base,1000,DK2 0AC_00034 0 offwind-dc,0.0,1441.8827482749982
base,1000,DK2 0AC_00035 0 offwind-dc,0.0,0.0007322722344727479
base,1000,DK2 0AC_00036 0 offwind-dc,0.0,0.000943200371438651
base,1000,DK2 0AC_00037 0 offwind-dc,0.0,0.0035595273567835383
base,1000,DK2 0AC_00038 0 offwind-dc,0.0,0.0017227385412451404
base,1000,DK2 0AC_00039 0 offwind-dc,0.0,0.0013446627574322813
base,1000,DK2 0AC_00040 0 offwind-dc,0.0,0.005018315206120199
base,1000,DK2 0AC_00041 0 offwind-dc,0.0,0.002188314195820816
base,1000,DK2 0AC_00042 0 offwind-dc,0.0,0.0009398778918891017
base,1000,DK2 0AC_00044 0 offwind-dc,0.0,1667.1148371643715
base,1000,DK2 0AC_00045 0 offwind-dc,0.0,0.0012376438494391996
base,1000,DK2 0AC_00046 0 offwind-dc,0.0,0.032930760991442355
base,1000,DK2 0AC_00047 0 offwind-dc,0.0,0.0014412685022699122
base,1000,DK2 0AC_00048 0 offwind-dc,0.0,0.01390117074607274
base,1000,DK2 0AC_00050 0 offwind-dc,0.0,1057.482026878033
base,1000,DK2 0AC_00054 0 offwind-dc,0.0,0.004161861905362923
base,1000,DK2 0AC_00056 0 offwind-dc,0.0,0.003109478959252831
base,1000,DK2 0AC_00073 0 offwind-dc,0.0,70.78016041837849
base,1000,FR2 0AC_00000 0 offwind-dc,0.0,167.9964350055677
base,1000,FR2 0AC_00001 0 offwind-dc,0.0,0.00358564942223497
base,1000,GB1 0AC_00014 0 offwind-dc,0.0,1084.6556767620084
base,1000,GB1 0AC_00034 0 offwind-dc,0.0,2060.8290365181883
base,1000,GB1 0AC_00042 0 offwind-dc,0.0,1236.9242491152197
base,1000,GB1 0AC_00044 0 offwind-dc,0.0,1577.3604828146447
base,1000,GB1 0AC_00139 0 offwind-dc,0.0,0.0072782314068088935
base,1000,GB1 0AC_00144 0 offwind-dc,0.0,0.018112703244032406
base,1000,GB1 0AC_00147 0 offwind-dc,0.0,0.005172158615231602
base,1000,GB1 0AC_00148 0 offwind-dc,0.0,0.018872110486721938
base,1000,GB1 0AC_00160 0 offwind-dc,0.0,0.06474464745784016
base,1000,GB1 0AC_00163 0 offwind-dc,0.0,0.06637842148337578
base,1000,GB1 0AC_00164 0 offwind-dc,0.0,0.03518907020723744
base,1000,GB1 0AC_00172 0 offwind-dc,0.0,0.02289711016399543
base,1000,GB1 0AC_00183 0 offwind-dc,0.0,0.007078201804468227
base,1000,GB1 0AC_00184 0 offwind-dc,0.0,0.05151074088333079
base,1000,GB1 0AC_00186 0 offwind-dc,0.0,367.6024153755738
base,1000,GB1 0AC_00189 0 offwind-dc,0.0,1245.7725517679735
base,1000,GB1 0AC_00192 0 offwind-dc,0.0,0.0096208824670689
base,1000,GB1 0AC_00196 0 offwind-dc,0.0,0.011981477472945272
base,1000,GB1 0AC_00199 0 offwind-dc,0.0,0.004890530625574684
base,1000,GB1 0AC_00200 0 offwind-dc,0.0,0.07904244976467831
base,1000,GB1 0AC_00201 0 offwind-dc,0.0,0.05631685109655092
base,1000,GB1 0AC_00202 0 offwind-dc,0.0,0.0039814779710314364
base,1000,GB1 0AC_00205 0 offwind-dc,0.0,0.055287588104120856
base,1000,GB1 0AC_00207 0 offwind-dc,0.0,0.0037653098973840747
base,1000,GB1 0AC_00209 0 offwind-dc,0.0,0.010989043724118132
base,1000,GB1 0AC_00210 0 offwind-dc,0.0,0.008396886166989144
base,1000,GB1 0AC_00214 0 offwind-dc,0.0,0.16067403749134623
base,1000,GB1 0AC_00215 0 offwind-dc,0.0,0.02168464327108361
base,1000,GB1 0AC_00217 0 offwind-dc,0.0,921.4260384662157
base,1000,GB1 0AC_00218 0 offwind-dc,0.0,0.018604064172225692
base,1000,GB1 0AC_00221 0 offwind-dc,0.0,0.006638011051389227
base,1000,GB1 0AC_00222 0 offwind-dc,0.0,0.005003179655370528
base,1000,GB1 0AC_00226 0 offwind-dc,0.0,423.5554287941511
base,1000,GB1 0AC_00227 0 offwind-dc,0.0,0.027124944370947736
base,1000,GB1 0AC_00228 0 offwind-dc,0.0,0.05536215380500545
base,1000,GB1 0AC_00230 0 offwind-dc,0.0,621.9909765798421
base,1000,GB1 0AC_00231 0 offwind-dc,0.0,0.0034064193242957434
base,1000,GB1 0AC_00234 0 offwind-dc,0.0,0.006175106621034453
base,1000,GB1 0AC_00236 0 offwind-dc,0.0,0.014514687196653967
base,1000,GB1 0AC_00239 0 offwind-dc,0.0,83.89050867965767
base,1000,GB1 0AC_00240 0 offwind-dc,0.0,0.01321478976912604
base,1000,GB1 0AC_00243 0 offwind-dc,0.0,0.017479027329349646
base,1000,GB1 0AC_00244 0 offwind-dc,0.0,0.0051138414744750435
base,1000,GB1 0AC_00246 0 offwind-dc,0.0,0.006411858409650987
base,1000,GB1 0AC_00247 0 offwind-dc,0.0,0.008101881554046635
base,1000,GB1 0AC_00248 0 offwind-dc,0.0,83.49806560847975
base,1000,GB1 0AC_00249 0 offwind-dc,0.0,328.7860574663149
base,1000,GB1 0AC_00251 0 offwind-dc,0.0,0.004634129705602993
base,1000,GB1 0AC_00252 0 offwind-dc,0.0,1267.3363760534817
base,1000,GB1 0AC_00253 0 offwind-dc,0.0,0.010976605743283659
base,1000,GB1 0AC_00254 0 offwind-dc,0.0,0.015051576623648203
base,1000,GB1 0AC_00255 0 offwind-dc,0.0,156.44224675028644
base,1000,GB1 0AC_00256 0 offwind-dc,0.0,0.012595998744362446
base,1000,GB1 0AC_00257 0 offwind-dc,0.0,0.004181087626404869
base,1000,GB1 0AC_00259 0 offwind-dc,0.0,423.00025847539246
base,1000,GB1 0AC_00260 0 offwind-dc,0.0,160.92650888090736
base,1000,GB1 0AC_00261 0 offwind-dc,0.0,546.7615982814333
base,1000,GB1 0AC_00263 0 offwind-dc,0.0,0.04199336970057313
base,1000,GB1 0AC_00264 0 offwind-dc,0.0,377.8758500384176
base,1000,GB1 0AC_00265 0 offwind-dc,0.0,1057.4055190665233
base,1000,GB1 0AC_00266 0 offwind-dc,0.0,0.014327284000480296
base,1000,GB1 0AC_00267 0 offwind-dc,0.0,0.009785456247803595
base,1000,GB1 0AC_00269 0 offwind-dc,0.0,1827.7844671008618
base,1000,GB1 0AC_00270 0 offwind-dc,0.0,0.01532654674844901
base,1000,GB1 0AC_00271 0 offwind-dc,0.0,1093.0612447227545
base,1000,GB1 0AC_00272 0 offwind-dc,0.0,0.012111813687124284
base,1000,GB1 0AC_00273 0 offwind-dc,0.0,2294.8376071427756
base,1000,GB1 0AC_00274 0 offwind-dc,0.0,1721.5841805233554
base,1000,GB4 0AC_00002 0 offwind-dc,0.0,0.009851411173650257
base,1000,GB4 0AC_00003 0 offwind-dc,0.0,273.48461511283637
base,1000,GB4 0AC_00008 0 offwind-dc,0.0,0.0013640002815724483
base,1000,GB4 0AC_00012 0 offwind-dc,0.0,1513.224598195488
base,1000,NL2 0AC_00000 0 offwind-dc,0.0,0.013747839495793586
base,1000,NL2 0AC_00001 0 offwind-dc,0.0,60.05940878852245
base,1000,NL2 0AC_00003 0 offwind-dc,0.0,0.025356224601400894
base,1000,NL2 0AC_00004 0 offwind-dc,0.0,0.06832063482443593
base,1000,NL2 0AC_00005 0 offwind-dc,0.0,339.4822926456642
base,1000,NL2 0AC_00006 0 offwind-dc,0.0,501.6239870709762
base,1000,NL2 0AC_00007 0 offwind-dc,0.0,0.002117310093253206
base,1000,NL2 0AC_00008 0 offwind-dc,0.0,0.009236060013328867
base,1000,NL2 0AC_00009 0 offwind-dc,0.0,0.022375697623369994
base,1000,NL2 0AC_00010 0 offwind-dc,0.0,259.61133182516846
base,1000,NL2 0AC_00011 0 offwind-dc,0.0,2761.0696201629676
base,1000,NL2 0AC_00012 0 offwind-dc,0.0,0.009035706979284073
base,1000,NL2 0AC_00013 0 offwind-dc,0.0,131.82295086511212
base,1000,NL2 0AC_00014 0 offwind-dc,0.0,708.0719828032948
base,1000,NL2 0AC_00016 0 offwind-dc,0.0,128.3436754187816
base,1000,NL2 0AC_00017 0 offwind-dc,0.0,1720.6287030600254
base,1000,NL2 0AC_00018 0 offwind-dc,0.0,0.016367307079041705
base,1000,NL2 0AC_00019 0 offwind-dc,0.0,0.008790204757112147
base,1000,NL2 0AC_00020 0 offwind-dc,0.0,1395.7736503699798
base,1000,NL2 0AC_00021 0 offwind-dc,0.0,943.3709686955905
base,1000,NL2 0AC_00022 0 offwind-dc,0.0,0.020927523579430146
base,1000,NL2 0AC_00023 0 offwind-dc,0.0,0.0315423220941628
base,1000,NL2 0AC_00024 0 offwind-dc,0.0,0.009370122894852922
base,1000,NL2 0AC_00025 0 offwind-dc,0.0,0.013390874897566957
base,1000,NL2 0AC_00026 0 offwind-dc,0.0,0.01053095452191913
base,1000,NL2 0AC_00028 0 offwind-dc,0.0,509.9783796345357
base,1000,NL2 0AC_00030 0 offwind-dc,0.0,0.011653330053501092
base,1000,NL2 0AC_00031 0 offwind-dc,0.0,1960.7017319478016
base,1000,NL2 0AC_00032 0 offwind-dc,0.0,0.00561251484814121
base,1000,NL2 0AC_00034 0 offwind-dc,0.0,0.03316848183844265
base,1000,NL2 0AC_00035 0 offwind-dc,0.0,0.01971748080879349
base,1000,NL2 0AC_00036 0 offwind-dc,0.0,0.00654779951939904
base,1000,NL2 0AC_00040 0 offwind-dc,0.0,0.014345802068151949
base,1000,NL2 0AC_00041 0 offwind-dc,0.0,118.48664941533806
base,1000,NL2 0AC_00043 0 offwind-dc,0.0,0.010125720948743514
base,1000,NL2 0AC_00044 0 offwind-dc,0.0,0.0061530571922902375
base,1000,NL2 0AC_00045 0 offwind-dc,0.0,0.008510379673994076
base,1000,NL2 0AC_00046 0 offwind-dc,0.0,0.009384479088811678
base,1000,NL2 0AC_00047 0 offwind-dc,0.0,0.011287097974258245
base,1000,NL2 0AC_00050 0 offwind-dc,0.0,0.007551900633935415
base,1000,NL2 0AC_00051 0 offwind-dc,0.0,0.009476820633974835
base,1000,NL2 0AC_00052 0 offwind-dc,0.0,0.0240714345608219
base,1000,NL2 0AC_00053 0 offwind-dc,0.0,0.04686382265305444
base,1000,NL2 0AC_00054 0 offwind-dc,0.0,0.011975249032159154
base,1000,NL2 0AC_00055 0 offwind-dc,0.0,0.008065666140500593
base,1000,NL2 0AC_00057 0 offwind-dc,0.0,0.008290802815464566
base,1000,NL2 0AC_00058 0 offwind-dc,0.0,0.009098135882529819
base,1000,NL2 0AC_00061 0 offwind-dc,0.0,0.01630976525122816
base,1000,NL2 0AC_00063 0 offwind-dc,0.0,0.006747032381068084
base,1000,NL2 0AC_00065 0 offwind-dc,0.0,0.009544822925945363
base,1000,NL2 0AC_00066 0 offwind-dc,0.0,0.00764851466042854
base,1000,NL2 0AC_00067 0 offwind-dc,0.0,0.009538559959338408
base,1000,NL2 0AC_00068 0 offwind-dc,0.0,0.03484655688322337
base,1000,NL2 0AC_00069 0 offwind-dc,0.0,0.013122372439574695
base,1000,NL2 0AC_00070 0 offwind-dc,0.0,0.013038205825944114
base,1000,NL2 0AC_00071 0 offwind-dc,0.0,1760.6650964252726
base,1000,NL2 0AC_00072 0 offwind-dc,0.0,0.2821199215865158
base,1000,NL2 0AC_00073 0 offwind-dc,0.0,0.008069278965605766
base,1000,NL2 0AC_00075 0 offwind-dc,0.0,0.01303173385327265
base,1000,NL2 0AC_00076 0 offwind-dc,0.0,0.03148895976545673
base,1000,NL2 0AC_00081 0 offwind-dc,0.0,1151.2798915105245
base,1000,NL2 0AC_00082 0 offwind-dc,0.0,0.10007451675086955
base,1000,NL2 0AC_00084 0 offwind-dc,0.0,0.006175832655421215
base,1000,NL2 0AC_00085 0 offwind-dc,0.0,1800.3672535227022
base,1000,NO0 0AC_00073 0 offwind-dc,0.0,0.0030803460397948183
base,1000,NO0 0AC_00104 0 offwind-dc,0.0,0.00472062985137626
base,1000,NO0 0AC_00137 0 offwind-dc,0.0,0.04729728550247513
base,1000,NO0 0AC_00159 0 offwind-dc,0.0,1736.0740421124426
base,1000,NO0 0AC_00160 0 offwind-dc,0.0,299.6341315427776
base,1000,NO0 0AC_00173 0 offwind-dc,0.0,964.1804446585855
base,1000,BE2 0AC_00001 0 offwind-ac,0.0,34.48721151808887
base,1000,BE2 0AC_00003 0 offwind-ac,0.0,1005.504948688429
base,1000,DE2 0AC_00039 0 offwind-ac,0.0,10.673741321535921
base,1000,DE2 0AC_00041 0 offwind-ac,0.0,116.89463511295429
base,1000,DE2 0AC_00044 0 offwind-ac,0.0,6.527892334871502
base,1000,DE2 0AC_00046 0 offwind-ac,0.0,0.017158210091910875
base,1000,DE2 0AC_00047 0 offwind-ac,0.0,8.150097066654801
base,1000,DE2 0AC_00048 0 offwind-ac,0.0,0.0008330805737351538
base,1000,DE2 0AC_00050 0 offwind-ac,0.0,0.000738450760494046
base,1000,DE2 0AC_00053 0 offwind-ac,0.0,0.002807853539313064
base,1000,DK2 0AC_00049 0 offwind-ac,0.0,0.0005166896519140526
base,1000,DK2 0AC_00051 0 offwind-ac,0.0,1846.01542125568
base,1000,DK2 0AC_00052 0 offwind-ac,0.0,252.66955004890778
base,1000,DK2 0AC_00053 0 offwind-ac,0.0,998.2534637386141
base,1000,DK2 0AC_00055 0 offwind-ac,0.0,0.005789512234324881
base,1000,DK2 0AC_00057 0 offwind-ac,0.0,23.335371865924404
base,1000,DK2 0AC_00059 0 offwind-ac,0.0,0.008786789378764951
base,1000,DK2 0AC_00060 0 offwind-ac,0.0,0.0003826055609708729
base,1000,DK2 0AC_00061 0 offwind-ac,0.0,0.007483424465700655
base,1000,DK2 0AC_00062 0 offwind-ac,0.0,0.034152289048026155
base,1000,DK2 0AC_00063 0 offwind-ac,0.0,0.003191399714927772
base,1000,DK2 0AC_00065 0 offwind-ac,0.0,805.3537777843234
base,1000,DK2 0AC_00066 0 offwind-ac,0.0,0.0009519842116738108
base,1000,DK2 0AC_00067 0 offwind-ac,0.0,0.0003818795559959205
base,1000,DK2 0AC_00068 0 offwind-ac,0.0,189.75673952325988
base,1000,DK2 0AC_00071 0 offwind-ac,0.0,0.0036841553156846296
base,1000,DK2 0AC_00072 0 offwind-ac,0.0,0.0009062469311946108
base,1000,DK2 0AC_00074 0 offwind-ac,0.0,8.07322899354783
base,1000,GB1 0AC_00000 0 offwind-ac,0.0,0.0003436703865397215
base,1000,GB1 0AC_00001 0 offwind-ac,0.0,0.00023067045903407547
base,1000,GB1 0AC_00002 0 offwind-ac,0.0,1023.7539161696496
base,1000,GB1 0AC_00005 0 offwind-ac,0.0,0.0007657839086269042
base,1000,GB1 0AC_00007 0 offwind-ac,0.0,1333.8622513092548
base,1000,GB1 0AC_00008 0 offwind-ac,0.0,0.001721286168595962
base,1000,GB1 0AC_00010 0 offwind-ac,0.0,1375.6187153604824
base,1000,GB1 0AC_00012 0 offwind-ac,0.0,0.0018301190477486339
base,1000,GB1 0AC_00013 0 offwind-ac,0.0,579.4928569080712
base,1000,GB1 0AC_00017 0 offwind-ac,0.0,0.001129560917681618
base,1000,GB1 0AC_00018 0 offwind-ac,0.0,0.0013961953721726569
base,1000,GB1 0AC_00019 0 offwind-ac,0.0,0.0006220403505342169
base,1000,GB1 0AC_00021 0 offwind-ac,0.0,0.0017573333164286433
base,1000,GB1 0AC_00024 0 offwind-ac,0.0,740.1303356919179
base,1000,GB1 0AC_00028 0 offwind-ac,0.0,997.0666936518339
base,1000,GB1 0AC_00029 0 offwind-ac,0.0,756.542618958549
base,1000,GB1 0AC_00031 0 offwind-ac,0.0,422.7221405910309
base,1000,GB1 0AC_00032 0 offwind-ac,0.0,0.9089077700171282
base,1000,GB1 0AC_00035 0 offwind-ac,0.0,340.16458917558714
base,1000,GB1 0AC_00041 0 offwind-ac,0.0,0.0009879119347529323
base,1000,GB1 0AC_00060 0 offwind-ac,0.0,0.0012172728891471404
base,1000,GB1 0AC_00061 0 offwind-ac,0.0,0.0024286073785051276
base,1000,GB1 0AC_00063 0 offwind-ac,0.0,1759.8599270514583
base,1000,GB1 0AC_00075 0 offwind-ac,0.0,168.5026536991097
base,1000,GB1 0AC_00085 0 offwind-ac,0.0,0.05329012587911465
base,1000,GB1 0AC_00107 0 offwind-ac,0.0,676.9236714425056
base,1000,GB1 0AC_00108 0 offwind-ac,0.0,191.30603323168927
base,1000,GB1 0AC_00116 0 offwind-ac,0.0,385.20973647828777
base,1000,GB1 0AC_00125 0 offwind-ac,0.0,1083.5506782734274
base,1000,GB1 0AC_00126 0 offwind-ac,0.0,1050.0929255615986
base,1000,GB1 0AC_00127 0 offwind-ac,0.0,0.0009234693248214632
base,1000,GB1 0AC_00129 0 offwind-ac,0.0,0.0005684921956697049
base,1000,GB1 0AC_00132 0 offwind-ac,0.0,230.53697499238808
base,1000,GB1 0AC_00135 0 offwind-ac,0.0,304.2951820566042
base,1000,GB1 0AC_00155 0 offwind-ac,0.0,545.245259366829
base,1000,GB1 0AC_00156 0 offwind-ac,0.0,194.9330249139624
base,1000,GB1 0AC_00165 0 offwind-ac,0.0,375.4623307981622
base,1000,GB1 0AC_00169 0 offwind-ac,0.0,115.2142723658009
base,1000,GB1 0AC_00173 0 offwind-ac,0.0,774.2949203678867
base,1000,GB1 0AC_00174 0 offwind-ac,0.0,0.6641352056379312
base,1000,GB1 0AC_00180 0 offwind-ac,0.0,0.003247831394340956
base,1000,GB1 0AC_00181 0 offwind-ac,0.0,491.54266946252307
base,1000,GB1 0AC_00195 0 offwind-ac,0.0,334.074727623975
base,1000,GB1 0AC_00204 0 offwind-ac,0.0,131.99668543166507
base,1000,GB1 0AC_00206 0 offwind-ac,0.0,129.3275326474928
base,1000,GB1 0AC_00216 0 offwind-ac,0.0,328.98040517104744
base,1000,GB1 0AC_00223 0 offwind-ac,0.0,23.472076728134336
base,1000,GB1 0AC_00225 0 offwind-ac,0.0,146.52150224605867
base,1000,GB1 0AC_00241 0 offwind-ac,0.0,6.716404119528292
base,1000,GB4 0AC_00006 0 offwind-ac,0.0,5.301787568622815
base,1000,GB4 0AC_00007 0 offwind-ac,0.0,8.675653602087904
base,1000,GB4 0AC_00026 0 offwind-ac,0.0,114.96267949519088
base,1000,GB4 0AC_00028 0 offwind-ac,0.0,100.85585697561622
base,1000,NL2 0AC_00002 0 offwind-ac,0.0,416.8271238792107
base,1000,NL2 0AC_00015 0 offwind-ac,0.0,425.06549566063234
base,1000,NL2 0AC_00029 0 offwind-ac,0.0,389.87859465086785
base,1000,NL2 0AC_00033 0 offwind-ac,0.0,454.39575916723265
base,1000,NL2 0AC_00037 0 offwind-ac,0.0,0.0002740185447697008
base,1000,NL2 0AC_00038 0 offwind-ac,0.0,209.59033621891507
base,1000,NL2 0AC_00039 0 offwind-ac,0.0,641.3065711878297
base,1000,NL2 0AC_00042 0 offwind-ac,0.0,761.6758298270385
base,1000,NL2 0AC_00048 0 offwind-ac,0.0,131.65751577735622
base,1000,NL2 0AC_00049 0 offwind-ac,0.0,0.012893734612382699
base,1000,NL2 0AC_00056 0 offwind-ac,0.0,905.0052930394274
base,1000,NL2 0AC_00059 0 offwind-ac,0.0,7.566362219613658
base,1000,NL2 0AC_00062 0 offwind-ac,0.0,197.07452542249877
base,1000,NL2 0AC_00078 0 offwind-ac,0.0,1.3873185559323329
base,1000,NL2 0AC_00080 0 offwind-ac,0.0,76.34046216569203
base,1000,NL2 0AC_00083 0 offwind-ac,0.0,129.80274117982603
base,1000,NO0 0AC_00120 0 offwind-ac,0.0,0.00022098354868609326
base,1000,NO0 0AC_00126 0 offwind-ac,0.0,0.0006423489846872756
base,1000,NO0 0AC_00127 0 offwind-ac,0.0,0.0001872142901554893
base,1000,NO0 0AC_00130 0 offwind-ac,0.0,0.00038915309278450414
base,1000,NO0 0AC_00146 0 offwind-ac,0.0,0.0003571216083744766
base,1000,NO0 0AC_00162 0 offwind-ac,0.0,0.0009233982069562103
base,1000,NO0 0AC_00168 0 offwind-ac,0.0,0.002667512964476004
base,1000,NO0 0AC_00179 0 offwind-ac,0.0,0.0005489815047880863
base,1000,NO0 0AC_00183 0 offwind-ac,0.0,0.0002607927319000973
base,1000,NO0 0AC_00208 0 offwind-ac,0.0,0.0006280197731352619
base,1000,NO0 0AC_00209 0 offwind-ac,0.0,0.00023048466810695416
base,1000,NO0 0AC_00224 0 offwind-ac,0.0,0.00032260073198228775
base,1000,NO0 0AC_00235 0 offwind-ac,0.0,0.0004298465160438687
base,1000,NO0 0AC_00243 0 offwind-ac,0.0,0.0005463927036406384
base,1000,NO0 0AC_00246 0 offwind-ac,0.0,0.0006329341692722929
base,1000,DE2 0AC_00040 0 offwind-float,0.0,0.00012602121912990704
base,1000,DE2 0AC_00042 0 offwind-float,0.0,0.00012631082628477986
base,1000,DK2 0AC_00000 0 offwind-float,0.0,0.00021870008381078536
base,1000,DK2 0AC_00003 0 offwind-float,0.0,0.00020943682101521972
base,1000,DK2 0AC_00004 0 offwind-float,0.0,0.0002092177260081745
base,1000,DK2 0AC_00023 0 offwind-float,0.0,0.0002110275420496484
base,1000,DK2 0AC_00043 0 offwind-float,0.0,0.00022206966668320347
base,1000,DK2 0AC_00058 0 offwind-float,0.0,0.00020251623548145795
base,1000,DK2 0AC_00064 0 offwind-float,0.0,0.0001961964873028597
base,1000,DK2 0AC_00069 0 offwind-float,0.0,0.00015614741930493166
base,1000,DK2 0AC_00070 0 offwind-float,0.0,0.0001625809127001869
base,1000,DK2 0AC_00075 0 offwind-float,0.0,0.0002318849798579
base,1000,DK2 0AC_00076 0 offwind-float,0.0,0.00022534195404183083
base,1000,GB1 0AC_00006 0 offwind-float,0.0,0.00010263766189346671
base,1000,GB1 0AC_00009 0 offwind-float,0.0,0.0003671321561510605
base,1000,GB1 0AC_00011 0 offwind-float,0.0,0.00026205227625886293
base,1000,GB1 0AC_00015 0 offwind-float,0.0,0.00029305203212693
base,1000,GB1 0AC_00016 0 offwind-float,0.0,0.0002696492086272047
base,1000,GB1 0AC_00020 0 offwind-float,0.0,0.00030987292948185313
base,1000,GB1 0AC_00022 0 offwind-float,0.0,0.00028356362235969955
base,1000,GB1 0AC_00023 0 offwind-float,0.0,0.00020462172781733883
base,1000,GB1 0AC_00025 0 offwind-float,0.0,0.0003360268587970271
base,1000,GB1 0AC_00026 0 offwind-float,0.0,0.0003480506829671033
base,1000,GB1 0AC_00027 0 offwind-float,0.0,0.00029504945619352027
base,1000,GB1 0AC_00030 0 offwind-float,0.0,0.00038369084480405127
base,1000,GB1 0AC_00033 0 offwind-float,0.0,0.00033640649483441957
base,1000,GB1 0AC_00036 0 offwind-float,0.0,0.00029525147169088645
base,1000,GB1 0AC_00037 0 offwind-float,0.0,0.0003634325307536459
base,1000,GB1 0AC_00038 0 offwind-float,0.0,0.00036293750541220907
base,1000,GB1 0AC_00039 0 offwind-float,0.0,0.00021431172261956262
base,1000,GB1 0AC_00040 0 offwind-float,0.0,0.00027046218325344157
base,1000,GB1 0AC_00043 0 offwind-float,0.0,0.0003429494952593959
base,1000,GB1 0AC_00045 0 offwind-float,0.0,0.00030083911905908855
base,1000,GB1 0AC_00046 0 offwind-float,0.0,0.00031424693750131807
base,1000,GB1 0AC_00047 0 offwind-float,0.0,0.00022425676461200467
base,1000,GB1 0AC_00048 0 offwind-float,0.0,0.0002985548784528298
base,1000,GB1 0AC_00049 0 offwind-float,0.0,0.00029986440456039674
base,1000,GB1 0AC_00050 0 offwind-float,0.0,0.0003594534928285749
base,1000,GB1 0AC_00051 0 offwind-float,0.0,0.00034722123672795347
base,1000,GB1 0AC_00052 0 offwind-float,0.0,0.00030289426739878855
base,1000,GB1 0AC_00053 0 offwind-float,0.0,0.000342726059707776
base,1000,GB1 0AC_00054 0 offwind-float,0.0,0.00022513362272727383
base,1000,GB1 0AC_00055 0 offwind-float,0.0,0.00032658751112535204
base,1000,GB1 0AC_00056 0 offwind-float,0.0,0.0003266478533584536
base,1000,GB1 0AC_00057 0 offwind-float,0.0,0.00035478218314382415
base,1000,GB1 0AC_00058 0 offwind-float,0.0,0.0002829500138932777
base,1000,GB1 0AC_00059 0 offwind-float,0.0,0.000256042800613611
base,1000,GB1 0AC_00062 0 offwind-float,0.0,0.00012606572637243515
base,1000,GB1 0AC_00064 0 offwind-float,0.0,0.00028263492237935386
base,1000,GB1 0AC_00065 0 offwind-float,0.0,0.0003492135098503913
base,1000,GB1 0AC_00066 0 offwind-float,0.0,0.0003180812664232439
base,1000,GB1 0AC_00067 0 offwind-float,0.0,0.000322771565528248
base,1000,GB1 0AC_00068 0 offwind-float,0.0,0.00032897510742131583
base,1000,GB1 0AC_00069 0 offwind-float,0.0,0.0003576805754574182
base,1000,GB1 0AC_00070 0 offwind-float,0.0,0.0003690860406014008
base,1000,GB1 0AC_00071 0 offwind-float,0.0,0.0002792094548061613
base,1000,GB1 0AC_00072 0 offwind-float,0.0,0.0002125643959666661
base,1000,GB1 0AC_00073 0 offwind-float,0.0,0.00030886974407160747
base,1000,GB1 0AC_00074 0 offwind-float,0.0,0.0003288827703574193
base,1000,GB1 0AC_00078 0 offwind-float,0.0,0.0003362622146503326
base,1000,GB1 0AC_00079 0 offwind-float,0.0,0.00032771013848519287
base,1000,GB1 0AC_00080 0 offwind-float,0.0,0.0003473473288914815
base,1000,GB1 0AC_00081 0 offwind-float,0.0,0.0003056934528579847
base,1000,GB1 0AC_00082 0 offwind-float,0.0,0.00024310963487084975
base,1000,GB1 0AC_00083 0 offwind-float,0.0,0.00032477793218463016
base,1000,GB1 0AC_00084 0 offwind-float,0.0,0.00033616828574526124
base,1000,GB1 0AC_00086 0 offwind-float,0.0,0.0002907654722441526
base,1000,GB1 0AC_00087 0 offwind-float,0.0,0.000312479820380067
base,1000,GB1 0AC_00088 0 offwind-float,0.0,0.0003308383799375018
base,1000,GB1 0AC_00089 0 offwind-float,0.0,0.0003330546143568667
base,1000,GB1 0AC_00090 0 offwind-float,0.0,0.0003472961355103649
base,1000,GB1 0AC_00091 0 offwind-float,0.0,0.00034216118862014344
base,1000,GB1 0AC_00092 0 offwind-float,0.0,0.00019293573044801466
base,1000,GB1 0AC_00093 0 offwind-float,0.0,0.0003062964292744129
base,1000,GB1 0AC_00094 0 offwind-float,0.0,0.00033146014109684113
base,1000,GB1 0AC_00095 0 offwind-float,0.0,0.0003462779496989339
base,1000,GB1 0AC_00096 0 offwind-float,0.0,0.00031988566437912523
base,1000,GB1 0AC_00097 0 offwind-float,0.0,0.00026899839147218274
base,1000,GB1 0AC_00098 0 offwind-float,0.0,0.0002604428803472681
base,1000,GB1 0AC_00099 0 offwind-float,0.0,0.00030093610678765453
base,1000,GB1 0AC_00100 0 offwind-float,0.0,0.00035122268217618673
base,1000,GB1 0AC_00101 0 offwind-float,0.0,0.0003156358204354644
base,1000,GB1 0AC_00102 0 offwind-float,0.0,0.0003282337810667808
base,1000,GB1 0AC_00103 0 offwind-float,0.0,0.0003029154724340516
base,1000,GB1 0AC_00104 0 offwind-float,0.0,0.0003397643543060187
base,1000,GB1 0AC_00105 0 offwind-float,0.0,0.0003283343900509537
base,1000,GB1 0AC_00106 0 offwind-float,0.0,0.0003142048072347572
base,1000,GB1 0AC_00109 0 offwind-float,0.0,0.0003286734690840804
base,1000,GB1 0AC_00110 0 offwind-float,0.0,0.000295827848418919
base,1000,GB1 0AC_00111 0 offwind-float,0.0,0.00031964444922080666
base,1000,GB1 0AC_00112 0 offwind-float,0.0,0.00035550871209384503
base,1000,GB1 0AC_00113 0 offwind-float,0.0,0.00027143835619728216
base,1000,GB1 0AC_00114 0 offwind-float,0.0,0.00030900670880472565
base,1000,GB1 0AC_00115 0 offwind-float,0.0,0.0003223591803925176
base,1000,GB1 0AC_00117 0 offwind-float,0.0,0.0003246482620869762
base,1000,GB1 0AC_00118 0 offwind-float,0.0,0.00029344288790670426
base,1000,GB1 0AC_00119 0 offwind-float,0.0,0.0002471757160771131
base,1000,GB1 0AC_00120 0 offwind-float,0.0,0.0003143512898454372
base,1000,GB1 0AC_00121 0 offwind-float,0.0,0.000312303328908426
base,1000,GB1 0AC_00122 0 offwind-float,0.0,0.0002927158426675141
base,1000,GB1 0AC_00123 0 offwind-float,0.0,0.0003237554747309002
base,1000,GB1 0AC_00124 0 offwind-float,0.0,0.0003353338316429802
base,1000,GB1 0AC_00133 0 offwind-float,0.0,0.0003163076022378815
base,1000,GB1 0AC_00134 0 offwind-float,0.0,0.0002786785121419417
base,1000,GB1 0AC_00136 0 offwind-float,0.0,0.0003064765194718786
base,1000,GB1 0AC_00137 0 offwind-float,0.0,0.00032093923893391493
base,1000,GB1 0AC_00138 0 offwind-float,0.0,0.00029746509200397135
base,1000,GB1 0AC_00140 0 offwind-float,0.0,0.0002673107879824265
base,1000,GB1 0AC_00141 0 offwind-float,0.0,0.0002992145617845134
base,1000,GB1 0AC_00142 0 offwind-float,0.0,0.00031264425800917115
base,1000,GB1 0AC_00143 0 offwind-float,0.0,0.0003210612641825103
base,1000,GB1 0AC_00145 0 offwind-float,0.0,0.0003317347508918835
base,1000,GB1 0AC_00146 0 offwind-float,0.0,0.0003348307022855706
base,1000,GB1 0AC_00149 0 offwind-float,0.0,0.00029815158521406663
base,1000,GB1 0AC_00150 0 offwind-float,0.0,0.00028081007988227234
base,1000,GB1 0AC_00151 0 offwind-float,0.0,0.00031795981457017903
base,1000,GB1 0AC_00152 0 offwind-float,0.0,0.00031480442216784985
base,1000,GB1 0AC_00153 0 offwind-float,0.0,0.00031901978463488097
base,1000,GB1 0AC_00154 0 offwind-float,0.0,0.00030491007682933313
base,1000,GB1 0AC_00157 0 offwind-float,0.0,0.0002889323981328408
base,1000,GB1 0AC_00158 0 offwind-float,0.0,0.0003167762928677771
base,1000,GB1 0AC_00159 0 offwind-float,0.0,0.0003068163145033229
base,1000,GB1 0AC_00161 0 offwind-float,0.0,0.00032250511469033796
base,1000,GB1 0AC_00162 0 offwind-float,0.0,0.0003187462817885758
base,1000,GB1 0AC_00170 0 offwind-float,0.0,0.0003117236809206734
base,1000,GB1 0AC_00171 0 offwind-float,0.0,0.0003106489168108232
base,1000,GB1 0AC_00177 0 offwind-float,0.0,0.0003149685803383537
base,1000,GB1 0AC_00178 0 offwind-float,0.0,0.0003145079958982156
base,1000,GB1 0AC_00179 0 offwind-float,0.0,0.0002974483356928843
base,1000,GB1 0AC_00182 0 offwind-float,0.0,0.00031767727282735423
base,1000,GB1 0AC_00185 0 offwind-float,0.0,0.00031587709303940214
base,1000,GB1 0AC_00187 0 offwind-float,0.0,0.00030331936410790477
base,1000,GB1 0AC_00188 0 offwind-float,0.0,0.0003059117711361468
base,1000,GB1 0AC_00190 0 offwind-float,0.0,0.00032388473853573553
base,1000,GB1 0AC_00191 0 offwind-float,0.0,0.0003124186568552481
base,1000,GB1 0AC_00193 0 offwind-float,0.0,0.0003095705684618996
base,1000,GB1 0AC_00194 0 offwind-float,0.0,0.00029838671001965194
base,1000,GB1 0AC_00197 0 offwind-float,0.0,0.00031484931161931766
base,1000,GB1 0AC_00198 0 offwind-float,0.0,0.00030372172324865814
base,1000,GB1 0AC_00203 0 offwind-float,0.0,0.0003126243211521959
base,1000,GB1 0AC_00208 0 offwind-float,0.0,0.0003096579826559286
base,1000,GB1 0AC_00211 0 offwind-float,0.0,0.0002890310505806466
base,1000,GB1 0AC_00212 0 offwind-float,0.0,0.00031832716039167583
base,1000,GB1 0AC_00213 0 offwind-float,0.0,0.00030708577092351016
base,1000,GB1 0AC_00219 0 offwind-float,0.0,0.00029596128056445044
base,1000,GB1 0AC_00220 0 offwind-float,0.0,0.00031014294597699933
base,1000,GB1 0AC_00224 0 offwind-float,0.0,0.0003128806172348003
base,1000,GB1 0AC_00229 0 offwind-float,0.0,0.0002951310278386846
base,1000,GB1 0AC_00232 0 offwind-float,0.0,0.0003007109792723084
base,1000,GB1 0AC_00233 0 offwind-float,0.0,0.0003158337581958849
base,1000,GB1 0AC_00235 0 offwind-float,0.0,0.00030641036602004014
base,1000,GB1 0AC_00237 0 offwind-float,0.0,0.00030299682593849857
base,1000,GB1 0AC_00238 0 offwind-float,0.0,0.0003003045280753826
base,1000,GB1 0AC_00242 0 offwind-float,0.0,0.00030200639274069
base,1000,GB1 0AC_00245 0 offwind-float,0.0,0.0002943279803734284
base,1000,GB1 0AC_00250 0 offwind-float,0.0,0.00031265712353796977
base,1000,GB1 0AC_00258 0 offwind-float,0.0,0.000300860281706015
base,1000,GB1 0AC_00262 0 offwind-float,0.0,0.0003052301462769509
base,1000,GB1 0AC_00268 0 offwind-float,0.0,0.0003047063399452713
base,1000,GB4 0AC_00000 0 offwind-float,0.0,0.00022502584119991981
base,1000,GB4 0AC_00004 0 offwind-float,0.0,0.000160960894707216
base,1000,GB4 0AC_00005 0 offwind-float,0.0,0.00025017828105556737
base,1000,GB4 0AC_00009 0 offwind-float,0.0,0.00031524634187942986
base,1000,GB4 0AC_00010 0 offwind-float,0.0,0.0003386713478647383
base,1000,GB4 0AC_00011 0 offwind-float,0.0,0.00033583837330755797
base,1000,GB4 0AC_00013 0 offwind-float,0.0,0.00034577693947253157
base,1000,GB4 0AC_00015 0 offwind-float,0.0,0.0003272339323167661
base,1000,GB4 0AC_00016 0 offwind-float,0.0,0.0003268361941998428
base,1000,GB4 0AC_00017 0 offwind-float,0.0,0.00031356220371771515
base,1000,GB4 0AC_00018 0 offwind-float,0.0,0.0001664436447535019
base,1000,GB4 0AC_00029 0 offwind-float,0.0,0.0003141599374664017
base,1000,GB4 0AC_00031 0 offwind-float,0.0,0.000315474001380415
base,1000,GB4 0AC_00032 0 offwind-float,0.0,0.00031286689856347327
base,1000,GB4 0AC_00034 0 offwind-float,0.0,0.00032311299590393025
base,1000,GB4 0AC_00035 0 offwind-float,0.0,0.0003209423138068426
base,1000,GB4 0AC_00036 0 offwind-float,0.0,0.000315782953044862
base,1000,GB4 0AC_00037 0 offwind-float,0.0,0.0003234338075620713
base,1000,GB4 0AC_00038 0 offwind-float,0.0,0.00033228171978816665
base,1000,GB4 0AC_00039 0 offwind-float,0.0,0.00034374362997361074
base,1000,GB4 0AC_00040 0 offwind-float,0.0,0.00033153998420737223
base,1000,GB4 0AC_00041 0 offwind-float,0.0,0.0003554942143268452
base,1000,GB4 0AC_00042 0 offwind-float,0.0,0.0003354913378402337
base,1000,GB4 0AC_00043 0 offwind-float,0.0,0.0003097102408015112
base,1000,GB4 0AC_00044 0 offwind-float,0.0,0.0003344895099785362
base,1000,GB4 0AC_00045 0 offwind-float,0.0,0.0003231524622341783
base,1000,GB4 0AC_00046 0 offwind-float,0.0,0.0003264435744448049
base,1000,GB4 0AC_00047 0 offwind-float,0.0,0.00031574065799258436
base,1000,GB4 0AC_00048 0 offwind-float,0.0,0.0003414002777463742
base,1000,GB4 0AC_00049 0 offwind-float,0.0,0.0003288499187763031
base,1000,GB4 0AC_00050 0 offwind-float,0.0,0.00031819105679362157
base,1000,GB4 0AC_00051 0 offwind-float,0.0,0.0003188579406682049
base,1000,GB4 0AC_00052 0 offwind-float,0.0,0.00030718436864268626
base,1000,GB4 0AC_00053 0 offwind-float,0.0,0.0002991587440513967
base,1000,GB4 0AC_00054 0 offwind-float,0.0,0.00032992020102570464
base,1000,GB4 0AC_00055 0 offwind-float,0.0,0.0003364625325039095
base,1000,GB4 0AC_00056 0 offwind-float,0.0,0.0003231727689292326
base,1000,GB4 0AC_00057 0 offwind-float,0.0,0.0003073690879272899
base,1000,GB4 0AC_00058 0 offwind-float,0.0,0.0003188857236426567
base,1000,GB4 0AC_00059 0 offwind-float,0.0,0.0003130276752992198
base,1000,GB4 0AC_00060 0 offwind-float,0.0,0.0003157492965451953
base,1000,GB4 0AC_00061 0 offwind-float,0.0,0.00029948811023850234
base,1000,GB4 0AC_00062 0 offwind-float,0.0,0.00031334618484239545
base,1000,GB4 0AC_00063 0 offwind-float,0.0,0.0003188618073059587
base,1000,GB4 0AC_00064 0 offwind-float,0.0,0.0003142087037390061
base,1000,GB4 0AC_00065 0 offwind-float,0.0,0.0003070796822400382
base,1000,GB4 0AC_00066 0 offwind-float,0.0,0.000302278972900757
base,1000,GB4 0AC_00067 0 offwind-float,0.0,0.0003025788843182934
base,1000,GB4 0AC_00068 0 offwind-float,0.0,0.0003116712956223007
base,1000,GB4 0AC_00069 0 offwind-float,0.0,0.000310907749775201
base,1000,GB4 0AC_00070 0 offwind-float,0.0,0.0002905081084815352
base,1000,GB4 0AC_00071 0 offwind-float,0.0,0.0003110973663006754
base,1000,GB4 0AC_00072 0 offwind-float,0.0,0.0003108392786208366
base,1000,GB4 0AC_00073 0 offwind-float,0.0,0.0003036931240650259
base,1000,GB4 0AC_00074 0 offwind-float,0.0,0.0003049584856537036
base,1000,GB4 0AC_00075 0 offwind-float,0.0,0.00029760930468977406
base,1000,GB4 0AC_00076 0 offwind-float,0.0,0.0003047126882258568
base,1000,GB4 0AC_00077 0 offwind-float,0.0,0.00029406929111467435
base,1000,GB4 0AC_00078 0 offwind-float,0.0,0.0003005174861300407
base,1000,GB4 0AC_00079 0 offwind-float,0.0,0.0003041557245931992
base,1000,GB4 0AC_00080 0 offwind-float,0.0,0.00029213237406497736
base,1000,GB4 0AC_00081 0 offwind-float,0.0,0.00030181208587244706
base,1000,GB4 0AC_00082 0 offwind-float,0.0,0.0002942390394237091
base,1000,GB4 0AC_00083 0 offwind-float,0.0,0.00029565795799125485
base,1000,GB4 0AC_00084 0 offwind-float,0.0,0.00030045198196435193
base,1000,GB4 0AC_00085 0 offwind-float,0.0,0.00030050889947391685
base,1000,GB4 0AC_00086 0 offwind-float,0.0,0.00029414392062885865
base,1000,GB4 0AC_00087 0 offwind-float,0.0,0.00029558351090162437
base,1000,GB4 0AC_00088 0 offwind-float,0.0,0.00029654244001463726
base,1000,GB4 0AC_00089 0 offwind-float,0.0,0.0002869440210969314
base,1000,NL2 0AC_00027 0 offwind-float,0.0,0.00012221800232436306
base,1000,NL2 0AC_00060 0 offwind-float,0.0,9.175040442116524e-05
base,1000,NL2 0AC_00064 0 offwind-float,0.0,0.00012548136788582205
base,1000,NL2 0AC_00074 0 offwind-float,0.0,0.00013940255756757076
base,1000,NL2 0AC_00077 0 offwind-float,0.0,0.00012772434699725435
base,1000,NL2 0AC_00079 0 offwind-float,0.0,0.00010605351175419403
base,1000,NO0 0AC_00000 0 offwind-float,0.0,0.0002816166565357803
base,1000,NO0 0AC_00001 0 offwind-float,0.0,0.0002852817483607729
base,1000,NO0 0AC_00002 0 offwind-float,0.0,0.0002769922777911277
base,1000,NO0 0AC_00003 0 offwind-float,0.0,0.00026941075749414405
base,1000,NO0 0AC_00004 0 offwind-float,0.0,0.00027077957291621893
base,1000,NO0 0AC_00005 0 offwind-float,0.0,0.00027243320998184434
base,1000,NO0 0AC_00006 0 offwind-float,0.0,0.0002815568624592877
base,1000,NO0 0AC_00007 0 offwind-float,0.0,0.0002728095037606237
base,1000,NO0 0AC_00008 0 offwind-float,0.0,0.0002741430838274002
base,1000,NO0 0AC_00009 0 offwind-float,0.0,0.0002765080162674025
base,1000,NO0 0AC_00010 0 offwind-float,0.0,0.0002703665927242887
base,1000,NO0 0AC_00011 0 offwind-float,0.0,0.0002698230271197961
base,1000,NO0 0AC_00012 0 offwind-float,0.0,0.0002789814963541562
base,1000,NO0 0AC_00013 0 offwind-float,0.0,0.0002795619905086604
base,1000,NO0 0AC_00014 0 offwind-float,0.0,0.0002697580775775395
base,1000,NO0 0AC_00015 0 offwind-float,0.0,0.00026404536098695444
base,1000,NO0 0AC_00016 0 offwind-float,0.0,0.0002783073686006744
base,1000,NO0 0AC_00017 0 offwind-float,0.0,0.000272764510404156
base,1000,NO0 0AC_00018 0 offwind-float,0.0,0.00027908907542025565
base,1000,NO0 0AC_00019 0 offwind-float,0.0,0.00027417714326088055
base,1000,NO0 0AC_00020 0 offwind-float,0.0,0.0002718812814883157
base,1000,NO0 0AC_00021 0 offwind-float,0.0,0.0002685409133255634
base,1000,NO0 0AC_00022 0 offwind-float,0.0,0.0002635258681747283
base,1000,NO0 0AC_00023 0 offwind-float,0.0,0.00027033107715943353
base,1000,NO0 0AC_00024 0 offwind-float,0.0,0.0002680166169400567
base,1000,NO0 0AC_00025 0 offwind-float,0.0,0.00026834525032351975
base,1000,NO0 0AC_00026 0 offwind-float,0.0,0.00029053814733691276
base,1000,NO0 0AC_00027 0 offwind-float,0.0,0.0002865535640232556
base,1000,NO0 0AC_00028 0 offwind-float,0.0,0.000265727466769125
base,1000,NO0 0AC_00029 0 offwind-float,0.0,0.0002682179620414026
base,1000,NO0 0AC_00030 0 offwind-float,0.0,0.0002854413273731144
base,1000,NO0 0AC_00031 0 offwind-float,0.0,0.0002757970891323592
base,1000,NO0 0AC_00032 0 offwind-float,0.0,0.0002884885576524647
base,1000,NO0 0AC_00033 0 offwind-float,0.0,0.0002756694974247253
base,1000,NO0 0AC_00034 0 offwind-float,0.0,0.00027884967714985405
base,1000,NO0 0AC_00035 0 offwind-float,0.0,0.000273569584977808
base,1000,NO0 0AC_00036 0 offwind-float,0.0,0.00029780668894593374
base,1000,NO0 0AC_00037 0 offwind-float,0.0,0.0002841818725067514
base,1000,NO0 0AC_00038 0 offwind-float,0.0,0.00027931704652272676
base,1000,NO0 0AC_00039 0 offwind-float,0.0,0.000277686626285605
base,1000,NO0 0AC_00040 0 offwind-float,0.0,0.0002656253705469801
base,1000,NO0 0AC_00041 0 offwind-float,0.0,0.00025792366135746013
base,1000,NO0 0AC_00042 0 offwind-float,0.0,0.00026408936476060455
base,1000,NO0 0AC_00043 0 offwind-float,0.0,0.0002741017835622371
base,1000,NO0 0AC_00044 0 offwind-float,0.0,0.00029160955319272776
base,1000,NO0 0AC_00045 0 offwind-float,0.0,0.000285925059686628
base,1000,NO0 0AC_00046 0 offwind-float,0.0,0.00028325231303847167
base,1000,NO0 0AC_00047 0 offwind-float,0.0,0.00028831449878905126
base,1000,NO0 0AC_00048 0 offwind-float,0.0,0.0002658728006655619
base,1000,NO0 0AC_00049 0 offwind-float,0.0,0.0002615031394348852
base,1000,NO0 0AC_00050 0 offwind-float,0.0,0.0002608029718947073
base,1000,NO0 0AC_00051 0 offwind-float,0.0,0.00028715929401112414
base,1000,NO0 0AC_00052 0 offwind-float,0.0,0.0002818238586558711
base,1000,NO0 0AC_00053 0 offwind-float,0.0,0.0002906752407562158
base,1000,NO0 0AC_00054 0 offwind-float,0.0,0.0002928452945889306
base,1000,NO0 0AC_00055 0 offwind-float,0.0,0.0002738004993776177
base,1000,NO0 0AC_00056 0 offwind-float,0.0,0.0002734299180835537
base,1000,NO0 0AC_00057 0 offwind-float,0.0,0.00026844035608634026
base,1000,NO0 0AC_00058 0 offwind-float,0.0,0.00025508075364756984
base,1000,NO0 0AC_00059 0 offwind-float,0.0,0.000280059018173549
base,1000,NO0 0AC_00060 0 offwind-float,0.0,0.00026609887286955624
base,1000,NO0 0AC_00061 0 offwind-float,0.0,0.0002590032730577458
base,1000,NO0 0AC_00062 0 offwind-float,0.0,0.0002914341879891673
base,1000,NO0 0AC_00063 0 offwind-float,0.0,0.00029441193348623033
base,1000,NO0 0AC_00064 0 offwind-float,0.0,0.0002887267425434102
base,1000,NO0 0AC_00065 0 offwind-float,0.0,0.0002891120155644852
base,1000,NO0 0AC_00066 0 offwind-float,0.0,0.00028770744179109037
base,1000,NO0 0AC_00067 0 offwind-float,0.0,0.00029483824788723083
base,1000,NO0 0AC_00068 0 offwind-float,0.0,0.00027232070135254667
base,1000,NO0 0AC_00069 0 offwind-float,0.0,0.00015973383538729567
base,1000,NO0 0AC_00070 0 offwind-float,0.0,0.0002497427686883145
base,1000,NO0 0AC_00071 0 offwind-float,0.0,0.0002912456744662683
base,1000,NO0 0AC_00072 0 offwind-float,0.0,0.0002793261281185081
base,1000,NO0 0AC_00074 0 offwind-float,0.0,0.000289147020456166
base,1000,NO0 0AC_00075 0 offwind-float,0.0,0.00028741211069021504
base,1000,NO0 0AC_00076 0 offwind-float,0.0,0.0002830053338751089
base,1000,NO0 0AC_00077 0 offwind-float,0.0,0.000262202421720079
base,1000,NO0 0AC_00078 0 offwind-float,0.0,0.0002495347528079243
base,1000,NO0 0AC_00079 0 offwind-float,0.0,0.00027568886798287883
base,1000,NO0 0AC_00080 0 offwind-float,0.0,0.0002951040981437136
base,1000,NO0 0AC_00081 0 offwind-float,0.0,0.00029778075877097453
base,1000,NO0 0AC_00082 0 offwind-float,0.0,0.00029685740790782534
base,1000,NO0 0AC_00083 0 offwind-float,0.0,0.00028835885251272947
base,1000,NO0 0AC_00084 0 offwind-float,0.0,0.00023619449123990648
base,1000,NO0 0AC_00085 0 offwind-float,0.0,0.000199896285384729
base,1000,NO0 0AC_00086 0 offwind-float,0.0,0.00024671069566406203
base,1000,NO0 0AC_00087 0 offwind-float,0.0,0.00030425305131627034
base,1000,NO0 0AC_00088 0 offwind-float,0.0,0.00028953270570787626
base,1000,NO0 0AC_00089 0 offwind-float,0.0,0.0002621327107738369
base,1000,NO0 0AC_00090 0 offwind-float,0.0,0.00029084039302979605
base,1000,NO0 0AC_00091 0 offwind-float,0.0,0.00030345979825340403
base,1000,NO0 0AC_00092 0 offwind-float,0.0,0.000281856520078299
base,1000,NO0 0AC_00093 0 offwind-float,0.0,0.0002986337193384139
base,1000,NO0 0AC_00094 0 offwind-float,0.0,0.00024158857068425505
base,1000,NO0 0AC_00095 0 offwind-float,0.0,0.00029041639013177605
base,1000,NO0 0AC_00096 0 offwind-float,0.0,0.0002867533026552525
base,1000,NO0 0AC_00097 0 offwind-float,0.0,0.0002879688665151386
base,1000,NO0 0AC_00098 0 offwind-float,0.0,0.0003078452470729413
base,1000,NO0 0AC_00099 0 offwind-float,0.0,0.000282619709008344
base,1000,NO0 0AC_00100 0 offwind-float,0.0,0.00026362948794082683
base,1000,NO0 0AC_00101 0 offwind-float,0.0,0.00023443729873494115
base,1000,NO0 0AC_00102 0 offwind-float,0.0,0.00022001097660182364
base,1000,NO0 0AC_00103 0 offwind-float,0.0,0.00015815944123048133
base,1000,NO0 0AC_00105 0 offwind-float,0.0,0.0002931749280463969
base,1000,NO0 0AC_00106 0 offwind-float,0.0,0.00031318240285241236
base,1000,NO0 0AC_00107 0 offwind-float,0.0,0.00030200610542424893
base,1000,NO0 0AC_00108 0 offwind-float,0.0,0.00026850022836447975
base,1000,NO0 0AC_00109 0 offwind-float,0.0,0.000293882953697129
base,1000,NO0 0AC_00110 0 offwind-float,0.0,0.0002227051452673835
base,1000,NO0 0AC_00111 0 offwind-float,0.0,0.00013333487579758342
base,1000,NO0 0AC_00112 0 offwind-float,0.0,0.0003044321650308748
base,1000,NO0 0AC_00113 0 offwind-float,0.0,0.00018274059841794175
base,1000,NO0 0AC_00114 0 offwind-float,0.0,0.00014876448743329524
base,1000,NO0 0AC_00115 0 offwind-float,0.0,0.00030550769381001655
base,1000,NO0 0AC_00116 0 offwind-float,0.0,0.0002623057358756135
base,1000,NO0 0AC_00117 0 offwind-float,0.0,0.00028130818646168547
base,1000,NO0 0AC_00118 0 offwind-float,0.0,0.00030375659372335815
base,1000,NO0 0AC_00119 0 offwind-float,0.0,8.625879742445881e-05
base,1000,NO0 0AC_00121 0 offwind-float,0.0,7.801694407319735e-05
base,1000,NO0 0AC_00123 0 offwind-float,0.0,9.676906262819304e-05
base,1000,NO0 0AC_00125 0 offwind-float,0.0,0.00016642814413971266
base,1000,NO0 0AC_00128 0 offwind-float,0.0,7.306351786385191e-05
base,1000,NO0 0AC_00129 0 offwind-float,0.0,9.567804135332798e-05
base,1000,NO0 0AC_00131 0 offwind-float,0.0,0.00027322351700509825
base,1000,NO0 0AC_00132 0 offwind-float,0.0,0.0003007730433500909
base,1000,NO0 0AC_00133 0 offwind-float,0.0,0.0002957271492790016
base,1000,NO0 0AC_00134 0 offwind-float,0.0,0.0003041331400833524
base,1000,NO0 0AC_00135 0 offwind-float,0.0,0.00027093306679155655
base,1000,NO0 0AC_00136 0 offwind-float,0.0,0.00018606277318339976
base,1000,NO0 0AC_00138 0 offwind-float,0.0,0.00021885060861918734
base,1000,NO0 0AC_00139 0 offwind-float,0.0,0.00020138230757456624
base,1000,NO0 0AC_00140 0 offwind-float,0.0,7.821702254882849e-05
base,1000,NO0 0AC_00141 0 offwind-float,0.0,0.00018079541108748472
base,1000,NO0 0AC_00142 0 offwind-float,0.0,7.276422292171934e-05
base,1000,NO0 0AC_00143 0 offwind-float,0.0,7.909079182506464e-05
base,1000,NO0 0AC_00144 0 offwind-float,0.0,8.026694455993958e-05
base,1000,NO0 0AC_00149 0 offwind-float,0.0,4.6920068580281826e-05
base,1000,NO0 0AC_00150 0 offwind-float,0.0,4.2941182391045403e-05
base,1000,NO0 0AC_00151 0 offwind-float,0.0,4.065986711504346e-05
base,1000,NO0 0AC_00152 0 offwind-float,0.0,4.270043037646996e-05
base,1000,NO0 0AC_00154 0 offwind-float,0.0,4.500215143234764e-05
base,1000,NO0 0AC_00155 0 offwind-float,0.0,0.0003136490910406745
base,1000,NO0 0AC_00156 0 offwind-float,0.0,0.0002400732432793731
base,1000,NO0 0AC_00157 0 offwind-float,0.0,0.0002707638297667932
base,1000,NO0 0AC_00158 0 offwind-float,0.0,0.00026548240047929896
base,1000,NO0 0AC_00161 0 offwind-float,0.0,0.00031683003259071706
base,1000,NO0 0AC_00163 0 offwind-float,0.0,0.00010425879488446206
base,1000,NO0 0AC_00166 0 offwind-float,0.0,0.00028285085345246253
base,1000,NO0 0AC_00167 0 offwind-float,0.0,0.00016042050856088585
base,1000,NO0 0AC_00169 0 offwind-float,0.0,0.00011433868676121492
base,1000,NO0 0AC_00172 0 offwind-float,0.0,4.612801345832805e-05
base,1000,NO0 0AC_00174 0 offwind-float,0.0,8.571711605871283e-05
base,1000,NO0 0AC_00176 0 offwind-float,0.0,3.8399208683931426e-05
base,1000,NO0 0AC_00177 0 offwind-float,0.0,4.815692985747253e-05
base,1000,NO0 0AC_00178 0 offwind-float,0.0,0.00029799314200815483
base,1000,NO0 0AC_00181 0 offwind-float,0.0,0.0003208360726233179
base,1000,NO0 0AC_00182 0 offwind-float,0.0,0.00028885754966139415
base,1000,NO0 0AC_00184 0 offwind-float,0.0,0.00032674881100553256
base,1000,NO0 0AC_00185 0 offwind-float,0.0,0.0002704147209140746
base,1000,NO0 0AC_00186 0 offwind-float,0.0,0.00019056580776014525
base,1000,NO0 0AC_00187 0 offwind-float,0.0,0.00017782304722323286
base,1000,NO0 0AC_00188 0 offwind-float,0.0,0.00021457467147164436
base,1000,NO0 0AC_00189 0 offwind-float,0.0,0.00017591162845704227
base,1000,NO0 0AC_00190 0 offwind-float,0.0,8.97649021225814e-05
base,1000,NO0 0AC_00191 0 offwind-float,0.0,0.000287501960678782
base,1000,NO0 0AC_00197 0 offwind-float,0.0,3.03839322785533e-05
base,1000,NO0 0AC_00198 0 offwind-float,0.0,0.00032287483560391854
base,1000,NO0 0AC_00199 0 offwind-float,0.0,0.0003212977651223847
base,1000,NO0 0AC_00200 0 offwind-float,0.0,0.0003208444031984317
base,1000,NO0 0AC_00201 0 offwind-float,0.0,0.00017414070124201363
base,1000,NO0 0AC_00203 0 offwind-float,0.0,0.00020816685577882007
base,1000,NO0 0AC_00204 0 offwind-float,0.0,0.0003156318507450268
base,1000,NO0 0AC_00205 0 offwind-float,0.0,0.000340976261235339
base,1000,NO0 0AC_00206 0 offwind-float,0.0,0.00022542505989612893
base,1000,NO0 0AC_00212 0 offwind-float,0.0,0.00026470797144503947
base,1000,NO0 0AC_00214 0 offwind-float,0.0,0.00021691019372356354
base,1000,NO0 0AC_00215 0 offwind-float,0.0,0.00033925862294168445
base,1000,NO0 0AC_00216 0 offwind-float,0.0,0.00021715356002794441
base,1000,NO0 0AC_00219 0 offwind-float,0.0,0.0003231597410607497
base,1000,NO0 0AC_00220 0 offwind-float,0.0,0.0002894671848696938
base,1000,NO0 0AC_00221 0 offwind-float,0.0,0.00030212910766299467
base,1000,NO0 0AC_00223 0 offwind-float,0.0,0.00020330768076935415
base,1000,NO0 0AC_00225 0 offwind-float,0.0,0.00026195582093638595
base,1000,NO0 0AC_00228 0 offwind-float,0.0,0.000255027856296888
base,1000,NO0 0AC_00229 0 offwind-float,0.0,0.0002171613937640571
base,1000,NO0 0AC_00230 0 offwind-float,0.0,0.00024014033249539262
base,1000,NO0 0AC_00232 0 offwind-float,0.0,0.00020254899312912574
base,1000,NO0 0AC_00233 0 offwind-float,0.0,0.00024450739821915425
base,1000,NO0 0AC_00234 0 offwind-float,0.0,0.0002629883916785665
base,1000,NO0 0AC_00236 0 offwind-float,0.0,0.00020594049675625283
base,1000,NO0 0AC_00238 0 offwind-float,0.0,0.00027222807551175235
base,1000,NO0 0AC_00239 0 offwind-float,0.0,0.00024948462792625116
base,1000,NO0 0AC_00240 0 offwind-float,0.0,0.0002758117705704929
base,1000,NO0 0AC_00241 0 offwind-float,0.0,0.0002106935376946104
base,1000,NO0 0AC_00242 0 offwind-float,0.0,0.0002177230898640292
base,1000,NO0 0AC_00245 0 offwind-float,0.0,0.0001225919206743644
standard,1000,DE2 0AC_00040 0 offwind-float,0.11452172984323983,0.0001359998440843733
standard,1000,DE2 0AC_00042 0 offwind-float,0.11455625658405322,0.0001295330620833697
standard,1000,DK2 0AC_00000 0 offwind-float,0.11455667416180848,0.00024753658336821877
standard,1000,DK2 0AC_00003 0 offwind-float,0.11451174528017549,0.00024316120396411915
standard,1000,DK2 0AC_00004 0 offwind-float,0.11454364469920197,0.0002429113916612686
standard,1000,DK2 0AC_00023 0 offwind-float,0.11453153920809933,0.0002490680398824276
standard,1000,DK2 0AC_00043 0 offwind-float,0.11455448115471067,0.0002538131993278957
standard,1000,DK2 0AC_00058 0 offwind-float,0.11451048201317715,0.0002421314168098827
standard,1000,DK2 0AC_00064 0 offwind-float,0.11456375861064816,0.00023741756359340385
standard,1000,DK2 0AC_00069 0 offwind-float,0.11452205602380616,0.00017533127541758347
standard,1000,DK2 0AC_00070 0 offwind-float,0.11453337994093393,0.00018843400586853563
standard,1000,DK2 0AC_00075 0 offwind-float,0.11452278135168936,0.00026297572733607964
standard,1000,DK2 0AC_00076 0 offwind-float,0.11456754701195182,0.00025556348012035026
standard,1000,GB1 0AC_00006 0 offwind-float,0.11462988872583058,0.0001128557639516087
standard,1000,GB1 0AC_00009 0 offwind-float,0.11455494240625086,0.0003421906558468267
standard,1000,GB1 0AC_00011 0 offwind-float,0.11453856592591083,0.00025485598364981905
standard,1000,GB1 0AC_00015 0 offwind-float,0.11453538964752485,0.00027710545320553157
standard,1000,GB1 0AC_00016 0 offwind-float,0.11459684105535106,0.00026019263665281843
standard,1000,GB1 0AC_00020 0 offwind-float,0.11452375026518868,0.0002969693445231494
standard,1000,GB1 0AC_00022 0 offwind-float,0.11455764792909728,0.0002737354915768388
standard,1000,GB1 0AC_00023 0 offwind-float,0.11454913955015389,0.0002057878571456831
standard,1000,GB1 0AC_00025 0 offwind-float,0.11454472086290701,0.0003174858037585896
standard,1000,GB1 0AC_00026 0 offwind-float,0.11453371854848438,0.00032821638432931733
standard,1000,GB1 0AC_00027 0 offwind-float,0.11456983089619188,0.0002832484240563902
standard,1000,GB1 0AC_00030 0 offwind-float,0.11452211605037843,0.00035252615166552105
standard,1000,GB1 0AC_00033 0 offwind-float,0.11456857990769942,0.0003155650039983008
standard,1000,GB1 0AC_00036 0 offwind-float,0.11456863898542313,0.0002811034483001638
standard,1000,GB1 0AC_00037 0 offwind-float,0.11455543852120753,0.000339870377946439
standard,1000,GB1 0AC_00038 0 offwind-float,0.11454391280660292,0.00033893694713344125
standard,1000,GB1 0AC_00039 0 offwind-float,0.11453615937331851,0.00021811904520083447
standard,1000,GB1 0AC_00040 0 offwind-float,0.11457314387401141,0.000259561877759005
standard,1000,GB1 0AC_00043 0 offwind-float,0.11455658079326703,0.0003189889767081541
standard,1000,GB1 0AC_00045 0 offwind-float,0.11456918993075826,0.000285540849582525
standard,1000,GB1 0AC_00046 0 offwind-float,0.11453446176239979,0.0002976674280246191
standard,1000,GB1 0AC_00047 0 offwind-float,0.11452420030954669,0.00021974553294946898
standard,1000,GB1 0AC_00048 0 offwind-float,0.11455712282367414,0.0002857742404704594
standard,1000,GB1 0AC_00049 0 offwind-float,0.11459041696263361,0.0002839410770600672
standard,1000,GB1 0AC_00050 0 offwind-float,0.11454510143414298,0.00033551632593336597
standard,1000,GB1 0AC_00051 0 offwind-float,0.11454561309794842,0.0003276642659503322
standard,1000,GB1 0AC_00052 0 offwind-float,0.11453428282422762,0.0002884704524287495
standard,1000,GB1 0AC_00053 0 offwind-float,0.11456546382756339,0.0003155590674315641
standard,1000,GB1 0AC_00054 0 offwind-float,0.11455053922909986,0.00021665398490183988
standard,1000,GB1 0AC_00055 0 offwind-float,0.11456694473065765,0.00030250992534538665
standard,1000,GB1 0AC_00056 0 offwind-float,0.11454520354896536,0.00030243089255975475
standard,1000,GB1 0AC_00057 0 offwind-float,0.11454536048212527,0.00032869427792153624
standard,1000,GB1 0AC_00058 0 offwind-float,0.11453425309041465,0.0002719960335600194
standard,1000,GB1 0AC_00059 0 offwind-float,0.11451147808458217,0.00024661882126267846
standard,1000,GB1 0AC_00062 0 offwind-float,0.11451340079220584,0.00011039890162022083
standard,1000,GB1 0AC_00064 0 offwind-float,0.11452309142271988,0.0002675347563758939
standard,1000,GB1 0AC_00065 0 offwind-float,0.11453404162013181,0.00031821254836007296
standard,1000,GB1 0AC_00066 0 offwind-float,0.11453212999223572,0.00029698214516355197
standard,1000,GB1 0AC_00067 0 offwind-float,0.11453444458004658,0.0002977740350350901
standard,1000,GB1 0AC_00068 0 offwind-float,0.11455526036591002,0.00030176626565429676
standard,1000,GB1 0AC_00069 0 offwind-float,0.11453464562100246,0.00032791522629879065
standard,1000,GB1 0AC_00070 0 offwind-float,0.11451148941370792,0.00033678602452319516
standard,1000,GB1 0AC_00071 0 offwind-float,0.11451173853464103,0.0002640189900786208
standard,1000,GB1 0AC_00072 0 offwind-float,0.11452526627592452,0.00020738624118572487
standard,1000,GB1 0AC_00073 0 offwind-float,0.11454581216467397,0.0002870490837677056
standard,1000,GB1 0AC_00074 0 offwind-float,0.11452107885254481,0.00030418729739086094
standard,1000,GB1 0AC_00078 0 offwind-float,0.11453346383722096,0.00030753536682979414
standard,1000,GB1 0AC_00079 0 offwind-float,0.11452232335825208,0.00030247575792718685
standard,1000,GB1 0AC_00080 0 offwind-float,0.11453289609663775,0.00031615812645412926
standard,1000,GB1 0AC_00081 0 offwind-float,0.11453424925542943,0.000282587392382112
standard,1000,GB1 0AC_00082 0 offwind-float,0.11456072932630135,0.00023166524445545912
standard,1000,GB1 0AC_00083 0 offwind-float,0.11455656981292306,0.00029579908803241623
standard,1000,GB1 0AC_00084 0 offwind-float,0.11454514078227518,0.0003076255903631364
standard,1000,GB1 0AC_00086 0 offwind-float,0.11453440736658937,0.00027139151886673317
standard,1000,GB1 0AC_00087 0 offwind-float,0.11457910537330085,0.0002883331527413233
standard,1000,GB1 0AC_00088 0 offwind-float,0.11452195054041314,0.0003029630122318189
standard,1000,GB1 0AC_00089 0 offwind-float,0.1145450423440012,0.00030360776877273775
standard,1000,GB1 0AC_00090 0 offwind-float,0.11454725778896535,0.0003145047681840214
standard,1000,GB1 0AC_00091 0 offwind-float,0.11453364987823655,0.00031004550393280695
standard,1000,GB1 0AC_00092 0 offwind-float,0.11451182953280215,0.00020039675594770025
standard,1000,GB1 0AC_00093 0 offwind-float,0.11454588104816499,0.0002810886353028418
standard,1000,GB1 0AC_00094 0 offwind-float,0.11453374406171457,0.0003006438672250048
standard,1000,GB1 0AC_00095 0 offwind-float,0.11452182576723424,0.00031845524827237834
standard,1000,GB1 0AC_00096 0 offwind-float,0.11451052071845291,0.0002954850995349121
standard,1000,GB1 0AC_00097 0 offwind-float,0.11450000000000027,0.0002595105030328308
standard,1000,GB1 0AC_00098 0 offwind-float,0.11454724813820816,0.000249838100568745
standard,1000,GB1 0AC_00099 0 offwind-float,0.11454632100995843,0.0002777651547954195
standard,1000,GB1 0AC_00100 0 offwind-float,0.11451148761134822,0.00032179193513519084
standard,1000,GB1 0AC_00101 0 offwind-float,0.11452265715704746,0.000291767356950606
standard,1000,GB1 0AC_00102 0 offwind-float,0.11454401595184838,0.0003005453155989737
standard,1000,GB1 0AC_00103 0 offwind-float,0.11453424232108445,0.00028132778010517284
standard,1000,GB1 0AC_00104 0 offwind-float,0.11453437216977058,0.0003067953531002777
standard,1000,GB1 0AC_00105 0 offwind-float,0.1145223744875471,0.0003003091711485058
standard,1000,GB1 0AC_00106 0 offwind-float,0.11452377005959735,0.0002827874036568202
standard,1000,GB1 0AC_00109 0 offwind-float,0.11452122619369032,0.0002986007231148696
standard,1000,GB1 0AC_00110 0 offwind-float,0.11453494565151445,0.000275199587712443
standard,1000,GB1 0AC_00111 0 offwind-float,0.11450000000000016,0.00028716884459700304
standard,1000,GB1 0AC_00112 0 offwind-float,0.1145788084500271,0.0003201899032144316
standard,1000,GB1 0AC_00113 0 offwind-float,0.11456761016573414,0.000260451352353588
standard,1000,GB1 0AC_00114 0 offwind-float,0.11451106408581446,0.00028177159845869487
standard,1000,GB1 0AC_00115 0 offwind-float,0.11455542657982598,0.0002929076489594434
standard,1000,GB1 0AC_00117 0 offwind-float,0.11453423252585593,0.00029740607225487787
standard,1000,GB1 0AC_00118 0 offwind-float,0.11453441325761304,0.0002751084441018645
standard,1000,GB1 0AC_00119 0 offwind-float,0.11451170395765875,0.00023541205972782317
standard,1000,GB1 0AC_00120 0 offwind-float,0.11454749860200719,0.00029275763688390276
standard,1000,GB1 0AC_00121 0 offwind-float,0.11453361665344153,0.00028099523796424643
standard,1000,GB1 0AC_00122 0 offwind-float,0.1145233508229827,0.00027342359538602
standard,1000,GB1 0AC_00123 0 offwind-float,0.11454479119510264,0.0002916798054190304
standard,1000,GB1 0AC_00124 0 offwind-float,0.11455453096700707,0.0003033088107796253
standard,1000,GB1 0AC_00133 0 offwind-float,0.11452177170593603,0.00028799646021862986
standard,1000,GB1 0AC_00134 0 offwind-float,0.11452285189395883,0.0002669621489520522
standard,1000,GB1 0AC_00136 0 offwind-float,0.1145119258788273,0.0002786530028073341
standard,1000,GB1 0AC_00137 0 offwind-float,0.11451119743237237,0.0002939458375842001
standard,1000,GB1 0AC_00138 0 offwind-float,0.1145108545251381,0.00027732883572045066
standard,1000,GB1 0AC_00140 0 offwind-float,0.11453366742419535,0.00025514165939616377
standard,1000,GB1 0AC_00141 0 offwind-float,0.11455534889424468,0.0002765184127179988
standard,1000,GB1 0AC_00142 0 offwind-float,0.11452283403244523,0.00028248027361791895
standard,1000,GB1 0AC_00143 0 offwind-float,0.11453414314386234,0.0002920678682181943
standard,1000,GB1 0AC_00145 0 offwind-float,0.11453412174802824,0.0003007080687489843
standard,1000,GB1 0AC_00146 0 offwind-float,0.114535307333538,0.0003067083882198786
standard,1000,GB1 0AC_00149 0 offwind-float,0.11453443134339691,0.00027751806611127887
standard,1000,GB1 0AC_00150 0 offwind-float,0.114533991434842,0.0002695000824053181
standard,1000,GB1 0AC_00151 0 offwind-float,0.1145346192442821,0.00029007010255317783
standard,1000,GB1 0AC_00152 0 offwind-float,0.11452295092454001,0.0002829778212663258
standard,1000,GB1 0AC_00153 0 offwind-float,0.11452242313876315,0.00029058181986461586
standard,1000,GB1 0AC_00154 0 offwind-float,0.11451138117252402,0.0002800740575929523
standard,1000,GB1 0AC_00157 0 offwind-float,0.1145561216613129,0.00027277245842042137
standard,1000,GB1 0AC_00158 0 offwind-float,0.11455673361110019,0.0002843683612809308
standard,1000,GB1 0AC_00159 0 offwind-float,0.11456870838830913,0.00028005667645960815
standard,1000,GB1 0AC_00161 0 offwind-float,0.11453360235804588,0.0002933878837472987
standard,1000,GB1 0AC_00162 0 offwind-float,0.11456965022191212,0.0002962555200601484
standard,1000,GB1 0AC_00170 0 offwind-float,0.11451110252979202,0.00028192696603997376
standard,1000,GB1 0AC_00171 0 offwind-float,0.11456835538530674,0.00028031682047264465
standard,1000,GB1 0AC_00177 0 offwind-float,0.11453444916953415,0.00028714621941580254
standard,1000,GB1 0AC_00178 0 offwind-float,0.11454736541265365,0.00028758219396442155
standard,1000,GB1 0AC_00179 0 offwind-float,0.11454437756629421,0.000277501732865917
standard,1000,GB1 0AC_00182 0 offwind-float,0.11455845425259104,0.00028971495789430944
standard,1000,GB1 0AC_00185 0 offwind-float,0.11451175706487071,0.00028734478768741435
standard,1000,GB1 0AC_00187 0 offwind-float,0.1145230484467804,0.00027611647017049214
standard,1000,GB1 0AC_00188 0 offwind-float,0.1145463059550661,0.0002802301732748786
standard,1000,GB1 0AC_00190 0 offwind-float,0.11453301609807753,0.000293551968011288
standard,1000,GB1 0AC_00191 0 offwind-float,0.11452330288600987,0.00028529645159173275
standard,1000,GB1 0AC_00193 0 offwind-float,0.11452267239975045,0.0002824763657515051
standard,1000,GB1 0AC_00194 0 offwind-float,0.11451187529134299,0.000278588275373916
standard,1000,GB1 0AC_00197 0 offwind-float,0.11456882949652758,0.00027739227938384636
standard,1000,GB1 0AC_00198 0 offwind-float,0.11454488204892732,0.0002752777297353915
standard,1000,GB1 0AC_00203 0 offwind-float,0.11452242162337167,0.0002870747648134335
standard,1000,GB1 0AC_00208 0 offwind-float,0.11453514630215711,0.0002846882234157795
standard,1000,GB1 0AC_00211 0 offwind-float,0.11451126225657093,0.00027488501527420323
standard,1000,GB1 0AC_00212 0 offwind-float,0.11451162974958029,0.0002793651381279369
standard,1000,GB1 0AC_00213 0 offwind-float,0.11455784589518181,0.00027705941567687906
standard,1000,GB1 0AC_00219 0 offwind-float,0.11451104000890122,0.0002761693869316572
standard,1000,GB1 0AC_00220 0 offwind-float,0.11456622914994585,0.00028203925020745224
standard,1000,GB1 0AC_00224 0 offwind-float,0.11452262286655202,0.0002858616248295874
standard,1000,GB1 0AC_00229 0 offwind-float,0.11453407655575953,0.00027733966784360055
standard,1000,GB1 0AC_00232 0 offwind-float,0.11453553802688798,0.00027577424184745564
standard,1000,GB1 0AC_00233 0 offwind-float,0.11452346844045092,0.00028505584090955205
standard,1000,GB1 0AC_00235 0 offwind-float,0.11455675897764428,0.0002790675313926768
standard,1000,GB1 0AC_00237 0 offwind-float,0.11454628056852045,0.0002809535693527862
standard,1000,GB1 0AC_00238 0 offwind-float,0.11453381162218745,0.00027952488865758346
standard,1000,GB1 0AC_00242 0 offwind-float,0.11452218811370918,0.00027927748339624006
standard,1000,GB1 0AC_00245 0 offwind-float,0.11451076965382279,0.0002742521544706686
standard,1000,GB1 0AC_00250 0 offwind-float,0.1145231580815943,0.0002852923490791015
standard,1000,GB1 0AC_00258 0 offwind-float,0.11455546865815947,0.00027640417867951786
standard,1000,GB1 0AC_00262 0 offwind-float,0.1145436016550696,0.00028164170325005585
standard,1000,GB1 0AC_00268 0 offwind-float,0.11453329380516064,0.0002819885209391381
standard,1000,GB4 0AC_00000 0 offwind-float,0.11453560494144055,0.00021143486015200134
standard,1000,GB4 0AC_00004 0 offwind-float,0.11453259830128792,0.00013428912546785478
standard,1000,GB4 0AC_00005 0 offwind-float,0.11452299499864893,0.00023167894461318647
standard,1000,GB4 0AC_00009 0 offwind-float,0.11454335418904193,0.00028443423156800356
standard,1000,GB4 0AC_00010 0 offwind-float,0.11453196752955985,0.00029266284246157165
standard,1000,GB4 0AC_00011 0 offwind-float,0.11453136400567199,0.00028119410016153365
standard,1000,GB4 0AC_00013 0 offwind-float,0.11453275930037254,0.00028607098013332555
standard,1000,GB4 0AC_00015 0 offwind-float,0.11452087264914268,0.0002916139353894293
standard,1000,GB4 0AC_00016 0 offwind-float,0.11451122310691997,0.0002873073539422568
standard,1000,GB4 0AC_00017 0 offwind-float,0.11452172585810982,0.00026446509268288906
standard,1000,GB4 0AC_00018 0 offwind-float,0.114510646859729,0.00016360067705489866
standard,1000,GB4 0AC_00029 0 offwind-float,0.11451064473097738,0.000283415921228486
standard,1000,GB4 0AC_00031 0 offwind-float,0.11456660308240418,0.00027348854146568377
standard,1000,GB4 0AC_00032 0 offwind-float,0.11454367009761768,0.0002742034767135321
standard,1000,GB4 0AC_00034 0 offwind-float,0.11450000000000005,0.00028176890524331944
standard,1000,GB4 0AC_00035 0 offwind-float,0.11451056285329964,0.0002860063622753294
standard,1000,GB4 0AC_00036 0 offwind-float,0.11456521476389803,0.0002725226057291072
standard,1000,GB4 0AC_00037 0 offwind-float,0.11459599488236971,0.0002829174951572515
standard,1000,GB4 0AC_00038 0 offwind-float,0.11454317570932171,0.0002678034540121949
standard,1000,GB4 0AC_00039 0 offwind-float,0.11453399496694683,0.00028927062171083624
standard,1000,GB4 0AC_00040 0 offwind-float,0.114544233257028,0.0002814233073903334
standard,1000,GB4 0AC_00041 0 offwind-float,0.11452150676792516,0.0002915024293263623
standard,1000,GB4 0AC_00042 0 offwind-float,0.11454541127321294,0.0002940590879111754
standard,1000,GB4 0AC_00043 0 offwind-float,0.1145216824750821,0.0002608043334515075
standard,1000,GB4 0AC_00044 0 offwind-float,0.11452273155982007,0.0002656451003748838
standard,1000,GB4 0AC_00045 0 offwind-float,0.11455379974124169,0.000275744483080984
standard,1000,GB4 0AC_00046 0 offwind-float,0.1145327355388217,0.00027598721798568376
standard,1000,GB4 0AC_00047 0 offwind-float,0.11457822978437582,0.0002662885403807427
standard,1000,GB4 0AC_00048 0 offwind-float,0.11452138955604341,0.00028481869413226224
standard,1000,GB4 0AC_00049 0 offwind-float,0.11453448418448708,0.0002775869998234545
standard,1000,GB4 0AC_00050 0 offwind-float,0.1145213204466976,0.00026910243739278655
standard,1000,GB4 0AC_00051 0 offwind-float,0.11454387432997348,0.0002690581429492268
standard,1000,GB4 0AC_00052 0 offwind-float,0.11455605237898658,0.0002694345698165147
standard,1000,GB4 0AC_00053 0 offwind-float,0.11453361290066832,0.000251814590994322
standard,1000,GB4 0AC_00054 0 offwind-float,0.1145442094032032,0.00026186186033452905
standard,1000,GB4 0AC_00055 0 offwind-float,0.11453477228812192,0.0002761879261155441
standard,1000,GB4 0AC_00056 0 offwind-float,0.11452230288284293,0.0002611863734087296
standard,1000,GB4 0AC_00057 0 offwind-float,0.1145116264032967,0.0002618467724021689
standard,1000,GB4 0AC_00058 0 offwind-float,0.11453376374026936,0.00026941559404962504
standard,1000,GB4 0AC_00059 0 offwind-float,0.11455540027376354,0.0002669586848057979
standard,1000,GB4 0AC_00060 0 offwind-float,0.11453418092561085,0.00026776559501020896
standard,1000,GB4 0AC_00061 0 offwind-float,0.11456590487926188,0.00025144538628689704
standard,1000,GB4 0AC_00062 0 offwind-float,0.11452217605996151,0.0002670469800677933
standard,1000,GB4 0AC_00063 0 offwind-float,0.11453374629745872,0.00025949044929936537
standard,1000,GB4 0AC_00064 0 offwind-float,0.11453314923638047,0.0002598125957997338
standard,1000,GB4 0AC_00065 0 offwind-float,0.11458900856246657,0.00026220069388755015
standard,1000,GB4 0AC_00066 0 offwind-float,0.11456558909941417,0.0002569252911079673
standard,1000,GB4 0AC_00067 0 offwind-float,0.11453408941014454,0.0002577358700276611
standard,1000,GB4 0AC_00068 0 offwind-float,0.11450000000000016,0.000266092783291026
standard,1000,GB4 0AC_00069 0 offwind-float,0.11450000000000016,0.00026453036980146177
standard,1000,GB4 0AC_00070 0 offwind-float,0.11454483709686747,0.0002428285908165968
standard,1000,GB4 0AC_00071 0 offwind-float,0.11455694325578314,0.00026036542239079604
standard,1000,GB4 0AC_00072 0 offwind-float,0.11456846741735693,0.0002507822635466217
standard,1000,GB4 0AC_00073 0 offwind-float,0.11451178885093116,0.0002604654297042388
standard,1000,GB4 0AC_00074 0 offwind-float,0.11453367251228375,0.00025323948574683457
standard,1000,GB4 0AC_00075 0 offwind-float,0.11452348271719526,0.00024851771270317417
standard,1000,GB4 0AC_00076 0 offwind-float,0.11454486232242944,0.0002520009246553429
standard,1000,GB4 0AC_00077 0 offwind-float,0.11453375660833098,0.0002498848009847582
standard,1000,GB4 0AC_00078 0 offwind-float,0.11452304901060206,0.0002541175319468202
standard,1000,GB4 0AC_00079 0 offwind-float,0.11453498878858226,0.000260678086606902
standard,1000,GB4 0AC_00080 0 offwind-float,0.11451198756941028,0.0002444792920533331
standard,1000,GB4 0AC_00081 0 offwind-float,0.11452302598985331,0.0002561314328530724
standard,1000,GB4 0AC_00082 0 offwind-float,0.11455720504848244,0.0002477720023596361
standard,1000,GB4 0AC_00083 0 offwind-float,0.11453558162499844,0.00025063848025392373
standard,1000,GB4 0AC_00084 0 offwind-float,0.11456846466719861,0.0002548713988923564
standard,1000,GB4 0AC_00085 0 offwind-float,0.11453540329943557,0.00024999564291298883
standard,1000,GB4 0AC_00086 0 offwind-float,0.11456766875734226,0.0002445321563541585
standard,1000,GB4 0AC_00087 0 offwind-float,0.11453424844745352,0.00024482585420525997
standard,1000,GB4 0AC_00088 0 offwind-float,0.11453447320081867,0.00025003414423684984
standard,1000,GB4 0AC_00089 0 offwind-float,0.11454759949681725,0.0002494588287124837
standard,1000,NL2 0AC_00027 0 offwind-float,0.11457804680013206,0.00013657307343977113
standard,1000,NL2 0AC_00060 0 offwind-float,0.11454200429308714,9.034366018629669e-05
standard,1000,NL2 0AC_00064 0 offwind-float,0.11452203042129083,0.00013736318732322705
standard,1000,NL2 0AC_00074 0 offwind-float,0.1145443590024886,0.00012486598478036372
standard,1000,NL2 0AC_00077 0 offwind-float,0.11457888599706434,0.00012738232697091114
standard,1000,NL2 0AC_00079 0 offwind-float,0.11455759325052839,0.00011329076239306695
standard,1000,NO0 0AC_00000 0 offwind-float,0.11452283594395007,0.000226877037777174
standard,1000,NO0 0AC_00001 0 offwind-float,0.11459283672901466,0.00022932382444303045
standard,1000,NO0 0AC_00002 0 offwind-float,0.11453509455164224,0.00022736355225411325
standard,1000,NO0 0AC_00003 0 offwind-float,0.11457004701507512,0.00022780969004343967
standard,1000,NO0 0AC_00004 0 offwind-float,0.11452284959988968,0.00022949648751217447
standard,1000,NO0 0AC_00005 0 offwind-float,0.11455892124603784,0.00022978442911347383
standard,1000,NO0 0AC_00006 0 offwind-float,0.11451140664868009,0.00022790549643482856
standard,1000,NO0 0AC_00007 0 offwind-float,0.11453532238200226,0.00021634228031445235
standard,1000,NO0 0AC_00008 0 offwind-float,0.11452309795529636,0.00022507588161582346
standard,1000,NO0 0AC_00009 0 offwind-float,0.11457000831155573,0.00022232000298042125
standard,1000,NO0 0AC_00010 0 offwind-float,0.11453532431794522,0.0002213642450156801
standard,1000,NO0 0AC_00011 0 offwind-float,0.1145548632397071,0.0002261450007658338
standard,1000,NO0 0AC_00012 0 offwind-float,0.11453509013246022,0.00023263658710732046
standard,1000,NO0 0AC_00013 0 offwind-float,0.11451146356427766,0.00022995452120973535
standard,1000,NO0 0AC_00014 0 offwind-float,0.11455950111302104,0.0002279341462751839
standard,1000,NO0 0AC_00015 0 offwind-float,0.11452338155168529,0.00022319111596850002
standard,1000,NO0 0AC_00016 0 offwind-float,0.11454594728796241,0.0002239086175405892
standard,1000,NO0 0AC_00017 0 offwind-float,0.11453431392384406,0.00023093171506804024
standard,1000,NO0 0AC_00018 0 offwind-float,0.11451148859357396,0.0002296189738360081
standard,1000,NO0 0AC_00019 0 offwind-float,0.11451128092485396,0.00021152251924932112
standard,1000,NO0 0AC_00020 0 offwind-float,0.11455642086497853,0.00022142694800985035
standard,1000,NO0 0AC_00021 0 offwind-float,0.11452234207168077,0.0002196197079197847
standard,1000,NO0 0AC_00022 0 offwind-float,0.11454781025023808,0.00021862533524145405
standard,1000,NO0 0AC_00023 0 offwind-float,0.11457098978686109,0.00022127504336380834
standard,1000,NO0 0AC_00024 0 offwind-float,0.11455797851103666,0.00022672021612833398
standard,1000,NO0 0AC_00025 0 offwind-float,0.11454600315165242,0.00022039101127855086
standard,1000,NO0 0AC_00026 0 offwind-float,0.11452385467619364,0.0002343175490410385
standard,1000,NO0 0AC_00027 0 offwind-float,0.11450000000000016,0.00023318238957906756
standard,1000,NO0 0AC_00028 0 offwind-float,0.11453491339608612,0.00021853358700031349
standard,1000,NO0 0AC_00029 0 offwind-float,0.11455987143959978,0.00021693473202197234
standard,1000,NO0 0AC_00030 0 offwind-float,0.11451215935918735,0.00023206479291155988
standard,1000,NO0 0AC_00031 0 offwind-float,0.11455592341401011,0.00022261800605913784
standard,1000,NO0 0AC_00032 0 offwind-float,0.11452405793465659,0.0002388752372562071
standard,1000,NO0 0AC_00033 0 offwind-float,0.1145470432162744,0.0002218739098164904
standard,1000,NO0 0AC_00034 0 offwind-float,0.11453506524846457,0.00022473701735280897
standard,1000,NO0 0AC_00035 0 offwind-float,0.1145575330628249,0.00022026518320466182
standard,1000,NO0 0AC_00036 0 offwind-float,0.11454599309231417,0.0002422725201694903
standard,1000,NO0 0AC_00037 0 offwind-float,0.11453336304537876,0.00023877407546321025
standard,1000,NO0 0AC_00038 0 offwind-float,0.11453442019701965,0.00022960771578393527
standard,1000,NO0 0AC_00039 0 offwind-float,0.11454510927531203,0.00023258855344814996
standard,1000,NO0 0AC_00040 0 offwind-float,0.11456000333972194,0.0002184204593659082
standard,1000,NO0 0AC_00041 0 offwind-float,0.11455792288119959,0.00020846154035810194
standard,1000,NO0 0AC_00042 0 offwind-float,0.11453610677256665,0.00021377997103577424
standard,1000,NO0 0AC_00043 0 offwind-float,0.11457097542315409,0.00022098565531636575
standard,1000,NO0 0AC_00044 0 offwind-float,0.11452259990500069,0.00024328288311856433
standard,1000,NO0 0AC_00045 0 offwind-float,0.11454499894444892,0.00024131958723413777
standard,1000,NO0 0AC_00046 0 offwind-float,0.11454665263428465,0.00023119531320458774
standard,1000,NO0 0AC_00047 0 offwind-float,0.11451100698690186,0.00023762264488882184
standard,1000,NO0 0AC_00048 0 offwind-float,0.11453558729050572,0.0002162336506965032
standard,1000,NO0 0AC_00049 0 offwind-float,0.11453502885730493,0.00021235936983641173
standard,1000,NO0 0AC_00050 0 offwind-float,0.1145724959570571,0.00020910003798673248
standard,1000,NO0 0AC_00051 0 offwind-float,0.11455872251986521,0.00023353195188116833
standard,1000,NO0 0AC_00052 0 offwind-float,0.11452360004387463,0.00023098063227167307
standard,1000,NO0 0AC_00053 0 offwind-float,0.11453467813876483,0.00024377079120748067
standard,1000,NO0 0AC_00054 0 offwind-float,0.11453388282842336,0.00024308312628862306
standard,1000,NO0 0AC_00055 0 offwind-float,0.11456957052334904,0.0002272251134392199
standard,1000,NO0 0AC_00056 0 offwind-float,0.11451142641013279,0.00022018447464398742
standard,1000,NO0 0AC_00057 0 offwind-float,0.11452364820398342,0.00021539485238322722
standard,1000,NO0 0AC_00058 0 offwind-float,0.11454972490417847,0.00020458181372017437
standard,1000,NO0 0AC_00059 0 offwind-float,0.11455915573386666,0.00022561585691971005
standard,1000,NO0 0AC_00060 0 offwind-float,0.11454711256692107,0.00021575286468840914
standard,1000,NO0 0AC_00061 0 offwind-float,0.11453554713071334,0.0002075966705340035
standard,1000,NO0 0AC_00062 0 offwind-float,0.1145460243816826,0.0002379997984286282
standard,1000,NO0 0AC_00063 0 offwind-float,0.11453360125426482,0.00024413409433600864
standard,1000,NO0 0AC_00064 0 offwind-float,0.11455696054237297,0.00023460219379487876
standard,1000,NO0 0AC_00065 0 offwind-float,0.11453496983281264,0.00024515350673784907
standard,1000,NO0 0AC_00066 0 offwind-float,0.11454534687449747,0.00023242484298338425
standard,1000,NO0 0AC_00067 0 offwind-float,0.11453293186300217,0.0002400887105246632
standard,1000,NO0 0AC_00068 0 offwind-float,0.11452284995835504,0.00022292537926212253
standard,1000,NO0 0AC_00069 0 offwind-float,0.11451328795575377,0.0001446683649364137
standard,1000,NO0 0AC_00070 0 offwind-float,0.11459901108694492,0.00020032899123424954
standard,1000,NO0 0AC_00071 0 offwind-float,0.11454424178173139,0.00024275864740435534
standard,1000,NO0 0AC_00072 0 offwind-float,0.11454527869103803,0.00023695942239642515
standard,1000,NO0 0AC_00074 0 offwind-float,0.11455639227263048,0.0002452947215331096
standard,1000,NO0 0AC_00075 0 offwind-float,0.1145230749966728,0.00023963725351519344
standard,1000,NO0 0AC_00076 0 offwind-float,0.11455655316690205,0.00022842639967138537
standard,1000,NO0 0AC_00077 0 offwind-float,0.11457122702427847,0.0002120329447259454
standard,1000,NO0 0AC_00078 0 offwind-float,0.11454769476415894,0.00020879263942459028
standard,1000,NO0 0AC_00079 0 offwind-float,0.11456910561768441,0.00022164758131554515
standard,1000,NO0 0AC_00080 0 offwind-float,0.11452333674809934,0.00024900167885993793
standard,1000,NO0 0AC_00081 0 offwind-float,0.11451085743096123,0.00024326282685213044
standard,1000,NO0 0AC_00082 0 offwind-float,0.1145445269429457,0.00024842199118851644
standard,1000,NO0 0AC_00083 0 offwind-float,0.11452268907073637,0.00024279319688669517
standard,1000,NO0 0AC_00084 0 offwind-float,0.11458869476912248,0.0001998109888409896
standard,1000,NO0 0AC_00085 0 offwind-float,0.11456296270540067,0.00016884570378709307
standard,1000,NO0 0AC_00086 0 offwind-float,0.1145252199318284,0.00020652322588165836
standard,1000,NO0 0AC_00087 0 offwind-float,0.11454478722686401,0.0002498565607111916
standard,1000,NO0 0AC_00088 0 offwind-float,0.11453276762916997,0.0002458914523156374
standard,1000,NO0 0AC_00089 0 offwind-float,0.11457083715452165,0.00022208036026483244
standard,1000,NO0 0AC_00090 0 offwind-float,0.1145326313149092,0.00024650710588947506
standard,1000,NO0 0AC_00091 0 offwind-float,0.11453345975337026,0.00025793129301804704
standard,1000,NO0 0AC_00092 0 offwind-float,0.114545619403854,0.00023353426377040125
standard,1000,NO0 0AC_00093 0 offwind-float,0.11451083517404792,0.00025429824974259013
standard,1000,NO0 0AC_00094 0 offwind-float,0.1145363369832163,0.000201862714913916
standard,1000,NO0 0AC_00095 0 offwind-float,0.11451070689754006,0.00024735544193355826
standard,1000,NO0 0AC_00096 0 offwind-float,0.1145334138446269,0.0002386399996816356
standard,1000,NO0 0AC_00097 0 offwind-float,0.11452259800441278,0.00023363676153969617
standard,1000,NO0 0AC_00098 0 offwind-float,0.114543731668589,0.000259547845619403
standard,1000,NO0 0AC_00099 0 offwind-float,0.11449999999999994,0.0002411455040719295
standard,1000,NO0 0AC_00100 0 offwind-float,0.11453405114988935,0.00022426674629807025
standard,1000,NO0 0AC_00101 0 offwind-float,0.11451272325292927,0.00019472708541689885
standard,1000,NO0 0AC_00102 0 offwind-float,0.11456430530038253,0.0001817684843520086
standard,1000,NO0 0AC_00103 0 offwind-float,0.11458694102223266,0.00013888048690507404
standard,1000,NO0 0AC_00105 0 offwind-float,0.1145232877240232,0.0002493988401593224
standard,1000,NO0 0AC_00106 0 offwind-float,0.1145316633592971,0.00026634485278835107
standard,1000,NO0 0AC_00107 0 offwind-float,0.11452191778543719,0.00025656604395588717
standard,1000,NO0 0AC_00108 0 offwind-float,0.114556508421639,0.0002259622821893701
standard,1000,NO0 0AC_00109 0 offwind-float,0.11459964108368026,0.00024815895435197056
standard,1000,NO0 0AC_00110 0 offwind-float,0.11456194187895052,0.00018551906834344024
standard,1000,NO0 0AC_00111 0 offwind-float,0.11460581564675842,0.00011498063575386545
standard,1000,NO0 0AC_00112 0 offwind-float,0.11453265574495752,0.0002592300632536294
standard,1000,NO0 0AC_00113 0 offwind-float,0.11454851325769333,0.00016521917682803998
standard,1000,NO0 0AC_00114 0 offwind-float,0.11457735020919524,0.00013232043830854403
standard,1000,NO0 0AC_00115 0 offwind-float,0.1145208923909018,0.00025336954216136033
standard,1000,NO0 0AC_00116 0 offwind-float,0.11452310570005264,0.00021839379099055845
standard,1000,NO0 0AC_00117 0 offwind-float,0.11454428563915786,0.00023203087481128812
standard,1000,NO0 0AC_00118 0 offwind-float,0.11451093443180904,0.0002585064767794158
standard,1000,NO0 0AC_00119 0 offwind-float,0.11469063545394598,7.473973362998295e-05
standard,1000,NO0 0AC_00121 0 offwind-float,0.11464518098156806,7.390603128445275e-05
standard,1000,NO0 0AC_00123 0 offwind-float,0.11461439687572983,8.38315194977563e-05
standard,1000,NO0 0AC_00125 0 offwind-float,0.1146605903021598,0.00014192058871141645
standard,1000,NO0 0AC_00128 0 offwind-float,0.11465211424658217,6.477080681913366e-05
standard,1000,NO0 0AC_00129 0 offwind-float,0.11460619563464691,7.516088959573512e-05
standard,1000,NO0 0AC_00131 0 offwind-float,0.11452152635629742,0.00022950729311408576
standard,1000,NO0 0AC_00132 0 offwind-float,0.11457546190479262,0.0002549597682504783
standard,1000,NO0 0AC_00133 0 offwind-float,0.1145100348606437,0.00024477617822318495
standard,1000,NO0 0AC_00134 0 offwind-float,0.11451092469687096,0.0002515155034334408
standard,1000,NO0 0AC_00135 0 offwind-float,0.11455463313709136,0.00022612513358460028
standard,1000,NO0 0AC_00136 0 offwind-float,0.11463137312292904,0.0001684045229249565
standard,1000,NO0 0AC_00138 0 offwind-float,0.11456840582694672,0.00018331828084048397
standard,1000,NO0 0AC_00139 0 offwind-float,0.11458035494966268,0.0001671300355058057
standard,1000,NO0 0AC_00140 0 offwind-float,0.11455418174768384,7.246834387732509e-05
standard,1000,NO0 0AC_00141 0 offwind-float,0.11456203424358147,0.00015276787546683956
standard,1000,NO0 0AC_00142 0 offwind-float,0.1146626560438444,6.852700683490108e-05
standard,1000,NO0 0AC_00143 0 offwind-float,0.1146626560438444,6.503800741102807e-05
standard,1000,NO0 0AC_00144 0 offwind-float,0.1146626560438444,6.534416146217055e-05
standard,1000,NO0 0AC_00149 0 offwind-float,0.11698756255501808,4.117902262285533e-05
standard,1000,NO0 0AC_00150 0 offwind-float,0.11495959052600435,3.776396358801187e-05
standard,1000,NO0 0AC_00151 0 offwind-float,0.11492447810970785,3.874873121727882e-05
standard,1000,NO0 0AC_00152 0 offwind-float,0.11502417601956239,3.604709418738503e-05
standard,1000,NO0 0AC_00154 0 offwind-float,0.115449629896893,4.337040308503987e-05
standard,1000,NO0 0AC_00155 0 offwind-float,0.11451075082113937,0.00026186715402253295
standard,1000,NO0 0AC_00156 0 offwind-float,0.11453344239768004,0.0002049923920694015
standard,1000,NO0 0AC_00157 0 offwind-float,0.11454151398521473,0.00023019745363477405
standard,1000,NO0 0AC_00158 0 offwind-float,0.11452186650370522,0.00022322078245007025
standard,1000,NO0 0AC_00161 0 offwind-float,0.11453140298470954,0.00026659735255604787
standard,1000,NO0 0AC_00163 0 offwind-float,0.11470526441862261,9.448887572401889e-05
standard,1000,NO0 0AC_00166 0 offwind-float,0.11458578747911963,0.0002374029105852917
standard,1000,NO0 0AC_00167 0 offwind-float,0.11453356268325454,0.00013910382989743448
standard,1000,NO0 0AC_00169 0 offwind-float,0.11482877610113895,9.866151392124208e-05
standard,1000,NO0 0AC_00172 0 offwind-float,0.11532992120571839,4.2633586959813514e-05
standard,1000,NO0 0AC_00174 0 offwind-float,0.11534777962035081,7.433770585766326e-05
standard,1000,NO0 0AC_00176 0 offwind-float,0.1158194029477787,3.552225440096025e-05
standard,1000,NO0 0AC_00177 0 offwind-float,0.1156394814286601,4.38875742969582e-05
standard,1000,NO0 0AC_00178 0 offwind-float,0.11454068935909845,0.00024883471371958606
standard,1000,NO0 0AC_00181 0 offwind-float,0.11456223619065264,0.0002693062690441412
standard,1000,NO0 0AC_00182 0 offwind-float,0.11453143285875533,0.00024181864242745675
standard,1000,NO0 0AC_00184 0 offwind-float,0.11450000000000005,0.0002759996884432489
standard,1000,NO0 0AC_00185 0 offwind-float,0.11454160436947802,0.00023395641971922783
standard,1000,NO0 0AC_00186 0 offwind-float,0.1145334454533169,0.00017219387263161238
standard,1000,NO0 0AC_00187 0 offwind-float,0.11453371625371866,0.00015840783712514462
standard,1000,NO0 0AC_00188 0 offwind-float,0.11453232472012909,0.00019584213395940433
standard,1000,NO0 0AC_00189 0 offwind-float,0.11455747054210008,0.00015910322977279154
standard,1000,NO0 0AC_00190 0 offwind-float,0.11454432732508191,8.20450057061685e-05
standard,1000,NO0 0AC_00191 0 offwind-float,0.11454098705492066,0.00024359322011570782
standard,1000,NO0 0AC_00197 0 offwind-float,0.11785576793420882,2.686672631156181e-05
standard,1000,NO0 0AC_00198 0 offwind-float,0.11454168211822979,0.0002732657007822631
standard,1000,NO0 0AC_00199 0 offwind-float,0.11449999999999994,0.00027097996010756606
standard,1000,NO0 0AC_00200 0 offwind-float,0.11453135715616869,0.0002679133435403572
standard,1000,NO0 0AC_00201 0 offwind-float,0.1145555963978705,0.00015237559185616188
standard,1000,NO0 0AC_00203 0 offwind-float,0.11456915010179847,0.00018708206934793685
standard,1000,NO0 0AC_00204 0 offwind-float,0.11451973223920697,0.00026380112435127556
standard,1000,NO0 0AC_00205 0 offwind-float,0.1145203959922213,0.00029238424043259215
standard,1000,NO0 0AC_00206 0 offwind-float,0.11453273514757967,0.00020585957589381503
standard,1000,NO0 0AC_00212 0 offwind-float,0.11453199894978616,0.00022620605747581904
standard,1000,NO0 0AC_00214 0 offwind-float,0.11451095266845035,0.00019444172619286504
standard,1000,NO0 0AC_00215 0 offwind-float,0.11452070729699826,0.00029135627918016834
standard,1000,NO0 0AC_00216 0 offwind-float,0.11454229510129532,0.0001977936513664465
standard,1000,NO0 0AC_00219 0 offwind-float,0.11452103397559732,0.0002750387806114253
standard,1000,NO0 0AC_00220 0 offwind-float,0.11457559536185269,0.00023980875846609827
standard,1000,NO0 0AC_00221 0 offwind-float,0.11454204899067233,0.00024990914709609565
standard,1000,NO0 0AC_00223 0 offwind-float,0.11456004777098705,0.0001798339272261288
standard,1000,NO0 0AC_00225 0 offwind-float,0.11451018268533841,0.00022426563720393997
standard,1000,NO0 0AC_00228 0 offwind-float,0.11453232288739745,0.00021712957991367368
standard,1000,NO0 0AC_00229 0 offwind-float,0.11456727675447986,0.00017622123248658947
standard,1000,NO0 0AC_00230 0 offwind-float,0.11452263164067633,0.0002055870863539738
standard,1000,NO0 0AC_00232 0 offwind-float,0.114548674374652,0.00017590624181840127
standard,1000,NO0 0AC_00233 0 offwind-float,0.11453442971345718,0.0002059879952597697
standard,1000,NO0 0AC_00234 0 offwind-float,0.11454527188164487,0.00021762342599735392
standard,1000,NO0 0AC_00236 0 offwind-float,0.11453760299609073,0.00017841574526308523
standard,1000,NO0 0AC_00238 0 offwind-float,0.11459030500456147,0.0002236905118490954
standard,1000,NO0 0AC_00239 0 offwind-float,0.1145485872509483,0.00020455969335876146
standard,1000,NO0 0AC_00240 0 offwind-float,0.11453487682436347,0.00023087046596275795
standard,1000,NO0 0AC_00241 0 offwind-float,0.11455073252065784,0.00017583367353340813
standard,1000,NO0 0AC_00242 0 offwind-float,0.11454919000308972,0.00018430403783986933
standard,1000,NO0 0AC_00245 0 offwind-float,0.11453982940805829,0.00010893088821333283
standard,1000,BE2 0AC_00001 0 offwind-ac,0.11455807873434076,34.487210584305885
standard,1000,BE2 0AC_00003 0 offwind-ac,0.11453363875656053,1005.507054679162
standard,1000,DE2 0AC_00039 0 offwind-ac,0.1145470997771636,10.673742363596874
standard,1000,DE2 0AC_00041 0 offwind-ac,0.11452360552860841,116.89462830511764
standard,1000,DE2 0AC_00044 0 offwind-ac,0.11454398544332522,6.5278923942616345
standard,1000,DE2 0AC_00046 0 offwind-ac,0.11454944947913925,228.33032041361423
standard,1000,DE2 0AC_00047 0 offwind-ac,0.11453566463118126,8.150097382847514
standard,1000,DE2 0AC_00048 0 offwind-ac,0.11455083633131391,0.000938521913694628
standard,1000,DE2 0AC_00050 0 offwind-ac,0.11450000000000016,0.0008743690032122975
standard,1000,DE2 0AC_00053 0 offwind-ac,0.11454977908193553,0.0046172774849506425
standard,1000,DK2 0AC_00049 0 offwind-ac,0.11453757230519868,0.0005086743048163725
standard,1000,DK2 0AC_00051 0 offwind-ac,0.11451107606117239,1846.0151034933024
standard,1000,DK2 0AC_00052 0 offwind-ac,0.11452132345562227,252.66954420934334
standard,1000,DK2 0AC_00053 0 offwind-ac,0.11451107745705347,998.2534830349597
standard,1000,DK2 0AC_00055 0 offwind-ac,0.11454484413100963,0.007429838147817499
standard,1000,DK2 0AC_00057 0 offwind-ac,0.11451145376783023,23.389920365920222
standard,1000,DK2 0AC_00059 0 offwind-ac,0.11451143767352456,0.012304444786764093
standard,1000,DK2 0AC_00060 0 offwind-ac,0.11454081125934834,0.0005233200756437434
standard,1000,DK2 0AC_00061 0 offwind-ac,0.11452217091089723,0.007293017125549135
standard,1000,DK2 0AC_00062 0 offwind-ac,0.11450000000000005,0.014399468359273275
standard,1000,DK2 0AC_00063 0 offwind-ac,0.11451076851070441,0.004043627673189958
standard,1000,DK2 0AC_00065 0 offwind-ac,0.11455793374672996,805.3537650689665
standard,1000,DK2 0AC_00066 0 offwind-ac,0.11453677000681783,0.0011397670639179214
standard,1000,DK2 0AC_00067 0 offwind-ac,0.11452588983291034,0.00048419433665373193
standard,1000,DK2 0AC_00068 0 offwind-ac,0.11454553321706018,189.75673527495024
standard,1000,DK2 0AC_00071 0 offwind-ac,0.11458638164034407,0.0035653259873719627
standard,1000,DK2 0AC_00072 0 offwind-ac,0.11455073605048582,0.0011220307279331374
standard,1000,DK2 0AC_00074 0 offwind-ac,0.11457068876110255,8.073227568696055
standard,1000,GB1 0AC_00000 0 offwind-ac,0.11478135606573558,0.00031741802771989087
standard,1000,GB1 0AC_00001 0 offwind-ac,0.11459394868768158,0.0002441413010703154
standard,1000,GB1 0AC_00002 0 offwind-ac,0.11458462983658513,171.9873174248788
standard,1000,GB1 0AC_00005 0 offwind-ac,0.11458421070039015,0.0007168190029900166
standard,1000,GB1 0AC_00007 0 offwind-ac,0.11462665355959534,1333.8623502174514
standard,1000,GB1 0AC_00008 0 offwind-ac,0.1146682088636094,0.0015499691922433577
standard,1000,GB1 0AC_00010 0 offwind-ac,0.11461121837691768,1375.6199960789859
standard,1000,GB1 0AC_00012 0 offwind-ac,0.11462795641412071,0.0016283845988143636
standard,1000,GB1 0AC_00013 0 offwind-ac,0.11456732829279848,579.4931254413144
standard,1000,GB1 0AC_00017 0 offwind-ac,0.11457714058473756,0.0010418350075302538
standard,1000,GB1 0AC_00018 0 offwind-ac,0.11454469839695969,0.001357128120794324
standard,1000,GB1 0AC_00019 0 offwind-ac,0.11456584968600869,0.0006330347126351236
standard,1000,GB1 0AC_00021 0 offwind-ac,0.11458859695123846,0.0016418995815524323
standard,1000,GB1 0AC_00024 0 offwind-ac,0.11455475005117788,740.1302377467596
standard,1000,GB1 0AC_00028 0 offwind-ac,0.11455443130972376,997.0665742195765
standard,1000,GB1 0AC_00029 0 offwind-ac,0.11456425388334912,756.5426142674937
standard,1000,GB1 0AC_00031 0 offwind-ac,0.11452469775643315,422.7221420453535
standard,1000,GB1 0AC_00032 0 offwind-ac,0.11459739509615063,0.10406700944095958
standard,1000,GB1 0AC_00035 0 offwind-ac,0.11452417206006116,340.16458459900537
standard,1000,GB1 0AC_00041 0 offwind-ac,0.11457228683827791,0.0009886098311507926
standard,1000,GB1 0AC_00060 0 offwind-ac,0.11461488942397902,0.0012093282325007695
standard,1000,GB1 0AC_00061 0 offwind-ac,0.11453883464173265,0.002355313021967
standard,1000,GB1 0AC_00063 0 offwind-ac,0.1145249241234072,1759.869920332409
standard,1000,GB1 0AC_00075 0 offwind-ac,0.11454918914031509,168.50261920588272
standard,1000,GB1 0AC_00085 0 offwind-ac,0.11459189481243703,177.4792062647995
standard,1000,GB1 0AC_00107 0 offwind-ac,0.11452614182933507,676.9238613136929
standard,1000,GB1 0AC_00108 0 offwind-ac,0.11453565226344342,191.30602208066088
standard,1000,GB1 0AC_00116 0 offwind-ac,0.11452362191215348,385.20973024302003
standard,1000,GB1 0AC_00125 0 offwind-ac,0.11453630435652395,1083.5505510457738
standard,1000,GB1 0AC_00126 0 offwind-ac,0.11452627219528588,1050.0931342315307
standard,1000,GB1 0AC_00127 0 offwind-ac,0.11450000000000005,0.0008187781174999238
standard,1000,GB1 0AC_00129 0 offwind-ac,0.11455939938008042,0.0005465026969536132
standard,1000,GB1 0AC_00132 0 offwind-ac,0.11454788050194398,230.53696857829672
standard,1000,GB1 0AC_00135 0 offwind-ac,0.11452425373165576,304.2951727589225
standard,1000,GB1 0AC_00155 0 offwind-ac,0.11452303417953558,545.245265995475
standard,1000,GB1 0AC_00156 0 offwind-ac,0.1145576680100624,194.9330374697958
standard,1000,GB1 0AC_00165 0 offwind-ac,0.11454564393225108,375.4623171367737
standard,1000,GB1 0AC_00169 0 offwind-ac,0.11452549770414944,115.21365479919653
standard,1000,GB1 0AC_00173 0 offwind-ac,0.11454759599106101,774.2948926397369
standard,1000,GB1 0AC_00174 0 offwind-ac,0.11456391006938405,0.013404464108806566
standard,1000,GB1 0AC_00180 0 offwind-ac,0.11453951400647899,0.0023911580491220137
standard,1000,GB1 0AC_00181 0 offwind-ac,0.11452353800019166,491.5426569760859
standard,1000,GB1 0AC_00195 0 offwind-ac,0.11452429876528358,334.07471865995245
standard,1000,GB1 0AC_00204 0 offwind-ac,0.11449999999999994,131.99664194626118
standard,1000,GB1 0AC_00206 0 offwind-ac,0.1145441185501146,129.32753194262764
standard,1000,GB1 0AC_00216 0 offwind-ac,0.11453472995566094,328.98044065130813
standard,1000,GB1 0AC_00223 0 offwind-ac,0.11451055593475101,23.472076165707914
standard,1000,GB1 0AC_00225 0 offwind-ac,0.11454778662331089,146.5215013551349
standard,1000,GB1 0AC_00241 0 offwind-ac,0.11453349114324574,6.7164041623395105
standard,1000,GB4 0AC_00006 0 offwind-ac,0.1145568425756246,5.301787599015106
standard,1000,GB4 0AC_00007 0 offwind-ac,0.11455684257562448,8.67565355637817
standard,1000,GB4 0AC_00026 0 offwind-ac,0.11452183316739606,114.96272761550091
standard,1000,GB4 0AC_00028 0 offwind-ac,0.11456281185968509,100.85586932467025
standard,1000,NL2 0AC_00002 0 offwind-ac,0.1145448382527764,416.8271292373802
standard,1000,NL2 0AC_00015 0 offwind-ac,0.11453558532850727,425.0654907752188
standard,1000,NL2 0AC_00029 0 offwind-ac,0.11454421427038508,389.87859791458686
standard,1000,NL2 0AC_00033 0 offwind-ac,0.11451178678504081,454.3957613175907
standard,1000,NL2 0AC_00037 0 offwind-ac,0.11455984908349359,0.0003030847866217057
standard,1000,NL2 0AC_00038 0 offwind-ac,0.11453312422328021,209.5903299399957
standard,1000,NL2 0AC_00039 0 offwind-ac,0.11453769548579329,641.3068996071652
standard,1000,NL2 0AC_00042 0 offwind-ac,0.11454512043570075,761.6758270883929
standard,1000,NL2 0AC_00048 0 offwind-ac,0.11454480858647431,131.65751410895476
standard,1000,NL2 0AC_00049 0 offwind-ac,0.11454871695852342,0.020975464454616684
standard,1000,NL2 0AC_00056 0 offwind-ac,0.11456950996742055,905.0052814000228
standard,1000,NL2 0AC_00059 0 offwind-ac,0.11451142423181682,7.566365771879877
standard,1000,NL2 0AC_00062 0 offwind-ac,0.11452122964859246,197.07451876506852
standard,1000,NL2 0AC_00078 0 offwind-ac,0.11457888599706434,1.3873189445784404
standard,1000,NL2 0AC_00080 0 offwind-ac,0.11454493293057122,76.34046175211046
standard,1000,NL2 0AC_00083 0 offwind-ac,0.11454401787150326,129.80274071078233
standard,1000,NO0 0AC_00120 0 offwind-ac,0.11464518098156806,0.0001730027190520677
standard,1000,NO0 0AC_00126 0 offwind-ac,0.11466130489713877,0.00038640869541260156
standard,1000,NO0 0AC_00127 0 offwind-ac,0.11465211424658206,0.00015351118500484104
standard,1000,NO0 0AC_00130 0 offwind-ac,0.11460619563464702,0.00027588251744847
standard,1000,NO0 0AC_00146 0 offwind-ac,0.1146211901961367,0.0002563179329187235
standard,1000,NO0 0AC_00162 0 offwind-ac,0.1145422248928063,0.0005273854621360584
standard,1000,NO0 0AC_00168 0 offwind-ac,0.11456275946372396,0.0010529345822089503
standard,1000,NO0 0AC_00179 0 offwind-ac,0.11463050475843495,0.00035070366679787566
standard,1000,NO0 0AC_00183 0 offwind-ac,0.11466885606746446,0.00019279615681155575
standard,1000,NO0 0AC_00208 0 offwind-ac,0.11456083155554608,0.000398441972133054
standard,1000,NO0 0AC_00209 0 offwind-ac,0.11484597474959579,0.00017465192072855742
standard,1000,NO0 0AC_00224 0 offwind-ac,0.11457625661295434,0.000266581017771817
standard,1000,NO0 0AC_00235 0 offwind-ac,0.11468699024112117,0.00029130813111460154
standard,1000,NO0 0AC_00243 0 offwind-ac,0.11455518608337689,0.0003403219901285479
standard,1000,NO0 0AC_00246 0 offwind-ac,0.11464938953512138,0.0003806281503062301
standard,1000,BE2 0AC_00000 0 offwind-dc,0.11453293606326598,0.00319590323201033
standard,1000,BE2 0AC_00002 0 offwind-dc,0.11452175912715645,0.0025481103749935524
standard,1000,DE2 0AC_00000 0 offwind-dc,0.11453385028248741,1411.8079035174214
standard,1000,DE2 0AC_00001 0 offwind-dc,0.11453378549730098,0.007627003834964213
standard,1000,DE2 0AC_00002 0 offwind-dc,0.11453364021276002,0.02989028470122977
standard,1000,DE2 0AC_00003 0 offwind-dc,0.11456558182512122,1515.697340149821
standard,1000,DE2 0AC_00004 0 offwind-dc,0.11453197829211881,0.023223524422675487
standard,1000,DE2 0AC_00005 0 offwind-dc,0.11452224662532373,415.7559120200203
standard,1000,DE2 0AC_00006 0 offwind-dc,0.11453289077203688,0.012141376654381222
standard,1000,DE2 0AC_00007 0 offwind-dc,0.1145338001948355,0.012272832959594492
standard,1000,DE2 0AC_00008 0 offwind-dc,0.11453218169886525,0.08474316482320916
standard,1000,DE2 0AC_00009 0 offwind-dc,0.11451097781011943,0.013927131484925331
standard,1000,DE2 0AC_00010 0 offwind-dc,0.1145324967642265,951.4130135272927
standard,1000,DE2 0AC_00011 0 offwind-dc,0.11453325002518955,877.402432964288
standard,1000,DE2 0AC_00012 0 offwind-dc,0.11455638082158182,0.011496512909172727
standard,1000,DE2 0AC_00013 0 offwind-dc,0.1145546157501609,2693.9924185183077
standard,1000,DE2 0AC_00014 0 offwind-dc,0.11453213835627762,0.007910472015603662
standard,1000,DE2 0AC_00015 0 offwind-dc,0.11453286450881217,987.2390467090582
standard,1000,DE2 0AC_00016 0 offwind-dc,0.11454485341477161,0.08036927528040973
standard,1000,DE2 0AC_00017 0 offwind-dc,0.11452205757410194,1738.0136009314192
standard,1000,DE2 0AC_00018 0 offwind-dc,0.11454387258905807,2311.3630267961885
standard,1000,DE2 0AC_00019 0 offwind-dc,0.1145442322037522,1427.2353972638866
standard,1000,DE2 0AC_00020 0 offwind-dc,0.11454398864903226,1358.5496624158857
standard,1000,DE2 0AC_00021 0 offwind-dc,0.11452333293241679,0.04198536576825677
standard,1000,DE2 0AC_00022 0 offwind-dc,0.11455645589527441,0.0025149705981315725
standard,1000,DE2 0AC_00023 0 offwind-dc,0.11454473107441843,1127.6372535298158
standard,1000,DE2 0AC_00024 0 offwind-dc,0.11456635308972929,2237.4158891211805
standard,1000,DE2 0AC_00025 0 offwind-dc,0.11452209730440777,2266.079933521536
standard,1000,DE2 0AC_00026 0 offwind-dc,0.11456727420021462,0.0038124287838584418
standard,1000,DE2 0AC_00028 0 offwind-dc,0.11454422063563341,0.24883450841498922
standard,1000,DE2 0AC_00029 0 offwind-dc,0.11453297024126119,2266.943098738106
standard,1000,DE2 0AC_00030 0 offwind-dc,0.11455664051200543,958.2567533728954
standard,1000,DE2 0AC_00031 0 offwind-dc,0.11453245912824794,165.19626444211852
standard,1000,DE2 0AC_00032 0 offwind-dc,0.11452279148800826,559.6718116574348
standard,1000,DE2 0AC_00033 0 offwind-dc,0.11455552430896199,0.013677206573720497
standard,1000,DE2 0AC_00034 0 offwind-dc,0.11452239905129014,3.9641789005788324
standard,1000,DE2 0AC_00035 0 offwind-dc,0.114520964940102,78.1315765061662
standard,1000,DE2 0AC_00036 0 offwind-dc,0.11451145566018028,0.008791621431518425
standard,1000,DE2 0AC_00037 0 offwind-dc,0.11454509408482172,0.0036235376147746036
standard,1000,DE2 0AC_00038 0 offwind-dc,0.11452244311930859,0.013632628123361999
standard,1000,DE2 0AC_00043 0 offwind-dc,0.11457739680146628,0.0281885041634865
standard,1000,DE2 0AC_00045 0 offwind-dc,0.11453548634663335,0.001475332992375854
standard,1000,DK2 0AC_00001 0 offwind-dc,0.11452200250443456,0.0013144054391551986
standard,1000,DK2 0AC_00002 0 offwind-dc,0.11453301844472785,0.0013572650969810392
standard,1000,DK2 0AC_00005 0 offwind-dc,0.11455569140061506,0.001339044857896538
standard,1000,DK2 0AC_00006 0 offwind-dc,0.1145327288731941,0.001738829208496964
standard,1000,DK2 0AC_00007 0 offwind-dc,0.11451155637830723,0.0015056269406243526
standard,1000,DK2 0AC_00008 0 offwind-dc,0.1145110581210752,0.0013563206906585736
standard,1000,DK2 0AC_00009 0 offwind-dc,0.11450000000000005,0.0014196762771823222
standard,1000,DK2 0AC_00010 0 offwind-dc,0.11452175570041656,0.0013523658692471791
standard,1000,DK2 0AC_00011 0 offwind-dc,0.11455613516628171,0.0012570657883287427
standard,1000,DK2 0AC_00012 0 offwind-dc,0.11454215362135223,0.0029313202283124252
standard,1000,DK2 0AC_00013 0 offwind-dc,0.1145560889557633,0.001648336212835694
standard,1000,DK2 0AC_00014 0 offwind-dc,0.11450000000000027,0.0015256794605469966
standard,1000,DK2 0AC_00015 0 offwind-dc,0.11453336100176703,0.002337831836868673
standard,1000,DK2 0AC_00016 0 offwind-dc,0.11454364358146718,0.0009306095116137573
standard,1000,DK2 0AC_00017 0 offwind-dc,0.1145542386826297,0.001179331111181735
standard,1000,DK2 0AC_00018 0 offwind-dc,0.11457733079261867,0.0017189756569987058
standard,1000,DK2 0AC_00019 0 offwind-dc,0.1145220205533416,0.002148125619998883
standard,1000,DK2 0AC_00020 0 offwind-dc,0.11453319802991013,0.001454792321005678
standard,1000,DK2 0AC_00021 0 offwind-dc,0.11453168640347211,0.002061422629337919
standard,1000,DK2 0AC_00022 0 offwind-dc,0.11453300648470954,0.0014216436409103317
standard,1000,DK2 0AC_00024 0 offwind-dc,0.11452172085038703,0.004338948353511327
standard,1000,DK2 0AC_00025 0 offwind-dc,0.11456593483968047,0.0013400759524337818
standard,1000,DK2 0AC_00026 0 offwind-dc,0.1145551030463563,0.0016959992793192983
standard,1000,DK2 0AC_00027 0 offwind-dc,0.11453162439581,0.0018188297529134945
standard,1000,DK2 0AC_00028 0 offwind-dc,0.11452104941738994,0.012937764990021597
standard,1000,DK2 0AC_00029 0 offwind-dc,0.11451988316044837,1639.0682101560858
standard,1000,DK2 0AC_00030 0 offwind-dc,0.11457646921717834,0.001079099916015555
standard,1000,DK2 0AC_00031 0 offwind-dc,0.11457485226674735,0.0014942821064900297
standard,1000,DK2 0AC_00032 0 offwind-dc,0.11450000000000027,0.002675764802375739
standard,1000,DK2 0AC_00033 0 offwind-dc,0.11456362511159779,0.0021047995927348955
standard,1000,DK2 0AC_00034 0 offwind-dc,0.11454303842915714,1441.8826810758792
standard,1000,DK2 0AC_00035 0 offwind-dc,0.11451086105850705,0.0007538438885620813
standard,1000,DK2 0AC_00036 0 offwind-dc,0.11454388281572203,0.001230975400972243
standard,1000,DK2 0AC_00037 0 offwind-dc,0.11451041034032838,0.003825272424941297
standard,1000,DK2 0AC_00038 0 offwind-dc,0.11455359562346956,0.0020482464944814975
standard,1000,DK2 0AC_00039 0 offwind-dc,0.11453218413449218,0.0016585844205631427
standard,1000,DK2 0AC_00040 0 offwind-dc,0.11453272577452878,0.004790183810006489
standard,1000,DK2 0AC_00041 0 offwind-dc,0.11449999999999982,0.0025112143700704984
standard,1000,DK2 0AC_00042 0 offwind-dc,0.1145768621439327,0.001205238796043734
standard,1000,DK2 0AC_00044 0 offwind-dc,0.11451048535378028,1667.114686256116
standard,1000,DK2 0AC_00045 0 offwind-dc,0.11449999999999994,0.0015119273866448404
standard,1000,DK2 0AC_00046 0 offwind-dc,0.114531369411628,0.011194201518080933
standard,1000,DK2 0AC_00047 0 offwind-dc,0.11452175674228238,0.0017260739363792377
standard,1000,DK2 0AC_00048 0 offwind-dc,0.11453171679437268,0.007031907838536439
standard,1000,DK2 0AC_00050 0 offwind-dc,0.11450000000000027,1057.4819756391835
standard,1000,DK2 0AC_00054 0 offwind-dc,0.11456444237537,0.0029271680959057703
standard,1000,DK2 0AC_00056 0 offwind-dc,0.11451129472383392,0.0020868408096655832
standard,1000,DK2 0AC_00073 0 offwind-dc,0.11452216290941741,70.78017078878149
standard,1000,FR2 0AC_00000 0 offwind-dc,0.1145214062626978,167.99625745686953
standard,1000,FR2 0AC_00001 0 offwind-dc,0.11454556645714731,0.003750992515494932
standard,1000,GB1 0AC_00014 0 offwind-dc,0.11453491652051317,1084.655657476139
standard,1000,GB1 0AC_00034 0 offwind-dc,0.11452263964026554,2060.828760652879
standard,1000,GB1 0AC_00042 0 offwind-dc,0.11454675537060444,1236.9241640460555
standard,1000,GB1 0AC_00044 0 offwind-dc,0.11452153099007567,1577.3603393220963
standard,1000,GB1 0AC_00139 0 offwind-dc,0.11456743044311157,0.006064207870421597
standard,1000,GB1 0AC_00144 0 offwind-dc,0.11453362438637937,0.014756828056343242
standard,1000,GB1 0AC_00147 0 offwind-dc,0.11452369136880602,0.004495392159530554
standard,1000,GB1 0AC_00148 0 offwind-dc,0.11454530459792289,0.016344439245019
standard,1000,GB1 0AC_00160 0 offwind-dc,0.11453410521616758,0.06616347426669097
standard,1000,GB1 0AC_00163 0 offwind-dc,0.11452278205886046,0.28004525882989006
standard,1000,GB1 0AC_00164 0 offwind-dc,0.11452320412743888,0.040975601891162505
standard,1000,GB1 0AC_00172 0 offwind-dc,0.11453341168669562,0.018337978245706998
standard,1000,GB1 0AC_00183 0 offwind-dc,0.11451116857412036,0.0058354348627791975
standard,1000,GB1 0AC_00184 0 offwind-dc,0.11453469679369466,0.12004787310526992
standard,1000,GB1 0AC_00186 0 offwind-dc,0.11454522487661778,1586.0769177872924
standard,1000,GB1 0AC_00189 0 offwind-dc,0.11449999999999982,1245.7722711982924
standard,1000,GB1 0AC_00192 0 offwind-dc,0.11454399252281244,0.007645567095918433
standard,1000,GB1 0AC_00196 0 offwind-dc,0.11456554036146538,0.010338101455638118
standard,1000,GB1 0AC_00199 0 offwind-dc,0.11453347544232984,0.005660205052841235
standard,1000,GB1 0AC_00200 0 offwind-dc,0.11452150170931141,0.06017213841281732
standard,1000,GB1 0AC_00201 0 offwind-dc,0.11453298947593316,0.05998313715191401
standard,1000,GB1 0AC_00202 0 offwind-dc,0.1145808630445928,0.0033058536117360655
standard,1000,GB1 0AC_00205 0 offwind-dc,0.11452258094269996,0.08557172133190806
standard,1000,GB1 0AC_00207 0 offwind-dc,0.11455598942450651,0.003357318073810284
standard,1000,GB1 0AC_00209 0 offwind-dc,0.11450000000000005,0.008368428142499535
standard,1000,GB1 0AC_00210 0 offwind-dc,0.11455735276259094,0.007815610555603994
standard,1000,GB1 0AC_00214 0 offwind-dc,0.11452321534386667,717.6215312480863
standard,1000,GB1 0AC_00215 0 offwind-dc,0.1145226545767064,0.01629620613473583
standard,1000,GB1 0AC_00217 0 offwind-dc,0.11453208308807716,921.4259545520598
standard,1000,GB1 0AC_00218 0 offwind-dc,0.11452264524440126,0.015390998578632391
standard,1000,GB1 0AC_00221 0 offwind-dc,0.11452263277949448,0.00574875149327395
standard,1000,GB1 0AC_00222 0 offwind-dc,0.11453511275744566,0.005223932419149621
standard,1000,GB1 0AC_00226 0 offwind-dc,0.11453314309059037,423.55541923335903
standard,1000,GB1 0AC_00227 0 offwind-dc,0.11451050172036337,0.018806472031682234
standard,1000,GB1 0AC_00228 0 offwind-dc,0.11451085950785711,0.17922766122870207
standard,1000,GB1 0AC_00230 0 offwind-dc,0.11454372513342181,621.9909539863554
standard,1000,GB1 0AC_00231 0 offwind-dc,0.11452297986215454,0.002992732652780377
standard,1000,GB1 0AC_00234 0 offwind-dc,0.1145111096939857,0.004755826605918698
standard,1000,GB1 0AC_00236 0 offwind-dc,0.11453347510191414,0.011082763896671361
standard,1000,GB1 0AC_00239 0 offwind-dc,0.11453316161330696,83.89050190418683
standard,1000,GB1 0AC_00240 0 offwind-dc,0.11456613015733308,0.010285877236203977
standard,1000,GB1 0AC_00243 0 offwind-dc,0.11449999999999994,0.01220167891895054
standard,1000,GB1 0AC_00244 0 offwind-dc,0.11453289215447038,0.004524501613844981
standard,1000,GB1 0AC_00246 0 offwind-dc,0.11452263247445638,0.005669646894554646
standard,1000,GB1 0AC_00247 0 offwind-dc,0.11453291667692,0.0061880711614668085
standard,1000,GB1 0AC_00248 0 offwind-dc,0.11451023867047105,83.49805854582826
standard,1000,GB1 0AC_00249 0 offwind-dc,0.1145341664726931,328.7858781256028
standard,1000,GB1 0AC_00251 0 offwind-dc,0.11456726069380863,0.004722036785740602
standard,1000,GB1 0AC_00252 0 offwind-dc,0.11450000000000005,1267.3362696319703
standard,1000,GB1 0AC_00253 0 offwind-dc,0.11455582898882732,0.008521359169041983
standard,1000,GB1 0AC_00254 0 offwind-dc,0.11455552599736973,0.00996351806243855
standard,1000,GB1 0AC_00255 0 offwind-dc,0.11453405354486468,156.44218872724926
standard,1000,GB1 0AC_00256 0 offwind-dc,0.1145453912347355,0.008884626190849244
standard,1000,GB1 0AC_00257 0 offwind-dc,0.11452285245243465,0.00367953164035207
standard,1000,GB1 0AC_00259 0 offwind-dc,0.11454520981399774,423.00021326950593
standard,1000,GB1 0AC_00260 0 offwind-dc,0.1145112398016066,160.92650503507843
standard,1000,GB1 0AC_00261 0 offwind-dc,0.11451068096952222,507.73972675399915
standard,1000,GB1 0AC_00263 0 offwind-dc,0.11454275634234734,0.021723836333957115
standard,1000,GB1 0AC_00264 0 offwind-dc,0.11453218377840946,377.8758366501788
standard,1000,GB1 0AC_00265 0 offwind-dc,0.11456673540946272,1057.405235810294
standard,1000,GB1 0AC_00266 0 offwind-dc,0.11454391516168128,0.010905940209742039
standard,1000,GB1 0AC_00267 0 offwind-dc,0.11452183036991437,0.00825162863635377
standard,1000,GB1 0AC_00269 0 offwind-dc,0.11455685599603893,1827.7845588018301
standard,1000,GB1 0AC_00270 0 offwind-dc,0.11456521335225134,0.010133829347040548
standard,1000,GB1 0AC_00271 0 offwind-dc,0.11454333653781501,1093.06118294957
standard,1000,GB1 0AC_00272 0 offwind-dc,0.11453384947482481,0.009323037810637636
standard,1000,GB1 0AC_00273 0 offwind-dc,0.11456644651657877,2294.836535740943
standard,1000,GB1 0AC_00274 0 offwind-dc,0.11453480597128352,1721.5839678998334
standard,1000,GB4 0AC_00002 0 offwind-dc,0.11453259830128792,0.00774690338356013
standard,1000,GB4 0AC_00003 0 offwind-dc,0.11452260189864083,0.012248452608428882
standard,1000,GB4 0AC_00008 0 offwind-dc,0.1145437991302759,0.0010690169999581511
standard,1000,GB4 0AC_00012 0 offwind-dc,0.11454333106867498,565.2543035348199
standard,1000,NL2 0AC_00000 0 offwind-dc,0.1145787243395402,0.008590635399145459
standard,1000,NL2 0AC_00001 0 offwind-dc,0.11453201517959555,60.05940731688421
standard,1000,NL2 0AC_00003 0 offwind-dc,0.11459002430293563,0.014501791210239473
standard,1000,NL2 0AC_00004 0 offwind-dc,0.11456610125256217,0.017724550389824418
standard,1000,NL2 0AC_00005 0 offwind-dc,0.11452106906189718,339.48228462654
standard,1000,NL2 0AC_00006 0 offwind-dc,0.11453224373723314,501.62397617854464
standard,1000,NL2 0AC_00007 0 offwind-dc,0.11455714544025108,0.0018715756831528606
standard,1000,NL2 0AC_00008 0 offwind-dc,0.11454556135466831,0.006242381189766371
standard,1000,NL2 0AC_00009 0 offwind-dc,0.1145454500378289,0.011954378411488883
standard,1000,NL2 0AC_00010 0 offwind-dc,0.11451044778651076,259.6113139978149
standard,1000,NL2 0AC_00011 0 offwind-dc,0.11456848263937991,2399.2112827518263
standard,1000,NL2 0AC_00012 0 offwind-dc,0.11450000000000005,0.006971782968841726
standard,1000,NL2 0AC_00013 0 offwind-dc,0.1145900248088052,131.82294036685553
standard,1000,NL2 0AC_00014 0 offwind-dc,0.114543392295406,708.071966721126
standard,1000,NL2 0AC_00016 0 offwind-dc,0.11457548901802639,128.3436712833174
standard,1000,NL2 0AC_00017 0 offwind-dc,0.11452268468643523,1720.629092948451
standard,1000,NL2 0AC_00018 0 offwind-dc,0.11455806849624428,0.01134484031060163
standard,1000,NL2 0AC_00019 0 offwind-dc,0.11452295745334051,0.006730664658677843
standard,1000,NL2 0AC_00020 0 offwind-dc,0.11453247874101158,1395.7736955136518
standard,1000,NL2 0AC_00021 0 offwind-dc,0.1145556824992573,943.370802713196
standard,1000,NL2 0AC_00022 0 offwind-dc,0.11456493948438096,0.011950112579399718
standard,1000,NL2 0AC_00023 0 offwind-dc,0.11453291818513933,0.015057250521115756
standard,1000,NL2 0AC_00024 0 offwind-dc,0.11456704370741577,0.007446640324014024
standard,1000,NL2 0AC_00025 0 offwind-dc,0.11450000000000005,0.009353079621523869
standard,1000,NL2 0AC_00026 0 offwind-dc,0.11454443793914204,0.008595440086787979
standard,1000,NL2 0AC_00028 0 offwind-dc,0.11454356440693403,509.978371671211
standard,1000,NL2 0AC_00030 0 offwind-dc,0.114532474236823,0.009312091536072856
standard,1000,NL2 0AC_00031 0 offwind-dc,0.114533462259651,1960.701738354437
standard,1000,NL2 0AC_00032 0 offwind-dc,0.11456869908947898,0.004795111829706144
standard,1000,NL2 0AC_00034 0 offwind-dc,0.11456559059676708,0.016469540158091468
standard,1000,NL2 0AC_00035 0 offwind-dc,0.11452200593200412,0.012289311428577502
standard,1000,NL2 0AC_00036 0 offwind-dc,0.11451115821419677,0.00547931237834923
standard,1000,NL2 0AC_00040 0 offwind-dc,0.1145230476132526,0.011070513981589284
standard,1000,NL2 0AC_00041 0 offwind-dc,0.11453321827759078,69.06095689950378
standard,1000,NL2 0AC_00043 0 offwind-dc,0.11451120549995275,0.007596900331745765
standard,1000,NL2 0AC_00044 0 offwind-dc,0.11452308051461713,0.005378247596901179
standard,1000,NL2 0AC_00045 0 offwind-dc,0.11453386329045578,0.00642006223311798
standard,1000,NL2 0AC_00046 0 offwind-dc,0.11456686346189049,0.00756245583276057
standard,1000,NL2 0AC_00047 0 offwind-dc,0.11452350652875942,0.009529036728625657
standard,1000,NL2 0AC_00050 0 offwind-dc,0.11450000000000005,0.006684394047874642
standard,1000,NL2 0AC_00051 0 offwind-dc,0.1145328858124971,0.0072098897480764425
standard,1000,NL2 0AC_00052 0 offwind-dc,0.11453358100987487,0.021286092200268003
standard,1000,NL2 0AC_00053 0 offwind-dc,0.11454348462628172,0.04065100701413441
standard,1000,NL2 0AC_00054 0 offwind-dc,0.11454352067464879,0.009144121681702871
standard,1000,NL2 0AC_00055 0 offwind-dc,0.11453378590952379,0.007096974430219787
standard,1000,NL2 0AC_00057 0 offwind-dc,0.11452219773785899,0.007547930566249027
standard,1000,NL2 0AC_00058 0 offwind-dc,0.11454551753216546,0.007747152076082396
standard,1000,NL2 0AC_00061 0 offwind-dc,0.11453364127436916,0.014915327058101146
standard,1000,NL2 0AC_00063 0 offwind-dc,0.11453309070060247,0.005796382768641451
standard,1000,NL2 0AC_00065 0 offwind-dc,0.1145219577448402,0.0078007534425321035
standard,1000,NL2 0AC_00066 0 offwind-dc,0.11454463780459523,0.0069512064615069825
standard,1000,NL2 0AC_00067 0 offwind-dc,0.1145565870731986,0.008665652672512554
standard,1000,NL2 0AC_00068 0 offwind-dc,0.1145565026371188,0.03553628075165936
standard,1000,NL2 0AC_00069 0 offwind-dc,0.11453394142094964,0.012242986489933046
standard,1000,NL2 0AC_00070 0 offwind-dc,0.11451096604039024,0.011276514693296543
standard,1000,NL2 0AC_00071 0 offwind-dc,0.11451046737604431,1760.6647325413887
standard,1000,NL2 0AC_00072 0 offwind-dc,0.11454409110190478,775.8795085411688
standard,1000,NL2 0AC_00073 0 offwind-dc,0.11452146189110934,0.00702659223638248
standard,1000,NL2 0AC_00075 0 offwind-dc,0.1145323186567162,0.01296509602941555
standard,1000,NL2 0AC_00076 0 offwind-dc,0.11454264861633179,0.030490439309488707
standard,1000,NL2 0AC_00081 0 offwind-dc,0.11449999999999994,787.1922417660859
standard,1000,NL2 0AC_00082 0 offwind-dc,0.11455586038575094,0.06411690718731583
standard,1000,NL2 0AC_00084 0 offwind-dc,0.11455770957197842,0.005807220480762091
standard,1000,NL2 0AC_00085 0 offwind-dc,0.11452298122147886,1800.3609684267756
standard,1000,NO0 0AC_00073 0 offwind-dc,0.11453235811405316,0.001730459471267269
standard,1000,NO0 0AC_00104 0 offwind-dc,0.11451166169232496,0.0026655469168158797
standard,1000,NO0 0AC_00137 0 offwind-dc,0.11453292727931519,0.025541092708933788
standard,1000,NO0 0AC_00159 0 offwind-dc,0.11453251843880663,1736.0694282151574
standard,1000,NO0 0AC_00160 0 offwind-dc,0.11452099045494035,299.67620450216947
standard,1000,NO0 0AC_00173 0 offwind-dc,0.11454199856132197,964.1799153920603
glaum,1000,BE2 0AC_00001 0 offwind-ac,0.09403486252433291,34.48721886916033
glaum,1000,BE2 0AC_00003 0 offwind-ac,0.09403441751941688,1005.5127811278951
glaum,1000,DE2 0AC_00039 0 offwind-ac,0.09403534089145704,10.673748084840785
glaum,1000,DE2 0AC_00041 0 offwind-ac,0.09401182706977895,116.89464457212237
glaum,1000,DE2 0AC_00044 0 offwind-ac,0.09404500373986757,6.527893643137908
glaum,1000,DE2 0AC_00046 0 offwind-ac,0.09403763880568927,228.33070681217163
glaum,1000,DE2 0AC_00047 0 offwind-ac,0.09403649029457939,8.15009982500484
glaum,1000,DE2 0AC_00048 0 offwind-ac,0.09403834309288117,5.080515012346938e-10
glaum,1000,DE2 0AC_00050 0 offwind-ac,0.09399999999999997,4.687234496750534e-10
glaum,1000,DE2 0AC_00053 0 offwind-ac,0.09405093150562793,2.2127214621327273e-09
glaum,1000,DK2 0AC_00049 0 offwind-ac,0.0940251442943173,2.855221344725652e-10
glaum,1000,DK2 0AC_00051 0 offwind-ac,0.09401133248043148,1846.0157943648946
glaum,1000,DK2 0AC_00052 0 offwind-ac,0.09402181710987423,252.66955628776185
glaum,1000,DK2 0AC_00053 0 offwind-ac,0.09401133390862804,998.2537046346494
glaum,1000,DK2 0AC_00057 0 offwind-ac,0.09401171893128646,23.545695892032846
glaum,1000,DK2 0AC_00059 0 offwind-ac,0.09401170246438517,5.041784529937852e-09
glaum,1000,DK2 0AC_00060 0 offwind-ac,0.0940271748151964,2.179174258129977e-10
glaum,1000,DK2 0AC_00061 0 offwind-ac,0.09402268418438475,3.45798122823171e-09
glaum,1000,DK2 0AC_00062 0 offwind-ac,0.09399999999999986,6.930848808686697e-09
glaum,1000,DK2 0AC_00063 0 offwind-ac,0.09401101780993604,1.6666178187450278e-09
glaum,1000,DK2 0AC_00065 0 offwind-ac,0.09403473325392597,805.3538277784824
glaum,1000,DK2 0AC_00066 0 offwind-ac,0.09402469375442002,5.385012881680406e-10
glaum,1000,DK2 0AC_00067 0 offwind-ac,0.09402648920227741,2.2175392217899256e-10
glaum,1000,DK2 0AC_00068 0 offwind-ac,0.0940344840832601,189.75674687173333
glaum,1000,DK2 0AC_00071 0 offwind-ac,0.09404892684734267,1.4976084634871723e-09
glaum,1000,DK2 0AC_00072 0 offwind-ac,0.09403792577652759,4.768597201009296e-10
glaum,1000,DK2 0AC_00074 0 offwind-ac,0.09407232525980669,8.073232053365304
glaum,1000,GB1 0AC_00000 0 offwind-ac,0.09426610833908788,1.690332845911383e-10
glaum,1000,GB1 0AC_00001 0 offwind-ac,0.09409612367141673,1.3133978049577004e-10
glaum,1000,GB1 0AC_00002 0 offwind-ac,0.0940565480119453,706.1534832893008
glaum,1000,GB1 0AC_00005 0 offwind-ac,0.09406825669131758,3.325664851632003e-10
glaum,1000,GB1 0AC_00007 0 offwind-ac,0.09408509155102351,1333.8629188079012
glaum,1000,GB1 0AC_00008 0 offwind-ac,0.09413944834757071,7.468040879965181e-10
glaum,1000,GB1 0AC_00010 0 offwind-ac,0.09407458208513586,1375.619997031061
glaum,1000,GB1 0AC_00012 0 offwind-ac,0.09409994614212303,7.968606277855977e-10
glaum,1000,GB1 0AC_00013 0 offwind-ac,0.09405451837629974,579.4933242650894
glaum,1000,GB1 0AC_00017 0 offwind-ac,0.09407892644807703,4.873629239444022e-10
glaum,1000,GB1 0AC_00018 0 offwind-ac,0.0940302025789248,6.935859488241335e-10
glaum,1000,GB1 0AC_00019 0 offwind-ac,0.09404982178293897,3.0567268775024133e-10
glaum,1000,GB1 0AC_00021 0 offwind-ac,0.09407490791527373,8.224145414087295e-10
glaum,1000,GB1 0AC_00024 0 offwind-ac,0.09404153376590774,740.1310878080463
glaum,1000,GB1 0AC_00028 0 offwind-ac,0.09404105406680141,997.06696972195
glaum,1000,GB1 0AC_00029 0 offwind-ac,0.0940523360938581,756.5426862673147
glaum,1000,GB1 0AC_00031 0 offwind-ac,0.09402526952832146,422.7221726621166
glaum,1000,GB1 0AC_00032 0 offwind-ac,0.09405531039845016,3.6659839473264704e-07
glaum,1000,GB1 0AC_00035 0 offwind-ac,0.09402473166167746,340.1646127913024
glaum,1000,GB1 0AC_00041 0 offwind-ac,0.09407396033368698,4.842705861548307e-10
glaum,1000,GB1 0AC_00060 0 offwind-ac,0.09407219277607837,6.132079244711211e-10
glaum,1000,GB1 0AC_00061 0 offwind-ac,0.09402574099717331,1.4652046074961042e-09
glaum,1000,GB1 0AC_00063 0 offwind-ac,0.09402550113586317,1759.8769694663188
glaum,1000,GB1 0AC_00075 0 offwind-ac,0.09405032790640933,168.50272161437366
glaum,1000,GB1 0AC_00085 0 offwind-ac,0.09405278589061794,177.48209171570053
glaum,1000,GB1 0AC_00107 0 offwind-ac,0.09401323251130578,676.9242571187589
glaum,1000,GB1 0AC_00108 0 offwind-ac,0.09403647764051926,191.30604651432213
glaum,1000,GB1 0AC_00116 0 offwind-ac,0.09402416877742636,385.20975913106963
glaum,1000,GB1 0AC_00125 0 offwind-ac,0.09403714483005121,1083.5509911291408
glaum,1000,GB1 0AC_00126 0 offwind-ac,0.09399999999999986,1050.0946629542211
glaum,1000,GB1 0AC_00127 0 offwind-ac,0.09400000000000008,5.934000720182397e-10
glaum,1000,GB1 0AC_00129 0 offwind-ac,0.09406077452100825,2.849812891438846e-10
glaum,1000,GB1 0AC_00132 0 offwind-ac,0.09403632319568134,230.53698866435394
glaum,1000,GB1 0AC_00135 0 offwind-ac,0.09402481522403183,304.2951982039268
glaum,1000,GB1 0AC_00155 0 offwind-ac,0.09402356743835005,545.2453169701154
glaum,1000,GB1 0AC_00156 0 offwind-ac,0.09404689570533953,194.9330486810279
glaum,1000,GB1 0AC_00165 0 offwind-ac,0.09404670062407605,375.4623495107759
glaum,1000,GB1 0AC_00169 0 offwind-ac,0.09402608799543677,115.21432297878137
glaum,1000,GB1 0AC_00173 0 offwind-ac,0.09403616858977071,774.2949213039827
glaum,1000,GB1 0AC_00174 0 offwind-ac,0.0940653896362077,3.2975945913184397e-08
glaum,1000,GB1 0AC_00180 0 offwind-ac,0.09401262233373964,1.6316562726896678e-09
glaum,1000,GB1 0AC_00181 0 offwind-ac,0.09402408292283859,491.54269712813476
glaum,1000,GB1 0AC_00195 0 offwind-ac,0.0940117789308047,334.0747469124727
glaum,1000,GB1 0AC_00204 0 offwind-ac,0.09400000000000008,131.99670987832747
glaum,1000,GB1 0AC_00206 0 offwind-ac,0.0940451399281802,129.32753783234529
glaum,1000,GB1 0AC_00216 0 offwind-ac,0.09403553398060838,328.980465884095
glaum,1000,GB1 0AC_00223 0 offwind-ac,0.09401080031268705,23.47207779713164
glaum,1000,GB1 0AC_00225 0 offwind-ac,0.09402383164659456,146.52151411294656
glaum,1000,GB1 0AC_00241 0 offwind-ac,0.09403426648874147,6.716405125996108
glaum,1000,GB4 0AC_00006 0 offwind-ac,0.09404610352069376,5.30178939167785
glaum,1000,GB4 0AC_00007 0 offwind-ac,0.09404610352069354,8.675655368200667
glaum,1000,GB4 0AC_00026 0 offwind-ac,0.09401079928028733,114.96276518654733
glaum,1000,GB4 0AC_00028 0 offwind-ac,0.09406426600211704,100.8558744266662
glaum,1000,NL2 0AC_00002 0 offwind-ac,0.09404587629250727,416.8271457783796
glaum,1000,NL2 0AC_00015 0 offwind-ac,0.09402409828359026,425.06550981283453
glaum,1000,NL2 0AC_00029 0 offwind-ac,0.09404523786444818,389.87861325580104
glaum,1000,NL2 0AC_00033 0 offwind-ac,0.09399999999999986,454.3957841912319
glaum,1000,NL2 0AC_00037 0 offwind-ac,0.09404512782283658,1.8450228836188533e-10
glaum,1000,NL2 0AC_00038 0 offwind-ac,0.09403389107429927,209.59033824702007
glaum,1000,NL2 0AC_00039 0 offwind-ac,0.09401258423121372,641.3072188789009
glaum,1000,NL2 0AC_00042 0 offwind-ac,0.09404616500818164,761.675870297316
glaum,1000,NL2 0AC_00048 0 offwind-ac,0.09404584593940801,131.65751822134467
glaum,1000,NL2 0AC_00049 0 offwind-ac,0.0940367113298487,1.1859667216619516e-08
glaum,1000,NL2 0AC_00056 0 offwind-ac,0.09405856851049155,905.0053655613657
glaum,1000,NL2 0AC_00059 0 offwind-ac,0.09401168871149168,7.566373289895951
glaum,1000,NL2 0AC_00062 0 offwind-ac,0.09402172113114016,197.07452710086227
glaum,1000,NL2 0AC_00078 0 offwind-ac,0.0940807122680295,1.3873196494723767
glaum,1000,NL2 0AC_00080 0 offwind-ac,0.09403386182069717,76.34046410623358
glaum,1000,NL2 0AC_00083 0 offwind-ac,0.09404503691878252,129.80274235260995
glaum,1000,NO0 0AC_00120 0 offwind-ac,0.09407139395477349,9.037812762740711e-11
glaum,1000,NO0 0AC_00126 0 offwind-ac,0.09416503922846708,1.7592366718788837e-10
glaum,1000,NO0 0AC_00127 0 offwind-ac,0.09411474197243397,8.660965626196317e-11
glaum,1000,NO0 0AC_00130 0 offwind-ac,0.09410865414454006,1.514007528418271e-10
glaum,1000,NO0 0AC_00146 0 offwind-ac,0.09410785220708351,1.4726218512481605e-10
glaum,1000,NO0 0AC_00162 0 offwind-ac,0.09404320243126185,2.4691983281168407e-10
glaum,1000,NO0 0AC_00168 0 offwind-ac,0.09405069928707288,5.405780972431446e-10
glaum,1000,NO0 0AC_00179 0 offwind-ac,0.0941335260430739,1.6002574910243997e-10
glaum,1000,NO0 0AC_00183 0 offwind-ac,0.09417276521414197,8.708756803849361e-11
glaum,1000,NO0 0AC_00208 0 offwind-ac,0.09406223985242756,1.8340337214771157e-10
glaum,1000,NO0 0AC_00209 0 offwind-ac,0.09429303953263957,7.885039616438874e-11
glaum,1000,NO0 0AC_00224 0 offwind-ac,0.09404483576059874,1.6536423221332654e-10
glaum,1000,NO0 0AC_00235 0 offwind-ac,0.09415469949758082,1.3571666108667517e-10
glaum,1000,NO0 0AC_00243 0 offwind-ac,0.09405646368327425,1.501782978422118e-10
glaum,1000,NO0 0AC_00246 0 offwind-ac,0.09413467608469595,1.7261192934620862e-10
glaum,1000,DE2 0AC_00040 0 offwind-float,0.09402223290567491,7.02353888663629e-11
glaum,1000,DE2 0AC_00042 0 offwind-float,0.09404547750565384,6.912700676554227e-11
glaum,1000,DK2 0AC_00003 0 offwind-float,0.09399999999999986,9.577051640429032e-11
glaum,1000,DK2 0AC_00004 0 offwind-float,0.0940326257126739,9.551293208593307e-11
glaum,1000,DK2 0AC_00023 0 offwind-float,0.09403226936480824,1.0268794578380049e-10
glaum,1000,DK2 0AC_00043 0 offwind-float,0.09404406628647388,1.039185952813397e-10
glaum,1000,DK2 0AC_00058 0 offwind-float,0.09401072467977234,1.0043386945900688e-10
glaum,1000,DK2 0AC_00064 0 offwind-float,0.09405401667791125,9.94119436492338e-11
glaum,1000,DK2 0AC_00069 0 offwind-float,0.09402256663757014,8.225212919913197e-11
glaum,1000,DK2 0AC_00070 0 offwind-float,0.09402239542739188,8.444245766510378e-11
glaum,1000,DK2 0AC_00075 0 offwind-float,0.09401134886974849,1.0558687373629146e-10
glaum,1000,DK2 0AC_00076 0 offwind-float,0.09404463233536309,1.0274281896196664e-10
glaum,1000,GB1 0AC_00006 0 offwind-float,0.09411522500690572,5.8146237820115295e-11
glaum,1000,GB1 0AC_00009 0 offwind-float,0.09405621436483713,1.460456231255555e-10
glaum,1000,GB1 0AC_00011 0 offwind-float,0.09402601710373559,1.0690212539316907e-10
glaum,1000,GB1 0AC_00015 0 offwind-float,0.09402404927178976,1.2021089731206297e-10
glaum,1000,GB1 0AC_00016 0 offwind-float,0.0940602120033105,1.0988866912123169e-10
glaum,1000,GB1 0AC_00020 0 offwind-float,0.0940000000000003,1.261464083797078e-10
glaum,1000,GB1 0AC_00022 0 offwind-float,0.09404636560407809,1.154022778088486e-10
glaum,1000,GB1 0AC_00023 0 offwind-float,0.094037021361292,9.096546680021701e-11
glaum,1000,GB1 0AC_00025 0 offwind-float,0.09403381013671663,1.352054016665055e-10
glaum,1000,GB1 0AC_00026 0 offwind-float,0.09402253034444541,1.3985848863413786e-10
glaum,1000,GB1 0AC_00027 0 offwind-float,0.09405902676440303,1.1989451934440623e-10
glaum,1000,GB1 0AC_00033 0 offwind-float,0.09405796506540232,1.345850983641856e-10
glaum,1000,GB1 0AC_00036 0 offwind-float,0.0940579198083965,1.197281949726266e-10
glaum,1000,GB1 0AC_00037 0 offwind-float,0.0940447568077728,1.4491641006365926e-10
glaum,1000,GB1 0AC_00038 0 offwind-float,0.09403313385049694,1.4490997588809405e-10
glaum,1000,GB1 0AC_00039 0 offwind-float,0.09403699649037434,9.722338012528268e-11
glaum,1000,GB1 0AC_00040 0 offwind-float,0.0940489271303303,1.0975944540557556e-10
glaum,1000,GB1 0AC_00045 0 offwind-float,0.09404636570056257,1.215411143652606e-10
glaum,1000,GB1 0AC_00046 0 offwind-float,0.09403525957846903,1.2599382916934099e-10
glaum,1000,GB1 0AC_00047 0 offwind-float,0.09401182610885328,9.61199577667166e-11
glaum,1000,GB1 0AC_00048 0 offwind-float,0.09403424155127815,1.2130988536375872e-10
glaum,1000,GB1 0AC_00049 0 offwind-float,0.0940925101842418,1.2021952323954847e-10
glaum,1000,GB1 0AC_00050 0 offwind-float,0.094022340957573,1.4334885748584387e-10
glaum,1000,GB1 0AC_00051 0 offwind-float,0.09402286315026154,1.3967204408217154e-10
glaum,1000,GB1 0AC_00052 0 offwind-float,0.09402287099356499,1.2256084425490034e-10
glaum,1000,GB1 0AC_00054 0 offwind-float,0.09405170925077833,9.296927189020228e-11
glaum,1000,GB1 0AC_00058 0 offwind-float,0.09403504607556823,1.1488213215792572e-10
glaum,1000,GB1 0AC_00059 0 offwind-float,0.09401174381098987,1.0420332497446541e-10
glaum,1000,GB1 0AC_00062 0 offwind-float,0.0940137110307604,6.851296927333782e-11
glaum,1000,GB1 0AC_00064 0 offwind-float,0.09402362600675795,1.1327187699178588e-10
glaum,1000,GB1 0AC_00072 0 offwind-float,0.09402585120947216,9.008803350345996e-11
glaum,1000,GB1 0AC_00082 0 offwind-float,0.09403626219013139,9.9484673671433e-11
glaum,1000,GB1 0AC_00092 0 offwind-float,0.09401210339550359,8.916324505064293e-11
glaum,1000,GB1 0AC_00097 0 offwind-float,0.0940000000000002,1.0912124172584774e-10
glaum,1000,GB1 0AC_00098 0 offwind-float,0.094048341968624,1.0529158849218966e-10
glaum,1000,GB1 0AC_00113 0 offwind-float,0.09405670511896813,1.0946123495124385e-10
glaum,1000,GB1 0AC_00119 0 offwind-float,0.09401197491320001,1.0109012206462924e-10
glaum,1000,GB1 0AC_00120 0 offwind-float,0.09402383623489885,1.2429841246940136e-10
glaum,1000,GB1 0AC_00134 0 offwind-float,0.09401110600981788,1.120629454252383e-10
glaum,1000,GB1 0AC_00140 0 offwind-float,0.0940221762936726,1.0783254685897336e-10
glaum,1000,GB1 0AC_00150 0 offwind-float,0.0940226872750567,1.1308916492990456e-10
glaum,1000,GB1 0AC_00162 0 offwind-float,0.09404681129231107,1.2579216277018105e-10
glaum,1000,GB1 0AC_00211 0 offwind-float,0.0940115229863957,1.1634533637107051e-10
glaum,1000,GB4 0AC_00000 0 offwind-float,0.09403642922297573,9.211188807218037e-11
glaum,1000,GB4 0AC_00004 0 offwind-float,0.09402178559285101,8.01194633358747e-11
glaum,1000,GB4 0AC_00005 0 offwind-float,0.09401149718985358,1.0020344213994585e-10
glaum,1000,GB4 0AC_00009 0 offwind-float,0.0940443578715664,1.231059123534265e-10
glaum,1000,GB4 0AC_00015 0 offwind-float,0.09402135586688087,1.2649245501728748e-10
glaum,1000,GB4 0AC_00018 0 offwind-float,0.09401089334264745,8.657381674334346e-11
glaum,1000,GB4 0AC_00029 0 offwind-float,0.09401089116461359,1.2187103380776372e-10
glaum,1000,GB4 0AC_00032 0 offwind-float,0.09403302758422782,1.2010808588318535e-10
glaum,1000,GB4 0AC_00034 0 offwind-float,0.09399999999999975,1.250412981008429e-10
glaum,1000,GB4 0AC_00037 0 offwind-float,0.09409821723707146,1.2321475031670153e-10
glaum,1000,GB4 0AC_00042 0 offwind-float,0.09402280110815975,1.2719901770709868e-10
glaum,1000,GB4 0AC_00052 0 offwind-float,0.09403357505373966,1.181752022186808e-10
glaum,1000,NL2 0AC_00027 0 offwind-float,0.0940677559643126,7.20750595699635e-11
glaum,1000,NL2 0AC_00060 0 offwind-float,0.09404297672449113,5.298446857038325e-11
glaum,1000,NL2 0AC_00064 0 offwind-float,0.09402254044233693,7.02397855354031e-11
glaum,1000,NL2 0AC_00074 0 offwind-float,0.09403346222742881,7.433180464809288e-11
glaum,1000,NL2 0AC_00077 0 offwind-float,0.0940807122680295,6.806495636668844e-11
glaum,1000,NL2 0AC_00079 0 offwind-float,0.09405892657818038,7.114955884722104e-11
glaum,1000,NO0 0AC_00003 0 offwind-float,0.09405940387653511,9.530650214236802e-11
glaum,1000,NO0 0AC_00004 0 offwind-float,0.0940233785855451,9.6106485378615e-11
glaum,1000,NO0 0AC_00005 0 offwind-float,0.09403533988118717,9.643252176463102e-11
glaum,1000,NO0 0AC_00011 0 offwind-float,0.09405613336552743,9.456523024468778e-11
glaum,1000,NO0 0AC_00014 0 offwind-float,0.0940236436149976,9.562891942571375e-11
glaum,1000,NO0 0AC_00015 0 offwind-float,0.09402392285242989,9.334468199183101e-11
glaum,1000,NO0 0AC_00017 0 offwind-float,0.09403510831733763,9.681500743902328e-11
glaum,1000,NO0 0AC_00024 0 offwind-float,0.09405932075776291,9.484867439401358e-11
glaum,1000,NO0 0AC_00037 0 offwind-float,0.09403413542531136,1.0035556214089838e-10
glaum,1000,NO0 0AC_00039 0 offwind-float,0.09404615358942126,9.779898223976817e-11
glaum,1000,NO0 0AC_00045 0 offwind-float,0.09403381531879429,1.0142784756186107e-10
glaum,1000,NO0 0AC_00048 0 offwind-float,0.09403641116340844,9.004977216923614e-11
glaum,1000,NO0 0AC_00053 0 offwind-float,0.09403548096411185,1.0261174796935365e-10
glaum,1000,NO0 0AC_00065 0 offwind-float,0.09402354284293102,1.029676009469904e-10
glaum,1000,NO0 0AC_00069 0 offwind-float,0.09400000000000008,6.435471729305229e-11
glaum,1000,NO0 0AC_00072 0 offwind-float,0.09404632692725057,9.855728344241024e-11
glaum,1000,NO0 0AC_00074 0 offwind-float,0.09404564633012458,1.0283761570279161e-10
glaum,1000,NO0 0AC_00078 0 offwind-float,0.09404879893430607,8.76617425810146e-11
glaum,1000,NO0 0AC_00080 0 offwind-float,0.0940238770116072,1.0477055388537019e-10
glaum,1000,NO0 0AC_00083 0 offwind-float,0.09401117439543394,1.0219546683289979e-10
glaum,1000,NO0 0AC_00084 0 offwind-float,0.09406401410644727,8.289552296031613e-11
glaum,1000,NO0 0AC_00085 0 offwind-float,0.09405078103838993,7.315130350405984e-11
glaum,1000,NO0 0AC_00086 0 offwind-float,0.09402580379247472,8.664782205365242e-11
glaum,1000,NO0 0AC_00088 0 offwind-float,0.09403352622476324,1.0240152025064091e-10
glaum,1000,NO0 0AC_00089 0 offwind-float,0.09405969464053221,9.299168370058852e-11
glaum,1000,NO0 0AC_00090 0 offwind-float,0.09403338675472372,1.0269282328946376e-10
glaum,1000,NO0 0AC_00091 0 offwind-float,0.09403423437216629,1.0821895170974774e-10
glaum,1000,NO0 0AC_00093 0 offwind-float,0.09401108601658636,1.0676527835145756e-10
glaum,1000,NO0 0AC_00094 0 offwind-float,0.09403717821207691,8.470739571234688e-11
glaum,1000,NO0 0AC_00095 0 offwind-float,0.0940109547703799,1.0365786603994943e-10
glaum,1000,NO0 0AC_00096 0 offwind-float,0.0940106810769219,1.0074870457395314e-10
glaum,1000,NO0 0AC_00097 0 offwind-float,0.09402312116544054,1.0122650680300136e-10
glaum,1000,NO0 0AC_00098 0 offwind-float,0.09403307417238671,1.0949892041052168e-10
glaum,1000,NO0 0AC_00099 0 offwind-float,0.09399999999999997,1.0055698627780056e-10
glaum,1000,NO0 0AC_00100 0 offwind-float,0.09403483945996582,9.328466248543278e-11
glaum,1000,NO0 0AC_00101 0 offwind-float,0.09401301780593319,8.191244552863588e-11
glaum,1000,NO0 0AC_00102 0 offwind-float,0.09405219400451093,7.669877755527506e-11
glaum,1000,NO0 0AC_00103 0 offwind-float,0.09407328190691766,6.06552959945682e-11
glaum,1000,NO0 0AC_00105 0 offwind-float,0.09399999999999986,1.0409717777269245e-10
glaum,1000,NO0 0AC_00106 0 offwind-float,0.09403239639020111,1.1201102663667268e-10
glaum,1000,NO0 0AC_00107 0 offwind-float,0.0940108388591312,1.071972989520418e-10
glaum,1000,NO0 0AC_00108 0 offwind-float,0.09405781663467527,9.430949424961283e-11
glaum,1000,NO0 0AC_00109 0 offwind-float,0.09407834313356012,1.0367166398528357e-10
glaum,1000,NO0 0AC_00110 0 offwind-float,0.09403709382061731,7.916819974568931e-11
glaum,1000,NO0 0AC_00111 0 offwind-float,0.094094251864422,5.597494026962441e-11
glaum,1000,NO0 0AC_00112 0 offwind-float,0.09403341175034596,1.0877209715011164e-10
glaum,1000,NO0 0AC_00113 0 offwind-float,0.09404963637658958,7.232689546810994e-11
glaum,1000,NO0 0AC_00114 0 offwind-float,0.09407914092550063,6.026552697629411e-11
glaum,1000,NO0 0AC_00115 0 offwind-float,0.09402137606567718,1.073856343516143e-10
glaum,1000,NO0 0AC_00116 0 offwind-float,0.09401163192408912,9.265004956302379e-11
glaum,1000,NO0 0AC_00117 0 offwind-float,0.09404531088546242,9.846703314461584e-11
glaum,1000,NO0 0AC_00118 0 offwind-float,0.09401118757224058,1.0784404909007443e-10
glaum,1000,NO0 0AC_00119 0 offwind-float,0.09411907903831152,3.6323240403256823e-11
glaum,1000,NO0 0AC_00121 0 offwind-float,0.09407139395477349,3.907446647728905e-11
glaum,1000,NO0 0AC_00123 0 offwind-float,0.09409688662510307,4.0870095698170965e-11
glaum,1000,NO0 0AC_00125 0 offwind-float,0.09414856889485279,6.152514568143484e-11
glaum,1000,NO0 0AC_00128 0 offwind-float,0.09411474197243408,3.877239746816426e-11
glaum,1000,NO0 0AC_00129 0 offwind-float,0.09410865414453995,4.3390021254617034e-11
glaum,1000,NO0 0AC_00131 0 offwind-float,0.09401071191727906,9.968362061511877e-11
glaum,1000,NO0 0AC_00132 0 offwind-float,0.09406564454722266,1.0644597918961754e-10
glaum,1000,NO0 0AC_00133 0 offwind-float,0.09401026717531658,1.0404219415597886e-10
glaum,1000,NO0 0AC_00134 0 offwind-float,0.09401117761193134,1.0705905219384676e-10
glaum,1000,NO0 0AC_00135 0 offwind-float,0.09405589793586089,9.678837499390312e-11
glaum,1000,NO0 0AC_00136 0 offwind-float,0.09405877516781824,7.465064093267014e-11
glaum,1000,NO0 0AC_00138 0 offwind-float,0.09405557888866012,7.633787482004718e-11
glaum,1000,NO0 0AC_00139 0 offwind-float,0.09408221522800042,7.071974531232188e-11
glaum,1000,NO0 0AC_00140 0 offwind-float,0.0940358645703181,3.8071903819146405e-11
glaum,1000,NO0 0AC_00141 0 offwind-float,0.09406347038360796,6.348436132472168e-11
glaum,1000,NO0 0AC_00142 0 offwind-float,0.09414454320876386,3.648773253452781e-11
glaum,1000,NO0 0AC_00143 0 offwind-float,0.09414454320876386,3.7374794628059444e-11
glaum,1000,NO0 0AC_00144 0 offwind-float,0.09414454320876386,3.813328806626083e-11
glaum,1000,NO0 0AC_00149 0 offwind-float,0.09555844497805732,1.755236035110893e-11
glaum,1000,NO0 0AC_00150 0 offwind-float,0.09422910415300001,1.8849385801490646e-11
glaum,1000,NO0 0AC_00151 0 offwind-float,0.09430545940043256,1.9997551226160104e-11
glaum,1000,NO0 0AC_00152 0 offwind-float,0.0944115609413837,2.1025145748845464e-11
glaum,1000,NO0 0AC_00154 0 offwind-float,0.09457767291122876,2.2322009228944975e-11
glaum,1000,NO0 0AC_00155 0 offwind-float,0.09401099971084381,1.1078831799955943e-10
glaum,1000,NO0 0AC_00156 0 offwind-float,0.09402210929967914,8.90088298113178e-11
glaum,1000,NO0 0AC_00157 0 offwind-float,0.09404247506561758,1.0057651599939104e-10
glaum,1000,NO0 0AC_00158 0 offwind-float,0.0940107695280119,9.637585663325075e-11
glaum,1000,NO0 0AC_00161 0 offwind-float,0.09403212998774335,1.1224107211804442e-10
glaum,1000,NO0 0AC_00163 0 offwind-float,0.09418533409488083,4.199389548133554e-11
glaum,1000,NO0 0AC_00166 0 offwind-float,0.09404292469131392,1.0322902231007462e-10
glaum,1000,NO0 0AC_00167 0 offwind-float,0.09403433968495611,6.843199224045311e-11
glaum,1000,NO0 0AC_00169 0 offwind-float,0.09428538854479862,4.341105670720665e-11
glaum,1000,NO0 0AC_00172 0 offwind-float,0.09457758317485487,2.154603451158164e-11
glaum,1000,NO0 0AC_00174 0 offwind-float,0.09473172671056473,3.323036180123588e-11
glaum,1000,NO0 0AC_00176 0 offwind-float,0.09525455351767942,1.93266125985287e-11
glaum,1000,NO0 0AC_00177 0 offwind-float,0.09488832482072829,2.2517983964075255e-11
glaum,1000,NO0 0AC_00178 0 offwind-float,0.09403056072422344,1.064939385313496e-10
glaum,1000,NO0 0AC_00181 0 offwind-float,0.09406367700590779,1.1344424506140384e-10
glaum,1000,NO0 0AC_00182 0 offwind-float,0.09403216055339614,1.0362145866161294e-10
glaum,1000,NO0 0AC_00184 0 offwind-float,0.09399999999999986,1.1633807971810288e-10
glaum,1000,NO0 0AC_00185 0 offwind-float,0.0940313846237889,1.0222932629921092e-10
glaum,1000,NO0 0AC_00186 0 offwind-float,0.09402234498772655,7.814704156838195e-11
glaum,1000,NO0 0AC_00187 0 offwind-float,0.09402247888818216,7.32449945511474e-11
glaum,1000,NO0 0AC_00188 0 offwind-float,0.09403307306204034,8.667485456763245e-11
glaum,1000,NO0 0AC_00189 0 offwind-float,0.09405880102895847,7.131828960334171e-11
glaum,1000,NO0 0AC_00190 0 offwind-float,0.09402956592993217,5.084470439822702e-11
glaum,1000,NO0 0AC_00191 0 offwind-float,0.09403095567987352,1.059292586644547e-10
glaum,1000,NO0 0AC_00197 0 offwind-float,0.09677642304229306,1.2300158246578114e-11
glaum,1000,NO0 0AC_00198 0 offwind-float,0.09402049362687837,1.1514290097972866e-10
glaum,1000,NO0 0AC_00199 0 offwind-float,0.09399999999999997,1.143150067057021e-10
glaum,1000,NO0 0AC_00200 0 offwind-float,0.09402104628452335,1.139067433549513e-10
glaum,1000,NO0 0AC_00201 0 offwind-float,0.09403341500691864,7.338098667355856e-11
glaum,1000,NO0 0AC_00203 0 offwind-float,0.09405842596379543,8.213532381791529e-11
glaum,1000,NO0 0AC_00204 0 offwind-float,0.09402018905558607,1.125577135248243e-10
glaum,1000,NO0 0AC_00205 0 offwind-float,0.09402086817498878,1.2326890943254615e-10
glaum,1000,NO0 0AC_00206 0 offwind-float,0.0940220286418656,9.056644261909325e-11
glaum,1000,NO0 0AC_00212 0 offwind-float,0.09402107530268367,9.862142001130458e-11
glaum,1000,NO0 0AC_00214 0 offwind-float,0.09401120623107384,8.511229381110753e-11
glaum,1000,NO0 0AC_00215 0 offwind-float,0.09402118668670845,1.2279684865422955e-10
glaum,1000,NO0 0AC_00216 0 offwind-float,0.09403193669145438,8.882973507218553e-11
glaum,1000,NO0 0AC_00219 0 offwind-float,0.09402152092816607,1.1539275375142424e-10
glaum,1000,NO0 0AC_00220 0 offwind-float,0.09406586766317204,1.028624708884399e-10
glaum,1000,NO0 0AC_00221 0 offwind-float,0.09403179026890929,1.0649748124636726e-10
glaum,1000,NO0 0AC_00223 0 offwind-float,0.09404852515622875,7.887303090240033e-11
glaum,1000,NO0 0AC_00225 0 offwind-float,0.09401041842226587,9.813125603881018e-11
glaum,1000,NO0 0AC_00228 0 offwind-float,0.09402156271073125,9.713888036781095e-11
glaum,1000,NO0 0AC_00229 0 offwind-float,0.09404081314342072,7.647620611350611e-11
glaum,1000,NO0 0AC_00230 0 offwind-float,0.09402315558040952,8.996535087904232e-11
glaum,1000,NO0 0AC_00232 0 offwind-float,0.09404980122352868,7.667062801058267e-11
glaum,1000,NO0 0AC_00233 0 offwind-float,0.09403522678756882,8.930274287593884e-11
glaum,1000,NO0 0AC_00234 0 offwind-float,0.09404631996021473,9.30057287728095e-11
glaum,1000,NO0 0AC_00236 0 offwind-float,0.09402526138179956,7.77603407195929e-11
glaum,1000,NO0 0AC_00238 0 offwind-float,0.0940801624891352,9.469768342898016e-11
glaum,1000,NO0 0AC_00239 0 offwind-float,0.09404971208284518,8.629007426318286e-11
glaum,1000,NO0 0AC_00240 0 offwind-float,0.0940356842494332,9.647581167547083e-11
glaum,1000,NO0 0AC_00241 0 offwind-float,0.09405190701718347,7.597523914749561e-11
glaum,1000,NO0 0AC_00242 0 offwind-float,0.09405032878915764,8.002775441804924e-11
glaum,1000,NO0 0AC_00245 0 offwind-float,0.09402688095622957,5.637644953749888e-11
glaum,1000,BE2 0AC_00000 0 offwind-dc,0.09402197757772879,1.6630146096203052e-09
glaum,1000,BE2 0AC_00002 0 offwind-dc,0.09402226286753679,1.2823252922358555e-09
glaum,1000,DE2 0AC_00000 0 offwind-dc,0.09403463394233036,1411.8093262729349
glaum,1000,DE2 0AC_00001 0 offwind-dc,0.09403456765731744,4.6544419876439426e-09
glaum,1000,DE2 0AC_00002 0 offwind-dc,0.094022553596816,2.490622377713337e-08
glaum,1000,DE2 0AC_00003 0 offwind-dc,0.09405509089137909,1515.7008618411871
glaum,1000,DE2 0AC_00004 0 offwind-dc,0.0940327186139579,1.3993056452788519e-08
glaum,1000,DE2 0AC_00005 0 offwind-dc,0.0940227616516579,415.7566919627157
glaum,1000,DE2 0AC_00006 0 offwind-dc,0.09403365221848159,6.639108054726318e-09
glaum,1000,DE2 0AC_00007 0 offwind-dc,0.09402261135505552,6.926093409163819e-09
glaum,1000,DE2 0AC_00008 0 offwind-dc,0.0940329267297253,7.666651333844952e-08
glaum,1000,DE2 0AC_00009 0 offwind-dc,0.09401123195479144,7.956782884712132e-09
glaum,1000,DE2 0AC_00010 0 offwind-dc,0.09403324908908983,951.4135111699308
glaum,1000,DE2 0AC_00011 0 offwind-dc,0.09402218280298924,877.4038815973694
glaum,1000,DE2 0AC_00012 0 offwind-dc,0.0940576860805794,6.301869574122537e-09
glaum,1000,DE2 0AC_00014 0 offwind-dc,0.09403288238372376,4.132817789193082e-09
glaum,1000,DE2 0AC_00015 0 offwind-dc,0.09403362534724313,987.2397494702892
glaum,1000,DE2 0AC_00017 0 offwind-dc,0.09401087033322619,1738.0267588936313
glaum,1000,DE2 0AC_00019 0 offwind-dc,0.0940452562129862,1427.2357373675493
glaum,1000,DE2 0AC_00020 0 offwind-dc,0.0940331096722653,1358.552612022602
glaum,1000,DE2 0AC_00021 0 offwind-dc,0.09400000000000008,2.577216747559325e-08
glaum,1000,DE2 0AC_00022 0 offwind-dc,0.09403373752927391,1.3167411933696148e-09
glaum,1000,DE2 0AC_00026 0 offwind-dc,0.09405687240957117,1.9122463888666262e-09
glaum,1000,DE2 0AC_00028 0 offwind-dc,0.09403334056379786,2.807191624686857e-07
glaum,1000,DE2 0AC_00030 0 offwind-dc,0.09403440769919746,958.2570038025403
glaum,1000,DE2 0AC_00031 0 offwind-dc,0.09403321058180991,165.19648549199957
glaum,1000,DE2 0AC_00032 0 offwind-dc,0.09401141821210846,1578.1095936373802
glaum,1000,DE2 0AC_00033 0 offwind-dc,0.09404480543400984,7.092337889103415e-09
glaum,1000,DE2 0AC_00034 0 offwind-dc,0.0940229176064018,3.9643348068973077
glaum,1000,DE2 0AC_00035 0 offwind-dc,0.09402145029444653,78.13179806644796
glaum,1000,DE2 0AC_00036 0 offwind-dc,0.09401172086744591,4.398494392675687e-09
glaum,1000,DE2 0AC_00037 0 offwind-dc,0.09403407235036465,1.8332098863559812e-09
glaum,1000,DE2 0AC_00038 0 offwind-dc,0.09401110704032178,7.92274059958297e-09
glaum,1000,DE2 0AC_00043 0 offwind-dc,0.09406728122950558,1.6196136085320132e-08
glaum,1000,DE2 0AC_00045 0 offwind-dc,0.09401184010802655,8.01920531117982e-10
glaum,1000,DK2 0AC_00001 0 offwind-dc,0.09402251187918442,5.315008643856007e-10
glaum,1000,DK2 0AC_00002 0 offwind-dc,0.09402172143348186,5.497063148548764e-10
glaum,1000,DK2 0AC_00005 0 offwind-dc,0.09405698069899138,5.390836881103874e-10
glaum,1000,DK2 0AC_00006 0 offwind-dc,0.09403348657155708,7.279935948990946e-10
glaum,1000,DK2 0AC_00007 0 offwind-dc,0.09399999999999997,6.219169012024464e-10
glaum,1000,DK2 0AC_00008 0 offwind-dc,0.0940113141250073,5.448080131589855e-10
glaum,1000,DK2 0AC_00009 0 offwind-dc,0.09399999999999997,5.824229172620123e-10
glaum,1000,DK2 0AC_00010 0 offwind-dc,0.09402225936146502,5.497328729317052e-10
glaum,1000,DK2 0AC_00011 0 offwind-dc,0.09404563545114708,5.136255313667774e-10
glaum,1000,DK2 0AC_00012 0 offwind-dc,0.09404312950981952,1.2888412358427377e-09
glaum,1000,DK2 0AC_00013 0 offwind-dc,0.09405738745784464,6.770877161787179e-10
glaum,1000,DK2 0AC_00014 0 offwind-dc,0.09399999999999986,6.252027417111199e-10
glaum,1000,DK2 0AC_00015 0 offwind-dc,0.09402257215718757,9.948711840678726e-10
glaum,1000,DK2 0AC_00016 0 offwind-dc,0.09403295523732302,4.435906620370079e-10
glaum,1000,DK2 0AC_00017 0 offwind-dc,0.09405549434947769,4.984292106653752e-10
glaum,1000,DK2 0AC_00018 0 offwind-dc,0.09406728516918517,7.074452399668479e-10
glaum,1000,DK2 0AC_00019 0 offwind-dc,0.09402253034593722,9.099204004351447e-10
glaum,1000,DK2 0AC_00020 0 offwind-dc,0.09402212174185243,5.943393489919029e-10
glaum,1000,DK2 0AC_00022 0 offwind-dc,0.09402207562429232,5.802173342742315e-10
glaum,1000,DK2 0AC_00024 0 offwind-dc,0.09402222370463087,1.9709208957613573e-09
glaum,1000,DK2 0AC_00025 0 offwind-dc,0.0940556432009626,5.631366691993952e-10
glaum,1000,DK2 0AC_00026 0 offwind-dc,0.09404457192128923,6.966815367375649e-10
glaum,1000,DK2 0AC_00027 0 offwind-dc,0.09403235652467956,7.542601018082627e-10
glaum,1000,DK2 0AC_00028 0 offwind-dc,0.09401030582366243,6.976347978228824e-09
glaum,1000,DK2 0AC_00029 0 offwind-dc,0.09402034347076926,1639.0692215916968
glaum,1000,DK2 0AC_00030 0 offwind-dc,0.09405487393237544,4.77431977277756e-10
glaum,1000,DK2 0AC_00031 0 offwind-dc,0.09407658515378081,6.322982369378196e-10
glaum,1000,DK2 0AC_00032 0 offwind-dc,0.0940000000000002,1.1521945817372574e-09
glaum,1000,DK2 0AC_00033 0 offwind-dc,0.09405348794812673,8.890609745052714e-10
glaum,1000,DK2 0AC_00034 0 offwind-dc,0.09401029849103315,1441.8847791724563
glaum,1000,DK2 0AC_00035 0 offwind-dc,0.0940111125002907,4.0212167867677395e-10
glaum,1000,DK2 0AC_00036 0 offwind-dc,0.09403321065153836,5.473537078116233e-10
glaum,1000,DK2 0AC_00037 0 offwind-dc,0.09401065134764264,1.6938662188899068e-09
glaum,1000,DK2 0AC_00038 0 offwind-dc,0.09405483640300749,8.941854011757685e-10
glaum,1000,DK2 0AC_00039 0 offwind-dc,0.094032929221739,7.032677484039135e-10
glaum,1000,DK2 0AC_00040 0 offwind-dc,0.09402209439461973,2.183468416161893e-09
glaum,1000,DK2 0AC_00041 0 offwind-dc,0.09399999999999975,1.129233781074029e-09
glaum,1000,DK2 0AC_00042 0 offwind-dc,0.0940550362834437,5.140586282737605e-10
glaum,1000,DK2 0AC_00044 0 offwind-dc,0.09401072809771294,1667.1151781229205
glaum,1000,DK2 0AC_00045 0 offwind-dc,0.09400000000000008,6.346144590252256e-10
glaum,1000,DK2 0AC_00046 0 offwind-dc,0.09403209563741932,5.991421816104271e-09
glaum,1000,DK2 0AC_00047 0 offwind-dc,0.09402226042745077,7.437490618091424e-10
glaum,1000,DK2 0AC_00048 0 offwind-dc,0.0940324510623397,3.688147592246652e-09
glaum,1000,DK2 0AC_00050 0 offwind-dc,0.09400000000000008,1057.4820795751518
glaum,1000,DK2 0AC_00054 0 offwind-dc,0.09405459122514825,1.6492146099807788e-09
glaum,1000,DK2 0AC_00056 0 offwind-dc,0.09400000000000008,1.2432682397062926e-09
glaum,1000,DK2 0AC_00073 0 offwind-dc,0.09401093487475276,70.78018358078404
glaum,1000,FR2 0AC_00000 0 offwind-dc,0.09402190183399672,167.9999999978946
glaum,1000,FR2 0AC_00001 0 offwind-dc,0.094022357140774,2.1057873110520263e-09
glaum,1000,GB1 0AC_00014 0 offwind-dc,0.09402313504920556,1084.6557798088409
glaum,1000,GB1 0AC_00042 0 offwind-dc,0.09402304311176701,1236.9243670914864
glaum,1000,GB1 0AC_00044 0 offwind-dc,0.09402202944890847,1577.3606394561207
glaum,1000,GB1 0AC_00139 0 offwind-dc,0.0940689915092705,3.330419086937878e-09
glaum,1000,GB1 0AC_00144 0 offwind-dc,0.09402223121140207,9.19604475750149e-09
glaum,1000,GB1 0AC_00147 0 offwind-dc,0.09401187414561962,2.5471941436148124e-09
glaum,1000,GB1 0AC_00148 0 offwind-dc,0.09403425803962084,9.457483965641848e-09
glaum,1000,GB1 0AC_00163 0 offwind-dc,0.09402330948088966,7.708680808803845e-08
glaum,1000,GB1 0AC_00183 0 offwind-dc,0.09401142713512489,3.3525000054903226e-09
glaum,1000,GB1 0AC_00184 0 offwind-dc,0.09401131613154556,5.272373466270877e-08
glaum,1000,GB1 0AC_00186 0 offwind-dc,0.094034348765488,1586.0850732676454
glaum,1000,GB1 0AC_00189 0 offwind-dc,0.09400000000000008,1245.7730895757923
glaum,1000,GB1 0AC_00192 0 offwind-dc,0.09404501098325024,4.632567785694234e-09
glaum,1000,GB1 0AC_00196 0 offwind-dc,0.09406705767079337,6.284032219082864e-09
glaum,1000,GB1 0AC_00199 0 offwind-dc,0.09403425042433744,3.399466758854514e-09
glaum,1000,GB1 0AC_00200 0 offwind-dc,0.09402199949027223,9.941428639928666e-08
glaum,1000,GB1 0AC_00201 0 offwind-dc,0.094033753207448,5.788370837878232e-08
glaum,1000,GB1 0AC_00202 0 offwind-dc,0.09404601546247127,1.7954444182241497e-09
glaum,1000,GB1 0AC_00205 0 offwind-dc,0.09401105231459539,4.8811128332244876e-08
glaum,1000,GB1 0AC_00207 0 offwind-dc,0.0940450888774661,1.94925294537037e-09
glaum,1000,GB1 0AC_00209 0 offwind-dc,0.09399999999999997,5.437983680440407e-09
glaum,1000,GB1 0AC_00210 0 offwind-dc,0.09404662481435999,5.0833137902767895e-09
glaum,1000,GB1 0AC_00214 0 offwind-dc,0.09401161204188957,517.2808971957601
glaum,1000,GB1 0AC_00215 0 offwind-dc,0.09401117707468754,1.1833492135623179e-08
glaum,1000,GB1 0AC_00217 0 offwind-dc,0.09403282583602246,921.426129549216
glaum,1000,GB1 0AC_00218 0 offwind-dc,0.0940110490385545,1.1123733271238115e-08
glaum,1000,GB1 0AC_00221 0 offwind-dc,0.09401119124360346,3.7197891083421088e-09
glaum,1000,GB1 0AC_00222 0 offwind-dc,0.09402372562285854,3.818939283676895e-09
glaum,1000,GB1 0AC_00226 0 offwind-dc,0.09403391037840159,423.555460306185
glaum,1000,GB1 0AC_00227 0 offwind-dc,0.09401074484319494,1.5201232384347664e-08
glaum,1000,GB1 0AC_00228 0 offwind-dc,0.09401111091374215,2.140582827520095e-07
glaum,1000,GB1 0AC_00230 0 offwind-dc,0.09402128560121803,621.9910219791186
glaum,1000,GB1 0AC_00231 0 offwind-dc,0.0940114734576063,2.0675792917601315e-09
glaum,1000,GB1 0AC_00234 0 offwind-dc,0.09401136689186995,3.6343839371652266e-09
glaum,1000,GB1 0AC_00236 0 offwind-dc,0.09403425007604083,8.55709085017916e-09
glaum,1000,GB1 0AC_00239 0 offwind-dc,0.0940223844754331,83.89051091337754
glaum,1000,GB1 0AC_00240 0 offwind-dc,0.09406766112088494,6.922511132931369e-09
glaum,1000,GB1 0AC_00243 0 offwind-dc,0.09399999999999997,8.972770646807486e-09
glaum,1000,GB1 0AC_00244 0 offwind-dc,0.09403365363291927,3.260585149883108e-09
glaum,1000,GB1 0AC_00246 0 offwind-dc,0.09401107093037009,3.371193971338739e-09
glaum,1000,GB1 0AC_00247 0 offwind-dc,0.09403367872308233,4.718365013073137e-09
glaum,1000,GB1 0AC_00248 0 offwind-dc,0.09401047570349719,83.49806845249373
glaum,1000,GB1 0AC_00249 0 offwind-dc,0.09401139517266999,328.7861749180596
glaum,1000,GB1 0AC_00251 0 offwind-dc,0.09405668121570132,3.1660040133299246e-09
glaum,1000,GB1 0AC_00252 0 offwind-dc,0.09399999999999986,1267.3368458140126
glaum,1000,GB1 0AC_00253 0 offwind-dc,0.09404511595931975,5.537060675060494e-09
glaum,1000,GB1 0AC_00254 0 offwind-dc,0.09405681146653544,7.982306529190524e-09
glaum,1000,GB1 0AC_00255 0 offwind-dc,0.09402302287477671,156.44228145216638
glaum,1000,GB1 0AC_00257 0 offwind-dc,0.09402338150412837,2.3500299435570894e-09
glaum,1000,GB1 0AC_00259 0 offwind-dc,0.09404625645565434,423.0003021375816
glaum,1000,GB1 0AC_00260 0 offwind-dc,0.09400000000000008,160.92652605419445
glaum,1000,GB1 0AC_00261 0 offwind-dc,0.09401092824210844,546.7622605079973
glaum,1000,GB1 0AC_00263 0 offwind-dc,0.09404374618426503,2.6428676230086416e-08
glaum,1000,GB1 0AC_00264 0 offwind-dc,0.09403292885741266,377.87587755968406
glaum,1000,GB1 0AC_00265 0 offwind-dc,0.09403284738785156,1057.4058058881103
glaum,1000,GB1 0AC_00266 0 offwind-dc,0.09404493183114992,7.513791610169651e-09
glaum,1000,GB1 0AC_00267 0 offwind-dc,0.0940223357596186,7.05779404650308e-09
glaum,1000,GB1 0AC_00269 0 offwind-dc,0.09403384585519392,1827.7850698787734
glaum,1000,GB1 0AC_00270 0 offwind-dc,0.09406672309106667,7.627325943473854e-09
glaum,1000,GB1 0AC_00271 0 offwind-dc,0.09403257573021517,1093.0613381387132
glaum,1000,GB1 0AC_00272 0 offwind-dc,0.09402237922012147,7.62910820781896e-09
glaum,1000,GB1 0AC_00274 0 offwind-dc,0.09401160112038653,1721.5844685363397
glaum,1000,GB4 0AC_00002 0 offwind-dc,0.09402178559285101,1.7437892458730644e-09
glaum,1000,GB4 0AC_00003 0 offwind-dc,0.09402312514982314,6.279542593563867e-09
glaum,1000,GB4 0AC_00008 0 offwind-dc,0.09404481311352908,5.845214121927209e-10
glaum,1000,GB4 0AC_00012 0 offwind-dc,0.09404433421594527,549.4768725481036
glaum,1000,NL2 0AC_00000 0 offwind-dc,0.09408054686801048,4.7582177072213184e-09
glaum,1000,NL2 0AC_00001 0 offwind-dc,0.09402119556977162,60.05941185445746
glaum,1000,NL2 0AC_00004 0 offwind-dc,0.09405570371531236,1.3846695493343129e-08
glaum,1000,NL2 0AC_00005 0 offwind-dc,0.09402155682674074,339.4823002062343
glaum,1000,NL2 0AC_00006 0 offwind-dc,0.09402134684188468,501.62400714417305
glaum,1000,NL2 0AC_00007 0 offwind-dc,0.09404645315552473,1.084652771059564e-09
glaum,1000,NL2 0AC_00008 0 offwind-dc,0.09402228005240687,4.116039517910658e-09
glaum,1000,NL2 0AC_00010 0 offwind-dc,0.09401068966073223,259.61133615223076
glaum,1000,NL2 0AC_00013 0 offwind-dc,0.09406779550870636,131.8229590573742
glaum,1000,NL2 0AC_00014 0 offwind-dc,0.09404439686012167,708.0720352135567
glaum,1000,NL2 0AC_00016 0 offwind-dc,0.09407723664633749,128.3436797142948
glaum,1000,NL2 0AC_00017 0 offwind-dc,0.09401144367289582,1720.6305768701282
glaum,1000,NL2 0AC_00019 0 offwind-dc,0.09401146089384882,3.432609598973083e-09
glaum,1000,NL2 0AC_00020 0 offwind-dc,0.09403323064862379,1395.7743052871986
glaum,1000,NL2 0AC_00021 0 offwind-dc,0.09403373539162885,943.3712606757477
glaum,1000,NL2 0AC_00026 0 offwind-dc,0.09403333718621087,4.631191050462792e-09
glaum,1000,NL2 0AC_00028 0 offwind-dc,0.09403293514064204,509.97851889497235
glaum,1000,NL2 0AC_00031 0 offwind-dc,0.0940225387579322,1960.703227257073
glaum,1000,NL2 0AC_00040 0 offwind-dc,0.09402358118306808,5.89572139217171e-09
glaum,1000,NL2 0AC_00045 0 offwind-dc,0.09402283776841469,3.7005822142712838e-09
glaum,1000,NL2 0AC_00051 0 offwind-dc,0.09403364714412454,4.0784527239352334e-09
glaum,1000,NL2 0AC_00057 0 offwind-dc,0.09402271163241127,4.0016574711172056e-09
glaum,1000,NL2 0AC_00063 0 offwind-dc,0.09403385677554565,3.144340910462103e-09
glaum,1000,NL2 0AC_00065 0 offwind-dc,0.09402246608337106,4.248104715754406e-09
glaum,1000,NL2 0AC_00066 0 offwind-dc,0.09403360555458395,3.729584075470341e-09
glaum,1000,NL2 0AC_00068 0 offwind-dc,0.09404571376587412,2.0409994283491896e-08
glaum,1000,NL2 0AC_00069 0 offwind-dc,0.09403472719071715,6.941535111749824e-09
glaum,1000,NL2 0AC_00070 0 offwind-dc,0.09401121991258454,6.423243183539009e-09
glaum,1000,NL2 0AC_00071 0 offwind-dc,0.0940107097037789,1760.6660379363527
glaum,1000,NL2 0AC_00072 0 offwind-dc,0.09403318394870053,775.8868420061441
glaum,1000,NL2 0AC_00073 0 offwind-dc,0.09402195875024855,3.750100027466243e-09
glaum,1000,NL2 0AC_00075 0 offwind-dc,0.09403306685825508,7.559723612012041e-09
glaum,1000,NL2 0AC_00076 0 offwind-dc,0.09404363596431009,1.805729587620783e-08
glaum,1000,NL2 0AC_00081 0 offwind-dc,0.09399999999999997,1256.029184616238
glaum,1000,NL2 0AC_00082 0 offwind-dc,0.09404526576879313,5.3662018950140726e-08
glaum,1000,NL2 0AC_00084 0 offwind-dc,0.09403515180524447,2.9603821271884324e-09
glaum,1000,NL2 0AC_00085 0 offwind-dc,0.09399999999999986,1800.3695257561892
glaum,1000,NO0 0AC_00073 0 offwind-dc,0.09403310722905933,8.733311803529032e-10
glaum,1000,NO0 0AC_00104 0 offwind-dc,0.09399999999999997,1.4049956313674292e-09
glaum,1000,NO0 0AC_00137 0 offwind-dc,0.0940221085378441,1.464356696440164e-08
glaum,1000,NO0 0AC_00159 0 offwind-dc,0.09402194292289456,1736.076772708516
glaum,1000,NO0 0AC_00160 0 offwind-dc,0.09402147639997271,299.7418200229776
glaum,1000,NO0 0AC_00173 0 offwind-dc,0.09403167673937707,964.1814072275687
glaum,1000,DK2 0AC_00055 0 offwind-ac,0.10436297759054669,3.2127324097415723e-09
glaum,1000,DK2 0AC_00000 0 offwind-float,0.14097785514745342,1.6401822230545013e-10
glaum,1000,GB1 0AC_00030 0 offwind-float,0.13541808414757062,2.3504476248038374e-10
glaum,1000,GB1 0AC_00043 0 offwind-float,0.14020590576332304,2.255550192475447e-10
glaum,1000,GB1 0AC_00053 0 offwind-float,0.14312405240673465,2.3194581387220937e-10
glaum,1000,GB1 0AC_00055 0 offwind-float,0.14334084804947644,2.2314127495778795e-10
glaum,1000,GB1 0AC_00056 0 offwind-float,0.1422266009777593,2.1960362509315244e-10
glaum,1000,GB1 0AC_00057 0 offwind-float,0.13687175188165268,2.2269169129933894e-10
glaum,1000,GB1 0AC_00065 0 offwind-float,0.1447129768707377,2.395921307903031e-10
glaum,1000,GB1 0AC_00066 0 offwind-float,0.14252429654885346,2.164830802131979e-10
glaum,1000,GB1 0AC_00067 0 offwind-float,0.1428664558792272,2.1890465650674055e-10
glaum,1000,GB1 0AC_00068 0 offwind-float,0.14398452482340596,2.2486364728576635e-10
glaum,1000,GB1 0AC_00069 0 offwind-float,0.1394467750005739,2.3023796842017052e-10
glaum,1000,GB1 0AC_00070 0 offwind-float,0.14289200897060106,2.4724047092649444e-10
glaum,1000,GB1 0AC_00071 0 offwind-float,0.1380304595176921,1.800794565430596e-10
glaum,1000,GB1 0AC_00073 0 offwind-float,0.14445652361035477,2.1480037918516817e-10
glaum,1000,GB1 0AC_00074 0 offwind-float,0.14369837903522797,2.2577806811716705e-10
glaum,1000,GB1 0AC_00078 0 offwind-float,0.14420645898158968,2.3012965352860334e-10
glaum,1000,GB1 0AC_00079 0 offwind-float,0.1429583106336486,2.2206744835346073e-10
glaum,1000,GB1 0AC_00080 0 offwind-float,0.14451717194942637,2.3756007764856437e-10
glaum,1000,GB1 0AC_00081 0 offwind-float,0.14539378924888913,2.13868188097433e-10
glaum,1000,GB1 0AC_00083 0 offwind-float,0.14600143355758732,2.2838397007977443e-10
glaum,1000,GB1 0AC_00084 0 offwind-float,0.1442364907482523,2.3030731950951243e-10
glaum,1000,GB1 0AC_00086 0 offwind-float,0.14413054517677582,2.013599111296761e-10
glaum,1000,GB1 0AC_00087 0 offwind-float,0.14440791329670155,2.162386952809719e-10
glaum,1000,GB1 0AC_00088 0 offwind-float,0.14469810039217224,2.2821885031301955e-10
glaum,1000,GB1 0AC_00089 0 offwind-float,0.1447476853532801,2.288785159636287e-10
glaum,1000,GB1 0AC_00090 0 offwind-float,0.14319743097427906,2.3264005342037457e-10
glaum,1000,GB1 0AC_00091 0 offwind-float,0.14498083909562742,2.3473784458179736e-10
glaum,1000,GB1 0AC_00093 0 offwind-float,0.1458832026109017,2.1488645385727614e-10
glaum,1000,GB1 0AC_00094 0 offwind-float,0.14567950190867007,2.3064677696074182e-10
glaum,1000,GB1 0AC_00095 0 offwind-float,0.1372732533450216,2.1685396700935257e-10
glaum,1000,GB1 0AC_00096 0 offwind-float,0.1437399544493686,2.1923716271853138e-10
glaum,1000,GB1 0AC_00099 0 offwind-float,0.14564429804771362,2.1070824285318836e-10
glaum,1000,GB1 0AC_00100 0 offwind-float,0.14065904079294433,2.2929893244953493e-10
glaum,1000,GB1 0AC_00101 0 offwind-float,0.1445430396870333,2.1858300564183118e-10
glaum,1000,GB1 0AC_00102 0 offwind-float,0.14424787951936258,2.2455106772496217e-10
glaum,1000,GB1 0AC_00103 0 offwind-float,0.14371675912480497,2.079708340480034e-10
glaum,1000,GB1 0AC_00104 0 offwind-float,0.14530429884740925,2.338847835657905e-10
glaum,1000,GB1 0AC_00105 0 offwind-float,0.14451898871323832,2.2545759311898206e-10
glaum,1000,GB1 0AC_00106 0 offwind-float,0.1469119061733718,2.2300784021472904e-10
glaum,1000,GB1 0AC_00109 0 offwind-float,0.14549672977915895,2.277782366712033e-10
glaum,1000,GB1 0AC_00110 0 offwind-float,0.14512165622120154,2.065788353391834e-10
glaum,1000,GB1 0AC_00111 0 offwind-float,0.14675074267976063,2.265636555879884e-10
glaum,1000,GB1 0AC_00112 0 offwind-float,0.14391583424507126,2.3859245409885396e-10
glaum,1000,GB1 0AC_00114 0 offwind-float,0.1465295666765004,2.176497705682775e-10
glaum,1000,GB1 0AC_00115 0 offwind-float,0.1455900022757335,2.2360201342028233e-10
glaum,1000,GB1 0AC_00117 0 offwind-float,0.14403947855002164,2.219315687096459e-10
glaum,1000,GB1 0AC_00118 0 offwind-float,0.13908334721903315,1.9023677717807436e-10
glaum,1000,GB1 0AC_00121 0 offwind-float,0.1468328086529751,2.2046159985006258e-10
glaum,1000,GB1 0AC_00122 0 offwind-float,0.14460276314185405,2.0397866242941465e-10
glaum,1000,GB1 0AC_00123 0 offwind-float,0.14613119094353,2.2583969722043132e-10
glaum,1000,GB1 0AC_00124 0 offwind-float,0.14494468603022725,2.2920823354472179e-10
glaum,1000,GB1 0AC_00133 0 offwind-float,0.14591249261456518,2.2079824183363646e-10
glaum,1000,GB1 0AC_00136 0 offwind-float,0.14674513814214563,2.1685987683219247e-10
glaum,1000,GB1 0AC_00137 0 offwind-float,0.14470818495573734,2.2119017275768685e-10
glaum,1000,GB1 0AC_00138 0 offwind-float,0.14464710719399598,2.0692930127832643e-10
glaum,1000,GB1 0AC_00141 0 offwind-float,0.14634546032992524,2.11036143302864e-10
glaum,1000,GB1 0AC_00142 0 offwind-float,0.146719843745593,2.2076158888879407e-10
glaum,1000,GB1 0AC_00143 0 offwind-float,0.14581061211425606,2.234497309769433e-10
glaum,1000,GB1 0AC_00145 0 offwind-float,0.14513122512037624,2.2801241991798905e-10
glaum,1000,GB1 0AC_00146 0 offwind-float,0.13976303453639738,2.1565446224969215e-10
glaum,1000,GB1 0AC_00149 0 offwind-float,0.1447313254518815,2.0760159285569138e-10
glaum,1000,GB1 0AC_00151 0 offwind-float,0.14526167605332008,2.2033760937925127e-10
glaum,1000,GB1 0AC_00152 0 offwind-float,0.14688176352896054,2.2234819426804464e-10
glaum,1000,GB1 0AC_00153 0 offwind-float,0.14552983244347784,2.2154696243861853e-10
glaum,1000,GB1 0AC_00154 0 offwind-float,0.14593124624752296,2.1380865534897428e-10
glaum,1000,GB1 0AC_00157 0 offwind-float,0.13957727920905416,1.8939951709278602e-10
glaum,1000,GB1 0AC_00158 0 offwind-float,0.14665216095192057,2.2221429761591604e-10
glaum,1000,GB1 0AC_00159 0 offwind-float,0.14648775394587632,2.1634971930706243e-10
glaum,1000,GB1 0AC_00161 0 offwind-float,0.14452080654830357,2.207921644226435e-10
glaum,1000,GB1 0AC_00170 0 offwind-float,0.1467922321916042,2.202546412278009e-10
glaum,1000,GB1 0AC_00171 0 offwind-float,0.14684827382910481,2.190860907731298e-10
glaum,1000,GB1 0AC_00177 0 offwind-float,0.14547536191255606,2.1854401563568486e-10
glaum,1000,GB1 0AC_00178 0 offwind-float,0.14530549193312425,2.185639362277526e-10
glaum,1000,GB1 0AC_00179 0 offwind-float,0.1446227898807071,2.0701717549094062e-10
glaum,1000,GB1 0AC_00182 0 offwind-float,0.14410028754433157,2.1638158059558474e-10
glaum,1000,GB1 0AC_00185 0 offwind-float,0.14596567235444646,2.2048674354308974e-10
glaum,1000,GB1 0AC_00187 0 offwind-float,0.14700049880579624,2.1579155754514276e-10
glaum,1000,GB1 0AC_00188 0 offwind-float,0.14614330673919163,2.1508231393625263e-10
glaum,1000,GB1 0AC_00190 0 offwind-float,0.14457547414206295,2.206406161632842e-10
glaum,1000,GB1 0AC_00191 0 offwind-float,0.1458030571419351,2.1812174801967037e-10
glaum,1000,GB1 0AC_00193 0 offwind-float,0.14643315830859982,2.1805942409093762e-10
glaum,1000,GB1 0AC_00194 0 offwind-float,0.14473738133795488,2.0850149394008025e-10
glaum,1000,GB1 0AC_00197 0 offwind-float,0.14716274437778598,2.2250542286658837e-10
glaum,1000,GB1 0AC_00198 0 offwind-float,0.14710125245541672,2.1569239589443412e-10
glaum,1000,GB1 0AC_00203 0 offwind-float,0.1433662562098229,2.1226373271189486e-10
glaum,1000,GB1 0AC_00208 0 offwind-float,0.14517670014361117,2.1517165702248216e-10
glaum,1000,GB1 0AC_00212 0 offwind-float,0.1470659832021861,2.2495585127990498e-10
glaum,1000,GB1 0AC_00213 0 offwind-float,0.1470766296851581,2.1807242273446987e-10
glaum,1000,GB1 0AC_00219 0 offwind-float,0.14445695393605362,2.0609917095717423e-10
glaum,1000,GB1 0AC_00220 0 offwind-float,0.14637828663678232,2.1727862278262281e-10
glaum,1000,GB1 0AC_00224 0 offwind-float,0.14539199037869455,2.1691020144699712e-10
glaum,1000,GB1 0AC_00229 0 offwind-float,0.1427922254196109,2.0209699325807246e-10
glaum,1000,GB1 0AC_00232 0 offwind-float,0.1465016561571416,2.1302188542895165e-10
glaum,1000,GB1 0AC_00233 0 offwind-float,0.1463711384334646,2.210103629710165e-10
glaum,1000,GB1 0AC_00235 0 offwind-float,0.14654111494344335,2.156600114929014e-10
glaum,1000,GB1 0AC_00237 0 offwind-float,0.14396216215542001,2.0853048081072098e-10
glaum,1000,GB1 0AC_00238 0 offwind-float,0.14396638816819485,2.0701970635982729e-10
glaum,1000,GB1 0AC_00242 0 offwind-float,0.14513104551289913,2.1054836266629198e-10
glaum,1000,GB1 0AC_00245 0 offwind-float,0.14464158897056922,2.0530969521219372e-10
glaum,1000,GB1 0AC_00250 0 offwind-float,0.14604055704288565,2.1855957599793074e-10
glaum,1000,GB1 0AC_00258 0 offwind-float,0.14636410319603865,2.121862285017878e-10
glaum,1000,GB1 0AC_00262 0 offwind-float,0.14567478607423756,2.1371296380746385e-10
glaum,1000,GB1 0AC_00268 0 offwind-float,0.14483866853143545,2.1146798605395061e-10
glaum,1000,GB4 0AC_00010 0 offwind-float,0.13955937860193257,2.1201609407866936e-10
glaum,1000,GB4 0AC_00011 0 offwind-float,0.14533427123771936,2.263274148961021e-10
glaum,1000,GB4 0AC_00013 0 offwind-float,0.14517571972027232,2.306052356602763e-10
glaum,1000,GB4 0AC_00016 0 offwind-float,0.13803968421497703,2.020590475617781e-10
glaum,1000,GB4 0AC_00017 0 offwind-float,0.14123784272228845,2.0487008021279075e-10
glaum,1000,GB4 0AC_00031 0 offwind-float,0.14461414801511696,2.1407616672370678e-10
glaum,1000,GB4 0AC_00035 0 offwind-float,0.1359620373449406,1.9417958182700404e-10
glaum,1000,GB4 0AC_00036 0 offwind-float,0.14465897655201965,2.1363987722003868e-10
glaum,1000,GB4 0AC_00038 0 offwind-float,0.14722235658376337,2.1891603760188576e-10
glaum,1000,GB4 0AC_00039 0 offwind-float,0.14558290067116497,2.291358699438863e-10
glaum,1000,GB4 0AC_00040 0 offwind-float,0.14475089945578146,2.2048229667437218e-10
glaum,1000,GB4 0AC_00041 0 offwind-float,0.14546127173139556,2.3497713274024225e-10
glaum,1000,GB4 0AC_00043 0 offwind-float,0.1461550217682036,2.1293829186130757e-10
glaum,1000,GB4 0AC_00044 0 offwind-float,0.1446954765380709,2.212201060072619e-10
glaum,1000,GB4 0AC_00045 0 offwind-float,0.1445672084202877,2.164254554603349e-10
glaum,1000,GB4 0AC_00046 0 offwind-float,0.14580945363488396,2.2042782297940044e-10
glaum,1000,GB4 0AC_00047 0 offwind-float,0.1459993994875064,2.1594591897331845e-10
glaum,1000,GB4 0AC_00048 0 offwind-float,0.14078475956961056,2.141723041398716e-10
glaum,1000,GB4 0AC_00049 0 offwind-float,0.14574759451643504,2.2037769797552013e-10
glaum,1000,GB4 0AC_00050 0 offwind-float,0.14500182605595457,2.1422576055461563e-10
glaum,1000,GB4 0AC_00051 0 offwind-float,0.1450107503333985,2.1335077035297778e-10
glaum,1000,GB4 0AC_00053 0 offwind-float,0.14489019077133836,2.0177711379671556e-10
glaum,1000,GB4 0AC_00054 0 offwind-float,0.14465761594039717,2.178140808971006e-10
glaum,1000,GB4 0AC_00055 0 offwind-float,0.14634927194711134,2.2509091128623976e-10
glaum,1000,GB4 0AC_00056 0 offwind-float,0.1476698096188872,2.127942804826838e-10
glaum,1000,GB4 0AC_00057 0 offwind-float,0.14575456631638994,2.0933295492393989e-10
glaum,1000,GB4 0AC_00058 0 offwind-float,0.1455290443359789,2.1342375584774308e-10
glaum,1000,GB4 0AC_00059 0 offwind-float,0.1452448697497648,2.1074344664151602e-10
glaum,1000,GB4 0AC_00060 0 offwind-float,0.14611809693145894,2.1407006394862433e-10
glaum,1000,GB4 0AC_00061 0 offwind-float,0.1451419024447722,2.014044836087251e-10
glaum,1000,GB4 0AC_00062 0 offwind-float,0.1464748782444072,2.1322629564724545e-10
glaum,1000,GB4 0AC_00063 0 offwind-float,0.1449111435286332,2.1134447001743105e-10
glaum,1000,GB4 0AC_00064 0 offwind-float,0.14437840424829484,2.0834833518902743e-10
glaum,1000,GB4 0AC_00065 0 offwind-float,0.14434880079163614,2.0389654232778006e-10
glaum,1000,GB4 0AC_00066 0 offwind-float,0.14394140274193423,2.01105173295019e-10
glaum,1000,GB4 0AC_00067 0 offwind-float,0.14659667199435755,2.0641887522562168e-10
glaum,1000,GB4 0AC_00068 0 offwind-float,0.14755019085183219,2.155049507286389e-10
glaum,1000,GB4 0AC_00069 0 offwind-float,0.14661554166129986,2.119197642055661e-10
glaum,1000,GB4 0AC_00070 0 offwind-float,0.14515352664879644,1.959926872942352e-10
glaum,1000,GB4 0AC_00071 0 offwind-float,0.14526013922675285,2.0828666106214897e-10
glaum,1000,GB4 0AC_00072 0 offwind-float,0.14776054665210636,2.1501536254822372e-10
glaum,1000,GB4 0AC_00073 0 offwind-float,0.14740876506224454,2.0995445479360564e-10
glaum,1000,GB4 0AC_00074 0 offwind-float,0.14759347217494745,2.1046171010666213e-10
glaum,1000,GB4 0AC_00075 0 offwind-float,0.14637427251841117,2.0276012897450624e-10
glaum,1000,GB4 0AC_00076 0 offwind-float,0.14507018786283532,2.0437261814614292e-10
glaum,1000,GB4 0AC_00077 0 offwind-float,0.14542385319343742,1.9777219594502044e-10
glaum,1000,GB4 0AC_00078 0 offwind-float,0.1470803083245804,2.058255063308082e-10
glaum,1000,GB4 0AC_00079 0 offwind-float,0.14749302171189338,2.0998743954939552e-10
glaum,1000,GB4 0AC_00080 0 offwind-float,0.14547603063762538,1.9632035898174248e-10
glaum,1000,GB4 0AC_00081 0 offwind-float,0.14650085869378027,2.0652609562920135e-10
glaum,1000,GB4 0AC_00082 0 offwind-float,0.1458726202642998,1.9849671313335185e-10
glaum,1000,GB4 0AC_00083 0 offwind-float,0.14725670324525697,2.0180605635758115e-10
glaum,1000,GB4 0AC_00084 0 offwind-float,0.14679342325038858,2.056987330337975e-10
glaum,1000,GB4 0AC_00085 0 offwind-float,0.14678374810756134,2.0562779226241153e-10
glaum,1000,GB4 0AC_00086 0 offwind-float,0.14642832689372365,1.9969852792233994e-10
glaum,1000,GB4 0AC_00087 0 offwind-float,0.14607646367080085,2.0135307684909604e-10
glaum,1000,GB4 0AC_00088 0 offwind-float,0.1469641846412958,2.0333898281621456e-10
glaum,1000,GB4 0AC_00089 0 offwind-float,0.14116861560920668,1.854914093555796e-10
glaum,1000,NO0 0AC_00000 0 offwind-float,0.14443983552562834,1.7183604766187722e-10
glaum,1000,NO0 0AC_00001 0 offwind-float,0.14442493519815047,1.7336483333158946e-10
glaum,1000,NO0 0AC_00002 0 offwind-float,0.14083003515592118,1.6185653290590808e-10
glaum,1000,NO0 0AC_00006 0 offwind-float,0.1456011248629938,1.74714191976772e-10
glaum,1000,NO0 0AC_00007 0 offwind-float,0.14700049853910457,1.7322994872819747e-10
glaum,1000,NO0 0AC_00008 0 offwind-float,0.14077922396176146,1.6001771993220873e-10
glaum,1000,NO0 0AC_00009 0 offwind-float,0.14455645246121485,1.6891062587606842e-10
glaum,1000,NO0 0AC_00010 0 offwind-float,0.1417614300080754,1.6005548669147386e-10
glaum,1000,NO0 0AC_00012 0 offwind-float,0.13501506630492588,1.5172344127472763e-10
glaum,1000,NO0 0AC_00013 0 offwind-float,0.1413441469689093,1.6484194896578086e-10
glaum,1000,NO0 0AC_00016 0 offwind-float,0.14522201957901393,1.716046333937865e-10
glaum,1000,NO0 0AC_00018 0 offwind-float,0.14091989502376978,1.6359506413607165e-10
glaum,1000,NO0 0AC_00019 0 offwind-float,0.14396040174262537,1.6659510153095029e-10
glaum,1000,NO0 0AC_00020 0 offwind-float,0.14288593210631262,1.6278812050675733e-10
glaum,1000,NO0 0AC_00021 0 offwind-float,0.14287071962853892,1.6153569492293008e-10
glaum,1000,NO0 0AC_00022 0 offwind-float,0.13546272701120476,1.4377365708562335e-10
glaum,1000,NO0 0AC_00023 0 offwind-float,0.14085755503473307,1.5773579453064492e-10
glaum,1000,NO0 0AC_00025 0 offwind-float,0.14175256830832117,1.590093337814458e-10
glaum,1000,NO0 0AC_00026 0 offwind-float,0.14447657529791413,1.777087377829299e-10
glaum,1000,NO0 0AC_00027 0 offwind-float,0.14376192750050576,1.7446037062166441e-10
glaum,1000,NO0 0AC_00028 0 offwind-float,0.14020200746229472,1.5408009275542784e-10
glaum,1000,NO0 0AC_00029 0 offwind-float,0.14334425821943553,1.6167586229013697e-10
glaum,1000,NO0 0AC_00030 0 offwind-float,0.14591937679607114,1.7804784599565966e-10
glaum,1000,NO0 0AC_00031 0 offwind-float,0.14577478720768255,1.706634202683443e-10
glaum,1000,NO0 0AC_00032 0 offwind-float,0.14091407283782098,1.699666207983482e-10
glaum,1000,NO0 0AC_00033 0 offwind-float,0.14520517647700104,1.6991742880800538e-10
glaum,1000,NO0 0AC_00034 0 offwind-float,0.1442247936982347,1.6964297140317593e-10
glaum,1000,NO0 0AC_00035 0 offwind-float,0.14430731354534754,1.66434926136659e-10
glaum,1000,NO0 0AC_00036 0 offwind-float,0.1435799301081857,1.8067870648441817e-10
glaum,1000,NO0 0AC_00038 0 offwind-float,0.14120734407537916,1.6414025013129005e-10
glaum,1000,NO0 0AC_00040 0 offwind-float,0.13983968559612991,1.532283291870164e-10
glaum,1000,NO0 0AC_00041 0 offwind-float,0.14333443950394054,1.5506547941175386e-10
glaum,1000,NO0 0AC_00042 0 offwind-float,0.14387928193728727,1.6052452327414858e-10
glaum,1000,NO0 0AC_00043 0 offwind-float,0.14394399900565502,1.658794442115265e-10
glaum,1000,NO0 0AC_00044 0 offwind-float,0.13781254692799527,1.648830717621974e-10
glaum,1000,NO0 0AC_00046 0 offwind-float,0.14278498354258717,1.6988912422379486e-10
glaum,1000,NO0 0AC_00047 0 offwind-float,0.1423046781207239,1.7266586131915936e-10
glaum,1000,NO0 0AC_00049 0 offwind-float,0.1433013180836118,1.577256565527516e-10
glaum,1000,NO0 0AC_00050 0 offwind-float,0.14487385655007612,1.5965214735019616e-10
glaum,1000,NO0 0AC_00051 0 offwind-float,0.14360299875028226,1.7407473795673404e-10
glaum,1000,NO0 0AC_00052 0 offwind-float,0.14264542121782464,1.691525726415631e-10
glaum,1000,NO0 0AC_00054 0 offwind-float,0.1393454716122593,1.6863187859643786e-10
glaum,1000,NO0 0AC_00055 0 offwind-float,0.13572754507055884,1.4980981724360352e-10
glaum,1000,NO0 0AC_00056 0 offwind-float,0.14485061328088733,1.6777902695711893e-10
glaum,1000,NO0 0AC_00057 0 offwind-float,0.14515961462026006,1.6530783259619995e-10
glaum,1000,NO0 0AC_00058 0 offwind-float,0.14447744213899505,1.5537028916290506e-10
glaum,1000,NO0 0AC_00059 0 offwind-float,0.14508707896330286,1.726412353708484e-10
glaum,1000,NO0 0AC_00060 0 offwind-float,0.1435851306203496,1.609419606692388e-10
glaum,1000,NO0 0AC_00061 0 offwind-float,0.14464260029040932,1.5814038178139148e-10
glaum,1000,NO0 0AC_00062 0 offwind-float,0.14343566990220125,1.7647081315307875e-10
glaum,1000,NO0 0AC_00063 0 offwind-float,0.14059957854139338,1.7259877895401559e-10
glaum,1000,NO0 0AC_00064 0 offwind-float,0.14360826177056563,1.748758319395121e-10
glaum,1000,NO0 0AC_00066 0 offwind-float,0.1447028611479021,1.7663909628691537e-10
glaum,1000,NO0 0AC_00067 0 offwind-float,0.1434259503172094,1.7841864510042149e-10
glaum,1000,NO0 0AC_00068 0 offwind-float,0.1424814568222773,1.6280330634069711e-10
glaum,1000,NO0 0AC_00070 0 offwind-float,0.14436363896974447,1.5187246165285667e-10
glaum,1000,NO0 0AC_00071 0 offwind-float,0.13652861682972905,1.6160952421132374e-10
glaum,1000,NO0 0AC_00075 0 offwind-float,0.13719439704662484,1.612861855298848e-10
glaum,1000,NO0 0AC_00076 0 offwind-float,0.14543463606530171,1.751179679782209e-10
glaum,1000,NO0 0AC_00077 0 offwind-float,0.1433134110626456,1.576354508381466e-10
glaum,1000,NO0 0AC_00079 0 offwind-float,0.14414785159455135,1.6739936598883262e-10
glaum,1000,NO0 0AC_00081 0 offwind-float,0.14331530026002126,1.8060295244161444e-10
glaum,1000,NO0 0AC_00082 0 offwind-float,0.13395614818737955,1.6003580433572896e-10
glaum,1000,NO0 0AC_00087 0 offwind-float,0.14271944861854657,1.8324938582732148e-10
glaum,1000,NO0 0AC_00092 0 offwind-float,0.13954280008000264,1.627845712159272e-10
glaum,1000,DE2 0AC_00013 0 offwind-dc,0.09405588014642496,1999.9999999998001
glaum,1000,DE2 0AC_00016 0 offwind-dc,0.09456412854919882,5.123783550653543e-08
glaum,1000,DE2 0AC_00018 0 offwind-dc,0.09403318457405452,1999.9999999999752
glaum,1000,DE2 0AC_00023 0 offwind-dc,0.0940339881679173,1885.624560105786
glaum,1000,DE2 0AC_00024 0 offwind-dc,0.09404434884365487,1999.9999999993256
glaum,1000,DE2 0AC_00025 0 offwind-dc,0.09401069913647031,1999.9999999997274
glaum,1000,DE2 0AC_00029 0 offwind-dc,0.09403373352749278,1999.9999999999259
glaum,1000,DK2 0AC_00021 0 offwind-dc,0.11503070715918495,1.051135819513012e-09
glaum,1000,GB1 0AC_00034 0 offwind-dc,0.09402316376522446,2000.0000000003363
glaum,1000,GB1 0AC_00160 0 offwind-dc,0.0948957198932322,5.4681405435066726e-08
glaum,1000,GB1 0AC_00164 0 offwind-dc,0.09630198445721394,2.3582332847898654e-08
glaum,1000,GB1 0AC_00172 0 offwind-dc,0.09743231912299899,1.2726846687318517e-08
glaum,1000,GB1 0AC_00256 0 offwind-dc,0.10166473595983205,6.3714143369878296e-09
glaum,1000,GB1 0AC_00273 0 offwind-dc,0.09405619574471802,1999.999999999883
glaum,1000,NL2 0AC_00003 0 offwind-dc,0.0974923173447455,8.46538000791435e-09
glaum,1000,NL2 0AC_00009 0 offwind-dc,0.09807797158723397,7.899412890987804e-09
glaum,1000,NL2 0AC_00011 0 offwind-dc,0.09404635854578836,1999.9999999978559
glaum,1000,NL2 0AC_00012 0 offwind-dc,0.10121439059027304,3.9182880102126505e-09
glaum,1000,NL2 0AC_00018 0 offwind-dc,0.09936071462419926,6.3701133719931e-09
glaum,1000,NL2 0AC_00022 0 offwind-dc,0.09763385919829182,8.429507121337723e-09
glaum,1000,NL2 0AC_00023 0 offwind-dc,0.09662044533671632,1.1288741662003908e-08
glaum,1000,NL2 0AC_00024 0 offwind-dc,0.10224640373947358,4.0585809316822745e-09
glaum,1000,NL2 0AC_00025 0 offwind-dc,0.09999187253261621,5.6436765655722154e-09
glaum,1000,NL2 0AC_00030 0 offwind-dc,0.10137522341940652,5.066074477176832e-09
glaum,1000,NL2 0AC_00032 0 offwind-dc,0.10649182641657096,2.614692905626784e-09
glaum,1000,NL2 0AC_00034 0 offwind-dc,0.09613036761667326,1.3733290937488596e-08
glaum,1000,NL2 0AC_00035 0 offwind-dc,0.0984645085379432,8.066712303170644e-09
glaum,1000,NL2 0AC_00036 0 offwind-dc,0.10306484672047178,3.0571396035778634e-09
glaum,1000,NL2 0AC_00041 0 offwind-dc,0.09415337989785644,2.5451603194734053e-07
glaum,1000,NL2 0AC_00043 0 offwind-dc,0.10129914826923658,4.4894978496385415e-09
glaum,1000,NL2 0AC_00044 0 offwind-dc,0.10585129052413189,2.9144919313383055e-09
glaum,1000,NL2 0AC_00046 0 offwind-dc,0.10204456179759713,4.352949740305902e-09
glaum,1000,NL2 0AC_00047 0 offwind-dc,0.1009035618343398,5.177639790712011e-09
glaum,1000,NL2 0AC_00050 0 offwind-dc,0.10277407740930056,3.7039833761175914e-09
glaum,1000,NL2 0AC_00052 0 offwind-dc,0.09643509532467631,1.1850468711693615e-08
glaum,1000,NL2 0AC_00053 0 offwind-dc,0.0957992417523339,2.1272213092461152e-08
glaum,1000,NL2 0AC_00054 0 offwind-dc,0.10010887015985914,5.446838752605707e-09
glaum,1000,NL2 0AC_00055 0 offwind-dc,0.10314298267058253,3.82652737920796e-09
glaum,1000,NL2 0AC_00058 0 offwind-dc,0.10106847932647745,4.430602027893053e-09
glaum,1000,NL2 0AC_00061 0 offwind-dc,0.0974127856782443,8.344098942680007e-09
glaum,1000,NL2 0AC_00067 0 offwind-dc,0.09983067068253348,4.796079312051531e-09
new_more,1000,DE2 0AC_00039 0 offwind-ac,0.11148242203124159,10.673747904675444
new_more,1000,DE2 0AC_00044 0 offwind-ac,0.11149189879237065,6.527893577057119
new_more,1000,DE2 0AC_00047 0 offwind-ac,0.11148354929914128,8.150099712154141
new_more,1000,DE2 0AC_00048 0 offwind-ac,0.11149877329474989,0.0013661728376638366
new_more,1000,DE2 0AC_00050 0 offwind-ac,0.11144776173520787,0.00019562767630944242
new_more,1000,DK2 0AC_00049 0 offwind-ac,0.11148546354873823,1.954610056205378e-05
new_more,1000,DK2 0AC_00074 0 offwind-ac,0.11151869415406479,8.073231966738769
new_more,1000,GB1 0AC_00000 0 offwind-ac,0.11173008760980829,7.68119256812269e-06
new_more,1000,GB1 0AC_00001 0 offwind-ac,0.11154203425550313,6.112838238157912e-06
new_more,1000,GB1 0AC_00061 0 offwind-ac,0.11148673023643196,15.583280649792789
new_more,1000,GB1 0AC_00174 0 offwind-ac,0.11151189209681,3.190471786365149
new_more,1000,GB1 0AC_00223 0 offwind-ac,0.11145835405530946,23.47207778053387
new_more,1000,GB1 0AC_00241 0 offwind-ac,0.1114813683193897,6.716405112608639
new_more,1000,NL2 0AC_00037 0 offwind-ac,0.11150781711306934,7.423959763414552e-06
new_more,1000,NL2 0AC_00059 0 offwind-ac,0.11145922534531649,7.566373259943145
new_more,1000,NO0 0AC_00224 0 offwind-ac,0.11150797191475159,5.762616304561978e-06
new_more,1000,DE2 0AC_00040 0 offwind-float,0.11146956647924822,3.639880111245257e-06
new_more,1000,DE2 0AC_00042 0 offwind-float,0.11150421223060891,3.2557653368514535e-06
new_more,1000,GB1 0AC_00006 0 offwind-float,0.11157809817570719,2.766985207326214e-06
new_more,1000,GB1 0AC_00062 0 offwind-float,0.11146120871873011,2.398309974499049e-06
new_more,1000,NL2 0AC_00027 0 offwind-float,0.11152607755558797,3.604592123869119e-06
new_more,1000,NL2 0AC_00060 0 offwind-float,0.1114899108132873,2.072635688437116e-06
new_more,1000,NL2 0AC_00064 0 offwind-float,0.11146986809336457,3.905377429795893e-06
new_more,1000,NL2 0AC_00077 0 offwind-float,0.11152691964515604,3.0134443098188953e-06
new_more,1000,NL2 0AC_00079 0 offwind-float,0.11150555350445246,2.3317664436761836e-06
new_more,1000,NO0 0AC_00152 0 offwind-float,0.11191193389277432,6.937255319286424e-07
new_more,1000,DE2 0AC_00034 0 offwind-dc,0.11147023799399836,3.9643347352814
new_more,1000,DK2 0AC_00035 0 offwind-dc,0.11145866023079953,5.021380032127144e-05
new_more,1000,DK2 0AC_00056 0 offwind-dc,0.11145909539093146,21.226266478691112
new_more,1000,GB1 0AC_00199 0 offwind-dc,0.11148135256435443,5.972090389676728
new_more,1000,GB1 0AC_00222 0 offwind-dc,0.11147103044966167,4.691813473944864
new_more,1000,GB1 0AC_00231 0 offwind-dc,0.11147082080686488,5.352389249091722
new_more,1000,GB1 0AC_00234 0 offwind-dc,0.11145890972330197,15.038096599441566
new_more,1000,GB1 0AC_00244 0 offwind-dc,0.11148076726595435,7.632775828809487
new_more,1000,GB1 0AC_00247 0 offwind-dc,0.11148079187293058,27.612197879619547
new_more,1000,GB1 0AC_00251 0 offwind-dc,0.11151525427053366,2.8964163115212886
new_more,1000,GB1 0AC_00257 0 offwind-dc,0.11147069295797529,8.345816367223721
new_more,1000,GB1 0AC_00267 0 offwind-dc,0.11146966735242936,7.632041961345897
new_more,1000,GB1 0AC_00272 0 offwind-dc,0.11148172788610533,6.613542180451123
new_more,1000,NL2 0AC_00008 0 offwind-dc,0.11149348013573723,10.262579867479742
new_more,1000,BE2 0AC_00001 0 offwind-ac,0.11295618963725096,34.48721832717429
new_more,1000,DE2 0AC_00041 0 offwind-ac,0.14318976904287473,116.89464391429317
new_more,1000,DE2 0AC_00046 0 offwind-ac,0.14898522923854396,228.33069438005066
new_more,1000,DE2 0AC_00053 0 offwind-ac,0.14149727030819115,104.31496665587329
new_more,1000,DK2 0AC_00052 0 offwind-ac,0.14846190565688377,252.6695542301513
new_more,1000,DK2 0AC_00059 0 offwind-ac,0.11146019102542193,31.369681530900454
new_more,1000,DK2 0AC_00060 0 offwind-ac,0.13462569142112824,2.6644555213325887e-05
new_more,1000,DK2 0AC_00061 0 offwind-ac,0.11147063593878659,28.182440326183862
new_more,1000,DK2 0AC_00062 0 offwind-ac,0.1374670523366962,72.01894268792375
new_more,1000,DK2 0AC_00067 0 offwind-ac,0.13249628235100452,2.951321090381657e-05
new_more,1000,DK2 0AC_00072 0 offwind-ac,0.13007767404210502,7.353691093713109e-05
new_more,1000,GB1 0AC_00018 0 offwind-ac,0.12964867297597593,0.00010205966697400716
new_more,1000,GB1 0AC_00031 0 offwind-ac,0.15164915966165882,422.72216873655475
new_more,1000,GB1 0AC_00032 0 offwind-ac,0.15035495531697585,280.6459045963163
new_more,1000,GB1 0AC_00035 0 offwind-ac,0.15045674645758778,340.1646114168602
new_more,1000,GB1 0AC_00041 0 offwind-ac,0.13227319669688264,6.132608703892635e-05
new_more,1000,GB1 0AC_00060 0 offwind-ac,0.13021952808171988,8.848909839211471e-05
new_more,1000,GB1 0AC_00075 0 offwind-ac,0.14929957037552666,168.50271872141792
new_more,1000,GB1 0AC_00085 0 offwind-ac,0.1481974547982613,177.48208607609047
new_more,1000,GB1 0AC_00107 0 offwind-ac,0.15179508539342734,676.9242404767543
new_more,1000,GB1 0AC_00108 0 offwind-ac,0.14725701708215433,191.30604555139354
new_more,1000,GB1 0AC_00116 0 offwind-ac,0.15089312508157748,385.2097558630266
new_more,1000,GB1 0AC_00127 0 offwind-ac,0.1275574307993661,3.9277234602009636e-05
new_more,1000,GB1 0AC_00129 0 offwind-ac,0.134650245914942,3.101547699059679e-05
new_more,1000,GB1 0AC_00132 0 offwind-ac,0.14864637454773555,230.53698765184137
new_more,1000,GB1 0AC_00135 0 offwind-ac,0.151554896870701,304.295196626886
new_more,1000,GB1 0AC_00155 0 offwind-ac,0.15160845169901294,545.2453100836188
new_more,1000,GB1 0AC_00156 0 offwind-ac,0.14797737488936724,194.93304800960763
new_more,1000,GB1 0AC_00165 0 offwind-ac,0.1511649332666779,375.4623471015627
new_more,1000,GB1 0AC_00169 0 offwind-ac,0.1483100007026853,115.2143105475046
new_more,1000,GB1 0AC_00180 0 offwind-ac,0.11148749270705038,27.95921136696703
new_more,1000,GB1 0AC_00181 0 offwind-ac,0.1515824645692153,491.54269299373567
new_more,1000,GB1 0AC_00195 0 offwind-ac,0.14936396520931694,334.07474537537394
new_more,1000,GB1 0AC_00204 0 offwind-ac,0.14652701995485828,131.99670742017594
new_more,1000,GB1 0AC_00206 0 offwind-ac,0.1455628227178013,129.32753726665513
new_more,1000,GB1 0AC_00216 0 offwind-ac,0.14994135476356163,328.98046345510886
new_more,1000,GB1 0AC_00225 0 offwind-ac,0.14507444075656806,146.52151355199877
new_more,1000,GB4 0AC_00026 0 offwind-ac,0.15158394965201893,114.96276385107822
new_more,1000,NL2 0AC_00002 0 offwind-ac,0.1514802298336746,416.8271449411967
new_more,1000,NL2 0AC_00015 0 offwind-ac,0.15065635582560866,425.0655074635215
new_more,1000,NL2 0AC_00029 0 offwind-ac,0.15074015061094959,389.87861250852353
new_more,1000,NL2 0AC_00033 0 offwind-ac,0.15091999485590035,454.3957824208226
new_more,1000,NL2 0AC_00038 0 offwind-ac,0.148478720840569,209.59033783321811
new_more,1000,NL2 0AC_00048 0 offwind-ac,0.14892614237903934,131.65751767323567
new_more,1000,NL2 0AC_00062 0 offwind-ac,0.1474488821932003,197.07452672130535
new_more,1000,NL2 0AC_00078 0 offwind-ac,0.13580299906789084,1.3873196075290455
new_more,1000,NL2 0AC_00080 0 offwind-ac,0.14238948395729956,76.34046393357721
new_more,1000,NL2 0AC_00083 0 offwind-ac,0.1439162614222541,129.802742163699
new_more,1000,NO0 0AC_00120 0 offwind-ac,0.13025191270552772,5.92462168200061e-06
new_more,1000,NO0 0AC_00146 0 offwind-ac,0.13294583457215614,1.0967397882373772e-05
new_more,1000,NO0 0AC_00162 0 offwind-ac,0.1340345204166008,2.5755307202687954e-05
new_more,1000,NO0 0AC_00168 0 offwind-ac,0.12562104587216272,9.74032528571682e-05
new_more,1000,NO0 0AC_00179 0 offwind-ac,0.1351346216073417,1.5527293447678136e-05
new_more,1000,NO0 0AC_00183 0 offwind-ac,0.1348651401872797,8.153142276093255e-06
new_more,1000,NO0 0AC_00208 0 offwind-ac,0.13460641094166947,1.8805183593401177e-05
new_more,1000,NO0 0AC_00209 0 offwind-ac,0.13573926511007317,7.2842120228952624e-06
new_more,1000,NO0 0AC_00235 0 offwind-ac,0.13456374800296356,1.4282135262782105e-05
new_more,1000,NO0 0AC_00246 0 offwind-ac,0.1347836136136843,1.6394879967219605e-05
new_more,1000,DK2 0AC_00023 0 offwind-float,0.13514087262625207,1.0863542323269244e-05
new_more,1000,DK2 0AC_00058 0 offwind-float,0.13466458227587408,1.0928333172754548e-05
new_more,1000,DK2 0AC_00064 0 offwind-float,0.1346900715173116,1.0968205495430646e-05
new_more,1000,DK2 0AC_00069 0 offwind-float,0.13253769978233043,9.659159636498777e-06
new_more,1000,DK2 0AC_00070 0 offwind-float,0.133981874928096,9.782198661368818e-06
new_more,1000,GB1 0AC_00023 0 offwind-float,0.13468313676713828,9.152756405450899e-06
new_more,1000,GB1 0AC_00039 0 offwind-float,0.13433207952777348,1.004742544786021e-05
new_more,1000,GB1 0AC_00047 0 offwind-float,0.13451432418433706,9.60442504712097e-06
new_more,1000,GB1 0AC_00072 0 offwind-float,0.13489796811652977,8.656026498654717e-06
new_more,1000,GB1 0AC_00092 0 offwind-float,0.13475427484242386,9.23033852773259e-06
new_more,1000,GB4 0AC_00018 0 offwind-float,0.13380473304465024,7.798621630509682e-06
new_more,1000,NO0 0AC_00069 0 offwind-float,0.13486384663682371,6.719262503537656e-06
new_more,1000,NO0 0AC_00085 0 offwind-float,0.13459215006230385,7.217100864610371e-06
new_more,1000,NO0 0AC_00103 0 offwind-float,0.13437143118322203,6.000884179652677e-06
new_more,1000,NO0 0AC_00110 0 offwind-float,0.13463410181490088,7.800598279756335e-06
new_more,1000,NO0 0AC_00111 0 offwind-float,0.1326184903249089,6.222825626615578e-06
new_more,1000,NO0 0AC_00113 0 offwind-float,0.13461077444734504,7.593005085034673e-06
new_more,1000,NO0 0AC_00114 0 offwind-float,0.1338439845954753,6.664504259314892e-06
new_more,1000,NO0 0AC_00116 0 offwind-float,0.13449481609044867,9.215625524374471e-06
new_more,1000,NO0 0AC_00119 0 offwind-float,0.13493225660274755,3.52530810042667e-06
new_more,1000,NO0 0AC_00121 0 offwind-float,0.13337328419658323,3.0382477964525842e-06
new_more,1000,NO0 0AC_00123 0 offwind-float,0.13489444133157757,4.096955032958868e-06
new_more,1000,NO0 0AC_00125 0 offwind-float,0.1346523166548681,5.94577502516334e-06
new_more,1000,NO0 0AC_00131 0 offwind-float,0.1348566049927351,1.0154019003417453e-05
new_more,1000,NO0 0AC_00135 0 offwind-float,0.13453853714895903,9.823718889311089e-06
new_more,1000,NO0 0AC_00136 0 offwind-float,0.13448638161935944,8.03194592646225e-06
new_more,1000,NO0 0AC_00140 0 offwind-float,0.13463346075640026,2.770587746562321e-06
new_more,1000,NO0 0AC_00144 0 offwind-float,0.1341700202247792,2.7138006559229217e-06
new_more,1000,NO0 0AC_00149 0 offwind-float,0.13698860278579816,1.3841524972213782e-06
new_more,1000,NO0 0AC_00150 0 offwind-float,0.13360823453314796,1.5977867194402132e-06
new_more,1000,NO0 0AC_00151 0 offwind-float,0.1325787549437385,1.6735914873578368e-06
new_more,1000,NO0 0AC_00154 0 offwind-float,0.133780265406224,1.7475287200140413e-06
new_more,1000,NO0 0AC_00156 0 offwind-float,0.13467058434753099,9.001502293194743e-06
new_more,1000,NO0 0AC_00157 0 offwind-float,0.1345384381855852,1.039128054642676e-05
new_more,1000,NO0 0AC_00158 0 offwind-float,0.13478258561826506,9.694283921467461e-06
new_more,1000,NO0 0AC_00163 0 offwind-float,0.13556600342788094,3.880744888043361e-06
new_more,1000,NO0 0AC_00166 0 offwind-float,0.13458076991367762,1.0614334632105275e-05
new_more,1000,NO0 0AC_00167 0 offwind-float,0.13250628029357647,7.828497990374256e-06
new_more,1000,NO0 0AC_00169 0 offwind-float,0.13500108920046672,3.893815950086235e-06
new_more,1000,NO0 0AC_00172 0 offwind-float,0.13502145398205279,1.8758983304557912e-06
new_more,1000,NO0 0AC_00174 0 offwind-float,0.13557284388823754,2.746204424265008e-06
new_more,1000,NO0 0AC_00176 0 offwind-float,0.13388944896488608,1.256998510405623e-06
new_more,1000,NO0 0AC_00177 0 offwind-float,0.135009096031806,1.9840143205407596e-06
new_more,1000,NO0 0AC_00185 0 offwind-float,0.13517308394545646,1.0449779585273424e-05
new_more,1000,NO0 0AC_00186 0 offwind-float,0.13449802974500846,8.705228327254722e-06
new_more,1000,NO0 0AC_00187 0 offwind-float,0.13393762401894072,8.391860239076925e-06
new_more,1000,NO0 0AC_00188 0 offwind-float,0.1349471585835318,9.41729053104999e-06
new_more,1000,NO0 0AC_00189 0 offwind-float,0.1348161349716812,7.646648615270024e-06
new_more,1000,NO0 0AC_00190 0 offwind-float,0.1329611957464738,3.1440624127225688e-06
new_more,1000,NO0 0AC_00197 0 offwind-float,0.13799138811750866,9.8609603855198e-07
new_more,1000,NO0 0AC_00201 0 offwind-float,0.13347791607845083,8.608965130321727e-06
new_more,1000,NO0 0AC_00203 0 offwind-float,0.13489495138439866,8.58328743964756e-06
new_more,1000,NO0 0AC_00206 0 offwind-float,0.13456289231363128,9.829557272982741e-06
new_more,1000,NO0 0AC_00212 0 offwind-float,0.13508744082769764,9.932123261583245e-06
new_more,1000,NO0 0AC_00214 0 offwind-float,0.1351898509186037,8.697239040966864e-06
new_more,1000,NO0 0AC_00216 0 offwind-float,0.1345078049358388,9.953466397102462e-06
new_more,1000,NO0 0AC_00220 0 offwind-float,0.13436540342068326,1.0538956636029317e-05
new_more,1000,NO0 0AC_00223 0 offwind-float,0.13481310010018166,8.066666815055448e-06
new_more,1000,NO0 0AC_00225 0 offwind-float,0.13415577001173884,1.0304343637784967e-05
new_more,1000,NO0 0AC_00228 0 offwind-float,0.13438729296739105,1.027175817966298e-05
new_more,1000,NO0 0AC_00229 0 offwind-float,0.13498892234211946,7.330742942694155e-06
new_more,1000,NO0 0AC_00230 0 offwind-float,0.1347205989305451,9.190851415155733e-06
new_more,1000,NO0 0AC_00232 0 offwind-float,0.13522339734870015,7.5654542248174476e-06
new_more,1000,NO0 0AC_00233 0 offwind-float,0.13528765655160357,8.73826328543346e-06
new_more,1000,NO0 0AC_00236 0 offwind-float,0.13509795265571822,7.705785512875862e-06
new_more,1000,NO0 0AC_00241 0 offwind-float,0.13446061063424541,7.4986247135408295e-06
new_more,1000,NO0 0AC_00242 0 offwind-float,0.13445223453838817,8.037644907877788e-06
new_more,1000,BE2 0AC_00000 0 offwind-dc,0.11148100092532365,30.442655829484785
new_more,1000,DE2 0AC_00001 0 offwind-dc,0.13471069337753983,73.91753632463737
new_more,1000,DE2 0AC_00004 0 offwind-dc,0.15159337233675096,588.7897498551214
new_more,1000,DE2 0AC_00005 0 offwind-dc,0.1508790328384907,415.75668380040065
new_more,1000,DE2 0AC_00021 0 offwind-dc,0.15177196801116655,553.6244872069002
new_more,1000,DE2 0AC_00022 0 offwind-dc,0.11149271418735762,36.09791200353404
new_more,1000,DE2 0AC_00026 0 offwind-dc,0.11151595074956966,26.092879024402947
new_more,1000,DE2 0AC_00028 0 offwind-dc,0.15027045284166696,407.9560288369541
new_more,1000,DE2 0AC_00031 0 offwind-dc,0.14653013771882728,165.19648220507406
new_more,1000,DE2 0AC_00033 0 offwind-dc,0.15079677411249093,439.54788307120253
new_more,1000,DE2 0AC_00035 0 offwind-dc,0.13863143879517448,78.13179537785183
new_more,1000,DE2 0AC_00037 0 offwind-dc,0.11149350390015456,29.43819742678342
new_more,1000,DE2 0AC_00038 0 offwind-dc,0.1513785860194985,559.5688423302907
new_more,1000,DE2 0AC_00045 0 offwind-dc,0.11148344043528335,29.558237721389816
new_more,1000,DK2 0AC_00016 0 offwind-dc,0.12429988896308186,9.825883376832023e-05
new_more,1000,DK2 0AC_00017 0 offwind-dc,0.12826993662678288,8.609744256617721e-05
new_more,1000,DK2 0AC_00030 0 offwind-dc,0.12631977295735908,9.745528685466693e-05
new_more,1000,DK2 0AC_00036 0 offwind-dc,0.12345654729552435,0.0001390061158458002
new_more,1000,DK2 0AC_00041 0 offwind-dc,0.11144785467950935,34.04589859529105
new_more,1000,DK2 0AC_00042 0 offwind-dc,0.1277891117092288,8.884715381871761e-05
new_more,1000,DK2 0AC_00047 0 offwind-dc,0.12040689994301568,0.0002237878463067122
new_more,1000,DK2 0AC_00048 0 offwind-dc,0.11147990222316029,34.78397706882075
new_more,1000,DK2 0AC_00054 0 offwind-dc,0.11151254972861802,32.79976706820911
new_more,1000,DK2 0AC_00073 0 offwind-dc,0.13961133347169674,70.78018135199115
new_more,1000,FR2 0AC_00000 0 offwind-dc,0.14610178319099043,150.5527179075541
new_more,1000,FR2 0AC_00001 0 offwind-dc,0.11149376672007938,17.447282118191023
new_more,1000,GB1 0AC_00147 0 offwind-dc,0.11145959165362318,35.992091147314675
new_more,1000,GB1 0AC_00207 0 offwind-dc,0.11150413525355751,28.2743562726408
new_more,1000,GB1 0AC_00210 0 offwind-dc,0.1115058561778417,28.789128939734372
new_more,1000,GB1 0AC_00221 0 offwind-dc,0.11147093273586595,26.093618955802555
new_more,1000,GB1 0AC_00226 0 offwind-dc,0.15031318385502612,423.5554564226962
new_more,1000,GB1 0AC_00228 0 offwind-dc,0.14852703389302357,220.25295613363448
new_more,1000,GB1 0AC_00230 0 offwind-dc,0.1517423005413373,621.9910159205597
new_more,1000,GB1 0AC_00236 0 offwind-dc,0.11148257489861091,25.947246432328658
new_more,1000,GB1 0AC_00239 0 offwind-dc,0.13997827794305673,83.89051066428064
new_more,1000,GB1 0AC_00246 0 offwind-dc,0.11147085920785704,23.942033627084356
new_more,1000,GB1 0AC_00248 0 offwind-dc,0.13999773358408918,83.49806813317079
new_more,1000,GB1 0AC_00249 0 offwind-dc,0.15024303278044904,328.78616880083894
new_more,1000,GB1 0AC_00255 0 offwind-dc,0.14672188109693873,156.44227855244984
new_more,1000,GB1 0AC_00259 0 offwind-dc,0.15030716756261853,423.0002927693849
new_more,1000,GB1 0AC_00260 0 offwind-dc,0.14626081286173576,160.92652523978148
new_more,1000,GB1 0AC_00264 0 offwind-dc,0.14976344725419966,377.8758744113117
new_more,1000,GB4 0AC_00002 0 offwind-dc,0.11148877540059099,0.22911206212334867
new_more,1000,NL2 0AC_00001 0 offwind-dc,0.1385353743438711,60.059411438658174
new_more,1000,NL2 0AC_00005 0 offwind-dc,0.15059243113545417,339.48229785952753
new_more,1000,NL2 0AC_00006 0 offwind-dc,0.15183374737148025,501.62399964262767
new_more,1000,NL2 0AC_00007 0 offwind-dc,0.11150518112017405,31.024386932812106
new_more,1000,NL2 0AC_00010 0 offwind-dc,0.1489696708415441,259.6113339241569
new_more,1000,NL2 0AC_00013 0 offwind-dc,0.1433147662582951,131.82295655309582
new_more,1000,NL2 0AC_00016 0 offwind-dc,0.144269870667336,128.3436781310069
new_more,1000,NL2 0AC_00026 0 offwind-dc,0.11149289550881769,28.540785171880433
new_more,1000,NL2 0AC_00028 0 offwind-dc,0.15085344895789865,509.9785062001304
new_more,1000,NL2 0AC_00063 0 offwind-dc,0.11148146835922501,29.39100566908243
new_more,1000,NL2 0AC_00084 0 offwind-dc,0.11150637525919105,30.267940749606918
new_more,1000,DK2 0AC_00053 0 offwind-ac,0.15547379109758896,998.2536857834601
new_more,1000,DK2 0AC_00057 0 offwind-ac,0.15182200857970085,676.636233177148
new_more,1000,DK2 0AC_00065 0 offwind-ac,0.15518741177183504,805.3538190595539
new_more,1000,GB1 0AC_00008 0 offwind-ac,0.13947687661129016,0.0001184441067029965
new_more,1000,GB1 0AC_00012 0 offwind-ac,0.13895410635943117,0.00014446765907169616
new_more,1000,GB1 0AC_00013 0 offwind-ac,0.15553839207835785,579.4933067570712
new_more,1000,GB1 0AC_00021 0 offwind-ac,0.13750317804053902,0.00014905199847158634
new_more,1000,GB1 0AC_00028 0 offwind-ac,0.15578713579991743,997.0669336017477
new_more,1000,GB1 0AC_00029 0 offwind-ac,0.15428253771196,756.54267995113
new_more,1000,GB1 0AC_00126 0 offwind-ac,0.15584845665976732,1050.0945826729626
new_more,1000,GB1 0AC_00173 0 offwind-ac,0.15516547137530834,774.2949191070012
new_more,1000,GB4 0AC_00028 0 offwind-ac,0.15598420771244392,100.85587410696658
new_more,1000,NL2 0AC_00039 0 offwind-ac,0.15228938601652153,641.3072057847107
new_more,1000,NL2 0AC_00042 0 offwind-ac,0.153478910762765,761.6758655134946
new_more,1000,NL2 0AC_00049 0 offwind-ac,0.15185917440814511,699.2339442551906
new_more,1000,NL2 0AC_00056 0 offwind-ac,0.1552586935897755,905.0053576454052
new_more,1000,NO0 0AC_00126 0 offwind-ac,0.14280807704595377,2.3701454928863517e-05
new_more,1000,DK2 0AC_00043 0 offwind-float,0.14484493873842774,1.5945452986670554e-05
new_more,1000,DK2 0AC_00076 0 offwind-float,0.1443771477415824,1.5475231279004388e-05
new_more,1000,GB1 0AC_00015 0 offwind-float,0.14338657904725316,1.7550453546542594e-05
new_more,1000,GB1 0AC_00036 0 offwind-float,0.14411474205487695,1.7626418423540645e-05
new_more,1000,GB1 0AC_00040 0 offwind-float,0.14412685542453174,1.564013656528462e-05
new_more,1000,GB1 0AC_00054 0 offwind-float,0.1439450204742604,1.3254701646896736e-05
new_more,1000,GB1 0AC_00059 0 offwind-float,0.14436195115728256,1.4977059623255911e-05
new_more,1000,GB1 0AC_00082 0 offwind-float,0.14388155500861155,1.4344088903505282e-05
new_more,1000,GB1 0AC_00098 0 offwind-float,0.14436901607124542,1.5235155663322451e-05
new_more,1000,GB1 0AC_00119 0 offwind-float,0.14300419361730987,1.4238233589304527e-05
new_more,1000,GB4 0AC_00000 0 offwind-float,0.1401558944893383,1.0534453047150559e-05
new_more,1000,GB4 0AC_00005 0 offwind-float,0.1441791209648733,1.3907846703183875e-05
new_more,1000,GB4 0AC_00032 0 offwind-float,0.14415082525776313,1.6312351724701748e-05
new_more,1000,GB4 0AC_00037 0 offwind-float,0.14450486634748583,1.6568872874307073e-05
new_more,1000,GB4 0AC_00052 0 offwind-float,0.14394222607827556,1.5954314108169823e-05
new_more,1000,NO0 0AC_00096 0 offwind-float,0.14420562527968317,1.4754642146436117e-05
new_more,1000,NO0 0AC_00097 0 offwind-float,0.14480059426905767,1.4667808104899004e-05
new_more,1000,NO0 0AC_00101 0 offwind-float,0.14420339910350843,1.1580342036915424e-05
new_more,1000,NO0 0AC_00102 0 offwind-float,0.14460613792067822,1.0846290125463856e-05
new_more,1000,NO0 0AC_00115 0 offwind-float,0.14455781897291786,1.5843613466275067e-05
new_more,1000,NO0 0AC_00117 0 offwind-float,0.1436566589498166,1.4359451565381397e-05
new_more,1000,NO0 0AC_00133 0 offwind-float,0.14424872259232968,1.546117031643585e-05
new_more,1000,NO0 0AC_00134 0 offwind-float,0.14386738074901928,1.582793712662418e-05
new_more,1000,NO0 0AC_00138 0 offwind-float,0.14465879905757195,1.0619338164609882e-05
new_more,1000,NO0 0AC_00139 0 offwind-float,0.1440496920405544,9.818185222463896e-06
new_more,1000,NO0 0AC_00141 0 offwind-float,0.1437186408427994,8.599761409646897e-06
new_more,1000,NO0 0AC_00143 0 offwind-float,0.14418530703379262,3.812377453668004e-06
new_more,1000,NO0 0AC_00155 0 offwind-float,0.1441989115706841,1.6367119489907292e-05
new_more,1000,NO0 0AC_00178 0 offwind-float,0.14436308138879528,1.5953078067215156e-05
new_more,1000,NO0 0AC_00182 0 offwind-float,0.14176250384932731,1.4045404977065309e-05
new_more,1000,NO0 0AC_00191 0 offwind-float,0.14225531007440917,1.4589152126695334e-05
new_more,1000,NO0 0AC_00198 0 offwind-float,0.14416963129271798,1.6981214835973344e-05
new_more,1000,NO0 0AC_00199 0 offwind-float,0.14360119130085225,1.694746474374401e-05
new_more,1000,NO0 0AC_00200 0 offwind-float,0.1444761311368592,1.685726962666518e-05
new_more,1000,NO0 0AC_00204 0 offwind-float,0.14432510141765031,1.6907496521092625e-05
new_more,1000,NO0 0AC_00221 0 offwind-float,0.14404511723144775,1.579356803138208e-05
new_more,1000,NO0 0AC_00234 0 offwind-float,0.14462673785283187,1.3623313006606135e-05
new_more,1000,NO0 0AC_00238 0 offwind-float,0.14463866858601504,1.3746332092713552e-05
new_more,1000,NO0 0AC_00239 0 offwind-float,0.14450000615092518,1.2430624443430123e-05
new_more,1000,NO0 0AC_00240 0 offwind-float,0.14454653133256634,1.3782272569117187e-05
new_more,1000,BE2 0AC_00002 0 offwind-dc,0.11146982438718567,30.863398810313008
new_more,1000,DE2 0AC_00002 0 offwind-dc,0.15182110128473836,486.0862907410944
new_more,1000,DE2 0AC_00009 0 offwind-dc,0.15182145804071068,535.9757305361045
new_more,1000,DE2 0AC_00010 0 offwind-dc,0.15635182463837594,951.4134834577403
new_more,1000,DE2 0AC_00011 0 offwind-dc,0.1548842348406697,877.403610419495
new_more,1000,DE2 0AC_00014 0 offwind-dc,0.15183083170328016,704.4443273406541
new_more,1000,DE2 0AC_00015 0 offwind-dc,0.15473707716638008,987.2396740280923
new_more,1000,DE2 0AC_00020 0 offwind-dc,0.15184203422699305,775.2424831822084
new_more,1000,DE2 0AC_00030 0 offwind-dc,0.1536846435272704,958.2569893477894
new_more,1000,DE2 0AC_00036 0 offwind-dc,0.15181085088717894,797.390120004246
new_more,1000,DE2 0AC_00043 0 offwind-dc,0.15187399706734928,712.8357332927413
new_more,1000,DK2 0AC_00007 0 offwind-dc,0.1344168714808851,0.00014550058874103865
new_more,1000,DK2 0AC_00011 0 offwind-dc,0.13776357289263674,0.00010791208605390328
new_more,1000,DK2 0AC_00025 0 offwind-dc,0.13526647080725884,0.00013049179049197032
new_more,1000,DK2 0AC_00031 0 offwind-dc,0.13219470757749452,0.00016701369600545442
new_more,1000,DK2 0AC_00038 0 offwind-dc,0.11150167570600178,30.94459633753827
new_more,1000,DK2 0AC_00039 0 offwind-dc,0.12802246997801026,0.00020844262741696916
new_more,1000,DK2 0AC_00045 0 offwind-dc,0.13352212322797108,0.00015293444440987747
new_more,1000,DK2 0AC_00050 0 offwind-dc,0.1552152993803929,1057.4820626272913
new_more,1000,GB1 0AC_00014 0 offwind-dc,0.156479204515656,1084.6557661205175
new_more,1000,GB1 0AC_00042 0 offwind-dc,0.15641082993626898,1236.9243375803003
new_more,1000,GB1 0AC_00139 0 offwind-dc,0.11151599599139173,25.984872015567152
new_more,1000,GB1 0AC_00184 0 offwind-dc,0.1518334121054733,666.803789300915
new_more,1000,GB1 0AC_00196 0 offwind-dc,0.11151434492093848,30.369709802643786
new_more,1000,GB1 0AC_00202 0 offwind-dc,0.11152921931313176,26.69370620723074
new_more,1000,GB1 0AC_00209 0 offwind-dc,0.11144858033607741,28.725470526078524
new_more,1000,GB1 0AC_00217 0 offwind-dc,0.15444770654913365,921.4261074245347
new_more,1000,GB1 0AC_00218 0 offwind-dc,0.11146024839216528,27.20943742813853
new_more,1000,GB1 0AC_00240 0 offwind-dc,0.11151508024274503,27.545212004738083
new_more,1000,GB1 0AC_00254 0 offwind-dc,0.11150500998354684,23.31794674147471
new_more,1000,GB1 0AC_00261 0 offwind-dc,0.1517991153851883,492.1939463107862
new_more,1000,GB1 0AC_00265 0 offwind-dc,0.15657083868895916,1057.4057671029418
new_more,1000,GB1 0AC_00271 0 offwind-dc,0.15558223757247158,1093.0613208833022
new_more,1000,GB4 0AC_00008 0 offwind-dc,0.13804522217072657,0.0001028121266490041
new_more,1000,NL2 0AC_00014 0 offwind-dc,0.152497562671829,708.0720255977809
new_more,1000,NL2 0AC_00021 0 offwind-dc,0.15416863897860278,943.3712266931718
new_more,1000,NL2 0AC_00045 0 offwind-dc,0.11148230603037568,34.859720262572104
new_more,1000,NL2 0AC_00065 0 offwind-dc,0.11147065739238438,32.74186705208127
new_more,1000,NL2 0AC_00066 0 offwind-dc,0.11148153649702752,27.683671430399563
new_more,1000,NL2 0AC_00069 0 offwind-dc,0.11148351784743338,33.06580703201726
new_more,1000,NL2 0AC_00072 0 offwind-dc,0.1518530510135474,594.2012044079638
new_more,1000,NL2 0AC_00073 0 offwind-dc,0.11147029030789446,27.349087348685874
new_more,1000,NL2 0AC_00075 0 offwind-dc,0.11151950881415151,24.694103172822764
new_more,1000,NL2 0AC_00082 0 offwind-dc,0.15185323295348363,517.1497360247589
new_more,1000,NO0 0AC_00104 0 offwind-dc,0.11145970258556015,24.764927235177435
new_more,1000,NO0 0AC_00137 0 offwind-dc,0.1411289141401596,91.18934841240505
new_more,1000,NO0 0AC_00173 0 offwind-dc,0.1560557674157007,964.1813652647672
new_more,1000,BE2 0AC_00003 0 offwind-ac,0.15372512724795717,944.2067270388235
new_more,1000,DK2 0AC_00063 0 offwind-ac,0.11145889536673781,35.860404653929216
new_more,1000,DK2 0AC_00066 0 offwind-ac,0.1360469597925732,0.00017592344284005066
new_more,1000,GB1 0AC_00002 0 offwind-ac,0.15191150079152704,560.4213473081932
new_more,1000,GB1 0AC_00005 0 offwind-ac,0.15094894329594044,6.335092064076879e-05
new_more,1000,GB1 0AC_00010 0 offwind-ac,0.15968317014723954,1375.6199859997037
new_more,1000,GB1 0AC_00017 0 offwind-ac,0.14873245314679573,9.446737539894522e-05
new_more,1000,GB1 0AC_00019 0 offwind-ac,0.15093374729634135,6.135616379208543e-05
new_more,1000,GB1 0AC_00024 0 offwind-ac,0.15665550264787897,709.0518694270845
new_more,1000,GB1 0AC_00125 0 offwind-ac,0.15877030566024886,1083.5509619495476
new_more,1000,NO0 0AC_00243 0 offwind-ac,0.15230130683979615,2.714566605285985e-05
new_more,1000,DK2 0AC_00004 0 offwind-float,0.15132585619863226,1.8337496383543736e-05
new_more,1000,DK2 0AC_00075 0 offwind-float,0.15172847061819406,2.0774927606132956e-05
new_more,1000,GB1 0AC_00011 0 offwind-float,0.14983660838148916,1.8818655840836386e-05
new_more,1000,GB1 0AC_00016 0 offwind-float,0.15168054114600005,2.0769079237193396e-05
new_more,1000,GB1 0AC_00020 0 offwind-float,0.15037517274675383,2.3382394922336872e-05
new_more,1000,GB1 0AC_00022 0 offwind-float,0.15180479843514383,2.187748582377671e-05
new_more,1000,GB1 0AC_00025 0 offwind-float,0.15164049992777962,2.6016195529379874e-05
new_more,1000,GB1 0AC_00027 0 offwind-float,0.15119220154685253,2.2754113175585514e-05
new_more,1000,GB1 0AC_00037 0 offwind-float,0.15116037311265096,2.7468264998762045e-05
new_more,1000,GB1 0AC_00038 0 offwind-float,0.15135811035856261,2.7808797264821648e-05
new_more,1000,GB1 0AC_00045 0 offwind-float,0.15035181097957329,2.237006772361539e-05
new_more,1000,GB1 0AC_00046 0 offwind-float,0.15133027922539755,2.362739490739742e-05
new_more,1000,GB1 0AC_00048 0 offwind-float,0.1510238483911296,2.31913759974284e-05
new_more,1000,GB1 0AC_00049 0 offwind-float,0.1514592052794531,2.2797548872410682e-05
new_more,1000,GB1 0AC_00050 0 offwind-float,0.1514446947061906,2.7277095748794286e-05
new_more,1000,GB1 0AC_00051 0 offwind-float,0.1514105362979563,2.6664404934257103e-05
new_more,1000,GB1 0AC_00052 0 offwind-float,0.15117627731763084,2.335534547410455e-05
new_more,1000,GB1 0AC_00058 0 offwind-float,0.1516221571388613,2.1849795825930756e-05
new_more,1000,GB1 0AC_00097 0 offwind-float,0.151439806478747,2.0548372378566273e-05
new_more,1000,GB1 0AC_00113 0 offwind-float,0.15149825019018537,2.0763712888325294e-05
new_more,1000,GB1 0AC_00140 0 offwind-float,0.15039548311595674,1.974369751435329e-05
new_more,1000,GB1 0AC_00150 0 offwind-float,0.15159861909111672,2.134085837029132e-05
new_more,1000,GB4 0AC_00029 0 offwind-float,0.15167139264610108,2.1632985427215555e-05
new_more,1000,GB4 0AC_00034 0 offwind-float,0.15143470705538653,2.1906473082712148e-05
new_more,1000,NO0 0AC_00004 0 offwind-float,0.15185557223807644,1.798605995829893e-05
new_more,1000,NO0 0AC_00072 0 offwind-float,0.15215543407174426,1.8605380228494874e-05
new_more,1000,NO0 0AC_00084 0 offwind-float,0.15014309626733036,1.4520765254839269e-05
new_more,1000,NO0 0AC_00088 0 offwind-float,0.15178310855723276,1.9391257599512953e-05
new_more,1000,NO0 0AC_00089 0 offwind-float,0.15102747318423315,1.6875811932683068e-05
new_more,1000,NO0 0AC_00090 0 offwind-float,0.15159520920784408,1.946759195680904e-05
new_more,1000,NO0 0AC_00092 0 offwind-float,0.15089281992540293,1.8032856271957188e-05
new_more,1000,NO0 0AC_00093 0 offwind-float,0.15167037413919604,2.0025627465627632e-05
new_more,1000,NO0 0AC_00095 0 offwind-float,0.15149493092929533,1.932091377445214e-05
new_more,1000,NO0 0AC_00099 0 offwind-float,0.15099728027751969,1.8655806688796576e-05
new_more,1000,NO0 0AC_00100 0 offwind-float,0.15138555854995606,1.736321633692358e-05
new_more,1000,NO0 0AC_00105 0 offwind-float,0.15166570047001415,1.974476311760091e-05
new_more,1000,NO0 0AC_00107 0 offwind-float,0.15147053832942337,2.0399421312599265e-05
new_more,1000,NO0 0AC_00108 0 offwind-float,0.1514428605929199,1.7568959680786416e-05
new_more,1000,NO0 0AC_00109 0 offwind-float,0.15158394832584643,1.969129104618294e-05
new_more,1000,NO0 0AC_00118 0 offwind-float,0.15180462143121087,2.0544831200189595e-05
new_more,1000,NO0 0AC_00128 0 offwind-float,0.15052352726520124,4.39565150037304e-06
new_more,1000,NO0 0AC_00132 0 offwind-float,0.151205748346544,2.007511610925953e-05
new_more,1000,NO0 0AC_00161 0 offwind-float,0.1496253697173744,2.012802688179632e-05
new_more,1000,NO0 0AC_00181 0 offwind-float,0.15089533564155067,2.138693981171192e-05
new_more,1000,NO0 0AC_00184 0 offwind-float,0.1513953450280794,2.2297567130093813e-05
new_more,1000,NO0 0AC_00205 0 offwind-float,0.15118967176719156,2.3339158965964634e-05
new_more,1000,NO0 0AC_00215 0 offwind-float,0.1512237429287545,2.3217953621961712e-05
new_more,1000,NO0 0AC_00219 0 offwind-float,0.15101242373140156,2.1826121351343044e-05
new_more,1000,DE2 0AC_00003 0 offwind-dc,0.15185120168897437,705.9239891302116
new_more,1000,DE2 0AC_00006 0 offwind-dc,0.15182038122219288,612.1752019134136
new_more,1000,DE2 0AC_00007 0 offwind-dc,0.15182125452802286,516.1827483791432
new_more,1000,DE2 0AC_00008 0 offwind-dc,0.15184204717690264,552.277641695299
new_more,1000,DE2 0AC_00012 0 offwind-dc,0.1518428823729605,582.3922817271405
new_more,1000,DE2 0AC_00016 0 offwind-dc,0.15184274000970344,795.2074868391151
new_more,1000,DE2 0AC_00017 0 offwind-dc,0.15397752068810822,837.0697193186112
new_more,1000,DE2 0AC_00019 0 offwind-dc,0.15661857850984062,1231.3193104880513
new_more,1000,DE2 0AC_00032 0 offwind-dc,0.1518216597543275,710.0938278203106
new_more,1000,DK2 0AC_00001 0 offwind-dc,0.14476905239018267,0.00013247396844291956
new_more,1000,DK2 0AC_00002 0 offwind-dc,0.1434063446398225,0.0001402257626543522
new_more,1000,DK2 0AC_00006 0 offwind-dc,0.13444268713994334,0.00023841778005261803
new_more,1000,DK2 0AC_00008 0 offwind-dc,0.1445743407153931,0.00013503195346841439
new_more,1000,DK2 0AC_00009 0 offwind-dc,0.1411360733081708,0.00015197012213300423
new_more,1000,DK2 0AC_00010 0 offwind-dc,0.14293995594098008,0.00014141701746691763
new_more,1000,DK2 0AC_00012 0 offwind-dc,0.11149042926441433,25.367589873895774
new_more,1000,DK2 0AC_00013 0 offwind-dc,0.13910166620889997,0.0001980272902134089
new_more,1000,DK2 0AC_00014 0 offwind-dc,0.1412565327919486,0.00017021049200608037
new_more,1000,DK2 0AC_00015 0 offwind-dc,0.11148145915737595,33.6295289177536
new_more,1000,DK2 0AC_00018 0 offwind-dc,0.13760263787314586,0.00021640355640257058
new_more,1000,DK2 0AC_00019 0 offwind-dc,0.11894203688620586,0.0009211394775273523
new_more,1000,DK2 0AC_00020 0 offwind-dc,0.14193088365475703,0.00016014297626466216
new_more,1000,DK2 0AC_00022 0 offwind-dc,0.14319941485774446,0.00015186562082333786
new_more,1000,DK2 0AC_00027 0 offwind-dc,0.13514477688998383,0.0002518511425629308
new_more,1000,DK2 0AC_00028 0 offwind-dc,0.11147022944385188,29.08163622415413
new_more,1000,DK2 0AC_00029 0 offwind-dc,0.15660038075273008,1143.7417988751022
new_more,1000,DK2 0AC_00033 0 offwind-dc,0.11945221493147407,0.0008423404285656818
new_more,1000,DK2 0AC_00034 0 offwind-dc,0.15186086622066897,673.8096351808997
new_more,1000,DK2 0AC_00037 0 offwind-dc,0.11145860399991836,28.789941909429537
new_more,1000,DK2 0AC_00040 0 offwind-dc,0.11148102760835832,31.405731597416136
new_more,1000,DK2 0AC_00044 0 offwind-dc,0.16109022051621447,1667.1151149596963
new_more,1000,DK2 0AC_00046 0 offwind-dc,0.11148026992607074,27.52342241800033
new_more,1000,GB1 0AC_00044 0 offwind-dc,0.15878377057216053,1577.3606238453194
new_more,1000,GB1 0AC_00144 0 offwind-dc,0.11148301255969661,30.84817964815771
new_more,1000,GB1 0AC_00163 0 offwind-dc,0.15182172977930952,598.5915809523858
new_more,1000,GB1 0AC_00172 0 offwind-dc,0.11148310832117614,36.8766665987452
new_more,1000,GB1 0AC_00183 0 offwind-dc,0.11145971060804227,26.681192504795828
new_more,1000,GB1 0AC_00186 0 offwind-dc,0.1518540797478386,619.4295609029087
new_more,1000,GB1 0AC_00189 0 offwind-dc,0.1565879763569621,898.4387913728285
new_more,1000,GB1 0AC_00192 0 offwind-dc,0.111492769331057,29.803806244019903
new_more,1000,GB1 0AC_00200 0 offwind-dc,0.15183150267903733,641.1891659778042
new_more,1000,GB1 0AC_00201 0 offwind-dc,0.15184302313767517,568.3108460799136
new_more,1000,GB1 0AC_00205 0 offwind-dc,0.15182169273037527,431.15151192022194
new_more,1000,GB1 0AC_00214 0 offwind-dc,0.1518558801223675,623.6386636770563
new_more,1000,GB1 0AC_00227 0 offwind-dc,0.11146151861831843,27.713136538068476
new_more,1000,GB1 0AC_00243 0 offwind-dc,0.11144929197037712,28.40143094153029
new_more,1000,GB1 0AC_00252 0 offwind-dc,0.15659932746701277,1047.7938504169924
new_more,1000,GB1 0AC_00253 0 offwind-dc,0.11150480590803158,26.33674422893076
new_more,1000,GB1 0AC_00269 0 offwind-dc,0.15666449375149927,1279.852626373169
new_more,1000,GB4 0AC_00003 0 offwind-dc,0.11147140655495902,29.864985997468885
new_more,1000,GB4 0AC_00012 0 offwind-dc,0.15127351561477775,566.0024489395662
new_more,1000,NL2 0AC_00000 0 offwind-dc,0.11152794806813526,20.237327312174706
new_more,1000,NL2 0AC_00017 0 offwind-dc,0.15659805285566553,1373.7978834323253
new_more,1000,NL2 0AC_00019 0 offwind-dc,0.11147147273978486,28.102829653545363
new_more,1000,NL2 0AC_00020 0 offwind-dc,0.15660268293489843,1369.4480513109447
new_more,1000,NL2 0AC_00034 0 offwind-dc,0.1514783870421591,629.4399752122854
new_more,1000,NL2 0AC_00040 0 offwind-dc,0.11147214783345438,24.13326815402299
new_more,1000,NL2 0AC_00051 0 offwind-dc,0.1114815937178324,32.62863001859129
new_more,1000,NL2 0AC_00070 0 offwind-dc,0.11146256615889627,23.415604251759643
new_more,1000,NL2 0AC_00081 0 offwind-dc,0.15181075793419052,549.7950761100986
new_more,1000,NO0 0AC_00073 0 offwind-dc,0.11829183818108802,0.0007874057018971539
new_more,1000,NO0 0AC_00159 0 offwind-dc,0.15663976141073965,1260.1178989088914
new_more,1000,NO0 0AC_00160 0 offwind-dc,0.15180898518170194,659.7421113296735
new_more,1000,DK2 0AC_00051 0 offwind-ac,0.16207833654595893,1845.5990334383098
new_more,1000,DK2 0AC_00055 0 offwind-ac,0.11149357798096926,29.46271808290642
new_more,1000,DK2 0AC_00068 0 offwind-ac,0.16812757963423974,189.7567374893369
new_more,1000,DK2 0AC_00071 0 offwind-ac,0.11150892754883479,30.73993237169954
new_more,1000,GB1 0AC_00007 0 offwind-ac,0.16054832797750374,989.2301077891016
new_more,1000,GB1 0AC_00063 0 offwind-ac,0.1518128504274766,521.2934492942636
new_more,1000,NO0 0AC_00130 0 offwind-ac,0.15568343015555475,2.867293657447825e-05
new_more,1000,DK2 0AC_00000 0 offwind-float,0.1573070877706355,2.2464226561687326e-05
new_more,1000,DK2 0AC_00003 0 offwind-float,0.15810862179465746,2.2722748954661114e-05
new_more,1000,GB1 0AC_00009 0 offwind-float,0.15805605437249926,3.418187875865797e-05
new_more,1000,GB1 0AC_00026 0 offwind-float,0.15641773781374746,3.118163484559108e-05
new_more,1000,GB1 0AC_00030 0 offwind-float,0.15757313508383686,3.5147481748033894e-05
new_more,1000,GB1 0AC_00033 0 offwind-float,0.15768550909184864,3.1192849006123795e-05
new_more,1000,GB1 0AC_00043 0 offwind-float,0.15787534807011072,3.163480248994923e-05
new_more,1000,GB1 0AC_00055 0 offwind-float,0.15795107944996545,3.0142926140593832e-05
new_more,1000,GB1 0AC_00056 0 offwind-float,0.15788458643015169,2.9869296238863872e-05
new_more,1000,GB1 0AC_00064 0 offwind-float,0.15819285078797507,2.6207473121562058e-05
new_more,1000,GB1 0AC_00067 0 offwind-float,0.15784306953799754,2.9642641122977537e-05
new_more,1000,GB1 0AC_00071 0 offwind-float,0.15829113194048594,2.5752757057670798e-05
new_more,1000,GB1 0AC_00090 0 offwind-float,0.15774755017796338,3.1036248782632305e-05
new_more,1000,GB1 0AC_00095 0 offwind-float,0.1579042901197769,3.13981936670248e-05
new_more,1000,GB1 0AC_00100 0 offwind-float,0.15765622355226838,3.1796648948214236e-05
new_more,1000,GB1 0AC_00112 0 offwind-float,0.15782404985021548,3.16883909549771e-05
new_more,1000,GB1 0AC_00118 0 offwind-float,0.15825776791561863,2.7112972686312057e-05
new_more,1000,GB1 0AC_00120 0 offwind-float,0.15830596754776383,2.8446226048074947e-05
new_more,1000,GB1 0AC_00134 0 offwind-float,0.15812210753788536,2.6094975752017658e-05
new_more,1000,GB1 0AC_00146 0 offwind-float,0.15793979012916848,2.987092288038565e-05
new_more,1000,GB1 0AC_00157 0 offwind-float,0.15827476978414368,2.6769783308266253e-05
new_more,1000,GB1 0AC_00162 0 offwind-float,0.15830686023822638,2.8873163633449692e-05
new_more,1000,GB1 0AC_00179 0 offwind-float,0.1581790488547561,2.7388876357195074e-05
new_more,1000,GB1 0AC_00229 0 offwind-float,0.15802148037015984,2.7423466046989427e-05
new_more,1000,GB1 0AC_00258 0 offwind-float,0.1581134398712527,2.812664958286897e-05
new_more,1000,GB4 0AC_00009 0 offwind-float,0.1578208457072776,2.658234309253745e-05
new_more,1000,GB4 0AC_00011 0 offwind-float,0.15768282234110753,2.774075212453352e-05
new_more,1000,GB4 0AC_00015 0 offwind-float,0.1582454015469783,2.7508645904988865e-05
new_more,1000,GB4 0AC_00016 0 offwind-float,0.15809801336731077,2.707829328592222e-05
new_more,1000,GB4 0AC_00017 0 offwind-float,0.15797125073828278,2.634649357301422e-05
new_more,1000,GB4 0AC_00031 0 offwind-float,0.15801208574438486,2.6058024837511202e-05
new_more,1000,GB4 0AC_00035 0 offwind-float,0.15810061290029498,2.6792279505789533e-05
new_more,1000,GB4 0AC_00042 0 offwind-float,0.15805709335582485,2.7418062404044715e-05
new_more,1000,GB4 0AC_00044 0 offwind-float,0.15763190387787462,2.6860456071010242e-05
new_more,1000,GB4 0AC_00048 0 offwind-float,0.15795024824868642,2.7377398879552197e-05
new_more,1000,GB4 0AC_00050 0 offwind-float,0.15775500774712226,2.5892690979161118e-05
new_more,1000,GB4 0AC_00051 0 offwind-float,0.1577233655061432,2.575492250789295e-05
new_more,1000,GB4 0AC_00064 0 offwind-float,0.15777198191116049,2.5112143136263136e-05
new_more,1000,GB4 0AC_00070 0 offwind-float,0.15799800000477593,2.36471775023728e-05
new_more,1000,GB4 0AC_00071 0 offwind-float,0.15775094066324358,2.4839773684637377e-05
new_more,1000,GB4 0AC_00080 0 offwind-float,0.15790332062281798,2.3772083682269836e-05
new_more,1000,NO0 0AC_00000 0 offwind-float,0.15747995955474403,2.1943320794616897e-05
new_more,1000,NO0 0AC_00001 0 offwind-float,0.15766000309773442,2.240739835367057e-05
new_more,1000,NO0 0AC_00005 0 offwind-float,0.1583734948971196,2.2136608896088497e-05
new_more,1000,NO0 0AC_00010 0 offwind-float,0.1580023237975512,2.1412358205672607e-05
new_more,1000,NO0 0AC_00011 0 offwind-float,0.15865801373927735,2.1996625427908086e-05
new_more,1000,NO0 0AC_00014 0 offwind-float,0.15787624970162695,2.1696893843698588e-05
new_more,1000,NO0 0AC_00015 0 offwind-float,0.15819806209862763,2.145040948335218e-05
new_more,1000,NO0 0AC_00017 0 offwind-float,0.1586594216935473,2.2176510870261116e-05
new_more,1000,NO0 0AC_00018 0 offwind-float,0.15806121334753787,2.2339598347813968e-05
new_more,1000,NO0 0AC_00019 0 offwind-float,0.1575470998925279,2.138583315615973e-05
new_more,1000,NO0 0AC_00020 0 offwind-float,0.15786440223603715,2.133447648973062e-05
new_more,1000,NO0 0AC_00021 0 offwind-float,0.15791823082869283,2.1119719772445034e-05
new_more,1000,NO0 0AC_00024 0 offwind-float,0.15806849600653117,2.1631602547716786e-05
new_more,1000,NO0 0AC_00028 0 offwind-float,0.15818065166612227,2.1134104578713078e-05
new_more,1000,NO0 0AC_00037 0 offwind-float,0.15811779278597815,2.3086927347761687e-05
new_more,1000,NO0 0AC_00039 0 offwind-float,0.1580662317420014,2.23467751868739e-05
new_more,1000,NO0 0AC_00044 0 offwind-float,0.15826351842266106,2.3640499183297668e-05
new_more,1000,NO0 0AC_00045 0 offwind-float,0.1583940054116859,2.3385558065987086e-05
new_more,1000,NO0 0AC_00047 0 offwind-float,0.15802827965153265,2.307754145792559e-05
new_more,1000,NO0 0AC_00048 0 offwind-float,0.15863711034852768,2.1514062474812085e-05
new_more,1000,NO0 0AC_00051 0 offwind-float,0.15779120245563272,2.268338895835274e-05
new_more,1000,NO0 0AC_00052 0 offwind-float,0.15800833371535739,2.262715484155735e-05
new_more,1000,NO0 0AC_00055 0 offwind-float,0.1583926470804693,2.201941849953658e-05
new_more,1000,NO0 0AC_00060 0 offwind-float,0.15781867468021094,2.078256396604887e-05
new_more,1000,NO0 0AC_00063 0 offwind-float,0.15817658421629166,2.3873402817993022e-05
new_more,1000,NO0 0AC_00065 0 offwind-float,0.15851138244353835,2.37025340685205e-05
new_more,1000,NO0 0AC_00071 0 offwind-float,0.15803131010388038,2.3528081837896664e-05
new_more,1000,NO0 0AC_00074 0 offwind-float,0.15608809843511162,2.208577446446483e-05
new_more,1000,NO0 0AC_00075 0 offwind-float,0.1582568076042431,2.3286858539354667e-05
new_more,1000,NO0 0AC_00077 0 offwind-float,0.15796366322805178,2.0494837644642943e-05
new_more,1000,NO0 0AC_00078 0 offwind-float,0.15836137252356564,1.9906776472068756e-05
new_more,1000,NO0 0AC_00080 0 offwind-float,0.15782991795467216,2.400597644984068e-05
new_more,1000,NO0 0AC_00082 0 offwind-float,0.15589004067482282,2.219341273008757e-05
new_more,1000,NO0 0AC_00083 0 offwind-float,0.15845178713841368,2.3441052394934956e-05
new_more,1000,NO0 0AC_00086 0 offwind-float,0.15849160137823326,1.967624978465252e-05
new_more,1000,NO0 0AC_00091 0 offwind-float,0.15803171876933841,2.48842601470816e-05
new_more,1000,NO0 0AC_00094 0 offwind-float,0.15827578735538594,1.917016149558559e-05
new_more,1000,NO0 0AC_00098 0 offwind-float,0.15768239221607794,2.5157741485145124e-05
new_more,1000,NO0 0AC_00106 0 offwind-float,0.1578888426392333,2.5809933731316692e-05
new_more,1000,NO0 0AC_00112 0 offwind-float,0.15830623061970628,2.5086402428622737e-05
new_more,1000,NO0 0AC_00129 0 offwind-float,0.15788771684822,6.754718481565982e-06
new_more,1000,NO0 0AC_00245 0 offwind-float,0.1579530878397467,1.2523312338692189e-05
new_more,1000,DE2 0AC_00000 0 offwind-dc,0.15183276701321913,462.87627073045695
new_more,1000,DE2 0AC_00013 0 offwind-dc,0.15665077154993612,1343.5392829541636
new_more,1000,DE2 0AC_00018 0 offwind-dc,0.1566403567133724,1297.4841956379637
new_more,1000,DE2 0AC_00023 0 offwind-dc,0.15186468141398135,777.5598521468587
new_more,1000,DE2 0AC_00024 0 offwind-dc,0.15663964415853082,1166.428657892393
new_more,1000,DE2 0AC_00025 0 offwind-dc,0.1566027401215363,1221.173979905984
new_more,1000,DE2 0AC_00029 0 offwind-dc,0.15661871480655098,1242.4724558958587
new_more,1000,DK2 0AC_00005 0 offwind-dc,0.15069362032624745,0.0001501225324172434
new_more,1000,DK2 0AC_00021 0 offwind-dc,0.13236781165552236,0.00041394562281969613
new_more,1000,DK2 0AC_00024 0 offwind-dc,0.11147013239193759,27.261903539087516
new_more,1000,DK2 0AC_00026 0 offwind-dc,0.1447037924366752,0.0002234085311157085
new_more,1000,DK2 0AC_00032 0 offwind-dc,0.11144816735267471,26.227731029507435
new_more,1000,GB1 0AC_00034 0 offwind-dc,0.1638061870859998,2060.829238469454
new_more,1000,GB1 0AC_00148 0 offwind-dc,0.1114950414056396,28.733923783203476
new_more,1000,GB1 0AC_00160 0 offwind-dc,0.15184394021758896,618.702326536934
new_more,1000,GB1 0AC_00164 0 offwind-dc,0.111477970502461,31.74149589961391
new_more,1000,GB1 0AC_00215 0 offwind-dc,0.11147322771027024,23.792251641022727
new_more,1000,GB1 0AC_00256 0 offwind-dc,0.11149433348298898,34.000525604193164
new_more,1000,GB1 0AC_00263 0 offwind-dc,0.13840351151786645,71.61137338212853
new_more,1000,GB1 0AC_00266 0 offwind-dc,0.11149352145962421,23.2773873567081
new_more,1000,GB1 0AC_00270 0 offwind-dc,0.11151497072824212,24.360352261353647
new_more,1000,GB1 0AC_00273 0 offwind-dc,0.15667817903775727,1203.9682176400686
new_more,1000,GB1 0AC_00274 0 offwind-dc,0.15927803468714585,1232.6325176897476
new_more,1000,NL2 0AC_00004 0 offwind-dc,0.11151801224729252,27.10407874200426
new_more,1000,NL2 0AC_00009 0 offwind-dc,0.11147126908293459,29.305710889783864
new_more,1000,NL2 0AC_00011 0 offwind-dc,0.1518873241654225,824.3938671030636
new_more,1000,NL2 0AC_00012 0 offwind-dc,0.11144848585729172,32.82966637231982
new_more,1000,NL2 0AC_00022 0 offwind-dc,0.11151510729113223,28.786207985429833
new_more,1000,NL2 0AC_00023 0 offwind-dc,0.1114843739641953,29.83668953530808
new_more,1000,NL2 0AC_00031 0 offwind-dc,0.15664176919349926,1267.2735602022974
new_more,1000,NL2 0AC_00036 0 offwind-dc,0.11145974477361076,26.97171539925348
new_more,1000,NL2 0AC_00041 0 offwind-dc,0.15182069947128285,738.46589991218
new_more,1000,NL2 0AC_00043 0 offwind-dc,0.11146004349262761,30.065878451468613
new_more,1000,NL2 0AC_00050 0 offwind-dc,0.11144854805075288,31.844958672817985
new_more,1000,NL2 0AC_00053 0 offwind-dc,0.11152761369212993,32.93998966310442
new_more,1000,NL2 0AC_00054 0 offwind-dc,0.1114926770302398,32.08750092497706
new_more,1000,NL2 0AC_00057 0 offwind-dc,0.11147114526561219,26.17859313966402
new_more,1000,NL2 0AC_00058 0 offwind-dc,0.1114945170220839,28.938147024710116
new_more,1000,NL2 0AC_00067 0 offwind-dc,0.11150572529931901,27.19111786241279
new_more,1000,NL2 0AC_00068 0 offwind-dc,0.15184247344610935,585.1868083116728
new_more,1000,NL2 0AC_00071 0 offwind-dc,0.15658641315688104,1082.9963550205134
new_more,1000,NL2 0AC_00076 0 offwind-dc,0.15182973378989928,644.0365771020054
new_more,1000,NL2 0AC_00085 0 offwind-dc,0.1527944413499165,610.6499395152218
new_more,1000,GB4 0AC_00006 0 offwind-ac,0.1726455728009546,5.301789114306352
new_more,1000,GB4 0AC_00007 0 offwind-ac,0.17617178845032577,8.675655088744584
new_more,1000,NO0 0AC_00127 0 offwind-ac,0.16402867902492646,1.632023526834811e-05
new_more,1000,GB1 0AC_00053 0 offwind-float,0.16364567317125744,3.654712088313425e-05
new_more,1000,GB1 0AC_00057 0 offwind-float,0.16373108031555683,3.7986366493909485e-05
new_more,1000,GB1 0AC_00065 0 offwind-float,0.16410830606998683,3.757450286457349e-05
new_more,1000,GB1 0AC_00066 0 offwind-float,0.16389836569740124,3.476046598562358e-05
new_more,1000,GB1 0AC_00068 0 offwind-float,0.16396625426054778,3.559154398727096e-05
new_more,1000,GB1 0AC_00069 0 offwind-float,0.16309342440448393,3.7130727724677155e-05
new_more,1000,GB1 0AC_00070 0 offwind-float,0.16230113869898966,3.7716965460545016e-05
new_more,1000,GB1 0AC_00073 0 offwind-float,0.16390436858535729,3.357066289566011e-05
new_more,1000,GB1 0AC_00074 0 offwind-float,0.16402461970285087,3.59516349470761e-05
new_more,1000,GB1 0AC_00078 0 offwind-float,0.16414928805619422,3.62392104664192e-05
new_more,1000,GB1 0AC_00079 0 offwind-float,0.164127123257108,3.530159295854688e-05
new_more,1000,GB1 0AC_00080 0 offwind-float,0.16389011496197858,3.722788697512108e-05
new_more,1000,GB1 0AC_00081 0 offwind-float,0.16426668017098311,3.334474329550325e-05
new_more,1000,GB1 0AC_00083 0 offwind-float,0.16424512905165556,3.5632130433206635e-05
new_more,1000,GB1 0AC_00084 0 offwind-float,0.1643849043782326,3.61830998506567e-05
new_more,1000,GB1 0AC_00086 0 offwind-float,0.16374325160762537,3.109468192722183e-05
new_more,1000,GB1 0AC_00087 0 offwind-float,0.16420737431249588,3.40736201131812e-05
new_more,1000,GB1 0AC_00088 0 offwind-float,0.1640925796930579,3.610585283433342e-05
new_more,1000,GB1 0AC_00089 0 offwind-float,0.16399306156089544,3.589099093416419e-05
new_more,1000,GB1 0AC_00091 0 offwind-float,0.16415815216927254,3.632904801851379e-05
new_more,1000,GB1 0AC_00093 0 offwind-float,0.16437619569207518,3.3352208555024496e-05
new_more,1000,GB1 0AC_00094 0 offwind-float,0.1641570134281125,3.600943101911207e-05
new_more,1000,GB1 0AC_00096 0 offwind-float,0.16443127098778088,3.4862954429595116e-05
new_more,1000,GB1 0AC_00099 0 offwind-float,0.16448673376649192,3.243447179258702e-05
new_more,1000,GB1 0AC_00101 0 offwind-float,0.16428902879707208,3.45081048182111e-05
new_more,1000,GB1 0AC_00102 0 offwind-float,0.16431090525003977,3.550425254223428e-05
new_more,1000,GB1 0AC_00103 0 offwind-float,0.16423117905820028,3.293901360998184e-05
new_more,1000,GB1 0AC_00104 0 offwind-float,0.16413251078070556,3.609627627135208e-05
new_more,1000,GB1 0AC_00105 0 offwind-float,0.16413838578653106,3.528765448857826e-05
new_more,1000,GB1 0AC_00106 0 offwind-float,0.1642442363279225,3.4927682303711265e-05
new_more,1000,GB1 0AC_00109 0 offwind-float,0.16420046842815195,3.5330236407528796e-05
new_more,1000,GB1 0AC_00110 0 offwind-float,0.16345319683485005,3.1562887816381556e-05
new_more,1000,GB1 0AC_00111 0 offwind-float,0.16429336146046236,3.541607871953749e-05
new_more,1000,GB1 0AC_00114 0 offwind-float,0.1642896581983242,3.380613874714386e-05
new_more,1000,GB1 0AC_00115 0 offwind-float,0.1641847104563149,3.5097880054445116e-05
new_more,1000,GB1 0AC_00117 0 offwind-float,0.16390947568726222,3.461609032340262e-05
new_more,1000,GB1 0AC_00121 0 offwind-float,0.16426068843471953,3.439844763290046e-05
new_more,1000,GB1 0AC_00122 0 offwind-float,0.164212869969804,3.194109806771613e-05
new_more,1000,GB1 0AC_00123 0 offwind-float,0.1641856291872965,3.5058718745308505e-05
new_more,1000,GB1 0AC_00124 0 offwind-float,0.16414130019052053,3.556203215859565e-05
new_more,1000,GB1 0AC_00133 0 offwind-float,0.16425587511608108,3.4451109441083995e-05
new_more,1000,GB1 0AC_00136 0 offwind-float,0.1642832082498089,3.366401694511311e-05
new_more,1000,GB1 0AC_00137 0 offwind-float,0.16403070970507017,3.432674998475945e-05
new_more,1000,GB1 0AC_00138 0 offwind-float,0.16131092025022797,2.9889047601383472e-05
new_more,1000,GB1 0AC_00141 0 offwind-float,0.16445468472728486,3.268837184596726e-05
new_more,1000,GB1 0AC_00142 0 offwind-float,0.16436156885869457,3.410835928227027e-05
new_more,1000,GB1 0AC_00143 0 offwind-float,0.16423913122395584,3.4506572456806165e-05
new_more,1000,GB1 0AC_00145 0 offwind-float,0.16399730557655945,3.52530524195409e-05
new_more,1000,GB1 0AC_00149 0 offwind-float,0.1627706555695474,3.125329371857034e-05
new_more,1000,GB1 0AC_00151 0 offwind-float,0.164290543083905,3.3997874578192067e-05
new_more,1000,GB1 0AC_00152 0 offwind-float,0.16423109370094635,3.455740837645979e-05
new_more,1000,GB1 0AC_00153 0 offwind-float,0.16391019235678006,3.430579979637662e-05
new_more,1000,GB1 0AC_00154 0 offwind-float,0.1643217660903441,3.3256992004052505e-05
new_more,1000,GB1 0AC_00158 0 offwind-float,0.16442572524381316,3.41273908679694e-05
new_more,1000,GB1 0AC_00159 0 offwind-float,0.16430523088433058,3.371997221216216e-05
new_more,1000,GB1 0AC_00161 0 offwind-float,0.16410021917189022,3.4170676814893355e-05
new_more,1000,GB1 0AC_00170 0 offwind-float,0.16424099183982332,3.4248620342411847e-05
new_more,1000,GB1 0AC_00171 0 offwind-float,0.1643138676585667,3.416511836925207e-05
new_more,1000,GB1 0AC_00177 0 offwind-float,0.1642709165391817,3.358635702487375e-05
new_more,1000,GB1 0AC_00178 0 offwind-float,0.16430270853440432,3.3691859016574974e-05
new_more,1000,GB1 0AC_00182 0 offwind-float,0.16316586975744818,3.2592133375350934e-05
new_more,1000,GB1 0AC_00185 0 offwind-float,0.16419692951373865,3.3958800499246394e-05
new_more,1000,GB1 0AC_00187 0 offwind-float,0.16478588054636067,3.330778940848635e-05
new_more,1000,GB1 0AC_00188 0 offwind-float,0.16434875381729452,3.299615689003492e-05
new_more,1000,GB1 0AC_00190 0 offwind-float,0.16350770211581067,3.352067503471992e-05
new_more,1000,GB1 0AC_00191 0 offwind-float,0.16428386305713905,3.3503098264119803e-05
new_more,1000,GB1 0AC_00193 0 offwind-float,0.16429574844377137,3.3688155395562866e-05
new_more,1000,GB1 0AC_00194 0 offwind-float,0.16449995562785558,3.260792321538108e-05
new_more,1000,GB1 0AC_00197 0 offwind-float,0.16428351692318954,3.4522649528412235e-05
new_more,1000,GB1 0AC_00198 0 offwind-float,0.164320669354589,3.325955121480627e-05
new_more,1000,GB1 0AC_00203 0 offwind-float,0.16364469921638436,3.2713747085420976e-05
new_more,1000,GB1 0AC_00208 0 offwind-float,0.16410468779974996,3.318838029660715e-05
new_more,1000,GB1 0AC_00211 0 offwind-float,0.1641727669714571,3.1781465179380814e-05
new_more,1000,GB1 0AC_00212 0 offwind-float,0.1641813228750939,3.473536193014644e-05
new_more,1000,GB1 0AC_00213 0 offwind-float,0.1643286635855158,3.3647945179066516e-05
new_more,1000,GB1 0AC_00219 0 offwind-float,0.16431854599672246,3.221565366964203e-05
new_more,1000,GB1 0AC_00220 0 offwind-float,0.16325206726646901,3.301994601242025e-05
new_more,1000,GB1 0AC_00224 0 offwind-float,0.16411167605891797,3.3334533084316954e-05
new_more,1000,GB1 0AC_00232 0 offwind-float,0.1643602165358241,3.277937365248103e-05
new_more,1000,GB1 0AC_00233 0 offwind-float,0.16426435888109203,3.395282199640217e-05
new_more,1000,GB1 0AC_00235 0 offwind-float,0.1643456552654472,3.323638290584208e-05
new_more,1000,GB1 0AC_00237 0 offwind-float,0.1642210127653697,3.2524540790110876e-05
new_more,1000,GB1 0AC_00238 0 offwind-float,0.16363195839079558,3.1866356842353344e-05
new_more,1000,GB1 0AC_00242 0 offwind-float,0.16409728398116696,3.260911515256157e-05
new_more,1000,GB1 0AC_00245 0 offwind-float,0.16411753635517712,3.190551453144684e-05
new_more,1000,GB1 0AC_00250 0 offwind-float,0.16427411457701346,3.362303885726899e-05
new_more,1000,GB1 0AC_00262 0 offwind-float,0.16416429863358384,3.304093189538804e-05
new_more,1000,GB1 0AC_00268 0 offwind-float,0.16441831468414947,3.286518026085944e-05
new_more,1000,GB4 0AC_00004 0 offwind-float,0.16347930333660554,1.4033240987090549e-05
new_more,1000,GB4 0AC_00010 0 offwind-float,0.16448930085052893,3.315589837814191e-05
new_more,1000,GB4 0AC_00013 0 offwind-float,0.16413624084392142,3.320477825135481e-05
new_more,1000,GB4 0AC_00036 0 offwind-float,0.16381571782501492,3.0601876250394076e-05
new_more,1000,GB4 0AC_00038 0 offwind-float,0.1640964111855301,3.217487490892421e-05
new_more,1000,GB4 0AC_00039 0 offwind-float,0.16419319405054467,3.279768911097037e-05
new_more,1000,GB4 0AC_00040 0 offwind-float,0.1634945445072743,3.131504089840307e-05
new_more,1000,GB4 0AC_00041 0 offwind-float,0.16380844112248705,3.347878622943226e-05
new_more,1000,GB4 0AC_00043 0 offwind-float,0.16445154227877634,3.0274502892347934e-05
new_more,1000,GB4 0AC_00045 0 offwind-float,0.16396492479991787,3.113913297035004e-05
new_more,1000,GB4 0AC_00046 0 offwind-float,0.16284471069562334,3.0470300936174476e-05
new_more,1000,GB4 0AC_00047 0 offwind-float,0.16439221250066094,3.07789000462681e-05
new_more,1000,GB4 0AC_00049 0 offwind-float,0.16381892993767522,3.120734951335915e-05
new_more,1000,GB4 0AC_00053 0 offwind-float,0.16426285682322606,2.9011148396535474e-05
new_more,1000,GB4 0AC_00054 0 offwind-float,0.164144550532903,3.128006930939482e-05
new_more,1000,GB4 0AC_00055 0 offwind-float,0.16420528148057778,3.15948856661093e-05
new_more,1000,GB4 0AC_00056 0 offwind-float,0.164120426433231,3.107480993260931e-05
new_more,1000,GB4 0AC_00057 0 offwind-float,0.16419548336247725,2.9788581283765273e-05
new_more,1000,GB4 0AC_00058 0 offwind-float,0.1641639211372552,3.027808399798186e-05
new_more,1000,GB4 0AC_00059 0 offwind-float,0.16409255692205427,3.016979363734692e-05
new_more,1000,GB4 0AC_00060 0 offwind-float,0.1641445286886748,3.034299236014991e-05
new_more,1000,GB4 0AC_00061 0 offwind-float,0.1643523204247178,2.8894463310763864e-05
new_more,1000,GB4 0AC_00062 0 offwind-float,0.16401393402641828,3.025336905918554e-05
new_more,1000,GB4 0AC_00063 0 offwind-float,0.16431279190361814,3.0373146090649657e-05
new_more,1000,GB4 0AC_00065 0 offwind-float,0.1636561052534311,2.8998392209585948e-05
new_more,1000,GB4 0AC_00066 0 offwind-float,0.16444108341622943,2.944042678901907e-05
new_more,1000,GB4 0AC_00067 0 offwind-float,0.1638867299578336,2.895098946168051e-05
new_more,1000,GB4 0AC_00068 0 offwind-float,0.16407843366381747,3.0349148928216385e-05
new_more,1000,GB4 0AC_00069 0 offwind-float,0.16396431902435105,2.9855091420807703e-05
new_more,1000,GB4 0AC_00072 0 offwind-float,0.16417632132836735,3.0139462446228593e-05
new_more,1000,GB4 0AC_00073 0 offwind-float,0.16408010775646653,2.9260501507264415e-05
new_more,1000,GB4 0AC_00074 0 offwind-float,0.164146487129206,2.959082012262596e-05
new_more,1000,GB4 0AC_00075 0 offwind-float,0.16413042963918634,2.8577162468600528e-05
new_more,1000,GB4 0AC_00076 0 offwind-float,0.16368003275550835,2.8708380771038493e-05
new_more,1000,GB4 0AC_00077 0 offwind-float,0.16385622851357007,2.78625239148814e-05
new_more,1000,GB4 0AC_00078 0 offwind-float,0.16412447805555985,2.881037471514297e-05
new_more,1000,GB4 0AC_00079 0 offwind-float,0.16404424263818373,2.908092857768783e-05
new_more,1000,GB4 0AC_00081 0 offwind-float,0.16396193922665603,2.8961660859833595e-05
new_more,1000,GB4 0AC_00082 0 offwind-float,0.16418862046332494,2.8058980476768096e-05
new_more,1000,GB4 0AC_00083 0 offwind-float,0.16425741789667814,2.8022444237325955e-05
new_more,1000,GB4 0AC_00084 0 offwind-float,0.16414538985574645,2.8729025520524925e-05
new_more,1000,GB4 0AC_00085 0 offwind-float,0.16419790530100553,2.866051071921772e-05
new_more,1000,GB4 0AC_00086 0 offwind-float,0.16420822125541856,2.7922176729122528e-05
new_more,1000,GB4 0AC_00087 0 offwind-float,0.16400393325432705,2.8062168217791828e-05
new_more,1000,GB4 0AC_00088 0 offwind-float,0.16423645730194913,2.8321313847940023e-05
new_more,1000,GB4 0AC_00089 0 offwind-float,0.1640331039637304,2.755614566666625e-05
new_more,1000,NL2 0AC_00074 0 offwind-float,0.16218993447899344,1.2903802467341513e-05
new_more,1000,NO0 0AC_00002 0 offwind-float,0.16391196712051015,2.5970549135521587e-05
new_more,1000,NO0 0AC_00003 0 offwind-float,0.16341289413021753,2.4746204976619862e-05
new_more,1000,NO0 0AC_00006 0 offwind-float,0.16382539001775365,2.620456755136564e-05
new_more,1000,NO0 0AC_00007 0 offwind-float,0.16362448274967478,2.5085089637779974e-05
new_more,1000,NO0 0AC_00008 0 offwind-float,0.16467217410915125,2.610623809024296e-05
new_more,1000,NO0 0AC_00009 0 offwind-float,0.1645643674243561,2.5895806038515337e-05
new_more,1000,NO0 0AC_00012 0 offwind-float,0.16356113509280923,2.5967465195845933e-05
new_more,1000,NO0 0AC_00013 0 offwind-float,0.16470684113635203,2.668695600666372e-05
new_more,1000,NO0 0AC_00016 0 offwind-float,0.16299648883604223,2.5051918247651318e-05
new_more,1000,NO0 0AC_00022 0 offwind-float,0.16501957455064242,2.502857840739031e-05
new_more,1000,NO0 0AC_00023 0 offwind-float,0.16370999067528236,2.5008904766686364e-05
new_more,1000,NO0 0AC_00025 0 offwind-float,0.16432439966923174,2.5259335530560912e-05
new_more,1000,NO0 0AC_00026 0 offwind-float,0.16437649290518486,2.7390442786515082e-05
new_more,1000,NO0 0AC_00027 0 offwind-float,0.1644140898163785,2.7317472866672074e-05
new_more,1000,NO0 0AC_00029 0 offwind-float,0.16470961347232405,2.4934883094270245e-05
new_more,1000,NO0 0AC_00030 0 offwind-float,0.16410214877100338,2.6693836951934627e-05
new_more,1000,NO0 0AC_00031 0 offwind-float,0.16406481321582367,2.5558871795422174e-05
new_more,1000,NO0 0AC_00032 0 offwind-float,0.16478767663515081,2.7663850245239526e-05
new_more,1000,NO0 0AC_00033 0 offwind-float,0.16400151037815758,2.561470194836789e-05
new_more,1000,NO0 0AC_00034 0 offwind-float,0.1637228429888834,2.5589556370554617e-05
new_more,1000,NO0 0AC_00035 0 offwind-float,0.16332305920221257,2.4889733524299398e-05
new_more,1000,NO0 0AC_00036 0 offwind-float,0.1645496393491528,2.852784683027476e-05
new_more,1000,NO0 0AC_00038 0 offwind-float,0.16260474039601747,2.5152557251471464e-05
new_more,1000,NO0 0AC_00040 0 offwind-float,0.16489031478831606,2.5209590957543282e-05
new_more,1000,NO0 0AC_00041 0 offwind-float,0.1636103942449756,2.3465673173114572e-05
new_more,1000,NO0 0AC_00042 0 offwind-float,0.16408346693053488,2.4589486076536604e-05
new_more,1000,NO0 0AC_00043 0 offwind-float,0.16384944306486626,2.533788724701862e-05
new_more,1000,NO0 0AC_00046 0 offwind-float,0.16367159538521792,2.636627439353422e-05
new_more,1000,NO0 0AC_00049 0 offwind-float,0.164426233235344,2.453031321492697e-05
new_more,1000,NO0 0AC_00050 0 offwind-float,0.16392757446141648,2.3854044975126575e-05
new_more,1000,NO0 0AC_00053 0 offwind-float,0.16391527786845728,2.7523319451622274e-05
new_more,1000,NO0 0AC_00054 0 offwind-float,0.16492925500690359,2.8052345441928946e-05
new_more,1000,NO0 0AC_00056 0 offwind-float,0.16434540698516875,2.5631576630608285e-05
new_more,1000,NO0 0AC_00057 0 offwind-float,0.16379623299843316,2.4708063615504653e-05
new_more,1000,NO0 0AC_00058 0 offwind-float,0.16436042666189832,2.360563225459261e-05
new_more,1000,NO0 0AC_00059 0 offwind-float,0.1642368316856493,2.611128427564165e-05
new_more,1000,NO0 0AC_00061 0 offwind-float,0.1644598684819295,2.4074439917852763e-05
new_more,1000,NO0 0AC_00062 0 offwind-float,0.16449770986254209,2.7820547492019038e-05
new_more,1000,NO0 0AC_00064 0 offwind-float,0.1644896688959694,2.7431840691822393e-05
new_more,1000,NO0 0AC_00066 0 offwind-float,0.1638298123515396,2.6816532464258332e-05
new_more,1000,NO0 0AC_00067 0 offwind-float,0.16424355841138216,2.7995067155020967e-05
new_more,1000,NO0 0AC_00068 0 offwind-float,0.16334374491599768,2.500502963317159e-05
new_more,1000,NO0 0AC_00070 0 offwind-float,0.16253218965671823,2.181061863696415e-05
new_more,1000,NO0 0AC_00076 0 offwind-float,0.16368217228308812,2.609603650644876e-05
new_more,1000,NO0 0AC_00079 0 offwind-float,0.16331397089753463,2.5047355734823613e-05
new_more,1000,NO0 0AC_00081 0 offwind-float,0.16370610141258657,2.8040382837896763e-05
new_more,1000,NO0 0AC_00087 0 offwind-float,0.16392868953764705,2.894657302878094e-05
new_more,1000,NO0 0AC_00142 0 offwind-float,0.16360340745503865,7.437210841233605e-06
new_more,1000,NL2 0AC_00003 0 offwind-dc,0.11153996181764092,24.060115074265045
new_more,1000,NL2 0AC_00018 0 offwind-dc,0.11149552102368065,24.73711653204537
new_more,1000,NL2 0AC_00024 0 offwind-dc,0.11151610384163368,25.848747700058563
new_more,1000,NL2 0AC_00025 0 offwind-dc,0.11144905356032753,28.725858869208928
new_more,1000,NL2 0AC_00030 0 offwind-dc,0.11148135156885242,33.06423297146654
new_more,1000,NL2 0AC_00032 0 offwind-dc,0.11151740675670696,29.124856401362162
new_more,1000,NL2 0AC_00035 0 offwind-dc,0.11147210268456131,28.40525766916274
new_more,1000,NL2 0AC_00044 0 offwind-dc,0.11147167376477896,30.91377670191179
new_more,1000,NL2 0AC_00046 0 offwind-dc,0.11151590162724245,30.894256701248192
new_more,1000,NL2 0AC_00047 0 offwind-dc,0.11146054803646288,29.829549830354967
new_more,1000,NL2 0AC_00052 0 offwind-dc,0.11148505999590907,23.18768556381984
new_more,1000,NL2 0AC_00055 0 offwind-dc,0.11148260383293407,30.30279154831902
new_more,1000,NL2 0AC_00061 0 offwind-dc,0.11148407982761799,22.417813183974022
