scenario,split,region,wake_loss,weight
base,10000,DE2 0AC_00003 0 offwind-ac,0.0,0.0012413665681291503
base,10000,DE2 0AC_00007 0 offwind-ac,0.0,0.00262746120493639
base,10000,DE2 0AC_00010 0 offwind-ac,0.0,2159.987723813683
base,10000,DK0 0AC_00000 0 offwind-ac,0.0,0.001944918489066445
base,10000,DK0 0AC_00002 0 offwind-ac,0.0,0.001288813099423268
base,10000,DK0 0AC_00004 0 offwind-ac,0.0,0.0017470500310605144
base,10000,DK2 0AC_00001 0 offwind-ac,0.0,0.004115342517708494
base,10000,DK2 0AC_00006 0 offwind-ac,0.0,0.0015157021784545368
base,10000,DK2 0AC_00007 0 offwind-ac,0.0,0.003630448132266448
base,10000,DK2 0AC_00008 0 offwind-ac,0.0,0.0008108033609669501
base,10000,DK2 0AC_00011 0 offwind-ac,0.0,0.09018403682416878
base,10000,ES2 0AC_00003 0 offwind-ac,0.0,0.0020569000425448587
base,10000,ES7 0AC_00006 0 offwind-ac,0.0,0.0006237380212108712
base,10000,FR2 0AC_00011 0 offwind-ac,0.0,12.02325700187997
base,10000,FR2 0AC_00024 0 offwind-ac,0.0,0.004267491294746173
base,10000,FR2 0AC_00027 0 offwind-ac,0.0,0.020162140056110965
base,10000,FR2 0AC_00029 0 offwind-ac,0.0,3988.56952995661
base,10000,FR2 0AC_00032 0 offwind-ac,0.0,0.001022095229755382
base,10000,FR2 0AC_00034 0 offwind-ac,0.0,0.001088276634923851
base,10000,FR2 0AC_00035 0 offwind-ac,0.0,0.0012994475014202372
base,10000,GB1 0AC_00007 0 offwind-ac,0.0,41.04017445391479
base,10000,GB1 0AC_00018 0 offwind-ac,0.0,0.010365753113380678
base,10000,GB1 0AC_00024 0 offwind-ac,0.0,0.001946574256179986
base,10000,GB1 0AC_00026 0 offwind-ac,0.0,0.002976443944797202
base,10000,GB1 0AC_00028 0 offwind-ac,0.0,9.529045974451485
base,10000,GB1 0AC_00033 0 offwind-ac,0.0,0.0028307973014218405
base,10000,GB1 0AC_00034 0 offwind-ac,0.0,0.0007370290800319211
base,10000,GB1 0AC_00035 0 offwind-ac,0.0,0.0004179405801455409
base,10000,GB1 0AC_00043 0 offwind-ac,0.0,0.0026783299669093535
base,10000,GB1 0AC_00044 0 offwind-ac,0.0,0.002169546646532973
base,10000,GB1 0AC_00045 0 offwind-ac,0.0,0.0004392897980704526
base,10000,GB1 0AC_00046 0 offwind-ac,0.0,0.002792292327537368
base,10000,GB1 0AC_00048 0 offwind-ac,0.0,0.002116322844882933
base,10000,GB1 0AC_00049 0 offwind-ac,0.0,0.000727061827218777
base,10000,GB1 0AC_00050 0 offwind-ac,0.0,0.0014232354127086326
base,10000,GB1 0AC_00051 0 offwind-ac,0.0,0.0013522064282531466
base,10000,GB1 0AC_00059 0 offwind-ac,0.0,0.004157364375452804
base,10000,GB1 0AC_00060 0 offwind-ac,0.0,0.0005636528749292552
base,10000,GB1 0AC_00061 0 offwind-ac,0.0,0.0017666896475105546
base,10000,GB1 0AC_00067 0 offwind-ac,0.0,0.002022368006125977
base,10000,GB3 0AC_00018 0 offwind-ac,0.0,3.6937083220310982
base,10000,GB5 0AC_00013 0 offwind-ac,0.0,3.231867998548871
base,10000,GR2 0AC_00019 0 offwind-ac,0.0,0.00028756958860234866
base,10000,GR2 0AC_00020 0 offwind-ac,0.0,0.00017510829448131132
base,10000,GR2 0AC_00028 0 offwind-ac,0.0,0.0002839936618402677
base,10000,GR2 0AC_00043 0 offwind-ac,0.0,0.0006199039408950868
base,10000,GR2 0AC_00061 0 offwind-ac,0.0,1.6518025476469143
base,10000,HR2 0AC_00005 0 offwind-ac,0.0,0.000565133569121567
base,10000,HR2 0AC_00008 0 offwind-ac,0.0,0.0033859137733201583
base,10000,IE3 0AC_00033 0 offwind-ac,0.0,0.0010580371311531133
base,10000,IE3 0AC_00036 0 offwind-ac,0.0,0.0011781915013184953
base,10000,IE3 0AC_00038 0 offwind-ac,0.0,0.0020982550328238654
base,10000,IE3 0AC_00050 0 offwind-ac,0.0,0.002189441510995086
base,10000,IT2 0AC_00002 0 offwind-ac,0.0,15.365570395400399
base,10000,IT2 0AC_00003 0 offwind-ac,0.0,0.000377583370604062
base,10000,IT2 0AC_00007 0 offwind-ac,0.0,0.0019426603550331317
base,10000,IT2 0AC_00017 0 offwind-ac,0.0,0.0009696027619448796
base,10000,IT2 0AC_00020 0 offwind-ac,0.0,0.0016180860211850727
base,10000,IT2 0AC_00025 0 offwind-ac,0.0,0.0014625634983690763
base,10000,NL2 0AC_00008 0 offwind-ac,0.0,0.00098157109513148
base,10000,NO0 0AC_00052 0 offwind-ac,0.0,0.0011586350892850816
base,10000,NO0 0AC_00090 0 offwind-ac,0.0,0.0007136810562843962
base,10000,NO0 0AC_00092 0 offwind-ac,0.0,0.000868995279834655
base,10000,NO0 0AC_00111 0 offwind-ac,0.0,0.0006312169234486419
base,10000,NO0 0AC_00115 0 offwind-ac,0.0,0.003530995138165379
base,10000,NO0 0AC_00148 0 offwind-ac,0.0,0.0005323969781887723
base,10000,NO0 0AC_00154 0 offwind-ac,0.0,0.0016604075037965774
base,10000,NO0 0AC_00162 0 offwind-ac,0.0,0.006106682564573545
base,10000,NO0 0AC_00176 0 offwind-ac,0.0,0.0008253456366054962
base,10000,SE0 0AC_00000 0 offwind-ac,0.0,0.0024982886576942025
base,10000,SE0 0AC_00001 0 offwind-ac,0.0,0.002070180804187448
base,10000,SE0 0AC_00003 0 offwind-ac,0.0,0.0016629440031216314
base,10000,SE0 0AC_00005 0 offwind-ac,0.0,0.002863476188929452
base,10000,SE0 0AC_00006 0 offwind-ac,0.0,0.0013277372157281678
base,10000,SE0 0AC_00007 0 offwind-ac,0.0,0.00242665237324265
base,10000,SE0 0AC_00008 0 offwind-ac,0.0,0.0020436437264880055
base,10000,SE0 0AC_00010 0 offwind-ac,0.0,0.004050473365373109
base,10000,SE0 0AC_00011 0 offwind-ac,0.0,0.009902520439094006
base,10000,SE0 0AC_00013 0 offwind-ac,0.0,0.001286322494429463
base,10000,SE0 0AC_00015 0 offwind-ac,0.0,0.002296239426031407
base,10000,SE0 0AC_00017 0 offwind-ac,0.0,0.0011202020127576962
base,10000,SE0 0AC_00018 0 offwind-ac,0.0,0.0019518580032379066
base,10000,SE0 0AC_00019 0 offwind-ac,0.0,5878.753864946316
base,10000,SE0 0AC_00020 0 offwind-ac,0.0,0.004909736697103095
base,10000,SE0 0AC_00025 0 offwind-ac,0.0,0.0015275331938695402
base,10000,SE0 0AC_00027 0 offwind-ac,0.0,0.0028407803760771436
base,10000,SE0 0AC_00028 0 offwind-ac,0.0,0.010742683495011918
base,10000,SE0 0AC_00029 0 offwind-ac,0.0,0.003041432445703543
base,10000,SI2 0AC_00000 0 offwind-ac,0.0,0.0006997168435414458
base,10000,AL2 0AC_00000 0 offwind-float,0.0,0.0015257700891954506
base,10000,AL2 0AC_00001 0 offwind-float,0.0,0.0009231949576997398
base,10000,BA2 0AC_00000 0 offwind-float,0.0,0.00037349061655242254
base,10000,BG2 0AC_00000 0 offwind-float,0.0,0.002916600335976364
base,10000,BG2 0AC_00001 0 offwind-float,0.0,0.0027325216871373174
base,10000,BG2 0AC_00002 0 offwind-float,0.0,4097.757634519413
base,10000,BG2 0AC_00003 0 offwind-float,0.0,0.02985993460804305
base,10000,DK0 0AC_00009 0 offwind-float,0.0,0.0010527280400857953
base,10000,ES2 0AC_00002 0 offwind-float,0.0,82.8386041168697
base,10000,ES2 0AC_00005 0 offwind-float,0.0,46.383166756936504
base,10000,ES2 0AC_00006 0 offwind-float,0.0,117.2905425880806
base,10000,ES2 0AC_00007 0 offwind-float,0.0,169.55961113990685
base,10000,ES2 0AC_00008 0 offwind-float,0.0,0.0048131353075733735
base,10000,ES2 0AC_00009 0 offwind-float,0.0,200.26221699154024
base,10000,ES2 0AC_00010 0 offwind-float,0.0,101.50079961530396
base,10000,ES2 0AC_00011 0 offwind-float,0.0,122.85091748719564
base,10000,ES2 0AC_00012 0 offwind-float,0.0,108.79712681925027
base,10000,ES2 0AC_00013 0 offwind-float,0.0,98.7158368897952
base,10000,ES2 0AC_00014 0 offwind-float,0.0,0.004127343401987268
base,10000,ES2 0AC_00016 0 offwind-float,0.0,0.002048485064102699
base,10000,ES2 0AC_00017 0 offwind-float,0.0,0.001033377213675351
base,10000,ES2 0AC_00018 0 offwind-float,0.0,126.5970792693395
base,10000,ES2 0AC_00019 0 offwind-float,0.0,0.006858480893890064
base,10000,ES2 0AC_00020 0 offwind-float,0.0,962.0127944077036
base,10000,ES2 0AC_00021 0 offwind-float,0.0,79.24699988208904
base,10000,ES2 0AC_00022 0 offwind-float,0.0,0.0006591894017364292
base,10000,ES2 0AC_00023 0 offwind-float,0.0,0.0010852479752189938
base,10000,ES2 0AC_00024 0 offwind-float,0.0,0.0013640654005015569
base,10000,ES2 0AC_00025 0 offwind-float,0.0,0.0037833082740346595
base,10000,ES2 0AC_00026 0 offwind-float,0.0,0.0006032022706921361
base,10000,ES2 0AC_00027 0 offwind-float,0.0,0.000919956664503841
base,10000,ES2 0AC_00028 0 offwind-float,0.0,0.0009201563961535851
base,10000,ES2 0AC_00029 0 offwind-float,0.0,0.0007355031368619845
base,10000,ES2 0AC_00030 0 offwind-float,0.0,0.0004770031834706789
base,10000,ES2 0AC_00031 0 offwind-float,0.0,0.0012612395860717705
base,10000,ES2 0AC_00032 0 offwind-float,0.0,0.0007969941386812352
base,10000,ES2 0AC_00033 0 offwind-float,0.0,0.0006267739456933234
base,10000,ES2 0AC_00034 0 offwind-float,0.0,0.001238075675708418
base,10000,ES2 0AC_00035 0 offwind-float,0.0,0.00529628666191468
base,10000,ES2 0AC_00036 0 offwind-float,0.0,0.000789223177355399
base,10000,ES2 0AC_00037 0 offwind-float,0.0,0.0006164739654838773
base,10000,ES2 0AC_00038 0 offwind-float,0.0,0.0009750698435016077
base,10000,ES2 0AC_00039 0 offwind-float,0.0,0.0009984082638802728
base,10000,ES2 0AC_00040 0 offwind-float,0.0,0.0007420080142438427
base,10000,ES2 0AC_00041 0 offwind-float,0.0,0.0006378172923078319
base,10000,ES2 0AC_00042 0 offwind-float,0.0,0.0004403744476922363
base,10000,ES2 0AC_00044 0 offwind-float,0.0,0.0008838229271671807
base,10000,ES2 0AC_00045 0 offwind-float,0.0,0.0031888885840424402
base,10000,ES2 0AC_00046 0 offwind-float,0.0,0.004016303218013148
base,10000,ES7 0AC_00000 0 offwind-float,0.0,0.000789693896870937
base,10000,ES7 0AC_00001 0 offwind-float,0.0,0.0006652668094452655
base,10000,ES7 0AC_00003 0 offwind-float,0.0,0.0007865052844464851
base,10000,ES7 0AC_00004 0 offwind-float,0.0,0.0006990238103470454
base,10000,ES7 0AC_00005 0 offwind-float,0.0,0.0004848741913916339
base,10000,ES7 0AC_00011 0 offwind-float,0.0,0.0006338034790691533
base,10000,ES7 0AC_00012 0 offwind-float,0.0,0.0004307822020769729
base,10000,ES7 0AC_00013 0 offwind-float,0.0,0.0005409294501761839
base,10000,ES7 0AC_00014 0 offwind-float,0.0,0.000629179565179179
base,10000,ES7 0AC_00015 0 offwind-float,0.0,0.0005154726530200158
base,10000,ES7 0AC_00016 0 offwind-float,0.0,0.0007265922350084202
base,10000,ES7 0AC_00017 0 offwind-float,0.0,0.0007425231724766985
base,10000,ES7 0AC_00018 0 offwind-float,0.0,0.0005732277129401219
base,10000,FR2 0AC_00000 0 offwind-float,0.0,0.003424072764277307
base,10000,FR2 0AC_00001 0 offwind-float,0.0,0.0024328337384633093
base,10000,FR2 0AC_00002 0 offwind-float,0.0,0.0035145579463964054
base,10000,FR2 0AC_00003 0 offwind-float,0.0,0.001729845970544949
base,10000,FR2 0AC_00004 0 offwind-float,0.0,0.0009740152199164052
base,10000,FR2 0AC_00005 0 offwind-float,0.0,0.0013421358482548927
base,10000,FR2 0AC_00006 0 offwind-float,0.0,0.00228757170594201
base,10000,FR2 0AC_00007 0 offwind-float,0.0,0.004694267356794637
base,10000,FR2 0AC_00008 0 offwind-float,0.0,0.002460182701951052
base,10000,FR2 0AC_00012 0 offwind-float,0.0,0.0008011103286609018
base,10000,FR2 0AC_00013 0 offwind-float,0.0,0.0030303800488619788
base,10000,FR2 0AC_00014 0 offwind-float,0.0,0.002095721589708055
base,10000,FR2 0AC_00015 0 offwind-float,0.0,0.0015626768475673855
base,10000,FR2 0AC_00016 0 offwind-float,0.0,0.0017323966669086
base,10000,FR2 0AC_00017 0 offwind-float,0.0,0.0011950442381119893
base,10000,FR2 0AC_00018 0 offwind-float,0.0,0.0009832750374601104
base,10000,FR2 0AC_00019 0 offwind-float,0.0,0.00251183200191377
base,10000,FR2 0AC_00020 0 offwind-float,0.0,0.0022782512529924705
base,10000,FR2 0AC_00025 0 offwind-float,0.0,0.0022194801824625032
base,10000,FR2 0AC_00026 0 offwind-float,0.0,0.0012371848612867354
base,10000,FR2 0AC_00028 0 offwind-float,0.0,0.0016742294773338755
base,10000,FR2 0AC_00030 0 offwind-float,0.0,0.0006143475701030058
base,10000,FR2 0AC_00036 0 offwind-float,0.0,146.36056268872983
base,10000,FR2 0AC_00037 0 offwind-float,0.0,0.0041884245440708245
base,10000,FR2 0AC_00039 0 offwind-float,0.0,0.0005813594528783527
base,10000,FR2 0AC_00040 0 offwind-float,0.0,0.0078045697013914665
base,10000,FR2 0AC_00041 0 offwind-float,0.0,0.002599593198304216
base,10000,FR2 0AC_00042 0 offwind-float,0.0,0.0004343674380095078
base,10000,FR2 0AC_00043 0 offwind-float,0.0,0.0010186357882231525
base,10000,FR6 0AC_00000 0 offwind-float,0.0,0.0005867056748205625
base,10000,FR6 0AC_00001 0 offwind-float,0.0,0.0011496090860173265
base,10000,FR6 0AC_00002 0 offwind-float,0.0,0.0006005407271011342
base,10000,GB1 0AC_00000 0 offwind-float,0.0,0.00794481226984162
base,10000,GB1 0AC_00001 0 offwind-float,0.0,0.0017607300825806921
base,10000,GB1 0AC_00002 0 offwind-float,0.0,0.0028268378158523583
base,10000,GB1 0AC_00003 0 offwind-float,0.0,0.002072325265151421
base,10000,GB1 0AC_00004 0 offwind-float,0.0,0.0026659107832028564
base,10000,GB1 0AC_00006 0 offwind-float,0.0,0.0014486720651519247
base,10000,GB1 0AC_00010 0 offwind-float,0.0,0.004952961713669744
base,10000,GB1 0AC_00011 0 offwind-float,0.0,0.00420122812235669
base,10000,GB1 0AC_00013 0 offwind-float,0.0,0.002232019544628112
base,10000,GB1 0AC_00014 0 offwind-float,0.0,0.001009332351419111
base,10000,GB1 0AC_00016 0 offwind-float,0.0,0.006721514698694187
base,10000,GB1 0AC_00017 0 offwind-float,0.0,0.002130003867233462
base,10000,GB1 0AC_00019 0 offwind-float,0.0,0.00043559569141561545
base,10000,GB1 0AC_00025 0 offwind-float,0.0,0.0018510044542326828
base,10000,GB1 0AC_00027 0 offwind-float,0.0,0.0017339025590239487
base,10000,GB1 0AC_00030 0 offwind-float,0.0,0.001525817267419851
base,10000,GB1 0AC_00031 0 offwind-float,0.0,0.001425578933807629
base,10000,GB1 0AC_00036 0 offwind-float,0.0,0.0007407069053791825
base,10000,GB1 0AC_00037 0 offwind-float,0.0,0.007726194435332753
base,10000,GB1 0AC_00041 0 offwind-float,0.0,0.004684619135613284
base,10000,GB1 0AC_00047 0 offwind-float,0.0,0.002428141540223316
base,10000,GB1 0AC_00053 0 offwind-float,0.0,0.0026276156619977763
base,10000,GB1 0AC_00054 0 offwind-float,0.0,0.0014723133804502902
base,10000,GB1 0AC_00055 0 offwind-float,0.0,0.0015371602205947685
base,10000,GB1 0AC_00057 0 offwind-float,0.0,0.0024545203669895524
base,10000,GB1 0AC_00058 0 offwind-float,0.0,0.0023201723243378154
base,10000,GB1 0AC_00062 0 offwind-float,0.0,0.001778790065780076
base,10000,GB1 0AC_00063 0 offwind-float,0.0,0.002237343177900174
base,10000,GB1 0AC_00064 0 offwind-float,0.0,0.00232203455848906
base,10000,GB1 0AC_00065 0 offwind-float,0.0,0.0020892788183737793
base,10000,GB1 0AC_00069 0 offwind-float,0.0,0.0018853445985703469
base,10000,GB3 0AC_00002 0 offwind-float,0.0,0.004153936198005852
base,10000,GB3 0AC_00003 0 offwind-float,0.0,0.0015033826499584277
base,10000,GB3 0AC_00006 0 offwind-float,0.0,541.487483563117
base,10000,GB3 0AC_00007 0 offwind-float,0.0,86.88953441897306
base,10000,GB3 0AC_00008 0 offwind-float,0.0,78.94666160334677
base,10000,GB3 0AC_00009 0 offwind-float,0.0,0.02232183437914154
base,10000,GB3 0AC_00010 0 offwind-float,0.0,2511.690229589836
base,10000,GB3 0AC_00011 0 offwind-float,0.0,187.17635593892643
base,10000,GB3 0AC_00012 0 offwind-float,0.0,0.0008699047076706321
base,10000,GB3 0AC_00013 0 offwind-float,0.0,0.0026235048108884944
base,10000,GB3 0AC_00014 0 offwind-float,0.0,0.004956484796494878
base,10000,GB3 0AC_00015 0 offwind-float,0.0,0.004061302677198524
base,10000,GB3 0AC_00016 0 offwind-float,0.0,0.0029311795614161053
base,10000,GB5 0AC_00000 0 offwind-float,0.0,0.006250122685320683
base,10000,GB5 0AC_00001 0 offwind-float,0.0,0.006439331999260868
base,10000,GB5 0AC_00007 0 offwind-float,0.0,0.003110469008659425
base,10000,GB5 0AC_00008 0 offwind-float,0.0,0.0025369332119362016
base,10000,GB5 0AC_00009 0 offwind-float,0.0,0.06289588694110487
base,10000,GB5 0AC_00010 0 offwind-float,0.0,0.008823909211848046
base,10000,GB5 0AC_00011 0 offwind-float,0.0,0.0033540961469385876
base,10000,GB5 0AC_00018 0 offwind-float,0.0,0.0031658702377645796
base,10000,GB5 0AC_00019 0 offwind-float,0.0,580.2623468741066
base,10000,GB5 0AC_00020 0 offwind-float,0.0,0.0161578664591191
base,10000,GB5 0AC_00021 0 offwind-float,0.0,0.0037712787909395893
base,10000,GB5 0AC_00022 0 offwind-float,0.0,0.005063359294891315
base,10000,GB5 0AC_00023 0 offwind-float,0.0,0.002678578445194006
base,10000,GR2 0AC_00000 0 offwind-float,0.0,0.0009079064210606745
base,10000,GR2 0AC_00001 0 offwind-float,0.0,0.0008366111261805635
base,10000,GR2 0AC_00002 0 offwind-float,0.0,0.0007356256465870746
base,10000,GR2 0AC_00003 0 offwind-float,0.0,0.0012673115298831488
base,10000,GR2 0AC_00004 0 offwind-float,0.0,0.0009124129382069533
base,10000,GR2 0AC_00005 0 offwind-float,0.0,0.0007806943230912263
base,10000,GR2 0AC_00006 0 offwind-float,0.0,0.0009170554050683663
base,10000,GR2 0AC_00007 0 offwind-float,0.0,0.0006787783666768846
base,10000,GR2 0AC_00009 0 offwind-float,0.0,0.0012148934910276776
base,10000,GR2 0AC_00010 0 offwind-float,0.0,0.0007145397066994649
base,10000,GR2 0AC_00011 0 offwind-float,0.0,0.000667292689027365
base,10000,GR2 0AC_00012 0 offwind-float,0.0,0.000831966650635306
base,10000,GR2 0AC_00013 0 offwind-float,0.0,0.0005383221806240129
base,10000,GR2 0AC_00014 0 offwind-float,0.0,0.0007256381686397821
base,10000,GR2 0AC_00017 0 offwind-float,0.0,0.0008043795697025997
base,10000,GR2 0AC_00018 0 offwind-float,0.0,0.000859037673892171
base,10000,GR2 0AC_00021 0 offwind-float,0.0,0.0009376950294789547
base,10000,GR2 0AC_00022 0 offwind-float,0.0,0.00110890022410251
base,10000,GR2 0AC_00023 0 offwind-float,0.0,0.0009313835032569384
base,10000,GR2 0AC_00024 0 offwind-float,0.0,0.0009426930174147912
base,10000,GR2 0AC_00025 0 offwind-float,0.0,0.001234131138999201
base,10000,GR2 0AC_00026 0 offwind-float,0.0,0.00034327753224165744
base,10000,GR2 0AC_00027 0 offwind-float,0.0,0.0002669371976293795
base,10000,GR2 0AC_00029 0 offwind-float,0.0,0.0006237970681890152
base,10000,GR2 0AC_00030 0 offwind-float,0.0,0.0036332647651443283
base,10000,GR2 0AC_00031 0 offwind-float,0.0,0.0013118744526871846
base,10000,GR2 0AC_00033 0 offwind-float,0.0,0.0005597978599066191
base,10000,GR2 0AC_00034 0 offwind-float,0.0,0.0008499560101500265
base,10000,GR2 0AC_00035 0 offwind-float,0.0,0.001798615942649852
base,10000,GR2 0AC_00036 0 offwind-float,0.0,0.0010113821053918367
base,10000,GR2 0AC_00037 0 offwind-float,0.0,0.0016494948931251954
base,10000,GR2 0AC_00038 0 offwind-float,0.0,0.002141130923492079
base,10000,GR2 0AC_00039 0 offwind-float,0.0,0.15592877659714546
base,10000,GR2 0AC_00040 0 offwind-float,0.0,0.156172768637048
base,10000,GR2 0AC_00041 0 offwind-float,0.0,0.0006754497798335873
base,10000,GR2 0AC_00042 0 offwind-float,0.0,0.002058991728042968
base,10000,GR2 0AC_00044 0 offwind-float,0.0,0.0009650348824497797
base,10000,GR2 0AC_00045 0 offwind-float,0.0,0.0004955156889826589
base,10000,GR2 0AC_00046 0 offwind-float,0.0,0.006065337996210955
base,10000,GR2 0AC_00047 0 offwind-float,0.0,0.0030967202419310245
base,10000,GR2 0AC_00048 0 offwind-float,0.0,0.0033310217628413075
base,10000,GR2 0AC_00050 0 offwind-float,0.0,532.9128622426757
base,10000,GR2 0AC_00051 0 offwind-float,0.0,1139.5603403231314
base,10000,GR2 0AC_00052 0 offwind-float,0.0,0.0017279218876837794
base,10000,GR2 0AC_00053 0 offwind-float,0.0,0.0007057424021463214
base,10000,GR2 0AC_00054 0 offwind-float,0.0,0.007404212392871833
base,10000,GR2 0AC_00055 0 offwind-float,0.0,0.0019739655628911615
base,10000,GR2 0AC_00056 0 offwind-float,0.0,0.0008562581990811255
base,10000,GR2 0AC_00057 0 offwind-float,0.0,0.0034646854656509075
base,10000,GR2 0AC_00058 0 offwind-float,0.0,0.0004153157132076984
base,10000,GR2 0AC_00059 0 offwind-float,0.0,0.0008475694099997626
base,10000,GR2 0AC_00060 0 offwind-float,0.0,0.0006208545506891749
base,10000,GR2 0AC_00062 0 offwind-float,0.0,0.001905178491436944
base,10000,GR2 0AC_00063 0 offwind-float,0.0,0.0017689444501951211
base,10000,GR2 0AC_00064 0 offwind-float,0.0,0.0006527186224929199
base,10000,GR2 0AC_00065 0 offwind-float,0.0,0.0027963242599805893
base,10000,GR2 0AC_00066 0 offwind-float,0.0,0.0008805444974743144
base,10000,GR2 0AC_00067 0 offwind-float,0.0,0.0005408874208048662
base,10000,GR2 0AC_00068 0 offwind-float,0.0,0.0005699736542901517
base,10000,GR2 0AC_00069 0 offwind-float,0.0,0.0004749483511094796
base,10000,HR2 0AC_00002 0 offwind-float,0.0,0.0016282799733577029
base,10000,HR2 0AC_00004 0 offwind-float,0.0,0.0012369464544860582
base,10000,HR2 0AC_00006 0 offwind-float,0.0,0.0014426248494085882
base,10000,HR2 0AC_00007 0 offwind-float,0.0,0.0014865350066296094
base,10000,HR2 0AC_00009 0 offwind-float,0.0,0.0010900945016773876
base,10000,IE3 0AC_00012 0 offwind-float,0.0,781.6926124668158
base,10000,IE3 0AC_00013 0 offwind-float,0.0,52.361438375447754
base,10000,IE3 0AC_00014 0 offwind-float,0.0,0.003663489934851819
base,10000,IE3 0AC_00016 0 offwind-float,0.0,0.004602343690243857
base,10000,IE3 0AC_00019 0 offwind-float,0.0,0.0090910256586022
base,10000,IE3 0AC_00020 0 offwind-float,0.0,0.0050865518760227135
base,10000,IE3 0AC_00021 0 offwind-float,0.0,0.06037071235597627
base,10000,IE3 0AC_00022 0 offwind-float,0.0,0.013793623777865326
base,10000,IE3 0AC_00023 0 offwind-float,0.0,0.014205939149547226
base,10000,IE3 0AC_00024 0 offwind-float,0.0,0.00561265848811724
base,10000,IE3 0AC_00025 0 offwind-float,0.0,0.004796565794918296
base,10000,IE3 0AC_00026 0 offwind-float,0.0,0.00665849560510349
base,10000,IE3 0AC_00027 0 offwind-float,0.0,0.004054086509498207
base,10000,IE3 0AC_00028 0 offwind-float,0.0,0.002565708433113819
base,10000,IE3 0AC_00029 0 offwind-float,0.0,0.003836714583845071
base,10000,IE3 0AC_00030 0 offwind-float,0.0,0.0017293051527916925
base,10000,IE3 0AC_00035 0 offwind-float,0.0,0.005933822989897505
base,10000,IE3 0AC_00039 0 offwind-float,0.0,0.0035792377464315627
base,10000,IE3 0AC_00040 0 offwind-float,0.0,0.0031750677799605954
base,10000,IE3 0AC_00042 0 offwind-float,0.0,0.0035773527706695414
base,10000,IE3 0AC_00043 0 offwind-float,0.0,0.007371873022693757
base,10000,IE3 0AC_00044 0 offwind-float,0.0,0.003182837651725867
base,10000,IE3 0AC_00045 0 offwind-float,0.0,0.0028706879773715646
base,10000,IE3 0AC_00047 0 offwind-float,0.0,0.0039713208764282516
base,10000,IE3 0AC_00048 0 offwind-float,0.0,0.0034066550114807454
base,10000,IE3 0AC_00049 0 offwind-float,0.0,0.002080238498942913
base,10000,IE3 0AC_00051 0 offwind-float,0.0,0.002203587412342518
base,10000,IT2 0AC_00000 0 offwind-float,0.0,0.0006114970659389594
base,10000,IT2 0AC_00001 0 offwind-float,0.0,0.0016648190292177702
base,10000,IT2 0AC_00004 0 offwind-float,0.0,0.0007282484723540775
base,10000,IT2 0AC_00005 0 offwind-float,0.0,0.0012279203046509466
base,10000,IT2 0AC_00008 0 offwind-float,0.0,0.0013492916137783203
base,10000,IT2 0AC_00009 0 offwind-float,0.0,0.0014771512647710047
base,10000,IT2 0AC_00010 0 offwind-float,0.0,0.0008972297704185759
base,10000,IT2 0AC_00011 0 offwind-float,0.0,0.0032316392583223185
base,10000,IT2 0AC_00012 0 offwind-float,0.0,0.002300579517433988
base,10000,IT2 0AC_00013 0 offwind-float,0.0,0.0008306176273854847
base,10000,IT2 0AC_00014 0 offwind-float,0.0,0.0012987080441804568
base,10000,IT2 0AC_00015 0 offwind-float,0.0,0.0007621734210006498
base,10000,IT2 0AC_00016 0 offwind-float,0.0,0.000706374157694454
base,10000,IT2 0AC_00018 0 offwind-float,0.0,0.0016653091445528677
base,10000,IT2 0AC_00019 0 offwind-float,0.0,0.003360476193226073
base,10000,IT2 0AC_00021 0 offwind-float,0.0,0.0009936070101727174
base,10000,IT2 0AC_00022 0 offwind-float,0.0,0.0009911849563138115
base,10000,IT2 0AC_00023 0 offwind-float,0.0,0.0005321315567502015
base,10000,IT2 0AC_00024 0 offwind-float,0.0,0.0008131033311627551
base,10000,IT2 0AC_00026 0 offwind-float,0.0,0.00045392257386842895
base,10000,IT2 0AC_00027 0 offwind-float,0.0,0.0013294066063863435
base,10000,IT2 0AC_00028 0 offwind-float,0.0,0.0011006357592726888
base,10000,IT2 0AC_00029 0 offwind-float,0.0,0.0008172065970259027
base,10000,IT2 0AC_00030 0 offwind-float,0.0,0.0005633113522501218
base,10000,IT2 0AC_00031 0 offwind-float,0.0,0.001200105346596117
base,10000,IT2 0AC_00032 0 offwind-float,0.0,0.0005753596038710965
base,10000,IT2 0AC_00033 0 offwind-float,0.0,0.0007161308216482408
base,10000,IT2 0AC_00034 0 offwind-float,0.0,0.0010132816804914626
base,10000,IT2 0AC_00035 0 offwind-float,0.0,0.0004955563304573342
base,10000,IT2 0AC_00036 0 offwind-float,0.0,0.0004198480980015645
base,10000,IT2 0AC_00037 0 offwind-float,0.0,0.0009782194916174594
base,10000,IT2 0AC_00038 0 offwind-float,0.0,0.0010171897792172588
base,10000,IT2 0AC_00039 0 offwind-float,0.0,0.0007907399875712653
base,10000,IT2 0AC_00040 0 offwind-float,0.0,0.0012289817206526988
base,10000,IT2 0AC_00041 0 offwind-float,0.0,0.0014176331744589026
base,10000,IT2 0AC_00042 0 offwind-float,0.0,0.0015152806148590995
base,10000,IT2 0AC_00043 0 offwind-float,0.0,0.0009570991067281197
base,10000,IT2 0AC_00044 0 offwind-float,0.0,0.0017622686196342493
base,10000,IT4 0AC_00000 0 offwind-float,0.0,0.0017107873919540884
base,10000,IT4 0AC_00001 0 offwind-float,0.0,0.0007656019480407487
base,10000,IT4 0AC_00002 0 offwind-float,0.0,0.0009308646197534177
base,10000,IT4 0AC_00003 0 offwind-float,0.0,0.0009629421444559231
base,10000,IT4 0AC_00004 0 offwind-float,0.0,0.0008255208965413524
base,10000,IT4 0AC_00005 0 offwind-float,0.0,0.0011276372573750936
base,10000,IT4 0AC_00006 0 offwind-float,0.0,0.0009393161901876835
base,10000,IT4 0AC_00007 0 offwind-float,0.0,0.0006520133895844731
base,10000,IT4 0AC_00008 0 offwind-float,0.0,0.000986497454229063
base,10000,IT4 0AC_00009 0 offwind-float,0.0,0.0010832272048942077
base,10000,IT4 0AC_00011 0 offwind-float,0.0,0.0013348358680039564
base,10000,IT4 0AC_00012 0 offwind-float,0.0,0.0005597063709250438
base,10000,IT4 0AC_00013 0 offwind-float,0.0,0.001302236766575059
base,10000,ME2 0AC_00000 0 offwind-float,0.0,0.0012592155855268938
base,10000,NO0 0AC_00000 0 offwind-float,0.0,0.0020001204446983066
base,10000,NO0 0AC_00001 0 offwind-float,0.0,0.001728789139286721
base,10000,NO0 0AC_00002 0 offwind-float,0.0,0.0019661414155686847
base,10000,NO0 0AC_00003 0 offwind-float,0.0,0.0012906765910599008
base,10000,NO0 0AC_00004 0 offwind-float,0.0,0.002892271345734387
base,10000,NO0 0AC_00005 0 offwind-float,0.0,0.002481165641933875
base,10000,NO0 0AC_00006 0 offwind-float,0.0,0.001448296644400347
base,10000,NO0 0AC_00007 0 offwind-float,0.0,0.0013931762587124329
base,10000,NO0 0AC_00008 0 offwind-float,0.0,0.0026685098585356305
base,10000,NO0 0AC_00009 0 offwind-float,0.0,0.0019590563771812466
base,10000,NO0 0AC_00010 0 offwind-float,0.0,0.0019606478826885237
base,10000,NO0 0AC_00011 0 offwind-float,0.0,0.0019154920856662406
base,10000,NO0 0AC_00012 0 offwind-float,0.0,0.0020463798852846217
base,10000,NO0 0AC_00013 0 offwind-float,0.0,0.0011394216543151275
base,10000,NO0 0AC_00014 0 offwind-float,0.0,0.0019823358638758437
base,10000,NO0 0AC_00015 0 offwind-float,0.0,0.0017423065758659618
base,10000,NO0 0AC_00016 0 offwind-float,0.0,0.0009620207146880105
base,10000,NO0 0AC_00017 0 offwind-float,0.0,0.001485016716757816
base,10000,NO0 0AC_00018 0 offwind-float,0.0,0.0016281670211720275
base,10000,NO0 0AC_00019 0 offwind-float,0.0,0.002323893098255091
base,10000,NO0 0AC_00020 0 offwind-float,0.0,0.001961139020526188
base,10000,NO0 0AC_00021 0 offwind-float,0.0,0.0017216668486423944
base,10000,NO0 0AC_00023 0 offwind-float,0.0,0.0018686097396150732
base,10000,NO0 0AC_00024 0 offwind-float,0.0,0.0013377157325047953
base,10000,NO0 0AC_00025 0 offwind-float,0.0,0.0016993683526578633
base,10000,NO0 0AC_00026 0 offwind-float,0.0,0.0022044322212078963
base,10000,NO0 0AC_00027 0 offwind-float,0.0,0.0016270038088011677
base,10000,NO0 0AC_00032 0 offwind-float,0.0,0.0014737508172681204
base,10000,NO0 0AC_00033 0 offwind-float,0.0,0.0008904078431064777
base,10000,NO0 0AC_00036 0 offwind-float,0.0,0.00036101388778854806
base,10000,NO0 0AC_00039 0 offwind-float,0.0,0.0019508251285951274
base,10000,NO0 0AC_00040 0 offwind-float,0.0,0.001840292312531443
base,10000,NO0 0AC_00041 0 offwind-float,0.0,0.0001426586741505657
base,10000,NO0 0AC_00045 0 offwind-float,0.0,0.00017355498490366562
base,10000,NO0 0AC_00046 0 offwind-float,0.0,0.00035766222591681023
base,10000,NO0 0AC_00047 0 offwind-float,0.0,0.0018768312185036284
base,10000,NO0 0AC_00048 0 offwind-float,0.0,0.0013707638399860322
base,10000,NO0 0AC_00049 0 offwind-float,0.0,0.001529073070261842
base,10000,NO0 0AC_00050 0 offwind-float,0.0,0.0018153522419548354
base,10000,NO0 0AC_00051 0 offwind-float,0.0,0.00019722807109695968
base,10000,NO0 0AC_00053 0 offwind-float,0.0,0.0002600573133590266
base,10000,NO0 0AC_00056 0 offwind-float,0.0,0.001992458589313629
base,10000,NO0 0AC_00057 0 offwind-float,0.0,0.0018643237711299058
base,10000,NO0 0AC_00060 0 offwind-float,0.0,0.0018114316200293923
base,10000,NO0 0AC_00061 0 offwind-float,0.0,0.0019438137289391959
base,10000,NO0 0AC_00062 0 offwind-float,0.0,8.336806568475065e-05
base,10000,NO0 0AC_00064 0 offwind-float,0.0,0.00023146630974916043
base,10000,NO0 0AC_00065 0 offwind-float,0.0,0.00021998482182989835
base,10000,NO0 0AC_00066 0 offwind-float,0.0,0.0013991584667047859
base,10000,NO0 0AC_00068 0 offwind-float,0.0,0.0010718936295774117
base,10000,NO0 0AC_00069 0 offwind-float,0.0,0.0017702468489615168
base,10000,NO0 0AC_00070 0 offwind-float,0.0,0.0014320376339109595
base,10000,NO0 0AC_00071 0 offwind-float,0.0,0.0011495949696607019
base,10000,NO0 0AC_00074 0 offwind-float,0.0,0.0017205353914891244
base,10000,NO0 0AC_00075 0 offwind-float,0.0,0.0016699112873434965
base,10000,NO0 0AC_00076 0 offwind-float,0.0,0.0019195536167695261
base,10000,NO0 0AC_00077 0 offwind-float,0.0,0.0018097723542241733
base,10000,NO0 0AC_00079 0 offwind-float,0.0,0.0003786959437504164
base,10000,NO0 0AC_00081 0 offwind-float,0.0,0.0012378820299706612
base,10000,NO0 0AC_00084 0 offwind-float,0.0,0.0009309333205931679
base,10000,NO0 0AC_00085 0 offwind-float,0.0,0.001889189400074095
base,10000,NO0 0AC_00086 0 offwind-float,0.0,0.0013857994778960115
base,10000,NO0 0AC_00087 0 offwind-float,0.0,0.0018944464792262198
base,10000,NO0 0AC_00088 0 offwind-float,0.0,0.0015462806275450042
base,10000,NO0 0AC_00089 0 offwind-float,0.0,0.0014977658715025252
base,10000,NO0 0AC_00093 0 offwind-float,0.0,0.0008399472541010656
base,10000,NO0 0AC_00094 0 offwind-float,0.0,0.0011503273788761373
base,10000,NO0 0AC_00095 0 offwind-float,0.0,0.0016189785382773822
base,10000,NO0 0AC_00098 0 offwind-float,0.0,0.001473054969207543
base,10000,NO0 0AC_00099 0 offwind-float,0.0,0.00020577675236464592
base,10000,NO0 0AC_00101 0 offwind-float,0.0,0.00025458343702239485
base,10000,NO0 0AC_00103 0 offwind-float,0.0,0.0003688613623802706
base,10000,NO0 0AC_00104 0 offwind-float,0.0,0.001505810553538231
base,10000,NO0 0AC_00105 0 offwind-float,0.0,0.0005067723369636347
base,10000,NO0 0AC_00108 0 offwind-float,0.0,0.0009198225712060764
base,10000,NO0 0AC_00112 0 offwind-float,0.0,0.0013561710195575767
base,10000,NO0 0AC_00113 0 offwind-float,0.0,0.0013629601942399532
base,10000,NO0 0AC_00114 0 offwind-float,0.0,0.0011097301777604478
base,10000,NO0 0AC_00116 0 offwind-float,0.0,0.0011345993126160982
base,10000,NO0 0AC_00117 0 offwind-float,0.0,0.002875905823810179
base,10000,NO0 0AC_00118 0 offwind-float,0.0,0.0014375636658443373
base,10000,NO0 0AC_00119 0 offwind-float,0.0,0.00387504450600335
base,10000,NO0 0AC_00120 0 offwind-float,0.0,0.00121236979407341
base,10000,NO0 0AC_00121 0 offwind-float,0.0,0.00396683816064772
base,10000,NO0 0AC_00124 0 offwind-float,0.0,0.002768202840871457
base,10000,NO0 0AC_00125 0 offwind-float,0.0,0.0035412833343486548
base,10000,NO0 0AC_00127 0 offwind-float,0.0,0.00019781395367873708
base,10000,NO0 0AC_00128 0 offwind-float,0.0,0.0001791280360522671
base,10000,NO0 0AC_00129 0 offwind-float,0.0,0.0003790127121187471
base,10000,NO0 0AC_00130 0 offwind-float,0.0,0.00031019301530672063
base,10000,NO0 0AC_00131 0 offwind-float,0.0,0.0004171562395667836
base,10000,NO0 0AC_00132 0 offwind-float,0.0,0.0027381851593760265
base,10000,NO0 0AC_00133 0 offwind-float,0.0,0.0004871906835638535
base,10000,NO0 0AC_00136 0 offwind-float,0.0,0.00017606221786747392
base,10000,NO0 0AC_00137 0 offwind-float,0.0,0.00237805052966396
base,10000,NO0 0AC_00139 0 offwind-float,0.0,0.00023910746036543017
base,10000,NO0 0AC_00140 0 offwind-float,0.0,0.0034812810613836466
base,10000,NO0 0AC_00141 0 offwind-float,0.0,0.0016018730467323172
base,10000,NO0 0AC_00142 0 offwind-float,0.0,0.003188995078135126
base,10000,NO0 0AC_00145 0 offwind-float,0.0,0.002428153329529094
base,10000,NO0 0AC_00149 0 offwind-float,0.0,0.00040099996618634455
base,10000,NO0 0AC_00150 0 offwind-float,0.0,0.002220317641998371
base,10000,NO0 0AC_00151 0 offwind-float,0.0,0.0004257589740262133
base,10000,NO0 0AC_00153 0 offwind-float,0.0,0.0024037571277692247
base,10000,NO0 0AC_00155 0 offwind-float,0.0,0.0020396088279463704
base,10000,NO0 0AC_00157 0 offwind-float,0.0,0.0023630312364058834
base,10000,NO0 0AC_00158 0 offwind-float,0.0,0.0003336876468993618
base,10000,NO0 0AC_00160 0 offwind-float,0.0,0.001885570692922016
base,10000,NO0 0AC_00163 0 offwind-float,0.0,0.0018341271006744203
base,10000,NO0 0AC_00165 0 offwind-float,0.0,0.0022778094121830568
base,10000,NO0 0AC_00166 0 offwind-float,0.0,0.0003890571764666101
base,10000,NO0 0AC_00167 0 offwind-float,0.0,0.00047714989664273945
base,10000,NO0 0AC_00168 0 offwind-float,0.0,0.00043792268265708335
base,10000,NO0 0AC_00170 0 offwind-float,0.0,0.002492122391584463
base,10000,NO0 0AC_00171 0 offwind-float,0.0,0.0004263303585264391
base,10000,NO0 0AC_00172 0 offwind-float,0.0,0.0026908368851029083
base,10000,NO0 0AC_00177 0 offwind-float,0.0,0.0024882785441982815
base,10000,NO0 0AC_00178 0 offwind-float,0.0,0.003615355980166017
base,10000,NO0 0AC_00179 0 offwind-float,0.0,0.002162164843758163
base,10000,NO0 0AC_00180 0 offwind-float,0.0,0.0022656033308199883
base,10000,NO0 0AC_00181 0 offwind-float,0.0,0.004123403323536976
base,10000,PT2 0AC_00002 0 offwind-float,0.0,0.0041665729535984315
base,10000,PT2 0AC_00003 0 offwind-float,0.0,0.0016222464877643128
base,10000,PT2 0AC_00005 0 offwind-float,0.0,96.171850852127
base,10000,PT2 0AC_00007 0 offwind-float,0.0,0.001287650536791929
base,10000,PT2 0AC_00008 0 offwind-float,0.0,0.0012278863428026405
base,10000,PT2 0AC_00009 0 offwind-float,0.0,0.0019844067754478337
base,10000,PT2 0AC_00010 0 offwind-float,0.0,0.008043677317071894
base,10000,PT2 0AC_00011 0 offwind-float,0.0,0.0009431788512933204
base,10000,PT2 0AC_00012 0 offwind-float,0.0,0.0009454704901872352
base,10000,PT2 0AC_00013 0 offwind-float,0.0,0.0013667857607704216
base,10000,PT2 0AC_00014 0 offwind-float,0.0,0.0012143162058859964
base,10000,PT2 0AC_00015 0 offwind-float,0.0,0.0015053015409001004
base,10000,PT2 0AC_00016 0 offwind-float,0.0,0.003398860625665861
base,10000,PT2 0AC_00017 0 offwind-float,0.0,0.0016206535875332227
base,10000,PT2 0AC_00018 0 offwind-float,0.0,0.0013434074490423942
base,10000,PT2 0AC_00019 0 offwind-float,0.0,0.0018294403171747182
base,10000,PT2 0AC_00020 0 offwind-float,0.0,0.0009833454537007584
base,10000,PT2 0AC_00021 0 offwind-float,0.0,0.0016158892899952096
base,10000,PT2 0AC_00023 0 offwind-float,0.0,0.0009168251493813287
base,10000,PT2 0AC_00024 0 offwind-float,0.0,0.0012729211578454388
base,10000,PT2 0AC_00025 0 offwind-float,0.0,0.00109999736505618
base,10000,PT2 0AC_00026 0 offwind-float,0.0,0.0017557249579597239
base,10000,PT2 0AC_00027 0 offwind-float,0.0,0.0010881564756439407
base,10000,PT2 0AC_00028 0 offwind-float,0.0,0.0009955640224399475
base,10000,PT2 0AC_00029 0 offwind-float,0.0,0.0012510909692857368
base,10000,PT2 0AC_00030 0 offwind-float,0.0,0.0011137376053188906
base,10000,PT2 0AC_00031 0 offwind-float,0.0,0.0012626000968332116
base,10000,PT2 0AC_00032 0 offwind-float,0.0,0.0008712578405834326
base,10000,SE0 0AC_00002 0 offwind-float,0.0,0.0008627773180573356
base,10000,SE0 0AC_00014 0 offwind-float,0.0,0.0015221780102644875
base,10000,SE0 0AC_00016 0 offwind-float,0.0,0.001763914890222751
base,10000,SE0 0AC_00021 0 offwind-float,0.0,0.0014195157165101627
base,10000,SE0 0AC_00023 0 offwind-float,0.0,0.002257966653808721
base,10000,SE0 0AC_00026 0 offwind-float,0.0,0.0017445849001648766
base,10000,BE2 0AC_00000 0 offwind-dc,0.0,1732.8065063722795
base,10000,DE2 0AC_00000 0 offwind-dc,0.0,4417.5217406267075
base,10000,DE2 0AC_00001 0 offwind-dc,0.0,19788.182209854265
base,10000,DE2 0AC_00002 0 offwind-dc,0.0,1816.3672879861451
base,10000,DE2 0AC_00005 0 offwind-dc,0.0,16816.266124274433
base,10000,DK2 0AC_00000 0 offwind-dc,0.0,0.021985817043492974
base,10000,DK2 0AC_00002 0 offwind-dc,0.0,0.025313061683263728
base,10000,DK2 0AC_00003 0 offwind-dc,0.0,3806.621599553531
base,10000,DK2 0AC_00004 0 offwind-dc,0.0,13227.553146094531
base,10000,FR2 0AC_00038 0 offwind-dc,0.0,4990.096814601433
base,10000,GB1 0AC_00066 0 offwind-dc,0.0,0.0032043435965995737
base,10000,GB1 0AC_00068 0 offwind-dc,0.0,0.0028047957407289943
base,10000,GB1 0AC_00070 0 offwind-dc,0.0,0.0019078182174768856
base,10000,GB1 0AC_00072 0 offwind-dc,0.0,0.0027474656713311857
base,10000,GR2 0AC_00049 0 offwind-dc,0.0,1.4303740989220979
base,10000,HR2 0AC_00001 0 offwind-dc,0.0,0.007635434653318757
base,10000,NL2 0AC_00000 0 offwind-dc,0.0,0.0065676667224922845
base,10000,NL2 0AC_00002 0 offwind-dc,0.0,0.021317561276369548
base,10000,NL2 0AC_00003 0 offwind-dc,0.0,0.010717210704555792
base,10000,NL2 0AC_00005 0 offwind-dc,0.0,16991.551188695536
base,10000,NL2 0AC_00006 0 offwind-dc,0.0,21740.671446653414
base,10000,NL2 0AC_00009 0 offwind-dc,0.0,0.0042212278773793
base,10000,NL2 0AC_00010 0 offwind-dc,0.0,0.008653734858310398
base,10000,NO0 0AC_00096 0 offwind-dc,0.0,0.0035968585378562535
base,10000,SE0 0AC_00012 0 offwind-dc,0.0,11660.962785974307
new_more,10000,FR2 0AC_00034 0 offwind-ac,0.11168401329086686,0.0003058691985439847
new_more,10000,NL2 0AC_00008 0 offwind-ac,0.11148966880642597,0.0004455913318242729
new_more,10000,NO0 0AC_00111 0 offwind-ac,0.11198731458992983,0.0001813418787258285
new_more,10000,SE0 0AC_00008 0 offwind-ac,0.11149068123844352,0.0006113755365169556
new_more,10000,BG2 0AC_00001 0 offwind-float,0.11153860465611776,0.0009756751075839582
new_more,10000,ES2 0AC_00002 0 offwind-float,0.1115139854876952,0.005446428810069398
new_more,10000,ES2 0AC_00005 0 offwind-float,0.11149648039366955,0.0014649585333688126
new_more,10000,ES2 0AC_00006 0 offwind-float,0.11146943980041835,0.004882639848564221
new_more,10000,ES2 0AC_00007 0 offwind-float,0.11147981116847394,0.004435992153812338
new_more,10000,ES2 0AC_00008 0 offwind-float,0.11146025282031136,0.001304034558118401
new_more,10000,ES2 0AC_00009 0 offwind-float,0.11155224292757149,0.0029350317196519256
new_more,10000,ES2 0AC_00010 0 offwind-float,0.11146816585440789,0.0024968957169367767
new_more,10000,ES2 0AC_00011 0 offwind-float,0.11145909621081662,0.004075129406261528
new_more,10000,ES2 0AC_00012 0 offwind-float,0.1114696089797147,0.0019114404003017973
new_more,10000,ES2 0AC_00013 0 offwind-float,0.11145848218552334,0.0042414087560669975
new_more,10000,ES2 0AC_00016 0 offwind-float,0.11152490986010266,0.000723770918828977
new_more,10000,ES2 0AC_00018 0 offwind-float,0.11145917955612017,0.0025007489901181235
new_more,10000,ES2 0AC_00021 0 offwind-float,0.11149112595202249,0.0015580812113419357
new_more,10000,ES2 0AC_00024 0 offwind-float,0.11149638873029921,0.0008196430494003618
new_more,10000,ES2 0AC_00025 0 offwind-float,0.11148313480455008,0.0012035052902517095
new_more,10000,ES2 0AC_00027 0 offwind-float,0.11148721696840569,0.0005867020384740805
new_more,10000,ES2 0AC_00029 0 offwind-float,0.11150449536763152,0.0004540479806820147
new_more,10000,ES2 0AC_00045 0 offwind-float,0.11152950775435466,0.001039253487385068
new_more,10000,ES2 0AC_00046 0 offwind-float,0.11153072484664961,0.001118390811296769
new_more,10000,ES7 0AC_00012 0 offwind-float,0.11159481310041341,0.00029379947122839406
new_more,10000,ES7 0AC_00015 0 offwind-float,0.11162567793560463,0.00034364334714323265
new_more,10000,ES7 0AC_00016 0 offwind-float,0.11154082295927348,0.00045661232677222436
new_more,10000,ES7 0AC_00018 0 offwind-float,0.11155794615991566,0.0003774022118530631
new_more,10000,FR2 0AC_00000 0 offwind-float,0.1114586382508862,0.0011542036700854471
new_more,10000,FR2 0AC_00001 0 offwind-float,0.11150119472184683,0.0010128640184800199
new_more,10000,FR2 0AC_00005 0 offwind-float,0.11149302130605054,0.0007477968402345326
new_more,10000,FR2 0AC_00012 0 offwind-float,0.1114725830132679,0.0005433566024937213
new_more,10000,FR2 0AC_00018 0 offwind-float,0.11148454440046951,0.0006253435982508478
new_more,10000,FR2 0AC_00030 0 offwind-float,0.11150102152783148,0.00018774120306059555
new_more,10000,FR2 0AC_00036 0 offwind-float,0.1114989081804616,0.0016689948936605022
new_more,10000,FR2 0AC_00041 0 offwind-float,0.11153333477189376,0.001018290650527906
new_more,10000,FR2 0AC_00043 0 offwind-float,0.11166338922132057,0.0006369714268171864
new_more,10000,GB3 0AC_00007 0 offwind-float,0.11145774328792646,86.89079310476335
new_more,10000,GB3 0AC_00008 0 offwind-float,0.11146895148444635,78.9471547339311
new_more,10000,GB3 0AC_00009 0 offwind-float,0.11146741423763051,0.009502349039502343
new_more,10000,GR2 0AC_00000 0 offwind-float,0.11152299501196927,0.0005608452097912389
new_more,10000,GR2 0AC_00001 0 offwind-float,0.11155951410203013,0.0005230515993379804
new_more,10000,GR2 0AC_00002 0 offwind-float,0.11154948459428315,0.00047514583262227853
new_more,10000,GR2 0AC_00004 0 offwind-float,0.11158232024307757,0.0005561541855985854
new_more,10000,GR2 0AC_00005 0 offwind-float,0.11151670704228489,0.0004756892708094995
new_more,10000,GR2 0AC_00009 0 offwind-float,0.1118590687253912,0.0002568904563590757
new_more,10000,GR2 0AC_00012 0 offwind-float,0.11150581588424235,0.0005103927214336259
new_more,10000,GR2 0AC_00021 0 offwind-float,0.11152009637753535,0.0005538103002878448
new_more,10000,GR2 0AC_00022 0 offwind-float,0.11146321934847203,0.0005988423826074858
new_more,10000,GR2 0AC_00023 0 offwind-float,0.11155831231852886,0.0005417308092267707
new_more,10000,GR2 0AC_00025 0 offwind-float,0.11148180827205412,0.0006452128555400646
new_more,10000,GR2 0AC_00041 0 offwind-float,0.11154054985392958,0.0004205599244999253
new_more,10000,GR2 0AC_00053 0 offwind-float,0.11151978088421477,0.00044152375915692936
new_more,10000,GR2 0AC_00058 0 offwind-float,0.11168840267283442,0.00027624303848400186
new_more,10000,GR2 0AC_00064 0 offwind-float,0.11151733238421813,0.0004148396080103672
new_more,10000,GR2 0AC_00067 0 offwind-float,0.11155645724953145,0.000355328593805517
new_more,10000,GR2 0AC_00068 0 offwind-float,0.11155412890202976,0.0003706271122720362
new_more,10000,GR2 0AC_00069 0 offwind-float,0.11167595387180129,0.00031801548448706234
new_more,10000,IE3 0AC_00013 0 offwind-float,0.11146695287628683,0.003144457070688546
new_more,10000,IE3 0AC_00014 0 offwind-float,0.11144776173520776,0.001055762133875528
new_more,10000,IE3 0AC_00021 0 offwind-float,0.11145832438314796,0.0024844832749927577
new_more,10000,IE3 0AC_00022 0 offwind-float,0.11149825840970973,0.0015436305528990781
new_more,10000,IE3 0AC_00028 0 offwind-float,0.11145750893497064,0.0010615589987881128
new_more,10000,IT2 0AC_00010 0 offwind-float,0.11173251535556405,0.0005515021480844606
new_more,10000,IT2 0AC_00015 0 offwind-float,0.11162423936240362,0.0004999906082990298
new_more,10000,IT2 0AC_00016 0 offwind-float,0.11175627359688478,0.0004628169258826048
new_more,10000,IT2 0AC_00022 0 offwind-float,0.1115845695955483,0.0006104189769661364
new_more,10000,IT2 0AC_00037 0 offwind-float,0.11160187314552183,0.0005924889714562617
new_more,10000,IT2 0AC_00038 0 offwind-float,0.11162190396524097,0.0006178581181754976
new_more,10000,IT2 0AC_00039 0 offwind-float,0.11162306622447593,0.0005058187797331854
new_more,10000,IT2 0AC_00042 0 offwind-float,0.11159119982241217,0.000769913768232393
new_more,10000,IT2 0AC_00043 0 offwind-float,0.1116266741161972,0.0005915675786249598
new_more,10000,IT4 0AC_00000 0 offwind-float,0.11154061666976578,0.0007248919442889314
new_more,10000,IT4 0AC_00001 0 offwind-float,0.11151577641605359,0.0004725210269478686
new_more,10000,IT4 0AC_00002 0 offwind-float,0.11156860111169964,0.0005378260691658839
new_more,10000,IT4 0AC_00004 0 offwind-float,0.11164773067179345,0.0005134029782960372
new_more,10000,IT4 0AC_00012 0 offwind-float,0.11164992637844218,0.00036827759444955335
new_more,10000,NO0 0AC_00000 0 offwind-float,0.1114682485146955,0.0011807485697718377
new_more,10000,NO0 0AC_00003 0 offwind-float,0.1114698153850412,0.0008783701005175268
new_more,10000,NO0 0AC_00006 0 offwind-float,0.11146852587197087,0.0008908950044079763
new_more,10000,NO0 0AC_00013 0 offwind-float,0.11150283435060226,0.0007893784716534553
new_more,10000,NO0 0AC_00016 0 offwind-float,0.11148139907809784,0.0006802543399942636
new_more,10000,NO0 0AC_00024 0 offwind-float,0.11147097254966432,0.0010869569147771922
new_more,10000,NO0 0AC_00025 0 offwind-float,0.11149178200630872,0.0010685863596921245
new_more,10000,NO0 0AC_00032 0 offwind-float,0.11149314255163667,0.001078582254444011
new_more,10000,NO0 0AC_00048 0 offwind-float,0.11146910675083144,0.00104577013612879
new_more,10000,NO0 0AC_00051 0 offwind-float,0.11517921829532896,5.7779694477340513e-05
new_more,10000,NO0 0AC_00070 0 offwind-float,0.11149356951132938,0.0009585826483790327
new_more,10000,NO0 0AC_00074 0 offwind-float,0.11148125128510633,0.0011960962391105309
new_more,10000,NO0 0AC_00088 0 offwind-float,0.11149221671384468,0.0010392160633838122
new_more,10000,NO0 0AC_00112 0 offwind-float,0.11144776173520776,0.0007418200847191771
new_more,10000,NO0 0AC_00113 0 offwind-float,0.11144776173520787,0.0009659862489705322
new_more,10000,NO0 0AC_00118 0 offwind-float,0.11150469505678018,0.0008924444629263206
new_more,10000,NO0 0AC_00129 0 offwind-float,0.11228429046389754,0.00011285410774307202
new_more,10000,PT2 0AC_00002 0 offwind-float,0.11148840953947237,0.0008785908561873681
new_more,10000,PT2 0AC_00003 0 offwind-float,0.11150683925466909,0.0006231235433975278
new_more,10000,PT2 0AC_00005 0 offwind-float,0.11150055495310562,0.001375294970747514
new_more,10000,PT2 0AC_00007 0 offwind-float,0.11150742611035558,0.00037481335765009036
new_more,10000,PT2 0AC_00008 0 offwind-float,0.11153679579936604,0.000547395370501601
new_more,10000,PT2 0AC_00009 0 offwind-float,0.1115166313328273,0.0007992210975583142
new_more,10000,PT2 0AC_00010 0 offwind-float,0.11152598930770807,0.0011014034167950244
new_more,10000,PT2 0AC_00011 0 offwind-float,0.11154155694751577,0.000496142075050697
new_more,10000,PT2 0AC_00012 0 offwind-float,0.11155908025965189,0.0005090814770768999
new_more,10000,PT2 0AC_00013 0 offwind-float,0.11149378832683321,0.0006249855688365523
new_more,10000,PT2 0AC_00014 0 offwind-float,0.11150902551981945,0.00041238553228207625
new_more,10000,PT2 0AC_00015 0 offwind-float,0.11152161158370322,0.0006784996223338839
new_more,10000,PT2 0AC_00016 0 offwind-float,0.11153971774433546,0.0009698051908863731
new_more,10000,PT2 0AC_00017 0 offwind-float,0.11149038292678681,0.0006889751947546991
new_more,10000,PT2 0AC_00018 0 offwind-float,0.11148978841333312,0.0005952656558203231
new_more,10000,PT2 0AC_00019 0 offwind-float,0.11151555609139197,0.0006742415800658651
new_more,10000,PT2 0AC_00020 0 offwind-float,0.1115227816172576,0.0005138034733676824
new_more,10000,PT2 0AC_00023 0 offwind-float,0.11146189371705717,0.0004809707379349372
new_more,10000,PT2 0AC_00025 0 offwind-float,0.11153415539057643,0.0005003868662961529
new_more,10000,PT2 0AC_00026 0 offwind-float,0.11151520072773757,0.0006124260687763931
new_more,10000,PT2 0AC_00032 0 offwind-float,0.11153060052456476,0.0004533374323849369
new_more,10000,DE2 0AC_00003 0 offwind-ac,0.1316509365785009,0.0008542413819848032
new_more,10000,DE2 0AC_00007 0 offwind-ac,0.13267951178925697,0.0024691713420913874
new_more,10000,DE2 0AC_00010 0 offwind-ac,0.11449946401723277,0.04435642370742661
new_more,10000,DK2 0AC_00006 0 offwind-ac,0.13618088992834998,0.0021214527555955165
new_more,10000,DK2 0AC_00007 0 offwind-ac,0.12888047732200247,0.006276395549025282
new_more,10000,DK2 0AC_00008 0 offwind-ac,0.13427936288694864,0.0012644478893770494
new_more,10000,DK2 0AC_00011 0 offwind-ac,0.11148438266382399,510.2460820937662
new_more,10000,ES2 0AC_00003 0 offwind-ac,0.13650350025143487,0.001989005718059029
new_more,10000,ES7 0AC_00006 0 offwind-ac,0.13190677775291626,0.00038807717110949085
new_more,10000,FR2 0AC_00011 0 offwind-ac,0.12794911505267925,0.0027739595559160414
new_more,10000,FR2 0AC_00029 0 offwind-ac,0.1298186881561455,0.004665154516641476
new_more,10000,FR2 0AC_00032 0 offwind-ac,0.13458690956967578,0.0011128802127245013
new_more,10000,FR2 0AC_00035 0 offwind-ac,0.13646440243457347,0.0014392647390962386
new_more,10000,GB1 0AC_00034 0 offwind-ac,0.13255376901178928,0.0004978237763859784
new_more,10000,GB1 0AC_00035 0 offwind-ac,0.13404578945145806,0.00048100601027076554
new_more,10000,GB1 0AC_00045 0 offwind-ac,0.13333444458407628,0.00044965498211188467
new_more,10000,GB1 0AC_00046 0 offwind-ac,0.133087245689805,0.0022349046539244773
new_more,10000,GB1 0AC_00048 0 offwind-ac,0.1370124835460752,0.0019269948105341385
new_more,10000,GB1 0AC_00049 0 offwind-ac,0.13420345678166412,0.0008968990059919073
new_more,10000,GB1 0AC_00050 0 offwind-ac,0.13610940273757677,0.0015979302932523278
new_more,10000,GB1 0AC_00051 0 offwind-ac,0.13250017531689595,0.0015161482283723908
new_more,10000,GB1 0AC_00060 0 offwind-ac,0.13429741394964456,0.0006417523081004012
new_more,10000,GB1 0AC_00061 0 offwind-ac,0.13638483848752092,0.0017380800061702428
new_more,10000,GB1 0AC_00067 0 offwind-ac,0.13367747994128287,0.0018217527094442733
new_more,10000,GB5 0AC_00013 0 offwind-ac,0.1414615977381538,3.2321690517585098
new_more,10000,GR2 0AC_00019 0 offwind-ac,0.13553590642625613,0.00017210759782563541
new_more,10000,GR2 0AC_00020 0 offwind-ac,0.13489655007440438,0.0001468275657517336
new_more,10000,GR2 0AC_00028 0 offwind-ac,0.13725258948821317,0.000305929817013061
new_more,10000,GR2 0AC_00061 0 offwind-ac,0.11231084175012984,0.2115838825418047
new_more,10000,HR2 0AC_00008 0 offwind-ac,0.1300504198268997,0.0014463324774407755
new_more,10000,IE3 0AC_00050 0 offwind-ac,0.13479781015782755,0.0019215881613330855
new_more,10000,IT2 0AC_00003 0 offwind-ac,0.13435228037834945,0.00027141876132824247
new_more,10000,IT2 0AC_00017 0 offwind-ac,0.13561832688012798,0.001142094013748002
new_more,10000,IT2 0AC_00025 0 offwind-ac,0.13431481307550186,0.0015203363350689975
new_more,10000,NO0 0AC_00052 0 offwind-ac,0.1327472553885639,0.0014016592168699898
new_more,10000,NO0 0AC_00090 0 offwind-ac,0.13295797012000832,0.000453442549219707
new_more,10000,NO0 0AC_00148 0 offwind-ac,0.13301203965023112,0.0003478487740836825
new_more,10000,SE0 0AC_00000 0 offwind-ac,0.13232355470258517,0.003104385799865053
new_more,10000,SE0 0AC_00005 0 offwind-ac,0.1319341165616521,0.005205479367542594
new_more,10000,SE0 0AC_00006 0 offwind-ac,0.13097574273790846,0.0013936217002723053
new_more,10000,SE0 0AC_00015 0 offwind-ac,0.12900669869119819,0.002451393304662235
new_more,10000,SE0 0AC_00018 0 offwind-ac,0.12989511386117736,0.001739014637653448
new_more,10000,SE0 0AC_00020 0 offwind-ac,0.1307586736957741,0.006748611208767297
new_more,10000,SE0 0AC_00025 0 offwind-ac,0.13060393711600193,0.0011955337662703752
new_more,10000,BE2 0AC_00000 0 offwind-dc,0.11186275484253405,0.30054207628646934
new_more,10000,DE2 0AC_00002 0 offwind-dc,0.11153802117935285,435.0418022404772
new_more,10000,DK2 0AC_00003 0 offwind-dc,0.1497331575723222,3806.6226092572642
new_more,10000,FR2 0AC_00038 0 offwind-dc,0.11144837645694927,283.15121654296127
new_more,10000,GB1 0AC_00070 0 offwind-dc,0.13232946668973544,0.0017114809839393406
new_more,10000,GR2 0AC_00049 0 offwind-dc,0.13899452081849106,1.4305436919372567
new_more,10000,NL2 0AC_00003 0 offwind-dc,0.12798687344667015,0.005785244382313379
new_more,10000,NL2 0AC_00009 0 offwind-dc,0.1295822489946976,0.005556651574893652
new_more,10000,BA2 0AC_00000 0 offwind-float,0.13285489416072183,0.00029162643915569685
new_more,10000,BG2 0AC_00000 0 offwind-float,0.1351065685176578,0.002014147310355594
new_more,10000,BG2 0AC_00002 0 offwind-float,0.13249975162047944,0.003037251514483247
new_more,10000,BG2 0AC_00003 0 offwind-float,0.12876264162552187,0.0025699225859086017
new_more,10000,DK0 0AC_00009 0 offwind-float,0.13743311143804515,0.001273073606445596
new_more,10000,ES2 0AC_00014 0 offwind-float,0.13020924904623354,0.002278969342471183
new_more,10000,ES2 0AC_00017 0 offwind-float,0.13325488564577292,0.001091996199587456
new_more,10000,ES2 0AC_00019 0 offwind-float,0.13074244715843275,0.0027970418112261263
new_more,10000,ES2 0AC_00020 0 offwind-float,0.12780483313493973,0.0033599350267090444
new_more,10000,ES2 0AC_00022 0 offwind-float,0.13803770968685203,0.0006886421680981061
new_more,10000,ES2 0AC_00023 0 offwind-float,0.13517102531971226,0.001172276575818362
new_more,10000,ES2 0AC_00026 0 offwind-float,0.1328934586046021,0.0007142328471837797
new_more,10000,ES2 0AC_00028 0 offwind-float,0.13733424937758842,0.0009412191107608367
new_more,10000,ES2 0AC_00030 0 offwind-float,0.1325829126330964,0.0005462938877084105
new_more,10000,ES2 0AC_00031 0 offwind-float,0.13734367010666426,0.0011581754747894213
new_more,10000,ES2 0AC_00032 0 offwind-float,0.13730094188327902,0.0008245809852279719
new_more,10000,ES2 0AC_00033 0 offwind-float,0.13625165479211387,0.0006738259488896579
new_more,10000,ES2 0AC_00034 0 offwind-float,0.13627840391652812,0.001179950593349344
new_more,10000,ES2 0AC_00035 0 offwind-float,0.13251600130957208,0.002210120698614002
new_more,10000,ES2 0AC_00036 0 offwind-float,0.138296927626402,0.0007919048297953574
new_more,10000,ES2 0AC_00037 0 offwind-float,0.1318409651096374,0.0007366656655285837
new_more,10000,ES2 0AC_00040 0 offwind-float,0.13823418211791827,0.0007431319094863559
new_more,10000,ES2 0AC_00041 0 offwind-float,0.13598263734615657,0.0006927467081586868
new_more,10000,ES2 0AC_00042 0 offwind-float,0.1337180328107057,0.0004954731067316024
new_more,10000,ES2 0AC_00044 0 offwind-float,0.13615188179142157,0.000936946424233172
new_more,10000,ES7 0AC_00001 0 offwind-float,0.13090590244451183,0.000398026045360387
new_more,10000,ES7 0AC_00004 0 offwind-float,0.13849285538849265,0.0007270052051121799
new_more,10000,ES7 0AC_00005 0 offwind-float,0.13719993356642646,0.0005433203149856505
new_more,10000,ES7 0AC_00011 0 offwind-float,0.13683630627123833,0.0006968253502652594
new_more,10000,ES7 0AC_00013 0 offwind-float,0.13309828585773553,0.0006215206347325661
new_more,10000,ES7 0AC_00014 0 offwind-float,0.13201203062824252,0.0007476012705216223
new_more,10000,ES7 0AC_00017 0 offwind-float,0.13522300517069796,0.0008136008017062728
new_more,10000,FR2 0AC_00002 0 offwind-float,0.13647879956323683,0.0023947220739883772
new_more,10000,FR2 0AC_00003 0 offwind-float,0.13091426866204836,0.0015623736244488415
new_more,10000,FR2 0AC_00006 0 offwind-float,0.13694649380802792,0.0019201323859995062
new_more,10000,FR2 0AC_00015 0 offwind-float,0.13577309342629962,0.0015701927734353424
new_more,10000,FR2 0AC_00026 0 offwind-float,0.13749175389928803,0.001275797249112838
new_more,10000,FR2 0AC_00039 0 offwind-float,0.13461588652255285,0.0006975401447758343
new_more,10000,FR2 0AC_00040 0 offwind-float,0.13492635086467697,0.0024986567244075332
new_more,10000,FR2 0AC_00042 0 offwind-float,0.13454787683783553,0.00050517099806395
new_more,10000,FR6 0AC_00000 0 offwind-float,0.13723218938668413,0.000662013919351897
new_more,10000,FR6 0AC_00002 0 offwind-float,0.13646459511550013,0.0006757469442783705
new_more,10000,GB1 0AC_00001 0 offwind-float,0.13527675780870208,0.0015834798897819287
new_more,10000,GB1 0AC_00014 0 offwind-float,0.13578290116686154,0.001138706971702125
new_more,10000,GB1 0AC_00019 0 offwind-float,0.13546223518905454,0.0005054498858778103
new_more,10000,GB3 0AC_00006 0 offwind-float,0.11901674447319766,541.4875059059902
new_more,10000,GB3 0AC_00010 0 offwind-float,0.1188535516092396,0.02033884570974621
new_more,10000,GB3 0AC_00011 0 offwind-float,0.12799370900735973,0.00864631179738828
new_more,10000,GB3 0AC_00012 0 offwind-float,0.1356096169757104,0.0009781456816504706
new_more,10000,GB3 0AC_00013 0 offwind-float,0.13095350296107067,0.0030911845334895957
new_more,10000,GB5 0AC_00009 0 offwind-float,0.13547836970067895,0.00330594794226983
new_more,10000,GB5 0AC_00019 0 offwind-float,0.1334828779651358,0.003160108501765885
new_more,10000,GR2 0AC_00006 0 offwind-float,0.1316126293026727,0.0010239398234641265
new_more,10000,GR2 0AC_00007 0 offwind-float,0.1316314309900497,0.0007986965262167847
new_more,10000,GR2 0AC_00010 0 offwind-float,0.13954471554254733,0.0007105180404355986
new_more,10000,GR2 0AC_00011 0 offwind-float,0.13846720757026576,0.0006919608111283183
new_more,10000,GR2 0AC_00017 0 offwind-float,0.13897170977265805,0.0007957194359994864
new_more,10000,GR2 0AC_00018 0 offwind-float,0.13046839228384677,0.00048659260353845065
new_more,10000,GR2 0AC_00024 0 offwind-float,0.13837335616172897,0.0009385396256954131
new_more,10000,GR2 0AC_00027 0 offwind-float,0.13339845901245984,0.00015861812229390663
new_more,10000,GR2 0AC_00030 0 offwind-float,0.1378008650425674,0.002034366447111839
new_more,10000,GR2 0AC_00034 0 offwind-float,0.13923876042820538,0.0008347556766855071
new_more,10000,GR2 0AC_00038 0 offwind-float,0.13746672044534158,0.0016634124535377286
new_more,10000,GR2 0AC_00039 0 offwind-float,0.1280068497926421,0.0020601649255828805
new_more,10000,GR2 0AC_00042 0 offwind-float,0.13796183342791157,0.0016077218358234858
new_more,10000,GR2 0AC_00044 0 offwind-float,0.13803424615923998,0.0009859664073695643
new_more,10000,GR2 0AC_00055 0 offwind-float,0.13725951225615485,0.0016150190655943746
new_more,10000,GR2 0AC_00056 0 offwind-float,0.136461929422372,0.0009237443914879972
new_more,10000,GR2 0AC_00059 0 offwind-float,0.13210888617375072,0.0004568227125185397
new_more,10000,GR2 0AC_00060 0 offwind-float,0.13057667513983862,0.0004619869268677404
new_more,10000,GR2 0AC_00062 0 offwind-float,0.13579091809537502,0.00151547487937934
new_more,10000,GR2 0AC_00065 0 offwind-float,0.13699322623848187,0.0018093894918298167
new_more,10000,GR2 0AC_00066 0 offwind-float,0.1316133914003359,0.0009511940301237629
new_more,10000,IE3 0AC_00012 0 offwind-float,0.13054400318205395,0.005467670421683423
new_more,10000,IE3 0AC_00016 0 offwind-float,0.1359086273325787,0.002557026648548377
new_more,10000,IT2 0AC_00000 0 offwind-float,0.13752993609276476,0.0006777929339574708
new_more,10000,IT2 0AC_00009 0 offwind-float,0.13593629921729122,0.0014776557039998931
new_more,10000,IT2 0AC_00012 0 offwind-float,0.13684276300746023,0.0019292669484272306
new_more,10000,IT2 0AC_00014 0 offwind-float,0.13863430058210968,0.0012639701088472447
new_more,10000,IT2 0AC_00018 0 offwind-float,0.1379145435739172,0.0015773260548799894
new_more,10000,IT2 0AC_00023 0 offwind-float,0.13646202228983473,0.0006196598667642849
new_more,10000,IT2 0AC_00024 0 offwind-float,0.139366384543687,0.0007864858631678888
new_more,10000,IT2 0AC_00026 0 offwind-float,0.13039238748877913,0.0005315562036171508
new_more,10000,IT2 0AC_00027 0 offwind-float,0.13884618317696107,0.0013017392175626355
new_more,10000,IT2 0AC_00030 0 offwind-float,0.1395404315532066,0.0005677282878650629
new_more,10000,IT2 0AC_00031 0 offwind-float,0.13119968980912655,0.0012150143794186696
new_more,10000,IT2 0AC_00033 0 offwind-float,0.13845932489942303,0.0007962081626695137
new_more,10000,IT2 0AC_00035 0 offwind-float,0.1378927250163906,0.0005777338103128337
new_more,10000,IT2 0AC_00036 0 offwind-float,0.13405331854456826,0.000516234655622098
new_more,10000,IT2 0AC_00040 0 offwind-float,0.136783484162037,0.0012951340380911332
new_more,10000,IT2 0AC_00041 0 offwind-float,0.13349235725921915,0.0013911452727440104
new_more,10000,IT4 0AC_00003 0 offwind-float,0.13469803618756104,0.001028650428184418
new_more,10000,IT4 0AC_00007 0 offwind-float,0.13917083327428714,0.0006792769860935704
new_more,10000,IT4 0AC_00009 0 offwind-float,0.13864110231170756,0.0010522129700484511
new_more,10000,IT4 0AC_00013 0 offwind-float,0.13733965086093813,0.001217827536629615
new_more,10000,NO0 0AC_00002 0 offwind-float,0.13523439088438294,0.002152397215176084
new_more,10000,NO0 0AC_00005 0 offwind-float,0.1270501842933045,0.002083903126757916
new_more,10000,NO0 0AC_00007 0 offwind-float,0.13559289133274433,0.001639135493311528
new_more,10000,NO0 0AC_00017 0 offwind-float,0.137781151415297,0.0015843187750525945
new_more,10000,NO0 0AC_00033 0 offwind-float,0.13809158026958235,0.0010311886549565325
new_more,10000,NO0 0AC_00036 0 offwind-float,0.13525324935540128,0.0004261519221054667
new_more,10000,NO0 0AC_00041 0 offwind-float,0.13962037611838152,0.00014598679587818955
new_more,10000,NO0 0AC_00045 0 offwind-float,0.1375334902644677,0.00018257561804871483
new_more,10000,NO0 0AC_00046 0 offwind-float,0.13337029118572574,0.0003865761597085022
new_more,10000,NO0 0AC_00047 0 offwind-float,0.13774259874926587,0.001896928095862799
new_more,10000,NO0 0AC_00049 0 offwind-float,0.1377170432270134,0.0016009099327792416
new_more,10000,NO0 0AC_00053 0 offwind-float,0.13552633789071822,0.0003152573190515912
new_more,10000,NO0 0AC_00062 0 offwind-float,0.14352208965531543,7.360260369066796e-05
new_more,10000,NO0 0AC_00064 0 offwind-float,0.13560101184537365,0.00016106694932414384
new_more,10000,NO0 0AC_00065 0 offwind-float,0.13600536075176173,0.0002538351407744366
new_more,10000,NO0 0AC_00068 0 offwind-float,0.13424300251725918,0.0012866923290096063
new_more,10000,NO0 0AC_00071 0 offwind-float,0.1365842099172867,0.0014099833507445012
new_more,10000,NO0 0AC_00084 0 offwind-float,0.13561648171352303,0.0011793748318143726
new_more,10000,NO0 0AC_00086 0 offwind-float,0.12682004405075187,0.0017138864233025913
new_more,10000,NO0 0AC_00093 0 offwind-float,0.1313337144364739,0.0011142215708900747
new_more,10000,NO0 0AC_00094 0 offwind-float,0.1375433103301149,0.0013302643962718858
new_more,10000,NO0 0AC_00099 0 offwind-float,0.13653649055359307,0.00023018502739380645
new_more,10000,NO0 0AC_00101 0 offwind-float,0.13456976685587263,0.00029265391421298367
new_more,10000,NO0 0AC_00103 0 offwind-float,0.13234921290732438,0.0002859954110204882
new_more,10000,NO0 0AC_00114 0 offwind-float,0.13808908525976127,0.0012374753772362585
new_more,10000,NO0 0AC_00116 0 offwind-float,0.1375723749384261,0.0012981083020310751
new_more,10000,NO0 0AC_00117 0 offwind-float,0.1322529726219892,0.0025581641015489194
new_more,10000,NO0 0AC_00121 0 offwind-float,0.13368272241750567,0.0031161265893535958
new_more,10000,NO0 0AC_00127 0 offwind-float,0.13390542031957609,0.00018219595148340074
new_more,10000,NO0 0AC_00128 0 offwind-float,0.1351727233494412,0.00017273715656200388
new_more,10000,NO0 0AC_00130 0 offwind-float,0.13576373490211313,0.0003718799436269325
new_more,10000,NO0 0AC_00131 0 offwind-float,0.13229685912298939,0.0003569676426140179
new_more,10000,NO0 0AC_00133 0 offwind-float,0.13223464963899556,0.00038708298292596346
new_more,10000,NO0 0AC_00136 0 offwind-float,0.1339746396128746,0.00015111223199213545
new_more,10000,NO0 0AC_00139 0 offwind-float,0.13474963003813534,0.0002788566756981816
new_more,10000,NO0 0AC_00140 0 offwind-float,0.1363818969861913,0.0028291085765505307
new_more,10000,NO0 0AC_00141 0 offwind-float,0.13038992856581988,0.0018034039617129275
new_more,10000,NO0 0AC_00166 0 offwind-float,0.13269974147506625,0.00034759720923269546
new_more,10000,NO0 0AC_00167 0 offwind-float,0.13278826213290507,0.0003419205155096409
new_more,10000,NO0 0AC_00168 0 offwind-float,0.132766345475402,0.00029147950121877187
new_more,10000,NO0 0AC_00177 0 offwind-float,0.1314206697761554,0.001844542298545226
new_more,10000,NO0 0AC_00179 0 offwind-float,0.1296823571732485,0.0018683100980175986
new_more,10000,NO0 0AC_00180 0 offwind-float,0.12868712015070927,0.0020558704623698885
new_more,10000,PT2 0AC_00021 0 offwind-float,0.13615437796860308,0.0014897956929541965
new_more,10000,PT2 0AC_00024 0 offwind-float,0.1359692452524125,0.0012318309913810172
new_more,10000,PT2 0AC_00027 0 offwind-float,0.13681707155574319,0.001121091968730523
new_more,10000,PT2 0AC_00028 0 offwind-float,0.13462979054365842,0.0009895529556001746
new_more,10000,PT2 0AC_00031 0 offwind-float,0.13756261112726964,0.0012421923860570726
new_more,10000,SE0 0AC_00016 0 offwind-float,0.13745936291515148,0.0019919243383270556
new_more,10000,DK0 0AC_00000 0 offwind-ac,0.14326013667504833,0.0028233750984984762
new_more,10000,DK0 0AC_00002 0 offwind-ac,0.14370461002951562,0.0021608371126629468
new_more,10000,DK0 0AC_00004 0 offwind-ac,0.14292951380983454,0.0026360580682072902
new_more,10000,DK2 0AC_00001 0 offwind-ac,0.13111584384561203,0.014608081248378988
new_more,10000,FR2 0AC_00024 0 offwind-ac,0.14171457898817907,0.0037289184198696724
new_more,10000,FR2 0AC_00027 0 offwind-ac,0.14101307727230594,0.00472019398225702
new_more,10000,GB1 0AC_00007 0 offwind-ac,0.13876024635401196,0.0030755932599431453
new_more,10000,GB1 0AC_00018 0 offwind-ac,0.14233520060608762,0.0042606846942731535
new_more,10000,GB1 0AC_00026 0 offwind-ac,0.14295739214090453,0.0029988352320971167
new_more,10000,GB1 0AC_00033 0 offwind-ac,0.14284334219628025,0.0029797751675652885
new_more,10000,GB1 0AC_00043 0 offwind-ac,0.14452535797215582,0.0030506126728667075
new_more,10000,GB1 0AC_00044 0 offwind-ac,0.14597093146535,0.0026648133404426093
new_more,10000,GB1 0AC_00059 0 offwind-ac,0.14190235847540977,0.003382330913312372
new_more,10000,GR2 0AC_00043 0 offwind-ac,0.14416145419263204,0.0009291277888986754
new_more,10000,IE3 0AC_00036 0 offwind-ac,0.14456651053353364,0.0017706713263255546
new_more,10000,IE3 0AC_00038 0 offwind-ac,0.14379996983704846,0.0024028403504412904
new_more,10000,IT2 0AC_00020 0 offwind-ac,0.14764903228511617,0.00218353064146377
new_more,10000,SE0 0AC_00003 0 offwind-ac,0.14337234906377228,0.0028855323173121016
new_more,10000,SE0 0AC_00007 0 offwind-ac,0.14125683611312356,0.004516139837445012
new_more,10000,SE0 0AC_00010 0 offwind-ac,0.14189114232924427,0.0057223508847394095
new_more,10000,SE0 0AC_00011 0 offwind-ac,0.14001899995956124,0.010468803896359275
new_more,10000,SE0 0AC_00017 0 offwind-ac,0.1399384289547918,0.0011954160870017638
new_more,10000,SE0 0AC_00019 0 offwind-ac,0.11144952539175923,180.3748362248857
new_more,10000,SE0 0AC_00027 0 offwind-ac,0.14444411141234215,0.004121406223158216
new_more,10000,SE0 0AC_00028 0 offwind-ac,0.1386691402800796,0.011179238926685752
new_more,10000,SI2 0AC_00000 0 offwind-ac,0.14633887665937817,0.0010742747733094049
new_more,10000,DE2 0AC_00000 0 offwind-dc,0.15525343683238912,4417.52216745625
new_more,10000,DE2 0AC_00005 0 offwind-dc,0.11147424940636419,542.7931230879484
new_more,10000,DK2 0AC_00000 0 offwind-dc,0.11146168223754005,266.6823577039625
new_more,10000,DK2 0AC_00004 0 offwind-dc,0.11148332519559812,499.8016270372144
new_more,10000,GB1 0AC_00066 0 offwind-dc,0.14641379286456835,0.0033716871924161645
new_more,10000,GB1 0AC_00068 0 offwind-dc,0.14374756617081397,0.0029609005933099743
new_more,10000,GB1 0AC_00072 0 offwind-dc,0.14480194005621427,0.0030362981704117505
new_more,10000,HR2 0AC_00001 0 offwind-dc,0.144863977796448,0.003766410091293571
new_more,10000,NL2 0AC_00000 0 offwind-dc,0.14036033833248118,0.008324414914307566
new_more,10000,NL2 0AC_00010 0 offwind-dc,0.12640308459247862,0.020424219039461414
new_more,10000,SE0 0AC_00012 0 offwind-dc,0.13392497639582024,1006.4935376939735
new_more,10000,AL2 0AC_00001 0 offwind-float,0.1447407130268562,0.0013647222198955756
new_more,10000,ES2 0AC_00038 0 offwind-float,0.1446869984476481,0.0011928156921149477
new_more,10000,ES2 0AC_00039 0 offwind-float,0.14347131872588703,0.0011630358182090903
new_more,10000,ES7 0AC_00000 0 offwind-float,0.14661684884925852,0.001068408835925363
new_more,10000,ES7 0AC_00003 0 offwind-float,0.14729990306932383,0.0011025184085217627
new_more,10000,FR2 0AC_00008 0 offwind-float,0.1460406088346663,0.002836608856636406
new_more,10000,FR2 0AC_00013 0 offwind-float,0.14614024952920113,0.003124693149810518
new_more,10000,FR2 0AC_00014 0 offwind-float,0.14377278480634093,0.0023393761499401677
new_more,10000,FR2 0AC_00016 0 offwind-float,0.1460284742795347,0.00209387589119744
new_more,10000,FR2 0AC_00017 0 offwind-float,0.1477695364439776,0.0016614449210020734
new_more,10000,FR2 0AC_00037 0 offwind-float,0.1456589432238804,0.003219820832339647
new_more,10000,GB1 0AC_00000 0 offwind-float,0.14403421947810657,0.0037421821200599404
new_more,10000,GB1 0AC_00006 0 offwind-float,0.1462344560177692,0.0019259415648844895
new_more,10000,GB1 0AC_00030 0 offwind-float,0.1446608535132593,0.0019077741275019947
new_more,10000,GB1 0AC_00031 0 offwind-float,0.14541406457164374,0.0017478561358889905
new_more,10000,GB3 0AC_00003 0 offwind-float,0.14509921345600219,0.002071585106330035
new_more,10000,GB5 0AC_00000 0 offwind-float,0.14592174126430235,0.0040515564304361585
new_more,10000,GR2 0AC_00003 0 offwind-float,0.1450424758802925,0.0016146534065006736
new_more,10000,GR2 0AC_00014 0 offwind-float,0.1479362374166031,0.0010528459069410745
new_more,10000,GR2 0AC_00026 0 offwind-float,0.14848184760369942,0.00046325767706549776
new_more,10000,GR2 0AC_00035 0 offwind-float,0.14713769713415237,0.0021387209401814346
new_more,10000,GR2 0AC_00036 0 offwind-float,0.14718106276757426,0.00133866754689034
new_more,10000,GR2 0AC_00046 0 offwind-float,0.14552517821663224,0.003507275175026912
new_more,10000,GR2 0AC_00047 0 offwind-float,0.14509803841845137,0.002754541388417568
new_more,10000,GR2 0AC_00050 0 offwind-float,0.1415404103479555,0.003916232672699847
new_more,10000,GR2 0AC_00051 0 offwind-float,0.1435319355553265,0.004083636696840594
new_more,10000,GR2 0AC_00052 0 offwind-float,0.14762796046999638,0.0020592260541908813
new_more,10000,GR2 0AC_00054 0 offwind-float,0.14640010231999212,0.0036671138815839843
new_more,10000,GR2 0AC_00063 0 offwind-float,0.14509537147471108,0.0019071158924671107
new_more,10000,HR2 0AC_00002 0 offwind-float,0.1445105255759338,0.0018528231090017557
new_more,10000,HR2 0AC_00004 0 offwind-float,0.14579130788564287,0.0014718485649844626
new_more,10000,HR2 0AC_00006 0 offwind-float,0.14707563939217239,0.0018256856553087594
new_more,10000,HR2 0AC_00007 0 offwind-float,0.14750107146881153,0.0018840259689347177
new_more,10000,HR2 0AC_00009 0 offwind-float,0.1452480328162402,0.001350178165893414
new_more,10000,IE3 0AC_00026 0 offwind-float,0.14381473211517393,0.005007523583265685
new_more,10000,IE3 0AC_00051 0 offwind-float,0.14588813806660517,0.002432241202610396
new_more,10000,IT2 0AC_00004 0 offwind-float,0.14744229763209327,0.0010137074528903918
new_more,10000,IT2 0AC_00005 0 offwind-float,0.14724303268473582,0.0016095045081089298
new_more,10000,IT2 0AC_00008 0 offwind-float,0.14765432180571014,0.0018045184777015122
new_more,10000,IT2 0AC_00011 0 offwind-float,0.14659699330553366,0.003021117724201886
new_more,10000,IT2 0AC_00013 0 offwind-float,0.14601322777421888,0.0010630253059323914
new_more,10000,IT2 0AC_00029 0 offwind-float,0.1487572848338381,0.001199859032639668
new_more,10000,IT2 0AC_00034 0 offwind-float,0.148698836583273,0.001479035318752225
new_more,10000,IT2 0AC_00044 0 offwind-float,0.14412177941635995,0.002121709070448706
new_more,10000,IT4 0AC_00005 0 offwind-float,0.14524752139985952,0.0013959579951177768
new_more,10000,IT4 0AC_00006 0 offwind-float,0.1450616250382838,0.0012291242372752089
new_more,10000,IT4 0AC_00008 0 offwind-float,0.1472347896003645,0.0013421619026401153
new_more,10000,IT4 0AC_00011 0 offwind-float,0.14571570478554918,0.0016148965389001214
new_more,10000,NO0 0AC_00015 0 offwind-float,0.14489790773152922,0.002306314228161089
new_more,10000,NO0 0AC_00021 0 offwind-float,0.14374188390008025,0.002462873969378155
new_more,10000,NO0 0AC_00039 0 offwind-float,0.14623088038190668,0.0026878074640110904
new_more,10000,NO0 0AC_00050 0 offwind-float,0.1467287565714408,0.002451349148560545
new_more,10000,NO0 0AC_00066 0 offwind-float,0.14721370158364633,0.0020136957910869236
new_more,10000,NO0 0AC_00075 0 offwind-float,0.1472074771697589,0.0023008648346665604
new_more,10000,NO0 0AC_00079 0 offwind-float,0.1447783458680415,0.0006327244662427213
new_more,10000,NO0 0AC_00081 0 offwind-float,0.14592885502402242,0.0018649324160797366
new_more,10000,NO0 0AC_00108 0 offwind-float,0.14572048923445424,0.0013559999930592883
new_more,10000,NO0 0AC_00119 0 offwind-float,0.14172156720799467,0.003974418202841901
new_more,10000,NO0 0AC_00120 0 offwind-float,0.145468974480361,0.0016078319873664851
new_more,10000,NO0 0AC_00142 0 offwind-float,0.1447351588879372,0.0036270793192045908
new_more,10000,NO0 0AC_00149 0 offwind-float,0.14308148528648879,0.0006894301059600382
new_more,10000,NO0 0AC_00150 0 offwind-float,0.1463690305814095,0.003059223455847724
new_more,10000,NO0 0AC_00153 0 offwind-float,0.14744210088030663,0.003189912748095037
new_more,10000,NO0 0AC_00155 0 offwind-float,0.14482037237096956,0.002703098263777125
new_more,10000,NO0 0AC_00160 0 offwind-float,0.14658675291101397,0.002647985950094867
new_more,10000,NO0 0AC_00163 0 offwind-float,0.14585416451065514,0.0025052330724430368
new_more,10000,NO0 0AC_00165 0 offwind-float,0.14677296700620113,0.0028778481366270045
new_more,10000,NO0 0AC_00181 0 offwind-float,0.14479806190429656,0.0037002746030611357
new_more,10000,PT2 0AC_00029 0 offwind-float,0.14451940879236447,0.0016761991232592324
new_more,10000,PT2 0AC_00030 0 offwind-float,0.14451853296378914,0.0014773537816984616
new_more,10000,SE0 0AC_00014 0 offwind-float,0.14584404317955935,0.002447015093632653
new_more,10000,SE0 0AC_00021 0 offwind-float,0.1439041465889852,0.0021706035599956867
new_more,10000,SE0 0AC_00026 0 offwind-float,0.14602742239793765,0.0026474480846293284
new_more,10000,GB1 0AC_00024 0 offwind-ac,0.1500900797646737,0.0026657918837693674
new_more,10000,IT2 0AC_00002 0 offwind-ac,0.14118520684109792,0.004854361375386504
new_more,10000,IT2 0AC_00007 0 offwind-ac,0.15295423859715662,0.0028403137834377076
new_more,10000,DE2 0AC_00001 0 offwind-dc,0.1582308613614407,18873.386539121966
new_more,10000,DK2 0AC_00002 0 offwind-dc,0.11147209328559893,417.8071089332396
new_more,10000,NL2 0AC_00005 0 offwind-dc,0.11149087891544762,348.1255280383008
new_more,10000,AL2 0AC_00000 0 offwind-float,0.15317634342313702,0.0024274322252557357
new_more,10000,FR2 0AC_00004 0 offwind-float,0.153766111453693,0.00177769175858395
new_more,10000,FR2 0AC_00019 0 offwind-float,0.15257750631394995,0.003392446551244625
new_more,10000,FR2 0AC_00020 0 offwind-float,0.1508551910148438,0.0032804056621437237
new_more,10000,FR2 0AC_00025 0 offwind-float,0.15259705601102103,0.003118985468262757
new_more,10000,FR6 0AC_00001 0 offwind-float,0.1537644149036428,0.001884574730560583
new_more,10000,GB1 0AC_00003 0 offwind-float,0.15294264701752458,0.0030845405731840738
new_more,10000,GB1 0AC_00010 0 offwind-float,0.1531376429081701,0.004644322654052701
new_more,10000,GB1 0AC_00017 0 offwind-float,0.15326728535198197,0.003105465628134286
new_more,10000,GB1 0AC_00025 0 offwind-float,0.15198678186968873,0.002720372195263564
new_more,10000,GB1 0AC_00027 0 offwind-float,0.1510487857810311,0.0025864346140652182
new_more,10000,GB1 0AC_00036 0 offwind-float,0.1486026181165978,0.001202283185992767
new_more,10000,GB1 0AC_00047 0 offwind-float,0.1537814209020828,0.003296087811846555
new_more,10000,GB1 0AC_00054 0 offwind-float,0.15157028971009245,0.0023066343484536306
new_more,10000,GB1 0AC_00055 0 offwind-float,0.1535604349149321,0.0025157948867353015
new_more,10000,GB1 0AC_00069 0 offwind-float,0.15314686702754743,0.0028547413261822948
new_more,10000,GB3 0AC_00014 0 offwind-float,0.1507750351686259,0.006848398878965673
new_more,10000,GB5 0AC_00007 0 offwind-float,0.1528018725505078,0.003959672145305442
new_more,10000,GR2 0AC_00029 0 offwind-float,0.1540618759208391,0.0011492707798083119
new_more,10000,GR2 0AC_00031 0 offwind-float,0.15448549300664027,0.002178242064621346
new_more,10000,GR2 0AC_00037 0 offwind-float,0.15243626353284234,0.00242893247990291
new_more,10000,GR2 0AC_00048 0 offwind-float,0.15120389164532244,0.0035502718403531337
new_more,10000,GR2 0AC_00057 0 offwind-float,0.15176776183260132,0.0034449456667793614
new_more,10000,IE3 0AC_00023 0 offwind-float,0.14893976065947523,0.00787601859109008
new_more,10000,IE3 0AC_00024 0 offwind-float,0.14981530790092723,0.004555938832157969
new_more,10000,IE3 0AC_00030 0 offwind-float,0.15212483229554008,0.0026406279715685483
new_more,10000,IE3 0AC_00042 0 offwind-float,0.15193578923976503,0.004527052265448101
new_more,10000,IE3 0AC_00049 0 offwind-float,0.15256403727888512,0.003225153882866149
new_more,10000,IT2 0AC_00001 0 offwind-float,0.15256197571822616,0.0025704557829290195
new_more,10000,IT2 0AC_00021 0 offwind-float,0.15271943238036423,0.0017635221895248002
new_more,10000,IT2 0AC_00028 0 offwind-float,0.15423541424665554,0.0020425428934124613
new_more,10000,IT2 0AC_00032 0 offwind-float,0.15500640147442457,0.001183109125144494
new_more,10000,ME2 0AC_00000 0 offwind-float,0.15410036983130215,0.0021141493404530764
new_more,10000,NO0 0AC_00018 0 offwind-float,0.154117288400218,0.002870188693274085
new_more,10000,NO0 0AC_00020 0 offwind-float,0.15370549964323865,0.0033877167025715502
new_more,10000,NO0 0AC_00023 0 offwind-float,0.15348299809513488,0.003156886454022035
new_more,10000,NO0 0AC_00027 0 offwind-float,0.1515503964939322,0.002686259992814869
new_more,10000,NO0 0AC_00040 0 offwind-float,0.15416125404097203,0.0032666799192822235
new_more,10000,NO0 0AC_00069 0 offwind-float,0.15165933315017788,0.002883348992477432
new_more,10000,NO0 0AC_00077 0 offwind-float,0.15447304183434907,0.0031613548060665827
new_more,10000,NO0 0AC_00089 0 offwind-float,0.15391509871756726,0.0026828663384431675
new_more,10000,NO0 0AC_00095 0 offwind-float,0.15163274892625345,0.0026792851873308596
new_more,10000,NO0 0AC_00098 0 offwind-float,0.15415899350842888,0.0026926681388870903
new_more,10000,NO0 0AC_00104 0 offwind-float,0.1546926869622599,0.002822859113836738
new_more,10000,NO0 0AC_00125 0 offwind-float,0.14984773759476222,0.004730946941573699
new_more,10000,NO0 0AC_00151 0 offwind-float,0.1503026471606842,0.0008838764654582333
new_more,10000,NO0 0AC_00157 0 offwind-float,0.15360980189670093,0.0036929513957650287
new_more,10000,NO0 0AC_00158 0 offwind-float,0.1521516604668538,0.0007732267115211158
new_more,10000,NO0 0AC_00171 0 offwind-float,0.15231658157873829,0.0009675377986053818
new_more,10000,NO0 0AC_00172 0 offwind-float,0.15124321847160582,0.003617431529021741
new_more,10000,SE0 0AC_00023 0 offwind-float,0.153229415215402,0.00393352094569888
new_more,10000,HR2 0AC_00005 0 offwind-ac,0.1560618817070457,0.0010914738491218283
new_more,10000,IE3 0AC_00033 0 offwind-ac,0.158673751343262,0.0027289793832656808
new_more,10000,NO0 0AC_00092 0 offwind-ac,0.1553808998606402,0.0019352283960128035
new_more,10000,NO0 0AC_00115 0 offwind-ac,0.1504901740742327,0.003810849730407158
new_more,10000,NO0 0AC_00154 0 offwind-ac,0.1521046612903043,0.002734792377411013
new_more,10000,NO0 0AC_00162 0 offwind-ac,0.1497994927871259,0.005710312453152569
new_more,10000,NO0 0AC_00176 0 offwind-ac,0.15472023536953072,0.0016609574114807848
new_more,10000,SE0 0AC_00001 0 offwind-ac,0.15232768013172104,0.003047672900635209
new_more,10000,SE0 0AC_00013 0 offwind-ac,0.15683382120057032,0.004396381014504777
new_more,10000,SE0 0AC_00029 0 offwind-ac,0.14869154867493495,0.004365297387924867
new_more,10000,NL2 0AC_00002 0 offwind-dc,0.1347587876551043,0.03401090911443851
new_more,10000,NL2 0AC_00006 0 offwind-dc,0.11148537667253633,407.1284904214632
new_more,10000,NO0 0AC_00096 0 offwind-dc,0.15068747748243427,0.0037942943160866184
new_more,10000,FR2 0AC_00007 0 offwind-float,0.15827440996962006,0.0056938388958337315
new_more,10000,FR2 0AC_00028 0 offwind-float,0.15839559145769133,0.003174059267380897
new_more,10000,GB1 0AC_00011 0 offwind-float,0.15941954124913726,0.0052992676564216305
new_more,10000,GB1 0AC_00013 0 offwind-float,0.15800999131343985,0.003709779010028763
new_more,10000,GB1 0AC_00016 0 offwind-float,0.1590531379856005,0.006002977292397683
new_more,10000,GB1 0AC_00037 0 offwind-float,0.1592787311148749,0.0062447987733092805
new_more,10000,GB1 0AC_00041 0 offwind-float,0.15734142686870722,0.00508464046993163
new_more,10000,GB1 0AC_00053 0 offwind-float,0.1606752503704908,0.004321934933212437
new_more,10000,GB1 0AC_00062 0 offwind-float,0.1585724177290495,0.003291471912996973
new_more,10000,GB1 0AC_00065 0 offwind-float,0.16042761631536162,0.0038250832528794196
new_more,10000,GB3 0AC_00002 0 offwind-float,0.15880655190615833,0.006855966865144561
new_more,10000,GB3 0AC_00016 0 offwind-float,0.15913303703497905,0.005175200121312179
new_more,10000,GB5 0AC_00011 0 offwind-float,0.159542284463004,0.005040482185233201
new_more,10000,GB5 0AC_00020 0 offwind-float,0.15715214576184677,0.007269793622256497
new_more,10000,GR2 0AC_00013 0 offwind-float,0.15980964473696913,0.0011598063887943903
new_more,10000,GR2 0AC_00033 0 offwind-float,0.15817459799170486,0.0014021381949486566
new_more,10000,GR2 0AC_00045 0 offwind-float,0.15843520854654203,0.0012976061317999735
new_more,10000,IE3 0AC_00019 0 offwind-float,0.15817275358372718,0.006982481920565265
new_more,10000,IE3 0AC_00020 0 offwind-float,0.15645934402519823,0.005867635700335139
new_more,10000,IE3 0AC_00027 0 offwind-float,0.1587973320519166,0.005600148306204393
new_more,10000,IE3 0AC_00029 0 offwind-float,0.15917063960875943,0.005002951425048185
new_more,10000,IE3 0AC_00040 0 offwind-float,0.15900990652677127,0.004873401244610543
new_more,10000,IE3 0AC_00044 0 offwind-float,0.159885621391196,0.004821407030688737
new_more,10000,IE3 0AC_00045 0 offwind-float,0.15943116618322262,0.004607823820720736
new_more,10000,IE3 0AC_00048 0 offwind-float,0.15890780821294537,0.004718808236044588
new_more,10000,IT2 0AC_00019 0 offwind-float,0.15986504798301615,0.005267735317573515
new_more,10000,NO0 0AC_00001 0 offwind-float,0.15956022713296758,0.0035420958190037315
new_more,10000,NO0 0AC_00004 0 offwind-float,0.15982111793771037,0.005154931116444474
new_more,10000,NO0 0AC_00008 0 offwind-float,0.16017015696933523,0.0049736728713836095
new_more,10000,NO0 0AC_00057 0 offwind-float,0.16034441851788328,0.004052022484107936
new_more,10000,NO0 0AC_00076 0 offwind-float,0.15784863880703082,0.003705700512343334
new_more,10000,NO0 0AC_00087 0 offwind-float,0.16065687284732544,0.00395448076339857
new_more,10000,NO0 0AC_00124 0 offwind-float,0.1598918188120595,0.005380654037334617
new_more,10000,NO0 0AC_00137 0 offwind-float,0.16011629521719228,0.004813131794626119
new_more,10000,NO0 0AC_00145 0 offwind-float,0.16019535639128013,0.0049690545338191925
new_more,10000,GB1 0AC_00028 0 offwind-ac,0.12020649834901354,0.07252128719538063
new_more,10000,GB3 0AC_00018 0 offwind-ac,0.15463667406516934,0.5755610773476753
new_more,10000,GB1 0AC_00002 0 offwind-float,0.16565987363085088,0.005194753418763005
new_more,10000,GB1 0AC_00004 0 offwind-float,0.16555361807703894,0.005130168885693995
new_more,10000,GB1 0AC_00057 0 offwind-float,0.16432930747850116,0.004602482257141225
new_more,10000,GB1 0AC_00058 0 offwind-float,0.1664788313781831,0.0047416630780369885
new_more,10000,GB1 0AC_00063 0 offwind-float,0.16627136898095196,0.004646430848250484
new_more,10000,GB1 0AC_00064 0 offwind-float,0.1660480911202018,0.004711589338216836
new_more,10000,GB3 0AC_00015 0 offwind-float,0.16355118212892872,0.007773186811967486
new_more,10000,GB5 0AC_00001 0 offwind-float,0.16311126700668444,0.007092831836906111
new_more,10000,GB5 0AC_00008 0 offwind-float,0.16478491017190178,0.005031002726640378
new_more,10000,GB5 0AC_00010 0 offwind-float,0.16260846342656032,0.007677687048912229
new_more,10000,GB5 0AC_00018 0 offwind-float,0.1649971563650543,0.005699879325294179
new_more,10000,GB5 0AC_00021 0 offwind-float,0.1646527995477115,0.006127438872172765
new_more,10000,GB5 0AC_00022 0 offwind-float,0.16537481622401684,0.006919986622502516
new_more,10000,GB5 0AC_00023 0 offwind-float,0.16541246285219535,0.005256678563829504
new_more,10000,GR2 0AC_00040 0 offwind-float,0.15724238734371543,0.005127651572357226
new_more,10000,IE3 0AC_00025 0 offwind-float,0.16524675535630307,0.0066931125244877755
new_more,10000,IE3 0AC_00035 0 offwind-float,0.1640338487743841,0.008276768900287355
new_more,10000,IE3 0AC_00039 0 offwind-float,0.16321177326726588,0.005444135839099171
new_more,10000,IE3 0AC_00043 0 offwind-float,0.16144161470297402,0.008648773640892355
new_more,10000,IE3 0AC_00047 0 offwind-float,0.16493315795515484,0.0067690702543605815
new_more,10000,NO0 0AC_00009 0 offwind-float,0.1657262353102672,0.004608482372059436
new_more,10000,NO0 0AC_00010 0 offwind-float,0.16414057502438084,0.0045610473425872836
new_more,10000,NO0 0AC_00011 0 offwind-float,0.16413538613497203,0.004386799099003872
new_more,10000,NO0 0AC_00012 0 offwind-float,0.16617627002330404,0.004932769019654393
new_more,10000,NO0 0AC_00014 0 offwind-float,0.16423469308819505,0.004489916185260841
new_more,10000,NO0 0AC_00019 0 offwind-float,0.16411827420639213,0.005070315502634914
new_more,10000,NO0 0AC_00026 0 offwind-float,0.16597170690070784,0.005255824178856988
new_more,10000,NO0 0AC_00056 0 offwind-float,0.1663141745725355,0.004936388218934134
new_more,10000,NO0 0AC_00060 0 offwind-float,0.16419550992331133,0.00426658233044224
new_more,10000,NO0 0AC_00061 0 offwind-float,0.16627500958737396,0.004787335798581699
new_more,10000,NO0 0AC_00085 0 offwind-float,0.16422406509746812,0.004417564519813544
new_more,10000,NO0 0AC_00105 0 offwind-float,0.16132673963107247,0.001065736791918202
new_more,10000,NO0 0AC_00132 0 offwind-float,0.16351333204503793,0.005891946173480862
new_more,10000,NO0 0AC_00170 0 offwind-float,0.1648263235967945,0.005353381839635954
new_more,10000,NO0 0AC_00178 0 offwind-float,0.16505364532307987,0.0064185100322942615
new_more,10000,SE0 0AC_00002 0 offwind-float,0.16056264633669703,0.0016547418825864247
base,1000000,BE2 0AC_00000 0 offwind-dc,0.0,1732.8079968786888
base,1000000,DE2 0AC_00000 0 offwind-dc,0.0,43384.6003316459
base,1000000,DK2 0AC_00000 0 offwind-dc,0.0,20075.157631810907
base,1000000,NL2 0AC_00000 0 offwind-dc,0.0,38090.40054888789
base,1000000,AL2 0AC_00000 0 offwind-float,0.0,0.0010010804810431568
base,1000000,BA2 0AC_00000 0 offwind-float,0.0,0.00030515611890454333
base,1000000,BG2 0AC_00000 0 offwind-float,0.0,0.02381997455008705
base,1000000,DK0 0AC_00002 0 offwind-float,0.0,0.0009875555172758615
base,1000000,ES2 0AC_00000 0 offwind-float,0.0,0.0012686061789558207
base,1000000,ES2 0AC_00001 0 offwind-float,0.0,0.001318829053548951
base,1000000,ES7 0AC_00000 0 offwind-float,0.0,0.0007074290301872022
base,1000000,FR2 0AC_00000 0 offwind-float,0.0,0.002930683165316307
base,1000000,FR2 0AC_00001 0 offwind-float,0.0,0.00298459553135706
base,1000000,FR6 0AC_00000 0 offwind-float,0.0,0.0006978014306038175
base,1000000,GB1 0AC_00000 0 offwind-float,0.0,0.0024433357342950918
base,1000000,GB1 0AC_00002 0 offwind-float,0.0,0.005450221635115986
base,1000000,GB3 0AC_00000 0 offwind-float,0.0,0.05004590364973875
base,1000000,GB5 0AC_00000 0 offwind-float,0.0,0.005340199136276868
base,1000000,GR2 0AC_00000 0 offwind-float,0.0,0.002710114558106435
base,1000000,HR2 0AC_00000 0 offwind-float,0.0,0.001520261007708366
base,1000000,IE3 0AC_00000 0 offwind-float,0.0,0.00842820346019778
base,1000000,IT2 0AC_00000 0 offwind-float,0.0,0.001831374285328889
base,1000000,IT4 0AC_00000 0 offwind-float,0.0,0.0012050677420419973
base,1000000,ME2 0AC_00000 0 offwind-float,0.0,0.0007742614760775189
base,1000000,NO0 0AC_00000 0 offwind-float,0.0,0.0029017118843984086
base,1000000,PT2 0AC_00000 0 offwind-float,0.0,0.0013536048725000334
base,1000000,SE0 0AC_00000 0 offwind-float,0.0,0.003736690335109727
base,1000000,DK0 0AC_00000 0 offwind-ac,0.0,0.002109918205803304
base,1000000,GB1 0AC_00001 0 offwind-ac,0.0,0.00277684483191256
base,1000000,GB1 0AC_00004 0 offwind-ac,0.0,9.529310674080637
base,1000000,GB3 0AC_00001 0 offwind-ac,0.0,3.6941987707029393
base,1000000,SI2 0AC_00000 0 offwind-ac,0.0,0.0007126921077803871
new_more,1000000,BA2 0AC_00000 0 offwind-float,0.13010954096966632,0.0007517073745467577
new_more,1000000,BG2 0AC_00000 0 offwind-float,0.13153858950909925,0.004194044222588954
new_more,1000000,DK0 0AC_00002 0 offwind-float,0.13471901617735937,0.0018399058650644055
new_more,1000000,ES2 0AC_00000 0 offwind-float,0.13408188870532778,0.0018867769555164036
new_more,1000000,ES2 0AC_00001 0 offwind-float,0.1316475633219124,0.002219174684353003
new_more,1000000,ES7 0AC_00000 0 offwind-float,0.1338840628996627,0.0016571982868047947
new_more,1000000,FR2 0AC_00001 0 offwind-float,0.13238071338723212,0.003090853376687533
new_more,1000000,FR6 0AC_00000 0 offwind-float,0.1344202313350915,0.0014135079790568838
new_more,1000000,GB3 0AC_00000 0 offwind-float,0.1348989739619354,0.0056936241294069535
new_more,1000000,GR2 0AC_00000 0 offwind-float,0.13567521155859807,0.0031909336572780948
new_more,1000000,IT2 0AC_00000 0 offwind-float,0.1359119301437267,0.002638277952747517
new_more,1000000,IT4 0AC_00000 0 offwind-float,0.13471252851647153,0.0020034803355226836
new_more,1000000,PT2 0AC_00000 0 offwind-float,0.13279706104749067,0.002236957750760075
new_more,1000000,SE0 0AC_00000 0 offwind-float,0.13615880857821383,0.0031773756169575693
new_more,1000000,BE2 0AC_00000 0 offwind-dc,0.11538448296925685,0.046540483096565735
new_more,1000000,DE2 0AC_00000 0 offwind-dc,0.1514671451791305,39781.21065876059
new_more,1000000,DK2 0AC_00000 0 offwind-dc,0.1114480128783143,2957.1796044453135
new_more,1000000,AL2 0AC_00000 0 offwind-float,0.14450840585080438,0.002584009795607863
new_more,1000000,FR2 0AC_00000 0 offwind-float,0.1433581452536884,0.004402458897123442
new_more,1000000,HR2 0AC_00000 0 offwind-float,0.14387946261043094,0.0029955607488170157
new_more,1000000,IE3 0AC_00000 0 offwind-float,0.14456179795388013,0.007204910778053597
new_more,1000000,NO0 0AC_00000 0 offwind-float,0.144706991982945,0.005115621335199397
new_more,1000000,DK0 0AC_00000 0 offwind-ac,0.1438688638100717,0.004535110474122622
new_more,1000000,SI2 0AC_00000 0 offwind-ac,0.14401688739693197,0.0018578649149308107
new_more,1000000,GB1 0AC_00000 0 offwind-float,0.1505240499271021,0.005590379862850251
new_more,1000000,GB1 0AC_00002 0 offwind-float,0.15098572822484302,0.00741648686988371
new_more,1000000,ME2 0AC_00000 0 offwind-float,0.15279404179666944,0.003158170987689545
new_more,1000000,GB1 0AC_00001 0 offwind-ac,0.14578564786485548,0.005321965087436069
new_more,1000000,NL2 0AC_00000 0 offwind-dc,0.1156659719691,0.22285140838800657
new_more,1000000,GB5 0AC_00000 0 offwind-float,0.15756894351043849,0.00946813351187123
new_more,1000000,GB1 0AC_00004 0 offwind-ac,0.1306964800779924,0.08946087007168459
new_more,1000000,GB3 0AC_00001 0 offwind-ac,0.1629441739647043,1.2827355000886556
base,100000,BE2 0AC_00000 0 offwind-dc,0.0,1732.8073445195207
base,100000,DE2 0AC_00000 0 offwind-dc,0.0,43384.599843331256
base,100000,DK2 0AC_00000 0 offwind-dc,0.0,19885.869444890643
base,100000,NL2 0AC_00000 0 offwind-dc,0.0,38031.75057955522
base,100000,AL2 0AC_00000 0 offwind-float,0.0,0.0011182845935888916
base,100000,BA2 0AC_00000 0 offwind-float,0.0,0.0004546814536242589
base,100000,BG2 0AC_00000 0 offwind-float,0.0,0.02411642270829344
base,100000,DK0 0AC_00002 0 offwind-float,0.0,0.0010318586930721792
base,100000,ES2 0AC_00000 0 offwind-float,0.0,0.0048154956008287075
base,100000,ES2 0AC_00003 0 offwind-float,0.0,0.0009692068219587205
base,100000,ES2 0AC_00004 0 offwind-float,0.0,0.001298474617381318
base,100000,ES2 0AC_00005 0 offwind-float,0.0,0.001484140353929205
base,100000,ES2 0AC_00006 0 offwind-float,0.0,0.0010525163766987966
base,100000,ES7 0AC_00000 0 offwind-float,0.0,0.0007624957919371044
base,100000,ES7 0AC_00002 0 offwind-float,0.0,0.0009057164106986595
base,100000,FR2 0AC_00000 0 offwind-float,0.0,0.003565183381750216
base,100000,FR2 0AC_00002 0 offwind-float,0.0,0.002921465438389989
base,100000,FR2 0AC_00005 0 offwind-float,0.0,0.001862688599451737
base,100000,FR2 0AC_00008 0 offwind-float,0.0,0.0013201161238826052
base,100000,FR6 0AC_00000 0 offwind-float,0.0,0.0008269535763986662
base,100000,GB1 0AC_00004 0 offwind-float,0.0,0.004183992152163162
base,100000,GB1 0AC_00008 0 offwind-float,0.0,0.00252914722794736
base,100000,GB1 0AC_00009 0 offwind-float,0.0,0.002437932590232349
base,100000,GB1 0AC_00012 0 offwind-float,0.0,0.0016112045733344227
base,100000,GB3 0AC_00000 0 offwind-float,0.0,4345.586826081018
base,100000,GB3 0AC_00001 0 offwind-float,0.0,0.0031078333133078904
base,100000,GB5 0AC_00000 0 offwind-float,0.0,0.005130743602019444
base,100000,GB5 0AC_00001 0 offwind-float,0.0,0.0043531469932267105
base,100000,GR2 0AC_00000 0 offwind-float,0.0,0.0010769168828827806
base,100000,GR2 0AC_00001 0 offwind-float,0.0,0.0017832253164320566
base,100000,GR2 0AC_00002 0 offwind-float,0.0,0.0036352378085721445
base,100000,GR2 0AC_00003 0 offwind-float,0.0,0.000312677584829474
base,100000,GR2 0AC_00004 0 offwind-float,0.0,0.001308396894978325
base,100000,GR2 0AC_00005 0 offwind-float,0.0,0.002757014973363744
base,100000,HR2 0AC_00000 0 offwind-float,0.0,0.001607778692935558
base,100000,IE3 0AC_00001 0 offwind-float,0.0,0.00410120084517476
base,100000,IE3 0AC_00002 0 offwind-float,0.0,0.006705947530479464
base,100000,IE3 0AC_00005 0 offwind-float,0.0,0.0035852719622402893
base,100000,IE3 0AC_00006 0 offwind-float,0.0,0.0024973210516786035
base,100000,IE3 0AC_00013 0 offwind-float,0.0,0.0014077139919705466
base,100000,IT2 0AC_00001 0 offwind-float,0.0,0.0014582365681255535
base,100000,IT2 0AC_00002 0 offwind-float,0.0,0.0008983408456083974
base,100000,IT2 0AC_00003 0 offwind-float,0.0,0.0009947609431234616
base,100000,IT2 0AC_00004 0 offwind-float,0.0,0.0007717088345605588
base,100000,IT2 0AC_00005 0 offwind-float,0.0,0.0027927070896822544
base,100000,IT2 0AC_00006 0 offwind-float,0.0,0.0013646029771383738
base,100000,IT2 0AC_00007 0 offwind-float,0.0,0.0004829017188476307
base,100000,IT4 0AC_00000 0 offwind-float,0.0,0.0010417983559813852
base,100000,IT4 0AC_00001 0 offwind-float,0.0,0.0011264098278370765
base,100000,ME2 0AC_00000 0 offwind-float,0.0,0.0009399213901783652
base,100000,NO0 0AC_00000 0 offwind-float,0.0,60.07896430920671
base,100000,NO0 0AC_00001 0 offwind-float,0.0,0.00303296918030746
base,100000,NO0 0AC_00002 0 offwind-float,0.0,0.002587832031415025
base,100000,NO0 0AC_00005 0 offwind-float,0.0,0.0017306838948462921
base,100000,NO0 0AC_00006 0 offwind-float,0.0,0.0003455893189021659
base,100000,NO0 0AC_00007 0 offwind-float,0.0,0.0002826224893959136
base,100000,NO0 0AC_00008 0 offwind-float,0.0,0.00043768578029100254
base,100000,NO0 0AC_00009 0 offwind-float,0.0,0.00028213716978981774
base,100000,NO0 0AC_00010 0 offwind-float,0.0,0.00019410942414569684
base,100000,NO0 0AC_00011 0 offwind-float,0.0,0.0001694813543281446
base,100000,NO0 0AC_00014 0 offwind-float,0.0,0.0024371769208988937
base,100000,NO0 0AC_00016 0 offwind-float,0.0,0.0023965169262746265
base,100000,NO0 0AC_00018 0 offwind-float,0.0,0.0002780506986494883
base,100000,NO0 0AC_00020 0 offwind-float,0.0,0.00024427768232914256
base,100000,NO0 0AC_00023 0 offwind-float,0.0,0.0018944872063420576
base,100000,NO0 0AC_00028 0 offwind-float,0.0,0.0003550296282755043
base,100000,NO0 0AC_00029 0 offwind-float,0.0,0.0008554543426139744
base,100000,NO0 0AC_00030 0 offwind-float,0.0,0.0029624162126830537
base,100000,NO0 0AC_00032 0 offwind-float,0.0,0.004366479912017685
base,100000,NO0 0AC_00035 0 offwind-float,0.0,0.0031270373504356567
base,100000,NO0 0AC_00039 0 offwind-float,0.0,0.0002728520383060065
base,100000,NO0 0AC_00040 0 offwind-float,0.0,0.003668391171931511
base,100000,PT2 0AC_00000 0 offwind-float,0.0,0.004013592733071963
base,100000,PT2 0AC_00001 0 offwind-float,0.0,0.0014094365883391194
base,100000,PT2 0AC_00002 0 offwind-float,0.0,0.0012864227027384245
base,100000,PT2 0AC_00003 0 offwind-float,0.0,0.0012667755635354118
base,100000,SE0 0AC_00004 0 offwind-float,0.0,0.0037576244134043977
base,100000,DK0 0AC_00000 0 offwind-ac,0.0,0.0021850790509166536
base,100000,FR2 0AC_00004 0 offwind-ac,0.0,1428.7526524351078
base,100000,FR2 0AC_00006 0 offwind-ac,0.0,574.7530957426324
base,100000,FR2 0AC_00007 0 offwind-ac,0.0,52.45781539077711
base,100000,GB1 0AC_00000 0 offwind-ac,0.0,0.001831745917619524
base,100000,GB1 0AC_00001 0 offwind-ac,0.0,0.0005155241235939173
base,100000,GB1 0AC_00002 0 offwind-ac,0.0,0.002403098993180456
base,100000,GB1 0AC_00003 0 offwind-ac,0.0,0.0025686192486533937
base,100000,GB1 0AC_00006 0 offwind-ac,0.0,9.528914810297108
base,100000,GB1 0AC_00010 0 offwind-ac,0.0,0.00263222581497523
base,100000,GB1 0AC_00011 0 offwind-ac,0.0,0.004528919157260249
base,100000,GB3 0AC_00002 0 offwind-ac,0.0,3.6936108142273216
base,100000,IE3 0AC_00007 0 offwind-ac,0.0,0.0011157676154273167
base,100000,IE3 0AC_00011 0 offwind-ac,0.0,0.0009217749978677109
base,100000,IT2 0AC_00000 0 offwind-ac,0.0,0.0014324806146410528
base,100000,NO0 0AC_00022 0 offwind-ac,0.0,0.000858893873605842
base,100000,NO0 0AC_00024 0 offwind-ac,0.0,11.870564569866549
base,100000,NO0 0AC_00037 0 offwind-ac,0.0,0.0007151899368120614
base,100000,NO0 0AC_00038 0 offwind-ac,0.0,0.0004423098303837937
base,100000,SE0 0AC_00000 0 offwind-ac,0.0,0.0008794850175723367
base,100000,SE0 0AC_00003 0 offwind-ac,0.0,654.4553159988774
base,100000,SI2 0AC_00000 0 offwind-ac,0.0,0.0008280835792832026
new_more,100000,IE3 0AC_00007 0 offwind-ac,0.11153213805619566,0.0007172664408929458
new_more,100000,NO0 0AC_00008 0 offwind-float,0.11228895688602514,0.0002831835455794702
new_more,100000,PT2 0AC_00000 0 offwind-float,0.11150212589497566,0.0012369826294940055
new_more,100000,PT2 0AC_00002 0 offwind-float,0.11150840162375342,0.0007004231649945248
new_more,100000,BE2 0AC_00000 0 offwind-dc,0.11484218201101215,0.03376649507543089
new_more,100000,DE2 0AC_00000 0 offwind-dc,0.1514627818660622,39703.324131972266
new_more,100000,DK2 0AC_00000 0 offwind-dc,0.11144799470547084,2957.1792670461623
new_more,100000,FR2 0AC_00004 0 offwind-ac,0.1359438458729495,0.0041997182792290096
new_more,100000,FR2 0AC_00007 0 offwind-ac,0.12490803492798852,0.005079047230559489
new_more,100000,GB1 0AC_00001 0 offwind-ac,0.13034463764847692,0.0008885995367400518
new_more,100000,GB1 0AC_00010 0 offwind-ac,0.13906408957594318,0.00303105696811716
new_more,100000,SE0 0AC_00000 0 offwind-ac,0.12976158037448793,0.00117627307411611
new_more,100000,BA2 0AC_00000 0 offwind-float,0.13036362108868615,0.0006951670067808299
new_more,100000,BG2 0AC_00000 0 offwind-float,0.13305215405748827,0.002908248543723597
new_more,100000,DK0 0AC_00002 0 offwind-float,0.1351661864537802,0.0011639614701244847
new_more,100000,ES2 0AC_00000 0 offwind-float,0.12685971204623636,0.0025456157225899434
new_more,100000,ES2 0AC_00003 0 offwind-float,0.1345611536789466,0.0012074987825491444
new_more,100000,ES2 0AC_00004 0 offwind-float,0.13726195595459845,0.001519154469555199
new_more,100000,ES2 0AC_00005 0 offwind-float,0.13375456757839455,0.001495732560679446
new_more,100000,ES2 0AC_00006 0 offwind-float,0.138608621963209,0.0012921137784099492
new_more,100000,ES7 0AC_00000 0 offwind-float,0.13831625972937467,0.0010727582646621091
new_more,100000,ES7 0AC_00002 0 offwind-float,0.1321265117786815,0.0011026559370215818
new_more,100000,FR2 0AC_00000 0 offwind-float,0.13804733912437217,0.0029943188268828913
new_more,100000,FR2 0AC_00002 0 offwind-float,0.13556176840302836,0.00233837071890232
new_more,100000,FR6 0AC_00000 0 offwind-float,0.13844241904214438,0.00111266837700709
new_more,100000,GB1 0AC_00012 0 offwind-float,0.13882789283596098,0.0019833237089289394
new_more,100000,GB3 0AC_00000 0 offwind-float,0.11146865730087929,405.939093472499
new_more,100000,GR2 0AC_00000 0 offwind-float,0.13668643150590143,0.0014683101130093627
new_more,100000,GR2 0AC_00001 0 offwind-float,0.13795028041585178,0.002143180536835882
new_more,100000,GR2 0AC_00004 0 offwind-float,0.13458122562341734,0.0016666486202777807
new_more,100000,IE3 0AC_00005 0 offwind-float,0.1280557660894529,0.002624643648732419
new_more,100000,IT2 0AC_00002 0 offwind-float,0.13841507199546976,0.0012576171546333328
new_more,100000,IT2 0AC_00004 0 offwind-float,0.1323555253859673,0.001127213948827188
new_more,100000,IT2 0AC_00005 0 offwind-float,0.13864516114537895,0.0025561478124105116
new_more,100000,IT2 0AC_00006 0 offwind-float,0.13911520439181002,0.001739049282161204
new_more,100000,IT4 0AC_00000 0 offwind-float,0.1375328664092036,0.0014270140826467773
new_more,100000,IT4 0AC_00001 0 offwind-float,0.13786205413508368,0.0014841611746423946
new_more,100000,NO0 0AC_00000 0 offwind-float,0.1279304176564786,0.002418152549636607
new_more,100000,NO0 0AC_00005 0 offwind-float,0.13756611977834232,0.0019431010753977896
new_more,100000,NO0 0AC_00006 0 offwind-float,0.13109637336099766,0.0005571889500989022
new_more,100000,NO0 0AC_00007 0 offwind-float,0.13331622772621687,0.00046301223022480065
new_more,100000,NO0 0AC_00009 0 offwind-float,0.13140102439863643,0.0003939450288692603
new_more,100000,NO0 0AC_00010 0 offwind-float,0.13438280389976387,0.00023395782441903225
new_more,100000,NO0 0AC_00011 0 offwind-float,0.13974332700186776,0.0002225517550223465
new_more,100000,NO0 0AC_00018 0 offwind-float,0.13151354096975987,0.00040808336045738253
new_more,100000,NO0 0AC_00020 0 offwind-float,0.13356290673784355,0.0003612578914966759
new_more,100000,NO0 0AC_00029 0 offwind-float,0.12997743265277084,0.0011726636221871018
new_more,100000,PT2 0AC_00001 0 offwind-float,0.13363410068411896,0.0015378392361644986
new_more,100000,PT2 0AC_00003 0 offwind-float,0.13797303953914708,0.0016347320883293962
new_more,100000,DK0 0AC_00000 0 offwind-ac,0.14379933053805938,0.0029394867166183864
new_more,100000,GB1 0AC_00000 0 offwind-ac,0.14217494945292997,0.002631196305265034
new_more,100000,GB1 0AC_00002 0 offwind-ac,0.14192849995112822,0.0029942040343744762
new_more,100000,NO0 0AC_00037 0 offwind-ac,0.13891998810009643,0.0017532826366414185
new_more,100000,NO0 0AC_00038 0 offwind-ac,0.14019958879165262,0.0011382352802149485
new_more,100000,SE0 0AC_00003 0 offwind-ac,0.14296986362479103,0.00611040561568421
new_more,100000,SI2 0AC_00000 0 offwind-ac,0.14183828847799806,0.0015624878178567931
new_more,100000,AL2 0AC_00000 0 offwind-float,0.14578933174884112,0.001915983274672078
new_more,100000,FR2 0AC_00005 0 offwind-float,0.14777754529940912,0.0031413952464848876
new_more,100000,GR2 0AC_00002 0 offwind-float,0.14683532314084968,0.00423572627821584
new_more,100000,GR2 0AC_00003 0 offwind-float,0.14647916062992616,0.0005744438226810706
new_more,100000,GR2 0AC_00005 0 offwind-float,0.144141094420297,0.0033924482041511246
new_more,100000,HR2 0AC_00000 0 offwind-float,0.14554267588224046,0.002355075687277766
new_more,100000,IT2 0AC_00001 0 offwind-float,0.1467253704261311,0.002467256360790115
new_more,100000,NO0 0AC_00001 0 offwind-float,0.14782360966907104,0.004134751561678018
new_more,100000,NO0 0AC_00002 0 offwind-float,0.1478639573954691,0.003854071508110334
new_more,100000,NO0 0AC_00023 0 offwind-float,0.14746530252375567,0.0032288576614452925
new_more,100000,NO0 0AC_00028 0 offwind-float,0.1431815203487542,0.0007139709142979503
new_more,100000,NO0 0AC_00030 0 offwind-float,0.1464030118020322,0.003741545785787199
new_more,100000,NO0 0AC_00035 0 offwind-float,0.14746977088698332,0.004024757115379386
new_more,100000,NO0 0AC_00039 0 offwind-float,0.14061914883465587,0.000690932971912967
new_more,100000,NO0 0AC_00040 0 offwind-float,0.14771826125029064,0.004422084975409357
new_more,100000,SE0 0AC_00004 0 offwind-float,0.14599798315995727,0.0039718526635653196
new_more,100000,NL2 0AC_00000 0 offwind-dc,0.11596719690469526,0.17307954456133642
new_more,100000,GB1 0AC_00003 0 offwind-ac,0.14493256593850867,0.004185518952683099
new_more,100000,GB1 0AC_00011 0 offwind-ac,0.14292762846921003,0.005173828014949133
new_more,100000,IE3 0AC_00011 0 offwind-ac,0.14812656045159844,0.002629334387382294
new_more,100000,IT2 0AC_00000 0 offwind-ac,0.15216255780024968,0.0030095809585403664
new_more,100000,FR2 0AC_00008 0 offwind-float,0.1492694925785899,0.0024428223943099058
new_more,100000,GB1 0AC_00004 0 offwind-float,0.154289144242726,0.006465155385995364
new_more,100000,GB3 0AC_00001 0 offwind-float,0.1519518485673792,0.007303544538885801
new_more,100000,GB5 0AC_00000 0 offwind-float,0.1538685134795853,0.006252940174762528
new_more,100000,IE3 0AC_00001 0 offwind-float,0.15367646988349026,0.00691921354875986
new_more,100000,IE3 0AC_00006 0 offwind-float,0.1527851358580471,0.0049052227108703165
new_more,100000,IE3 0AC_00013 0 offwind-float,0.14972722410834083,0.003050454016415873
new_more,100000,IT2 0AC_00003 0 offwind-float,0.15316215295529,0.0023888620194024105
new_more,100000,IT2 0AC_00007 0 offwind-float,0.1541725759107796,0.001277889334488334
new_more,100000,ME2 0AC_00000 0 offwind-float,0.15194081494718747,0.002078318679377779
new_more,100000,NO0 0AC_00014 0 offwind-float,0.15486438908114109,0.0049754598553082225
new_more,100000,NO0 0AC_00016 0 offwind-float,0.15205181791114408,0.004348754663324723
new_more,100000,NO0 0AC_00032 0 offwind-float,0.1523683095196009,0.005685899967181411
new_more,100000,FR2 0AC_00006 0 offwind-ac,0.1495586717274111,0.007893273751954205
new_more,100000,NO0 0AC_00022 0 offwind-ac,0.1514850642618949,0.0033794925722909677
new_more,100000,NO0 0AC_00024 0 offwind-ac,0.14018564096041986,0.016683710077772366
new_more,100000,GB1 0AC_00008 0 offwind-float,0.1590848530897948,0.005623728174736789
new_more,100000,GB1 0AC_00009 0 offwind-float,0.1604657354654333,0.005992878162349548
new_more,100000,GB5 0AC_00001 0 offwind-float,0.16109207382482404,0.007526744074725114
new_more,100000,IE3 0AC_00002 0 offwind-float,0.1581754547655515,0.01018172831244827
new_more,100000,GB1 0AC_00006 0 offwind-ac,0.13014126653527935,0.08914705930947017
new_more,100000,GB3 0AC_00002 0 offwind-ac,0.1562547570447388,0.6300679541870374
