scenario,split,region,tech,available_cf,dispatch_cf,curtailment_cf
base,1000,BE2 0AC,offwind-dc,0.5956078726848766,0.5861294088202345,0.009478463864642128
base,1000,BE2 0AC,offwind-dc,0.5934668554598918,0.5802811003903163,0.013185755069575422
base,1000,DE2 0AC,offwind-dc,0.5722932101354562,0.5708909302800067,0.0014022798554494953
base,1000,DE2 0AC,offwind-dc,0.5811555096541337,0.5794109411359943,0.0017445685181393111
base,1000,DE2 0AC,offwind-dc,0.5734420121863343,0.572235946744459,0.0012060654418752925
base,1000,DE2 0AC,offwind-dc,0.5851237858749495,0.5851237858749484,1.1102230246251565e-15
base,1000,DE2 0AC,offwind-dc,0.5769613945916044,0.5720462736477767,0.004915120943827733
base,1000,DE2 0AC,offwind-dc,0.5786521994095878,0.5760863658067573,0.0025658336028304696
base,1000,DE2 0AC,offwind-dc,0.5820903648807004,0.5820903648806999,5.551115123125783e-16
base,1000,DE2 0AC,offwind-dc,0.5798603407957497,0.577986611825844,0.0018737289699056747
base,1000,DE2 0AC,offwind-dc,0.5815146766613087,0.5801634112628776,0.0013512653984311118
base,1000,DE2 0AC,offwind-dc,0.5821251854931467,0.5801138155120323,0.002011369981114397
base,1000,DE2 0AC,offwind-dc,0.5858944296903277,0.5858944296903272,4.440892098500626e-16
base,1000,DE2 0AC,offwind-dc,0.5845329678098138,0.5836099932386776,0.0009229745711362147
base,1000,DE2 0AC,offwind-dc,0.5875053990665804,0.5875053990665801,3.3306690738754696e-16
base,1000,DE2 0AC,offwind-dc,0.5848476728907113,0.5829541643096934,0.0018935085810178887
base,1000,DE2 0AC,offwind-dc,0.5846039970780571,0.5846039970780567,4.440892098500626e-16
base,1000,DE2 0AC,offwind-dc,0.5874259397460954,0.5874259397460951,2.220446049250313e-16
base,1000,DE2 0AC,offwind-dc,0.5859929225431122,0.5859929225431109,1.3322676295501878e-15
base,1000,DE2 0AC,offwind-dc,0.5880493813042982,0.5880493813042974,7.771561172376096e-16
base,1000,DE2 0AC,offwind-dc,0.587440666921281,0.58744066692128,9.992007221626409e-16
base,1000,DE2 0AC,offwind-dc,0.5729036730642558,0.5579178636311938,0.014985809433062047
base,1000,DE2 0AC,offwind-dc,0.5872218799142366,0.5872218799142347,1.887379141862766e-15
base,1000,DE2 0AC,offwind-dc,0.5855671679929086,0.5855671679929082,4.440892098500626e-16
base,1000,DE2 0AC,offwind-dc,0.5862970375535252,0.5862970375535248,4.440892098500626e-16
base,1000,DE2 0AC,offwind-dc,0.5870351313735892,0.5870351313735866,2.55351295663786e-15
base,1000,DE2 0AC,offwind-dc,0.5823920365332751,0.5823920365332732,1.887379141862766e-15
base,1000,DE2 0AC,offwind-dc,0.5873175544593536,0.5873175544593384,1.5210055437364645e-14
base,1000,DE2 0AC,offwind-dc,0.5753594934306909,0.5678552499171876,0.007504243513503317
base,1000,DE2 0AC,offwind-dc,0.5827235568853298,0.5797077602529515,0.003015796632378387
base,1000,DE2 0AC,offwind-dc,0.5853756914765603,0.585375691476553,7.327471962526033e-15
base,1000,DE2 0AC,offwind-dc,0.569749331175967,0.5575879397312431,0.012161391444723946
base,1000,DE2 0AC,offwind-dc,0.5815033570355952,0.5771602587400646,0.00434309829553059
base,1000,DE2 0AC,offwind-dc,0.5838960754328266,0.5838960754328244,2.220446049250313e-15
base,1000,DK2 0AC,offwind-dc,0.5796615648137128,0.5312840376151855,0.04837752719852728
base,1000,DK2 0AC,offwind-dc,0.5758708931049851,0.5256434787461662,0.050227414358818834
base,1000,DK2 0AC,offwind-dc,0.5873137446627187,0.546465500446085,0.04084824421663369
base,1000,DK2 0AC,offwind-dc,0.5829416946970009,0.5370971955227429,0.045844499174257924
base,1000,DK2 0AC,offwind-dc,0.5779614854013849,0.5276542383642928,0.05030724703709211
base,1000,DK2 0AC,offwind-dc,0.5810231857304307,0.531211446128959,0.04981173960147167
base,1000,DK2 0AC,offwind-dc,0.5827245249945431,0.5366684745992714,0.04605605039527172
base,1000,DK2 0AC,offwind-dc,0.5907666376070265,0.5516376327436189,0.039129004863407646
base,1000,DK2 0AC,offwind-dc,0.590709729989801,0.5467990859792687,0.04391064401053224
base,1000,DK2 0AC,offwind-dc,0.5826565097221076,0.5330975651947937,0.04955894452731391
base,1000,DK2 0AC,offwind-dc,0.5977283540522718,0.5665781530773996,0.0311502009748722
base,1000,DK2 0AC,offwind-dc,0.5915873788821384,0.5451589259583256,0.04642845292381281
base,1000,DK2 0AC,offwind-dc,0.5858129851528225,0.5406807611622367,0.04513222399058581
base,1000,DK2 0AC,offwind-dc,0.5927926725145097,0.553864148288843,0.03892852422566673
base,1000,DK2 0AC,offwind-dc,0.6008389744345788,0.5712429375973108,0.02959603683726797
base,1000,DK2 0AC,offwind-dc,0.5920490091398808,0.5500244480180604,0.0420245611218204
base,1000,DK2 0AC,offwind-dc,0.586483416138314,0.5404368063852256,0.046046609753088386
base,1000,DK2 0AC,offwind-dc,0.5887744829646561,0.5442191205555589,0.04455536240909719
base,1000,DK2 0AC,offwind-dc,0.5965012811300464,0.5588930843163396,0.03760819681370686
base,1000,DK2 0AC,offwind-dc,0.6069971301951671,0.5836792542239022,0.02331787597126489
base,1000,DK2 0AC,offwind-dc,0.5912407901382399,0.5454816717483245,0.04575911838991542
base,1000,DK2 0AC,offwind-dc,0.6023997142423244,0.5713862715778508,0.03101344266447359
base,1000,DK2 0AC,offwind-dc,0.6194919714184204,0.6190822180679122,0.00040975335050819073
base,1000,DK2 0AC,offwind-dc,0.6117193043946864,0.5935835302877506,0.018135774106935787
base,1000,DK2 0AC,offwind-dc,0.5950677462937028,0.5533944702018205,0.041673276091882316
base,1000,DK2 0AC,offwind-dc,0.6026068234135775,0.5691171237743752,0.03348969963920234
base,1000,DK2 0AC,offwind-dc,0.6077242442394418,0.5842022135200962,0.023522030719345666
base,1000,DK2 0AC,offwind-dc,0.6210841923360526,0.6207103006422998,0.0003738916937527925
base,1000,DK2 0AC,offwind-dc,0.5945497119417981,0.5541998681585923,0.04034984378320572
base,1000,DK2 0AC,offwind-dc,0.5994129838525765,0.5639691560543872,0.03544382779818922
base,1000,DK2 0AC,offwind-dc,0.5933011824858382,0.550926381442385,0.04237480104345315
base,1000,DK2 0AC,offwind-dc,0.6209700514938012,0.6204195517844991,0.0005504997093020991
base,1000,DK2 0AC,offwind-dc,0.6081642298740654,0.5858970168376498,0.022267213036415545
base,1000,DK2 0AC,offwind-dc,0.614808597170309,0.6009315705621372,0.013877026608171805
base,1000,DK2 0AC,offwind-dc,0.5932163198972932,0.5771585634534115,0.016057756443881632
base,1000,FR2 0AC,offwind-dc,0.5855679240073786,0.5855679240073712,7.327471962526033e-15
base,1000,FR2 0AC,offwind-dc,0.5702212198713267,0.5615202220243485,0.008700997846978198
base,1000,GB1 0AC,offwind-dc,0.5429330143741952,0.5343755703393788,0.008557444034816397
base,1000,GB1 0AC,offwind-dc,0.5607012008623226,0.5521211118556139,0.008580089006708702
base,1000,GB1 0AC,offwind-dc,0.5574233527681319,0.5473979358260022,0.010025416942129772
base,1000,GB1 0AC,offwind-dc,0.572116250980122,0.563502937263005,0.008613313717116933
base,1000,GB1 0AC,offwind-dc,0.5646393769160081,0.4842826677294299,0.08035670918657817
base,1000,GB1 0AC,offwind-dc,0.5675579851233646,0.4896241671066238,0.07793381801674082
base,1000,GB1 0AC,offwind-dc,0.5673154493520967,0.48633751532480374,0.08097793402729292
base,1000,GB1 0AC,offwind-dc,0.5737827250800623,0.4954227149094464,0.07836001017061595
base,1000,GB1 0AC,offwind-dc,0.5751073081157311,0.49752635543124935,0.07758095268448173
base,1000,GB1 0AC,offwind-dc,0.5740350948292146,0.5638164211454556,0.01021867368375895
base,1000,GB1 0AC,offwind-dc,0.5768121731288143,0.4979222594508778,0.07888991367793646
base,1000,GB1 0AC,offwind-dc,0.5724223420424808,0.4921061923769617,0.08031614966551909
base,1000,GB1 0AC,offwind-dc,0.5769093202452183,0.5664994303359485,0.010409889909269832
base,1000,GB1 0AC,offwind-dc,0.5793592815250153,0.5022607999634571,0.07709848156155819
base,1000,GB1 0AC,offwind-dc,0.5798322245131315,0.5013218436334986,0.07851038087963291
base,1000,GB1 0AC,offwind-dc,0.5783946798630375,0.49989769219848695,0.07849698766455054
base,1000,GB1 0AC,offwind-dc,0.5682794466365544,0.48548391640948035,0.08279553022707403
base,1000,GB1 0AC,offwind-dc,0.573771878576564,0.5636186996737818,0.010153178902782223
base,1000,GB1 0AC,offwind-dc,0.5790459389660407,0.5002679248413718,0.0787780141246689
base,1000,GB1 0AC,offwind-dc,0.5749005553956937,0.49915197897412256,0.07574857642157118
base,1000,GB1 0AC,offwind-dc,0.5760987365254353,0.5599881258219822,0.0161106107034531
base,1000,GB1 0AC,offwind-dc,0.5826424566764402,0.5455846348257938,0.03705782185064643
base,1000,GB1 0AC,offwind-dc,0.5759837757234884,0.4982664349884496,0.07771734073503878
base,1000,GB1 0AC,offwind-dc,0.5787764120425409,0.5004838007942987,0.07829261124824227
base,1000,GB1 0AC,offwind-dc,0.5725657713503257,0.5621439604237674,0.010421810926558361
base,1000,GB1 0AC,offwind-dc,0.5661840657977646,0.4834099015210085,0.0827741642767561
base,1000,GB1 0AC,offwind-dc,0.5923168473136584,0.5776321329268291,0.014684714386829278
base,1000,GB1 0AC,offwind-dc,0.578000741061482,0.4988522365873352,0.07914850447414684
base,1000,GB1 0AC,offwind-dc,0.5931165716783812,0.5772421560243418,0.015874415654039353
base,1000,GB1 0AC,offwind-dc,0.5768631423354053,0.49739986137781095,0.0794632809575943
base,1000,GB1 0AC,offwind-dc,0.5782838406991048,0.4996992512307309,0.07858458946837388
base,1000,GB1 0AC,offwind-dc,0.576911179344653,0.4977235976215969,0.07918758172305607
base,1000,GB1 0AC,offwind-dc,0.5732665212866731,0.49465553140458646,0.07861098988208665
base,1000,GB1 0AC,offwind-dc,0.5825905231134484,0.5042738317541945,0.0783166913592539
base,1000,GB1 0AC,offwind-dc,0.5986970678605004,0.5541380247522295,0.04455904310827086
base,1000,GB1 0AC,offwind-dc,0.5713606649479582,0.5611361888720664,0.01022447607589183
base,1000,GB1 0AC,offwind-dc,0.5968800475360225,0.5627967157414717,0.03408333179455081
base,1000,GB1 0AC,offwind-dc,0.5851034245324966,0.5531195272459377,0.03198389728655893
base,1000,GB1 0AC,offwind-dc,0.5753661983709663,0.49446933401511073,0.08089686435585552
base,1000,GB1 0AC,offwind-dc,0.5716180304435106,0.4964825266084109,0.07513550383509965
base,1000,GB1 0AC,offwind-dc,0.5716261373867279,0.49301902163528366,0.07860711575144419
base,1000,GB1 0AC,offwind-dc,0.5801715748019994,0.50068150241763,0.07949007238436945
base,1000,GB1 0AC,offwind-dc,0.5883777114192579,0.5725846491852534,0.01579306223400445
base,1000,GB1 0AC,offwind-dc,0.5967999372986245,0.5711643702550647,0.025635567043559737
base,1000,GB1 0AC,offwind-dc,0.5787376831575436,0.49952962018460095,0.07920806297294264
base,1000,GB1 0AC,offwind-dc,0.5733461672227417,0.494117603914187,0.07922856330855466
base,1000,GB1 0AC,offwind-dc,0.5963153233643033,0.579919611013222,0.016395712351081282
base,1000,GB1 0AC,offwind-dc,0.5844155523859818,0.5745408757875418,0.009874676598439991
base,1000,GB1 0AC,offwind-dc,0.5814757853299204,0.5029789114405496,0.07849687388937077
base,1000,GB1 0AC,offwind-dc,0.590720658617267,0.5818491970328239,0.008871461584443074
base,1000,GB1 0AC,offwind-dc,0.5849738158705882,0.577159365240098,0.007814450630490133
base,1000,GB1 0AC,offwind-dc,0.571665981428641,0.49817419832940485,0.07349178309923615
base,1000,GB1 0AC,offwind-dc,0.5726349711219823,0.5642378996456647,0.00839707147631752
base,1000,GB4 0AC,offwind-dc,0.5929567089378681,0.4896295529598896,0.10332715597797854
base,1000,GB4 0AC,offwind-dc,0.5898234917477412,0.5640824099792654,0.025741081768475782
base,1000,GB4 0AC,offwind-dc,0.5779744313654172,0.4556466178632077,0.12232781350220945
base,1000,GB4 0AC,offwind-dc,0.5905253306152686,0.5707952705167864,0.019730060098482216
base,1000,NL2 0AC,offwind-dc,0.5720113830908072,0.5639276953980294,0.008083687692777786
base,1000,NL2 0AC,offwind-dc,0.596458906503611,0.596321295970125,0.00013761053348604335
base,1000,NL2 0AC,offwind-dc,0.5789584542629356,0.574032370853355,0.004926083409580562
base,1000,NL2 0AC,offwind-dc,0.5726092726640384,0.5725879805882069,2.1292075831458313e-05
base,1000,NL2 0AC,offwind-dc,0.5710117171828589,0.5620665792296423,0.008945137953216609
base,1000,NL2 0AC,offwind-dc,0.5701992992360201,0.565475646605506,0.004723652630514108
base,1000,NL2 0AC,offwind-dc,0.5922517612167709,0.5922136143141944,3.8146902576530195e-05
base,1000,NL2 0AC,offwind-dc,0.572027180907977,0.5626666074092022,0.009360573498774838
base,1000,NL2 0AC,offwind-dc,0.5981458454991014,0.5980796841398642,6.616135923720456e-05
base,1000,NL2 0AC,offwind-dc,0.5897002276568148,0.5896537622030932,4.646545372166688e-05
base,1000,NL2 0AC,offwind-dc,0.5816512570683743,0.5770462407972176,0.0046050162711567255
base,1000,NL2 0AC,offwind-dc,0.586575220549176,0.5865602197720613,1.5000777114693165e-05
base,1000,NL2 0AC,offwind-dc,0.5739166533837298,0.5641208695870393,0.009795783796690438
base,1000,NL2 0AC,offwind-dc,0.5804516907777083,0.5746542395664218,0.005797451211286497
base,1000,NL2 0AC,offwind-dc,0.570941804908408,0.5612276791251395,0.009714125783268468
base,1000,NL2 0AC,offwind-dc,0.5923780705102751,0.5923526140879121,2.545642236306822e-05
base,1000,NL2 0AC,offwind-dc,0.584935752884662,0.5827036348229341,0.0022321180617279612
base,1000,NL2 0AC,offwind-dc,0.5701331075428681,0.5627720796153225,0.00736102792754556
base,1000,NL2 0AC,offwind-dc,0.5907463878018302,0.5906764869171034,6.990088472680345e-05
base,1000,NL2 0AC,offwind-dc,0.5806376861677984,0.5743565971397415,0.006281089028056908
base,1000,NL2 0AC,offwind-dc,0.5866642149866301,0.5866441992629509,2.0015723679267516e-05
base,1000,NL2 0AC,offwind-dc,0.5716271213386079,0.5617330412529355,0.009894080085672385
base,1000,NL2 0AC,offwind-dc,0.5723671585527619,0.5686278491352198,0.0037393094175420805
base,1000,NL2 0AC,offwind-dc,0.5833115529890477,0.578056023258118,0.005255529730929687
base,1000,NL2 0AC,offwind-dc,0.5747197088764877,0.5625377322989285,0.012181976577559261
base,1000,NL2 0AC,offwind-dc,0.5789003926123102,0.5698250554663347,0.009075337145975526
base,1000,NL2 0AC,offwind-dc,0.5713678630626438,0.5627913993568473,0.008576463705796455
base,1000,NL2 0AC,offwind-dc,0.5828988193639985,0.5769738449113935,0.005924974452604981
base,1000,NL2 0AC,offwind-dc,0.5750606754893836,0.5648548472492537,0.010205828240129833
base,1000,NL2 0AC,offwind-dc,0.5740029014852358,0.5679734955084714,0.006029405976764379
base,1000,NL2 0AC,offwind-dc,0.5746491866362333,0.5703652254340723,0.004283961202161013
base,1000,NL2 0AC,offwind-dc,0.5827484425617709,0.5769423012142839,0.005806141347487026
base,1000,NL2 0AC,offwind-dc,0.5807342205625924,0.5719006640408643,0.008833556521728125
base,1000,NL2 0AC,offwind-dc,0.5756365585662613,0.5678729434512466,0.007763615115014666
base,1000,NL2 0AC,offwind-dc,0.5822372641703861,0.5757595705687886,0.006477693601597556
base,1000,NL2 0AC,offwind-dc,0.5764223162412377,0.572786399077861,0.003635917163376745
base,1000,NL2 0AC,offwind-dc,0.5787095030441135,0.5714466722116766,0.007262830832436951
base,1000,NL2 0AC,offwind-dc,0.5810451894584562,0.5736383999933996,0.0074067894650565735
base,1000,NL2 0AC,offwind-dc,0.5785450100809394,0.5725876049937013,0.005957405087238077
base,1000,NL2 0AC,offwind-dc,0.5812705361881122,0.5728562118753411,0.008414324312771115
base,1000,NL2 0AC,offwind-dc,0.578188159397611,0.5748621639639819,0.003325995433629103
base,1000,NL2 0AC,offwind-dc,0.5805682620879687,0.5738607952482702,0.006707466839698584
base,1000,NL2 0AC,offwind-dc,0.5859924059039899,0.5859798366917021,1.2569212287871778e-05
base,1000,NL2 0AC,offwind-dc,0.5825557807430176,0.5769586885928298,0.005597092150187777
base,1000,NL2 0AC,offwind-dc,0.58198973203058,0.5789424426497957,0.003047289380784357
base,1000,NL2 0AC,offwind-dc,0.5811112921278296,0.5699983081451067,0.01111298398272298
base,1000,NL2 0AC,offwind-dc,0.5847941948757543,0.5847721117839264,2.2083091827940216e-05
base,1000,NL2 0AC,offwind-dc,0.5846360232810687,0.5810197496440314,0.003616273637037315
base,1000,NL2 0AC,offwind-dc,0.5852156186955291,0.5813733481736609,0.0038422705218681408
base,1000,NL2 0AC,offwind-dc,0.5859150812230856,0.5858825093631798,3.2571859905794476e-05
base,1000,NO0 0AC,offwind-dc,0.5744555564877755,0.5486086155863232,0.02584694090145223
base,1000,NO0 0AC,offwind-dc,0.5856138818379808,0.5690697548682583,0.016544126969722517
base,1000,NO0 0AC,offwind-dc,0.6057472545175204,0.6057472545175192,1.2212453270876722e-15
base,1000,NO0 0AC,offwind-dc,0.6128167277869173,0.6128167277869165,7.771561172376096e-16
base,1000,NO0 0AC,offwind-dc,0.6053665695097723,0.6038307514977541,0.0015358180120181864
base,1000,BE2 0AC,offwind-ac,0.5653827216749139,0.5653827216748807,3.319566843629218e-14
base,1000,BE2 0AC,offwind-ac,0.5593193564358335,0.5593193564358322,1.3322676295501878e-15
base,1000,DE2 0AC,offwind-ac,0.5860160677394646,0.5860160677392775,1.8707257964933888e-13
base,1000,DE2 0AC,offwind-ac,0.514088060757561,0.49122369208273253,0.02286436867482844
base,1000,DE2 0AC,offwind-ac,0.5457736090915116,0.545773609091416,9.559020242022598e-14
base,1000,DE2 0AC,offwind-ac,0.5709562241823054,0.570956224182092,2.1338486533295509e-13
base,1000,DE2 0AC,offwind-ac,0.5534172590311085,0.553417259031103,5.551115123125783e-15
base,1000,DE2 0AC,offwind-ac,0.5180191237818388,0.49884928023063396,0.019169843551204824
base,1000,DE2 0AC,offwind-ac,0.43372629184878947,0.36878918378661857,0.0649371080621709
base,1000,DE2 0AC,offwind-ac,0.5246541929281303,0.5095347833441042,0.015119409584026133
base,1000,DK2 0AC,offwind-ac,0.5655815123931477,0.5384835251736715,0.027097987219476205
base,1000,DK2 0AC,offwind-ac,0.5831572580178501,0.5825527763781975,0.0006044816396526542
base,1000,DK2 0AC,offwind-ac,0.5891120055752399,0.5877977742736836,0.001314231301556279
base,1000,DK2 0AC,offwind-ac,0.5661773202148731,0.550782354551269,0.015394965663604099
base,1000,DK2 0AC,offwind-ac,0.5592541171205189,0.5298977927781097,0.0293563243424092
base,1000,DK2 0AC,offwind-ac,0.576961110694741,0.576559849752134,0.00040126094260695133
base,1000,DK2 0AC,offwind-ac,0.5157126405262842,0.45248145117304694,0.06323118935323724
base,1000,DK2 0AC,offwind-ac,0.5711905102807633,0.5555108535876353,0.015679656693127986
base,1000,DK2 0AC,offwind-ac,0.5104692719506833,0.4388631399793567,0.07160613197132654
base,1000,DK2 0AC,offwind-ac,0.5688129024834703,0.5455885810762877,0.023224321407182558
base,1000,DK2 0AC,offwind-ac,0.4725446460901488,0.3937056452563071,0.07883900083384171
base,1000,DK2 0AC,offwind-ac,0.5568506462681303,0.5370768124586086,0.01977383380952169
base,1000,DK2 0AC,offwind-ac,0.5607487730647189,0.5427006396095788,0.018048133455140114
base,1000,DK2 0AC,offwind-ac,0.5086103523881675,0.44958728013099536,0.05902307225717218
base,1000,DK2 0AC,offwind-ac,0.5637973353604687,0.5418580785538406,0.021939256806628116
base,1000,DK2 0AC,offwind-ac,0.5671504942826586,0.5661452886043398,0.0010052056783188545
base,1000,DK2 0AC,offwind-ac,0.5163424266823511,0.4705579406441746,0.045784486038176475
base,1000,GB1 0AC,offwind-ac,0.36262924966224314,0.27618337449293706,0.08644587516930607
base,1000,GB1 0AC,offwind-ac,0.39276462309825005,0.29586291436333806,0.096901708734912
base,1000,GB1 0AC,offwind-ac,0.45130217960191027,0.39044644693890274,0.060855732663007533
base,1000,GB1 0AC,offwind-ac,0.5366589661365582,0.5285792850415848,0.008079681094973368
base,1000,GB1 0AC,offwind-ac,0.4529470675845262,0.36418947387631667,0.08875759370820951
base,1000,GB1 0AC,offwind-ac,0.4846529885220577,0.47486485703013065,0.009788131491927032
base,1000,GB1 0AC,offwind-ac,0.43064316569474986,0.3440324391107362,0.08661072658401364
base,1000,GB1 0AC,offwind-ac,0.48952214974724295,0.478892917855235,0.010629231892007929
base,1000,GB1 0AC,offwind-ac,0.47215131961766993,0.4611382775177244,0.011013042099945525
base,1000,GB1 0AC,offwind-ac,0.4463093018133429,0.3504421825301777,0.09586711928316516
base,1000,GB1 0AC,offwind-ac,0.49865476468294506,0.42305564301099563,0.07559912167194943
base,1000,GB1 0AC,offwind-ac,0.5113615740085806,0.4335773695026282,0.07778420450595241
base,1000,GB1 0AC,offwind-ac,0.5204402806055624,0.512258496383305,0.008181784222257349
base,1000,GB1 0AC,offwind-ac,0.5089975239998358,0.49494331181251106,0.014054212187324722
base,1000,GB1 0AC,offwind-ac,0.4663019801170987,0.36936092822255046,0.09694105189454827
base,1000,GB1 0AC,offwind-ac,0.520786331002144,0.511230142200053,0.00955618880209097
base,1000,GB1 0AC,offwind-ac,0.4714922413374931,0.3807988954509393,0.09069334588655381
base,1000,GB1 0AC,offwind-ac,0.419518399504263,0.3173187476341389,0.10219965187012409
base,1000,GB1 0AC,offwind-ac,0.5187023012391152,0.5077448236368911,0.010957477602224097
base,1000,GB1 0AC,offwind-ac,0.5353112418758428,0.5211471522629604,0.014164089612882402
base,1000,GB1 0AC,offwind-ac,0.5545912709007009,0.5421755178184073,0.01241575308229359
base,1000,GB1 0AC,offwind-ac,0.5094966145123428,0.47413191651717296,0.03536469799516989
base,1000,GB1 0AC,offwind-ac,0.5486116675140856,0.5342404311912322,0.01437123632285342
base,1000,GB1 0AC,offwind-ac,0.5560504169182305,0.5150026672006869,0.04104774971754366
base,1000,GB1 0AC,offwind-ac,0.5282323893061142,0.5049540884197345,0.02327830088637961
base,1000,GB1 0AC,offwind-ac,0.5292206638024606,0.502991559380642,0.026229104421818583
base,1000,GB1 0AC,offwind-ac,0.5681318659003065,0.5155772026427718,0.05255466325753466
base,1000,GB1 0AC,offwind-ac,0.5515588190691431,0.5261318818652563,0.02542693720388678
base,1000,GB1 0AC,offwind-ac,0.5795253053585314,0.5245204682699086,0.055004837088622804
base,1000,GB1 0AC,offwind-ac,0.5679712273309927,0.5463343103315634,0.021636916999429268
base,1000,GB1 0AC,offwind-ac,0.5736786575123479,0.5122402047410357,0.06143845277131221
base,1000,GB1 0AC,offwind-ac,0.5800537753660985,0.5258111677441234,0.05424260762197508
base,1000,GB4 0AC,offwind-ac,0.5716162865148653,0.5017328172547898,0.06988346926007549
base,1000,GB4 0AC,offwind-ac,0.5716162865148653,0.5077298194349282,0.06388646707993706
base,1000,GB4 0AC,offwind-ac,0.597486566728634,0.5098876929280535,0.08759887380058051
base,1000,GB4 0AC,offwind-ac,0.6001356384502733,0.5605285021292624,0.03960713632101087
base,1000,GB4 0AC,offwind-ac,0.597486566728634,0.5167665812658565,0.08071998546277748
base,1000,NL2 0AC,offwind-ac,0.5625161250066714,0.5624543970463705,6.172796030090577e-05
base,1000,NL2 0AC,offwind-ac,0.4332661190836246,0.3681778308761967,0.0650882882074279
base,1000,NL2 0AC,offwind-ac,0.5695941539768956,0.5695034478557921,9.070612110351206e-05
base,1000,NL2 0AC,offwind-ac,0.5715952795203877,0.5715266506772613,6.862884312641704e-05
base,1000,NL2 0AC,offwind-ac,0.5724828130364062,0.572412035740352,7.077729605420302e-05
base,1000,NL2 0AC,offwind-ac,0.5462096901217189,0.5461861594983956,2.3530623323386735e-05
base,1000,NL2 0AC,offwind-ac,0.5729801821144405,0.5727919717716318,0.0001882103428086923
base,1000,NL2 0AC,offwind-ac,0.5455333846197626,0.5455158121600063,1.7572459756309833e-05
base,1000,NL2 0AC,offwind-ac,0.5459123909049606,0.5447536800339364,0.001158710871024149
base,1000,NL2 0AC,offwind-ac,0.567862831582259,0.56781266663933,5.016494292897633e-05
base,1000,NL2 0AC,offwind-ac,0.557457121751351,0.5564038805067281,0.0010532412446229156
base,1000,NL2 0AC,offwind-ac,0.4527517026321004,0.39167790177618006,0.061073800855920346
base,1000,NL2 0AC,offwind-ac,0.570741928110485,0.570281450894763,0.000460477215721955
base,1000,NL2 0AC,offwind-ac,0.5741498627803815,0.5739971581497806,0.00015270463060090833
base,1000,NO0 0AC,offwind-ac,0.34079088851399403,0.2666152958317044,0.07417559268228963
base,1000,NO0 0AC,offwind-ac,0.31820030696353757,0.24367202835478605,0.07452827860875152
base,1000,NO0 0AC,offwind-ac,0.31448025220746884,0.2426625105177216,0.07181774168974722
base,1000,NO0 0AC,offwind-ac,0.31820030696353757,0.24625207861432313,0.07194822834921444
base,1000,NO0 0AC,offwind-ac,0.4621378075944837,0.41070423541378936,0.05143357218069433
base,1000,NO0 0AC,offwind-ac,0.43502171552513486,0.369930402706074,0.06509131281906083
base,1000,NO0 0AC,offwind-ac,0.2900982317581422,0.21840944516120978,0.07168878659693242
base,1000,NO0 0AC,offwind-ac,0.35679379672687933,0.282423426866216,0.07437036986066331
base,1000,NO0 0AC,offwind-ac,0.2597387761082756,0.18626040936988644,0.07347836673838917
base,1000,NO0 0AC,offwind-ac,0.4107065456941854,0.34448130694449347,0.06622523874969194
base,1000,NO0 0AC,offwind-ac,0.3846212571038021,0.3140235380197493,0.07059771908405282
base,1000,NO0 0AC,offwind-ac,0.35377965632033487,0.27985089932843993,0.07392875699189494
base,1000,DE2 0AC,offwind-float,0.5634014432730571,0.4391728976820135,0.12422854559104357
base,1000,DK2 0AC,offwind-float,0.5706242532894528,0.42699500518909733,0.14362924810035543
base,1000,DK2 0AC,offwind-float,0.572581875380159,0.4282306527324615,0.1443512226476975
base,1000,DK2 0AC,offwind-float,0.5826515522511164,0.438418313019784,0.1442332392313324
base,1000,DK2 0AC,offwind-float,0.5764273138658406,0.431675382445524,0.14475193142031656
base,1000,DK2 0AC,offwind-float,0.6141923281546735,0.48160078709746496,0.13259154105720855
base,1000,DK2 0AC,offwind-float,0.6174868271417144,0.4837233918940942,0.13376343524762024
base,1000,DK2 0AC,offwind-float,0.5886138148050969,0.45849063057900574,0.13012318422609115
base,1000,DK2 0AC,offwind-float,0.5776895553972684,0.44729119892332125,0.13039835647394715
base,1000,DK2 0AC,offwind-float,0.5688549189017608,0.4389055316264808,0.12994938727527994
base,1000,GB1 0AC,offwind-float,0.5050916320740583,0.3529402877944474,0.15215134427961086
base,1000,GB1 0AC,offwind-float,0.5815141109748337,0.4343228410114812,0.14719126996335252
base,1000,GB1 0AC,offwind-float,0.5307545081336907,0.37716595379708956,0.15358855433660118
base,1000,GB1 0AC,offwind-float,0.5688635921843567,0.4185735590685779,0.15029003311577877
base,1000,GB1 0AC,offwind-float,0.514894023957654,0.3479175245300199,0.16697649942763415
base,1000,GB1 0AC,offwind-float,0.5491156465155306,0.3952288550761751,0.15388679143935546
base,1000,GB1 0AC,offwind-float,0.5727001562398479,0.4218554288611627,0.15084472737868526
base,1000,GB1 0AC,offwind-float,0.5862308419293575,0.44052722925751275,0.14570361267184473
base,1000,GB1 0AC,offwind-float,0.5687368997151709,0.41534890369691224,0.1533879960182587
base,1000,GB1 0AC,offwind-float,0.5174083357920638,0.3609602443226101,0.1564480914694537
base,1000,GB1 0AC,offwind-float,0.583708921322817,0.43677400707299546,0.14693491424982158
base,1000,GB1 0AC,offwind-float,0.5590241926070818,0.4031664229566555,0.1558577696504263
base,1000,GB1 0AC,offwind-float,0.586376941357254,0.43982075768974627,0.14655618366750778
base,1000,GB1 0AC,offwind-float,0.556198592558566,0.3980550722822141,0.15814352027635187
base,1000,GB1 0AC,offwind-float,0.5796586577729972,0.42815267558412307,0.15150598218887412
base,1000,GB1 0AC,offwind-float,0.5670086087494635,0.41075486577310827,0.1562537429763552
base,1000,GB1 0AC,offwind-float,0.5402403023593242,0.3709755081475544,0.16926479421176976
base,1000,GB1 0AC,offwind-float,0.5745471719270996,0.41973546940700945,0.15481170252009013
base,1000,GB1 0AC,offwind-float,0.572171972422115,0.4122441701303886,0.15992780229172643
base,1000,GB1 0AC,offwind-float,0.5574147703345127,0.3872360788426979,0.1701786914918148
base,1000,GB1 0AC,offwind-float,0.5371551763371109,0.36642306017390147,0.17073211616320938
base,1000,GB1 0AC,offwind-float,0.5668836582713508,0.40794402660587814,0.15893963166547265
base,1000,GB1 0AC,offwind-float,0.5806199273171101,0.4302677717314061,0.15035215558570397
base,1000,GB1 0AC,offwind-float,0.5808159642107382,0.43034054260384585,0.15047542160689237
base,1000,GB1 0AC,offwind-float,0.5790156884510854,0.4145361689044008,0.1644795195466846
base,1000,GB1 0AC,offwind-float,0.5765033606540493,0.41590740603888343,0.16059595461516585
base,1000,GB1 0AC,offwind-float,0.5747023347085352,0.41783401230708894,0.15686832240144621
base,1000,GB1 0AC,offwind-float,0.5787008002096184,0.4105282755891355,0.16817252462048293
base,1000,GB1 0AC,offwind-float,0.5680918287364897,0.3972505145795754,0.17084131415691428
base,1000,GB1 0AC,offwind-float,0.5041205907700116,0.3344265345764022,0.1696940561936094
base,1000,GB1 0AC,offwind-float,0.5837925450866798,0.4184148938183715,0.16537765126830828
base,1000,GB1 0AC,offwind-float,0.575630635898897,0.42112199440746745,0.1545086414914295
base,1000,GB1 0AC,offwind-float,0.5753403413764278,0.4157602058208465,0.15958013555558126
base,1000,GB1 0AC,offwind-float,0.5405139575365685,0.36962899005173133,0.17088496748483717
base,1000,GB1 0AC,offwind-float,0.5749014760884487,0.42185840858879253,0.15304306749965613
base,1000,GB1 0AC,offwind-float,0.5773049984328568,0.4248843409569907,0.15242065747586608
base,1000,GB1 0AC,offwind-float,0.5380274424795228,0.36636445987161415,0.1716629826079087
base,1000,GB1 0AC,offwind-float,0.5799620133856414,0.418680262253638,0.16128175113200333
base,1000,GB1 0AC,offwind-float,0.5735040200334875,0.4153962701520308,0.15810774988145676
base,1000,GB1 0AC,offwind-float,0.5557160643017253,0.3840757841712799,0.17164028013044536
base,1000,GB1 0AC,offwind-float,0.5775674724113212,0.40848694206048713,0.1690805303508341
base,1000,GB1 0AC,offwind-float,0.5782306177997423,0.4160111447187275,0.16221947308101475
base,1000,GB1 0AC,offwind-float,0.542065813123285,0.36921087216599147,0.17285494095729348
base,1000,GB1 0AC,offwind-float,0.5689680077038619,0.3971903722124411,0.17177763549142083
base,1000,GB1 0AC,offwind-float,0.5563315411794223,0.38313632427696787,0.17319521690245443
base,1000,GB1 0AC,offwind-float,0.5747234233114598,0.4128805397102627,0.16184288360119709
base,1000,GB1 0AC,offwind-float,0.5805484223108628,0.4137943121996492,0.1667541101112136
base,1000,GB1 0AC,offwind-float,0.5738181804022767,0.4185117506085749,0.15530642979370185
base,1000,GB1 0AC,offwind-float,0.5765500281405292,0.4068812027802044,0.16966882536032485
base,1000,GB1 0AC,offwind-float,0.5705579160109355,0.3974780990294813,0.17307981698145425
base,1000,GB1 0AC,offwind-float,0.5722831061221616,0.41654298972512505,0.15574011639703655
base,1000,GB1 0AC,offwind-float,0.5739634725791942,0.40248347478429003,0.1714799977949042
base,1000,GB1 0AC,offwind-float,0.5765424860072427,0.41185166514293536,0.1646908208643073
base,1000,GB1 0AC,offwind-float,0.5627839519730988,0.3887053643088751,0.17407858766422374
base,1000,GB1 0AC,offwind-float,0.5727837698583399,0.41433012893733895,0.15845364092100095
base,1000,GB1 0AC,offwind-float,0.5786564563252765,0.41021382796788997,0.16844262835738655
base,1000,GB1 0AC,offwind-float,0.5704483673935283,0.409621309114038,0.16082705827949034
base,1000,GB1 0AC,offwind-float,0.5596766372808889,0.3840779918337158,0.17559864544717307
base,1000,GB1 0AC,offwind-float,0.5695961650785027,0.3948589331041863,0.17473723197431645
base,1000,GB1 0AC,offwind-float,0.5643789791050094,0.40865313218641736,0.1557258469185921
base,1000,GB1 0AC,offwind-float,0.5707093341962581,0.41615522589900694,0.1545541082972512
base,1000,GB1 0AC,offwind-float,0.569145070032947,0.41259299036344105,0.15655207966950596
base,1000,GB1 0AC,offwind-float,0.5750707622613374,0.4083972040936389,0.16667355816769847
base,1000,GB1 0AC,offwind-float,0.5726775685754901,0.39948287657175446,0.17319469200373566
base,1000,GB1 0AC,offwind-float,0.5737418218814782,0.4030250862248094,0.17071673565666873
base,1000,GB1 0AC,offwind-float,0.5705680143779013,0.40758475854257575,0.16298325583532552
base,1000,GB1 0AC,offwind-float,0.5736900308566669,0.40181810993425443,0.1718719209224125
base,1000,GB1 0AC,offwind-float,0.5661181512788367,0.4065047783307637,0.15961337294807298
base,1000,GB1 0AC,offwind-float,0.5731212826891838,0.39674748397730686,0.17637379871187697
base,1000,GB1 0AC,offwind-float,0.5721139216289448,0.3976283934519019,0.17448552817704294
base,1000,GB1 0AC,offwind-float,0.5736308473242397,0.4042340248225685,0.16939682250167126
base,1000,GB1 0AC,offwind-float,0.5645332064946933,0.4023886050877764,0.1621446014069169
base,1000,GB1 0AC,offwind-float,0.5670111646897626,0.4113028640092174,0.15570830068054525
base,1000,GB1 0AC,offwind-float,0.5700424306423507,0.4048744579999265,0.16516797264242422
base,1000,GB1 0AC,offwind-float,0.574238980572083,0.4014708204394598,0.1727681601326232
base,1000,GB1 0AC,offwind-float,0.5727584105599061,0.4018285150493744,0.17092989551053167
base,1000,GB1 0AC,offwind-float,0.5727255406410898,0.39773363368021625,0.17499190696087358
base,1000,GB1 0AC,offwind-float,0.5706788876243417,0.40315549470288053,0.16752339292146118
base,1000,GB1 0AC,offwind-float,0.5738433141719669,0.4007889752017997,0.1730543389701672
base,1000,GB1 0AC,offwind-float,0.5605264664031849,0.40033833547627845,0.16018813092690648
base,1000,GB1 0AC,offwind-float,0.566103298540703,0.40084340026847065,0.1652598982722323
base,1000,GB1 0AC,offwind-float,0.5631894440215349,0.4046556363016581,0.15853380771987685
base,1000,GB1 0AC,offwind-float,0.5692303332187516,0.40057303649678955,0.16865729672196206
base,1000,GB1 0AC,offwind-float,0.5605941730746582,0.40370188493233444,0.15689228814232375
base,1000,GB1 0AC,offwind-float,0.5622841616873531,0.3991600581987858,0.16312410348856726
base,1000,GB1 0AC,offwind-float,0.5743100702263564,0.400452496506462,0.1738575737198944
base,1000,GB1 0AC,offwind-float,0.5711296494842651,0.40010090020993894,0.1710287492743262
base,1000,GB1 0AC,offwind-float,0.5591650284845072,0.39827134755303095,0.16089368093147627
base,1000,GB1 0AC,offwind-float,0.566179821447741,0.3994703989024055,0.16670942254533555
base,1000,GB1 0AC,offwind-float,0.5719319672289869,0.39956080737552135,0.17237115985346552
base,1000,GB1 0AC,offwind-float,0.5760223903134627,0.3980305217146494,0.17799186859881327
base,1000,GB1 0AC,offwind-float,0.5691169797183244,0.39996904419722334,0.16914793552110108
base,1000,GB1 0AC,offwind-float,0.5577666159079029,0.3998645311744921,0.15790208473341077
base,1000,GB1 0AC,offwind-float,0.5615836137393982,0.3982861504643615,0.16329746327503675
base,1000,GB1 0AC,offwind-float,0.5639940805966316,0.3974649006229645,0.16652917997366706
base,1000,GB1 0AC,offwind-float,0.5599767999812687,0.396986494384149,0.1629903055971197
base,1000,GB1 0AC,offwind-float,0.5691991709379906,0.3987726121666543,0.17042655877133622
base,1000,GB1 0AC,offwind-float,0.5568488755463857,0.3961390605220404,0.16070981502434534
base,1000,GB1 0AC,offwind-float,0.5722091263438073,0.3997320490727292,0.17247707727107808
base,1000,GB1 0AC,offwind-float,0.5668155192228072,0.39809531463857983,0.16872020458422732
base,1000,GB1 0AC,offwind-float,0.5637260974144499,0.39761061976623546,0.16611547764821444
base,1000,GB1 0AC,offwind-float,0.5607655812946791,0.39758176935602146,0.16318381193865766
base,1000,GB1 0AC,offwind-float,0.5701024125949592,0.398548943291424,0.1715534693035352
base,1000,GB1 0AC,offwind-float,0.5668371987899693,0.3986505428754516,0.1681866559145177
base,1000,GB1 0AC,offwind-float,0.567778245781186,0.3967714597615175,0.17100678601966846
base,1000,GB1 0AC,offwind-float,0.5672472530651971,0.39858858387544616,0.16865866918975092
base,1000,GB1 0AC,offwind-float,0.5700720606085866,0.3928133408571662,0.17725871975142043
base,1000,GB1 0AC,offwind-float,0.5697258446517642,0.3987623691150725,0.17096347553669172
base,1000,GB1 0AC,offwind-float,0.5706851965265285,0.4006144358940192,0.1700707606325093
base,1000,GB1 0AC,offwind-float,0.568982675643603,0.39938983637473413,0.16959283926886892
base,1000,GB4 0AC,offwind-float,0.5454686621680234,0.35602977902241717,0.1894388831456062
base,1000,GB4 0AC,offwind-float,0.5929567089378681,0.40419936536505924,0.18875734357280888
base,1000,GB4 0AC,offwind-float,0.5694394590269599,0.37875074263448155,0.19068871639247836
base,1000,GB4 0AC,offwind-float,0.5904071124397422,0.400840869532887,0.1895662429068552
base,1000,GB4 0AC,offwind-float,0.5915284961227797,0.40349368587783707,0.18803481024494262
base,1000,GB4 0AC,offwind-float,0.5942298196790727,0.40995295880054883,0.1842768608785239
base,1000,GB4 0AC,offwind-float,0.5919676953125723,0.40552350965550293,0.18644418565706938
base,1000,GB4 0AC,offwind-float,0.5955372145979578,0.4124602536305397,0.18307696096741816
base,1000,GB4 0AC,offwind-float,0.59353090529802,0.40960277668673584,0.18392812861128416
base,1000,GB4 0AC,offwind-float,0.5925050049202765,0.40559613124159555,0.18690887367868092
base,1000,GB4 0AC,offwind-float,0.5873241706971377,0.39793694032121946,0.18938723037591826
base,1000,GB4 0AC,offwind-float,0.5917735623196738,0.4080680981787567,0.1837054641409171
base,1000,GB4 0AC,offwind-float,0.5913211896253809,0.4044253811332567,0.18689580849212423
base,1000,GB4 0AC,offwind-float,0.5951127873551201,0.41494573765346643,0.18016704970165365
base,1000,GB4 0AC,offwind-float,0.5828730998747993,0.39318832292383404,0.18968477695096525
base,1000,GB4 0AC,offwind-float,0.5899530985271284,0.41107969185196463,0.17887340667516377
base,1000,GB4 0AC,offwind-float,0.5898567423346762,0.40348409204371677,0.18637265029095945
base,1000,GB4 0AC,offwind-float,0.5902951273076837,0.40716340904510606,0.18313171826257768
base,1000,GB4 0AC,offwind-float,0.5857073064541637,0.40412812726906766,0.18157917918509603
base,1000,GB4 0AC,offwind-float,0.5860824643573508,0.40789450611336836,0.17818795824398242
base,1000,GB4 0AC,offwind-float,0.5856677267305226,0.4014530137961795,0.1842147129343431
base,1000,GB4 0AC,offwind-float,0.5857982947176169,0.395856802959665,0.18994149175795189
base,1000,GB4 0AC,offwind-float,0.5803209538065724,0.3977778860032089,0.18254306780336355
base,1000,GB4 0AC,offwind-float,0.5815304591172753,0.4040292763742688,0.17750118274300652
base,1000,GB4 0AC,offwind-float,0.5869159398825837,0.39919481484588004,0.18772112503670368
base,1000,GB4 0AC,offwind-float,0.5826158503671655,0.39748576199417046,0.185130088372995
base,1000,GB4 0AC,offwind-float,0.5796735261732002,0.38985302186194914,0.18982050431125108
base,1000,GB4 0AC,offwind-float,0.5756790325078097,0.39749044565500896,0.17818858685280076
base,1000,GB4 0AC,offwind-float,0.5784774185046461,0.39335063015701416,0.1851267883476319
base,1000,GB4 0AC,offwind-float,0.5847602394387456,0.3958688816565783,0.18889135778216726
base,1000,GB4 0AC,offwind-float,0.5754967946681063,0.3861734184369839,0.18932337623112244
base,1000,GB4 0AC,offwind-float,0.5684993966189829,0.39076391404919103,0.17773548256979183
base,1000,GB4 0AC,offwind-float,0.5741229184441952,0.39198226230068683,0.18214065614350833
base,1000,GB4 0AC,offwind-float,0.5801877803879668,0.3912484147035628,0.188939365684404
base,1000,GB4 0AC,offwind-float,0.5756221963656805,0.3875701697406761,0.18805202662500436
base,1000,GB4 0AC,offwind-float,0.5787560835432978,0.39171572154818435,0.18704036199511342
base,1000,GB4 0AC,offwind-float,0.5745501202087859,0.38925984003413283,0.1852902801746531
base,1000,GB4 0AC,offwind-float,0.5683584662927521,0.38051769702469623,0.18784076926805587
base,1000,GB4 0AC,offwind-float,0.5543618133623849,0.3772468781860331,0.1771149351763518
base,1000,GB4 0AC,offwind-float,0.5698718282592792,0.3879478253597886,0.18192400289949057
base,1000,GB4 0AC,offwind-float,0.5624346978570489,0.3846208526302154,0.17781384522683352
base,1000,GB4 0AC,offwind-float,0.5710688414075833,0.38571427699169664,0.18535456441588666
base,1000,GB4 0AC,offwind-float,0.5725468175211028,0.3839283172861092,0.1886185002349936
base,1000,GB4 0AC,offwind-float,0.5668675048668801,0.3848468520209277,0.18202065284595237
base,1000,GB4 0AC,offwind-float,0.5711129331380003,0.3836160850599584,0.18749684807804184
base,1000,GB4 0AC,offwind-float,0.5586257559910617,0.3805941534234546,0.17803160256760708
base,1000,GB4 0AC,offwind-float,0.5673188416797292,0.38245497316079036,0.18486386851893888
base,1000,GB4 0AC,offwind-float,0.5651325628136912,0.37828288232002777,0.1868496804936634
base,1000,GB4 0AC,offwind-float,0.5646306900819092,0.3821613033835584,0.18246938669835083
base,1000,GB4 0AC,offwind-float,0.5679362139976587,0.38089141916642966,0.18704479483122904
base,1000,GB4 0AC,offwind-float,0.5587053844905331,0.3776711445218375,0.1810342399686956
base,1000,GB4 0AC,offwind-float,0.5649747855279136,0.3786959826946739,0.18627880283323967
base,1000,GB4 0AC,offwind-float,0.563798328686584,0.3790847271646729,0.18471360152191107
base,1000,GB4 0AC,offwind-float,0.560296981012397,0.3776505183060458,0.1826464627063512
base,1000,GB4 0AC,offwind-float,0.552320584095295,0.37454929074541204,0.177771293349883
base,1000,NL2 0AC,offwind-float,0.5718929529541561,0.44512135866332087,0.12677159429083523
base,1000,NL2 0AC,offwind-float,0.4527517026321004,0.3201687394321622,0.13258296319993823
base,1000,NO0 0AC,offwind-float,0.5611288955218221,0.43569800707432466,0.12543088844749745
base,1000,NO0 0AC,offwind-float,0.5616853994656742,0.4362419118606252,0.12544348760504898
base,1000,NO0 0AC,offwind-float,0.5583359967225191,0.4329941437560946,0.12534185296642453
base,1000,NO0 0AC,offwind-float,0.5588602718376533,0.4331026443778366,0.12575762745981672
base,1000,NO0 0AC,offwind-float,0.5590914453952205,0.4338438074523887,0.12524763794283178
base,1000,NO0 0AC,offwind-float,0.5562098421325414,0.4308964590348238,0.1253133830977176
base,1000,NO0 0AC,offwind-float,0.5574280720997391,0.4316815553135565,0.1257465167861826
base,1000,NO0 0AC,offwind-float,0.5575500134109793,0.43114092845863433,0.12640908495234499
base,1000,NO0 0AC,offwind-float,0.5564791785072943,0.4312225635768339,0.12525661493046042
base,1000,NO0 0AC,offwind-float,0.5575168973949269,0.4325492530825885,0.12496764431233842
base,1000,NO0 0AC,offwind-float,0.5554665806368325,0.42941642000459374,0.12605016063223878
base,1000,NO0 0AC,offwind-float,0.5541998562079353,0.42951030801427587,0.12468954819365946
base,1000,NO0 0AC,offwind-float,0.5554545963497716,0.4295715917744863,0.12588300457528528
base,1000,NO0 0AC,offwind-float,0.5513577567687379,0.42691799499217886,0.12443976177655902
base,1000,NO0 0AC,offwind-float,0.5486128586338568,0.42449040044531144,0.12412245818854534
base,1000,NO0 0AC,offwind-float,0.5494874891327491,0.425333350421452,0.12415413871129716
base,1000,NO0 0AC,offwind-float,0.5611460396374938,0.43539074385998394,0.12575529577750982
base,1000,NO0 0AC,offwind-float,0.5607596547212664,0.434926782676155,0.12583287204511145
base,1000,NO0 0AC,offwind-float,0.5583331434162475,0.4331174443260724,0.1252156990901751
base,1000,NO0 0AC,offwind-float,0.5553442424946116,0.43020067291213626,0.1251435695824753
base,1000,NO0 0AC,offwind-float,0.5645357891858624,0.439350970425669,0.12518481876019344
base,1000,NO0 0AC,offwind-float,0.5438782556529519,0.41951194531908914,0.12436631033386275
base,1000,NO0 0AC,offwind-float,0.5469179209377466,0.42229976730321456,0.12461815363453205
base,1000,NO0 0AC,offwind-float,0.5551308919003424,0.42895101720568396,0.1261798746946584
base,1000,NO0 0AC,offwind-float,0.554427065406658,0.4286429364144328,0.12578412899222519
base,1000,NO0 0AC,offwind-float,0.5592419568811776,0.433486409675503,0.1257555472056746
base,1000,NO0 0AC,offwind-float,0.30024791728998906,0.20070749630023246,0.0995404209897566
base,1000,NO0 0AC,offwind-float,0.3589065116386147,0.2499402955397129,0.10896621609890181
base,1000,NO0 0AC,offwind-float,0.34610085113939104,0.2378063510446679,0.10829450009472313
base,1000,NO0 0AC,offwind-float,0.5378421742320492,0.41390160393006026,0.1239405703019889
base,1000,NO0 0AC,offwind-float,0.5654240469854035,0.43959244570587336,0.12583160127953014
base,1000,NO0 0AC,offwind-float,0.56256816964573,0.4366093750166565,0.1259587946290735
base,1000,NO0 0AC,offwind-float,0.5561890476330998,0.4299388034159537,0.12625024421714615
base,1000,NO0 0AC,offwind-float,0.5587523095320011,0.4333248469029367,0.12542746262906435
base,1000,NO0 0AC,offwind-float,0.5521833979340262,0.42713707926440564,0.12504631866962052
base,1000,NO0 0AC,offwind-float,0.5464075250438004,0.4212577849045686,0.1251497401392318
base,1000,NO0 0AC,offwind-float,0.5668749617081899,0.4415039432747941,0.12537101843339576
base,1000,NO0 0AC,offwind-float,0.5638120923699311,0.43761886892536883,0.1261932234445623
base,1000,NO0 0AC,offwind-float,0.5419544622362189,0.416601112680569,0.12535334955564992
base,1000,NO0 0AC,offwind-float,0.5679751344278988,0.44301464125321005,0.12496049317468877
base,1000,NO0 0AC,offwind-float,0.554767541487688,0.42953127459471896,0.12523626689296907
base,1000,NO0 0AC,offwind-float,0.5667793565328478,0.4416596866723981,0.12511966986044976
base,1000,NO0 0AC,offwind-float,0.5649547008272929,0.43895708420338964,0.1259976166239033
base,1000,NO0 0AC,offwind-float,0.5602770736649305,0.43498727221749695,0.12528980144743357
base,1000,NO0 0AC,offwind-float,0.5137260582759158,0.3891945573169285,0.1245315009589873
base,1000,NO0 0AC,offwind-float,0.5308688019722536,0.4060295018212388,0.1248393001510148
base,1000,NO0 0AC,offwind-float,0.5685805145896449,0.4421551022894348,0.1264254123002101
base,1000,NO0 0AC,offwind-float,0.5713087764828775,0.4459024103673444,0.12540636611553307
base,1000,NO0 0AC,offwind-float,0.5680825834459583,0.44268235066244327,0.12540023278351503
base,1000,NO0 0AC,offwind-float,0.5602872796803153,0.43420359646683077,0.12608368321348457
base,1000,NO0 0AC,offwind-float,0.5480532335822388,0.4228817740163423,0.12517145956589648
base,1000,NO0 0AC,offwind-float,0.5732841947525457,0.4476580274209282,0.12562616733161747
base,1000,NO0 0AC,offwind-float,0.5515347412605861,0.42590104284354996,0.12563369841703614
base,1000,NO0 0AC,offwind-float,0.5236839347108564,0.39824571203115494,0.12543822267970145
base,1000,NO0 0AC,offwind-float,0.5355341930857711,0.4102709219070323,0.1252632711787388
base,1000,NO0 0AC,offwind-float,0.5762710666288281,0.4508658097802726,0.12540525684855552
base,1000,NO0 0AC,offwind-float,0.5698545202208225,0.44463837733499284,0.12521614288582966
base,1000,NO0 0AC,offwind-float,0.5797259614790596,0.45467382603012924,0.1250521354489304
base,1000,NO0 0AC,offwind-float,0.5462949942725426,0.42084979456196125,0.12544519971058132
base,1000,NO0 0AC,offwind-float,0.5639065896311491,0.43784036928254383,0.12606622034860532
base,1000,NO0 0AC,offwind-float,0.583576397071668,0.4582278949581042,0.1253485021135638
base,1000,NO0 0AC,offwind-float,0.5776464716483465,0.45289458069597,0.12475189095237649
base,1000,NO0 0AC,offwind-float,0.5781056895107622,0.45238098850736524,0.125724701003397
base,1000,NO0 0AC,offwind-float,0.5890414101965437,0.46430965834711,0.12473175184943364
base,1000,NO0 0AC,offwind-float,0.5735088475644097,0.4477108702967284,0.12579797726768127
base,1000,NO0 0AC,offwind-float,0.5210365762996912,0.396003841451005,0.12503273484868627
base,1000,NO0 0AC,offwind-float,0.5309593001486095,0.40593627331314125,0.12502302683546823
base,1000,NO0 0AC,offwind-float,0.586240454821473,0.46100565804425214,0.12523479677722088
base,1000,NO0 0AC,offwind-float,0.5552629399119813,0.42883908096176687,0.1264238589502144
base,1000,NO0 0AC,offwind-float,0.5098984051770794,0.38555254596924493,0.12434585920783447
base,1000,NO0 0AC,offwind-float,0.5877819565539238,0.46375431347410023,0.12402764307982361
base,1000,NO0 0AC,offwind-float,0.5868026509126373,0.462305658538142,0.1244969923744953
base,1000,NO0 0AC,offwind-float,0.5035853857566926,0.37896641467848974,0.12461897107820291
base,1000,NO0 0AC,offwind-float,0.5393653827569753,0.41341214089709527,0.12595324185988005
base,1000,NO0 0AC,offwind-float,0.5972651864351867,0.47257639049868705,0.12468879593649962
base,1000,NO0 0AC,offwind-float,0.5699329827736775,0.4442576497420164,0.12567533303166112
base,1000,NO0 0AC,offwind-float,0.48095266279015964,0.3568948425654724,0.12405782022468725
base,1000,NO0 0AC,offwind-float,0.6011356444947626,0.477796616440294,0.12333902805446867
base,1000,NO0 0AC,offwind-float,0.5020500819311076,0.3774875214359419,0.12456256049516568
base,1000,NO0 0AC,offwind-float,0.5930336526593882,0.4682377971876712,0.12479585547171701
base,1000,NO0 0AC,offwind-float,0.42412265272396016,0.30609891819962304,0.11802373452433712
base,1000,NO0 0AC,offwind-float,0.4085236339348471,0.2915056635319292,0.11701797040291789
base,1000,NO0 0AC,offwind-float,0.5866047962496114,0.4619827197456379,0.12462207650397344
base,1000,NO0 0AC,offwind-float,0.6105935183164597,0.48746857503024854,0.12312494328621115
base,1000,NO0 0AC,offwind-float,0.6023864611763659,0.4783987275901396,0.12398773358622622
base,1000,NO0 0AC,offwind-float,0.42852569068395296,0.308974088919611,0.11955160176434199
base,1000,NO0 0AC,offwind-float,0.31820030696353757,0.2145143018842229,0.10368600507931466
base,1000,NO0 0AC,offwind-float,0.5596237321399178,0.434321699758668,0.12530203238124976
base,1000,NO0 0AC,offwind-float,0.5959640440744681,0.4723076049446657,0.1236564391298024
base,1000,NO0 0AC,offwind-float,0.1865243625523202,0.11488444365924617,0.07163991889307401
base,1000,NO0 0AC,offwind-float,0.12278342403058955,0.0718194381868277,0.05096398584376184
base,1000,NO0 0AC,offwind-float,0.10188389072381292,0.05795740857057545,0.04392648215323747
base,1000,NO0 0AC,offwind-float,0.31820030696353757,0.21545713423054824,0.10274317273298933
base,1000,NO0 0AC,offwind-float,0.4900237669359669,0.36508777435795625,0.12493599257801064
base,1000,NO0 0AC,offwind-float,0.5944995899098607,0.4694740549991139,0.12502553491074686
base,1000,NO0 0AC,offwind-float,0.6105401889990419,0.48782826844057336,0.12271192055846858
base,1000,NO0 0AC,offwind-float,0.6178378792415974,0.49658315467242836,0.12125472456916903
base,1000,NO0 0AC,offwind-float,0.6124658690633256,0.49077477910506173,0.12169108995826383
base,1000,NO0 0AC,offwind-float,0.5735008436834248,0.44855890759472544,0.12494193608869936
base,1000,NO0 0AC,offwind-float,0.042404485440856274,0.022472049675767203,0.01993243576508907
base,1000,NO0 0AC,offwind-float,0.08565656949570781,0.04834738950816884,0.03730917998753897
base,1000,NO0 0AC,offwind-float,0.1067253440565665,0.06198330581361867,0.04474203824294783
base,1000,NO0 0AC,offwind-float,0.11063620324921411,0.06463080356081521,0.046005399688398896
base,1000,NO0 0AC,offwind-float,0.12278342403058955,0.07190056912908518,0.05088285490150436
base,1000,NO0 0AC,offwind-float,0.6162838561926787,0.4956403642248793,0.12064349196779939
base,1000,NO0 0AC,offwind-float,0.5860780681373283,0.46198397418212184,0.12409409395520649
base,1000,NO0 0AC,offwind-float,0.6230171344274512,0.5023049693140327,0.12071216511341853
base,1000,NO0 0AC,offwind-float,0.5516363605206666,0.4243882795570549,0.12724808096361168
base,1000,NO0 0AC,offwind-float,0.577499717980632,0.4525288827206957,0.12497083525993635
base,1000,NO0 0AC,offwind-float,0.6245839847014835,0.5046943323145827,0.11988965238690075
base,1000,NO0 0AC,offwind-float,0.6211315267976563,0.5018118984692165,0.11931962832843979
base,1000,NO0 0AC,offwind-float,0.6257579576816538,0.5057928841572352,0.11996507352441854
base,1000,NO0 0AC,offwind-float,0.5522182985407519,0.42696388331228724,0.12525441522846464
base,1000,NO0 0AC,offwind-float,0.020610539816369178,0.010588959934651802,0.010021579881717375
base,1000,NO0 0AC,offwind-float,0.6251334134565487,0.5057781339175866,0.11935527953896208
base,1000,NO0 0AC,offwind-float,0.6291317388684975,0.50948361857094,0.11964812029755745
base,1000,NO0 0AC,offwind-float,0.6137322152652664,0.49353771133785995,0.12019450392740649
base,1000,NO0 0AC,offwind-float,0.5834164594859607,0.4587387500097714,0.12467770947618928
base,1000,NO0 0AC,offwind-float,0.6273068796105318,0.5087146260494644,0.1185922535610674
base,1000,NO0 0AC,offwind-float,0.5778832161978521,0.45181935979311627,0.12606385640473583
base,1000,NO0 0AC,offwind-float,0.6187751781168698,0.49856680402021175,0.12020837409665802
base,1000,NO0 0AC,offwind-float,0.5842207842880313,0.4593538515627623,0.12486693272526894
base,1000,NO0 0AC,offwind-float,0.6030937278751441,0.4805890898818154,0.12250463799332872
base,1000,NO0 0AC,offwind-float,0.5454814619819803,0.4189423786063895,0.12653908337559083
base,1000,NO0 0AC,offwind-float,0.5115809004333332,0.38531757719838416,0.126263323234949
base,1000,NO0 0AC,offwind-float,0.49584867738039884,0.36896768129840485,0.126880996081994
base,1000,NO0 0AC,offwind-float,0.4287073525467696,0.3054834709413175,0.12322388160545211
base,1000,NO0 0AC,offwind-float,0.5657968450939893,0.4407672518301698,0.12502959326381952
base,1000,NO0 0AC,offwind-float,0.5583229310248495,0.43299131004682945,0.1253316209780201
base,1000,NO0 0AC,offwind-float,0.5536483516853107,0.42752569750938757,0.1261226541759231
base,1000,NO0 0AC,offwind-float,0.5119443297821041,0.3844347955858482,0.12750953419625594
base,1000,NO0 0AC,offwind-float,0.501238336791344,0.37361311451653484,0.12762522227480916
standard,1000,DE2 0AC,offwind-float,0.498891978018292,0.38219973686790326,0.11669224115038873
standard,1000,DK2 0AC,offwind-float,0.5052877762878103,0.4155950204533938,0.0896927558344165
standard,1000,DK2 0AC,offwind-float,0.5070212506491307,0.4184240314539504,0.08859721919518032
standard,1000,DK2 0AC,offwind-float,0.5159379495183636,0.4238355405204771,0.09210240899788646
standard,1000,DK2 0AC,offwind-float,0.510400222427143,0.41939535337390843,0.09100486905323457
standard,1000,DK2 0AC,offwind-float,0.5438406174425134,0.4456162230911489,0.09822439435136454
standard,1000,DK2 0AC,offwind-float,0.5467584369872253,0.44698949206422883,0.09976894492299643
standard,1000,DK2 0AC,offwind-float,0.5212175330099132,0.4257033341263861,0.09551419888352713
standard,1000,DK2 0AC,offwind-float,0.5114943630671547,0.4267998072711355,0.0846945557960192
standard,1000,DK2 0AC,offwind-float,0.5037210306875091,0.4159526860606377,0.08776834462687139
standard,1000,GB1 0AC,offwind-float,0.44723230492652816,0.3624836911067163,0.08474861381981186
standard,1000,GB1 0AC,offwind-float,0.5149307452682153,0.4387779501549196,0.07615279511329565
standard,1000,GB1 0AC,offwind-float,0.4699587265457218,0.3892706651673984,0.0806880613783234
standard,1000,GB1 0AC,offwind-float,0.5036787691614418,0.4245120725682532,0.07916669659318865
standard,1000,GB1 0AC,offwind-float,0.4559386582145026,0.345030177544508,0.11090848066999459
standard,1000,GB1 0AC,offwind-float,0.48624190498950237,0.40586281242312144,0.08037909256638093
standard,1000,GB1 0AC,offwind-float,0.5071003232480767,0.42886467770641995,0.0782356455416568
standard,1000,GB1 0AC,offwind-float,0.519107410528446,0.44410835127598,0.07499905925246603
standard,1000,GB1 0AC,offwind-float,0.503616524697784,0.4235364437972237,0.08008008090056024
standard,1000,GB1 0AC,offwind-float,0.45816508134387246,0.36828229816087954,0.08988278318299292
standard,1000,GB1 0AC,offwind-float,0.5168742498313543,0.44090839270106713,0.0759658571302872
standard,1000,GB1 0AC,offwind-float,0.49501592255357085,0.3908309846514624,0.10418493790210848
standard,1000,GB1 0AC,offwind-float,0.5192110014930138,0.44299071176617405,0.07622028972683975
standard,1000,GB1 0AC,offwind-float,0.4925138537106102,0.4067404474990838,0.0857734062115264
standard,1000,GB1 0AC,offwind-float,0.5132877414579889,0.43435767881494963,0.07893006264303931
standard,1000,GB1 0AC,offwind-float,0.5020861230476499,0.4209518289073292,0.0811342941403207
standard,1000,GB1 0AC,offwind-float,0.4783827877391815,0.38684406525885534,0.09153872248032618
standard,1000,GB1 0AC,offwind-float,0.5087370801168344,0.42555880451515915,0.08317827560167523
standard,1000,GB1 0AC,offwind-float,0.5066309962911865,0.42502955481021254,0.08160144148097392
standard,1000,GB1 0AC,offwind-float,0.49356346657517963,0.40542287297488006,0.08814059360029958
standard,1000,GB1 0AC,offwind-float,0.4756254746085348,0.38832468200318593,0.0873007926053489
standard,1000,GB1 0AC,offwind-float,0.501975479399281,0.4198768730809069,0.08209860631837412
standard,1000,GB1 0AC,offwind-float,0.514138945639301,0.43506076729682375,0.07907817834247721
standard,1000,GB1 0AC,offwind-float,0.5143125363086087,0.43525564265806377,0.07905689365054497
standard,1000,GB1 0AC,offwind-float,0.5127183921234362,0.42855027703605586,0.08416811508738031
standard,1000,GB1 0AC,offwind-float,0.5104692518424995,0.42706151188143743,0.08340773996106204
standard,1000,GB1 0AC,offwind-float,0.5088741217559276,0.426779954839395,0.0820941669165326
standard,1000,GB1 0AC,offwind-float,0.5124395585856172,0.4242825605284834,0.08815699805713378
standard,1000,GB1 0AC,offwind-float,0.5030453143461615,0.41192312407600157,0.09112219027015994
standard,1000,GB1 0AC,offwind-float,0.44637419282611074,0.33393629989276535,0.11243789293334538
standard,1000,GB1 0AC,offwind-float,0.5169482986742547,0.4275321498577503,0.08941614881650445
standard,1000,GB1 0AC,offwind-float,0.5097209280884732,0.4274067536665382,0.08231417442193506
standard,1000,GB1 0AC,offwind-float,0.5094638722888267,0.42633939987098185,0.08312447241784487
standard,1000,GB1 0AC,offwind-float,0.47859774415067763,0.39155614513887044,0.08704159901180719
standard,1000,GB1 0AC,offwind-float,0.5090752570763212,0.42990292955277604,0.07917232752354514
standard,1000,GB1 0AC,offwind-float,0.5112035761122947,0.4307990882937702,0.0804044878185245
standard,1000,GB1 0AC,offwind-float,0.4764233003156175,0.3760831627004348,0.10034013761518273
standard,1000,GB1 0AC,offwind-float,0.5135563628529854,0.4290450420338398,0.08451132081914564
standard,1000,GB1 0AC,offwind-float,0.5078378097396532,0.4220399313631564,0.08579787837649683
standard,1000,GB1 0AC,offwind-float,0.4920865749391778,0.40471484030164495,0.08737173463753284
standard,1000,GB1 0AC,offwind-float,0.5114359968202249,0.4238731841818631,0.0875628126383618
standard,1000,GB1 0AC,offwind-float,0.5120232120616718,0.4259993667382037,0.08602384532346807
standard,1000,GB1 0AC,offwind-float,0.4799992775206689,0.3815337874054761,0.09846549011519279
standard,1000,GB1 0AC,offwind-float,0.5038211708217697,0.41160547069823306,0.09221570012353664
standard,1000,GB1 0AC,offwind-float,0.49260434696778005,0.40411610012692667,0.08848824684085338
standard,1000,GB1 0AC,offwind-float,0.5088931095366187,0.42386458773034036,0.08502852180627835
standard,1000,GB1 0AC,offwind-float,0.514075627956269,0.4232074523386291,0.09086817561763993
standard,1000,GB1 0AC,offwind-float,0.508115998746216,0.4265983107292223,0.08151768801699377
standard,1000,GB1 0AC,offwind-float,0.5105085171953236,0.42356750330080317,0.08694101389452047
standard,1000,GB1 0AC,offwind-float,0.5052290346276834,0.4152242812230995,0.09000475340458391
standard,1000,GB1 0AC,offwind-float,0.506756690471174,0.42572057466621205,0.08103611580496195
standard,1000,GB1 0AC,offwind-float,0.5082446549688764,0.41971571618316295,0.08852893878571344
standard,1000,GB1 0AC,offwind-float,0.5105283713594134,0.4218821660112867,0.08864620534812673
standard,1000,GB1 0AC,offwind-float,0.49834518947217893,0.40959925388401003,0.0887459355881689
standard,1000,GB1 0AC,offwind-float,0.5072000282095599,0.4227072320790561,0.08449279613050381
standard,1000,GB1 0AC,offwind-float,0.5124002920760324,0.42377053426783046,0.08862975780820198
standard,1000,GB1 0AC,offwind-float,0.5051320293269692,0.4188844924248694,0.0862475369020998
standard,1000,GB1 0AC,offwind-float,0.49559366231222707,0.4054824427444091,0.09011121956781798
standard,1000,GB1 0AC,offwind-float,0.5043774041770142,0.4120261494025296,0.09235125477448458
standard,1000,GB1 0AC,offwind-float,0.4997575859974858,0.41864511609491095,0.08111246990257487
standard,1000,GB1 0AC,offwind-float,0.5053359940827264,0.42407973475091015,0.0812562593318163
standard,1000,GB1 0AC,offwind-float,0.5039779595141747,0.4217518254379454,0.08222613407622925
standard,1000,GB1 0AC,offwind-float,0.5092251599824141,0.4207693574871118,0.08845580249530233
standard,1000,GB1 0AC,offwind-float,0.5071059869735964,0.4164391223865058,0.09066686458709061
standard,1000,GB1 0AC,offwind-float,0.5080229947599951,0.4187039609806279,0.08931903377936723
standard,1000,GB1 0AC,offwind-float,0.5051862720423042,0.4178042850822218,0.08738198696008237
standard,1000,GB1 0AC,offwind-float,0.5079765502432491,0.4177722351049165,0.09020431513833255
standard,1000,GB1 0AC,offwind-float,0.5012976229574099,0.41380158405943396,0.08749603889797591
standard,1000,GB1 0AC,offwind-float,0.5074988958212723,0.4115982056230093,0.09590069019826297
standard,1000,GB1 0AC,offwind-float,0.5066068776024307,0.4141241130214299,0.09248276458100085
standard,1000,GB1 0AC,offwind-float,0.5079501153056143,0.4160764464708215,0.09187366883479281
standard,1000,GB1 0AC,offwind-float,0.49989415435105083,0.4113923048173779,0.08850184953367296
standard,1000,GB1 0AC,offwind-float,0.5020624220638932,0.4201338217756547,0.08192860028823845
standard,1000,GB1 0AC,offwind-float,0.5047725723338015,0.41801042189793075,0.08676215043587071
standard,1000,GB1 0AC,offwind-float,0.5084886172965795,0.4178196695310799,0.09066894776549955
standard,1000,GB1 0AC,offwind-float,0.5071532773469345,0.4150983890196614,0.0920548883272731
standard,1000,GB1 0AC,offwind-float,0.507148466237685,0.4161016113044675,0.09104685493321746
standard,1000,GB1 0AC,offwind-float,0.5053111403231648,0.4173256317420998,0.08798550858106502
standard,1000,GB1 0AC,offwind-float,0.5081382546992768,0.4145237584122809,0.09361449628699586
standard,1000,GB1 0AC,offwind-float,0.49631942373948656,0.41032882090445577,0.0859906028350308
standard,1000,GB1 0AC,offwind-float,0.5012844708577924,0.41444185634492475,0.08684261451286762
standard,1000,GB1 0AC,offwind-float,0.4987042526810692,0.41497404832260254,0.08373020435846668
standard,1000,GB1 0AC,offwind-float,0.5040534600652045,0.4140068911833313,0.09004656888187318
standard,1000,GB1 0AC,offwind-float,0.4963524523931037,0.4124454915374027,0.08390696085570104
standard,1000,GB1 0AC,offwind-float,0.4979026251741512,0.41074619838847437,0.08715642678567681
standard,1000,GB1 0AC,offwind-float,0.5085515671854385,0.4201916553847164,0.08835991180072206
standard,1000,GB1 0AC,offwind-float,0.5057353046183168,0.4143542746713602,0.09138102994695663
standard,1000,GB1 0AC,offwind-float,0.4951406327230311,0.40738799244117535,0.08775264028185575
standard,1000,GB1 0AC,offwind-float,0.5013263148170382,0.4110856628222624,0.09024065199477577
standard,1000,GB1 0AC,offwind-float,0.5064457569812679,0.4126238711232289,0.09382188585803902
standard,1000,GB1 0AC,offwind-float,0.5100678266225711,0.37442571226489724,0.13564211435767387
standard,1000,GB1 0AC,offwind-float,0.5039530855405762,0.41219571253271814,0.09175737300785802
standard,1000,GB1 0AC,offwind-float,0.49390233838644804,0.4085806263557234,0.08532171203072464
standard,1000,GB1 0AC,offwind-float,0.49728228996623713,0.4090580706920952,0.08822421927414192
standard,1000,GB1 0AC,offwind-float,0.4993652247630515,0.4066223337138179,0.09274289104923361
standard,1000,GB1 0AC,offwind-float,0.4958594563834134,0.4074144082826769,0.0884450481007365
standard,1000,GB1 0AC,offwind-float,0.5040258658655906,0.41227152328792643,0.09175434257766418
standard,1000,GB1 0AC,offwind-float,0.49308967929632447,0.4008892495257832,0.09220042977054127
standard,1000,GB1 0AC,offwind-float,0.5066911813774413,0.41851638684168146,0.08817479453575983
standard,1000,GB1 0AC,offwind-float,0.5019151422717958,0.4071988383214363,0.09471630395035951
standard,1000,GB1 0AC,offwind-float,0.49915277616536974,0.40984336394534443,0.08930941222002531
standard,1000,GB1 0AC,offwind-float,0.4965579222364384,0.4079216902262856,0.0886362320101528
standard,1000,GB1 0AC,offwind-float,0.5048256863528364,0.4146442687466462,0.0901814176061902
standard,1000,GB1 0AC,offwind-float,0.5019343395285178,0.4142074616978142,0.08772687783070365
standard,1000,GB1 0AC,offwind-float,0.5027676366392401,0.41148179402315577,0.0912858426160843
standard,1000,GB1 0AC,offwind-float,0.5022706063395682,0.4128742330951498,0.0893963732444184
standard,1000,GB1 0AC,offwind-float,0.5047988096689033,0.3582326664676437,0.14656614320125966
standard,1000,GB1 0AC,offwind-float,0.5044667549268124,0.4149806263544481,0.08948612857236427
standard,1000,GB1 0AC,offwind-float,0.505341741524241,0.41721367123471204,0.08812807028952901
standard,1000,GB1 0AC,offwind-float,0.5038341592824106,0.41119760282638124,0.09263655645602936
standard,1000,GB4 0AC,offwind-float,0.48298822774627015,0.36343112910673564,0.11955709863953451
standard,1000,GB4 0AC,offwind-float,0.5250631657644822,0.36257121935178377,0.16249194641269843
standard,1000,GB4 0AC,offwind-float,0.504238640968373,0.3889040915369771,0.11533454943139593
standard,1000,GB4 0AC,offwind-float,0.5228054980653917,0.42237956583237857,0.1004259322330131
standard,1000,GB4 0AC,offwind-float,0.5237737058353021,0.4228614583758019,0.10091224745950023
standard,1000,GB4 0AC,offwind-float,0.5261905053258189,0.42605653080451467,0.10013397452130424
standard,1000,GB4 0AC,offwind-float,0.5241873941992827,0.42381346172783235,0.10037393247145038
standard,1000,GB4 0AC,offwind-float,0.5272972557120621,0.4235519100929983,0.10374534561906379
standard,1000,GB4 0AC,offwind-float,0.5255459175215951,0.4268209533430475,0.09872496417854759
standard,1000,GB4 0AC,offwind-float,0.5245871556296645,0.4242814416226752,0.10030571400698929
standard,1000,GB4 0AC,offwind-float,0.5200506968924533,0.414099858646896,0.10595083824555729
standard,1000,GB4 0AC,offwind-float,0.5239882448347591,0.42672036457529855,0.09726788025946059
standard,1000,GB4 0AC,offwind-float,0.5236149134132747,0.42160496591431407,0.10200994749896064
standard,1000,GB4 0AC,offwind-float,0.5269723732029588,0.4296962894450972,0.09727608375786156
standard,1000,GB4 0AC,offwind-float,0.5161341299391348,0.4097591034907599,0.10637502644837488
standard,1000,GB4 0AC,offwind-float,0.522377904834261,0.42582848267737006,0.096549422156891
standard,1000,GB4 0AC,offwind-float,0.5223181453373558,0.4204973316315211,0.10182081370583468
standard,1000,GB4 0AC,offwind-float,0.5226804748131727,0.41983194605260105,0.10284852876057166
standard,1000,GB4 0AC,offwind-float,0.518643819865162,0.41970987914805774,0.09893394071710421
standard,1000,GB4 0AC,offwind-float,0.518976022188434,0.42310813862733915,0.09586788356109482
standard,1000,GB4 0AC,offwind-float,0.5185824197562632,0.4153919823728188,0.10319043738344436
standard,1000,GB4 0AC,offwind-float,0.5187243899724499,0.41230989789434175,0.1064144920781081
standard,1000,GB4 0AC,offwind-float,0.5138742045957199,0.4098319013886915,0.10404230320702834
standard,1000,GB4 0AC,offwind-float,0.5149207954532985,0.4189784883172257,0.09594230713607282
standard,1000,GB4 0AC,offwind-float,0.5196879028052351,0.4161671018505407,0.10352080095469446
standard,1000,GB4 0AC,offwind-float,0.5158809349380271,0.4129893483271635,0.10289158661086362
standard,1000,GB4 0AC,offwind-float,0.5133009074263688,0.4075805990204417,0.10572030840592711
standard,1000,GB4 0AC,offwind-float,0.5097388954504688,0.40952314399255113,0.10021575145791767
standard,1000,GB4 0AC,offwind-float,0.512241754085864,0.40977940656221506,0.10246234752364897
standard,1000,GB4 0AC,offwind-float,0.5178051920230091,0.4135434751742059,0.1042617168488032
standard,1000,GB4 0AC,offwind-float,0.5095774755328963,0.4051447979142949,0.10443267761860142
standard,1000,GB4 0AC,offwind-float,0.5033795438463978,0.40146767506367387,0.10191186878272396
standard,1000,GB4 0AC,offwind-float,0.5083858442823349,0.4070274727535368,0.10135837152879812
standard,1000,GB4 0AC,offwind-float,0.5137302617284848,0.4108404489079498,0.102889812820535
standard,1000,GB4 0AC,offwind-float,0.50971345488181,0.4035073728899808,0.10620608199182918
standard,1000,GB4 0AC,offwind-float,0.5124885119775903,0.41087400294330945,0.10161450903428082
standard,1000,GB4 0AC,offwind-float,0.50876413144488,0.40489039184576703,0.10387373959911295
standard,1000,GB4 0AC,offwind-float,0.503281421902232,0.39963902925511374,0.10364239264711828
standard,1000,GB4 0AC,offwind-float,0.4908609182192202,0.39217528340823543,0.09868563481098475
standard,1000,GB4 0AC,offwind-float,0.5045684137228647,0.4026521585789038,0.10191625514396085
standard,1000,GB4 0AC,offwind-float,0.49795532944814697,0.3959478124286548,0.10200751701949218
standard,1000,GB4 0AC,offwind-float,0.5056568929590621,0.40071174814434823,0.1049451448147139
standard,1000,GB4 0AC,offwind-float,0.5069902069149367,0.4023316950652889,0.1046585118496478
standard,1000,GB4 0AC,offwind-float,0.501884660696297,0.3990690509057892,0.1028156097905078
standard,1000,GB4 0AC,offwind-float,0.505695982359391,0.400669770255186,0.10502621210420493
standard,1000,GB4 0AC,offwind-float,0.49461167552415597,0.3917907839652534,0.10282089155890256
standard,1000,GB4 0AC,offwind-float,0.5023608343074004,0.39906228039299424,0.10329855391440618
standard,1000,GB4 0AC,offwind-float,0.500398899488489,0.39823726831012485,0.10216163117836419
standard,1000,GB4 0AC,offwind-float,0.49992920155049175,0.39700786908477603,0.10292133246571572
standard,1000,GB4 0AC,offwind-float,0.5029075174949267,0.3995580860043468,0.1033494314905799
standard,1000,GB4 0AC,offwind-float,0.49473361796636706,0.3925431558447887,0.10219046212157834
standard,1000,GB4 0AC,offwind-float,0.5002851725849675,0.39584439115624165,0.10444078142872587
standard,1000,GB4 0AC,offwind-float,0.4992434200519701,0.39084249657897746,0.10840092347299263
standard,1000,GB4 0AC,offwind-float,0.4961186062256166,0.3889878187722672,0.10713078745334942
standard,1000,GB4 0AC,offwind-float,0.48905360385368124,0.3868582485062199,0.10219535534746133
standard,1000,NL2 0AC,offwind-float,0.5063839102034097,0.3857424181117254,0.12064149209168429
standard,1000,NL2 0AC,offwind-float,0.4009116326807249,0.27873758860427356,0.12217404407645133
standard,1000,NO0 0AC,offwind-float,0.49687963698457344,0.42613138930482963,0.0707482476797438
standard,1000,NO0 0AC,offwind-float,0.49734767365990673,0.4248169829521476,0.07253069070775914
standard,1000,NO0 0AC,offwind-float,0.4943794872981536,0.4242068632045998,0.07017262409355379
standard,1000,NO0 0AC,offwind-float,0.4948455902189021,0.42157731146105554,0.07326827875784658
standard,1000,NO0 0AC,offwind-float,0.49504972373834877,0.4260142070705827,0.06903551666776608
standard,1000,NO0 0AC,offwind-float,0.49252381520836547,0.42277389189752423,0.06974992331084123
standard,1000,NO0 0AC,offwind-float,0.4936025578443189,0.4238394235794673,0.06976313426485159
standard,1000,NO0 0AC,offwind-float,0.4936588783725096,0.42317859347273135,0.07048028489977826
standard,1000,NO0 0AC,offwind-float,0.4927374020800775,0.4233513825207308,0.0693860195593467
standard,1000,NO0 0AC,offwind-float,0.4936311361874007,0.42263962270439237,0.0709915134830083
standard,1000,NO0 0AC,offwind-float,0.491841340896987,0.4195535235370038,0.07228781735998319
standard,1000,NO0 0AC,offwind-float,0.4907176472042804,0.4163566994021265,0.07436094780215391
standard,1000,NO0 0AC,offwind-float,0.49185504506772265,0.42131736981855056,0.0705376752491721
standard,1000,NO0 0AC,offwind-float,0.4882272936187173,0.4183855028246908,0.06984179079402653
standard,1000,NO0 0AC,offwind-float,0.4857966863202801,0.41279629946409263,0.07300038685618748
standard,1000,NO0 0AC,offwind-float,0.4865439559805516,0.41499173029842423,0.07155222568212738
standard,1000,NO0 0AC,offwind-float,0.49686815625724834,0.4271329502295593,0.06973520602768901
standard,1000,NO0 0AC,offwind-float,0.4965526742556815,0.4252063352111863,0.07134633904449522
standard,1000,NO0 0AC,offwind-float,0.49435418481506255,0.42313032196773775,0.07122386284732479
standard,1000,NO0 0AC,offwind-float,0.4917320403324747,0.4217608561715873,0.06997118416088738
standard,1000,NO0 0AC,offwind-float,0.49989644132408123,0.43118017524261915,0.06871626608146209
standard,1000,NO0 0AC,offwind-float,0.481604195380689,0.4098642596931414,0.0717399356875476
standard,1000,NO0 0AC,offwind-float,0.4842958189903746,0.4132593253587249,0.07103649363164971
standard,1000,NO0 0AC,offwind-float,0.4915415814460793,0.41923873220872915,0.07230284923735014
standard,1000,NO0 0AC,offwind-float,0.4909207007255418,0.42007120871647224,0.07084949200906954
standard,1000,NO0 0AC,offwind-float,0.49515816646196353,0.42234084887351825,0.07281731758844529
standard,1000,NO0 0AC,offwind-float,0.2657174066388171,0.18394339726864747,0.08177400937016963
standard,1000,NO0 0AC,offwind-float,0.3177328511759041,0.2255046436932378,0.0922282074826663
standard,1000,NO0 0AC,offwind-float,0.3063942926162872,0.21786871586857745,0.08852557674770975
standard,1000,NO0 0AC,offwind-float,0.4762592452824796,0.400955198510691,0.07530404677178859
standard,1000,NO0 0AC,offwind-float,0.5006573581199968,0.43117632117448645,0.06948103694551033
standard,1000,NO0 0AC,offwind-float,0.4981011619735907,0.42797729394459083,0.07012386802899989
standard,1000,NO0 0AC,offwind-float,0.4924516039076436,0.4208403252239877,0.07161127868365591
standard,1000,NO0 0AC,offwind-float,0.4947751700905869,0.4245037736558341,0.07027139643475283
standard,1000,NO0 0AC,offwind-float,0.4889313250876775,0.4181179001464086,0.07081342494126891
standard,1000,NO0 0AC,offwind-float,0.4838438634262853,0.4124688594119501,0.07137500401433522
standard,1000,NO0 0AC,offwind-float,0.501967778592602,0.43323198597008017,0.06873579262252183
standard,1000,NO0 0AC,offwind-float,0.499255607793574,0.42831553300580877,0.0709400747877652
standard,1000,NO0 0AC,offwind-float,0.4799006763101718,0.4081925694028137,0.07170810690735813
standard,1000,NO0 0AC,offwind-float,0.5029173348784817,0.4328046663131719,0.07011266856530979
standard,1000,NO0 0AC,offwind-float,0.49121972688949317,0.42064320555281337,0.0705765213366798
standard,1000,NO0 0AC,offwind-float,0.5018321768498158,0.43248652525784137,0.06934565159197448
standard,1000,NO0 0AC,offwind-float,0.500267387582568,0.428305234163056,0.07196215341951195
standard,1000,NO0 0AC,offwind-float,0.49612534873029596,0.42526614461240403,0.07085920411789193
standard,1000,NO0 0AC,offwind-float,0.4549044246033234,0.384800946645503,0.0701034779578204
standard,1000,NO0 0AC,offwind-float,0.4700843241464306,0.39942199607179785,0.07066232807463274
standard,1000,NO0 0AC,offwind-float,0.5034532395179087,0.4321027343610738,0.07135050515683483
standard,1000,NO0 0AC,offwind-float,0.5058409517227908,0.43683784328527286,0.06900310843751789
standard,1000,NO0 0AC,offwind-float,0.503037127641396,0.43181575213100626,0.0712213755103897
standard,1000,NO0 0AC,offwind-float,0.4961343861569192,0.42452259160209205,0.07161179455482714
standard,1000,NO0 0AC,offwind-float,0.48527615477710956,0.41553552329228655,0.06974063148482301
standard,1000,NO0 0AC,offwind-float,0.507643154453379,0.4371120453209239,0.07053110913245514
standard,1000,NO0 0AC,offwind-float,0.4883574281368015,0.4174771100856309,0.07088031805117062
standard,1000,NO0 0AC,offwind-float,0.46372212418646325,0.39246674785850816,0.07125537632795509
standard,1000,NO0 0AC,offwind-float,0.47421552797745026,0.4021696231237395,0.07204590485371076
standard,1000,NO0 0AC,offwind-float,0.5102616622533607,0.4414430430057758,0.06881861924758487
standard,1000,NO0 0AC,offwind-float,0.5046061776555382,0.43430746951926424,0.07029870813627392
standard,1000,NO0 0AC,offwind-float,0.5133473388897073,0.44399985368514217,0.06934748520456513
standard,1000,NO0 0AC,offwind-float,0.4837442174283364,0.41324715965932557,0.07049705776901083
standard,1000,NO0 0AC,offwind-float,0.49931308219856174,0.4261887120580334,0.07312437014052836
standard,1000,NO0 0AC,offwind-float,0.5167303284667538,0.4470890804412179,0.0696412480255359
standard,1000,NO0 0AC,offwind-float,0.5115059506446108,0.4429545982949575,0.06855135234965332
standard,1000,NO0 0AC,offwind-float,0.5119125880617799,0.4433306445128755,0.06858194354890434
standard,1000,NO0 0AC,offwind-float,0.5215961687290394,0.4537961873158918,0.06779998141314758
standard,1000,NO0 0AC,offwind-float,0.5078171715713474,0.4383186004321061,0.06949857113924135
standard,1000,NO0 0AC,offwind-float,0.46137788831337656,0.39076575229057936,0.0706121360227972
standard,1000,NO0 0AC,offwind-float,0.47016446028159364,0.400310389864087,0.06985407041750663
standard,1000,NO0 0AC,offwind-float,0.5191159227444143,0.4506785121992192,0.06843741054519514
standard,1000,NO0 0AC,offwind-float,0.4916853332920593,0.42166386406277384,0.07002146922928548
standard,1000,NO0 0AC,offwind-float,0.4515150377843039,0.3709309263426556,0.08058411144164829
standard,1000,NO0 0AC,offwind-float,0.5204546507290435,0.4516052997168734,0.0688493510121701
standard,1000,NO0 0AC,offwind-float,0.5196137473831403,0.4507078445298311,0.06890590285330916
standard,1000,NO0 0AC,offwind-float,0.4458990378312568,0.3551344190199712,0.09076461881128556
standard,1000,NO0 0AC,offwind-float,0.4776080464313016,0.40321925289266786,0.07438879353863376
standard,1000,NO0 0AC,offwind-float,0.5288783225883579,0.4612810353450666,0.06759728724329128
standard,1000,NO0 0AC,offwind-float,0.5046236014105996,0.4350147570377625,0.0696088443728371
standard,1000,NO0 0AC,offwind-float,0.4258083115369795,0.32687265150232186,0.09893566003465765
standard,1000,NO0 0AC,offwind-float,0.5322811001975608,0.46384544015935497,0.06843566003820584
standard,1000,NO0 0AC,offwind-float,0.4445408043683002,0.35315578753153615,0.09138501683676403
standard,1000,NO0 0AC,offwind-float,0.5251312994298882,0.4573487816254705,0.06778251780441774
standard,1000,NO0 0AC,offwind-float,0.37553590630895356,0.2982195948612207,0.07731631144773288
standard,1000,NO0 0AC,offwind-float,0.36166949840310747,0.28362389287260686,0.0780456055305006
standard,1000,NO0 0AC,offwind-float,0.5194123481735329,0.44535239304850227,0.07405995512503061
standard,1000,NO0 0AC,offwind-float,0.5406805604692251,0.4744073106817137,0.06627324978751137
standard,1000,NO0 0AC,offwind-float,0.533413211371672,0.4660883813557498,0.06732483001592215
standard,1000,NO0 0AC,offwind-float,0.3794069957429216,0.30627416595787804,0.07313282978504354
standard,1000,NO0 0AC,offwind-float,0.28171331211014544,0.18698914435848868,0.09472416775165676
standard,1000,NO0 0AC,offwind-float,0.495521862996504,0.4117879968753901,0.08373386612111394
standard,1000,NO0 0AC,offwind-float,0.5277261610279416,0.4518093988584429,0.07591676216949866
standard,1000,NO0 0AC,offwind-float,0.16498306645205313,0.10531937190822391,0.05966369454382922
standard,1000,NO0 0AC,offwind-float,0.10859528864563399,0.06322614172552014,0.045369146920113845
standard,1000,NO0 0AC,offwind-float,0.09009100986532545,0.051983643513373465,0.038107366351951985
standard,1000,NO0 0AC,offwind-float,0.28171331211014544,0.19525154534210268,0.08646176676804276
standard,1000,NO0 0AC,offwind-float,0.43391604562179864,0.35903384772919844,0.0748821978926002
standard,1000,NO0 0AC,offwind-float,0.5264293868651817,0.4579378126095525,0.06849157425562918
standard,1000,NO0 0AC,offwind-float,0.5406333373586517,0.4677865749460305,0.07284676241262122
standard,1000,NO0 0AC,offwind-float,0.5470954420684345,0.4811368361146141,0.06595860595382042
standard,1000,NO0 0AC,offwind-float,0.5423385270555748,0.47276748805486385,0.06957103900071099
standard,1000,NO0 0AC,offwind-float,0.5078349970816726,0.4275638466305377,0.08027115045113487
standard,1000,NO0 0AC,offwind-float,0.037267752873730846,0.02039309075212657,0.016874662121604277
standard,1000,NO0 0AC,offwind-float,0.07561296925319073,0.04297802659256429,0.03263494266062644
standard,1000,NO0 0AC,offwind-float,0.09424700619008446,0.05497251750005819,0.03927448869002627
standard,1000,NO0 0AC,offwind-float,0.09773460624009642,0.056633258986221034,0.04110134725387538
standard,1000,NO0 0AC,offwind-float,0.10859528864563399,0.0632756933673922,0.045319595278241795
standard,1000,NO0 0AC,offwind-float,0.5456935813421928,0.4768885081882146,0.06880507315397821
standard,1000,NO0 0AC,offwind-float,0.5189456941963775,0.43317343618382703,0.08577225801255045
standard,1000,NO0 0AC,offwind-float,0.5516545367577279,0.4872201820631964,0.06443435469453151
standard,1000,NO0 0AC,offwind-float,0.4884739972410503,0.3980101488257719,0.09046384841527838
standard,1000,NO0 0AC,offwind-float,0.5113236958474845,0.4320247742605085,0.07929892158697599
standard,1000,NO0 0AC,offwind-float,0.5530430486039731,0.4877427881355616,0.06530026046841153
standard,1000,NO0 0AC,offwind-float,0.5499846209432345,0.47795736635158265,0.07202725459165188
standard,1000,NO0 0AC,offwind-float,0.5540282680625346,0.4882507002227096,0.06577756783982497
standard,1000,NO0 0AC,offwind-float,0.4889648698457115,0.3965336617769733,0.09243120806873822
standard,1000,NO0 0AC,offwind-float,0.018150901805565132,0.009474294596749857,0.008676607208815275
standard,1000,NO0 0AC,offwind-float,0.5535056041949863,0.48887800959933947,0.06462759459564682
standard,1000,NO0 0AC,offwind-float,0.5570695506242275,0.49288971687870975,0.06417983374551772
standard,1000,NO0 0AC,offwind-float,0.5434598766173934,0.46930438305425,0.07415549356314338
standard,1000,NO0 0AC,offwind-float,0.5166152748748182,0.43896380797600787,0.0776514668988103
standard,1000,NO0 0AC,offwind-float,0.5554534643716864,0.49200303294486064,0.06345043142682577
standard,1000,NO0 0AC,offwind-float,0.511715587943198,0.4268955194772035,0.08482006846599455
standard,1000,NO0 0AC,offwind-float,0.5479254202224881,0.48012098585462015,0.06780443436786798
standard,1000,NO0 0AC,offwind-float,0.5173275044870518,0.4377850909925036,0.07954241349454816
standard,1000,NO0 0AC,offwind-float,0.5340125077785602,0.45782208785811085,0.07619041992044939
standard,1000,NO0 0AC,offwind-float,0.48302383458504344,0.40465996729505904,0.0783638672899844
standard,1000,NO0 0AC,offwind-float,0.4530048873337166,0.37537344717598214,0.07763144015773443
standard,1000,NO0 0AC,offwind-float,0.4390477773123956,0.3529196531869101,0.08612812412548548
standard,1000,NO0 0AC,offwind-float,0.3796203606801645,0.26484484563733585,0.11477551504282868
standard,1000,NO0 0AC,offwind-float,0.5009885468046534,0.4296726501848154,0.07131589661983806
standard,1000,NO0 0AC,offwind-float,0.49439495542250433,0.42403919052279054,0.07035576489971379
standard,1000,NO0 0AC,offwind-float,0.4902556154173425,0.4156290337423854,0.07462658167495712
standard,1000,NO0 0AC,offwind-float,0.45330123231912556,0.36607498517965853,0.08722624713946703
standard,1000,NO0 0AC,offwind-float,0.4438465472287351,0.3395749455037015,0.10427160172503364
standard,1000,BE2 0AC,offwind-ac,0.5006196226580825,0.5006196226580806,1.887379141862766e-15
standard,1000,BE2 0AC,offwind-ac,0.49527729012393046,0.49527729012393046,0.0
standard,1000,DE2 0AC,offwind-ac,0.5189172279832959,0.5189172279832865,9.325873406851315e-15
standard,1000,DE2 0AC,offwind-ac,0.4551732809579103,0.4398265054858102,0.015346775472100116
standard,1000,DE2 0AC,offwind-ac,0.48328253085053346,0.48328253085052847,4.9960036108132044e-15
standard,1000,DE2 0AC,offwind-ac,0.5055817365134315,0.505581736513421,1.0547118733938987e-14
standard,1000,DE2 0AC,offwind-ac,0.49005098287204657,0.49005098287204646,1.1102230246251565e-16
standard,1000,DE2 0AC,offwind-ac,0.45870593410881827,0.44646458711458514,0.012241346994233127
standard,1000,DE2 0AC,offwind-ac,0.3840646314321031,0.3368767712101287,0.04718786022197441
standard,1000,DE2 0AC,offwind-ac,0.4645812878378594,0.45473673768449313,0.009844550153366272
standard,1000,DK2 0AC,offwind-ac,0.5008224292241322,0.4791125847416386,0.021709844482493634
standard,1000,DK2 0AC,offwind-ac,0.5163857519748063,0.5148287942375742,0.0015569577372320786
standard,1000,DK2 0AC,offwind-ac,0.5216331269042569,0.518551567086549,0.0030815598177078574
standard,1000,DK2 0AC,offwind-ac,0.50135001705027,0.48186731324908777,0.019482703801182277
standard,1000,DK2 0AC,offwind-ac,0.4952195207102195,0.46286091776574506,0.03235860294447446
standard,1000,DK2 0AC,offwind-ac,0.5108990635201931,0.509847322543712,0.0010517409764810859
standard,1000,DK2 0AC,offwind-ac,0.45666354318602465,0.395230579102773,0.06143296408325166
standard,1000,DK2 0AC,offwind-ac,0.5057891968536159,0.49084162887328714,0.014947567980328758
standard,1000,DK2 0AC,offwind-ac,0.45202054031233,0.3811355040012225,0.07088503631110754
standard,1000,DK2 0AC,offwind-ac,0.5036838251491129,0.4847854020447192,0.018898423104393713
standard,1000,DK2 0AC,offwind-ac,0.4184382841128267,0.35495702075040403,0.06348126336242266
standard,1000,DK2 0AC,offwind-ac,0.4930641027731292,0.473380695123428,0.019683407649701168
standard,1000,DK2 0AC,offwind-ac,0.49654303854880866,0.4777550703690458,0.01878796817976286
standard,1000,DK2 0AC,offwind-ac,0.4503744670397223,0.4006879431916335,0.049686523848088804
standard,1000,DK2 0AC,offwind-ac,0.499242540461695,0.4783285626308942,0.02091397783080079
standard,1000,DK2 0AC,offwind-ac,0.5022117626872941,0.49978017479177095,0.002431587895523113
standard,1000,DK2 0AC,offwind-ac,0.457196580756305,0.4252792046724304,0.03191737608387457
standard,1000,GB1 0AC,offwind-ac,0.32103123673262896,0.25338280862627766,0.0676484281063513
standard,1000,GB1 0AC,offwind-ac,0.3477930737535004,0.2971591240074746,0.05063394974602581
standard,1000,GB1 0AC,offwind-ac,0.39957632551463484,0.3789261023836264,0.02065022313100845
standard,1000,GB1 0AC,offwind-ac,0.4752115145139222,0.4722297687351801,0.0029817457787421064
standard,1000,GB1 0AC,offwind-ac,0.40105856382528554,0.36442941279812413,0.03662915102716141
standard,1000,GB1 0AC,offwind-ac,0.4291105260489392,0.42529083162141595,0.0038196944275232236
standard,1000,GB1 0AC,offwind-ac,0.3812799319868889,0.3446273412592922,0.036652590727596746
standard,1000,GB1 0AC,offwind-ac,0.43347186360118356,0.4291254087587448,0.004346454842438785
standard,1000,GB1 0AC,offwind-ac,0.4180655742900573,0.41365889343570605,0.0044066808543512526
standard,1000,GB1 0AC,offwind-ac,0.3951822374974033,0.3462623651400238,0.04891987235737949
standard,1000,GB1 0AC,offwind-ac,0.4415587941267478,0.43178550355149636,0.009773290575251448
standard,1000,GB1 0AC,offwind-ac,0.45281067378459816,0.42094690445890304,0.031863769325695124
standard,1000,GB1 0AC,offwind-ac,0.46084986847622544,0.4576534217027911,0.003196446773434336
standard,1000,GB1 0AC,offwind-ac,0.4507173075018545,0.44489632758938846,0.005820979912466051
standard,1000,GB1 0AC,offwind-ac,0.41291040339369095,0.3541102134381841,0.05880018995550684
standard,1000,GB1 0AC,offwind-ac,0.4611562961023986,0.45736522617076075,0.003791069931637858
standard,1000,GB1 0AC,offwind-ac,0.41750637970435006,0.3551670461952026,0.06233933350914744
standard,1000,GB1 0AC,offwind-ac,0.3714835427610248,0.30494612638552887,0.06653741637549593
standard,1000,GB1 0AC,offwind-ac,0.4593108877472365,0.45482746321014617,0.00448342453709033
standard,1000,GB1 0AC,offwind-ac,0.47399096808770796,0.46810708085651026,0.005883887231197704
standard,1000,GB1 0AC,offwind-ac,0.4910905703825706,0.48625425660568916,0.004836313776881429
standard,1000,GB1 0AC,offwind-ac,0.45115925215067954,0.43620230914264396,0.014956943008035573
standard,1000,GB1 0AC,offwind-ac,0.4857686831638894,0.4799855696386844,0.005783113525204997
standard,1000,GB1 0AC,offwind-ac,0.49238264418109307,0.474273377426715,0.018109266754378073
standard,1000,GB1 0AC,offwind-ac,0.4677497807305641,0.45787401144057266,0.009875769289991454
standard,1000,GB1 0AC,offwind-ac,0.4686248977970788,0.45635760172651346,0.012267296070565314
standard,1000,GB1 0AC,offwind-ac,0.5030807672547214,0.4799143781915522,0.0231663890631692
standard,1000,GB1 0AC,offwind-ac,0.48840533428572613,0.4765618374122575,0.01184349687346864
standard,1000,GB1 0AC,offwind-ac,0.5131434534743041,0.4892891052307328,0.0238543482435713
standard,1000,GB1 0AC,offwind-ac,0.5029385218015939,0.49338994891214266,0.009548572889451268
standard,1000,GB1 0AC,offwind-ac,0.5079924512271841,0.4813349636344143,0.026657487592769757
standard,1000,GB1 0AC,offwind-ac,0.5136111227642984,0.4898346918432679,0.023776430921030545
standard,1000,GB4 0AC,offwind-ac,0.5061662217089132,0.4463182499426312,0.05984797176628204
standard,1000,GB4 0AC,offwind-ac,0.5061662217089132,0.449804433591278,0.05636178811763526
standard,1000,GB4 0AC,offwind-ac,0.5290743548382054,0.461249402378616,0.06782495245958942
standard,1000,GB4 0AC,offwind-ac,0.5313939935513334,0.5039051059138241,0.02748888763750934
standard,1000,GB4 0AC,offwind-ac,0.5290743548382054,0.46259251853536576,0.06648183630283966
standard,1000,NL2 0AC,offwind-ac,0.4981080286934075,0.49799668157627036,0.0001113471171371172
standard,1000,NL2 0AC,offwind-ac,0.3836571484485497,0.3300564022267129,0.053600746221836804
standard,1000,NL2 0AC,offwind-ac,0.504375623346541,0.5042074432132324,0.00016818013330854864
standard,1000,NL2 0AC,offwind-ac,0.5061476200153033,0.5060219504725837,0.00012566954271964192
standard,1000,NL2 0AC,offwind-ac,0.5069335309437376,0.5068166727329791,0.0001168582107584637
standard,1000,NL2 0AC,offwind-ac,0.483668680602782,0.4836266883370931,4.1992265688906016e-05
standard,1000,NL2 0AC,offwind-ac,0.507373951262337,0.5070386570812344,0.00033529418110256337
standard,1000,NL2 0AC,offwind-ac,0.48306981208079985,0.4830397295866655,3.0082494134331395e-05
standard,1000,NL2 0AC,offwind-ac,0.4834054221463425,0.48229954449438406,0.0011058776519584645
standard,1000,NL2 0AC,offwind-ac,0.5028425373660903,0.5027526546746278,8.988269146248395e-05
standard,1000,NL2 0AC,offwind-ac,0.4936022875416068,0.49256858869349096,0.0010336988481158271
standard,1000,NL2 0AC,offwind-ac,0.4009116326807249,0.3419903109747703,0.0589213217059546
standard,1000,NL2 0AC,offwind-ac,0.5053919773418345,0.5047153424877522,0.0006766348540823142
standard,1000,NL2 0AC,offwind-ac,0.5084097034920279,0.5081311145427209,0.0002785889493069904
standard,1000,NO0 0AC,offwind-ac,0.30174591407169304,0.2329118143571954,0.06883409971449764
standard,1000,NO0 0AC,offwind-ac,0.28171331211014544,0.2139637190752848,0.06774959303486064
standard,1000,NO0 0AC,offwind-ac,0.2784462461567246,0.22309405427006723,0.055352191886657354
standard,1000,NO0 0AC,offwind-ac,0.28171331211014544,0.219825624005561,0.06188768810458445
standard,1000,NO0 0AC,offwind-ac,0.4091967516203438,0.37408965851162124,0.035107093108722565
standard,1000,NO0 0AC,offwind-ac,0.38518488409726764,0.3238613186598291,0.061323565437438554
standard,1000,NO0 0AC,offwind-ac,0.25677845938726035,0.20256987657654862,0.054208582810711725
standard,1000,NO0 0AC,offwind-ac,0.31591530448536115,0.260621694830356,0.05529360965500513
standard,1000,NO0 0AC,offwind-ac,0.22999868624387806,0.17070976179079442,0.05928892445308365
standard,1000,NO0 0AC,offwind-ac,0.36365565245056775,0.31488291607052715,0.04877273638004059
standard,1000,NO0 0AC,offwind-ac,0.3405821231654168,0.2915189931669377,0.049063129998479116
standard,1000,NO0 0AC,offwind-ac,0.3132718856716565,0.262590849362317,0.050681036309339456
standard,1000,BE2 0AC,offwind-dc,0.5273858436254776,0.5183754085341455,0.009010435091332036
standard,1000,BE2 0AC,offwind-dc,0.525462085296698,0.5148124693228122,0.010649615973885806
standard,1000,DE2 0AC,offwind-dc,0.5067142992632805,0.505938614561163,0.0007756847021175295
standard,1000,DE2 0AC,offwind-dc,0.5145873962442612,0.5140174944889462,0.0005699017553150165
standard,1000,DE2 0AC,offwind-dc,0.507782901790999,0.5070436638482164,0.0007392379427826334
standard,1000,DE2 0AC,offwind-dc,0.5181271123922678,0.5181271123922678,0.0
standard,1000,DE2 0AC,offwind-dc,0.5108993149108657,0.5076041616621761,0.003295153248689564
standard,1000,DE2 0AC,offwind-dc,0.5123965225771899,0.5111813095063665,0.0012152130708233955
standard,1000,DE2 0AC,offwind-dc,0.5154410181018602,0.5154410181018596,5.551115123125783e-16
standard,1000,DE2 0AC,offwind-dc,0.5134663317746363,0.51275024878503,0.0007160829896063481
standard,1000,DE2 0AC,offwind-dc,0.5149312461835889,0.5144783301082756,0.00045291607531328104
standard,1000,DE2 0AC,offwind-dc,0.5154718517541814,0.5149050693768649,0.0005667823773165548
standard,1000,DE2 0AC,offwind-dc,0.5188095174907852,0.5188095174907844,7.771561172376096e-16
standard,1000,DE2 0AC,offwind-dc,0.5175766230660866,0.5170400421804028,0.0005365808856838683
standard,1000,DE2 0AC,offwind-dc,0.520236030873457,0.5202360308734565,5.551115123125783e-16
standard,1000,DE2 0AC,offwind-dc,0.5178556187161704,0.516475361174153,0.0013802575420173158
standard,1000,DE2 0AC,offwind-dc,0.5176404217879476,0.5176404217879478,0.0
standard,1000,DE2 0AC,offwind-dc,0.5201656696451675,0.5201656696451671,4.440892098500626e-16
standard,1000,DE2 0AC,offwind-dc,0.5188967329119258,0.5188967329119233,2.55351295663786e-15
standard,1000,DE2 0AC,offwind-dc,0.5207177271449561,0.5207177271449562,0.0
standard,1000,DE2 0AC,offwind-dc,0.5201787105587943,0.5201787105587947,0.0
standard,1000,DE2 0AC,offwind-dc,0.5073062024983984,0.49719889511762894,0.010107307380769481
standard,1000,DE2 0AC,offwind-dc,0.5199849746640565,0.5199849746640566,0.0
standard,1000,DE2 0AC,offwind-dc,0.5185197272577206,0.518519727257721,0.0
standard,1000,DE2 0AC,offwind-dc,0.5191660267536466,0.5191660267536458,8.881784197001252e-16
standard,1000,DE2 0AC,offwind-dc,0.5198196088313133,0.5198196088313126,6.661338147750939e-16
standard,1000,DE2 0AC,offwind-dc,0.5157081483502152,0.515708148350215,2.220446049250313e-16
standard,1000,DE2 0AC,offwind-dc,0.5200696944737576,0.5200696944737567,8.881784197001252e-16
standard,1000,DE2 0AC,offwind-dc,0.50945588839574,0.5052530067452612,0.004202881650478774
standard,1000,DE2 0AC,offwind-dc,0.5159764933611093,0.5143558262650105,0.0016206670960987601
standard,1000,DE2 0AC,offwind-dc,0.5183501748024941,0.5183501748024933,7.771561172376096e-16
standard,1000,DE2 0AC,offwind-dc,0.5045130327563189,0.4959574660056102,0.008555566750708676
standard,1000,DE2 0AC,offwind-dc,0.5149212226550195,0.5123618938871732,0.0025593287678462584
standard,1000,DE2 0AC,offwind-dc,0.5170142761498158,0.5170142761498153,4.440892098500626e-16
standard,1000,DK2 0AC,offwind-dc,0.5132903156425426,0.4777293672512593,0.035560948391283265
standard,1000,DK2 0AC,offwind-dc,0.5099336758444641,0.47322330488649983,0.03671037095796431
standard,1000,DK2 0AC,offwind-dc,0.5200412231274041,0.49050989578930004,0.02953132733810404
standard,1000,DK2 0AC,offwind-dc,0.5161686371303258,0.48279067075681575,0.03337796637351004
standard,1000,DK2 0AC,offwind-dc,0.5117848953229263,0.4778932428516994,0.033891652471226885
standard,1000,DK2 0AC,offwind-dc,0.5144960309642963,0.480118200249393,0.0343778307149033
standard,1000,DK2 0AC,offwind-dc,0.5159502488799529,0.48306627700863963,0.032883971871313256
standard,1000,DK2 0AC,offwind-dc,0.523123857601022,0.4939902989617572,0.029133558639264756
standard,1000,DK2 0AC,offwind-dc,0.5230734659059687,0.4802208797319476,0.0428525861740211
standard,1000,DK2 0AC,offwind-dc,0.5159173864616027,0.47790397394354445,0.03801341251805823
standard,1000,DK2 0AC,offwind-dc,0.5292622819901567,0.5041777333062929,0.025084548683863783
standard,1000,DK2 0AC,offwind-dc,0.5238258435539559,0.48238128948046377,0.041444554073492124
standard,1000,DK2 0AC,offwind-dc,0.5187373983528243,0.4868035792767208,0.03193381907610349
standard,1000,DK2 0AC,offwind-dc,0.5249179115115983,0.4969414217560717,0.02797648975552658
standard,1000,DK2 0AC,offwind-dc,0.5320429118618195,0.508276900390066,0.0237660114717535
standard,1000,DK2 0AC,offwind-dc,0.5242593975933644,0.49428351930061176,0.02997587829275261
standard,1000,DK2 0AC,offwind-dc,0.519331064990477,0.486499136802512,0.03283192818796499
standard,1000,DK2 0AC,offwind-dc,0.5213598046652029,0.4886801386576523,0.03267966600755062
standard,1000,DK2 0AC,offwind-dc,0.5282018844406562,0.5001735646194565,0.028028319821199688
standard,1000,DK2 0AC,offwind-dc,0.5374959587878204,0.5168393269763496,0.020656631811470816
standard,1000,DK2 0AC,offwind-dc,0.5235437196674114,0.48347227611900173,0.04007144354840969
standard,1000,DK2 0AC,offwind-dc,0.5334249469615783,0.5079755503202512,0.02544939664132706
standard,1000,DK2 0AC,offwind-dc,0.5485601406910112,0.5474871361968928,0.0010730044941184014
standard,1000,DK2 0AC,offwind-dc,0.5416501472738283,0.5238943309126519,0.017755816361176402
standard,1000,DK2 0AC,offwind-dc,0.5269324893430739,0.49429703550586407,0.03263545383720984
standard,1000,DK2 0AC,offwind-dc,0.5336083421327229,0.5050007359867842,0.028607606145938713
standard,1000,DK2 0AC,offwind-dc,0.5381398182740258,0.5171268302250154,0.021012988049010417
standard,1000,DK2 0AC,offwind-dc,0.549943519772886,0.549070205062392,0.0008733147104940109
standard,1000,DK2 0AC,offwind-dc,0.5264737699244622,0.4945933951356079,0.03188037478885425
standard,1000,DK2 0AC,offwind-dc,0.5307270537122166,0.49970444317340357,0.031022610538813056
standard,1000,DK2 0AC,offwind-dc,0.5253681970912097,0.49378751356009626,0.031580683531113485
standard,1000,DK2 0AC,offwind-dc,0.5498440961735169,0.5483776214513001,0.0014664747222168373
standard,1000,DK2 0AC,offwind-dc,0.5385021356237315,0.5169105484277504,0.021591587195981088
standard,1000,DK2 0AC,offwind-dc,0.5444130127943085,0.5254402512260538,0.01897276156825478
standard,1000,DK2 0AC,offwind-dc,0.5252930512690529,0.5029311476508557,0.022361903618197232
standard,1000,FR2 0AC,offwind-dc,0.5185203967085338,0.5185203967085332,5.551115123125783e-16
standard,1000,FR2 0AC,offwind-dc,0.5049308901960599,0.49748706584492786,0.007443824351132
standard,1000,GB1 0AC,offwind-dc,0.48076718422834974,0.4749564467247016,0.0058107375036481335
standard,1000,GB1 0AC,offwind-dc,0.49650091336358654,0.493236323930928,0.00326458943265856
standard,1000,GB1 0AC,offwind-dc,0.4935710048848384,0.48963764952916955,0.003933355355668855
standard,1000,GB1 0AC,offwind-dc,0.506608940242898,0.5033028877477831,0.003306052495114953
standard,1000,GB1 0AC,offwind-dc,0.4999881682591251,0.47266161866607653,0.027326549593048588
standard,1000,GB1 0AC,offwind-dc,0.5025725958267392,0.48021897229833815,0.022353623528401034
standard,1000,GB1 0AC,offwind-dc,0.5023578304012816,0.47683270142989187,0.0255251289713897
standard,1000,GB1 0AC,offwind-dc,0.5080846030583952,0.4854385800113902,0.022646023047005026
standard,1000,GB1 0AC,offwind-dc,0.5092575213364798,0.48537093991388536,0.023886581422594477
standard,1000,GB1 0AC,offwind-dc,0.5083080764712693,0.5059340857396545,0.0023739907316148168
standard,1000,GB1 0AC,offwind-dc,0.5107671793055649,0.48806475559313217,0.02270242371243275
standard,1000,GB1 0AC,offwind-dc,0.5068799838786167,0.48283981819183774,0.024040165686778914
standard,1000,GB1 0AC,offwind-dc,0.5108532030771408,0.5080493579005139,0.002803845176626907
standard,1000,GB1 0AC,offwind-dc,0.513022643790401,0.4892203386891048,0.02380230510129616
standard,1000,GB1 0AC,offwind-dc,0.5134414348063779,0.49128770865683985,0.02215372614953809
standard,1000,GB1 0AC,offwind-dc,0.5121684890187197,0.4892633257899123,0.022905163228807424
standard,1000,GB1 0AC,offwind-dc,0.5032114499966688,0.47715921480021345,0.02605223519645533
standard,1000,GB1 0AC,offwind-dc,0.5080749984795475,0.5039508200470469,0.004124178432500569
standard,1000,GB1 0AC,offwind-dc,0.512745178954429,0.4901996068203095,0.02254557213411945
standard,1000,GB1 0AC,offwind-dc,0.5090497198098688,0.47553540522967663,0.03351431458019216
standard,1000,GB1 0AC,offwind-dc,0.510135431193273,0.5031718560071803,0.0069635751860926964
standard,1000,GB1 0AC,offwind-dc,0.5159298953869877,0.49954282565927033,0.016387069727717418
standard,1000,GB1 0AC,offwind-dc,0.5099820756752281,0.4726511587340121,0.03733091694121604
standard,1000,GB1 0AC,offwind-dc,0.51250651286367,0.4904059312081915,0.022100581655478513
standard,1000,GB1 0AC,offwind-dc,0.5069796707870425,0.501690451663803,0.005289219123239541
standard,1000,GB1 0AC,offwind-dc,0.5013291505954292,0.46881320118923997,0.03251594940618918
standard,1000,GB1 0AC,offwind-dc,0.5244709763680675,0.5184686346551041,0.006002341712963433
standard,1000,GB1 0AC,offwind-dc,0.5118196562099423,0.48809033990441625,0.02372931630552605
standard,1000,GB1 0AC,offwind-dc,0.5251796599170974,0.51845022631718,0.0067294335999174
standard,1000,GB1 0AC,offwind-dc,0.5108123125380014,0.47312125906355,0.0376910534744514
standard,1000,GB1 0AC,offwind-dc,0.5120703409390571,0.48948170768177784,0.022588633257279278
standard,1000,GB1 0AC,offwind-dc,0.5108548493096902,0.4876093638000778,0.023245485509612362
standard,1000,GB1 0AC,offwind-dc,0.507627504599349,0.4703613096605215,0.037266194938827546
standard,1000,GB1 0AC,offwind-dc,0.5158839082169585,0.48925595713931674,0.026627951077641765
standard,1000,GB1 0AC,offwind-dc,0.5300954644499736,0.5104698949737341,0.0196255694762395
standard,1000,GB1 0AC,offwind-dc,0.5059148812542208,0.5019430683529837,0.0039718129012370484
standard,1000,GB1 0AC,offwind-dc,0.5285128500705016,0.5133160888995824,0.015196761170919282
standard,1000,GB1 0AC,offwind-dc,0.5181090824235257,0.5034874372560567,0.014621645167469
standard,1000,GB1 0AC,offwind-dc,0.5094605561785902,0.48428725189289157,0.02517330428569864
standard,1000,GB1 0AC,offwind-dc,0.5061677659577286,0.4706927482942804,0.03547501766344818
standard,1000,GB1 0AC,offwind-dc,0.5061749446559475,0.46890121495309767,0.03727372970284981
standard,1000,GB1 0AC,offwind-dc,0.5137419294871705,0.4841973934956367,0.029544535991533782
standard,1000,GB1 0AC,offwind-dc,0.5209817654439407,0.5143102295027323,0.006671535941208395
standard,1000,GB1 0AC,offwind-dc,0.528466344477932,0.5169421241445614,0.011524220333370527
standard,1000,GB1 0AC,offwind-dc,0.5124457403364572,0.48911918154040646,0.023326558796050723
standard,1000,GB1 0AC,offwind-dc,0.5076719734631043,0.4821803388533186,0.025491634609785707
standard,1000,GB1 0AC,offwind-dc,0.5280372188390905,0.5209543754847894,0.007082843354301094
standard,1000,GB1 0AC,offwind-dc,0.5174745039384866,0.5137833673496673,0.003691136588819255
standard,1000,GB1 0AC,offwind-dc,0.5148968079096445,0.49262504718228683,0.022271760727357703
standard,1000,GB1 0AC,offwind-dc,0.5230831432055899,0.5196524338771805,0.003430709328409387
standard,1000,GB1 0AC,offwind-dc,0.5179943139534059,0.5149565497385129,0.0030377642148929906
standard,1000,GB1 0AC,offwind-dc,0.5061855908881184,0.47173554871959145,0.034450042168526984
standard,1000,GB1 0AC,offwind-dc,0.5070682669285153,0.5038879632708043,0.0031803036577109367
standard,1000,GB4 0AC,offwind-dc,0.5250631657644822,0.45072209242844513,0.07434107333603707
standard,1000,GB4 0AC,offwind-dc,0.5222887019426248,0.4747978412630385,0.0474908606795863
standard,1000,GB4 0AC,offwind-dc,0.5117215489980113,0.4310012494216933,0.08072029957631793
standard,1000,GB4 0AC,offwind-dc,0.5229101802598203,0.5135176101769129,0.009392570082907392
standard,1000,NL2 0AC,offwind-dc,0.5065160797269097,0.5022306720367936,0.004285407690116094
standard,1000,NL2 0AC,offwind-dc,0.5281126441507802,0.5278974383478761,0.00021520580290412816
standard,1000,NL2 0AC,offwind-dc,0.5126677112498295,0.510134408065913,0.0025333031839164244
standard,1000,NL2 0AC,offwind-dc,0.5070455109440061,0.5069496265501277,9.58843938784204e-05
standard,1000,NL2 0AC,offwind-dc,0.5056308755654215,0.5004951316275186,0.005135743937902948
standard,1000,NL2 0AC,offwind-dc,0.504885541376122,0.4998304550364686,0.005055086339653347
standard,1000,NL2 0AC,offwind-dc,0.5244389345574506,0.5243717374803312,6.719707711944078e-05
standard,1000,NL2 0AC,offwind-dc,0.5065300686940136,0.5015839238299838,0.004946144864029778
standard,1000,NL2 0AC,offwind-dc,0.5296321224223458,0.529514032904618,0.00011808951772784848
standard,1000,NL2 0AC,offwind-dc,0.5221795515901095,0.5220973796430868,8.217194702275776e-05
standard,1000,NL2 0AC,offwind-dc,0.5150521881340453,0.5127467705690436,0.0023054175650016884
standard,1000,NL2 0AC,offwind-dc,0.5194123577962952,0.5193864210836534,2.593671264183861e-05
standard,1000,NL2 0AC,offwind-dc,0.5082031965712926,0.5031379514726876,0.0050652450986050646
standard,1000,NL2 0AC,offwind-dc,0.5139899721836607,0.5111326137541357,0.0028573584295250587
standard,1000,NL2 0AC,offwind-dc,0.5055445136147981,0.5002565295904086,0.005287984024389569
standard,1000,NL2 0AC,offwind-dc,0.5245258338654991,0.5244814517911561,4.438207434298569e-05
standard,1000,NL2 0AC,offwind-dc,0.5179332763594541,0.5168022969696932,0.0011309793897609222
standard,1000,NL2 0AC,offwind-dc,0.5048528667292097,0.5009478291389524,0.0039050375902572876
standard,1000,NL2 0AC,offwind-dc,0.5231059263985206,0.5229791310221662,0.00012679537635440497
standard,1000,NL2 0AC,offwind-dc,0.5141546711015856,0.5110857072309091,0.0030689638706765665
standard,1000,NL2 0AC,offwind-dc,0.5194416621686232,0.5194085575309849,3.310463763828153e-05
standard,1000,NL2 0AC,offwind-dc,0.5061758159453372,0.5010178719447261,0.005157944000611092
standard,1000,NL2 0AC,offwind-dc,0.5068038523468255,0.5038376104923209,0.002966241854504559
standard,1000,NL2 0AC,offwind-dc,0.5165223801718017,0.5140814775001546,0.002440902671647094
standard,1000,NL2 0AC,offwind-dc,0.5089143022101298,0.502637473487021,0.006276828723108752
standard,1000,NL2 0AC,offwind-dc,0.5126162976582007,0.5081135283993783,0.0045027692588224255
standard,1000,NL2 0AC,offwind-dc,0.5059211855481648,0.501216506425963,0.004704679122201738
standard,1000,NL2 0AC,offwind-dc,0.5161569045468206,0.5129457189838136,0.003211185563007035
standard,1000,NL2 0AC,offwind-dc,0.5092162281458491,0.5039087550154834,0.005307473130365725
standard,1000,NL2 0AC,offwind-dc,0.5082040266352245,0.5050192391882126,0.003184787447011894
standard,1000,NL2 0AC,offwind-dc,0.5088518547663845,0.5064542702200486,0.0023975845463358736
standard,1000,NL2 0AC,offwind-dc,0.5159968248198559,0.5134127596924346,0.0025840651274212645
standard,1000,NL2 0AC,offwind-dc,0.5142154962400691,0.5097602362498822,0.004455259990186922
standard,1000,NL2 0AC,offwind-dc,0.5097261726104243,0.5057980581190727,0.003928114491351553
standard,1000,NL2 0AC,offwind-dc,0.515571097422877,0.5125829859217984,0.002988111501078583
standard,1000,NL2 0AC,offwind-dc,0.510421961031616,0.508479536913899,0.0019424241177169455
standard,1000,NL2 0AC,offwind-dc,0.5124472649455626,0.5089287719301177,0.0035184930154449345
standard,1000,NL2 0AC,offwind-dc,0.5144888822830982,0.5105378607259742,0.003951021557124013
standard,1000,NL2 0AC,offwind-dc,0.5123016064266719,0.509423604808413,0.0028780016182589074
standard,1000,NL2 0AC,offwind-dc,0.5147150597945732,0.5105401942263745,0.004174865568198682
standard,1000,NL2 0AC,offwind-dc,0.5119856151465845,0.5103514887786571,0.0016341263679273688
standard,1000,NL2 0AC,offwind-dc,0.5140413246361001,0.5106569299711903,0.0033843946649098067
standard,1000,NL2 0AC,offwind-dc,0.518896275427983,0.5188732422291534,2.3033198829569557e-05
standard,1000,NL2 0AC,offwind-dc,0.5158280652525753,0.5132277199785173,0.002600345274057947
standard,1000,NL2 0AC,offwind-dc,0.5153519077130786,0.5137620779206697,0.0015898297924088478
standard,1000,NL2 0AC,offwind-dc,0.5145481465247256,0.5081961280793165,0.006352018445409113
standard,1000,NL2 0AC,offwind-dc,0.5178091749966541,0.5177715459182849,3.762907836923901e-05
standard,1000,NL2 0AC,offwind-dc,0.5176951986153863,0.5160764945957023,0.001618704019684003
standard,1000,NL2 0AC,offwind-dc,0.518208430354891,0.5166173595759377,0.001591070778953263
standard,1000,NL2 0AC,offwind-dc,0.5188278044230423,0.5188028634022144,2.494102082795102e-05
standard,1000,NO0 0AC,offwind-dc,0.5086546346931352,0.49453772130405105,0.014116913389084162
standard,1000,NO0 0AC,offwind-dc,0.518561092367532,0.5095023632034066,0.009058729164125423
standard,1000,NO0 0AC,offwind-dc,0.5363891938752644,0.5363891938752637,6.661338147750939e-16
standard,1000,NO0 0AC,offwind-dc,0.5425989551419529,0.542598955141953,0.0
standard,1000,NO0 0AC,offwind-dc,0.5360520973009033,0.5353319387857685,0.00072015851513485
glaum,1000,BE2 0AC,offwind-ac,0.512236745837472,0.5122365176435547,2.2819391731765393e-07
glaum,1000,BE2 0AC,offwind-ac,0.5067433369308652,0.5067433280492499,8.881615221056904e-09
glaum,1000,DE2 0AC,offwind-ac,0.5309305573719549,0.5309294726473195,1.0847246354472873e-06
glaum,1000,DE2 0AC,offwind-ac,0.4657108893821194,0.45158903305225706,0.014121856329862348
glaum,1000,DE2 0AC,offwind-ac,0.49447088983690946,0.4944703105399994,5.792969100526513e-07
glaum,1000,DE2 0AC,offwind-ac,0.5172863391091688,0.5172851100333201,1.2290758486521725e-06
glaum,1000,DE2 0AC,offwind-ac,0.5013960366821844,0.5013959952272958,4.145488852191903e-08
glaum,1000,DE2 0AC,offwind-ac,0.4693253261463459,0.4575679510615195,0.011757375084826438
glaum,1000,DE2 0AC,offwind-ac,0.3929560204150032,0.3567128331261312,0.03624318728887199
glaum,1000,DE2 0AC,offwind-ac,0.4753366987928861,0.465234035679963,0.010102663112923072
glaum,1000,DK2 0AC,offwind-ac,0.5124168502281918,0.4914554090472397,0.02096144118095211
glaum,1000,DK2 0AC,offwind-ac,0.5283404757641722,0.5266266308543264,0.0017138449098458297
glaum,1000,DK2 0AC,offwind-ac,0.533709331423215,0.530663977355559,0.0030453540676559365
glaum,1000,DK2 0AC,offwind-ac,0.5129566521146751,0.5023312594639984,0.010625392650676746
glaum,1000,DK2 0AC,offwind-ac,0.5066842301111901,0.477822235695774,0.028861994415416148
glaum,1000,DK2 0AC,offwind-ac,0.46723565231681347,0.41127820205615234,0.055957450260661123
glaum,1000,DK2 0AC,offwind-ac,0.5174986023143716,0.5114657693561757,0.0060328329581958995
glaum,1000,DK2 0AC,offwind-ac,0.462485160387319,0.4001425348753967,0.06234262551192232
glaum,1000,DK2 0AC,offwind-ac,0.515344489650024,0.49735610510069683,0.017988384549327163
glaum,1000,DK2 0AC,offwind-ac,0.4281254493576748,0.3658123814956277,0.0623130678620471
glaum,1000,DK2 0AC,offwind-ac,0.504506685518926,0.4887742822548277,0.01573240326409825
glaum,1000,DK2 0AC,offwind-ac,0.5080383883966354,0.49374391854081284,0.014294469855822556
glaum,1000,DK2 0AC,offwind-ac,0.4608009792636797,0.413719567353199,0.04708141191048071
glaum,1000,DK2 0AC,offwind-ac,0.5108003858365846,0.49401743241475354,0.01678295342183106
glaum,1000,DK2 0AC,offwind-ac,0.5138383478200887,0.5111797593347133,0.0026585884853754793
glaum,1000,GB1 0AC,offwind-ac,0.3284633545790648,0.26058224301813,0.06788111156093479
glaum,1000,GB1 0AC,offwind-ac,0.35584474852701453,0.2953707047654047,0.06047404376160981
glaum,1000,GB1 0AC,offwind-ac,0.48621302331972177,0.48218418059535906,0.004028842724362713
glaum,1000,GB1 0AC,offwind-ac,0.41034337529724313,0.3624796285331836,0.04786374676405952
glaum,1000,GB1 0AC,offwind-ac,0.4390447618298576,0.4340605036031776,0.004984258226679972
glaum,1000,GB1 0AC,offwind-ac,0.39016270811944337,0.33853712349797194,0.05162558462147143
glaum,1000,GB1 0AC,offwind-ac,0.4435070676710021,0.4379583597476151,0.00554870792338702
glaum,1000,GB1 0AC,offwind-ac,0.4277441110183986,0.42217514069030726,0.005568970328091338
glaum,1000,GB1 0AC,offwind-ac,0.40433100753545725,0.34903835317564985,0.0552926543598074
glaum,1000,GB1 0AC,offwind-ac,0.4517812168027482,0.440457260068505,0.01132395673424319
glaum,1000,GB1 0AC,offwind-ac,0.46329358605177406,0.425013209258809,0.03828037679296509
glaum,1000,GB1 0AC,offwind-ac,0.4715188942286394,0.4676101747015281,0.003908719527111304
glaum,1000,GB1 0AC,offwind-ac,0.4611517567438512,0.45350073335964436,0.0076510233842068676
glaum,1000,GB1 0AC,offwind-ac,0.4224695939860916,0.35693205906559755,0.06553753492049402
glaum,1000,GB1 0AC,offwind-ac,0.47183241588794256,0.466983819972778,0.004848595915164566
glaum,1000,GB1 0AC,offwind-ac,0.42717197065176876,0.366408546470906,0.06076342418086278
glaum,1000,GB1 0AC,offwind-ac,0.3800836699508623,0.30733868861201596,0.07274498133884633
glaum,1000,GB1 0AC,offwind-ac,0.4699442849226384,0.4641401951382756,0.005804089784362809
glaum,1000,GB1 0AC,offwind-ac,0.4849919851395137,0.47720284898923415,0.007789136150279541
glaum,1000,GB1 0AC,offwind-ac,0.502459691436035,0.49604066967290206,0.006419021763132915
glaum,1000,GB1 0AC,offwind-ac,0.46160393274818257,0.44416311856646745,0.017440814181715114
glaum,1000,GB1 0AC,offwind-ac,0.49704217076776164,0.4894188129370025,0.007623357830759125
glaum,1000,GB1 0AC,offwind-ac,0.5037816777279168,0.48337797764092827,0.020403700086988552
glaum,1000,GB1 0AC,offwind-ac,0.4785785447113395,0.466639865547899,0.011938679163440491
glaum,1000,GB1 0AC,offwind-ac,0.47947392140502926,0.4658337175942736,0.013640203810755647
glaum,1000,GB1 0AC,offwind-ac,0.5147274705056777,0.48664119754759116,0.028086272958086522
glaum,1000,GB1 0AC,offwind-ac,0.49971229007664364,0.4864495234643564,0.013262766612287258
glaum,1000,GB1 0AC,offwind-ac,0.5250231155818402,0.49568459116807984,0.029338524413760392
glaum,1000,GB1 0AC,offwind-ac,0.5145819319618793,0.5036400344230754,0.010941897538803924
glaum,1000,GB1 0AC,offwind-ac,0.5197528637061872,0.4873428391341025,0.03241002457208475
glaum,1000,GB1 0AC,offwind-ac,0.5255016117723935,0.49655852405338946,0.028943087719004057
glaum,1000,GB4 0AC,offwind-ac,0.517884355582468,0.45630662443511116,0.06157773114735687
glaum,1000,GB4 0AC,offwind-ac,0.517884355582468,0.4587317584683196,0.05915259711414844
glaum,1000,GB4 0AC,offwind-ac,0.5413228294561424,0.47384203653056944,0.06748079292557296
glaum,1000,GB4 0AC,offwind-ac,0.5436961695736965,0.5119009204339017,0.03179524913979481
glaum,1000,GB4 0AC,offwind-ac,0.5413228294561424,0.47717955131377643,0.06414327814236598
glaum,1000,NL2 0AC,offwind-ac,0.5096396092560442,0.5095536204491365,8.598880690768862e-05
glaum,1000,NL2 0AC,offwind-ac,0.392539103889764,0.34296136287908885,0.049577741010675136
glaum,1000,NL2 0AC,offwind-ac,0.5160523035030674,0.5159342579187703,0.00011804558429706624
glaum,1000,NL2 0AC,offwind-ac,0.5178653232454713,0.5177721910380758,9.313220739548544e-05
glaum,1000,NL2 0AC,offwind-ac,0.518669428610984,0.518565874965223,0.0001035536457609787
glaum,1000,NL2 0AC,offwind-ac,0.49486597925027737,0.4948294467108925,3.653253938484813e-05
glaum,1000,NL2 0AC,offwind-ac,0.5191200449956831,0.5188924606173124,0.00022758437837067103
glaum,1000,NL2 0AC,offwind-ac,0.494253246465505,0.4942270999462679,2.6146519237102428e-05
glaum,1000,NL2 0AC,offwind-ac,0.49459662615989425,0.4935227508326467,0.0010738753272475643
glaum,1000,NL2 0AC,offwind-ac,0.5144837254135267,0.5144096129897657,7.411242376098581e-05
glaum,1000,NL2 0AC,offwind-ac,0.5050295567619376,0.5040234085292562,0.0010061482326814142
glaum,1000,NL2 0AC,offwind-ac,0.4101930425846829,0.356747378398882,0.053445664185800934
glaum,1000,NL2 0AC,offwind-ac,0.5170921868680994,0.5165716606575509,0.0005205262105485442
glaum,1000,NL2 0AC,offwind-ac,0.5201797756790256,0.5199927436542713,0.0001870320247543411
glaum,1000,NO0 0AC,offwind-ac,0.30873156199768936,0.243151065747317,0.06558049625037235
glaum,1000,NO0 0AC,offwind-ac,0.2882627857823344,0.22162066721574064,0.06664211856659374
glaum,1000,NO0 0AC,offwind-ac,0.2848924890095906,0.22942908372559664,0.05546340528399393
glaum,1000,NO0 0AC,offwind-ac,0.2882627857823344,0.22469552300966805,0.06356726277266633
glaum,1000,NO0 0AC,offwind-ac,0.41866996834334447,0.38296801862189694,0.03570194972144752
glaum,1000,NO0 0AC,offwind-ac,0.3941296742657722,0.3354393431751427,0.058690331090629544
glaum,1000,NO0 0AC,offwind-ac,0.262750975971043,0.20740408636456392,0.0553468896064791
glaum,1000,NO0 0AC,offwind-ac,0.32322898460049376,0.26819805081380943,0.05503093378668433
glaum,1000,NO0 0AC,offwind-ac,0.23532333115409768,0.1764528323195002,0.05887049883459747
glaum,1000,NO0 0AC,offwind-ac,0.3720745580126644,0.32470478300775024,0.04736977500491418
glaum,1000,NO0 0AC,offwind-ac,0.3484668589360447,0.29841774723785447,0.05004911169819021
glaum,1000,NO0 0AC,offwind-ac,0.32052436862622335,0.26717951798954054,0.05334485063668282
glaum,1000,DE2 0AC,offwind-float,0.5104417076053896,0.39892095133256233,0.11152075627282731
glaum,1000,DK2 0AC,offwind-float,0.5169855734802441,0.40688581882955793,0.11009975465068617
glaum,1000,DK2 0AC,offwind-float,0.518759179094424,0.4103229054743212,0.10843627362010283
glaum,1000,DK2 0AC,offwind-float,0.5278823063395114,0.41963684051923933,0.10824546582027206
glaum,1000,DK2 0AC,offwind-float,0.522216376644824,0.4129438692336973,0.10927250741112671
glaum,1000,DK2 0AC,offwind-float,0.5564309422957846,0.45636964888031284,0.10006129341547176
glaum,1000,DK2 0AC,offwind-float,0.5594163115871553,0.457046787563709,0.10236952402344635
glaum,1000,DK2 0AC,offwind-float,0.5332841162134178,0.43389670408435665,0.0993874121290611
glaum,1000,DK2 0AC,offwind-float,0.5233358474746947,0.4256836545146415,0.09765219296005323
glaum,1000,DK2 0AC,offwind-float,0.5153825565249953,0.41717053342873367,0.09821202309626165
glaum,1000,GB1 0AC,offwind-float,0.45758607370235416,0.3516425965863759,0.10594347711597824
glaum,1000,GB1 0AC,offwind-float,0.5268517845431994,0.42456603746089555,0.10228574708230381
glaum,1000,GB1 0AC,offwind-float,0.5153393166123844,0.41110670356021967,0.10423261305216475
glaum,1000,GB1 0AC,offwind-float,0.46649398570563444,0.34896209290456487,0.11753189280106957
glaum,1000,GB1 0AC,offwind-float,0.46877195222760976,0.361507525278804,0.10726442694880578
glaum,1000,GB1 0AC,offwind-float,0.5064759185020161,0.3957700721114864,0.11070584639052972
glaum,1000,GB1 0AC,offwind-float,0.5312311319623608,0.4298254188032207,0.1014057131591401
glaum,1000,GB1 0AC,offwind-float,0.5039159248580609,0.39597025607537467,0.10794566878268624
glaum,1000,GB1 0AC,offwind-float,0.4894577139375478,0.3747289131770242,0.11472880076052355
glaum,1000,GB1 0AC,offwind-float,0.5183878070144361,0.40897847643484847,0.10940933057958763
glaum,1000,GB1 0AC,offwind-float,0.45670809565268927,0.3371700336465661,0.11953806200612316
glaum,1000,GB1 0AC,offwind-float,0.4897056455281311,0.37229998837092787,0.11740565715720325
glaum,1000,GB1 0AC,offwind-float,0.48745286288644774,0.3717970390319046,0.11565582385454315
glaum,1000,GB1 0AC,offwind-float,0.49111162668969627,0.37448463787866004,0.11662698881103623
glaum,1000,GB1 0AC,offwind-float,0.5203249236250789,0.40039264373102706,0.11993227989405181
glaum,1000,GB1 0AC,offwind-float,0.5218762856239971,0.3746304549702261,0.147245830653771
glaum,1000,GB1 0AC,offwind-float,0.5164852869113794,0.3660674077142854,0.15041787919709398
glaum,1000,GB4 0AC,offwind-float,0.49416977339144086,0.3550399842169542,0.13912978917448665
glaum,1000,GB4 0AC,offwind-float,0.5372187782977086,0.36748052775539664,0.16973825054231195
glaum,1000,GB4 0AC,offwind-float,0.5159121498784257,0.3788318293877901,0.13708032049063562
glaum,1000,GB4 0AC,offwind-float,0.5395045891305796,0.40732835843482074,0.1321762306957589
glaum,1000,GB4 0AC,offwind-float,0.5391721853437387,0.406667262325036,0.13250492301870265
glaum,1000,GB4 0AC,offwind-float,0.5268416043824827,0.39730310403726604,0.1295385003452167
glaum,1000,NL2 0AC,offwind-float,0.5181350153764653,0.40124484846746084,0.1168901669090045
glaum,1000,NL2 0AC,offwind-float,0.4101930425846829,0.2873357921422855,0.12285725044239743
glaum,1000,NO0 0AC,offwind-float,0.2718965310384007,0.18532408830159192,0.08657244273680881
glaum,1000,NO0 0AC,offwind-float,0.3251164927786477,0.22900882544908768,0.09610766732956
glaum,1000,NO0 0AC,offwind-float,0.3135151506673978,0.21948178774019744,0.09403336292720038
glaum,1000,NO0 0AC,offwind-float,0.4654358087979797,0.3786009421596612,0.08683486663831846
glaum,1000,NO0 0AC,offwind-float,0.5237637546967506,0.440725234503501,0.08303852019324964
glaum,1000,NO0 0AC,offwind-float,0.5336715176380685,0.4512539814084697,0.08241753622959885
glaum,1000,NO0 0AC,offwind-float,0.4810491259346403,0.39445065638096494,0.08659846955367534
glaum,1000,NO0 0AC,offwind-float,0.46196795509043403,0.3751875625538294,0.08678039253660463
glaum,1000,NO0 0AC,offwind-float,0.5325035726262151,0.4494505591863662,0.08305301343984883
glaum,1000,NO0 0AC,offwind-float,0.5316432017268493,0.4483166370448527,0.08332656468199662
glaum,1000,NO0 0AC,offwind-float,0.45622194045750275,0.3650305305136759,0.09119140994382685
glaum,1000,NO0 0AC,offwind-float,0.48866503677781975,0.40293547611591196,0.08572956066190779
glaum,1000,NO0 0AC,offwind-float,0.516306022448338,0.43057361317630427,0.08573240927203374
glaum,1000,NO0 0AC,offwind-float,0.43566609853473004,0.33135737480379623,0.1043087237309338
glaum,1000,NO0 0AC,offwind-float,0.5446038134150086,0.4636200328913619,0.08098378052364674
glaum,1000,NO0 0AC,offwind-float,0.45483226285452305,0.36305846807659437,0.09177379477792869
glaum,1000,NO0 0AC,offwind-float,0.38422984880396605,0.29874755957167526,0.08548228923229079
glaum,1000,NO0 0AC,offwind-float,0.3700424229849977,0.2849155711270546,0.08512685185794305
glaum,1000,NO0 0AC,offwind-float,0.5314371399720168,0.44873718268329676,0.08269995728872004
glaum,1000,NO0 0AC,offwind-float,0.5531977275947125,0.4733501885914133,0.07984753900329922
glaum,1000,NO0 0AC,offwind-float,0.5457621338257874,0.46507888339263587,0.08068325043315155
glaum,1000,NO0 0AC,offwind-float,0.38821804114050773,0.30167997270642916,0.08653806843407857
glaum,1000,NO0 0AC,offwind-float,0.2882627857823344,0.19402882622013057,0.09423395956220382
glaum,1000,NO0 0AC,offwind-float,0.506993571851872,0.42040724398383356,0.08658632786803844
glaum,1000,NO0 0AC,offwind-float,0.5399434239314683,0.4575225694942256,0.08242085443724273
glaum,1000,NO0 0AC,offwind-float,0.16885802060468189,0.10859136419747015,0.06026665640721174
glaum,1000,NO0 0AC,offwind-float,0.11113728789109796,0.06515161405264475,0.045985673838453214
glaum,1000,NO0 0AC,offwind-float,0.09220439245893336,0.05274749302979874,0.03945689942913462
glaum,1000,NO0 0AC,offwind-float,0.2882627857823344,0.19761871713973217,0.09064406864260222
glaum,1000,NO0 0AC,offwind-float,0.44396153284398604,0.3562763707673076,0.08768516207667842
glaum,1000,NO0 0AC,offwind-float,0.5386166284583338,0.4566261895114761,0.0819904389468577
glaum,1000,NO0 0AC,offwind-float,0.5531494112331321,0.47241077318259816,0.08073863805053394
glaum,1000,NO0 0AC,offwind-float,0.5597611185928874,0.48047035367293467,0.07929076491995268
glaum,1000,NO0 0AC,offwind-float,0.554894077371373,0.47556502318756516,0.07932905418380781
glaum,1000,NO0 0AC,offwind-float,0.5195917643771828,0.4348277060105396,0.08476405836664319
glaum,1000,NO0 0AC,offwind-float,0.03815810428065865,0.02084086897207177,0.01731723530858688
glaum,1000,NO0 0AC,offwind-float,0.07741876913508446,0.04382901357773297,0.03358975555735148
glaum,1000,NO0 0AC,offwind-float,0.09645646161149725,0.05613012269348425,0.040326338918013
glaum,1000,NO0 0AC,offwind-float,0.10005312102568209,0.0584327837575066,0.04162033726817549
glaum,1000,NO0 0AC,offwind-float,0.11113728789109796,0.06524626452762995,0.04589102336346801
glaum,1000,NO0 0AC,offwind-float,0.558326803722221,0.4798425177017533,0.0784842860204677
glaum,1000,NO0 0AC,offwind-float,0.5309596825995686,0.4457443118008932,0.08521537079867542
glaum,1000,NO0 0AC,offwind-float,0.5644535237912708,0.48537418736634336,0.07907933642492743
glaum,1000,NO0 0AC,offwind-float,0.49978254263172395,0.41029874681611844,0.0894837958156055
glaum,1000,NO0 0AC,offwind-float,0.5231612291787928,0.43943606732531304,0.08372516185347978
glaum,1000,NO0 0AC,offwind-float,0.5658464167534724,0.4873205029810036,0.07852591377246876
glaum,1000,NO0 0AC,offwind-float,0.5627451632786767,0.48415375255745313,0.07859141072122361
glaum,1000,NO0 0AC,offwind-float,0.5669101566445688,0.4882457749784571,0.07866438166611167
glaum,1000,NO0 0AC,offwind-float,0.5002847793113662,0.4091395902417707,0.09114518906959546
glaum,1000,NO0 0AC,offwind-float,0.01857110901845512,0.009643456352234198,0.008927652666220923
glaum,1000,NO0 0AC,offwind-float,0.5663196808590149,0.4883820163793227,0.07793766447969214
glaum,1000,NO0 0AC,offwind-float,0.5560413870303315,0.4765829399074642,0.07945844712286726
glaum,1000,NO0 0AC,offwind-float,0.5285753122942805,0.44603679719899947,0.08253851509528098
glaum,1000,NO0 0AC,offwind-float,0.5683400329271419,0.49058510061780886,0.077754932309333
glaum,1000,NO0 0AC,offwind-float,0.523562193875254,0.4378937303446168,0.08566846353063723
glaum,1000,NO0 0AC,offwind-float,0.5606103113738841,0.48150477356747917,0.07910553780640489
glaum,1000,NO0 0AC,offwind-float,0.5293040305649565,0.44485318121296624,0.08445084935199021
glaum,1000,NO0 0AC,offwind-float,0.5464029174548807,0.4643986161720768,0.0820043012828039
glaum,1000,NO0 0AC,offwind-float,0.4942062045556741,0.40816962784606675,0.08603657670960735
glaum,1000,NO0 0AC,offwind-float,0.46349229579259993,0.3771600866604379,0.08633220913216205
glaum,1000,NO0 0AC,offwind-float,0.4492120680350428,0.3593757458451911,0.08983632218985171
glaum,1000,NO0 0AC,offwind-float,0.38840886140737335,0.2787693520128363,0.10963950939453704
glaum,1000,NO0 0AC,offwind-float,0.5125868135573304,0.42828752863051267,0.08429928492681771
glaum,1000,NO0 0AC,offwind-float,0.5058405755085137,0.4213785559940211,0.08446201951449261
glaum,1000,NO0 0AC,offwind-float,0.5016054066268913,0.41613292996940093,0.08547247665749041
glaum,1000,NO0 0AC,offwind-float,0.4637955013903194,0.3736649879032083,0.0901305134871111
glaum,1000,NO0 0AC,offwind-float,0.4541219331329577,0.3450864175801075,0.10903551555285018
glaum,1000,BE2 0AC,offwind-dc,0.5395952279217195,0.530999678879487,0.008595549042232586
glaum,1000,BE2 0AC,offwind-dc,0.537626933121184,0.5268127637593953,0.010814169361788695
glaum,1000,DE2 0AC,offwind-dc,0.518445121550008,0.5183070425492181,0.00013807900078988133
glaum,1000,DE2 0AC,offwind-dc,0.5265004867276123,0.526317201647658,0.00018328507995424292
glaum,1000,DE2 0AC,offwind-dc,0.5195384630408189,0.5195384128331542,5.020766469243654e-08
glaum,1000,DE2 0AC,offwind-dc,0.5301221500027042,0.5301221418316834,8.171020859926159e-09
glaum,1000,DE2 0AC,offwind-dc,0.5227270234999937,0.5200646452706683,0.0026623782293253573
glaum,1000,DE2 0AC,offwind-dc,0.5242588926650865,0.5235245423095064,0.0007343503555801156
glaum,1000,DE2 0AC,offwind-dc,0.5253534687609491,0.5251285761718147,0.00022489258913438448
glaum,1000,DE2 0AC,offwind-dc,0.5268522970551458,0.5268522901458874,6.909258387644002e-09
glaum,1000,DE2 0AC,offwind-dc,0.527405418056791,0.527405392512321,2.5544469983707074e-08
glaum,1000,DE2 0AC,offwind-dc,0.5295868688356914,0.5295868626558848,6.179806555373091e-09
glaum,1000,DE2 0AC,offwind-dc,0.5298719916389844,0.5293771207061009,0.0004948709328834733
glaum,1000,DE2 0AC,offwind-dc,0.5327727394616942,0.5327727338748487,5.5868455417495966e-09
glaum,1000,DE2 0AC,offwind-dc,0.5322212442306806,0.5322212375755794,6.6551012478655025e-09
glaum,1000,DE2 0AC,offwind-dc,0.5190507277962156,0.509075232045646,0.009975495750569663
glaum,1000,DE2 0AC,offwind-dc,0.5320230232022983,0.5320230093539831,1.3848315272291245e-08
glaum,1000,DE2 0AC,offwind-dc,0.5318538290244718,0.5318538090900093,1.9934462414106235e-08
glaum,1000,DE2 0AC,offwind-dc,0.5276471850991473,0.5276471714430441,1.3656103248216311e-08
glaum,1000,DE2 0AC,offwind-dc,0.5321097043401743,0.5321095956916159,1.0864855848335964e-07
glaum,1000,DE2 0AC,offwind-dc,0.5212501805607458,0.5173921704571932,0.0038580101035525782
glaum,1000,DE2 0AC,offwind-dc,0.527921742501598,0.5270521371406169,0.0008696053609810184
glaum,1000,DE2 0AC,offwind-dc,0.5303503764777636,0.530350323130084,5.334767960718523e-08
glaum,1000,DE2 0AC,offwind-dc,0.5161928940454261,0.5086087966276702,0.007584097417755897
glaum,1000,DE2 0AC,offwind-dc,0.5268420414742493,0.5250921932548466,0.0017498482194027165
glaum,1000,DE2 0AC,offwind-dc,0.5289835507529455,0.528983534303593,1.644935243572121e-08
glaum,1000,DK2 0AC,offwind-dc,0.5251733777212237,0.4873750008349579,0.03779837688626586
glaum,1000,DK2 0AC,offwind-dc,0.5217390291531164,0.48233475001434023,0.0394042791387762
glaum,1000,DK2 0AC,offwind-dc,0.5320805738604496,0.5003095273930261,0.03177104646742346
glaum,1000,DK2 0AC,offwind-dc,0.5281183345455395,0.4921194456952924,0.035998888850247046
glaum,1000,DK2 0AC,offwind-dc,0.5236331057736547,0.4847539978900092,0.038879107883645514
glaum,1000,DK2 0AC,offwind-dc,0.5264070062717702,0.487628924101536,0.03877808217023415
glaum,1000,DK2 0AC,offwind-dc,0.5279223620685207,0.4911970458847861,0.036725316183734646
glaum,1000,DK2 0AC,offwind-dc,0.5351830153707597,0.4964830756419564,0.03869993972880337
glaum,1000,DK2 0AC,offwind-dc,0.5278612672323117,0.48926270375077635,0.0385985634815354
glaum,1000,DK2 0AC,offwind-dc,0.5415151072649148,0.5156705729253044,0.025844534339610425
glaum,1000,DK2 0AC,offwind-dc,0.5359528111348212,0.4987804987270852,0.037172312407736
glaum,1000,DK2 0AC,offwind-dc,0.5307465645484573,0.49612665274192513,0.03461991180653212
glaum,1000,DK2 0AC,offwind-dc,0.5370701612981458,0.5061913534975118,0.03087880780063401
glaum,1000,DK2 0AC,offwind-dc,0.5334296815659785,0.4975119098675907,0.03591777169838778
glaum,1000,DK2 0AC,offwind-dc,0.5356641558652454,0.49936862591408687,0.036295529951158534
glaum,1000,DK2 0AC,offwind-dc,0.5457741411035459,0.519206706655638,0.02656743444790799
glaum,1000,DK2 0AC,offwind-dc,0.5612597261050888,0.5601164336790333,0.0011432924260554866
glaum,1000,DK2 0AC,offwind-dc,0.5391313781420949,0.5062123476144893,0.032919030527605586
glaum,1000,DK2 0AC,offwind-dc,0.5459617820127012,0.5181415830829706,0.027820198929730533
glaum,1000,DK2 0AC,offwind-dc,0.5505981652809344,0.5298292629984211,0.02076890228251327
glaum,1000,DK2 0AC,offwind-dc,0.538662039019269,0.5063314889974977,0.03233055002177132
glaum,1000,DK2 0AC,offwind-dc,0.5430414855381394,0.5138989597073902,0.029142525830749166
glaum,1000,DK2 0AC,offwind-dc,0.5375308713321695,0.5036427982896735,0.03388807304249597
glaum,1000,DK2 0AC,offwind-dc,0.5625734061357497,0.5610319383912518,0.0015414677444979263
glaum,1000,DK2 0AC,offwind-dc,0.5509967922659033,0.5313557975364394,0.0196409947294639
glaum,1000,DK2 0AC,offwind-dc,0.5570165890362999,0.5426660250771347,0.01435056395916523
glaum,1000,DK2 0AC,offwind-dc,0.5374539858269475,0.5197615432309873,0.017692442595960145
glaum,1000,FR2 0AC,offwind-dc,0.530524539150685,0.5305244834502784,5.570040662039588e-08
glaum,1000,FR2 0AC,offwind-dc,0.516620425203422,0.5095602437486167,0.007060181454805248
glaum,1000,GB1 0AC,offwind-dc,0.49189731102302076,0.4871010707254089,0.004796240297611831
glaum,1000,GB1 0AC,offwind-dc,0.5079952879812643,0.503965138845923,0.004030149135341277
glaum,1000,GB1 0AC,offwind-dc,0.5050255576079276,0.49993868125257984,0.005086876355347714
glaum,1000,GB1 0AC,offwind-dc,0.5183373233879907,0.5143208081555252,0.00401651523246549
glaum,1000,GB1 0AC,offwind-dc,0.5115632754859033,0.47317345832244284,0.03838981716346046
glaum,1000,GB1 0AC,offwind-dc,0.5142075345217683,0.4776174834826101,0.03659005103915819
glaum,1000,GB1 0AC,offwind-dc,0.5139877971129996,0.47527039295508106,0.03871740415791852
glaum,1000,GB1 0AC,offwind-dc,0.5253279954088972,0.488945946337745,0.03638204907115217
glaum,1000,GB1 0AC,offwind-dc,0.524025579955912,0.4877937883730687,0.03623179158284334
glaum,1000,GB1 0AC,offwind-dc,0.5148611786527183,0.4742514633017972,0.040609715350921116
glaum,1000,GB1 0AC,offwind-dc,0.519837321990367,0.5146129741596374,0.00522434783072967
glaum,1000,GB1 0AC,offwind-dc,0.5246156207032329,0.48797764662007653,0.03663797408315633
glaum,1000,GB1 0AC,offwind-dc,0.520834608862497,0.4818173516889914,0.03901725717350557
glaum,1000,GB1 0AC,offwind-dc,0.5219454552920443,0.5132464956377578,0.008698959654286464
glaum,1000,GB1 0AC,offwind-dc,0.5278740657488549,0.5096490294883519,0.01822503626050298
glaum,1000,GB1 0AC,offwind-dc,0.5218161954060794,0.47855525552596034,0.04326093988011903
glaum,1000,GB1 0AC,offwind-dc,0.5243714293105423,0.48776201117659973,0.03660941813394253
glaum,1000,GB1 0AC,offwind-dc,0.5187445888433951,0.5133152031078563,0.005429385735538861
glaum,1000,GB1 0AC,offwind-dc,0.5129627636127747,0.4729486194912621,0.04001414412151261
glaum,1000,GB1 0AC,offwind-dc,0.5366128792653521,0.5287343668072513,0.007878512458100784
glaum,1000,GB1 0AC,offwind-dc,0.5236686714017027,0.48690228461213614,0.03676638678956656
glaum,1000,GB1 0AC,offwind-dc,0.537337969378758,0.5288674328620183,0.00847053651673968
glaum,1000,GB1 0AC,offwind-dc,0.5226380069558773,0.4795615992844779,0.043076407671399364
glaum,1000,GB1 0AC,offwind-dc,0.5226815284862556,0.48478069163985676,0.03790083684639883
glaum,1000,GB1 0AC,offwind-dc,0.519379468285726,0.4761895254021147,0.04318994288361133
glaum,1000,GB1 0AC,offwind-dc,0.5278270139407841,0.5047635002192954,0.023063513721488738
glaum,1000,GB1 0AC,offwind-dc,0.5423675785337957,0.5195394992029962,0.022828079330799445
glaum,1000,GB1 0AC,offwind-dc,0.5176271964046573,0.5125442788810698,0.005082917523587471
glaum,1000,GB1 0AC,offwind-dc,0.5407483254250418,0.5238577111233327,0.016890614301709128
glaum,1000,GB1 0AC,offwind-dc,0.5301037026264419,0.5139061698119322,0.016197532814509752
glaum,1000,GB1 0AC,offwind-dc,0.5178859355818206,0.47810404508940574,0.03978189049241487
glaum,1000,GB1 0AC,offwind-dc,0.5178932804723754,0.47356222458671837,0.044331055885657
glaum,1000,GB1 0AC,offwind-dc,0.5256354467706114,0.4885461697030764,0.037089277067534954
glaum,1000,GB1 0AC,offwind-dc,0.5330428904485718,0.5244792149680463,0.008563675480525501
glaum,1000,GB1 0AC,offwind-dc,0.5407007431925537,0.5275712070085867,0.01312953618396695
glaum,1000,GB1 0AC,offwind-dc,0.5194249666375749,0.48177688933964974,0.03764807729792513
glaum,1000,GB1 0AC,offwind-dc,0.5402616829680587,0.5313532017109457,0.008908481257112966
glaum,1000,GB1 0AC,offwind-dc,0.5294544331657468,0.5248126290773604,0.004641804088386436
glaum,1000,GB1 0AC,offwind-dc,0.526817061508908,0.4910286647104023,0.03578839679850565
glaum,1000,GB1 0AC,offwind-dc,0.5351929167072439,0.530847876577212,0.004345040130031896
glaum,1000,GB1 0AC,offwind-dc,0.5299862771787529,0.5263446305692634,0.003641646609489513
glaum,1000,GB1 0AC,offwind-dc,0.5179041731729367,0.4757262387974938,0.04217793437544287
glaum,1000,GB1 0AC,offwind-dc,0.5188072838365159,0.5148795765568721,0.003927707279643755
glaum,1000,GB4 0AC,offwind-dc,0.5372187782977086,0.4571644167516762,0.0800543615460324
glaum,1000,GB4 0AC,offwind-dc,0.5343800835234536,0.47278312269126066,0.061596960832192904
glaum,1000,GB4 0AC,offwind-dc,0.5235682929330302,0.4335026646601823,0.09006562827284792
glaum,1000,GB4 0AC,offwind-dc,0.5350159495374334,0.5229152649743457,0.01210068456308766
glaum,1000,NL2 0AC,offwind-dc,0.5182423130802714,0.5127918647954973,0.005450448284774034
glaum,1000,NL2 0AC,offwind-dc,0.5403663921617251,0.5401933631996845,0.00017302896204063334
glaum,1000,NL2 0AC,offwind-dc,0.5245363595622197,0.5213097829267236,0.003226576635496081
glaum,1000,NL2 0AC,offwind-dc,0.5187840010336188,0.5187510274595705,3.297357404830059e-05
glaum,1000,NL2 0AC,offwind-dc,0.5173366157676702,0.5112092132920005,0.006127402475669674
glaum,1000,NL2 0AC,offwind-dc,0.5165740265237342,0.5129128686085399,0.0036611579151942797
glaum,1000,NL2 0AC,offwind-dc,0.5365800956623945,0.5365194476558612,6.0648006533270404e-05
glaum,1000,NL2 0AC,offwind-dc,0.5182566259026271,0.5119656909748924,0.006290934927734693
glaum,1000,NL2 0AC,offwind-dc,0.5418935097850315,0.541801286707957,9.222307707446031e-05
glaum,1000,NL2 0AC,offwind-dc,0.5342684062570743,0.5341978286265859,7.057763048834431e-05
glaum,1000,NL2 0AC,offwind-dc,0.5366690067556661,0.5366299592657418,3.90474899243376e-05
glaum,1000,NL2 0AC,offwind-dc,0.5352162273484581,0.5351201193943717,9.610795408643291e-05
glaum,1000,NL2 0AC,offwind-dc,0.5314671326084389,0.5314387926094075,2.8339999031401497e-05
glaum,1000,NL2 0AC,offwind-dc,0.5185646456488022,0.5158024244238052,0.00276222122499703
glaum,1000,NL2 0AC,offwind-dc,0.5281063303437826,0.5247291979513896,0.003377132392393012
glaum,1000,NL2 0AC,offwind-dc,0.5275069613383697,0.5237727626619125,0.00373419867645719
glaum,1000,NL2 0AC,offwind-dc,0.526399692093153,0.5220971789641146,0.004302513129038399
glaum,1000,NL2 0AC,offwind-dc,0.524161779133331,0.5205155871391703,0.003646191994160608
glaum,1000,NL2 0AC,offwind-dc,0.5259417731454622,0.5219115289951897,0.004030244150272533
glaum,1000,NL2 0AC,offwind-dc,0.5277698781692075,0.5247014487926663,0.0030684293765411708
glaum,1000,NL2 0AC,offwind-dc,0.5272826972197054,0.5257902447237213,0.0014924524959841756
glaum,1000,NL2 0AC,offwind-dc,0.5264603283471502,0.5194918978874531,0.006968430459697084
glaum,1000,NL2 0AC,offwind-dc,0.5297968521140245,0.5297642837892368,3.2568324787707326e-05
glaum,1000,NL2 0AC,offwind-dc,0.5296802370926482,0.5282447598083793,0.00143547728426896
glaum,1000,NL2 0AC,offwind-dc,0.5302053505381493,0.528431148345124,0.001774202193025376
glaum,1000,NO0 0AC,offwind-dc,0.5305661769452106,0.5216135860682722,0.008952590876938338
glaum,1000,NO0 0AC,offwind-dc,0.5488070125928736,0.548807004284193,8.308680521373901e-09
glaum,1000,DK2 0AC,offwind-ac,0.5227267662894354,0.5216171983449743,0.001109567944461043
glaum,1000,DK2 0AC,offwind-ac,0.4558317492817241,0.40678252645285223,0.04904922282887186
glaum,1000,DK2 0AC,offwind-ac,0.46778103011317035,0.4328446310303154,0.03493639908285495
glaum,1000,DK2 0AC,offwind-ac,0.40791759479029155,0.34400086470080043,0.06391673008949111
glaum,1000,GB1 0AC,offwind-ac,0.40882682203981846,0.3774057538818734,0.03142106815794504
glaum,1000,GB1 0AC,offwind-ac,0.35648115492526145,0.3096954488738521,0.04678570605140936
glaum,1000,GB1 0AC,offwind-float,0.48083862930595594,0.3726035321964193,0.10823509710953666
glaum,1000,GB1 0AC,offwind-float,0.4192523790254459,0.29105113681586353,0.12820124220958234
glaum,1000,GB1 0AC,offwind-float,0.4974987757430708,0.38957515247223157,0.10792362327083921
glaum,1000,GB1 0AC,offwind-float,0.4338322654151476,0.3268760712118049,0.10695619420334268
glaum,1000,GB1 0AC,offwind-float,0.5188400822843111,0.4130340684149489,0.10580601386936223
glaum,1000,GB1 0AC,offwind-float,0.4524424566661245,0.34363319364945205,0.10880926301667243
glaum,1000,GB1 0AC,offwind-float,0.5311251427879978,0.42925871231921253,0.1018664304687853
glaum,1000,GB1 0AC,offwind-float,0.4631553586649608,0.3548475905385818,0.10830776812637904
glaum,1000,GB1 0AC,offwind-float,0.515275631141945,0.4077612140332444,0.10751441710870058
glaum,1000,GB1 0AC,offwind-float,0.4492815285443579,0.3447468984538519,0.10453463009050595
glaum,1000,GB1 0AC,offwind-float,0.5288402827184722,0.42600300082562187,0.1028372818928503
glaum,1000,GB1 0AC,offwind-float,0.4611383498751853,0.3566135005596734,0.10452484931551193
glaum,1000,GB1 0AC,offwind-float,0.5251707439423355,0.41910102630927615,0.10606971763305939
glaum,1000,GB1 0AC,offwind-float,0.45793781324979144,0.3540515856075947,0.10388622764219674
glaum,1000,GB1 0AC,offwind-float,0.513709799527014,0.40448238321669533,0.10922741631031868
glaum,1000,GB1 0AC,offwind-float,0.44796871261018356,0.34137080056488234,0.10659791204530122
glaum,1000,GB1 0AC,offwind-float,0.5205147313222496,0.41236304096849036,0.10815169035375921
glaum,1000,GB1 0AC,offwind-float,0.453902795507801,0.34778272290777756,0.10612007260002343
glaum,1000,GB1 0AC,offwind-float,0.5050177819230686,0.38827453098120035,0.11674325094186822
glaum,1000,GB1 0AC,offwind-float,0.44036467164442866,0.32905942805041516,0.1113052435940135
glaum,1000,GB1 0AC,offwind-float,0.4866365669060785,0.36893395064770784,0.11770261625837064
glaum,1000,GB1 0AC,offwind-float,0.42436012820209357,0.30985700244452846,0.1145031257575651
glaum,1000,GB1 0AC,offwind-float,0.5135965943938439,0.40301930298647975,0.11057729140736411
glaum,1000,GB1 0AC,offwind-float,0.44786999470016153,0.34150560638888655,0.10636438831127498
glaum,1000,GB1 0AC,offwind-float,0.5260416541493018,0.4205735701286958,0.10546808402060603
glaum,1000,GB1 0AC,offwind-float,0.45869710394970686,0.3548292152474784,0.10386788870222846
glaum,1000,GB1 0AC,offwind-float,0.5262192635749289,0.4210338203163927,0.10518544325853618
glaum,1000,GB1 0AC,offwind-float,0.4588773005136018,0.35549481190071247,0.10338248861288934
glaum,1000,GB1 0AC,offwind-float,0.5245882137366834,0.41160385326702176,0.11298436046966165
glaum,1000,GB1 0AC,offwind-float,0.457454981342516,0.34865990788935164,0.10879507345316436
glaum,1000,GB1 0AC,offwind-float,0.5222870041437657,0.4112258492467305,0.11106115489703522
glaum,1000,GB1 0AC,offwind-float,0.45544826490507473,0.3477670026518712,0.10768126225320351
glaum,1000,GB1 0AC,offwind-float,0.5206549455797521,0.411084184279247,0.10957076130050514
glaum,1000,GB1 0AC,offwind-float,0.45402506609808535,0.3479276316836496,0.10609743441443575
glaum,1000,GB1 0AC,offwind-float,0.5243029249899143,0.40908502405601477,0.1152179009338995
glaum,1000,GB1 0AC,offwind-float,0.45720620190959504,0.3450065552823883,0.11219964662720672
glaum,1000,GB1 0AC,offwind-float,0.5146911968352595,0.3979838948766907,0.11670730195856882
glaum,1000,GB1 0AC,offwind-float,0.4488245173644215,0.3353955588959515,0.11342895846847001
glaum,1000,GB1 0AC,offwind-float,0.5289160458485319,0.41521440052206965,0.11370164532646226
glaum,1000,GB1 0AC,offwind-float,0.4612289669299485,0.34876649279309396,0.11246247413685456
glaum,1000,GB1 0AC,offwind-float,0.5215213561244008,0.41341372364309337,0.10810763248130739
glaum,1000,GB1 0AC,offwind-float,0.45475503961468655,0.34857095101359836,0.10618408860108819
glaum,1000,GB1 0AC,offwind-float,0.5212583492870435,0.4102404361432066,0.11101791314383691
glaum,1000,GB1 0AC,offwind-float,0.4545249461091112,0.34691250961885306,0.10761243649025815
glaum,1000,GB1 0AC,offwind-float,0.5208607373361345,0.4133712914572596,0.10748944587887488
glaum,1000,GB1 0AC,offwind-float,0.45415475989029375,0.3394821980018362,0.11467256188845754
glaum,1000,GB1 0AC,offwind-float,0.5230383285801683,0.4162198111813352,0.10681851739883308
glaum,1000,GB1 0AC,offwind-float,0.45610343994911273,0.3515888549470157,0.10451458500209704
glaum,1000,GB1 0AC,offwind-float,0.5254455841273911,0.41404392769788323,0.11140165642950783
glaum,1000,GB1 0AC,offwind-float,0.4582026313007396,0.34955401447999446,0.10864861682074517
glaum,1000,GB1 0AC,offwind-float,0.5195946421503397,0.4094422750481937,0.11015236710214599
glaum,1000,GB1 0AC,offwind-float,0.4531004530915059,0.3449270532982985,0.10817339979320739
glaum,1000,GB1 0AC,offwind-float,0.5034787542573632,0.38579449583296227,0.11768425842440094
glaum,1000,GB1 0AC,offwind-float,0.43904696694303474,0.3274976097721058,0.11154935717092895
glaum,1000,GB1 0AC,offwind-float,0.523276130004657,0.4074373689956587,0.11583876100899831
glaum,1000,GB1 0AC,offwind-float,0.4563108091643451,0.3441579698728674,0.11215283929147768
glaum,1000,GB1 0AC,offwind-float,0.5238769397265666,0.41154340973683,0.11233352998973656
glaum,1000,GB1 0AC,offwind-float,0.45680933187947137,0.34697762784755487,0.1098317040319165
glaum,1000,GB1 0AC,offwind-float,0.5154850149796989,0.39806943348484636,0.11741558149485254
glaum,1000,GB1 0AC,offwind-float,0.4495167480606989,0.33534974000624185,0.11416700805445706
glaum,1000,GB1 0AC,offwind-float,0.5040363763085567,0.3849276513825913,0.11910872492596541
glaum,1000,GB1 0AC,offwind-float,0.4395089308540679,0.32680903081068224,0.11269990004338565
glaum,1000,GB1 0AC,offwind-float,0.5206743729420402,0.4080936376152171,0.11258073532682311
glaum,1000,GB1 0AC,offwind-float,0.45404200727865385,0.3450855935656746,0.10895641371297926
glaum,1000,GB1 0AC,offwind-float,0.5259768706136417,0.4114427228069712,0.11453414780667054
glaum,1000,GB1 0AC,offwind-float,0.45866592735522804,0.34581777079785514,0.1128481565573729
glaum,1000,GB1 0AC,offwind-float,0.5198792714444628,0.4112741039759657,0.10860516746849708
glaum,1000,GB1 0AC,offwind-float,0.45334865746404623,0.34789605760705145,0.10545259985699479
glaum,1000,GB1 0AC,offwind-float,0.522327178519439,0.40593002364552644,0.11639715487391256
glaum,1000,GB1 0AC,offwind-float,0.4554832980373351,0.34360529919305516,0.11187799884427996
glaum,1000,GB1 0AC,offwind-float,0.5169254719059077,0.3982037609971018,0.11872171090880584
glaum,1000,GB1 0AC,offwind-float,0.45074761644476774,0.3367357259196767,0.11401189052509103
glaum,1000,GB1 0AC,offwind-float,0.5184884941466783,0.40942775611032806,0.10906073803635025
glaum,1000,GB1 0AC,offwind-float,0.45208393534082675,0.3461773625782275,0.10590657276259924
glaum,1000,GB1 0AC,offwind-float,0.52001090615675,0.4026588147457514,0.11735209141099867
glaum,1000,GB1 0AC,offwind-float,0.45346344646097103,0.3407763790733459,0.11268706738762513
glaum,1000,GB1 0AC,offwind-float,0.522347492322562,0.4083564872230164,0.11399100509954557
glaum,1000,GB1 0AC,offwind-float,0.4554738353266486,0.34362439625352165,0.11184943907312694
glaum,1000,GB1 0AC,offwind-float,0.5098822604876274,0.3901185206453851,0.11976373984224231
glaum,1000,GB1 0AC,offwind-float,0.4446309959897922,0.32952510960776904,0.11510588638202318
glaum,1000,GB1 0AC,offwind-float,0.518942095491656,0.40839920506398775,0.1105428904276683
glaum,1000,GB1 0AC,offwind-float,0.452425329179053,0.3439876728821275,0.10843765629692548
glaum,1000,GB1 0AC,offwind-float,0.5242627494307006,0.4084294546989089,0.11583329473179171
glaum,1000,GB1 0AC,offwind-float,0.4571711677452558,0.3445673074144683,0.11260386033078751
glaum,1000,GB1 0AC,offwind-float,0.5168262208585367,0.4048856823029524,0.11194053855558428
glaum,1000,GB1 0AC,offwind-float,0.45068631553136296,0.341469635126482,0.10921668040488097
glaum,1000,GB1 0AC,offwind-float,0.5070670333764853,0.3860521678499725,0.1210148655265128
glaum,1000,GB1 0AC,offwind-float,0.4421760425007896,0.3249266693821328,0.1172493731186568
glaum,1000,GB1 0AC,offwind-float,0.5160541255611235,0.39613925923735016,0.11991486632377335
glaum,1000,GB1 0AC,offwind-float,0.4500130277398648,0.3348387699588175,0.11517425778104728
glaum,1000,GB1 0AC,offwind-float,0.5113273550691386,0.401756092927141,0.10957126214199764
glaum,1000,GB1 0AC,offwind-float,0.4458911571934047,0.32007311974149066,0.12581803745191406
glaum,1000,GB1 0AC,offwind-float,0.51706265678181,0.4085094967493447,0.10855316003246523
glaum,1000,GB1 0AC,offwind-float,0.4508418408855609,0.3456033831748479,0.105238457710713
glaum,1000,GB1 0AC,offwind-float,0.51564543344985,0.40605080760466244,0.10959462584518759
glaum,1000,GB1 0AC,offwind-float,0.44965663726588573,0.34377592978009963,0.1058807074857861
glaum,1000,GB1 0AC,offwind-float,0.5210141106087716,0.4057774171570064,0.11523669345176518
glaum,1000,GB1 0AC,offwind-float,0.4543132166277246,0.3423838856628325,0.1119293309648921
glaum,1000,GB1 0AC,offwind-float,0.518845877129394,0.40004442861763206,0.11880144851176194
glaum,1000,GB1 0AC,offwind-float,0.45244750992633864,0.3383572110674572,0.11409029885888144
glaum,1000,GB1 0AC,offwind-float,0.5197841143450656,0.4026825156380942,0.11710159870697134
glaum,1000,GB1 0AC,offwind-float,0.4532656779231615,0.3408584095305643,0.11240726839259724
glaum,1000,GB1 0AC,offwind-float,0.5169095065608027,0.4035567372003838,0.11335276936041888
glaum,1000,GB1 0AC,offwind-float,0.4507347116893956,0.34074931021535626,0.10998540147403935
glaum,1000,GB1 0AC,offwind-float,0.5197365946023531,0.4018138409799696,0.11792275362238352
glaum,1000,GB1 0AC,offwind-float,0.45322423943398726,0.34015411860740036,0.1130701208265869
glaum,1000,GB1 0AC,offwind-float,0.512903045058626,0.40146308420941085,0.1114399608492152
glaum,1000,GB1 0AC,offwind-float,0.44723977599033954,0.33766327734757895,0.10957649864276059
glaum,1000,GB1 0AC,offwind-float,0.5192478821164006,0.3980899839912137,0.1211578981251869
glaum,1000,GB1 0AC,offwind-float,0.45279806904874204,0.3353654164843866,0.11743265256435542
glaum,1000,GB1 0AC,offwind-float,0.5183352129958241,0.3985520746847717,0.11978313831105236
glaum,1000,GB1 0AC,offwind-float,0.452002197116067,0.33687352732186904,0.11512866979419795
glaum,1000,GB1 0AC,offwind-float,0.5197095476757613,0.4029701724112677,0.11673937526449357
glaum,1000,GB1 0AC,offwind-float,0.4532006537891415,0.3390707448358613,0.11412990895328018
glaum,1000,GB1 0AC,offwind-float,0.511467085084192,0.39840974357403847,0.11305734151015356
glaum,1000,GB1 0AC,offwind-float,0.4459884453195207,0.3354313182206603,0.1105571270988604
glaum,1000,GB1 0AC,offwind-float,0.5136855498474165,0.40424006933260664,0.1094454805148099
glaum,1000,GB1 0AC,offwind-float,0.4479223391486589,0.3421933111128776,0.10572902803578133
glaum,1000,GB1 0AC,offwind-float,0.5164584421619697,0.4018807936250867,0.11457764853688296
glaum,1000,GB1 0AC,offwind-float,0.4503656026514875,0.3400247309975507,0.1103408716539368
glaum,1000,GB1 0AC,offwind-float,0.5202605163983072,0.4016631341672134,0.11859738223109378
glaum,1000,GB1 0AC,offwind-float,0.45368111328116334,0.33972234925479483,0.11395876402636851
glaum,1000,GB1 0AC,offwind-float,0.5188942623109234,0.40109522034010064,0.11779904197082275
glaum,1000,GB1 0AC,offwind-float,0.4524897031013551,0.3381788267402262,0.11431087636112891
glaum,1000,GB1 0AC,offwind-float,0.5188893398208273,0.3983758175638825,0.12051352225694478
glaum,1000,GB1 0AC,offwind-float,0.4524599500237238,0.3373317846668094,0.11512816535691439
glaum,1000,GB1 0AC,offwind-float,0.5170094784108271,0.4010163061782631,0.115993172232564
glaum,1000,GB1 0AC,offwind-float,0.45084612102826255,0.33938860390755066,0.11145751712071189
glaum,1000,GB1 0AC,offwind-float,0.5199020426398021,0.4009064334890845,0.11899560915071761
glaum,1000,GB1 0AC,offwind-float,0.4533685145566501,0.3377929804290501,0.11557553412760002
glaum,1000,GB1 0AC,offwind-float,0.5078095967340202,0.395480102193675,0.11232949454034513
glaum,1000,GB1 0AC,offwind-float,0.44282357764925806,0.33429421312240826,0.1085293645268498
glaum,1000,GB1 0AC,offwind-float,0.5128895884778769,0.3980376532424903,0.11485193523538662
glaum,1000,GB1 0AC,offwind-float,0.44725346659367976,0.33712743170087855,0.1101260348928012
glaum,1000,GB1 0AC,offwind-float,0.5102496362835106,0.3992693017792897,0.1109803345042209
glaum,1000,GB1 0AC,offwind-float,0.44495135752947373,0.33782701331046544,0.1071243442190083
glaum,1000,GB1 0AC,offwind-float,0.515722681896189,0.3989063120274375,0.11681636986875149
glaum,1000,GB1 0AC,offwind-float,0.4497239999813516,0.3369244901620461,0.11279950981930548
glaum,1000,GB1 0AC,offwind-float,0.5078983208056402,0.39751815054684864,0.1103801702587916
glaum,1000,GB1 0AC,offwind-float,0.44282625642686274,0.3359689236952979,0.10685733273156484
glaum,1000,GB1 0AC,offwind-float,0.5094294504887419,0.3959395581435162,0.11348989234522566
glaum,1000,GB1 0AC,offwind-float,0.44423613353545605,0.3352607355107774,0.10897539802467865
glaum,1000,GB1 0AC,offwind-float,0.5174434624327443,0.39983904554619887,0.11760441688654544
glaum,1000,GB1 0AC,offwind-float,0.45122456672614614,0.33797868336373565,0.11324588336241048
glaum,1000,GB1 0AC,offwind-float,0.5066035158069636,0.39369290374458105,0.11291061206238256
glaum,1000,GB1 0AC,offwind-float,0.4417718427578958,0.33240357207093313,0.1093682706869627
glaum,1000,GB1 0AC,offwind-float,0.512932401156676,0.3971858305161179,0.11574657064055816
glaum,1000,GB1 0AC,offwind-float,0.4472908003969725,0.33574373955556247,0.11154706084141003
glaum,1000,GB1 0AC,offwind-float,0.5181703623094622,0.39942972208446026,0.11874064022500197
glaum,1000,GB1 0AC,offwind-float,0.45185844289956095,0.33648567633398374,0.11537276656557721
glaum,1000,GB1 0AC,offwind-float,0.5156199836248019,0.39870315609944523,0.11691682752535665
glaum,1000,GB1 0AC,offwind-float,0.4496344443363884,0.33626201178458703,0.11337243255180135
glaum,1000,GB1 0AC,offwind-float,0.50533655401256,0.394290126938348,0.11104642707421197
glaum,1000,GB1 0AC,offwind-float,0.4406670181185999,0.33344461167723033,0.10722240644136954
glaum,1000,GB1 0AC,offwind-float,0.5087947540478949,0.3950757064190302,0.11371904762886464
glaum,1000,GB1 0AC,offwind-float,0.44368266122917277,0.33407783511035416,0.10960482611881861
glaum,1000,GB1 0AC,offwind-float,0.5109535539767376,0.39493422817080703,0.11601932580593055
glaum,1000,GB1 0AC,offwind-float,0.4455410866596866,0.33272592282788466,0.11281516383180196
glaum,1000,GB1 0AC,offwind-float,0.5073389807830294,0.39347599755277074,0.11386298323025867
glaum,1000,GB1 0AC,offwind-float,0.44241318792748663,0.3324323240980783,0.1099808638294083
glaum,1000,GB1 0AC,offwind-float,0.5156944488698194,0.3981101404774652,0.11758430839235423
glaum,1000,GB1 0AC,offwind-float,0.4496993800257123,0.3361790902936699,0.11352028973204242
glaum,1000,GB1 0AC,offwind-float,0.5045050812450255,0.3916369957559435,0.11286808548908195
glaum,1000,GB1 0AC,offwind-float,0.43991640696412276,0.3285457237217135,0.11137068324240929
glaum,1000,GB1 0AC,offwind-float,0.5184214684674894,0.3989856032086839,0.11943586525880545
glaum,1000,GB1 0AC,offwind-float,0.45207741419900566,0.3280176283261304,0.12405978587287525
glaum,1000,GB1 0AC,offwind-float,0.5135348604158634,0.39675790195622934,0.11677695845963404
glaum,1000,GB1 0AC,offwind-float,0.447816161016892,0.3333239904468263,0.11449217057006567
glaum,1000,GB1 0AC,offwind-float,0.5107085434283738,0.394953498311463,0.11575504511691082
glaum,1000,GB1 0AC,offwind-float,0.4453515368585057,0.33394902799663206,0.11140250886187364
glaum,1000,GB1 0AC,offwind-float,0.5080536166529793,0.39399730083694867,0.11405631581603065
glaum,1000,GB1 0AC,offwind-float,0.4430363695583243,0.3325456768834013,0.11049069267492301
glaum,1000,GB1 0AC,offwind-float,0.516512785811033,0.397867597241283,0.11864518856974998
glaum,1000,GB1 0AC,offwind-float,0.4503870751169819,0.3367778700690726,0.11360920504790928
glaum,1000,GB1 0AC,offwind-float,0.5135545021037122,0.39680808604681206,0.11674641605690017
glaum,1000,GB1 0AC,offwind-float,0.44783328909509346,0.3365891335222614,0.11124415557283207
glaum,1000,GB1 0AC,offwind-float,0.5144070906777545,0.396117028801582,0.11829006187617247
glaum,1000,GB1 0AC,offwind-float,0.44857676918103206,0.33580317676072335,0.11277359242030871
glaum,1000,GB1 0AC,offwind-float,0.5139260112770686,0.3968179399708691,0.11710807130619949
glaum,1000,GB1 0AC,offwind-float,0.44813331134929435,0.3362518018313377,0.11188150951795667
glaum,1000,GB1 0AC,offwind-float,0.51614554484889,0.39737553063219244,0.11877001421669753
glaum,1000,GB1 0AC,offwind-float,0.45009274780883407,0.3368884856936736,0.11320426211516049
glaum,1000,GB1 0AC,offwind-float,0.5170407880530349,0.3986722979779824,0.11836849007505246
glaum,1000,GB1 0AC,offwind-float,0.4508734238753663,0.3098715446590759,0.14100187921629037
glaum,1000,GB1 0AC,offwind-float,0.5154983041331045,0.39781814278836103,0.11768016134474346
glaum,1000,GB1 0AC,offwind-float,0.44950328544199575,0.3353728844967289,0.11413040094526683
glaum,1000,GB4 0AC,offwind-float,0.5349088438704064,0.3972607754282068,0.13764806844219957
glaum,1000,GB4 0AC,offwind-float,0.46642963577301694,0.3342918814283655,0.13213775434465141
glaum,1000,GB4 0AC,offwind-float,0.5358994663882368,0.3994341980002427,0.1364652683879941
glaum,1000,GB4 0AC,offwind-float,0.4672924408048027,0.3400477056500407,0.12724473515476198
glaum,1000,GB4 0AC,offwind-float,0.53837221662924,0.40468149823928995,0.13369071838995
glaum,1000,GB4 0AC,offwind-float,0.469397041391048,0.34347558256979255,0.12592145882125544
glaum,1000,GB4 0AC,offwind-float,0.5363227319531905,0.3993530847972025,0.13696964715598797
glaum,1000,GB4 0AC,offwind-float,0.46768779571239844,0.3413529984915435,0.12633479722085494
glaum,1000,GB4 0AC,offwind-float,0.5377127061259912,0.4039970531023538,0.13371565302363742
glaum,1000,GB4 0AC,offwind-float,0.4688491890013709,0.34333934235760777,0.12550984664376313
glaum,1000,GB4 0AC,offwind-float,0.5367317481654162,0.4007614587922018,0.13597028937321443
glaum,1000,GB4 0AC,offwind-float,0.4680189753073545,0.34081310732001047,0.127205867987344
glaum,1000,GB4 0AC,offwind-float,0.5320902669503813,0.39269390353737427,0.13939636341300704
glaum,1000,GB4 0AC,offwind-float,0.4639969727998868,0.33524115216975503,0.12875582063013175
glaum,1000,GB4 0AC,offwind-float,0.5361468474616244,0.4024216584082532,0.13372518905337122
glaum,1000,GB4 0AC,offwind-float,0.4674583081212574,0.32403218635168995,0.14342612176956743
glaum,1000,GB4 0AC,offwind-float,0.535736997800595,0.39787696782851517,0.13786002997207986
glaum,1000,GB4 0AC,offwind-float,0.46717701983366006,0.3404159196165923,0.12676110021706777
glaum,1000,GB4 0AC,offwind-float,0.5280830284865681,0.388076464133056,0.14000656435351205
glaum,1000,GB4 0AC,offwind-float,0.4605025534654508,0.3316580429592721,0.12884451050617873
glaum,1000,GB4 0AC,offwind-float,0.5344713515300289,0.3908759373345393,0.1435954141954896
glaum,1000,GB4 0AC,offwind-float,0.4660733423664062,0.3398912510184143,0.1261820913479919
glaum,1000,GB4 0AC,offwind-float,0.5344102085552166,0.39846480305017096,0.13594540550504564
glaum,1000,GB4 0AC,offwind-float,0.4660200240537383,0.3395161362810547,0.12650388777268362
glaum,1000,GB4 0AC,offwind-float,0.5347809262345957,0.4014525496247899,0.13332837660980584
glaum,1000,GB4 0AC,offwind-float,0.46631719741578187,0.3402272835527705,0.12608991386301138
glaum,1000,GB4 0AC,offwind-float,0.5306508196474723,0.39820402487871315,0.13244679476875915
glaum,1000,GB4 0AC,offwind-float,0.462715396619409,0.33907985599743623,0.1236355406219728
glaum,1000,GB4 0AC,offwind-float,0.5309907127077598,0.3991071378248778,0.131883574882882
glaum,1000,GB4 0AC,offwind-float,0.463038132032267,0.333671366162419,0.12936676586984802
glaum,1000,GB4 0AC,offwind-float,0.5305879980792483,0.39416962622426716,0.13641837185498112
glaum,1000,GB4 0AC,offwind-float,0.46268695408345306,0.33668241552033207,0.126004538563121
glaum,1000,GB4 0AC,offwind-float,0.5307332550141609,0.39091963152622283,0.13981362348793808
glaum,1000,GB4 0AC,offwind-float,0.4628136220235827,0.33376600224644687,0.12904761977713586
glaum,1000,GB4 0AC,offwind-float,0.5257707841487547,0.39275746468611633,0.13301331946263834
glaum,1000,GB4 0AC,offwind-float,0.45845986395880767,0.33293061155866766,0.12552925240014
glaum,1000,GB4 0AC,offwind-float,0.5317190739034929,0.3943150297053682,0.13740404419812474
glaum,1000,GB4 0AC,offwind-float,0.46367328251502654,0.3363669417649298,0.12730634075009672
glaum,1000,GB4 0AC,offwind-float,0.5278239718281791,0.3904547281137915,0.13736924371438758
glaum,1000,GB4 0AC,offwind-float,0.4602766491166171,0.3340732666470912,0.1262033824695259
glaum,1000,GB4 0AC,offwind-float,0.5251842147129194,0.38626694130197814,0.1389172734109413
glaum,1000,GB4 0AC,offwind-float,0.45794867305226844,0.3293681384969143,0.12858053455535412
glaum,1000,GB4 0AC,offwind-float,0.5215397394445226,0.39153302790433864,0.13000671154018395
glaum,1000,GB4 0AC,offwind-float,0.45479663006064075,0.33275351839582107,0.12204311166481968
glaum,1000,GB4 0AC,offwind-float,0.5241005411652093,0.3866798042195704,0.13742073694563894
glaum,1000,GB4 0AC,offwind-float,0.4570297177905658,0.33101743039918025,0.12601228739138554
glaum,1000,GB4 0AC,offwind-float,0.5297927769315035,0.39044286308364323,0.13934991384786027
glaum,1000,GB4 0AC,offwind-float,0.46199349993069283,0.33422370271901286,0.12776979721167997
glaum,1000,GB4 0AC,offwind-float,0.521374582532811,0.3809251116331038,0.14044947089970722
glaum,1000,GB4 0AC,offwind-float,0.45465260880742303,0.3265341521340636,0.12811845667335942
glaum,1000,GB4 0AC,offwind-float,0.5150331640032033,0.3836158866529139,0.1314172773502894
glaum,1000,GB4 0AC,offwind-float,0.44912272189958846,0.32671149597655674,0.12241122592303172
glaum,1000,GB4 0AC,offwind-float,0.520155364110441,0.3872470040199499,0.13290836009049117
glaum,1000,GB4 0AC,offwind-float,0.4535629297498312,0.3292329088042625,0.12433002094556872
glaum,1000,GB4 0AC,offwind-float,0.5256235088944182,0.38663692851024695,0.13898658038417128
glaum,1000,GB4 0AC,offwind-float,0.4583577864659711,0.3299797095397961,0.12837807692617498
glaum,1000,GB4 0AC,offwind-float,0.5215137099073065,0.38392003847203293,0.13759367143527357
glaum,1000,GB4 0AC,offwind-float,0.4547465837290401,0.3266447009025662,0.1281018828264739
glaum,1000,GB4 0AC,offwind-float,0.5243530116902279,0.3880757436938914,0.13627726799633644
glaum,1000,GB4 0AC,offwind-float,0.4572245803933862,0.3306131257288841,0.12661145466450208
glaum,1000,GB4 0AC,offwind-float,0.5205424089091601,0.38504654294164503,0.13549586596751512
glaum,1000,GB4 0AC,offwind-float,0.4539003029779225,0.3277628199510671,0.1261374830268554
glaum,1000,GB4 0AC,offwind-float,0.5149327704612334,0.3773107477316228,0.1376220227296106
glaum,1000,GB4 0AC,offwind-float,0.44901044219801867,0.3216945309663738,0.12731591123164487
glaum,1000,GB4 0AC,offwind-float,0.5022247226500435,0.3730689832161315,0.12915573943391195
glaum,1000,GB4 0AC,offwind-float,0.4379279010385639,0.31764666370858824,0.12028123732997564
glaum,1000,GB4 0AC,offwind-float,0.516277312727744,0.383476124653087,0.13280118807465702
glaum,1000,GB4 0AC,offwind-float,0.4501566020641247,0.32602152839692483,0.12413507366719989
glaum,1000,GB4 0AC,offwind-float,0.5095658362584863,0.3801373495769382,0.1294284866815481
glaum,1000,GB4 0AC,offwind-float,0.4442307293863385,0.3218891212738548,0.12234160811248374
glaum,1000,GB4 0AC,offwind-float,0.517363235483806,0.3811777182997429,0.13618551718406313
glaum,1000,GB4 0AC,offwind-float,0.45115460667658985,0.32495516900859256,0.1261994376679973
glaum,1000,GB4 0AC,offwind-float,0.5187274166741191,0.3803717724627172,0.13835564421140195
glaum,1000,GB4 0AC,offwind-float,0.4522925544538505,0.3241291368651762,0.12816341758867433
glaum,1000,GB4 0AC,offwind-float,0.5135036731686563,0.3800463043142668,0.13345736885438952
glaum,1000,GB4 0AC,offwind-float,0.44776266777698315,0.32331859609080454,0.1244440716861786
glaum,1000,GB4 0AC,offwind-float,0.5174032298335497,0.3783963598518876,0.13900686998166212
glaum,1000,GB4 0AC,offwind-float,0.45118948282141486,0.32416661334521596,0.1270228694761989
glaum,1000,GB4 0AC,offwind-float,0.5060623128457203,0.3756305012336541,0.13043181161206624
glaum,1000,GB4 0AC,offwind-float,0.44129989927145247,0.31910045715338775,0.12219944211806472
glaum,1000,GB4 0AC,offwind-float,0.5139908705618348,0.37866944117237433,0.13532142938946046
glaum,1000,GB4 0AC,offwind-float,0.4481614757016537,0.3224923100227292,0.1256691656789245
glaum,1000,GB4 0AC,offwind-float,0.5119835154563198,0.3747738307478218,0.13720968470849804
glaum,1000,GB4 0AC,offwind-float,0.44641387702105434,0.3188201866448725,0.12759369037618185
glaum,1000,GB4 0AC,offwind-float,0.511502943653016,0.3773832430729059,0.13411970058011008
glaum,1000,GB4 0AC,offwind-float,0.4460171142126801,0.32123643711763905,0.12478067709504104
glaum,1000,GB4 0AC,offwind-float,0.5145502098818788,0.3772260039800086,0.13732420590187022
glaum,1000,GB4 0AC,offwind-float,0.4487015729626232,0.3222665801089269,0.1264349928536963
glaum,1000,GB4 0AC,offwind-float,0.506187078348423,0.3718697846973086,0.13431729365111444
glaum,1000,GB4 0AC,offwind-float,0.44140869813352457,0.31843665827704304,0.12297203985648153
glaum,1000,GB4 0AC,offwind-float,0.5118671556882898,0.37467604384726966,0.13719111184102012
glaum,1000,GB4 0AC,offwind-float,0.44636187779996106,0.3201586351720128,0.12620324262794824
glaum,1000,GB4 0AC,offwind-float,0.5108012857900451,0.3755705266427622,0.13523075914728294
glaum,1000,GB4 0AC,offwind-float,0.4454058146433994,0.3182874250881372,0.12711838955526222
glaum,1000,GB4 0AC,offwind-float,0.5076041301416248,0.3739763218639609,0.13362780827766385
glaum,1000,GB4 0AC,offwind-float,0.4426198818465088,0.316655259635839,0.12596462221066979
glaum,1000,GB4 0AC,offwind-float,0.5003755675792607,0.3699736570619839,0.13040191051727684
glaum,1000,GB4 0AC,offwind-float,0.4363409049943263,0.31488198154146024,0.12145892345286607
glaum,1000,NO0 0AC,offwind-float,0.5083827793427709,0.422790125087982,0.08559265425478885
glaum,1000,NO0 0AC,offwind-float,0.4432719934747246,0.353109840172616,0.09016215330210864
glaum,1000,NO0 0AC,offwind-float,0.5088616514239136,0.42374133281298026,0.08512031861093333
glaum,1000,NO0 0AC,offwind-float,0.4437145870978625,0.3533409587355497,0.09037362836231277
glaum,1000,NO0 0AC,offwind-float,0.5058524130306024,0.4202453983475903,0.08560701468301207
glaum,1000,NO0 0AC,offwind-float,0.44109273748005656,0.3510911059409135,0.09000163153914309
glaum,1000,NO0 0AC,offwind-float,0.5063016428439586,0.4204059135308287,0.08589572931312994
glaum,1000,NO0 0AC,offwind-float,0.4414821498599949,0.3510332577022201,0.0904488921577748
glaum,1000,NO0 0AC,offwind-float,0.5065105022099876,0.42116335674408667,0.08534714546590094
glaum,1000,NO0 0AC,offwind-float,0.4416907324085685,0.35016937815676563,0.09152135425180286
glaum,1000,NO0 0AC,offwind-float,0.5039261169720826,0.41854495004108416,0.0853811669309984
glaum,1000,NO0 0AC,offwind-float,0.4394110495366674,0.34953179274830687,0.0898792567883605
glaum,1000,NO0 0AC,offwind-float,0.5050298333223636,0.41926826775264237,0.08576156556972125
glaum,1000,NO0 0AC,offwind-float,0.44037337937929166,0.35018956499432,0.09018381438497164
glaum,1000,NO0 0AC,offwind-float,0.5051153680765721,0.4183517378596924,0.08676363021687972
glaum,1000,NO0 0AC,offwind-float,0.4404235380408238,0.3495700032208285,0.09085353481999531
glaum,1000,NO0 0AC,offwind-float,0.5041446485426879,0.4192088149824503,0.08493583356023765
glaum,1000,NO0 0AC,offwind-float,0.43962764460580483,0.345893910491194,0.09373373411461083
glaum,1000,NO0 0AC,offwind-float,0.5050590732758724,0.41955126906819257,0.08550780420767984
glaum,1000,NO0 0AC,offwind-float,0.4404250474797245,0.35046427371705113,0.08996077376267336
glaum,1000,NO0 0AC,offwind-float,0.5032278428601584,0.41762598055056793,0.08560186230959049
glaum,1000,NO0 0AC,offwind-float,0.4388281654802467,0.3484746254258624,0.09035354005438434
glaum,1000,NO0 0AC,offwind-float,0.5020781348018951,0.4163925151437676,0.08568561965812749
glaum,1000,NO0 0AC,offwind-float,0.43777296407313476,0.3470409338759071,0.09073203019722764
glaum,1000,NO0 0AC,offwind-float,0.5032418642928931,0.4171650819034122,0.08607678238948085
glaum,1000,NO0 0AC,offwind-float,0.43876094925593784,0.3483056618840286,0.09045528737190922
glaum,1000,NO0 0AC,offwind-float,0.49953012763247656,0.41436030345601144,0.08516982417646513
glaum,1000,NO0 0AC,offwind-float,0.43557710570388897,0.3462778750791079,0.08929923062478107
glaum,1000,NO0 0AC,offwind-float,0.49704324992227417,0.4122791799168025,0.08476407000547165
glaum,1000,NO0 0AC,offwind-float,0.433381555743358,0.343783418592479,0.089598137150879
glaum,1000,NO0 0AC,offwind-float,0.4978356651542708,0.41237408431307376,0.08546158084119704
glaum,1000,NO0 0AC,offwind-float,0.4340745143333912,0.3445759524776255,0.08949856185576571
glaum,1000,NO0 0AC,offwind-float,0.5083710328278566,0.42403755145497346,0.0843334813728831
glaum,1000,NO0 0AC,offwind-float,0.44331316496957074,0.3534968949743418,0.08981626999522896
glaum,1000,NO0 0AC,offwind-float,0.5080482471774674,0.4228708271331538,0.08517742004431361
glaum,1000,NO0 0AC,offwind-float,0.4430050753649123,0.35282619257120745,0.09017888279370484
glaum,1000,NO0 0AC,offwind-float,0.505798861030431,0.4203999018985352,0.08539895913189582
glaum,1000,NO0 0AC,offwind-float,0.4410453081430588,0.3511382767494178,0.08990703139364103
glaum,1000,NO0 0AC,offwind-float,0.5031160119042599,0.4173385764086088,0.08577743549565114
glaum,1000,NO0 0AC,offwind-float,0.43870597773561804,0.3486946341968737,0.09001134353874435
glaum,1000,NO0 0AC,offwind-float,0.5114694250023915,0.42715724281946194,0.08431218218292952
glaum,1000,NO0 0AC,offwind-float,0.44599010611705875,0.3562836631152528,0.08970644300180597
glaum,1000,NO0 0AC,offwind-float,0.4927536996215745,0.40752588345384266,0.08522781616773184
glaum,1000,NO0 0AC,offwind-float,0.42966738199077864,0.3404548760838959,0.08921250590688273
glaum,1000,NO0 0AC,offwind-float,0.4955076363695985,0.40960679614887613,0.08590084022072236
glaum,1000,NO0 0AC,offwind-float,0.43207083789106665,0.3425078607898593,0.08956297710120736
glaum,1000,NO0 0AC,offwind-float,0.5029485880617101,0.416291225509712,0.08665736255199807
glaum,1000,NO0 0AC,offwind-float,0.4385088467048612,0.34781775081643385,0.09069109588842733
glaum,1000,NO0 0AC,offwind-float,0.5022858891669575,0.4156703202570954,0.0866155689098621
glaum,1000,NO0 0AC,offwind-float,0.4379818848799316,0.3474930530019059,0.0904888318780257
glaum,1000,NO0 0AC,offwind-float,0.5066214554653179,0.42083674864768494,0.08578470681763295
glaum,1000,NO0 0AC,offwind-float,0.4417612693947571,0.35110890309849985,0.09065236629625723
glaum,1000,NO0 0AC,offwind-float,0.48728500985423656,0.40211858924210625,0.08516642061213031
glaum,1000,NO0 0AC,offwind-float,0.4249255878311584,0.33482610288443254,0.09009948494672587
glaum,1000,NO0 0AC,offwind-float,0.5122479576021651,0.42795797564513527,0.08428998195702986
glaum,1000,NO0 0AC,offwind-float,0.44669394727435163,0.3561495363245436,0.09054441094980803
glaum,1000,NO0 0AC,offwind-float,0.509660317818832,0.42399320572233223,0.0856671120964998
glaum,1000,NO0 0AC,offwind-float,0.44441327102316597,0.3542395297675034,0.09017374125566258
glaum,1000,NO0 0AC,offwind-float,0.50388000566213,0.4172124750911782,0.08666753057095178
glaum,1000,NO0 0AC,offwind-float,0.43934661380307205,0.34867047049737787,0.09067614330569418
glaum,1000,NO0 0AC,offwind-float,0.5062295924359929,0.421253353516292,0.08497623891970085
glaum,1000,NO0 0AC,offwind-float,0.44144577155726317,0.3514609463978258,0.08998482515943734
glaum,1000,NO0 0AC,offwind-float,0.5002781585282278,0.414045566212337,0.08623259231589075
glaum,1000,NO0 0AC,offwind-float,0.4362058826704918,0.34621629554771455,0.08998958712277727
glaum,1000,NO0 0AC,offwind-float,0.49504521768968324,0.4090672182541936,0.08597799943548962
glaum,1000,NO0 0AC,offwind-float,0.431665663422771,0.3419658182393471,0.08969984518342394
glaum,1000,NO0 0AC,offwind-float,0.51358871530762,0.4300304603538824,0.08355825495373753
glaum,1000,NO0 0AC,offwind-float,0.4478631239258149,0.3554843525883697,0.09237877133744521
glaum,1000,NO0 0AC,offwind-float,0.5108137556871576,0.4261643153760902,0.08464944031106741
glaum,1000,NO0 0AC,offwind-float,0.44544328476785383,0.3553312204118676,0.09011206435598623
glaum,1000,NO0 0AC,offwind-float,0.4910107427860143,0.40463242332260346,0.08637831946341085
glaum,1000,NO0 0AC,offwind-float,0.42814872797907827,0.3382782080313247,0.08987051994775358
glaum,1000,NO0 0AC,offwind-float,0.5145602545453466,0.43053574938316336,0.08402450516218324
glaum,1000,NO0 0AC,offwind-float,0.44868513752972217,0.35956118116507413,0.08912395636464804
glaum,1000,NO0 0AC,offwind-float,0.5026193925878454,0.4164189862682402,0.08620040631960518
glaum,1000,NO0 0AC,offwind-float,0.4382735522099433,0.3483366088748924,0.08993694333505092
glaum,1000,NO0 0AC,offwind-float,0.5134499742811217,0.4296514273126399,0.08379854696848182
glaum,1000,NO0 0AC,offwind-float,0.4477421380324488,0.35787073101570444,0.08987140701674434
glaum,1000,NO0 0AC,offwind-float,0.5118489589495274,0.42704903980559294,0.08479991914393448
glaum,1000,NO0 0AC,offwind-float,0.4463460097560878,0.35589568504953073,0.09045032470655706
glaum,1000,NO0 0AC,offwind-float,0.507611028740427,0.42217578833570646,0.0854352404047205
glaum,1000,NO0 0AC,offwind-float,0.44262454490746655,0.35245483282772816,0.0901697120797384
glaum,1000,NO0 0AC,offwind-float,0.4809671345868618,0.3945146051666069,0.08645252942025489
glaum,1000,NO0 0AC,offwind-float,0.41939131569768034,0.3301851594718215,0.08920615622585887
glaum,1000,NO0 0AC,offwind-float,0.5151085657856864,0.42987290394419725,0.08523566184148917
glaum,1000,NO0 0AC,offwind-float,0.44918847427468167,0.3584981487742052,0.09069032550047645
glaum,1000,NO0 0AC,offwind-float,0.517579206433732,0.4325067800204778,0.08507242641325419
glaum,1000,NO0 0AC,offwind-float,0.4513188266453309,0.34686062392792644,0.10445820271740447
glaum,1000,NO0 0AC,offwind-float,0.5146828206020382,0.42978094175000897,0.08490187885202921
glaum,1000,NO0 0AC,offwind-float,0.4488172130645694,0.358557936491845,0.09025927657272442
glaum,1000,NO0 0AC,offwind-float,0.5076202753903657,0.4215550061757061,0.08606526921465957
glaum,1000,NO0 0AC,offwind-float,0.4426584843637793,0.35212666590480074,0.09053181845897856
glaum,1000,NO0 0AC,offwind-float,0.49651066767708774,0.41013024086008865,0.08638042681699909
glaum,1000,NO0 0AC,offwind-float,0.43294522581522377,0.3426031063726945,0.09034211944252929
glaum,1000,NO0 0AC,offwind-float,0.5193954804458063,0.4347660487497218,0.0846294316960845
glaum,1000,NO0 0AC,offwind-float,0.45292677874761905,0.36262570073034767,0.09030107801727139
glaum,1000,NO0 0AC,offwind-float,0.49966327486385337,0.4139747679349575,0.08568850692889585
glaum,1000,NO0 0AC,offwind-float,0.4357197666570465,0.34584227733621603,0.08987748932083045
glaum,1000,NO0 0AC,offwind-float,0.474457644848036,0.3883441569533422,0.08611348789469381
glaum,1000,NO0 0AC,offwind-float,0.4137397817723692,0.3249359590056329,0.08880382276673632
glaum,1000,NO0 0AC,offwind-float,0.4851939789357086,0.39854092487633774,0.08665305405937085
glaum,1000,NO0 0AC,offwind-float,0.42307748943912604,0.33350914226002554,0.0895683471791005
glaum,1000,NO0 0AC,offwind-float,0.5220746086973967,0.43742230813057037,0.08465230056682638
glaum,1000,NO0 0AC,offwind-float,0.4552377816257803,0.3648417491808389,0.09039603244494143
glaum,1000,NO0 0AC,offwind-float,0.5162881953200652,0.4329441554430918,0.08334403987697342
glaum,1000,NO0 0AC,offwind-float,0.4502171428427314,0.3608117743718404,0.08940536847089098
glaum,1000,NO0 0AC,offwind-float,0.525231721100028,0.4417630788965093,0.08346864220351874
glaum,1000,NO0 0AC,offwind-float,0.45801613700935,0.36785967697354494,0.09015646003580507
glaum,1000,NO0 0AC,offwind-float,0.49494326481092354,0.4091987226748721,0.08574454213605143
glaum,1000,NO0 0AC,offwind-float,0.43160379139462235,0.3419038265542994,0.08969996484032294
glaum,1000,NO0 0AC,offwind-float,0.5108725606684326,0.4254962596408769,0.08537630102755567
glaum,1000,NO0 0AC,offwind-float,0.4454945642874991,0.35470612269913876,0.09078844158836036
glaum,1000,NO0 0AC,offwind-float,0.5286930294645724,0.44550547114631234,0.08318755831826008
glaum,1000,NO0 0AC,offwind-float,0.4610344906662969,0.37103888177339,0.08999560889290692
glaum,1000,NO0 0AC,offwind-float,0.523347703313402,0.43948798717709736,0.08385971613630461
glaum,1000,NO0 0AC,offwind-float,0.45637322300773536,0.3614177889276867,0.09495543408004864
glaum,1000,NO0 0AC,offwind-float,0.5195735261927056,0.434666197149718,0.08490732904298759
glaum,1000,NO0 0AC,offwind-float,0.4530820394105412,0.35552947673659235,0.09755256267394885
glaum,1000,NO0 0AC,offwind-float,0.47205913812752026,0.3851145620539989,0.08694457607352135
glaum,1000,NO0 0AC,offwind-float,0.41162245871557385,0.3227130915504506,0.08890936716512327
glaum,1000,NO0 0AC,offwind-float,0.5311338520682545,0.44806082712769957,0.08307302494055491
glaum,1000,NO0 0AC,offwind-float,0.46316295339075336,0.37183811283481594,0.09132484055593743
glaum,1000,NO0 0AC,offwind-float,0.5030682235602549,0.4173436914395409,0.08572453212071401
glaum,1000,NO0 0AC,offwind-float,0.4386889731729338,0.34005791075073283,0.09863106242220099
glaum,1000,NO0 0AC,offwind-float,0.5411222589102792,0.45926142708060747,0.08186083182967174
glaum,1000,NO0 0AC,offwind-float,0.47187311184630226,0.38083668491183664,0.09103642693446562
glaum,1000,NO0 0AC,offwind-float,0.5372884893094056,0.4538820276473138,0.08340646166209187
glaum,1000,NO0 0AC,offwind-float,0.4685050095983857,0.3779202640512838,0.09058474554710189
glaum,1000,NO0 0AC,offwind-float,0.5699661353648223,0.4925306789245507,0.07743545644027161
glaum,1000,NO0 0AC,offwind-float,0.49702574513055287,0.40390102065024747,0.0931247244803054
glaum,1000,DE2 0AC,offwind-dc,0.5273738705819145,0.5273738662446659,4.337248671326677e-09
glaum,1000,DE2 0AC,offwind-dc,0.45985954693744013,0.4168364697937677,0.04302307714367243
glaum,1000,DE2 0AC,offwind-dc,0.5308203532994369,0.5308203489951487,4.304288148127e-09
glaum,1000,DE2 0AC,offwind-dc,0.462865092123639,0.4212656792670286,0.041599412856610396
glaum,1000,DE2 0AC,offwind-dc,0.532279891554322,0.5322798873904865,4.1638354986162085e-09
glaum,1000,DE2 0AC,offwind-dc,0.4641623305364624,0.42033921472905506,0.04382311580740733
glaum,1000,DE2 0AC,offwind-dc,0.5296241921398989,0.5296241879089157,4.2309831194131675e-09
glaum,1000,DE2 0AC,offwind-dc,0.46184648947434126,0.4214658093437793,0.04038068013056195
glaum,1000,DE2 0AC,offwind-dc,0.5322079014099624,0.5322078971170212,4.292941224726121e-09
glaum,1000,DE2 0AC,offwind-dc,0.46402322523186024,0.4252786043624939,0.038744620869366364
glaum,1000,DE2 0AC,offwind-dc,0.5309095878240597,0.5309095835660685,4.257991181866316e-09
glaum,1000,DE2 0AC,offwind-dc,0.4629673889595338,0.4210675779688391,0.04189981099069473
glaum,1000,DE2 0AC,offwind-dc,0.5305238542015752,0.5305238500947741,4.106801121395165e-09
glaum,1000,DE2 0AC,offwind-dc,0.46263101890306624,0.4245280635835805,0.038102955319485765
glaum,1000,DE2 0AC,offwind-dc,0.5311851160234938,0.531185111739761,4.283732812915275e-09
glaum,1000,DE2 0AC,offwind-dc,0.4631807711668869,0.42150246806285235,0.04167830310403453
glaum,1000,DK2 0AC,offwind-dc,0.5352345736719661,0.5035564311099837,0.031678142561982425
glaum,1000,DK2 0AC,offwind-dc,0.46671372587625476,0.39659645823923984,0.07011726763701492
glaum,1000,DK2 0AC,offwind-dc,0.5443601108377284,0.5195376342537208,0.024822476584007602
glaum,1000,DK2 0AC,offwind-dc,0.47469660550146964,0.420110636929974,0.05458596857149561
glaum,1000,DK2 0AC,offwind-dc,0.5363964022807319,0.5030008873698055,0.033395514910926405
glaum,1000,DK2 0AC,offwind-dc,0.4677520382123794,0.40970323895301963,0.05804879925935974
glaum,1000,DK2 0AC,offwind-dc,0.5313539750213125,0.4943986343946057,0.036955340626706856
glaum,1000,DK2 0AC,offwind-dc,0.4633283307274865,0.39993490637330775,0.06339342435417877
glaum,1000,DK2 0AC,offwind-dc,0.5404301607038221,0.5095981300429973,0.03083203066082485
glaum,1000,DK2 0AC,offwind-dc,0.47126958366203975,0.4122843945764752,0.05898518908556455
glaum,1000,DK2 0AC,offwind-dc,0.5499393999568215,0.5294039538544388,0.02053544610238267
glaum,1000,DK2 0AC,offwind-dc,0.47956189513826714,0.42674419453476437,0.05281770060350277
glaum,1000,DK2 0AC,offwind-dc,0.5542176897815858,0.5371222070772603,0.017095482704325482
glaum,1000,DK2 0AC,offwind-dc,0.4832683239412006,0.4327669408353054,0.05050138310589519
glaum,1000,DK2 0AC,offwind-dc,0.562675131467233,0.5616620082981841,0.0010131231690488907
glaum,1000,DK2 0AC,offwind-dc,0.49066779433295044,0.44397090506073983,0.04669688927221061
glaum,1000,GB1 0AC,offwind-dc,0.5198471489225365,0.4829493392291289,0.03689780969340756
glaum,1000,GB1 0AC,offwind-dc,0.4533206457640429,0.39089861366649836,0.062422032097544544
glaum,1000,GB1 0AC,offwind-dc,0.5210472211528523,0.48451666234073737,0.03653055881211492
glaum,1000,GB1 0AC,offwind-dc,0.4543671409108141,0.39797406722540796,0.056393073685406137
glaum,1000,GB1 0AC,offwind-dc,0.5200757959152683,0.5165705235271686,0.0035052723880997227
glaum,1000,GB1 0AC,offwind-dc,0.45352003206944447,0.39762754042497245,0.05589249164447202
glaum,1000,GB1 0AC,offwind-dc,0.5225918288547057,0.48542854744037034,0.037163281414335336
glaum,1000,GB1 0AC,offwind-dc,0.45571408022231674,0.38709069152593,0.06862338869638673
glaum,1000,GB1 0AC,offwind-dc,0.5186146418904874,0.47998248908483604,0.03863215280565141
glaum,1000,GB1 0AC,offwind-dc,0.4522198658424519,0.3917381976963285,0.06048166814612338
glaum,1000,GB1 0AC,offwind-dc,0.5226798441421678,0.519211694393365,0.003468149748802829
glaum,1000,GB1 0AC,offwind-dc,0.4557908319117934,0.398164928771555,0.05762590314023841
glaum,1000,GB1 0AC,offwind-dc,0.5248995090616638,0.48800479281817066,0.036894716243493164
glaum,1000,GB1 0AC,offwind-dc,0.45769995824349136,0.39147591736080295,0.0662240408826884
glaum,1000,GB1 0AC,offwind-dc,0.5239251596733889,0.4871205145420764,0.03680464513131254
glaum,1000,GB1 0AC,offwind-dc,0.45685116525714725,0.3977616647076501,0.05908950054949713
glaum,1000,GB1 0AC,offwind-dc,0.5212549564063272,0.48110111248512144,0.0401538439212058
glaum,1000,GB1 0AC,offwind-dc,0.4544964214072126,0.3945170690207156,0.05997935238649699
glaum,1000,GB1 0AC,offwind-dc,0.5243092498529985,0.48660748813908566,0.037701761713912874
glaum,1000,GB1 0AC,offwind-dc,0.4572117173597106,0.3986163777214366,0.05859533963827401
glaum,1000,NL2 0AC,offwind-dc,0.5269760389039471,0.5240044078126788,0.002971631091268301
glaum,1000,NL2 0AC,offwind-dc,0.459510183779388,0.41964069934681053,0.039869484432577484
glaum,1000,NL2 0AC,offwind-dc,0.5314371498175535,0.5314123832696117,2.4766547941812433e-05
glaum,1000,NL2 0AC,offwind-dc,0.46342743715652174,0.4229526933835831,0.04047474377293864
glaum,1000,NL2 0AC,offwind-dc,0.5199684879656592,0.5134847137194317,0.0064837742462274806
glaum,1000,NL2 0AC,offwind-dc,0.45342645666153236,0.4127882363503709,0.04063822031116149
glaum,1000,NL2 0AC,offwind-dc,0.5258892318446037,0.5221947455879268,0.003694486256676899
glaum,1000,NL2 0AC,offwind-dc,0.45858950399990794,0.41974778492707654,0.038841719072831404
glaum,1000,NL2 0AC,offwind-dc,0.5172482544720577,0.5106770535617121,0.006571200910345576
glaum,1000,NL2 0AC,offwind-dc,0.45105434015285417,0.41041113504751375,0.04064320510534042
glaum,1000,NL2 0AC,offwind-dc,0.529951792113504,0.5297842646259112,0.0001675274875927446
glaum,1000,NL2 0AC,offwind-dc,0.4621077786822235,0.4246195359609711,0.03748824272125245
glaum,1000,NL2 0AC,offwind-dc,0.5165405954338386,0.5115754240369351,0.004965171396903445
glaum,1000,NL2 0AC,offwind-dc,0.45043724250626477,0.4064006938357593,0.04403654867050549
glaum,1000,NL2 0AC,offwind-dc,0.5260577436680255,0.5220555687115778,0.004002174956447724
glaum,1000,NL2 0AC,offwind-dc,0.45873645082604847,0.41952410677697416,0.03921234404907431
glaum,1000,NL2 0AC,offwind-dc,0.5178941719327788,0.5114028384766308,0.006491333456147941
glaum,1000,NL2 0AC,offwind-dc,0.45161759748919095,0.4104236681950373,0.041193929294153664
glaum,1000,NL2 0AC,offwind-dc,0.5284802670080772,0.5254410191312341,0.0030392478768430653
glaum,1000,NL2 0AC,offwind-dc,0.4608489561021991,0.4221729157055792,0.038676040396619926
glaum,1000,NL2 0AC,offwind-dc,0.5206960562420978,0.5124634408968842,0.008232615345213579
glaum,1000,NL2 0AC,offwind-dc,0.45403510457125923,0.41214041548282127,0.041894689088437964
glaum,1000,NL2 0AC,offwind-dc,0.5244837557067531,0.5185533448547861,0.005930410851966994
glaum,1000,NL2 0AC,offwind-dc,0.45736389114094167,0.4170100931299302,0.040353798011011466
glaum,1000,NL2 0AC,offwind-dc,0.5176336466478118,0.5117564261067449,0.005877220541066874
glaum,1000,NL2 0AC,offwind-dc,0.4513642352120428,0.4108698873776628,0.040494347834379996
glaum,1000,NL2 0AC,offwind-dc,0.5210049719933815,0.5143512262791262,0.006653745714255255
glaum,1000,NL2 0AC,offwind-dc,0.4543302985114781,0.41332211237041366,0.04100818614106444
glaum,1000,NL2 0AC,offwind-dc,0.5199693372462038,0.5160795484859668,0.003889788760236934
glaum,1000,NL2 0AC,offwind-dc,0.4534271972569278,0.41436365035364425,0.039063546903283564
glaum,1000,NL2 0AC,offwind-dc,0.5206321630924273,0.5177778389304443,0.0028543241619830573
glaum,1000,NL2 0AC,offwind-dc,0.4540051991585676,0.4152342229197273,0.03877097623884029
glaum,1000,NL2 0AC,offwind-dc,0.5279700889609645,0.5247334930420152,0.0032365959189493143
glaum,1000,NL2 0AC,offwind-dc,0.46032592455152216,0.41460702596697235,0.045718898584549805
glaum,1000,NL2 0AC,offwind-dc,0.5261199769548307,0.520438028574109,0.005681948380721669
glaum,1000,NL2 0AC,offwind-dc,0.45879071991999476,0.4183322702513267,0.04045844966866807
glaum,1000,NL2 0AC,offwind-dc,0.5215267220610328,0.5165653422937265,0.004961379767306262
glaum,1000,NL2 0AC,offwind-dc,0.4547587383433634,0.41505411449241025,0.039704623850953136
glaum,1000,NL2 0AC,offwind-dc,0.5222386185145613,0.5200130300116756,0.002225588502885678
glaum,1000,NL2 0AC,offwind-dc,0.45540607133967376,0.41716913340312833,0.03823693793654542
glaum,1000,NL2 0AC,offwind-dc,0.5243108097579668,0.5198034107446728,0.004507399013294
glaum,1000,NL2 0AC,offwind-dc,0.4572130776386486,0.417346205798915,0.039866871839733586
glaum,1000,NL2 0AC,offwind-dc,0.5266311057864297,0.5213226930581054,0.005308412728324274
glaum,1000,NL2 0AC,offwind-dc,0.45920946591398537,0.4185631539605893,0.040646311953396075
glaum,1000,NL2 0AC,offwind-dc,0.5238384724142356,0.5220166283652041,0.001821844049031518
glaum,1000,NL2 0AC,offwind-dc,0.45680118681627424,0.41860845686783327,0.03819272994844097
glaum,1000,NL2 0AC,offwind-dc,0.5309091197490149,0.5308852462347187,2.3873514296224307e-05
glaum,1000,NL2 0AC,offwind-dc,0.4629669807855502,0.4249958513063686,0.03797112947918163
glaum,1000,NL2 0AC,offwind-dc,0.5308390635881156,0.5308166227246042,2.2440863511441478e-05
glaum,1000,NL2 0AC,offwind-dc,0.46290588993574094,0.4225135999504315,0.04039228998530947
glaum,1000,NO0 0AC,offwind-dc,0.5204303772241452,0.5060819400296488,0.01434843719449641
glaum,1000,NO0 0AC,offwind-dc,0.4538292364735642,0.4083520930314304,0.04547714344213383
glaum,1000,NO0 0AC,offwind-dc,0.5551605345664702,0.5551605306619378,3.904532364096269e-09
glaum,1000,NO0 0AC,offwind-dc,0.4841148644442885,0.4449890597482057,0.03912580469608279
glaum,1000,NO0 0AC,offwind-dc,0.5484621119758537,0.5476916059631619,0.0007705060126917962
glaum,1000,NO0 0AC,offwind-dc,0.4782736604275454,0.443480455724842,0.03479320470270336
new_more,1000,DE2 0AC,offwind-ac,0.5207058886490333,0.5207058886320879,1.6945445047156227e-11
new_more,1000,DE2 0AC,offwind-ac,0.48494836194411634,0.4849483619354284,8.6879392569017e-12
new_more,1000,DE2 0AC,offwind-ac,0.507324430948402,0.507324430929117,1.9284907004646357e-11
new_more,1000,DE2 0AC,offwind-ac,0.3853884674165304,0.34687117929769007,0.03851728811884031
new_more,1000,DE2 0AC,offwind-ac,0.4661826574412983,0.4661826574306336,1.0664691352246791e-11
new_more,1000,DK2 0AC,offwind-ac,0.4582376210410759,0.41639112070157924,0.04184650033949666
new_more,1000,DK2 0AC,offwind-ac,0.45357861415717854,0.40245298740382124,0.0511256267533573
new_more,1000,GB1 0AC,offwind-ac,0.3221378023169868,0.2711647308148772,0.05097307150210961
new_more,1000,GB1 0AC,offwind-ac,0.4189454863649131,0.3724603891579243,0.04648509720698879
new_more,1000,GB1 0AC,offwind-ac,0.514912212462471,0.5024933282040487,0.012418884258422302
new_more,1000,GB1 0AC,offwind-ac,0.5097434551773379,0.49260637746502967,0.017137077712308213
new_more,1000,NL2 0AC,offwind-ac,0.38497957987605463,0.34828979137365057,0.036689788502404064
new_more,1000,NL2 0AC,offwind-ac,0.48507167683508684,0.48369886965722125,0.001372807177865587
new_more,1000,NL2 0AC,offwind-ac,0.49530368990143,0.4942796191375751,0.0010240707638548563
new_more,1000,GB1 0AC,offwind-dc,0.5108043680690278,0.4925812947710204,0.01822307329800743
new_more,1000,GB1 0AC,offwind-dc,0.5117399376805744,0.4938291070925472,0.01791083058802717
new_more,1000,GB1 0AC,offwind-dc,0.5125730362945857,0.49428238402294344,0.018290652271642283
new_more,1000,GB1 0AC,offwind-dc,0.5093772506115446,0.491120650298459,0.01825660031308557
new_more,1000,GB1 0AC,offwind-dc,0.5079124803830933,0.48939216680316366,0.01852031357992967
new_more,1000,GB1 0AC,offwind-dc,0.5079196838256346,0.4901869649697949,0.017732718855839658
new_more,1000,GB1 0AC,offwind-dc,0.5079303667544034,0.4936245253666186,0.01430584138778479
new_more,1000,NL2 0AC,offwind-dc,0.5066258360895365,0.5051827115863231,0.0014431245032133777
new_more,1000,DE2 0AC,offwind-float,0.5006116134618892,0.3994477753598974,0.10116383810199181
new_more,1000,GB1 0AC,offwind-float,0.5118259842036629,0.3860272986571152,0.12579868554654766
new_more,1000,GB1 0AC,offwind-float,0.5065388054259818,0.37742998804021743,0.1291088173857644
new_more,1000,NL2 0AC,offwind-float,0.5081293696584045,0.3988694169461238,0.10925995271228067
new_more,1000,NO0 0AC,offwind-float,0.10899700431601946,0.06420783889624083,0.04478916541977862
new_more,1000,NO0 0AC,offwind-float,0.0981262965041368,0.05734798266918284,0.040778313834953964
new_more,1000,NO0 0AC,offwind-float,0.10899700431601946,0.06389212902928647,0.04510487528673299
new_more,1000,BE2 0AC,offwind-ac,0.5023452131362109,0.5023452131330002,3.2107649872159527e-12
new_more,1000,BE2 0AC,offwind-ac,0.47846929344155464,0.4784692933545128,8.704181819751966e-11
new_more,1000,DE2 0AC,offwind-ac,0.4567422220140941,0.4567422220112021,2.891964445694839e-12
new_more,1000,DE2 0AC,offwind-ac,0.43503376271399424,0.4279946408984496,0.007039121815544669
new_more,1000,DE2 0AC,offwind-ac,0.4917401442064578,0.49174014420400464,2.453148795211746e-12
new_more,1000,DE2 0AC,offwind-ac,0.4683682718631084,0.4683682718624797,6.287192988452261e-13
new_more,1000,DE2 0AC,offwind-ac,0.4602870519003193,0.4602870518973286,2.9907187837352467e-12
new_more,1000,DE2 0AC,offwind-ac,0.43841011070473895,0.4333723137052218,0.0050377969995171745
new_more,1000,DK2 0AC,offwind-ac,0.5234311490274871,0.517362661238226,0.006068487789261057
new_more,1000,DK2 0AC,offwind-ac,0.4985530378142063,0.4968056142160511,0.0017474235981552177
new_more,1000,DK2 0AC,offwind-ac,0.5030781251316875,0.4969245486840227,0.006153576447664788
new_more,1000,DK2 0AC,offwind-ac,0.4791673709298244,0.4699648551132579,0.009202515816566503
new_more,1000,DK2 0AC,offwind-ac,0.49692649752623735,0.4816033691436981,0.015323128382539242
new_more,1000,DK2 0AC,offwind-ac,0.47330812347025486,0.4444003463267458,0.02890777714350906
new_more,1000,DK2 0AC,offwind-ac,0.41988060296344565,0.3645093103746824,0.05537129258876322
new_more,1000,DK2 0AC,offwind-ac,0.39992413618413386,0.34929892616928715,0.05062521001484671
new_more,1000,DK2 0AC,offwind-ac,0.4947636500588203,0.4873642131921007,0.0073994368667195665
new_more,1000,DK2 0AC,offwind-ac,0.47122128510110484,0.45821261817614234,0.013008666924962498
new_more,1000,DK2 0AC,offwind-ac,0.498254577410892,0.4920767841872934,0.006177793223598627
new_more,1000,DK2 0AC,offwind-ac,0.4745730811675274,0.470774599044604,0.0037984821229233856
new_more,1000,DK2 0AC,offwind-ac,0.45192686701915086,0.4147471095187902,0.03717975750036068
new_more,1000,DK2 0AC,offwind-ac,0.4304472762862317,0.3939478731593167,0.03649940312691502
new_more,1000,DK2 0AC,offwind-ac,0.5039428411278394,0.49753475698563804,0.006408084142201342
new_more,1000,DK2 0AC,offwind-ac,0.4799637551665516,0.47855518163372135,0.0014085735328302484
new_more,1000,GB1 0AC,offwind-ac,0.3965443948625707,0.3609378706239834,0.03560652423858729
new_more,1000,GB1 0AC,offwind-ac,0.37769707258394153,0.3428915629042781,0.03480550967966345
new_more,1000,GB1 0AC,offwind-ac,0.4430808072804341,0.43086624372684373,0.012214563553590352
new_more,1000,GB1 0AC,offwind-ac,0.42202166011184605,0.4180607145360535,0.003960945575792574
new_more,1000,GB1 0AC,offwind-ac,0.4543714711479315,0.44270161713713735,0.011669854010794178
new_more,1000,GB1 0AC,offwind-ac,0.4327756910489395,0.41655819032259855,0.016217500726340928
new_more,1000,GB1 0AC,offwind-ac,0.4522708892212913,0.44133881589747975,0.01093207332381152
new_more,1000,GB1 0AC,offwind-ac,0.4307749474885881,0.4282599987133836,0.002514948775204473
new_more,1000,GB1 0AC,offwind-ac,0.41433366814035266,0.37053053087005755,0.04380313727029511
new_more,1000,GB1 0AC,offwind-ac,0.39464084111896913,0.34658835399296384,0.048052487126005294
new_more,1000,GB1 0AC,offwind-ac,0.37276401287277616,0.31861860134137054,0.05414541153140562
new_more,1000,GB1 0AC,offwind-ac,0.35504694619497545,0.30375050364279355,0.05129644255218191
new_more,1000,GB1 0AC,offwind-ac,0.47562477200635656,0.46452283186985527,0.011101940136501287
new_more,1000,GB1 0AC,offwind-ac,0.45301884571452206,0.45055714223221105,0.0024617034823110062
new_more,1000,GB1 0AC,offwind-ac,0.45271435721327613,0.4415552371246531,0.01115912008862302
new_more,1000,GB1 0AC,offwind-ac,0.4311973379309379,0.4247922401198375,0.00640509781110038
new_more,1000,GB1 0AC,offwind-ac,0.487443083799226,0.4764406268845242,0.011002456914701808
new_more,1000,GB1 0AC,offwind-ac,0.4642754460469971,0.4618597540551101,0.0024156919918870146
new_more,1000,GB1 0AC,offwind-ac,0.4940798425407646,0.48194357071941835,0.012136271821346245
new_more,1000,GB1 0AC,offwind-ac,0.4705967668892542,0.4623082855802357,0.008288481309018547
new_more,1000,GB1 0AC,offwind-ac,0.4693620718419068,0.45801710607535917,0.011344965766547643
new_more,1000,GB1 0AC,offwind-ac,0.44705380485345186,0.44311047672746523,0.003943328125986634
new_more,1000,GB1 0AC,offwind-ac,0.47024020535765537,0.4577202169852331,0.012519988372422297
new_more,1000,GB1 0AC,offwind-ac,0.4478902016416375,0.4434094526610882,0.004480748980549287
new_more,1000,GB1 0AC,offwind-ac,0.5048148410752701,0.4924564222832749,0.012358418791995174
new_more,1000,GB1 0AC,offwind-ac,0.4808215426601506,0.46400722872574485,0.016814313934405745
new_more,1000,GB1 0AC,offwind-ac,0.4900888232185726,0.47804730991616745,0.01204151330240516
new_more,1000,GB1 0AC,offwind-ac,0.46679543635943976,0.46249247184672315,0.004302964512716612
new_more,1000,GB1 0AC,offwind-ac,0.5046721053149547,0.49328449695507115,0.011387608359883505
new_more,1000,GB1 0AC,offwind-ac,0.48065879384241256,0.4769922111373009,0.003666582705111665
new_more,1000,GB1 0AC,offwind-ac,0.5153814937661325,0.5029712509542565,0.012410242811875971
new_more,1000,GB1 0AC,offwind-ac,0.4908859738816111,0.4725324450629344,0.01835352881867669
new_more,1000,GB4 0AC,offwind-ac,0.5308980261998738,0.4725899734807586,0.05830805271911521
new_more,1000,GB4 0AC,offwind-ac,0.5056650224643275,0.4517997957169201,0.05386522674740746
new_more,1000,NL2 0AC,offwind-ac,0.4998249619347155,0.49948079031989284,0.00034417161482264147
new_more,1000,NL2 0AC,offwind-ac,0.4760688270289329,0.47602246413941207,4.6362889520812356e-05
new_more,1000,NL2 0AC,offwind-ac,0.5061141604187113,0.505535565884589,0.0005785945341222343
new_more,1000,NL2 0AC,offwind-ac,0.4820591067733428,0.4819952111230709,6.389565027187238e-05
new_more,1000,NL2 0AC,offwind-ac,0.50789226499943,0.5074832572967456,0.0004090077026843719
new_more,1000,NL2 0AC,offwind-ac,0.4837526999840559,0.4837004675382852,5.223244577068353e-05
new_more,1000,NL2 0AC,offwind-ac,0.5086808848916233,0.5082389420290483,0.0004419428625750399
new_more,1000,NL2 0AC,offwind-ac,0.48450383763351407,0.48445038760296105,5.3450030553015004e-05
new_more,1000,NL2 0AC,offwind-ac,0.5091228232991543,0.5084065857456119,0.0007162375535423315
new_more,1000,NL2 0AC,offwind-ac,0.4849247711908896,0.48481502769261997,0.00010974349826964325
new_more,1000,NL2 0AC,offwind-ac,0.504575790029799,0.5042438430374503,0.0003319469923487306
new_more,1000,NL2 0AC,offwind-ac,0.48059385344995803,0.4805541338575499,3.971959240811618e-05
new_more,1000,NL2 0AC,offwind-ac,0.4022935387519484,0.357706786640043,0.04458675211190538
new_more,1000,NL2 0AC,offwind-ac,0.38317296593917183,0.3320967055927167,0.05107626034645513
new_more,1000,NL2 0AC,offwind-ac,0.5071340176941345,0.5067590300920859,0.00037498760204857096
new_more,1000,NL2 0AC,offwind-ac,0.48303049134559056,0.48236746540742215,0.0006630259381684156
new_more,1000,NL2 0AC,offwind-ac,0.5101621456729313,0.5098219097880425,0.0003402358848887399
new_more,1000,NL2 0AC,offwind-ac,0.4859146957066116,0.4858069118571379,0.00010778384947368602
new_more,1000,NO0 0AC,offwind-ac,0.2794060251371958,0.22331905126448687,0.056086973872708945
new_more,1000,NO0 0AC,offwind-ac,0.2661261617207011,0.21786196069368874,0.04826420102701234
new_more,1000,NO0 0AC,offwind-ac,0.3865125814911256,0.3381545443899439,0.048358037101181695
new_more,1000,NO0 0AC,offwind-ac,0.36814206035279806,0.3098977374564286,0.05824432289636944
new_more,1000,NO0 0AC,offwind-ac,0.25766355147005676,0.20249790198115936,0.055165649488897406
new_more,1000,NO0 0AC,offwind-ac,0.245363333175917,0.19665843126518984,0.048704901910727155
new_more,1000,NO0 0AC,offwind-ac,0.31700423591481763,0.2606636448186682,0.05634059109614942
new_more,1000,NO0 0AC,offwind-ac,0.30193737057670633,0.2534136338415803,0.048523736735126055
new_more,1000,NO0 0AC,offwind-ac,0.230791470875166,0.17072559346061897,0.060065877414547025
new_more,1000,NO0 0AC,offwind-ac,0.2197959357173738,0.16851797712378735,0.05127795859358644
new_more,1000,NO0 0AC,offwind-ac,0.3649091405337044,0.3197351906293169,0.0451739499043875
new_more,1000,NO0 0AC,offwind-ac,0.34756540736496333,0.3056362375591183,0.041929169805845046
new_more,1000,NO0 0AC,offwind-ac,0.3417560788838015,0.290441242970417,0.05131483591338448
new_more,1000,NO0 0AC,offwind-ac,0.3255127854648239,0.28024242362802504,0.045270361836798834
new_more,1000,BE2 0AC,offwind-dc,0.5292036948419918,0.5292036948384732,3.5186298319445086e-12
new_more,1000,BE2 0AC,offwind-dc,0.5040512208266043,0.4974055832999808,0.006645637526623449
new_more,1000,DE2 0AC,offwind-dc,0.5095331834432335,0.5095331834401258,3.107736290530738e-12
new_more,1000,DE2 0AC,offwind-dc,0.48531562736520917,0.48531562736445477,7.543965452327939e-13
new_more,1000,DE2 0AC,offwind-dc,0.5126603385567461,0.5126603385535217,3.224420730418842e-12
new_more,1000,DE2 0AC,offwind-dc,0.4882941522093163,0.4882679230189653,2.6229190351001463e-05
new_more,1000,DE2 0AC,offwind-dc,0.5172486365202428,0.5172486365175419,2.7008395520056183e-12
new_more,1000,DE2 0AC,offwind-dc,0.4926643733785154,0.49266437337837127,1.4410694859634532e-13
new_more,1000,DE2 0AC,offwind-dc,0.5090548410113651,0.5090548410086175,2.7475799413423374e-12
new_more,1000,DE2 0AC,offwind-dc,0.48486002002703976,0.4800099909122123,0.004850029114827459
new_more,1000,DE2 0AC,offwind-dc,0.521777315755854,0.5217773157527418,3.112177182629239e-12
new_more,1000,DE2 0AC,offwind-dc,0.496977809432894,0.49697780943271147,1.8252066524837574e-13
new_more,1000,DE2 0AC,offwind-dc,0.521611379922069,0.5216113799189165,3.152478278423132e-12
new_more,1000,DE2 0AC,offwind-dc,0.4968197603481778,0.49681976034791153,2.662869924563438e-13
new_more,1000,DE2 0AC,offwind-dc,0.5174857476092324,0.517485747606556,2.676414645463865e-12
new_more,1000,DE2 0AC,offwind-dc,0.4928902148362404,0.49289021483606155,1.7885692926711272e-13
new_more,1000,DE2 0AC,offwind-dc,0.5218623275870626,0.5218623275840548,3.007816218314474e-12
new_more,1000,DE2 0AC,offwind-dc,0.49705878074455173,0.4970587807420126,2.5391355684689643e-12
new_more,1000,DE2 0AC,offwind-dc,0.5112119366812117,0.5112119366781932,3.0184743593508756e-12
new_more,1000,DE2 0AC,offwind-dc,0.48691459129406495,0.48650807097271215,0.00040652032135279903
new_more,1000,DE2 0AC,offwind-dc,0.520136880887298,0.5201368808842289,3.0691005292737827e-12
new_more,1000,DE2 0AC,offwind-dc,0.4954153426431846,0.49541534264236153,8.230638393058598e-13
new_more,1000,DE2 0AC,offwind-dc,0.5062520434662738,0.5062520434629575,3.316347196857805e-12
new_more,1000,DE2 0AC,offwind-dc,0.48219043639014747,0.4791467506095524,0.0030436857805950512
new_more,1000,DE2 0AC,offwind-dc,0.5187963775130098,0.5187963775104752,2.53452814291677e-12
new_more,1000,DE2 0AC,offwind-dc,0.4941385519311811,0.4941385519309586,2.2248869413488137e-13
new_more,1000,DK2 0AC,offwind-dc,0.5248764527472287,0.503723149461098,0.021153303286130742
new_more,1000,DK2 0AC,offwind-dc,0.49992964782562804,0.4696805666860775,0.03024908113955055
new_more,1000,DK2 0AC,offwind-dc,0.5176957069454305,0.491216696612517,0.026479010332913555
new_more,1000,DK2 0AC,offwind-dc,0.49309019503434987,0.46030297974891365,0.03278721528543621
new_more,1000,DK2 0AC,offwind-dc,0.5256314237727956,0.5012404494112426,0.02439097436155302
new_more,1000,DK2 0AC,offwind-dc,0.5006487359023645,0.47017186789201554,0.030476868010348934
new_more,1000,DK2 0AC,offwind-dc,0.5253483274307773,0.5022762257986267,0.023072101632150566
new_more,1000,DK2 0AC,offwind-dc,0.5003790948204963,0.47044216630840213,0.02993692851209412
new_more,1000,DK2 0AC,offwind-dc,0.5354476417377706,0.5290308156247324,0.0064168261130381765
new_more,1000,DK2 0AC,offwind-dc,0.5099713102552952,0.48635268797243764,0.02361862228285755
new_more,1000,DK2 0AC,offwind-dc,0.5325564217771526,0.5177778519920855,0.014778569785067086
new_more,1000,DK2 0AC,offwind-dc,0.5072445963098776,0.48299070828461976,0.024253888025257853
new_more,1000,DK2 0AC,offwind-dc,0.5403583036915159,0.5335318217887811,0.006826481902734827
new_more,1000,DK2 0AC,offwind-dc,0.5146756632922311,0.4976764229376436,0.016999240354587553
new_more,1000,DK2 0AC,offwind-dc,0.5462895551201151,0.5395057623693308,0.006783792750784334
new_more,1000,DK2 0AC,offwind-dc,0.5203250088141054,0.5078956761478123,0.012429332666293091
new_more,1000,DK2 0AC,offwind-dc,0.5271036888199426,0.5196221363640879,0.00748155245585469
new_more,1000,DK2 0AC,offwind-dc,0.5020510257987273,0.4867567925605526,0.015294233238174693
new_more,1000,FR2 0AC,offwind-dc,0.520307689532824,0.5203076895285406,4.283462473608779e-12
new_more,1000,FR2 0AC,offwind-dc,0.49557803294021807,0.49557803293929065,9.274248036206245e-13
new_more,1000,FR2 0AC,offwind-dc,0.5066713412227475,0.5066713412160607,6.686762255014855e-12
new_more,1000,FR2 0AC,offwind-dc,0.48258980538189944,0.4774457637304458,0.005144041651453657
new_more,1000,GB1 0AC,offwind-dc,0.5017115821711565,0.49103151852530613,0.01068006364585039
new_more,1000,GB1 0AC,offwind-dc,0.47786577826469145,0.45906854111727735,0.018797237147414103
new_more,1000,GB1 0AC,offwind-dc,0.5118938218011942,0.5001505494848105,0.011743272316383724
new_more,1000,GB1 0AC,offwind-dc,0.48756406715853967,0.4847081697128717,0.0028558974456679986
new_more,1000,GB1 0AC,offwind-dc,0.5177082589879481,0.5049247086600044,0.01278355032794376
new_more,1000,GB1 0AC,offwind-dc,0.4931021504919865,0.48647174116542335,0.006630409326563169
new_more,1000,GB1 0AC,offwind-dc,0.5030571867520673,0.4905391235040991,0.012518063247968225
new_more,1000,GB1 0AC,offwind-dc,0.4791211051322198,0.4600330124121991,0.019088092720020655
new_more,1000,GB1 0AC,offwind-dc,0.5262787803012617,0.5145461326566394,0.01173264764462234
new_more,1000,GB1 0AC,offwind-dc,0.5012653242815913,0.4987712690366777,0.00249405524491364
new_more,1000,GB1 0AC,offwind-dc,0.5269899066182713,0.5156033896064364,0.011386517011834907
new_more,1000,GB1 0AC,offwind-dc,0.5019426515409137,0.4991540502476545,0.002788601293259141
new_more,1000,GB1 0AC,offwind-dc,0.5176621133043107,0.5058745568025081,0.01178755650180252
new_more,1000,GB1 0AC,offwind-dc,0.4930581980623264,0.4895249137103082,0.0035332843520182178
new_more,1000,GB1 0AC,offwind-dc,0.531922655483951,0.5198689656377833,0.012053689846167726
new_more,1000,GB1 0AC,offwind-dc,0.5066409522368664,0.4964957542721395,0.01014519796472696
new_more,1000,GB1 0AC,offwind-dc,0.5303345859761138,0.5176524271329236,0.012682158843190239
new_more,1000,GB1 0AC,offwind-dc,0.5051283619394349,0.49925480434043906,0.005873557598995827
new_more,1000,GB1 0AC,offwind-dc,0.5198949574847448,0.5078856684903466,0.012009288994398237
new_more,1000,GB1 0AC,offwind-dc,0.4951849175959069,0.48959126148507026,0.00559365611083662
new_more,1000,GB1 0AC,offwind-dc,0.5155127513679257,0.5042873864972565,0.011225364870669274
new_more,1000,GB1 0AC,offwind-dc,0.4910109929528525,0.47507952088518,0.01593147206767248
new_more,1000,GB1 0AC,offwind-dc,0.5227775423832371,0.510733603284061,0.012043939099176115
new_more,1000,GB1 0AC,offwind-dc,0.497930496380377,0.4951271066877129,0.0028033896926640822
new_more,1000,GB1 0AC,offwind-dc,0.5302879200829804,0.5191527651335437,0.011135154949436732
new_more,1000,GB1 0AC,offwind-dc,0.5050839140252685,0.5007343753413911,0.004349538683877441
new_more,1000,GB1 0AC,offwind-dc,0.5298573152869449,0.5177035237703707,0.012153791516574253
new_more,1000,GB1 0AC,offwind-dc,0.5046737754052042,0.5017401573917787,0.0029336180134255097
new_more,1000,GB4 0AC,offwind-dc,0.5268730109208676,0.4686872072580299,0.058185803662837654
new_more,1000,GB4 0AC,offwind-dc,0.5018049625394796,0.43983955500773525,0.06196540753174434
new_more,1000,NL2 0AC,offwind-dc,0.5299330005828496,0.5295825267969733,0.0003504737858763818
new_more,1000,NL2 0AC,offwind-dc,0.5047458634616014,0.5046494703098472,9.639315175424823e-05
new_more,1000,NL2 0AC,offwind-dc,0.5262466280454271,0.5259019350114459,0.00034469303398121376
new_more,1000,NL2 0AC,offwind-dc,0.5012347001873837,0.5012036502055822,3.1049981801478665e-05
new_more,1000,NL2 0AC,offwind-dc,0.5314577163583375,0.531079198566297,0.0003785177920404559
new_more,1000,NL2 0AC,offwind-dc,0.5061981111604344,0.5061493587120562,4.875244837820869e-05
new_more,1000,NL2 0AC,offwind-dc,0.5239794571897203,0.5236436287987618,0.0003358283909584703
new_more,1000,NL2 0AC,offwind-dc,0.49907528548794045,0.4990382642654457,3.70212224947708e-05
new_more,1000,NL2 0AC,offwind-dc,0.5249090251281571,0.5245094357678196,0.00039958936033746006
new_more,1000,NL2 0AC,offwind-dc,0.4999606720768422,0.4999099853038362,5.068677300601454e-05
new_more,1000,NL2 0AC,offwind-dc,0.5085507593043377,0.5081384583712352,0.00041230093310251625
new_more,1000,NL2 0AC,offwind-dc,0.4843798967733663,0.4814641131328182,0.002915783640548064
new_more,1000,NL2 0AC,offwind-dc,0.5179360506277856,0.5175820289211345,0.00035402170665110866
new_more,1000,NL2 0AC,offwind-dc,0.4933191154438062,0.49011845102006985,0.0032006644237363435
new_more,1000,NL2 0AC,offwind-dc,0.5162622788424597,0.5158957698674572,0.00036650897500245527
new_more,1000,NL2 0AC,offwind-dc,0.4917248962045951,0.48865868919299293,0.003066207011602151
new_more,1000,NL2 0AC,offwind-dc,0.5171282790428985,0.516686054623471,0.0004422244194275393
new_more,1000,NL2 0AC,offwind-dc,0.49254973636070465,0.4925074576204777,4.2278740226942e-05
new_more,1000,NL2 0AC,offwind-dc,0.5163217473625581,0.5159244967596581,0.00039725060289996783
new_more,1000,NL2 0AC,offwind-dc,0.4917815382508403,0.486483876255045,0.005297661995795289
new_more,1000,NL2 0AC,offwind-dc,0.5194796470566208,0.5191657305558754,0.00031391650074530375
new_more,1000,NL2 0AC,offwind-dc,0.4947893464191401,0.4947537678934864,3.5578525653667814e-05
new_more,1000,DK2 0AC,offwind-float,0.545715186773407,0.4397794794427899,0.10593570733061713
new_more,1000,DK2 0AC,offwind-float,0.519777939568021,0.4311471470122812,0.0886307925557398
new_more,1000,DK2 0AC,offwind-float,0.5486430637777057,0.4453563804089497,0.10328668336875596
new_more,1000,DK2 0AC,offwind-float,0.5225403941892439,0.4330845340068105,0.0894558601824334
new_more,1000,DK2 0AC,offwind-float,0.5230141226186465,0.4226311797004345,0.10038294291821204
new_more,1000,DK2 0AC,offwind-float,0.49815583221541354,0.4110732115946081,0.08708262062080546
new_more,1000,GB1 0AC,offwind-float,0.45751023745673897,0.34347322811691255,0.11403700933982641
new_more,1000,GB1 0AC,offwind-float,0.4357123712618913,0.34281767831904836,0.09289469294284292
new_more,1000,GB1 0AC,offwind-float,0.49672219758519065,0.39066540209748235,0.1060567954877083
new_more,1000,GB1 0AC,offwind-float,0.4731135336824226,0.38583383390603676,0.08727969977638583
new_more,1000,GB1 0AC,offwind-float,0.4479128042227902,0.33270006680014147,0.1152127374226487
new_more,1000,GB1 0AC,offwind-float,0.4266239975134249,0.33063984541909813,0.09598415209432676
new_more,1000,GB1 0AC,offwind-float,0.4780654882630618,0.3616922098565546,0.11637327840650719
new_more,1000,GB1 0AC,offwind-float,0.45534355739147087,0.36209589838393436,0.09324765900753651
new_more,1000,GB1 0AC,offwind-float,0.4816537915375194,0.3654736610733657,0.11618013046415371
new_more,1000,GB1 0AC,offwind-float,0.4587613125277546,0.364107389035341,0.09465392349241358
new_more,1000,NL2 0AC,offwind-float,0.4022935387519484,0.28818872027136927,0.11410481848057913
new_more,1000,NL2 0AC,offwind-float,0.38317296593917183,0.2779602157820214,0.10521275015715043
new_more,1000,NO0 0AC,offwind-float,0.26663331046283106,0.18223284729628053,0.08440046316655053
new_more,1000,NO0 0AC,offwind-float,0.25393385853810774,0.18029240077856165,0.07364145775954609
new_more,1000,NO0 0AC,offwind-float,0.3188280475241148,0.2244790277377937,0.0943490197863211
new_more,1000,NO0 0AC,offwind-float,0.30367449841081656,0.21398781194247726,0.0896866864683393
new_more,1000,NO0 0AC,offwind-float,0.3074504059805304,0.21612200691681932,0.0913283990637111
new_more,1000,NO0 0AC,offwind-float,0.2927840727306481,0.21245584148879162,0.08032823124185648
new_more,1000,NO0 0AC,offwind-float,0.4530713692077418,0.3665757887945716,0.08649558041317024
new_more,1000,NO0 0AC,offwind-float,0.43148331446883403,0.3555945081114325,0.07588880635740153
new_more,1000,NO0 0AC,offwind-float,0.44743601141172273,0.35721073750873644,0.09022527390298629
new_more,1000,NO0 0AC,offwind-float,0.42616986614427105,0.34811860312521414,0.0780512630190569
new_more,1000,NO0 0AC,offwind-float,0.47925431809125685,0.3945126139838835,0.08474170410737336
new_more,1000,NO0 0AC,offwind-float,0.4564758834354826,0.379051722461229,0.07742416097425364
new_more,1000,NO0 0AC,offwind-float,0.42727603420433097,0.33617003425726394,0.09110599994706703
new_more,1000,NO0 0AC,offwind-float,0.4069414533887796,0.3162991342457671,0.09064231914301246
new_more,1000,NO0 0AC,offwind-float,0.446073096241089,0.35925867792213617,0.08681441831895281
new_more,1000,NO0 0AC,offwind-float,0.424871728844141,0.34628568278333594,0.07858604606080505
new_more,1000,NO0 0AC,offwind-float,0.3629161403932082,0.2760005506142181,0.08691558977899011
new_more,1000,NO0 0AC,offwind-float,0.34566713234588087,0.2710951991618188,0.07457193318406208
new_more,1000,NO0 0AC,offwind-float,0.4972298819589874,0.41183787564163665,0.08539200631735072
new_more,1000,NO0 0AC,offwind-float,0.47359708837204584,0.3981256497620242,0.07547143861002165
new_more,1000,NO0 0AC,offwind-float,0.529545185287706,0.4469515658715978,0.08259361941610821
new_more,1000,NO0 0AC,offwind-float,0.5043764806041541,0.43159353488828944,0.07278294571586463
new_more,1000,NO0 0AC,offwind-float,0.1655517481329879,0.10590767199782718,0.05964407613516072
new_more,1000,NO0 0AC,offwind-float,0.15760257447456166,0.10540457771638448,0.052197996758177184
new_more,1000,NO0 0AC,offwind-float,0.09040154541317945,0.05184077992058935,0.0385607654925901
new_more,1000,NO0 0AC,offwind-float,0.08607829101514923,0.04985430964269433,0.0362239813724549
new_more,1000,NO0 0AC,offwind-float,0.5424968514857079,0.4620173070964016,0.08047954438930632
new_more,1000,NO0 0AC,offwind-float,0.5167125682438877,0.44520509274170794,0.07150747550217973
new_more,1000,NO0 0AC,offwind-float,0.544207918817009,0.4664841003779704,0.07772381843903864
new_more,1000,NO0 0AC,offwind-float,0.5183423104124799,0.4464633209995616,0.07187898941291831
new_more,1000,NO0 0AC,offwind-float,0.5095854583016538,0.4273255678914858,0.08225989041016801
new_more,1000,NO0 0AC,offwind-float,0.48536541765666424,0.4107228274200217,0.07464259023664255
new_more,1000,NO0 0AC,offwind-float,0.03739621144105328,0.01974405161200994,0.01765215982904334
new_more,1000,NO0 0AC,offwind-float,0.03556497232911907,0.019483842774052,0.01608112955506707
new_more,1000,NO0 0AC,offwind-float,0.07587360030691083,0.04309608146737794,0.032777518839532886
new_more,1000,NO0 0AC,offwind-float,0.0722134982036613,0.04101184794778393,0.031201650255877365
new_more,1000,NO0 0AC,offwind-float,0.09457186708069483,0.055293523635923936,0.039278343444770894
new_more,1000,NO0 0AC,offwind-float,0.08999665737754112,0.05215541680831873,0.03784124056922239
new_more,1000,NO0 0AC,offwind-float,0.520734452982572,0.44023905436793487,0.08049539861463717
new_more,1000,NO0 0AC,offwind-float,0.4959845127889915,0.42171377350618905,0.07427073928280248
new_more,1000,NO0 0AC,offwind-float,0.49015772284888215,0.40251214068516683,0.08764558216371532
new_more,1000,NO0 0AC,offwind-float,0.46686106126552135,0.38913811509783197,0.07772294616768938
new_more,1000,NO0 0AC,offwind-float,0.5130861822960003,0.42835170678989526,0.08473447550610508
new_more,1000,NO0 0AC,offwind-float,0.48869975606043187,0.4146825304669744,0.07401722559345747
new_more,1000,NO0 0AC,offwind-float,0.5519078083928852,0.47355504185229863,0.0783527665405866
new_more,1000,NO0 0AC,offwind-float,0.5256500965527667,0.456428182294378,0.06922191425838875
new_more,1000,NO0 0AC,offwind-float,0.49065028744693373,0.40459006855129287,0.08606021889564086
new_more,1000,NO0 0AC,offwind-float,0.46733021480583814,0.3894849482886511,0.07784526651718704
new_more,1000,NO0 0AC,offwind-float,0.01821346631943462,0.009412315558169241,0.008801150761265378
new_more,1000,NO0 0AC,offwind-float,0.01724049394966513,0.00910321191624187,0.00813728203342326
new_more,1000,NO0 0AC,offwind-float,0.5453331335691618,0.4677886881008471,0.07754444546831468
new_more,1000,NO0 0AC,offwind-float,0.5194140449355806,0.44970856380135105,0.06970548113422959
new_more,1000,NO0 0AC,offwind-float,0.5183960009167708,0.4350025909898909,0.08339340992687994
new_more,1000,NO0 0AC,offwind-float,0.4937572047975695,0.42066399953549927,0.07309320526207025
new_more,1000,NO0 0AC,offwind-float,0.5134794252082583,0.42673454586059434,0.08674487934766395
new_more,1000,NO0 0AC,offwind-float,0.489074308566276,0.4147661408378239,0.07430816772845206
new_more,1000,NO0 0AC,offwind-float,0.5191106855199425,0.4363866805126785,0.08272400500726407
new_more,1000,NO0 0AC,offwind-float,0.49441148954993125,0.4208618544178971,0.07354963513203416
new_more,1000,NO0 0AC,offwind-float,0.5358532005059676,0.45520791695883606,0.08064528354713157
new_more,1000,NO0 0AC,offwind-float,0.5103580858884902,0.4387299311872813,0.07162815470120887
new_more,1000,NO0 0AC,offwind-float,0.4846887739760397,0.3999965090763669,0.0846922648996728
new_more,1000,NO0 0AC,offwind-float,0.46165204556350975,0.3860767959192505,0.07557524964425927
new_more,1000,NO0 0AC,offwind-float,0.454566354133556,0.366647733597198,0.08791862053635802
new_more,1000,NO0 0AC,offwind-float,0.43296131145896266,0.3563016104301765,0.07665970102878616
new_more,1000,NO0 0AC,offwind-float,0.44056113521864615,0.35101267901615124,0.08954845620249491
new_more,1000,NO0 0AC,offwind-float,0.41959462640424344,0.3418317739507895,0.07776285245345393
new_more,1000,DK2 0AC,offwind-ac,0.5181656868721196,0.5120479106487356,0.006117776223384053
new_more,1000,DK2 0AC,offwind-ac,0.4935378373280838,0.4924607292657,0.0010771080623838136
new_more,1000,DK2 0AC,offwind-ac,0.4884727433315466,0.48597756420769245,0.002495179123854163
new_more,1000,DK2 0AC,offwind-ac,0.5075326063855811,0.5000015742387924,0.00753103214678863
new_more,1000,DK2 0AC,offwind-ac,0.48341013555157314,0.48203410769937166,0.001376027852201478
new_more,1000,DK2 0AC,offwind-ac,0.47844898041764594,0.4660811243056691,0.012367856111976827
new_more,1000,GB1 0AC,offwind-ac,0.3489918849651776,0.2994364643269874,0.049555420638190184
new_more,1000,GB1 0AC,offwind-ac,0.33240468158068753,0.2899274844526986,0.04247719712798892
new_more,1000,GB1 0AC,offwind-ac,0.32899326946645086,0.2852169119596526,0.04377635750679826
new_more,1000,GB1 0AC,offwind-ac,0.476849525545508,0.4670034875663682,0.009846037979139799
new_more,1000,GB1 0AC,offwind-ac,0.45415838548243814,0.4523681151387318,0.0017902703437063239
new_more,1000,GB1 0AC,offwind-ac,0.4494974360317581,0.4475007040930403,0.0019967319387177995
new_more,1000,GB1 0AC,offwind-ac,0.402440976354851,0.37562380285612024,0.02681717349873075
new_more,1000,GB1 0AC,offwind-ac,0.38331339599372954,0.35526559614494724,0.028047799848782307
new_more,1000,GB1 0AC,offwind-ac,0.3793795164935252,0.34410167004183434,0.03527784645169085
new_more,1000,GB1 0AC,offwind-ac,0.4305896311504994,0.4203817372084461,0.010207893942053292
new_more,1000,GB1 0AC,offwind-ac,0.4101241759498476,0.4080304763743951,0.0020936995754525234
new_more,1000,GB1 0AC,offwind-ac,0.4059151420231186,0.40267030499404083,0.003244837029077796
new_more,1000,GB1 0AC,offwind-ac,0.4349660018381055,0.4242601521455989,0.010705849692506597
new_more,1000,GB1 0AC,offwind-ac,0.41429254251527037,0.4120850977044916,0.0022074448107787803
new_more,1000,GB1 0AC,offwind-ac,0.4100407293589281,0.4062345604080325,0.003806168950895583
new_more,1000,GB1 0AC,offwind-ac,0.41950660844368853,0.4094497573565564,0.010056851087132113
new_more,1000,GB1 0AC,offwind-ac,0.3995679172157038,0.3974497113248191,0.0021182058908846835
new_more,1000,GB1 0AC,offwind-ac,0.39546722035798176,0.39169535331805766,0.003771867039924104
new_more,1000,GB1 0AC,offwind-ac,0.46274586006966406,0.45300296826416764,0.009742891805496423
new_more,1000,GB1 0AC,offwind-ac,0.440752054405466,0.43885766105023105,0.0018943933552349468
new_more,1000,GB1 0AC,offwind-ac,0.4362286918263847,0.4324189395310071,0.003809752295377611
new_more,1000,GB1 0AC,offwind-ac,0.4608940907591143,0.4504280397089263,0.010466051050187997
new_more,1000,GB1 0AC,offwind-ac,0.4389882976691292,0.43689056887786465,0.002097728791264575
new_more,1000,GB1 0AC,offwind-ac,0.43448303622228307,0.4299226087224323,0.00456042749985075
new_more,1000,GB1 0AC,offwind-ac,0.4927833150809335,0.48164745656740987,0.011135858513523611
new_more,1000,GB1 0AC,offwind-ac,0.4693618619644912,0.46689493367517965,0.002466928289311554
new_more,1000,GB1 0AC,offwind-ac,0.46454488184780873,0.46046398329271987,0.004080898555088863
new_more,1000,GB4 0AC,offwind-ac,0.5332256604974634,0.48275501058746906,0.05047064990999439
new_more,1000,GB4 0AC,offwind-ac,0.5078820268442541,0.4915455999091021,0.01633642693515197
new_more,1000,GB4 0AC,offwind-ac,0.5026697208961531,0.48221980961148836,0.02044991128466478
new_more,1000,NL2 0AC,offwind-ac,0.4853358427195719,0.48496924961138,0.00036659310819192603
new_more,1000,NL2 0AC,offwind-ac,0.46226835983590636,0.4622381874941683,3.0172341738077257e-05
new_more,1000,NL2 0AC,offwind-ac,0.4575241791123573,0.45747606262788154,4.8116484475779764e-05
new_more,1000,NO0 0AC,offwind-ac,0.4106072157458371,0.3787486967451954,0.03185851900064168
new_more,1000,NO0 0AC,offwind-ac,0.3910374180645553,0.3583253479448313,0.03271207011972399
new_more,1000,NO0 0AC,offwind-ac,0.3870242682534223,0.3506121271404543,0.03641214111296798
new_more,1000,BE2 0AC,offwind-dc,0.5272733054925648,0.5272733054891007,3.4641178814354134e-12
new_more,1000,BE2 0AC,offwind-dc,0.5022125807760282,0.4935337766394764,0.008678804136551754
new_more,1000,BE2 0AC,offwind-dc,0.49705845937847637,0.4851641274916226,0.011894331886853793
new_more,1000,DE2 0AC,offwind-dc,0.5163611323723205,0.5163611323695795,2.741029625497049e-12
new_more,1000,DE2 0AC,offwind-dc,0.4918190513340755,0.49181905133393794,1.375566327510569e-13
new_more,1000,DE2 0AC,offwind-dc,0.4867715969427745,0.4856489812554548,0.0011226156873196946
new_more,1000,DE2 0AC,offwind-dc,0.5199130496011554,0.519913049598443,2.71238587146172e-12
new_more,1000,DE2 0AC,offwind-dc,0.4952021498137712,0.49520214981363536,1.358357870628879e-13
new_more,1000,DE2 0AC,offwind-dc,0.490119975264251,0.4901199752637973,4.536926390130702e-13
new_more,1000,DE2 0AC,offwind-dc,0.5167061675312329,0.5167061675289706,2.2623014572786815e-12
new_more,1000,DE2 0AC,offwind-dc,0.492147687348474,0.49214768734835956,1.1440848268762238e-13
new_more,1000,DE2 0AC,offwind-dc,0.48709686022224224,0.4862188227677161,0.0008780374545261371
new_more,1000,DE2 0AC,offwind-dc,0.5193880768869718,0.5193880768844851,2.4866775305554256e-12
new_more,1000,DE2 0AC,offwind-dc,0.49467601734308114,0.49467601734295735,1.2378986724570495e-13
new_more,1000,DE2 0AC,offwind-dc,0.48959924240067726,0.4886847167310423,0.000914525669634958
new_more,1000,DE2 0AC,offwind-dc,0.5196406201109565,0.5196406201083087,2.647770891428536e-12
new_more,1000,DE2 0AC,offwind-dc,0.4949426685998977,0.494942668599766,1.3172796187177482e-13
new_more,1000,DE2 0AC,offwind-dc,0.48986315706147643,0.4880117396833951,0.0018514173780813103
new_more,1000,DE2 0AC,offwind-dc,0.5219717194406664,0.5219717194382593,2.4071855619922644e-12
new_more,1000,DE2 0AC,offwind-dc,0.49716297332274967,0.49716297332262804,1.216249323476859e-13
new_more,1000,DE2 0AC,offwind-dc,0.4920606751785779,0.4920606751782912,2.866595849582154e-13
new_more,1000,DE2 0AC,offwind-dc,0.5177550175810641,0.5177550175777537,3.3104630148272918e-12
new_more,1000,DE2 0AC,offwind-dc,0.49314668670020645,0.4931466867000413,1.6514567491299204e-13
new_more,1000,DE2 0AC,offwind-dc,0.48808560701533327,0.4865915541331595,0.0014940528821737464
new_more,1000,DE2 0AC,offwind-dc,0.5166961094524687,0.5166961094492886,3.1801228317362984e-12
new_more,1000,DE2 0AC,offwind-dc,0.4921381073192156,0.492138107319056,1.5959455978986625e-13
new_more,1000,DE2 0AC,offwind-dc,0.4870873785111776,0.48484739352869977,0.0022399849824778495
new_more,1000,DK2 0AC,offwind-dc,0.5150595808512963,0.488725364157578,0.026334216693718326
new_more,1000,DK2 0AC,offwind-dc,0.4905793611362645,0.45871674200110796,0.031862619135156534
new_more,1000,DK2 0AC,offwind-dc,0.48554462947238897,0.4520371088272591,0.03350752064512985
new_more,1000,DK2 0AC,offwind-dc,0.5205254391621199,0.4980882535070465,0.02243718565507341
new_more,1000,DK2 0AC,offwind-dc,0.4957854331672969,0.46612628660313027,0.029659146564166627
new_more,1000,DK2 0AC,offwind-dc,0.4906972724809726,0.45919154105278515,0.03150573142818747
new_more,1000,DK2 0AC,offwind-dc,0.5287487778884551,0.5089368118857222,0.01981196600273294
new_more,1000,DK2 0AC,offwind-dc,0.5036179255793491,0.47548550011910035,0.0281324254602488
new_more,1000,DK2 0AC,offwind-dc,0.4984493813696278,0.4670264997710657,0.0314228815985621
new_more,1000,DK2 0AC,offwind-dc,0.5282884773055722,0.5099602088413178,0.018328268464254394
new_more,1000,DK2 0AC,offwind-dc,0.5031795025807746,0.47586354926497243,0.027315953315802166
new_more,1000,DK2 0AC,offwind-dc,0.49801545783093265,0.4689025536923263,0.029112904138606344
new_more,1000,DK2 0AC,offwind-dc,0.5271790936629395,0.5075293067960104,0.019649786866929086
new_more,1000,DK2 0AC,offwind-dc,0.5021228467318372,0.4735199342248171,0.028602912507020073
new_more,1000,DK2 0AC,offwind-dc,0.49696964625935763,0.4666964376958567,0.03027320856350091
new_more,1000,DK2 0AC,offwind-dc,0.5517393589516207,0.54514762572561,0.006591733226010699
new_more,1000,DK2 0AC,offwind-dc,0.5255157894176992,0.5242916838586901,0.0012241055590090921
new_more,1000,DK2 0AC,offwind-dc,0.5201225111951508,0.5184976933263185,0.0016248178688323955
new_more,1000,GB1 0AC,offwind-dc,0.48242434515004157,0.47214196199714664,0.010282383152894925
new_more,1000,GB1 0AC,offwind-dc,0.4594952425680958,0.4573863698103193,0.002108872757776492
new_more,1000,GB1 0AC,offwind-dc,0.4547795218704304,0.43331836680769126,0.021461155062739157
new_more,1000,GB1 0AC,offwind-dc,0.4982123070239735,0.48824128910978754,0.009971017914185976
new_more,1000,GB1 0AC,offwind-dc,0.4745057061633102,0.4725302104644047,0.0019754956989055383
new_more,1000,GB1 0AC,offwind-dc,0.46963593565772543,0.4669789563094605,0.0026569793482649207
new_more,1000,GB1 0AC,offwind-dc,0.4952997677631884,0.48362335000625617,0.011676417756932234
new_more,1000,GB1 0AC,offwind-dc,0.4717325475908889,0.4692696331123565,0.0024629144785324186
new_more,1000,GB1 0AC,offwind-dc,0.46689123753508976,0.4641570439600335,0.0027341935750562762
new_more,1000,GB1 0AC,offwind-dc,0.5043049180264212,0.4937650822036991,0.01053983582272211
new_more,1000,GB1 0AC,offwind-dc,0.4803358556972571,0.46318435529621205,0.017151500401045072
new_more,1000,GB1 0AC,offwind-dc,0.47540625136907577,0.45761143047049707,0.0177948208985787
new_more,1000,GB1 0AC,offwind-dc,0.5040894123240017,0.4935872901612396,0.01050212216276214
new_more,1000,GB1 0AC,offwind-dc,0.4801305927456595,0.4613030991130479,0.018827493632611603
new_more,1000,GB1 0AC,offwind-dc,0.4752030949958703,0.4541366644027191,0.02106643059315122
new_more,1000,GB1 0AC,offwind-dc,0.5139338873927499,0.5024012802448579,0.01153260714789206
new_more,1000,GB1 0AC,offwind-dc,0.4895071706591625,0.487254516250133,0.0022526544090294975
new_more,1000,GB1 0AC,offwind-dc,0.4844834427018682,0.46770906651044075,0.016774376191427465
new_more,1000,GB1 0AC,offwind-dc,0.5098262869626005,0.4982769026980424,0.011549384264558038
new_more,1000,GB1 0AC,offwind-dc,0.4855947999942092,0.483123539932751,0.0024712600614582025
new_more,1000,GB1 0AC,offwind-dc,0.4806112240246015,0.46379146589577674,0.016819758128824747
new_more,1000,GB1 0AC,offwind-dc,0.508754597687139,0.49757562817143186,0.011178969515707182
new_more,1000,GB1 0AC,offwind-dc,0.4845479359812942,0.4822194820941289,0.0023284538871652938
new_more,1000,GB1 0AC,offwind-dc,0.47957510379711893,0.46355555844127255,0.016019545355846376
new_more,1000,GB1 0AC,offwind-dc,0.5135838521888885,0.5018292837132766,0.011754568475611848
new_more,1000,GB1 0AC,offwind-dc,0.4891737722464938,0.47228780866821535,0.01688596357827843
new_more,1000,GB1 0AC,offwind-dc,0.4841534658998051,0.4659947618362614,0.01815870406354375
new_more,1000,GB1 0AC,offwind-dc,0.5126157196866723,0.5024654594715545,0.010150260215117779
new_more,1000,GB1 0AC,offwind-dc,0.48825165402543785,0.4705440344217412,0.017707619603696656
new_more,1000,GB1 0AC,offwind-dc,0.48324081121956064,0.46417503540387695,0.019065775815683694
new_more,1000,GB1 0AC,offwind-dc,0.5076587240089265,0.4969467168803298,0.010712007128596712
new_more,1000,GB1 0AC,offwind-dc,0.48353025894193224,0.48131471244020707,0.002215546501725174
new_more,1000,GB1 0AC,offwind-dc,0.4785678710022964,0.47431775937758885,0.004250111624707564
new_more,1000,GB1 0AC,offwind-dc,0.5094218727554439,0.4976297566571152,0.011792116098328753
new_more,1000,GB1 0AC,offwind-dc,0.48520960715292005,0.46755734380872016,0.017652263344199892
new_more,1000,GB1 0AC,offwind-dc,0.48022998435123665,0.45350391729870093,0.026726067052535718
new_more,1000,GB4 0AC,offwind-dc,0.5134854068102873,0.43857825759065966,0.07490714921962766
new_more,1000,GB4 0AC,offwind-dc,0.48908000586928924,0.4315350494428588,0.05754495642643043
new_more,1000,GB4 0AC,offwind-dc,0.4840606618308135,0.41262187387730803,0.07143878795350544
new_more,1000,NL2 0AC,offwind-dc,0.5144348303976557,0.514081994601251,0.00035283579640466023
new_more,1000,NL2 0AC,offwind-dc,0.4899843043898003,0.48697637475474814,0.0030079296350521423
new_more,1000,NL2 0AC,offwind-dc,0.484955679691037,0.4793778792823829,0.005577800408654077
new_more,1000,NL2 0AC,offwind-dc,0.5073737393782517,0.5069815454516976,0.00039219392655409635
new_more,1000,NL2 0AC,offwind-dc,0.48325881931970643,0.4776046401840265,0.005654179135679949
new_more,1000,NL2 0AC,offwind-dc,0.47829921711825907,0.4698519261199715,0.00844729099828756
new_more,1000,NL2 0AC,offwind-dc,0.5263338268875164,0.525983855289347,0.00034997159816940737
new_more,1000,NL2 0AC,offwind-dc,0.501317754563682,0.5012883890895069,2.93654741750915e-05
new_more,1000,NL2 0AC,offwind-dc,0.49614549229428506,0.4960975275984824,4.796469580264917e-05
new_more,1000,NL2 0AC,offwind-dc,0.5158131785048057,0.5154162467362636,0.0003969317685420526
new_more,1000,NL2 0AC,offwind-dc,0.4912971411158183,0.48804001277301623,0.0032571283428020625
new_more,1000,NL2 0AC,offwind-dc,0.4862550429993826,0.4802492722959329,0.006005770703449709
new_more,1000,NL2 0AC,offwind-dc,0.5195940163041475,0.5192365189369808,0.00035749736716672587
new_more,1000,NL2 0AC,offwind-dc,0.49489827982116047,0.4948685333102296,2.9746510930850345e-05
new_more,1000,NL2 0AC,offwind-dc,0.48981922383714604,0.486837039457148,0.002982184379998032
new_more,1000,NO0 0AC,offwind-dc,0.5203485254660712,0.5203485254632256,2.8456126344167387e-12
new_more,1000,NO0 0AC,offwind-dc,0.4956169279861288,0.48764835554684327,0.007968572439285504
new_more,1000,NO0 0AC,offwind-dc,0.4905304966395164,0.479586988100615,0.010943508538901414
new_more,1000,DK2 0AC,offwind-float,0.5177163408811849,0.404175025738983,0.11354131514220189
new_more,1000,DK2 0AC,offwind-float,0.49310984826165877,0.397391585957709,0.09571826230394975
new_more,1000,DK2 0AC,offwind-float,0.4880491466433486,0.39189312931699904,0.09615601732634954
new_more,1000,DK2 0AC,offwind-float,0.5121595257464547,0.3981529573213284,0.11400656842512635
new_more,1000,DK2 0AC,offwind-float,0.48781714248528507,0.39145398188938996,0.09636316059589511
new_more,1000,DK2 0AC,offwind-float,0.48281075899666176,0.3865628285716477,0.09624793042501406
new_more,1000,DK2 0AC,offwind-float,0.5132574377901125,0.4113441510499851,0.10191328674012734
new_more,1000,DK2 0AC,offwind-float,0.48886287196782596,0.40170095623155266,0.0871619157362733
new_more,1000,DK2 0AC,offwind-float,0.4838457563372605,0.3924131509765438,0.09143260536071673
new_more,1000,DK2 0AC,offwind-float,0.5054573114380964,0.4026053557776369,0.10285195566045946
new_more,1000,DK2 0AC,offwind-float,0.48143347710785744,0.394354268345552,0.08707920876230546
new_more,1000,DK2 0AC,offwind-float,0.4764926080797954,0.38379787103926655,0.09269473704052883
new_more,1000,GB1 0AC,offwind-float,0.4487738741578641,0.3426879791098896,0.10608589504797455
new_more,1000,GB1 0AC,offwind-float,0.42744414173430134,0.3398727987448243,0.08757134298947705
new_more,1000,GB1 0AC,offwind-float,0.4230573559756358,0.3338341876949881,0.08922316828064769
new_more,1000,GB1 0AC,offwind-float,0.505414904240378,0.4069917420633233,0.09842316217705477
new_more,1000,GB1 0AC,offwind-float,0.4813930854779613,0.3965337580675339,0.0848593274104274
new_more,1000,GB1 0AC,offwind-float,0.4764526309822545,0.3926372464535158,0.08381538452873871
new_more,1000,GB1 0AC,offwind-float,0.4597443348648994,0.35288726304244966,0.10685707182244975
new_more,1000,GB1 0AC,offwind-float,0.4378668589024198,0.35108090131726205,0.08678595758515772
new_more,1000,GB1 0AC,offwind-float,0.43337310658888656,0.3199684996550939,0.11340460693379267
new_more,1000,GB1 0AC,offwind-float,0.494211504337641,0.3881400795007048,0.10607142483693621
new_more,1000,GB1 0AC,offwind-float,0.47072217094462754,0.38447424316003825,0.08624792778458928
new_more,1000,GB1 0AC,offwind-float,0.46589123021068823,0.37840650662721015,0.08748472358347809
new_more,1000,GB1 0AC,offwind-float,0.4800317298622256,0.36692950367280114,0.11310222618942445
new_more,1000,GB1 0AC,offwind-float,0.457216345673485,0.36512142927539815,0.09209491639808687
new_more,1000,GB1 0AC,offwind-float,0.45252401290295824,0.35443153588530346,0.09809247701765478
new_more,1000,GB1 0AC,offwind-float,0.5083773074295374,0.4043911579515647,0.10398614947797263
new_more,1000,GB1 0AC,offwind-float,0.4842146888768609,0.3984318608415675,0.08578282803529341
new_more,1000,GB1 0AC,offwind-float,0.4792452767504407,0.3939900263297212,0.08525525042071952
new_more,1000,GB4 0AC,offwind-float,0.4846530444037194,0.34652177777988735,0.13813126662383207
new_more,1000,GB4 0AC,offwind-float,0.4616180141787648,0.3521916116875487,0.1094264024912161
new_more,1000,GB4 0AC,offwind-float,0.4568805078409154,0.30742054313561124,0.14945996470530415
new_more,1000,GB4 0AC,offwind-float,0.5059767058746976,0.36880515466336994,0.13717155121132762
new_more,1000,GB4 0AC,offwind-float,0.48190165053709044,0.37325840737135235,0.10864324316573809
new_more,1000,GB4 0AC,offwind-float,0.47695597672559253,0.3601030902083951,0.11685288651719744
new_more,1000,NO0 0AC,offwind-float,0.5222486107516796,0.4387705505569271,0.08347806019475251
new_more,1000,NO0 0AC,offwind-float,0.49742670429196395,0.4236805017562151,0.07374620253574887
new_more,1000,NO0 0AC,offwind-float,0.4923216995221844,0.4184352363730644,0.07388646314912001
new_more,1000,NO0 0AC,offwind-float,0.5341158249199195,0.4551136637701902,0.0790021611497293
new_more,1000,NO0 0AC,offwind-float,0.5087298827232826,0.43480988786999025,0.07391999485329231
new_more,1000,NO0 0AC,offwind-float,0.5035088753760225,0.4302773123486406,0.07323156302738193
new_more,1000,NO0 0AC,offwind-float,0.3768303445506696,0.28701071562316327,0.08981962892750633
new_more,1000,NO0 0AC,offwind-float,0.3588934898380308,0.28395769490790534,0.07493579493012548
new_more,1000,NO0 0AC,offwind-float,0.35521022763747445,0.27570753609791143,0.07950269153956302
new_more,1000,NO0 0AC,offwind-float,0.5212027154737032,0.4362031643197088,0.08499955115399443
new_more,1000,NO0 0AC,offwind-float,0.4964305192750053,0.422309761055128,0.07412075821987729
new_more,1000,NO0 0AC,offwind-float,0.4913357381808332,0.40897917003907275,0.08235656814176046
new_more,1000,NO0 0AC,offwind-float,0.380714777279157,0.293856377782977,0.08685839949617996
new_more,1000,NO0 0AC,offwind-float,0.362619819446999,0.2860856343604061,0.07653418508659288
new_more,1000,NO0 0AC,offwind-float,0.35889831456613724,0.28189753366719983,0.07700078089893742
new_more,1000,NO0 0AC,offwind-float,0.2826843523709291,0.19440796384390704,0.08827638852702205
new_more,1000,NO0 0AC,offwind-float,0.26919482964271285,0.18472166590524186,0.08447316373747099
new_more,1000,NO0 0AC,offwind-float,0.26643212937457555,0.18146502246558197,0.08496710690899359
new_more,1000,NO0 0AC,offwind-float,0.4354117149138982,0.34673309216570475,0.08867862274819344
new_more,1000,NO0 0AC,offwind-float,0.41471707133504515,0.33704886360697855,0.0776682077280666
new_more,1000,NO0 0AC,offwind-float,0.41046090131239243,0.3316568283364593,0.07880407297593311
new_more,1000,NO0 0AC,offwind-float,0.5282439412619078,0.4460754523022581,0.08216848895964968
new_more,1000,NO0 0AC,offwind-float,0.5031370832866566,0.42967886068737443,0.0734582225992822
new_more,1000,NO0 0AC,offwind-float,0.49797347387873925,0.42437276349940445,0.0736007103793348
new_more,1000,NO0 0AC,offwind-float,0.5489812304848938,0.47289558100700246,0.07608564947789132
new_more,1000,NO0 0AC,offwind-float,0.5228887517866309,0.45135829537211836,0.0715304564145125
new_more,1000,NO0 0AC,offwind-float,0.517522434399762,0.4466000717480724,0.07092236265168955
new_more,1000,NO0 0AC,offwind-float,0.5475745376717513,0.46922310397719635,0.078351433694555
new_more,1000,NO0 0AC,offwind-float,0.5215489175475593,0.4510295104463896,0.07051940710116966
new_more,1000,NO0 0AC,offwind-float,0.516196350649199,0.44150842191193795,0.07468792873726104
new_more,1000,NO0 0AC,offwind-float,0.5549493378812475,0.47845034599457353,0.07649899188667392
new_more,1000,NO0 0AC,offwind-float,0.5285467510034865,0.4582493874984345,0.07029736350505195
new_more,1000,NO0 0AC,offwind-float,0.5231223665431368,0.4528398473076073,0.07028251923552953
new_more,1000,NO0 0AC,offwind-float,0.5559379533020118,0.4789978475523316,0.07694010574968019
new_more,1000,NO0 0AC,offwind-float,0.5295148291611804,0.4589521518206054,0.07056267734057503
new_more,1000,NO0 0AC,offwind-float,0.5240805094810892,0.45348911432523903,0.07059139515585017
new_more,1000,NO0 0AC,offwind-float,0.5573680621337042,0.48362498051146807,0.07374308162223608
new_more,1000,NO0 0AC,offwind-float,0.5308769664809978,0.4606108667970013,0.0702660996839965
new_more,1000,NO0 0AC,offwind-float,0.5254286674197136,0.4557749143217886,0.06965375309792499
new_more,1000,NO0 0AC,offwind-float,0.54981406949844,0.47007509285151977,0.07973897664692026
new_more,1000,NO0 0AC,offwind-float,0.5236555226364003,0.45395800202290615,0.0696975206134941
new_more,1000,NO0 0AC,offwind-float,0.5182813360120908,0.4477774716816891,0.07050386433040173
new_more,1000,NO0 0AC,offwind-float,0.502715408930887,0.4179454532699797,0.08476995566090723
new_more,1000,NO0 0AC,offwind-float,0.47876928217709436,0.40371665096469295,0.07505263121240141
new_more,1000,NO0 0AC,offwind-float,0.473855755323692,0.3984974048862338,0.0753583504374582
new_more,1000,NO0 0AC,offwind-float,0.4960990900366893,0.40964210247776095,0.08645698755892833
new_more,1000,NO0 0AC,offwind-float,0.4724935966006913,0.39760430853623024,0.07488928806446105
new_more,1000,NO0 0AC,offwind-float,0.4676444760297115,0.39264192416008753,0.07500255186962396
new_more,1000,NO0 0AC,offwind-float,0.4919454821015955,0.40432624047648275,0.08761924162511275
new_more,1000,NO0 0AC,offwind-float,0.46853755271029357,0.39307158425541855,0.07546596845487502
new_more,1000,NO0 0AC,offwind-float,0.46372903233780666,0.3832350159920071,0.08049401634579956
new_more,1000,NO0 0AC,offwind-float,0.45486372059327795,0.35659502682457284,0.09826869376870512
new_more,1000,NO0 0AC,offwind-float,0.4332445444154152,0.3551627047521984,0.0780818396632168
new_more,1000,NO0 0AC,offwind-float,0.42879823012099116,0.3291435616143336,0.09965466850665755
new_more,1000,BE2 0AC,offwind-ac,0.49698446606588287,0.49698446606278424,3.098632461728812e-12
new_more,1000,BE2 0AC,offwind-ac,0.47336333682848086,0.4733633368283272,1.5365486660812167e-13
new_more,1000,BE2 0AC,offwind-ac,0.46850529026303195,0.4685052902623659,6.660227924726314e-13
new_more,1000,BE2 0AC,offwind-ac,0.46276454813534323,0.45852740015857324,0.004237147976769995
new_more,1000,DK2 0AC,offwind-ac,0.5025487187581177,0.4954139461648251,0.007134772593292593
new_more,1000,DK2 0AC,offwind-ac,0.47866312666336874,0.4620167847284278,0.016646341934940967
new_more,1000,DK2 0AC,offwind-ac,0.473750689265758,0.45487800100359416,0.018872688262163817
new_more,1000,DK2 0AC,offwind-ac,0.46794567362044354,0.44566839346681114,0.022277280153632395
new_more,1000,DK2 0AC,offwind-ac,0.5126600862995525,0.5061898278801332,0.006470258419419284
new_more,1000,DK2 0AC,offwind-ac,0.48829391194163196,0.48709865591490165,0.001195256026730318
new_more,1000,DK2 0AC,offwind-ac,0.4832826354500241,0.4821110828081122,0.0011715526419118771
new_more,1000,DK2 0AC,offwind-ac,0.4773608218812792,0.46434253633327144,0.013018285548007769
new_more,1000,DK2 0AC,offwind-ac,0.45877249594356245,0.4371002737705963,0.02167222217296616
new_more,1000,DK2 0AC,offwind-ac,0.43696753993954157,0.4091035868059906,0.027863953133550945
new_more,1000,DK2 0AC,offwind-ac,0.43248301718195187,0.4028272166412451,0.029655800540706767
new_more,1000,DK2 0AC,offwind-ac,0.42718366725390194,0.3959031418976822,0.031280525356219724
new_more,1000,GB1 0AC,offwind-ac,0.40095362890304914,0.3920667619997881,0.008886866903261015
new_more,1000,GB1 0AC,offwind-ac,0.3818967405429435,0.36593456573678235,0.015962174806161133
new_more,1000,GB1 0AC,offwind-ac,0.37797739993413965,0.3604564390187444,0.017520960915395234
new_more,1000,GB1 0AC,offwind-ac,0.37334592441355813,0.35392025394561366,0.019425670467944467
new_more,1000,GB1 0AC,offwind-ac,0.3826216572499962,0.3510074947443267,0.03161416250566951
new_more,1000,GB1 0AC,offwind-ac,0.3644098860779352,0.33307357125568154,0.03133631482225363
new_more,1000,GB1 0AC,offwind-ac,0.36067001005091204,0.3283802317592063,0.03228977829170576
new_more,1000,GB1 0AC,offwind-ac,0.35625060740183895,0.3114299080173433,0.04482069938449562
new_more,1000,GB1 0AC,offwind-ac,0.46243837621522893,0.4512775534315444,0.01116082278368452
new_more,1000,GB1 0AC,offwind-ac,0.44045918492302816,0.4381130001025276,0.00234618482050053
new_more,1000,GB1 0AC,offwind-ac,0.43593882801310757,0.43335017381290086,0.002588654200206708
new_more,1000,GB1 0AC,offwind-ac,0.4305971329520655,0.4246256872536352,0.005971445698430278
new_more,1000,NL2 0AC,offwind-ac,0.4847349099520578,0.484419702519704,0.00031520743235380344
new_more,1000,NL2 0AC,offwind-ac,0.46169598874694295,0.4616693710232872,2.661772365575299e-05
new_more,1000,NL2 0AC,offwind-ac,0.45695768216950233,0.4569276059883537,3.0076181148641634e-05
new_more,1000,NL2 0AC,offwind-ac,0.45135843650222573,0.4512018577334086,0.0001565787688171394
new_more,1000,NO0 0AC,offwind-ac,0.30278600489628293,0.24344280511704575,0.05934319977923719
new_more,1000,NO0 0AC,offwind-ac,0.28839491655996535,0.22706019421869367,0.061334722341271686
new_more,1000,NO0 0AC,offwind-ac,0.2854351690998559,0.22585691079517226,0.059578258304683634
new_more,1000,NO0 0AC,offwind-ac,0.2819376425317876,0.220209989950546,0.061727652581241604
new_more,1000,NO0 0AC,offwind-ac,0.3143517054759825,0.2553471699280701,0.05900453554791241
new_more,1000,NO0 0AC,offwind-ac,0.2994109120145193,0.2505761044801208,0.048834807534398506
new_more,1000,NO0 0AC,offwind-ac,0.2963381092864595,0.2469195526055121,0.049418556680947384
new_more,1000,NO0 0AC,offwind-ac,0.29270698557584923,0.24252179107057162,0.050185194505277614
new_more,1000,DE2 0AC,offwind-dc,0.5084608975394281,0.5084608975357142,3.713918061976074e-12
new_more,1000,DE2 0AC,offwind-dc,0.48429430604006307,0.48429430603987833,1.8474111129762605e-13
new_more,1000,DE2 0AC,offwind-dc,0.4793240768163813,0.47766591879000336,0.0016581580263779205
new_more,1000,DE2 0AC,offwind-dc,0.47345076870698855,0.46825805069728454,0.0051927180097040004
new_more,1000,DE2 0AC,offwind-dc,0.5141627069622341,0.5141627069587184,3.5157432520804832e-12
new_more,1000,DE2 0AC,offwind-dc,0.4897251146842545,0.4897251146840787,1.7580381594939354e-13
new_more,1000,DE2 0AC,offwind-dc,0.48469915000489033,0.48283679757555603,0.001862352429334302
new_more,1000,DE2 0AC,offwind-dc,0.4787599794394399,0.4733844455940667,0.005375533845373148
new_more,1000,DE2 0AC,offwind-dc,0.5172176965871159,0.5172176965849444,2.1714852138643437e-12
new_more,1000,DE2 0AC,offwind-dc,0.4926085501319685,0.49260855013185983,1.0869083411080283e-13
new_more,1000,DE2 0AC,offwind-dc,0.4875529932502015,0.4872150832981691,0.00033790995203242247
new_more,1000,DE2 0AC,offwind-dc,0.4815788536492148,0.47750729746342,0.0040715561857948
new_more,1000,DE2 0AC,offwind-dc,0.5152362036950485,0.5152362036925252,2.5233148903680558e-12
new_more,1000,DE2 0AC,offwind-dc,0.4907475892890286,0.49074758928890183,1.2678746941219288e-13
new_more,1000,DE2 0AC,offwind-dc,0.48571113112853576,0.4843852397361177,0.001325891392418066
new_more,1000,DE2 0AC,offwind-dc,0.47975956044127316,0.4748896190243997,0.004869941416873469
new_more,1000,DE2 0AC,offwind-dc,0.52202923733326,0.5220292373310448,2.215228001034575e-12
new_more,1000,DE2 0AC,offwind-dc,0.49721775745268626,0.4972177574525747,1.1157741397482823e-13
new_more,1000,DE2 0AC,offwind-dc,0.4921148970684051,0.49211489706827644,1.2867484855405564e-13
new_more,1000,DE2 0AC,offwind-dc,0.4860848590304616,0.4842019396329186,0.001882919397543037
new_more,1000,DE2 0AC,offwind-dc,0.5225125939681604,0.5225125939651747,2.9857227801244335e-12
new_more,1000,DE2 0AC,offwind-dc,0.49767814067429034,0.4976781406741422,1.4815926263622714e-13
new_more,1000,DE2 0AC,offwind-dc,0.49257055545613526,0.4925705554559639,1.713629238508929e-13
new_more,1000,DE2 0AC,offwind-dc,0.4865349340931865,0.4854708408911938,0.0010640932019926885
new_more,1000,DK2 0AC,offwind-dc,0.5116913710199792,0.4834447415565712,0.028246629463408002
new_more,1000,DK2 0AC,offwind-dc,0.48737123864199056,0.4542595333986415,0.033111705243349054
new_more,1000,DK2 0AC,offwind-dc,0.4823694313878702,0.44761588988676804,0.03475354150110216
new_more,1000,DK2 0AC,offwind-dc,0.47645880759465126,0.4371389566932795,0.039319850901371745
new_more,1000,DK2 0AC,offwind-dc,0.5218337581025579,0.5032189182104548,0.018614839892103108
new_more,1000,DK2 0AC,offwind-dc,0.49703156913646335,0.469794887359683,0.027236681776780347
new_more,1000,DK2 0AC,offwind-dc,0.49193061957087,0.462705060637557,0.029225558933312967
new_more,1000,DK2 0AC,offwind-dc,0.48590283954284713,0.4540998599508398,0.03180297959200734
new_more,1000,DK2 0AC,offwind-dc,0.5179478236524431,0.49402436697209007,0.023923456680353006
new_more,1000,DK2 0AC,offwind-dc,0.4933303289094512,0.46301522420584407,0.030315104703607154
new_more,1000,DK2 0AC,offwind-dc,0.4882673645361485,0.4560999557248655,0.032167408811282994
new_more,1000,DK2 0AC,offwind-dc,0.4822844715199468,0.4463515399693391,0.03593293155060773
new_more,1000,DK2 0AC,offwind-dc,0.5162694521645143,0.4887806347952755,0.02748881736923875
new_more,1000,DK2 0AC,offwind-dc,0.4917317285864817,0.45911392863892425,0.032617799947557424
new_more,1000,DK2 0AC,offwind-dc,0.4866851703735303,0.4522434397285491,0.03444173064498124
new_more,1000,DK2 0AC,offwind-dc,0.4807216644781837,0.44425616926056694,0.03646549521761677
new_more,1000,DK2 0AC,offwind-dc,0.5177286826375591,0.4940378236841495,0.02369085895340961
new_more,1000,DK2 0AC,offwind-dc,0.493121603427823,0.4627525159710571,0.03036908745676592
new_more,1000,DK2 0AC,offwind-dc,0.48806078116826285,0.4557096192947146,0.03235116187354825
new_more,1000,DK2 0AC,offwind-dc,0.48208041948280084,0.44614655012541354,0.035933869357387294
new_more,1000,DK2 0AC,offwind-dc,0.5249270181378888,0.5081208818638513,0.016806136274037486
new_more,1000,DK2 0AC,offwind-dc,0.49995085099726705,0.47341254929092985,0.026538301706337197
new_more,1000,DK2 0AC,offwind-dc,0.4948199413436946,0.46621547679425096,0.028604464549443653
new_more,1000,DK2 0AC,offwind-dc,0.4887567575506206,0.45798311653759666,0.030773641013023934
new_more,1000,DK2 0AC,offwind-dc,0.5310866011196899,0.5240263649201592,0.007060236199530667
new_more,1000,DK2 0AC,offwind-dc,0.5058446346240253,0.48376405995665994,0.02208057466736535
new_more,1000,DK2 0AC,offwind-dc,0.5006532380820992,0.4762759655602698,0.024377272521829363
new_more,1000,DK2 0AC,offwind-dc,0.4945185770762265,0.46780686645457226,0.026711710621654228
new_more,1000,DK2 0AC,offwind-dc,0.5267272559897356,0.5102956928070475,0.016431563182688125
new_more,1000,DK2 0AC,offwind-dc,0.5016924844100815,0.47555434443102224,0.026138139979059283
new_more,1000,DK2 0AC,offwind-dc,0.4965437006721407,0.46830653703780695,0.028237163634333762
new_more,1000,DK2 0AC,offwind-dc,0.49045939511587544,0.46001973296163784,0.0304396621542376
new_more,1000,DK2 0AC,offwind-dc,0.5211211521148804,0.4979717135342862,0.023149438580594206
new_more,1000,DK2 0AC,offwind-dc,0.49635283253360474,0.46557512811486035,0.03077770441874439
new_more,1000,DK2 0AC,offwind-dc,0.4912588487251071,0.4586541046866265,0.032604744038480626
new_more,1000,DK2 0AC,offwind-dc,0.48523930011575683,0.45037930273409166,0.034859997381665175
new_more,1000,DK2 0AC,offwind-dc,0.5231568846714408,0.5013631181692432,0.021793766502197665
new_more,1000,DK2 0AC,offwind-dc,0.49826551953243897,0.46835007762705866,0.029915441905380313
new_more,1000,DK2 0AC,offwind-dc,0.4931519061460197,0.46133213367344633,0.03181977247257339
new_more,1000,DK2 0AC,offwind-dc,0.48710916131090154,0.44963096758290905,0.03747819372799249
new_more,1000,DK2 0AC,offwind-dc,0.5352636144200885,0.5284627313671504,0.006800883052938134
new_more,1000,DK2 0AC,offwind-dc,0.5097965235075997,0.4877279643472082,0.02206855916039152
new_more,1000,DK2 0AC,offwind-dc,0.5045645694093015,0.4802372300506013,0.024327339358700184
new_more,1000,DK2 0AC,offwind-dc,0.4983819816350612,0.47179889453243906,0.026583087102622138
new_more,1000,DK2 0AC,offwind-dc,0.550450977790906,0.543540034181142,0.006910943609763964
new_more,1000,DK2 0AC,offwind-dc,0.5242886436073471,0.5229756264607048,0.0013130171466422258
new_more,1000,DK2 0AC,offwind-dc,0.5189079593713318,0.51780787333418,0.0011000860371518373
new_more,1000,DK2 0AC,offwind-dc,0.5125496175453866,0.49867474908416626,0.01387486846122038
new_more,1000,DK2 0AC,offwind-dc,0.5435171662525291,0.5370781100972711,0.006439056155257972
new_more,1000,DK2 0AC,offwind-dc,0.5176843885634664,0.5027160828545122,0.014968305708954244
new_more,1000,DK2 0AC,offwind-dc,0.512371482661845,0.49486776206954275,0.017503720592302208
new_more,1000,DK2 0AC,offwind-dc,0.5060932343332255,0.48554102179293507,0.020552212540290438
new_more,1000,DK2 0AC,offwind-dc,0.5399947374667353,0.5335754166987715,0.00641932076796381
new_more,1000,DK2 0AC,offwind-dc,0.5143293769732993,0.49647621239894224,0.01785316457435704
new_more,1000,DK2 0AC,offwind-dc,0.5090509029789773,0.4887652995957188,0.020285603383258466
new_more,1000,DK2 0AC,offwind-dc,0.5028133427537155,0.4767097165663859,0.026103626187329587
new_more,1000,DK2 0AC,offwind-dc,0.551839125255128,0.5454449154440578,0.006394209811070195
new_more,1000,DK2 0AC,offwind-dc,0.5256108139376909,0.5244596286086598,0.0011511853290311347
new_more,1000,DK2 0AC,offwind-dc,0.5202165604948265,0.5190769537404056,0.0011396067544208188
new_more,1000,DK2 0AC,offwind-dc,0.5138421839692652,0.5004409067573935,0.013401277211871676
new_more,1000,GB1 0AC,offwind-dc,0.508355175356049,0.49758411837941163,0.010771056976637383
new_more,1000,GB1 0AC,offwind-dc,0.48416663349055133,0.48200979997380844,0.0021568335167428954
new_more,1000,GB1 0AC,offwind-dc,0.47919771454830135,0.4768347377967541,0.00236297675154723
new_more,1000,GB1 0AC,offwind-dc,0.4733259547953748,0.459441711436846,0.013884243358528836
new_more,1000,GB1 0AC,offwind-dc,0.5098359246475612,0.49837505311343044,0.011460871534130779
new_more,1000,GB1 0AC,offwind-dc,0.4856039796105227,0.46876735937886066,0.016836620231662047
new_more,1000,GB1 0AC,offwind-dc,0.48062030943209066,0.4624356580793599,0.018184651352730785
new_more,1000,GB1 0AC,offwind-dc,0.4747311181782832,0.4540984190088388,0.02063269916944438
new_more,1000,GB1 0AC,offwind-dc,0.5125277474919867,0.5012313540820631,0.01129639340992361
new_more,1000,GB1 0AC,offwind-dc,0.48816786305314824,0.4712659057752453,0.016901957277902946
new_more,1000,GB1 0AC,offwind-dc,0.4831578801796178,0.4650074149539663,0.018150465225651502
new_more,1000,GB1 0AC,offwind-dc,0.47723759527629334,0.4569134365251282,0.02032415875116511
new_more,1000,GB1 0AC,offwind-dc,0.5086271532546207,0.49746810599349967,0.011159047261121047
new_more,1000,GB1 0AC,offwind-dc,0.4844526598025726,0.4667465041644215,0.017706155638151144
new_more,1000,GB1 0AC,offwind-dc,0.4794808054214438,0.45999503168868094,0.019485773732762834
new_more,1000,GB1 0AC,offwind-dc,0.4735783480851313,0.45176276999058396,0.021815578094547317
new_more,1000,GB1 0AC,offwind-dc,0.5152112209091965,0.5034415977800987,0.011769623129097795
new_more,1000,GB1 0AC,offwind-dc,0.49072379390772053,0.48823344669325347,0.002490347214467059
new_more,1000,GB1 0AC,offwind-dc,0.48568757995513623,0.4686836575868085,0.017003922368327706
new_more,1000,GB1 0AC,offwind-dc,0.479736297847781,0.46074403329908686,0.018992264548694127
new_more,1000,GB1 0AC,offwind-dc,0.5049459742687878,0.4931134689445646,0.011832505324223253
new_more,1000,GB1 0AC,offwind-dc,0.48094644323610614,0.46126733804346853,0.019679105192637603
new_more,1000,GB1 0AC,offwind-dc,0.4760105725529598,0.45451174833030156,0.021498824222658253
new_more,1000,GB1 0AC,offwind-dc,0.4701778658495929,0.4458634869083987,0.024314378941194204
new_more,1000,GB1 0AC,offwind-dc,0.5145125651264136,0.5030004767579495,0.01151208836846418
new_more,1000,GB1 0AC,offwind-dc,0.49005834447174407,0.4717676607952947,0.01829068367644937
new_more,1000,GB1 0AC,offwind-dc,0.4850289599123455,0.46711871371142527,0.017910246200920243
new_more,1000,GB1 0AC,offwind-dc,0.4790857480827532,0.4586284481361052,0.020457299946648022
new_more,1000,GB1 0AC,offwind-dc,0.5142730763752654,0.5034437437316488,0.01082933264361663
new_more,1000,GB1 0AC,offwind-dc,0.48983023835954737,0.4876431457047106,0.002187092654836742
new_more,1000,GB1 0AC,offwind-dc,0.48480319481397216,0.4674830098128611,0.017320185001111044
new_more,1000,GB1 0AC,offwind-dc,0.47886274935487355,0.4595337832668584,0.019328966088015154
new_more,1000,GB1 0AC,offwind-dc,0.51383540100555,0.5034201536824109,0.010415247323139143
new_more,1000,GB1 0AC,offwind-dc,0.4894133652224529,0.4710572363209197,0.018356128901533153
new_more,1000,GB1 0AC,offwind-dc,0.4843634422169917,0.4664836537019375,0.017879788515054174
new_more,1000,GB1 0AC,offwind-dc,0.47842838518426034,0.45855358633027793,0.01987479885398241
new_more,1000,GB1 0AC,offwind-dc,0.5192581916651667,0.5069044672448406,0.012353724420326118
new_more,1000,GB1 0AC,offwind-dc,0.4945784165607341,0.4918670530687458,0.0027113634919883056
new_more,1000,GB1 0AC,offwind-dc,0.4895026432783842,0.47022882055716547,0.019273822721218747
new_more,1000,GB1 0AC,offwind-dc,0.4835046140046794,0.4662989426091069,0.017205671395572497
new_more,1000,GB1 0AC,offwind-dc,0.5166716105516787,0.5039663489677103,0.012705261583968341
new_more,1000,GB1 0AC,offwind-dc,0.49211477282444077,0.48941670320465563,0.0026980696197851373
new_more,1000,GB1 0AC,offwind-dc,0.4870642834943119,0.4702122681220787,0.016852015372233187
new_more,1000,GB1 0AC,offwind-dc,0.4810961322071013,0.4618746379788257,0.01922149422827557
new_more,1000,GB1 0AC,offwind-dc,0.5248861634036248,0.5123516412793782,0.012534522124246661
new_more,1000,GB1 0AC,offwind-dc,0.49993889694512433,0.49721263627482076,0.0027262606703035708
new_more,1000,GB1 0AC,offwind-dc,0.49480810997393443,0.49186479113842124,0.0029433188355131867
new_more,1000,GB1 0AC,offwind-dc,0.4887177750397288,0.4857512936653347,0.002966481374394092
new_more,1000,GB1 0AC,offwind-dc,0.5088160852991318,0.49710181361803557,0.011714271681096233
new_more,1000,GB1 0AC,offwind-dc,0.4846326121132185,0.48213802379123705,0.0024945883219814613
new_more,1000,GB1 0AC,offwind-dc,0.47965891091245516,0.47701409326220157,0.0026448176502535947
new_more,1000,GB1 0AC,offwind-dc,0.47378149997596286,0.45752359703151435,0.01625790294444851
new_more,1000,GB4 0AC,offwind-dc,0.5240889837736105,0.5002437206593943,0.023845263114216197
new_more,1000,GB4 0AC,offwind-dc,0.4991531798551643,0.45714972209064314,0.042003457764521135
new_more,1000,GB4 0AC,offwind-dc,0.4940304565634217,0.45180056405018293,0.042229892513238776
new_more,1000,GB4 0AC,offwind-dc,0.48797694657474533,0.4463620326604814,0.04161491391426392
new_more,1000,GB4 0AC,offwind-dc,0.5247126042702532,0.5008293932365194,0.02388321103373381
new_more,1000,GB4 0AC,offwind-dc,0.49977358688793055,0.4945128744950986,0.005260712392831934
new_more,1000,GB4 0AC,offwind-dc,0.4946444964654445,0.453721419438563,0.04092307702688153
new_more,1000,GB4 0AC,offwind-dc,0.48858346245343937,0.44893933988095475,0.03964412257248462
new_more,1000,NL2 0AC,offwind-dc,0.5082619947582763,0.5078060490321389,0.0004559457261373856
new_more,1000,NL2 0AC,offwind-dc,0.48410485689100646,0.4791432718056541,0.004961585085352382
new_more,1000,NL2 0AC,offwind-dc,0.47913657195137965,0.4712805561866783,0.007856015764701352
new_more,1000,NL2 0AC,offwind-dc,0.47326556139785225,0.46215287386532494,0.01111268753252731
new_more,1000,NL2 0AC,offwind-dc,0.5087932508768059,0.5083887487743687,0.00040450210243725415
new_more,1000,NL2 0AC,offwind-dc,0.4846108629860631,0.4845776517967089,3.321118935417644e-05
new_more,1000,NL2 0AC,offwind-dc,0.4796373849928536,0.47538613657345763,0.004251248419395948
new_more,1000,NL2 0AC,offwind-dc,0.4737328674810463,0.46573502909472875,0.007997838386317568
new_more,1000,NL2 0AC,offwind-dc,0.5082760319440821,0.5078515682883797,0.0004244636557023673
new_more,1000,NL2 0AC,offwind-dc,0.4840910629573706,0.47856764847593347,0.005523414481437117
new_more,1000,NL2 0AC,offwind-dc,0.4791229195825137,0.47076472214930476,0.008358197433208925
new_more,1000,NL2 0AC,offwind-dc,0.47325207631573996,0.46167944240596126,0.011572633909778696
new_more,1000,NL2 0AC,offwind-dc,0.5212321305114784,0.5208423092195186,0.0003898212919598576
new_more,1000,NL2 0AC,offwind-dc,0.49645853624814007,0.49642599554694294,3.254070119712571e-05
new_more,1000,NL2 0AC,offwind-dc,0.4913634676205882,0.48849155684232126,0.0028719107782669284
new_more,1000,NL2 0AC,offwind-dc,0.48534263708312936,0.479487941854779,0.0058546952283503595
new_more,1000,NL2 0AC,offwind-dc,0.5177754191205068,0.5174036067915714,0.00037181232893546134
new_more,1000,NL2 0AC,offwind-dc,0.4931661185767467,0.4931187597699269,4.7358806819775e-05
new_more,1000,NL2 0AC,offwind-dc,0.4881048394658644,0.48323259722200324,0.00487224224386118
new_more,1000,NL2 0AC,offwind-dc,0.4821239379202761,0.4738599045116637,0.00826403340861237
new_more,1000,NL2 0AC,offwind-dc,0.5173482242797657,0.5169787735866572,0.0003694506931084529
new_more,1000,NL2 0AC,offwind-dc,0.4927592278405233,0.4898301237410709,0.0029291040994524065
new_more,1000,NL2 0AC,offwind-dc,0.4877021245793316,0.48223303192539513,0.005469092653936469
new_more,1000,NL2 0AC,offwind-dc,0.4817261576254387,0.4721644004057382,0.009561757219700484
new_more,1000,NL2 0AC,offwind-dc,0.5140674636443454,0.5136504579146883,0.0004170057296570828
new_more,1000,NL2 0AC,offwind-dc,0.4896343981773116,0.48642881516676784,0.0032055830105437444
new_more,1000,NL2 0AC,offwind-dc,0.484609364505866,0.47862802552758615,0.005981338978279849
new_more,1000,NL2 0AC,offwind-dc,0.47867129411026943,0.46935129824779664,0.009319995862472785
new_more,1000,NL2 0AC,offwind-dc,0.5176060778542891,0.5172198314068507,0.00038624644743845415
new_more,1000,NL2 0AC,offwind-dc,0.49297761497607656,0.49294477903904194,3.2835937034625395e-05
new_more,1000,NL2 0AC,offwind-dc,0.4879182704452484,0.4830312317220148,0.004887038723233594
new_more,1000,NL2 0AC,offwind-dc,0.4819396549883312,0.47210949349228143,0.00983016149604976
new_more,1000,NL2 0AC,offwind-dc,0.5199946478594275,0.5196296528279264,0.0003649950315011141
new_more,1000,NL2 0AC,offwind-dc,0.4952798697958882,0.49524989974269246,2.9970053195715884e-05
new_more,1000,NL2 0AC,offwind-dc,0.49019689761954977,0.48638355392851573,0.0038133436910340324
new_more,1000,NL2 0AC,offwind-dc,0.4841903614298581,0.4769468493930509,0.0072435120368072314
new_more,1000,NO0 0AC,offwind-dc,0.5104079211296957,0.510407921127734,1.961653062210189e-12
new_more,1000,NO0 0AC,offwind-dc,0.4861487897241681,0.4723338451727925,0.013814944551375608
new_more,1000,NO0 0AC,offwind-dc,0.48115952825318015,0.464870244003921,0.01628928424925913
new_more,1000,NO0 0AC,offwind-dc,0.47526372978219367,0.4556474588757652,0.01961627090642848
new_more,1000,NO0 0AC,offwind-dc,0.5382380788242955,0.538238078821691,2.6045832157706172e-12
new_more,1000,NO0 0AC,offwind-dc,0.512656210398826,0.5126562103987006,1.254552017826427e-13
new_more,1000,NO0 0AC,offwind-dc,0.5073949078254785,0.5056156552745282,0.0017792525509502388
new_more,1000,NO0 0AC,offwind-dc,0.5011504667079184,0.49433817363064597,0.0068122930772724355
new_more,1000,NO0 0AC,offwind-dc,0.5444692445754036,0.5444692445726839,2.719713343424246e-12
new_more,1000,NO0 0AC,offwind-dc,0.5185912156428024,0.5185912156426752,1.2723155862204294e-13
new_more,1000,NO0 0AC,offwind-dc,0.5132690031307288,0.5132690031305812,1.475486399726833e-13
new_more,1000,NO0 0AC,offwind-dc,0.5069797572025662,0.5041075030570781,0.0028722541454880846
new_more,1000,NO0 0AC,offwind-dc,0.537899820308587,0.5378998203064825,2.1044277431769842e-12
new_more,1000,NO0 0AC,offwind-dc,0.5123340289411762,0.5123340289410101,1.6608936448392342e-13
new_more,1000,NO0 0AC,offwind-dc,0.5070760328607528,0.5042206159009767,0.0028554169597760914
new_more,1000,NO0 0AC,offwind-dc,0.500862671337875,0.4943020041208151,0.00656066721705989
new_more,1000,DK2 0AC,offwind-float,0.5087689069588925,0.3950282114628378,0.11374069549605476
new_more,1000,DK2 0AC,offwind-float,0.4845876761079979,0.38864546477564754,0.09594221133235037
new_more,1000,DK2 0AC,offwind-float,0.4796144360777327,0.383534765719737,0.0960796703579957
new_more,1000,DK2 0AC,offwind-float,0.4737375701053264,0.3525025884695049,0.12123498163582153
new_more,1000,GB1 0AC,offwind-float,0.5167056648892492,0.4178618687806291,0.0988437961086201
new_more,1000,GB1 0AC,offwind-float,0.49214720859651534,0.4116149500544045,0.08053225854211082
new_more,1000,GB1 0AC,offwind-float,0.4870963863836326,0.40622876611269676,0.08086762027093586
new_more,1000,GB1 0AC,offwind-float,0.4811278417296596,0.39878182044195976,0.08234602128769986
new_more,1000,GB1 0AC,offwind-float,0.4715786316931366,0.3658794857809147,0.10569914591222185
new_more,1000,GB1 0AC,offwind-float,0.4491650140342215,0.36255698597205543,0.08660802806216605
new_more,1000,GB1 0AC,offwind-float,0.4445280663853226,0.3581963895094759,0.0863316768758467
new_more,1000,GB1 0AC,offwind-float,0.43905379680689227,0.35218308172658136,0.08687071508031091
new_more,1000,GB1 0AC,offwind-float,0.4879179367775931,0.38561558745359253,0.10230234932400056
new_more,1000,GB1 0AC,offwind-float,0.4647277297815816,0.37762260361713956,0.08710512616444205
new_more,1000,GB1 0AC,offwind-float,0.4599583089669901,0.3737737973014428,0.0861845116655473
new_more,1000,GB1 0AC,offwind-float,0.45432229567931764,0.3687486706241771,0.08557362505514055
new_more,1000,GB1 0AC,offwind-float,0.5088482521139222,0.40875795165283524,0.10009030046108691
new_more,1000,GB1 0AC,offwind-float,0.4846632500744104,0.4015204606251171,0.08314278944929332
new_more,1000,GB1 0AC,offwind-float,0.4796892344415174,0.39669795488552956,0.08299127955598784
new_more,1000,GB1 0AC,offwind-float,0.47381145194132157,0.39027246116751924,0.08353899077380234
new_more,1000,GB1 0AC,offwind-float,0.5186558685365165,0.4223385245481436,0.09631734398837288
new_more,1000,GB1 0AC,offwind-float,0.4939784233144707,0.41308230366938736,0.08089611964508336
new_more,1000,GB1 0AC,offwind-float,0.48890880765968187,0.4081281672962413,0.08078064036344057
new_more,1000,GB1 0AC,offwind-float,0.48291805483989136,0.40118018775150605,0.08173786708838532
new_more,1000,GB1 0AC,offwind-float,0.5210006747694205,0.4228789376696961,0.09812173709972438
new_more,1000,GB1 0AC,offwind-float,0.49623808134487923,0.4160673320616717,0.08017074928320755
new_more,1000,GB1 0AC,offwind-float,0.49114527520810836,0.4106185837250508,0.08052669148305758
new_more,1000,GB1 0AC,offwind-float,0.48512711825065014,0.40132199358051307,0.08380512467013707
new_more,1000,GB1 0AC,offwind-float,0.4772649125230577,0.36479073829136877,0.11247417423168893
new_more,1000,GB1 0AC,offwind-float,0.45458103214259926,0.36046436099282253,0.09411667114977673
new_more,1000,GB1 0AC,offwind-float,0.4499157451418894,0.35699688270055135,0.09291886244133807
new_more,1000,GB1 0AC,offwind-float,0.44440278653560245,0.3525257814029012,0.09187700513270125
new_more,1000,GB1 0AC,offwind-float,0.48027488678247876,0.3644591935956376,0.11581569318684115
new_more,1000,GB1 0AC,offwind-float,0.45742179116078546,0.3654159615086324,0.09200582965215304
new_more,1000,GB1 0AC,offwind-float,0.4527273499385341,0.3608999253004936,0.0918274246380405
new_more,1000,GB1 0AC,offwind-float,0.4471799398576578,0.3554362272801678,0.09174371257748998
new_more,1000,GB1 0AC,offwind-float,0.497301928760446,0.38255396031615435,0.11474796844429164
new_more,1000,GB1 0AC,offwind-float,0.4736657108676668,0.37539475177327,0.09827095909439681
new_more,1000,GB1 0AC,offwind-float,0.4688045610894249,0.3718674302271123,0.09693713086231265
new_more,1000,GB1 0AC,offwind-float,0.4630601519025239,0.367504139084001,0.09555601281852294
new_more,1000,GB1 0AC,offwind-float,0.5103044983576388,0.39595984517451693,0.11434465318312187
new_more,1000,GB1 0AC,offwind-float,0.48605028252358623,0.39076148101878,0.09528880150480623
new_more,1000,GB1 0AC,offwind-float,0.4810620320150667,0.38678072857632173,0.09428130343874497
new_more,1000,GB1 0AC,offwind-float,0.4751674281960362,0.37456625995403364,0.10060116824200255
new_more,1000,GB1 0AC,offwind-float,0.5070836087182298,0.39345853424338567,0.1136250744748441
new_more,1000,GB1 0AC,offwind-float,0.48298247825329155,0.38712526070831405,0.0958572175449775
new_more,1000,GB1 0AC,offwind-float,0.47802571209271205,0.3827770503840321,0.09524866170867996
new_more,1000,GB1 0AC,offwind-float,0.4721683132531208,0.37649944825721365,0.09566886499590715
new_more,1000,GB4 0AC,offwind-float,0.5257943848360984,0.40002025453151585,0.12577413030458257
new_more,1000,GB4 0AC,offwind-float,0.5007767793201529,0.3973368304410841,0.10343994887906877
new_more,1000,GB4 0AC,offwind-float,0.49563739330616086,0.39282934955348114,0.10280804375267971
new_more,1000,GB4 0AC,offwind-float,0.4895641930180423,0.3870227722860286,0.10254142073201372
new_more,1000,GB4 0AC,offwind-float,0.5287887992243911,0.4042942809455884,0.12449451827880276
new_more,1000,GB4 0AC,offwind-float,0.5036560447448696,0.40117712552507884,0.10247891921979074
new_more,1000,GB4 0AC,offwind-float,0.4984871093247042,0.39619478805523917,0.10229232126946503
new_more,1000,GB4 0AC,offwind-float,0.49237899057325224,0.37875577820253276,0.11362321237071948
new_more,1000,GB4 0AC,offwind-float,0.516695680778222,0.39379977555241896,0.12289590522580307
new_more,1000,GB4 0AC,offwind-float,0.4921376990193881,0.3898744879613299,0.10226321105805819
new_more,1000,GB4 0AC,offwind-float,0.487086974401661,0.38527369983852694,0.10181327456313405
new_more,1000,GB4 0AC,offwind-float,0.48111854507565227,0.3650897317995238,0.11602881327612846
new_more,1000,NO0 0AC,offwind-float,0.4967561152795899,0.41184784562245547,0.08490826965713444
new_more,1000,NO0 0AC,offwind-float,0.47314583930582643,0.39762715687153266,0.07551868243429377
new_more,1000,NO0 0AC,offwind-float,0.4682900248800697,0.39280159101527556,0.07548843386479415
new_more,1000,NO0 0AC,offwind-float,0.46255192046657173,0.38632671288366155,0.07622520758291018
new_more,1000,NO0 0AC,offwind-float,0.45647243893601397,0.36803018784162744,0.08844225109438653
new_more,1000,NO0 0AC,offwind-float,0.4347768021311601,0.3583601162333056,0.0764166858978545
new_more,1000,NO0 0AC,offwind-float,0.4303147625391596,0.3538978731685088,0.07641688937065083
new_more,1000,NO0 0AC,offwind-float,0.42504198091467027,0.3481995587038056,0.07684242221086468
new_more,1000,NO0 0AC,offwind-float,0.5136771043683986,0.4313729811461543,0.08230412322224434
new_more,1000,NO0 0AC,offwind-float,0.4892625922516923,0.4147389998675125,0.07452359238417977
new_more,1000,NO0 0AC,offwind-float,0.4842413743605564,0.40976420637209277,0.07447716798846366
new_more,1000,NO0 0AC,offwind-float,0.4783078130635199,0.4020067402629343,0.07630107280058557
new_more,1000,NO0 0AC,offwind-float,0.5233940634607885,0.4394073087961037,0.08398675466468486
new_more,1000,NO0 0AC,offwind-float,0.49851771488401553,0.42549966247220733,0.0730180524118082
new_more,1000,NO0 0AC,offwind-float,0.4934015132600498,0.4199141754951242,0.07348733776492555
new_more,1000,NO0 0AC,offwind-float,0.487355709910749,0.41308830147965625,0.07426740843109275
new_more,1000,NO0 0AC,offwind-float,0.5095675713484096,0.4243433920190965,0.08522417932931309
new_more,1000,NO0 0AC,offwind-float,0.485348380850785,0.40979235804819375,0.07555602280259127
new_more,1000,NO0 0AC,offwind-float,0.4803673338384925,0.40466761627576897,0.07569971756272353
new_more,1000,NO0 0AC,offwind-float,0.47448124237390327,0.3984936169242269,0.07598762544967635
new_more,1000,NO0 0AC,offwind-float,0.4717850745745546,0.3861891754189507,0.0855958991556039
new_more,1000,NO0 0AC,offwind-float,0.44936164491080816,0.37266236424859,0.07669928066221815
new_more,1000,NO0 0AC,offwind-float,0.4447499235841638,0.3683319014822237,0.0764180221019401
new_more,1000,NO0 0AC,offwind-float,0.43930026340813355,0.35614809667929165,0.0831521667288419
new_more,1000,NO0 0AC,offwind-float,0.5209052682929897,0.4397534015218018,0.08115186677118785
new_more,1000,NO0 0AC,offwind-float,0.4961472094341415,0.42155263996101006,0.07459456947313142
new_more,1000,NO0 0AC,offwind-float,0.49105533590017175,0.41658003663910265,0.0744752992610691
new_more,1000,NO0 0AC,offwind-float,0.48503828099723617,0.41038317582957534,0.07465510516766083
new_more,1000,NO0 0AC,offwind-float,0.49338012808427967,0.40881233170167935,0.08456779638260031
new_more,1000,NO0 0AC,offwind-float,0.4699303090971813,0.39315254542195416,0.07677776367522715
new_more,1000,NO0 0AC,offwind-float,0.4651074951052791,0.38866255975677966,0.07644493534849944
new_more,1000,NO0 0AC,offwind-float,0.4594083872263571,0.38278359064239925,0.07662479658395782
new_more,1000,NO0 0AC,offwind-float,0.5214048088881372,0.43610750034973333,0.0852973085384039
new_more,1000,NO0 0AC,offwind-float,0.4966230074100265,0.4231126833360974,0.0735103240739291
new_more,1000,NO0 0AC,offwind-float,0.49152625084320906,0.41739736603877997,0.07412888480442908
new_more,1000,NO0 0AC,offwind-float,0.48550342567191535,0.40786835279790545,0.07763507287400989
new_more,1000,NO0 0AC,offwind-float,0.5063629932406873,0.42035322171261996,0.08600977152806738
new_more,1000,NO0 0AC,offwind-float,0.4822961128428795,0.4066149133216054,0.07568119952127411
new_more,1000,NO0 0AC,offwind-float,0.47734639073253643,0.4015829093360516,0.07576348139648481
new_more,1000,NO0 0AC,offwind-float,0.4714700444352401,0.3916218490624935,0.07984819537274662
new_more,1000,NO0 0AC,offwind-float,0.5425442373700646,0.4628504743629974,0.07969376300706721
new_more,1000,NO0 0AC,offwind-float,0.5167577019288802,0.4451688017148893,0.07158890021399084
new_more,1000,NO0 0AC,offwind-float,0.5114543064529131,0.439510819854015,0.0719434865988981
new_more,1000,NO0 0AC,offwind-float,0.5051872965717789,0.4271297540439817,0.07805754252779717
new_more,1000,NO0 0AC,offwind-float,0.5352518383786672,0.45436269555175157,0.08088914282691562
new_more,1000,NO0 0AC,offwind-float,0.5098119027022401,0.4374788696686126,0.07233303303362748
new_more,1000,NO0 0AC,offwind-float,0.5045797907699107,0.43197441024580696,0.0726053805241037
new_more,1000,NO0 0AC,offwind-float,0.4983970164835692,0.39930967582388605,0.09908734065968317
new_more,1000,NO0 0AC,offwind-float,0.2826843523709291,0.20264553354236914,0.08003881882855995
new_more,1000,NO0 0AC,offwind-float,0.26919482964271285,0.18499078881665337,0.08420404082605948
new_more,1000,NO0 0AC,offwind-float,0.26643212937457555,0.18279140893595913,0.08364072043861642
new_more,1000,NO0 0AC,offwind-float,0.2631674530068621,0.1766483436413523,0.08651910936550983
new_more,1000,NO0 0AC,offwind-float,0.5535560399604813,0.47647316919943855,0.07708287076104275
new_more,1000,NO0 0AC,offwind-float,0.5272195248188829,0.456638859935009,0.07058066488387388
new_more,1000,NO0 0AC,offwind-float,0.5218087614527458,0.4509933263733276,0.07081543507941818
new_more,1000,NO0 0AC,offwind-float,0.515414875189931,0.4399777727375822,0.0754371024523488
new_more,1000,NO0 0AC,offwind-float,0.5554134878594706,0.4776202733208583,0.07779321453861232
new_more,1000,NO0 0AC,offwind-float,0.5290152909886945,0.45964643186362647,0.06936885912506802
new_more,1000,NO0 0AC,offwind-float,0.523586097983008,0.45354752677189086,0.07003857121111717
new_more,1000,NO0 0AC,offwind-float,0.5171704334587596,0.4447609539936489,0.07240947946511067
new_more,1000,NO0 0AC,offwind-float,0.5589897188891241,0.4845490292340895,0.07444068965503459
new_more,1000,NO0 0AC,offwind-float,0.532421547660793,0.46186199941027006,0.07055954825052291
new_more,1000,NO0 0AC,offwind-float,0.5269573968283392,0.45642997103582,0.0705274257925192
new_more,1000,NO0 0AC,offwind-float,0.5205004227229427,0.44962816704245395,0.07087225568048877
new_more,1000,DK2 0AC,offwind-ac,0.5054199776555804,0.49722135087001484,0.0081986267855656
new_more,1000,DK2 0AC,offwind-ac,0.48139791775927654,0.46726020080156383,0.01413771695771271
new_more,1000,DK2 0AC,offwind-ac,0.47645741367069705,0.46012329951306835,0.0163341141576287
new_more,1000,DK2 0AC,offwind-ac,0.470619231683097,0.4514786772345828,0.019140554448514202
new_more,1000,DK2 0AC,offwind-ac,0.4640036930376722,0.4386769394989188,0.02532675353875341
new_more,1000,DK2 0AC,offwind-ac,0.50096338426227,0.48837700185347543,0.012586382408794616
new_more,1000,DK2 0AC,offwind-ac,0.4771531413857921,0.46315221536476986,0.014000926021022264
new_more,1000,DK2 0AC,offwind-ac,0.47225620070755303,0.45539733494576334,0.016858865761789688
new_more,1000,DK2 0AC,offwind-ac,0.46646949749884004,0.4467325552411976,0.019736942257642442
new_more,1000,DK2 0AC,offwind-ac,0.4599122920557496,0.43606407871517694,0.023848213340572688
new_more,1000,DE2 0AC,offwind-dc,0.5205978068882146,0.5205978068855736,2.6409985309783224e-12
new_more,1000,DE2 0AC,offwind-dc,0.49582813590851654,0.4958281359083838,1.3272716259393746e-13
new_more,1000,DE2 0AC,offwind-dc,0.49073953697129863,0.4907395369711462,1.52433621281034e-13
new_more,1000,DE2 0AC,offwind-dc,0.4847263516515941,0.4817201806779605,0.003006170973633593
new_more,1000,DE2 0AC,offwind-dc,0.47791250789867623,0.4709416571974247,0.00697085070125153
new_more,1000,DE2 0AC,offwind-dc,0.5194246814184211,0.5194246814159631,2.4580337765200966e-12
new_more,1000,DE2 0AC,offwind-dc,0.49473699323773174,0.49473699323760756,1.2417844530432376e-13
new_more,1000,DE2 0AC,offwind-dc,0.48965959251020147,0.48963746377924533,2.2128730956139098e-05
new_more,1000,DE2 0AC,offwind-dc,0.48365964008837925,0.4798522821247884,0.0038073579635908295
new_more,1000,DE2 0AC,offwind-dc,0.47686079119987607,0.4692219905712836,0.007638800628592457
new_more,1000,DE2 0AC,offwind-dc,0.521958633576192,0.5219586335735882,2.6038060596533796e-12
new_more,1000,DE2 0AC,offwind-dc,0.4971237529433725,0.49712375294324157,1.3095080575453721e-13
new_more,1000,DE2 0AC,offwind-dc,0.4919674146292833,0.49196741462913457,1.4871437414853972e-13
new_more,1000,DE2 0AC,offwind-dc,0.48593918373988,0.48389011226602635,0.0020490714738536364
new_more,1000,DE2 0AC,offwind-dc,0.47910829109263253,0.47309109015673156,0.006017200935900968
new_more,1000,DE2 0AC,offwind-dc,0.5206853229330094,0.5206853229305091,2.500333273758315e-12
new_more,1000,DE2 0AC,offwind-dc,0.49593771783706136,0.49593771783693513,1.262323578998803e-13
new_more,1000,DE2 0AC,offwind-dc,0.49084799427934556,0.4908479942739918,5.353772980498661e-12
new_more,1000,DE2 0AC,offwind-dc,0.48483347999826043,0.4811160423113663,0.0037174376868941428
new_more,1000,DE2 0AC,offwind-dc,0.4780181303321336,0.46911508716799794,0.008903043164135649
new_more,1000,DE2 0AC,offwind-dc,0.5203070177744745,0.5203070177719313,2.543187882508846e-12
new_more,1000,DE2 0AC,offwind-dc,0.4955773931098098,0.4955773931096825,1.272870697732742e-13
new_more,1000,DE2 0AC,offwind-dc,0.4904913675028381,0.4904913675026919,1.4621637234313312e-13
new_more,1000,DE2 0AC,offwind-dc,0.4844812230813944,0.48228434827691646,0.002196874804477944
new_more,1000,DE2 0AC,offwind-dc,0.47767082512376086,0.4715478962143591,0.006122928909401748
new_more,1000,DE2 0AC,offwind-dc,0.5209555450062018,0.520955545003344,2.8578250876876155e-12
new_more,1000,DE2 0AC,offwind-dc,0.49619509655004945,0.4961950965499059,1.4355183708403274e-13
new_more,1000,DE2 0AC,offwind-dc,0.4911027315588398,0.49110273155867407,1.6575629757653587e-13
new_more,1000,DE2 0AC,offwind-dc,0.48508509590204707,0.48182179606168807,0.003263299840359002
new_more,1000,DE2 0AC,offwind-dc,0.4782662092475797,0.4711115474750425,0.007154661772537152
new_more,1000,DK2 0AC,offwind-dc,0.5135489714842446,0.485803371256877,0.027745600227367606
new_more,1000,DK2 0AC,offwind-dc,0.48914054938367113,0.45633090860313913,0.032809640780532
new_more,1000,DK2 0AC,offwind-dc,0.4841205839975133,0.44945081881048976,0.03466976518702353
new_more,1000,DK2 0AC,offwind-dc,0.47818850278264485,0.4413190527791442,0.03686945000350067
new_more,1000,DK2 0AC,offwind-dc,0.47146656218399424,0.41669342999542563,0.05477313218856861
new_more,1000,DK2 0AC,offwind-dc,0.5338768155705672,0.527708937496334,0.006167878074233246
new_more,1000,DK2 0AC,offwind-dc,0.5085022332274376,0.4872668777338442,0.0212353554935934
new_more,1000,DK2 0AC,offwind-dc,0.5032835622078257,0.4797234818890654,0.02356008031876028
new_more,1000,DK2 0AC,offwind-dc,0.49711667101622853,0.4707958863217365,0.026320784694492005
new_more,1000,DK2 0AC,offwind-dc,0.4901286553828018,0.45703529998082526,0.033093355401976554
new_more,1000,DK2 0AC,offwind-dc,0.5260664722336934,0.506649191467355,0.01941728076633842
new_more,1000,DK2 0AC,offwind-dc,0.5010631069847503,0.4729628161751653,0.028100290809585038
new_more,1000,DK2 0AC,offwind-dc,0.49592078243914994,0.465817422728164,0.030103359710985933
new_more,1000,DK2 0AC,offwind-dc,0.48984410969518494,0.4572904733713251,0.032553636323859825
new_more,1000,DK2 0AC,offwind-dc,0.4829583251378205,0.44800382566445224,0.03495449947336826
new_more,1000,DK2 0AC,offwind-dc,0.5300225484759189,0.5144568149958482,0.015565733480070731
new_more,1000,DK2 0AC,offwind-dc,0.5048311552410503,0.47904082770869644,0.02579032753235383
new_more,1000,DK2 0AC,offwind-dc,0.49965015986383743,0.4717958971244377,0.027854262739399727
new_more,1000,DK2 0AC,offwind-dc,0.4935277898896877,0.4630623614730587,0.030465428416629026
new_more,1000,DK2 0AC,offwind-dc,0.4865902234946007,0.4424106709358823,0.04417955255871836
new_more,1000,DK2 0AC,offwind-dc,0.5393486586552212,0.5328253552476421,0.006523303407579117
new_more,1000,DK2 0AC,offwind-dc,0.5137140055825324,0.4958190123051254,0.017894993277407067
new_more,1000,DK2 0AC,offwind-dc,0.5084418470390255,0.4881362201500011,0.02030562688902443
new_more,1000,DK2 0AC,offwind-dc,0.5022117497670436,0.47893426429070773,0.023277485476335902
new_more,1000,DK2 0AC,offwind-dc,0.49515211213411425,0.4677827577505188,0.027369354383595446
new_more,1000,GB1 0AC,offwind-dc,0.5110128858686723,0.4994420424583318,0.011570843410340537
new_more,1000,GB1 0AC,offwind-dc,0.4867250011493911,0.48440581943472094,0.00231918171467016
new_more,1000,GB1 0AC,offwind-dc,0.48172982611958376,0.4650250260810694,0.016704800038514378
new_more,1000,GB1 0AC,offwind-dc,0.4758270396101374,0.45693117605494743,0.018895863555189962
new_more,1000,GB1 0AC,offwind-dc,0.4691382943206151,0.44794780721638505,0.02119048710423005
new_more,1000,GB1 0AC,offwind-dc,0.5100601683530407,0.4993549433810429,0.010705224971997773
new_more,1000,GB1 0AC,offwind-dc,0.4858175652574321,0.4836525738427984,0.0021649914146336657
new_more,1000,GB1 0AC,offwind-dc,0.48083170308621626,0.46388722187565684,0.016944481210559414
new_more,1000,GB1 0AC,offwind-dc,0.4749399215597245,0.4565426711276805,0.018397250432043988
new_more,1000,GB1 0AC,offwind-dc,0.46826364657177616,0.4454806324184585,0.022783014153317682
new_more,1000,GB1 0AC,offwind-dc,0.5126140677797085,0.5008813832714354,0.011732684508273139
new_more,1000,GB1 0AC,offwind-dc,0.4882500806318091,0.4857417159577629,0.002508364674046193
new_more,1000,GB1 0AC,offwind-dc,0.48323925397340034,0.4663646465254457,0.01687460744795466
new_more,1000,GB1 0AC,offwind-dc,0.47731797197148196,0.4584762192972737,0.018841752674208234
new_more,1000,GB1 0AC,offwind-dc,0.4706082685060286,0.44953716405901845,0.02107110444701016
new_more,1000,GB1 0AC,offwind-dc,0.514790986358534,0.5026648305511553,0.012126155807378747
new_more,1000,GB1 0AC,offwind-dc,0.4903235326465853,0.4878031083520644,0.0025204242945208732
new_more,1000,GB1 0AC,offwind-dc,0.4852914265065283,0.4686171305394524,0.01667429596707587
new_more,1000,GB1 0AC,offwind-dc,0.47934499859151347,0.4605856350542065,0.01875936353730695
new_more,1000,GB1 0AC,offwind-dc,0.4725794591803805,0.44922558159420195,0.023353877586178573
new_more,1000,GB1 0AC,offwind-dc,0.5112166205534864,0.500018307320568,0.011198313232918422
new_more,1000,GB1 0AC,offwind-dc,0.48689268672896674,0.4680124481834575,0.018880238545509243
new_more,1000,GB1 0AC,offwind-dc,0.4818957907708775,0.4611684418040633,0.02072734896681422
new_more,1000,GB1 0AC,offwind-dc,0.47599097064455387,0.4528427919613347,0.023148178683219167
new_more,1000,GB1 0AC,offwind-dc,0.4692999209611174,0.4412992616334078,0.028000659327709565
new_more,1000,GB1 0AC,offwind-dc,0.5142120943706577,0.5023648501619298,0.011847244208727958
new_more,1000,GB1 0AC,offwind-dc,0.48977215476305985,0.4729585004219618,0.01681365434109805
new_more,1000,GB1 0AC,offwind-dc,0.48474570731945205,0.4662554824841555,0.018490224835296554
new_more,1000,GB1 0AC,offwind-dc,0.47880596627263755,0.45786038998152684,0.020945576291110712
new_more,1000,GB1 0AC,offwind-dc,0.4720753459318404,0.4488036280291508,0.023271717902689615
new_more,1000,GB1 0AC,offwind-dc,0.5197797934181075,0.5071530773057606,0.012626716112346892
new_more,1000,GB1 0AC,offwind-dc,0.4950752271516608,0.4923122051768948,0.0027630219747660223
new_more,1000,GB1 0AC,offwind-dc,0.4899943551876067,0.4870991275364811,0.002895227651125598
new_more,1000,GB1 0AC,offwind-dc,0.4839903008138004,0.46745434562875665,0.01653595518504375
new_more,1000,GB1 0AC,offwind-dc,0.47718680379649087,0.4582937850637091,0.018893018732781763
new_more,1000,NL2 0AC,offwind-dc,0.516827526357634,0.5164068237717834,0.0004207025858505853
new_more,1000,NL2 0AC,offwind-dc,0.49226327812231363,0.4890516604786719,0.003211617643641751
new_more,1000,NL2 0AC,offwind-dc,0.48721126470783743,0.4819721357836659,0.005239128924171554
new_more,1000,NL2 0AC,offwind-dc,0.48124131241376095,0.47259941129718386,0.008641901116577089
new_more,1000,NL2 0AC,offwind-dc,0.47447645818402145,0.4622733984949603,0.012203059689061158
new_more,1000,NL2 0AC,offwind-dc,0.5212027251296344,0.5207817636741363,0.00042096145549808117
new_more,1000,NL2 0AC,offwind-dc,0.49643052847200053,0.4963955677657749,3.496070622560632e-05
new_more,1000,NL2 0AC,offwind-dc,0.4913357472834413,0.4884365234257816,0.0028992238576597273
new_more,1000,NL2 0AC,offwind-dc,0.48531525641195966,0.4793570096328238,0.005958246779135867
new_more,1000,NL2 0AC,offwind-dc,0.47849313436963414,0.46874898269555976,0.009744151674074386
new_more,1000,NL2 0AC,offwind-dc,0.5157616490451157,0.5153716900479804,0.0003899589971352313
new_more,1000,NL2 0AC,offwind-dc,0.49124806079510547,0.48810649934092626,0.003141561454179209
new_more,1000,NL2 0AC,offwind-dc,0.48620646638156556,0.480263798021331,0.005942668360234549
new_more,1000,NL2 0AC,offwind-dc,0.4802488261962342,0.4709689310208675,0.009279895175366704
new_more,1000,NL2 0AC,offwind-dc,0.4734979234382687,0.460623082744127,0.012874840694141687
new_more,1000,NL2 0AC,offwind-dc,0.5197459724667678,0.5193852103697181,0.00036076209704971607
new_more,1000,NL2 0AC,offwind-dc,0.49501689021653156,0.49498710811500785,2.978210152371208e-05
new_more,1000,NL2 0AC,offwind-dc,0.4899366169544158,0.48660105825939926,0.0033355586950165605
new_more,1000,NL2 0AC,offwind-dc,0.483933270065273,0.4771806947716169,0.006752575293656082
new_more,1000,NL2 0AC,offwind-dc,0.4771305747345404,0.4665995674362699,0.0105310072982705
new_more,1000,NL2 0AC,offwind-dc,0.5065930488160769,0.5062144730247208,0.0003785757913561394
new_more,1000,NL2 0AC,offwind-dc,0.48251523412786546,0.47798663199837854,0.004528602129486914
new_more,1000,NL2 0AC,offwind-dc,0.47756326321343656,0.47015065012430385,0.0074126130891327136
new_more,1000,NL2 0AC,offwind-dc,0.4717115309048714,0.461049504298689,0.010662026606182373
new_more,1000,NL2 0AC,offwind-dc,0.46508063770691765,0.44608483642851354,0.018995801278404112
new_more,1000,NL2 0AC,offwind-dc,0.5159269156652873,0.5155218422103091,0.0004050734549781998
new_more,1000,NL2 0AC,offwind-dc,0.4914054724732008,0.4881188042608943,0.0032866682123064983
new_more,1000,NL2 0AC,offwind-dc,0.4863622625706641,0.48021107343068,0.006151189139984137
new_more,1000,NL2 0AC,offwind-dc,0.48040271336580903,0.470920770388408,0.009481942977401014
new_more,1000,NL2 0AC,offwind-dc,0.4736496474014787,0.46059477980109986,0.013054867600378828
new_more,1000,NL2 0AC,offwind-dc,0.5183027860141302,0.5179522459038294,0.0003505401103007788
new_more,1000,NL2 0AC,offwind-dc,0.4936684202975119,0.48991986709126123,0.003748553206250671
new_more,1000,NL2 0AC,offwind-dc,0.4886019861504035,0.4835361933485135,0.005065792801890012
new_more,1000,NL2 0AC,offwind-dc,0.4826149929107088,0.4741344664690401,0.00848052644166869
new_more,1000,NL2 0AC,offwind-dc,0.4758308287254846,0.46371691912531393,0.01211390960017067
new_more,1000,NL2 0AC,offwind-dc,0.5106684836970928,0.5102845081540074,0.00038397554308544635
new_more,1000,NL2 0AC,offwind-dc,0.48639696803712845,0.4794393269622719,0.00695764107485658
new_more,1000,NL2 0AC,offwind-dc,0.4813777940430596,0.47164794054841236,0.009729853494647223
new_more,1000,NL2 0AC,offwind-dc,0.47547932109295615,0.46261390814509695,0.0128654129478592
new_more,1000,NL2 0AC,offwind-dc,0.4687954637152174,0.4525465852151288,0.016248878500088604
new_more,1000,NL2 0AC,offwind-dc,0.5143832395880353,0.5139994153801088,0.0003838242079264864
new_more,1000,NL2 0AC,offwind-dc,0.4899351656350522,0.485151254351587,0.00478391128346517
new_more,1000,NL2 0AC,offwind-dc,0.48490704523888306,0.47724368086315594,0.007663364375727122
new_more,1000,NL2 0AC,offwind-dc,0.47896532726798646,0.4680568778109154,0.01090844945707109
new_more,1000,NL2 0AC,offwind-dc,0.4722324667747426,0.4578442409887467,0.014388225785995912
new_more,1000,NL2 0AC,offwind-dc,0.5106058210026674,0.5102302604372526,0.00037556056541476757
new_more,1000,NL2 0AC,offwind-dc,0.4863372836321756,0.48326450737463084,0.0030727762575447626
new_more,1000,NL2 0AC,offwind-dc,0.48134608768060766,0.4756746053195388,0.005671482361068847
new_more,1000,NL2 0AC,offwind-dc,0.47544800323849845,0.46639568716948127,0.009052316069017186
new_more,1000,NL2 0AC,offwind-dc,0.468764586098775,0.45612682063570736,0.012637765463067663
new_more,1000,NL2 0AC,offwind-dc,0.5142136242349526,0.513855811268619,0.00035781296633363713
new_more,1000,NL2 0AC,offwind-dc,0.4897736119145746,0.48607835510912945,0.003695256805445135
new_more,1000,NL2 0AC,offwind-dc,0.48474714951647124,0.4781812293862733,0.006565920130197966
new_more,1000,NL2 0AC,offwind-dc,0.47880739079796475,0.46895659416488045,0.009850796633084302
new_more,1000,NL2 0AC,offwind-dc,0.4720767504324816,0.4583971854257324,0.013679565006749217
new_more,1000,NL2 0AC,offwind-dc,0.5164892359673229,0.5161359072112705,0.00035332875605242897
new_more,1000,NL2 0AC,offwind-dc,0.4919410663050264,0.4879296730382721,0.0040113932667542596
new_more,1000,NL2 0AC,offwind-dc,0.48689235969505,0.4800017508159067,0.006890608879143334
new_more,1000,NL2 0AC,offwind-dc,0.480926315044024,0.47072151243295113,0.010204802611072872
new_more,1000,NL2 0AC,offwind-dc,0.47416588876183186,0.4603626965653402,0.013803192196491676
new_more,1000,NL2 0AC,offwind-dc,0.5137503831709478,0.5133912362265782,0.0003591469443695594
new_more,1000,NL2 0AC,offwind-dc,0.48933238819273644,0.4893026889148984,2.9699277838024507e-05
new_more,1000,NL2 0AC,offwind-dc,0.48431045399785394,0.4796873066564645,0.004623147341389466
new_more,1000,NL2 0AC,offwind-dc,0.4783760462463756,0.47030024562305967,0.00807580062331592
new_more,1000,NL2 0AC,offwind-dc,0.471651469331679,0.4599461518639098,0.011705317467769205
new_more,1000,NL2 0AC,offwind-dc,0.5206848638721608,0.5203326907974948,0.0003521730746660623
new_more,1000,NL2 0AC,offwind-dc,0.495937280594874,0.49590813471278694,2.9145882087078245e-05
new_more,1000,NL2 0AC,offwind-dc,0.4908475615244996,0.48746232128775974,0.0033852402367398615
new_more,1000,NL2 0AC,offwind-dc,0.4848330525460951,0.47919040778175703,0.005642644764338067
new_more,1000,NL2 0AC,offwind-dc,0.47801770888870343,0.4681714205775418,0.009846288311161633
new_more,1000,NL2 0AC,offwind-dc,0.5206161568538701,0.5202332701883022,0.0003828866655678498
new_more,1000,NL2 0AC,offwind-dc,0.4958718391461722,0.4958406994909129,3.113965525930462e-05
new_more,1000,NL2 0AC,offwind-dc,0.49078279169013794,0.4877925082907381,0.002990283399399829
new_more,1000,NL2 0AC,offwind-dc,0.4847690763568096,0.4785639430797985,0.00620513327701111
new_more,1000,NL2 0AC,offwind-dc,0.4779546320187064,0.46679189307914226,0.011162738939564154
new_more,1000,DK2 0AC,offwind-float,0.5070294574685188,0.3887718226865345,0.11825763478198431
new_more,1000,DK2 0AC,offwind-float,0.48290396481525705,0.38736017687347635,0.0955437879417807
new_more,1000,DK2 0AC,offwind-float,0.47794800442459756,0.38188579552998936,0.0960622088946082
new_more,1000,DK2 0AC,offwind-float,0.4720915577614133,0.37628731349041056,0.09580424427100276
new_more,1000,DK2 0AC,offwind-float,0.46545532249032173,0.36858403839024195,0.09687128410007978
new_more,1000,GB1 0AC,offwind-float,0.5208967267361841,0.42399287245694617,0.09690385427923798
new_more,1000,GB1 0AC,offwind-float,0.49613907384820843,0.4167805987110443,0.07935847513716415
new_more,1000,GB1 0AC,offwind-float,0.49104728380835877,0.4112898325260373,0.07975745128232148
new_more,1000,GB1 0AC,offwind-float,0.4850303275702272,0.4047025802445299,0.08032774732569731
new_more,1000,GB1 0AC,offwind-float,0.47821221079933296,0.39597207268869966,0.0822401381106333
new_more,1000,GB1 0AC,offwind-float,0.5053524452256938,0.4042522304558456,0.1011002147698482
new_more,1000,GB1 0AC,offwind-float,0.4813335950720739,0.39626405472778015,0.08506954034429376
new_more,1000,GB1 0AC,offwind-float,0.4763664986214584,0.39174248670959044,0.08462401191186797
new_more,1000,GB1 0AC,offwind-float,0.4705294306444448,0.38485688471968965,0.08567254592475515
new_more,1000,GB1 0AC,offwind-float,0.4639151543406364,0.36931920680469643,0.09459594753593997
new_more,1000,GB1 0AC,offwind-float,0.5150569977937618,0.41553512635510903,0.09952187143865276
new_more,1000,GB1 0AC,offwind-float,0.49054995973862575,0.4069664042080386,0.08358355553058716
new_more,1000,GB1 0AC,offwind-float,0.48551552981624085,0.4022425793525213,0.08327295046371957
new_more,1000,GB1 0AC,offwind-float,0.47956635589314933,0.39537706937134726,0.08418928652180208
new_more,1000,GB1 0AC,offwind-float,0.4728250466841943,0.3880415740906023,0.08478347259359198
new_more,1000,GB1 0AC,offwind-float,0.5038167684197415,0.4000704659638161,0.10374630245592542
new_more,1000,GB1 0AC,offwind-float,0.479870907308591,0.39358153967791343,0.08628936763067757
new_more,1000,GB1 0AC,offwind-float,0.47494607466580857,0.3890327330735616,0.08591334159224695
new_more,1000,GB1 0AC,offwind-float,0.4691264115886133,0.38247366829245544,0.08665274329615785
new_more,1000,GB1 0AC,offwind-float,0.4625318576551613,0.36498773992622824,0.09754411772893307
new_more,1000,GB1 0AC,offwind-float,0.4952921418225864,0.3856746632917323,0.10961747853085413
new_more,1000,GB1 0AC,offwind-float,0.4717253428199752,0.3785464781985362,0.09317886462143898
new_more,1000,GB1 0AC,offwind-float,0.4668841067055016,0.374918686480331,0.09196542022517062
new_more,1000,GB1 0AC,offwind-float,0.461163229447941,0.36805124428440367,0.09311198516353736
new_more,1000,GB1 0AC,offwind-float,0.4546806147121367,0.3634695530833898,0.09121106162874693
new_more,1000,GB1 0AC,offwind-float,0.5037057433927422,0.3986738789049761,0.10503186448776614
new_more,1000,GB1 0AC,offwind-float,0.4797651591799465,0.3935301105514032,0.08623504862854331
new_more,1000,GB1 0AC,offwind-float,0.47484141181203254,0.3887867903095656,0.08605462150246695
new_more,1000,GB1 0AC,offwind-float,0.46902303120158073,0.38240674396433894,0.0866162872372418
new_more,1000,GB1 0AC,offwind-float,0.4624299304959179,0.3758649559832862,0.08656497451263173
new_more,1000,GB1 0AC,offwind-float,0.5160853250193748,0.4183776338379932,0.09770769118138156
new_more,1000,GB1 0AC,offwind-float,0.4915563528035849,0.40742609391995266,0.08413025888363224
new_more,1000,GB1 0AC,offwind-float,0.48651159444215025,0.4029879745531999,0.08352361988895035
new_more,1000,GB1 0AC,offwind-float,0.4805502154270808,0.3957105735700632,0.08483964185701764
new_more,1000,GB1 0AC,offwind-float,0.4737950760124516,0.3865460450802213,0.0872490309322303
new_more,1000,GB1 0AC,offwind-float,0.5108299933601239,0.40730408304281485,0.10352591031730907
new_more,1000,GB1 0AC,offwind-float,0.4864974953657428,0.4013185721952073,0.08517892317053555
new_more,1000,GB1 0AC,offwind-float,0.48150465518869,0.3962090386678467,0.08529561652084333
new_more,1000,GB1 0AC,offwind-float,0.47560462776921725,0.38983604033447683,0.08576858743474042
new_more,1000,GB1 0AC,offwind-float,0.46891900894378685,0.37725262653593195,0.09166638240785491
new_more,1000,GB1 0AC,offwind-float,0.5129656485189672,0.4121419629521067,0.1008236855668605
new_more,1000,GB1 0AC,offwind-float,0.48858495112226435,0.4040612655033542,0.08452368561891016
new_more,1000,GB1 0AC,offwind-float,0.4835706877455686,0.39932449878882487,0.08424618895674374
new_more,1000,GB1 0AC,offwind-float,0.4776453445817852,0.3925828175686044,0.08506252701318079
new_more,1000,GB1 0AC,offwind-float,0.470931039208868,0.38606597803689724,0.08486506117197073
new_more,1000,GB1 0AC,offwind-float,0.49378275277499917,0.3800372048641809,0.11374554791081826
new_more,1000,GB1 0AC,offwind-float,0.4703137974757963,0.37839721603372534,0.09191658144207099
new_more,1000,GB1 0AC,offwind-float,0.46548704780857747,0.37383179402152805,0.09165525378704942
new_more,1000,GB1 0AC,offwind-float,0.45978328915144917,0.3678460003479759,0.0919372888034733
new_more,1000,GB1 0AC,offwind-float,0.4533200723657184,0.36166450571781045,0.09165556664790797
new_more,1000,GB1 0AC,offwind-float,0.49430230951686865,0.37869245473512597,0.11560985478174268
new_more,1000,GB1 0AC,offwind-float,0.4708086602527962,0.37762067540504757,0.09318798484774865
new_more,1000,GB1 0AC,offwind-float,0.46597683189395256,0.373129451533969,0.09284738035998358
new_more,1000,GB1 0AC,offwind-float,0.46026707175895243,0.36715764645973914,0.09310942529921329
new_more,1000,GB1 0AC,offwind-float,0.4537970543957687,0.3609090943122098,0.09288796008355887
new_more,1000,GB1 0AC,offwind-float,0.5000629401852021,0.3838975787809882,0.11616536140421396
new_more,1000,GB1 0AC,offwind-float,0.4762954944329158,0.38277185163262445,0.09352364280029135
new_more,1000,GB1 0AC,offwind-float,0.47140735563794395,0.37818197397819747,0.09322538165974648
new_more,1000,GB1 0AC,offwind-float,0.4656310535938544,0.3720817606640765,0.09354929292977793
new_more,1000,GB1 0AC,offwind-float,0.459085634235314,0.36417258655854073,0.09491304767677328
new_more,1000,GB1 0AC,offwind-float,0.5014802051133546,0.39283661638934564,0.10864358872400892
new_more,1000,GB1 0AC,offwind-float,0.4776453983059098,0.3908410768724124,0.08680432143349742
new_more,1000,GB1 0AC,offwind-float,0.47274340567950723,0.38574249474032357,0.08700091093918366
new_more,1000,GB1 0AC,offwind-float,0.46695073259560727,0.3797994095484353,0.08715132304717199
new_more,1000,GB1 0AC,offwind-float,0.460386762385661,0.37297366850726166,0.08741309387839935
new_more,1000,GB1 0AC,offwind-float,0.5070778414658051,0.40286081337973817,0.10421702808606698
new_more,1000,GB1 0AC,offwind-float,0.4829769851120799,0.3972760929680342,0.08570089214404575
new_more,1000,GB1 0AC,offwind-float,0.47802027532666463,0.3924868197914281,0.08553345553523656
new_more,1000,GB1 0AC,offwind-float,0.47216294310547136,0.3860356903737047,0.08612725273176663
new_more,1000,GB1 0AC,offwind-float,0.4654983892924908,0.3785297200278414,0.08696866926464941
new_more,1000,GB1 0AC,offwind-float,0.5092481985306629,0.39594852521370827,0.11329967331695467
new_more,1000,GB1 0AC,offwind-float,0.48504418747448586,0.38668342220776103,0.09836076526672483
new_more,1000,GB1 0AC,offwind-float,0.4800662623465303,0.38290587222016176,0.09716039012636857
new_more,1000,GB1 0AC,offwind-float,0.4741838600052727,0.37590026994810083,0.09828359005717185
new_more,1000,GB1 0AC,offwind-float,0.46751821304545205,0.3695949323311489,0.09792328071430317
new_more,1000,GB1 0AC,offwind-float,0.5037929857408414,0.3982234564129679,0.1055695293278735
new_more,1000,GB1 0AC,offwind-float,0.4798212313503592,0.3933608941924421,0.08646033715791712
new_more,1000,GB1 0AC,offwind-float,0.4748969085233979,0.3885415256205597,0.08635538290283817
new_more,1000,GB1 0AC,offwind-float,0.46907784789435164,0.3823038040980593,0.08677404379629233
new_more,1000,GB1 0AC,offwind-float,0.4624839766253013,0.3753528921042092,0.08713108452109208
new_more,1000,GB1 0AC,offwind-float,0.5088965610480536,0.3938884391554208,0.11500812189263276
new_more,1000,GB1 0AC,offwind-float,0.4846819892254866,0.3890990858965184,0.09558290332896818
new_more,1000,GB1 0AC,offwind-float,0.4797077812759069,0.3849252632637952,0.09478251801211168
new_more,1000,GB1 0AC,offwind-float,0.4738297715155378,0.37827105879704853,0.09555871271848926
new_more,1000,GB1 0AC,offwind-float,0.46716910201080186,0.37079726684803466,0.0963718351627672
new_more,1000,GB1 0AC,offwind-float,0.5004232410524387,0.3947255740264099,0.10569766702602884
new_more,1000,GB1 0AC,offwind-float,0.47663867059318366,0.388569273402263,0.08806939719092066
new_more,1000,GB1 0AC,offwind-float,0.4717470098402633,0.38424841116682784,0.08749859867343546
new_more,1000,GB1 0AC,offwind-float,0.4659665459068022,0.3777294280821993,0.08823711782460292
new_more,1000,GB1 0AC,offwind-float,0.45941641050137677,0.37122951089448336,0.08818689960689341
new_more,1000,GB1 0AC,offwind-float,0.4980633343219776,0.3918290467215824,0.10623428760039516
new_more,1000,GB1 0AC,offwind-float,0.4743909276538963,0.3862911361098621,0.08809979154403419
new_more,1000,GB1 0AC,offwind-float,0.4695223351004258,0.38195986410465144,0.08756247099577436
new_more,1000,GB1 0AC,offwind-float,0.4637691308036534,0.3754795035618044,0.08828962724184902
new_more,1000,GB1 0AC,offwind-float,0.4572498846682712,0.368221472920461,0.08902841174781023
new_more,1000,GB1 0AC,offwind-float,0.5084376999683312,0.39181177162625414,0.11662592834207708
new_more,1000,GB1 0AC,offwind-float,0.4842722110242013,0.3905803625895639,0.0936918484346374
new_more,1000,GB1 0AC,offwind-float,0.4793022085578698,0.38571740816787414,0.09358480038999567
new_more,1000,GB1 0AC,offwind-float,0.4734291684071009,0.3796518226592858,0.0937773457478151
new_more,1000,GB1 0AC,offwind-float,0.4667741302178042,0.37033456606835596,0.09643956414944821
new_more,1000,GB1 0AC,offwind-float,0.5062056061212824,0.3925065220062389,0.11369908411504348
new_more,1000,GB1 0AC,offwind-float,0.4821462061614794,0.3858331881427474,0.09631301801873199
new_more,1000,GB1 0AC,offwind-float,0.47719802251764204,0.38140425237287967,0.09579377014476237
new_more,1000,GB1 0AC,offwind-float,0.4713507656177705,0.3750090292820889,0.0963417363356816
new_more,1000,GB1 0AC,offwind-float,0.464724943731268,0.36437613614366327,0.10034880758760473
new_more,1000,GB4 0AC,offwind-float,0.5246075612457857,0.39317425046741106,0.1314333107783746
new_more,1000,GB4 0AC,offwind-float,0.49964652935211523,0.39276816541880744,0.1068783639333078
new_more,1000,GB4 0AC,offwind-float,0.49451874289928094,0.3878382565498279,0.10668048634945304
new_more,1000,GB4 0AC,offwind-float,0.48845924978512684,0.3819227386023595,0.10653651118276736
new_more,1000,GB4 0AC,offwind-float,0.48159293233330486,0.3749614371044668,0.10663149522883808
new_more,1000,GB4 0AC,offwind-float,0.5255791063401496,0.3985017465091871,0.12707735983096247
new_more,1000,GB4 0AC,offwind-float,0.5005989050601902,0.3938980607616144,0.10670084429857585
new_more,1000,GB4 0AC,offwind-float,0.49546134453915575,0.38968098969617576,0.10578035484297998
new_more,1000,GB4 0AC,offwind-float,0.4893903014317442,0.3831131560321098,0.1062771453996344
new_more,1000,GB4 0AC,offwind-float,0.48248378654457513,0.37636250191263226,0.10612128463194287
new_more,1000,GB4 0AC,offwind-float,0.5259942206504366,0.40024367441918546,0.1257505462312511
new_more,1000,GB4 0AC,offwind-float,0.5009942894403866,0.395732524307025,0.1052617651333616
new_more,1000,GB4 0AC,offwind-float,0.4958526711574158,0.39122391191104866,0.10462875924636716
new_more,1000,GB4 0AC,offwind-float,0.4897768330023285,0.38489119896612606,0.10488563403620244
new_more,1000,GB4 0AC,offwind-float,0.4828919941597406,0.3785133981774411,0.10437859598229948
new_more,1000,GB4 0AC,offwind-float,0.5291148015740658,0.3943528514137275,0.13476195016033826
new_more,1000,GB4 0AC,offwind-float,0.5039665525586801,0.3991604205384652,0.10480613202021488
new_more,1000,GB4 0AC,offwind-float,0.49879443045019084,0.39349341233693247,0.10530101811325837
new_more,1000,GB4 0AC,offwind-float,0.49268254599668915,0.3878790432285705,0.10480350276811867
new_more,1000,GB4 0AC,offwind-float,0.48575686127422096,0.3630938136838618,0.12266304759035918
new_more,1000,GB4 0AC,offwind-float,0.527357426679545,0.40175704084938063,0.12560038583016436
new_more,1000,GB4 0AC,offwind-float,0.502266487888433,0.39912378707506097,0.10314270081337201
new_more,1000,GB4 0AC,offwind-float,0.49711181325145204,0.3944955590954197,0.10261625415603232
new_more,1000,GB4 0AC,offwind-float,0.49102054643373444,0.38807998128547166,0.10294056514826277
new_more,1000,GB4 0AC,offwind-float,0.4840911435206115,0.3805013877636649,0.10358975575694662
new_more,1000,GB4 0AC,offwind-float,0.5263953600222465,0.398086438368791,0.12830892165345553
new_more,1000,GB4 0AC,offwind-float,0.5013490540662188,0.39521356016830683,0.10613549389791194
new_more,1000,GB4 0AC,offwind-float,0.49620379489486904,0.3905838527803907,0.10561994211447834
new_more,1000,GB4 0AC,offwind-float,0.4901236543106021,0.38441909648851524,0.10570455782208688
new_more,1000,GB4 0AC,offwind-float,0.4832339401683803,0.3779973050308451,0.10523663513753517
new_more,1000,GB4 0AC,offwind-float,0.5241784941395317,0.401287373554465,0.12289112058506668
new_more,1000,GB4 0AC,offwind-float,0.4992648624287665,0.3969464585107464,0.1023184039180201
new_more,1000,GB4 0AC,offwind-float,0.4941409929579667,0.39215988880714475,0.10198110415082196
new_more,1000,GB4 0AC,offwind-float,0.4880861285322116,0.3859419209352007,0.10214420759701093
new_more,1000,GB4 0AC,offwind-float,0.48122505608081007,0.3757028925991129,0.10552216348169718
new_more,1000,GB4 0AC,offwind-float,0.5241185286570554,0.39650642267373376,0.12761210598332168
new_more,1000,GB4 0AC,offwind-float,0.49920774704022286,0.39348962424947975,0.10571812279074311
new_more,1000,GB4 0AC,offwind-float,0.49408446373483883,0.3883833018245875,0.1057011619102513
new_more,1000,GB4 0AC,offwind-float,0.48803029197936804,0.3820442292097287,0.10598606276963934
new_more,1000,GB4 0AC,offwind-float,0.481170004427623,0.37546784237640435,0.10570216205121863
new_more,1000,GB4 0AC,offwind-float,0.5244821070497447,0.4011500316086571,0.12333207544108765
new_more,1000,GB4 0AC,offwind-float,0.49955404494873606,0.3946476878424701,0.10490635710626595
new_more,1000,GB4 0AC,offwind-float,0.4944272076474378,0.3909803290094115,0.10344687863802632
new_more,1000,GB4 0AC,offwind-float,0.488341500929973,0.38259506784618286,0.10574643308379017
new_more,1000,GB4 0AC,offwind-float,0.48147683868484326,0.37495048579588924,0.10652635288895401
new_more,1000,GB4 0AC,offwind-float,0.5204315381178896,0.3960024521914453,0.12442908592644425
new_more,1000,GB4 0AC,offwind-float,0.4956959951372104,0.3920699131888658,0.1036260819483446
new_more,1000,GB4 0AC,offwind-float,0.49060875233801654,0.38790435338158236,0.10270439895643418
new_more,1000,GB4 0AC,offwind-float,0.4845971695634048,0.3814167203614581,0.10318044920194674
new_more,1000,GB4 0AC,offwind-float,0.47775794589980214,0.374588706119836,0.10316923977996612
new_more,1000,GB4 0AC,offwind-float,0.5207648855124691,0.39546022751471327,0.12530465799775586
new_more,1000,GB4 0AC,offwind-float,0.4960134988939583,0.39411985898964264,0.10189363990431566
new_more,1000,GB4 0AC,offwind-float,0.49092299760828056,0.3891032662160781,0.10181973139220246
new_more,1000,GB4 0AC,offwind-float,0.4849075642879037,0.3833123880782172,0.1015951762096865
new_more,1000,GB4 0AC,offwind-float,0.4780911732119743,0.3765379100685931,0.1015532631433812
new_more,1000,GB4 0AC,offwind-float,0.5205123859430368,0.3932451022349257,0.12726728370811113
new_more,1000,GB4 0AC,offwind-float,0.4957730003534699,0.38565940195413007,0.11011359839933982
new_more,1000,GB4 0AC,offwind-float,0.490684967262977,0.38220296255360736,0.10848200470936964
new_more,1000,GB4 0AC,offwind-float,0.4846724506030078,0.3753150122768524,0.10935743832615541
new_more,1000,GB4 0AC,offwind-float,0.4778593645421815,0.36853877363935317,0.10932059090282831
new_more,1000,GB4 0AC,offwind-float,0.5050161873611694,0.37255478480130483,0.13246140255986455
new_more,1000,GB4 0AC,offwind-float,0.48098682390814973,0.37131714586693715,0.10966967804121258
new_more,1000,GB4 0AC,offwind-float,0.4760505388051067,0.3670680305509684,0.1089825082541383
new_more,1000,GB4 0AC,offwind-float,0.4702173423827289,0.3612751090014657,0.10894223338126319
new_more,1000,GB4 0AC,offwind-float,0.4636074531328638,0.35490511567536165,0.10870233745750213
new_more,1000,GB4 0AC,offwind-float,0.5021237291538518,0.3689922534922437,0.13313147566160816
new_more,1000,GB4 0AC,offwind-float,0.47820534374607426,0.3687666136269928,0.10943873011908145
new_more,1000,GB4 0AC,offwind-float,0.4732976044958612,0.36433094117123266,0.10896666332462857
new_more,1000,GB4 0AC,offwind-float,0.4674981406402063,0.3587505186451331,0.10874762199507321
new_more,1000,GB4 0AC,offwind-float,0.46092647546407506,0.3525558928974569,0.10837058256661813
new_more,1000,NO0 0AC,offwind-float,0.49906198602631,0.4163963230465495,0.08266566297976052
new_more,1000,NO0 0AC,offwind-float,0.47534211453270236,0.398728895314257,0.07661321921844538
new_more,1000,NO0 0AC,offwind-float,0.4704637601117821,0.3942807448896393,0.07618301522214277
new_more,1000,NO0 0AC,offwind-float,0.4646990202393502,0.3871037148273781,0.07759530541197213
new_more,1000,NO0 0AC,offwind-float,0.45813943354043457,0.3801032724467009,0.07803616109373368
new_more,1000,NO0 0AC,offwind-float,0.4960835685951155,0.41002205904806543,0.08606150954705005
new_more,1000,NO0 0AC,offwind-float,0.4725052580312127,0.39711360965974435,0.07539164837146833
new_more,1000,NO0 0AC,offwind-float,0.4676560177809758,0.39213603049810136,0.07551998728287446
new_more,1000,NO0 0AC,offwind-float,0.4619256820551291,0.38565603278213545,0.07626964927299368
new_more,1000,NO0 0AC,offwind-float,0.4554323494515698,0.3790030263056842,0.07642932314588557
new_more,1000,NO0 0AC,offwind-float,0.4953039611358511,0.40898667714512715,0.08631728399072397
new_more,1000,NO0 0AC,offwind-float,0.471762704463583,0.39664776907758525,0.07511493538599773
new_more,1000,NO0 0AC,offwind-float,0.4669210849129826,0.39163916867684334,0.07528191623613928
new_more,1000,NO0 0AC,offwind-float,0.46119975454985856,0.385093159643253,0.07610659490660554
new_more,1000,NO0 0AC,offwind-float,0.45468960552928256,0.3780962200680974,0.07659338546118516
new_more,1000,NO0 0AC,offwind-float,0.4953604757957992,0.407214160210928,0.08814631558487124
new_more,1000,NO0 0AC,offwind-float,0.4718165330434269,0.3958411958564911,0.07597533718693583
new_more,1000,NO0 0AC,offwind-float,0.46697436105936346,0.3907112818409419,0.07626307921842157
new_more,1000,NO0 0AC,offwind-float,0.46125237788692375,0.38431495695456985,0.0769374209323539
new_more,1000,NO0 0AC,offwind-float,0.45474139481331716,0.37710465132895443,0.07763674348436272
new_more,1000,NO0 0AC,offwind-float,0.49443582325808205,0.4081215747585358,0.08631424849954628
new_more,1000,NO0 0AC,offwind-float,0.4709358282316134,0.39566747956610576,0.07526834866550763
new_more,1000,NO0 0AC,offwind-float,0.46610269476966054,0.3906403888589384,0.07546230591072212
new_more,1000,NO0 0AC,offwind-float,0.4603913923974051,0.38427420548230595,0.07611718691509917
new_more,1000,NO0 0AC,offwind-float,0.45391962744735553,0.3697747518569076,0.08414487559044792
new_more,1000,NO0 0AC,offwind-float,0.4985808157706138,0.4124361927287751,0.08614462304183873
new_more,1000,NO0 0AC,offwind-float,0.4748838137740851,0.40032461874379793,0.07455919503028718
new_more,1000,NO0 0AC,offwind-float,0.4700101628150789,0.3951994186658494,0.0748107441492295
new_more,1000,NO0 0AC,offwind-float,0.46425098101245826,0.38873630026580863,0.07551468074664963
new_more,1000,NO0 0AC,offwind-float,0.4577249614635327,0.3816359437161802,0.0760890177473525
new_more,1000,NO0 0AC,offwind-float,0.49342699611963126,0.4075897632005679,0.08583723291906337
new_more,1000,NO0 0AC,offwind-float,0.46994852464370046,0.39427122581786217,0.07567729882583829
new_more,1000,NO0 0AC,offwind-float,0.46512552370877513,0.3894322361084647,0.07569328760031041
new_more,1000,NO0 0AC,offwind-float,0.4594261949197253,0.3828890900082639,0.07653710491146143
new_more,1000,NO0 0AC,offwind-float,0.45296799784107616,0.376334937244318,0.07663306059675817
new_more,1000,NO0 0AC,offwind-float,0.5016195390616789,0.4160689137715623,0.08555062529011659
new_more,1000,NO0 0AC,offwind-float,0.47775139389987525,0.40378271609088995,0.0739686778089853
new_more,1000,NO0 0AC,offwind-float,0.4728483134589101,0.39857825663397034,0.07427005682493976
new_more,1000,NO0 0AC,offwind-float,0.46705435490711633,0.3920882338704681,0.07496612103664824
new_more,1000,NO0 0AC,offwind-float,0.46048892806862596,0.3847759675040564,0.07571296056456955
new_more,1000,NO0 0AC,offwind-float,0.5023830786688435,0.41666588090618434,0.08571719776265913
new_more,1000,NO0 0AC,offwind-float,0.47850535926674953,0.4040136174088817,0.07449174185786783
new_more,1000,NO0 0AC,offwind-float,0.47359454100881365,0.3988404146579561,0.07475412635085754
new_more,1000,NO0 0AC,offwind-float,0.4677914386970205,0.3922951654158666,0.07549627328115388
new_more,1000,NO0 0AC,offwind-float,0.4612156506026171,0.38534193939004846,0.07587371121256864
new_more,1000,NO0 0AC,offwind-float,0.4964806152702815,0.4114215443780511,0.08505907089223036
new_more,1000,NO0 0AC,offwind-float,0.47288343351126544,0.3972343694310763,0.07564906408018912
new_more,1000,NO0 0AC,offwind-float,0.46803031211107665,0.39241199069022054,0.07561832142085612
new_more,1000,NO0 0AC,offwind-float,0.4622953900395182,0.38574912591489685,0.07654626412462134
new_more,1000,NO0 0AC,offwind-float,0.45579686041617384,0.379418322034853,0.07637853838132086
new_more,1000,NO0 0AC,offwind-float,0.5075845396491004,0.4217040012032524,0.08588053844584803
new_more,1000,NO0 0AC,offwind-float,0.48345960048376013,0.4091867176872093,0.07427288279655081
new_more,1000,NO0 0AC,offwind-float,0.4784979376997358,0.40381011019816837,0.07468782750156744
new_more,1000,NO0 0AC,offwind-float,0.47263475253180987,0.39726107425163903,0.07537367828017083
new_more,1000,NO0 0AC,offwind-float,0.46599088152092344,0.3861722573915064,0.07981862412941704
new_more,1000,NO0 0AC,offwind-float,0.5047710510401517,0.42164378291045057,0.08312726812970117
new_more,1000,NO0 0AC,offwind-float,0.4807798339176068,0.4048478536501046,0.0759319802675022
new_more,1000,NO0 0AC,offwind-float,0.4758456731172599,0.4001272312821039,0.07571844183515597
new_more,1000,NO0 0AC,offwind-float,0.47001498697834987,0.3931189409363393,0.07689604604201056
new_more,1000,NO0 0AC,offwind-float,0.4634079422573686,0.3869482907105995,0.07645965154676909
new_more,1000,NO0 0AC,offwind-float,0.4869488577117249,0.3985602651668126,0.08838859254491233
new_more,1000,NO0 0AC,offwind-float,0.46377751945293194,0.3882395046708984,0.07553801478203354
new_more,1000,NO0 0AC,offwind-float,0.45901785048362376,0.38325859973912274,0.07575925074450102
new_more,1000,NO0 0AC,offwind-float,0.4533933609284405,0.377087027169842,0.07630633375859852
new_more,1000,NO0 0AC,offwind-float,0.44701996796259413,0.3702667563999181,0.07675321156267606
new_more,1000,NO0 0AC,offwind-float,0.49004075194149327,0.4026277455314954,0.08741300640999788
new_more,1000,NO0 0AC,offwind-float,0.4667496498576926,0.3910503613062964,0.07569928855139618
new_more,1000,NO0 0AC,offwind-float,0.4619594784248821,0.3860342408123394,0.07592523761254272
new_more,1000,NO0 0AC,offwind-float,0.4562989441807758,0.37975791694092675,0.07654102723984907
new_more,1000,NO0 0AC,offwind-float,0.44988470715884477,0.37261248428385374,0.07727222287499103
new_more,1000,NO0 0AC,offwind-float,0.4653205323306447,0.37859585948022345,0.08672467285042124
new_more,1000,NO0 0AC,offwind-float,0.44320435530401353,0.36682160601740293,0.0763827492866106
new_more,1000,NO0 0AC,offwind-float,0.43865582518230534,0.36244927530953563,0.0762065498727697
new_more,1000,NO0 0AC,offwind-float,0.43328083790357824,0.35638485648470875,0.0768959814188695
new_more,1000,NO0 0AC,offwind-float,0.42719016855880465,0.35008352870499065,0.077106639853814
new_more,1000,NO0 0AC,offwind-float,0.5120204879683085,0.42784083111994137,0.08417965684836709
new_more,1000,NO0 0AC,offwind-float,0.48765764474272655,0.4131316627474274,0.07452598199529914
new_more,1000,NO0 0AC,offwind-float,0.48265289815202106,0.4079153451336233,0.07473755301839774
new_more,1000,NO0 0AC,offwind-float,0.4767388009517167,0.40108882684490865,0.07564997410680807
new_more,1000,NO0 0AC,offwind-float,0.4700372389475671,0.3938814012928756,0.07615583765469153
new_more,1000,NO0 0AC,offwind-float,0.506345509427521,0.4230723166119176,0.08327319281560341
new_more,1000,NO0 0AC,offwind-float,0.48227946001627015,0.40793311704194624,0.07434634297432391
new_more,1000,NO0 0AC,offwind-float,0.47732990881102444,0.4028580862105279,0.07447182260049656
new_more,1000,NO0 0AC,offwind-float,0.4714810358670736,0.3960811674215796,0.07539986844549396
new_more,1000,NO0 0AC,offwind-float,0.46485338275946786,0.38882623415356493,0.07602714860590293
new_more,1000,NO0 0AC,offwind-float,0.515116800652427,0.43125994314379795,0.08385685750862909
new_more,1000,NO0 0AC,offwind-float,0.49063386134270026,0.4165596018545908,0.07407425948810947
new_more,1000,NO0 0AC,offwind-float,0.4855985703525735,0.4112419813046678,0.07435658904790565
new_more,1000,NO0 0AC,offwind-float,0.4796483789077695,0.4044065736187616,0.07524180528900792
new_more,1000,NO0 0AC,offwind-float,0.4729059166936108,0.3973218734305432,0.07558404326306761
new_more,1000,NO0 0AC,offwind-float,0.4854116399137194,0.39904163987115415,0.08637000004256523
new_more,1000,NO0 0AC,offwind-float,0.46234055447214517,0.38647415947813407,0.0758663949940111
new_more,1000,NO0 0AC,offwind-float,0.457595632827453,0.38168542864571053,0.07591020418174249
new_more,1000,NO0 0AC,offwind-float,0.4519885701508627,0.3753350754331464,0.07665349471771626
new_more,1000,NO0 0AC,offwind-float,0.4456349244606313,0.3690342390900851,0.0766006853705462
new_more,1000,NO0 0AC,offwind-float,0.513269065308898,0.4283375931626438,0.08493147214625424
new_more,1000,NO0 0AC,offwind-float,0.4888739468433347,0.4145382039047949,0.07433574293853978
new_more,1000,NO0 0AC,offwind-float,0.4838567175532254,0.4092432968958677,0.07461342065735771
new_more,1000,NO0 0AC,offwind-float,0.4779278695765814,0.40246637744555386,0.07546149213102754
new_more,1000,NO0 0AC,offwind-float,0.47120959272333446,0.3841588809119881,0.08705071181134638
new_more,1000,NO0 0AC,offwind-float,0.4629682160889148,0.37774012555852543,0.08522809053038938
new_more,1000,NO0 0AC,offwind-float,0.4409638420858127,0.36359053875435476,0.07737330333145792
new_more,1000,NO0 0AC,offwind-float,0.43641099368779096,0.35952114991130896,0.076889843776482
new_more,1000,NO0 0AC,offwind-float,0.43106351303278395,0.353084112797896,0.07797940023488797
new_more,1000,NO0 0AC,offwind-float,0.42500401283152317,0.34361834223799326,0.08138567059352991
new_more,1000,NO0 0AC,offwind-float,0.5307013182446235,0.44914945085322394,0.08155186739139958
new_more,1000,NO0 0AC,offwind-float,0.5054776638234931,0.4324050744600296,0.0730725893634635
new_more,1000,NO0 0AC,offwind-float,0.5002900334398188,0.4270139646702162,0.07327606876960263
new_more,1000,NO0 0AC,offwind-float,0.49415982289423815,0.419839765034079,0.07432005786015916
new_more,1000,NO0 0AC,offwind-float,0.4872133719519732,0.40144629717376157,0.0857670747782116
new_more,1000,NO0 0AC,offwind-float,0.5269413794368446,0.444226387813909,0.08271499162293561
new_more,1000,NO0 0AC,offwind-float,0.5018697014008534,0.4283814254871414,0.07348827591371199
new_more,1000,NO0 0AC,offwind-float,0.49671909891539584,0.42296121026400374,0.0737578886513921
new_more,1000,NO0 0AC,offwind-float,0.4906326441494949,0.4157903758259153,0.0748422683235796
new_more,1000,NO0 0AC,offwind-float,0.4837357750894062,0.4077726218256547,0.07596315326375147
new_more,1000,NO0 0AC,offwind-float,0.4453764460600705,0.3393821779433393,0.10599426811673118
new_more,1000,NO0 0AC,offwind-float,0.42418192805590876,0.32353767237863806,0.1006442556772707
new_more,1000,NO0 0AC,offwind-float,0.41982862183552405,0.31801133142313764,0.10181729041238641
new_more,1000,NO0 0AC,offwind-float,0.41468433017890777,0.3136719630977568,0.10101236708115097
new_more,1000,NO0 0AC,offwind-float,0.40885507368605384,0.30038967654350646,0.10846539714254738
new_more,1000,GB4 0AC,offwind-ac,0.5079109308113923,0.44697479727725237,0.0609361335341399
new_more,1000,GB4 0AC,offwind-ac,0.4837704786303485,0.4291812791150488,0.054589199515299724
new_more,1000,GB4 0AC,offwind-ac,0.4788056253573386,0.42427593819579623,0.054529687161542384
new_more,1000,GB4 0AC,offwind-ac,0.47293866999613016,0.4194540684490499,0.053484601547080235
new_more,1000,GB4 0AC,offwind-ac,0.4662905267889652,0.4138966166372153,0.052393910151749934
new_more,1000,GB4 0AC,offwind-ac,0.4594612440967604,0.4066102043975902,0.05285103969917021
new_more,1000,GB4 0AC,offwind-ac,0.5079109308113924,0.44708870242702864,0.06082222838436374
new_more,1000,GB4 0AC,offwind-ac,0.4837704786303485,0.4304849037791441,0.05328557485120439
new_more,1000,GB4 0AC,offwind-ac,0.4788056253573386,0.42541378279432396,0.05339184256301466
new_more,1000,GB4 0AC,offwind-ac,0.47293866999613016,0.4206953264091874,0.05224334358694277
new_more,1000,GB4 0AC,offwind-ac,0.4662905267889652,0.4152307809460444,0.051059745842920834
new_more,1000,GB4 0AC,offwind-ac,0.4594612440967604,0.41086409977628985,0.048597144320470576
new_more,1000,GB4 0AC,offwind-ac,0.5308980261998738,0.4717200526494423,0.05917797355043153
new_more,1000,GB4 0AC,offwind-ac,0.5056650224643275,0.45023181691123465,0.05543320555309289
new_more,1000,GB4 0AC,offwind-ac,0.5004754692511253,0.44543378307678594,0.055041686174339355
new_more,1000,GB4 0AC,offwind-ac,0.49434298650244224,0.440104207679226,0.05423877882321626
new_more,1000,GB4 0AC,offwind-ac,0.48739396081217096,0.43403853222976224,0.053355428582408715
new_more,1000,GB4 0AC,offwind-ac,0.48025559760376263,0.42798790580749513,0.0522676917962675
new_more,1000,NO0 0AC,offwind-ac,0.2826843523709291,0.24720380276587944,0.03548054960504965
new_more,1000,NO0 0AC,offwind-ac,0.26919482964271285,0.20911004137843173,0.060084788264281125
new_more,1000,NO0 0AC,offwind-ac,0.26643212937457555,0.20146814583399938,0.06496398354057617
new_more,1000,NO0 0AC,offwind-ac,0.2631674530068621,0.2030514553612111,0.06011599764565101
new_more,1000,NO0 0AC,offwind-ac,0.25946808345632655,0.1974921101793069,0.06197597327701965
new_more,1000,NO0 0AC,offwind-ac,0.25566791855971094,0.19352885229245798,0.06213906626725296
new_more,1000,NO0 0AC,offwind-ac,0.2826843523709291,0.2270222171826533,0.055662135188275785
new_more,1000,NO0 0AC,offwind-ac,0.26919482964271285,0.2091119405075957,0.06008288913511714
new_more,1000,NO0 0AC,offwind-ac,0.26643212937457555,0.2060414913658245,0.06039063800875105
new_more,1000,NO0 0AC,offwind-ac,0.2631674530068621,0.20289327443007768,0.06027417857678444
new_more,1000,NO0 0AC,offwind-ac,0.25946808345632655,0.19937146047782214,0.060096622978504405
new_more,1000,NO0 0AC,offwind-ac,0.25566791855971094,0.1937315845606024,0.06193633399910853
new_more,1000,NL2 0AC,offwind-dc,0.509954926941552,0.509611586872185,0.0003433400693669819
new_more,1000,NL2 0AC,offwind-dc,0.48571732585536537,0.4801090124249859,0.005608313430379486
new_more,1000,NL2 0AC,offwind-dc,0.4807324924239041,0.47230104688940544,0.00843144553449865
new_more,1000,NL2 0AC,offwind-dc,0.47484192655674534,0.4632222412216522,0.011619685335093166
new_more,1000,NL2 0AC,offwind-dc,0.4681670290937378,0.4531009790347264,0.015066050059011404
new_more,1000,NL2 0AC,offwind-dc,0.4613102631824333,0.44022944322426233,0.02108081995817096
new_more,1000,NL2 0AC,offwind-dc,0.5072870797458098,0.5069150155579545,0.00037206418785529216
new_more,1000,NL2 0AC,offwind-dc,0.48317627852500955,0.4772473666311211,0.005928911893888444
new_more,1000,NL2 0AC,offwind-dc,0.47821752342555124,0.46945688991870244,0.008760633506848803
new_more,1000,NL2 0AC,offwind-dc,0.47235777426159464,0.46043013491387647,0.011927639347718177
new_more,1000,NL2 0AC,offwind-dc,0.4657177967602107,0.4503806720805931,0.015337124679617564
new_more,1000,NL2 0AC,offwind-dc,0.45889690226173485,0.43972411520187576,0.019172787059859087
new_more,1000,NL2 0AC,offwind-dc,0.5079205581182801,0.507601645250464,0.0003189128678160458
new_more,1000,NL2 0AC,offwind-dc,0.4837796483618476,0.4780910431501772,0.005688605211670417
new_more,1000,NL2 0AC,offwind-dc,0.47881470098145945,0.4703237885873904,0.008490912394069072
new_more,1000,NL2 0AC,offwind-dc,0.4729476344137848,0.461276823469734,0.011670810944050813
new_more,1000,NL2 0AC,offwind-dc,0.4662993651929607,0.4511737014903537,0.01512566370260704
new_more,1000,NL2 0AC,offwind-dc,0.4594699530536495,0.44094477259239445,0.018525180461255064
new_more,1000,NL2 0AC,offwind-dc,0.5076650500332006,0.5072778929238722,0.00038715710932846203
new_more,1000,NL2 0AC,offwind-dc,0.48353628429717715,0.47825192767102787,0.005284356626149289
new_more,1000,NL2 0AC,offwind-dc,0.4785738345203559,0.47041519491303796,0.008158639607317941
new_more,1000,NL2 0AC,offwind-dc,0.47270971936490463,0.461339703522235,0.011370015842669612
new_more,1000,NL2 0AC,offwind-dc,0.466037766287925,0.4511892999002316,0.014848466387693382
new_more,1000,NL2 0AC,offwind-dc,0.4592121855214851,0.44049586220815284,0.018716323313332228
new_more,1000,NL2 0AC,offwind-dc,0.510971450344155,0.5106428288062017,0.00032862153795332194
new_more,1000,NL2 0AC,offwind-dc,0.4866855350101293,0.4809755588482832,0.005709976161846098
new_more,1000,NL2 0AC,offwind-dc,0.48169076501452585,0.47316699188070904,0.008523773133816803
new_more,1000,NL2 0AC,offwind-dc,0.4757884571330396,0.464072376586755,0.01171608054628459
new_more,1000,NL2 0AC,offwind-dc,0.4691002542010137,0.45391109641229044,0.015189157788723262
new_more,1000,NL2 0AC,offwind-dc,0.462229820291526,0.44222758895869485,0.020002231332831133
new_more,1000,NL2 0AC,offwind-dc,0.5099557598666389,0.5095790384918262,0.0003767213748127052
new_more,1000,NL2 0AC,offwind-dc,0.4857181191924321,0.4821029049680223,0.0036152142244097463
new_more,1000,NL2 0AC,offwind-dc,0.48073327761908885,0.4742468562108419,0.006486421408246956
new_more,1000,NL2 0AC,offwind-dc,0.4748427021306874,0.46505333601793325,0.009789366112754161
new_more,1000,NL2 0AC,offwind-dc,0.4681677937653642,0.45485450109279035,0.013313292672573862
new_more,1000,NL2 0AC,offwind-dc,0.4613110166546928,0.4442364761334773,0.017074540521215542
new_more,1000,NL2 0AC,offwind-dc,0.5159879504625118,0.5156365339564818,0.000351416506029989
new_more,1000,NL2 0AC,offwind-dc,0.4914636063531298,0.4869989892954975,0.004464617057632292
new_more,1000,NL2 0AC,offwind-dc,0.4864197998325753,0.4790468462034948,0.00737295362908047
new_more,1000,NL2 0AC,offwind-dc,0.4804595456056208,0.4698234270591213,0.01063611854649954
new_more,1000,NL2 0AC,offwind-dc,0.4737056807451691,0.45955147727315326,0.014154203472015847
new_more,1000,NL2 0AC,offwind-dc,0.4667677958411162,0.44874505256820973,0.018022743272906483
new_more,1000,NL2 0AC,offwind-dc,0.5114831525410936,0.5111027644962788,0.0003803880448147723
new_more,1000,NL2 0AC,offwind-dc,0.48717291656014583,0.48284525841297976,0.004327658147166069
new_more,1000,NL2 0AC,offwind-dc,0.4821731446514644,0.47494949848150647,0.007223646169957909
new_more,1000,NL2 0AC,offwind-dc,0.476264926021133,0.46577747314960516,0.010487452871527858
new_more,1000,NL2 0AC,offwind-dc,0.46957002532129344,0.4555527524952086,0.014017272826084837
new_more,1000,NL2 0AC,offwind-dc,0.4626657094830391,0.4441227878401738,0.018542921642865307
new_more,1000,NL2 0AC,offwind-dc,0.5121813392819277,0.5118160949227307,0.00036524435919693676
new_more,1000,NL2 0AC,offwind-dc,0.48783791924722525,0.48383203410693476,0.004005885140290488
new_more,1000,NL2 0AC,offwind-dc,0.48283132253026523,0.47776388639644424,0.0050674361338209906
new_more,1000,NL2 0AC,offwind-dc,0.476915039040145,0.4684210006914317,0.008494038348713262
new_more,1000,NL2 0AC,offwind-dc,0.47021099964066954,0.4580885285262767,0.012122471114392852
new_more,1000,NL2 0AC,offwind-dc,0.46332429777339434,0.447117678582135,0.01620661919125932
new_more,1000,GB1 0AC,offwind-float,0.5104906507353,0.40850247727941275,0.10198817345588723
new_more,1000,GB1 0AC,offwind-float,0.4862275872819134,0.40051039514161896,0.08571719214029444
new_more,1000,GB1 0AC,offwind-float,0.4812375171251338,0.3958630425645654,0.0853744745605684
new_more,1000,GB1 0AC,offwind-float,0.47534076303206135,0.38915846611664,0.08618229691542134
new_more,1000,GB1 0AC,offwind-float,0.4686588533779702,0.38141592772217486,0.08724292565579533
new_more,1000,GB1 0AC,offwind-float,0.4617948842170199,0.36804383229173837,0.09375105192528155
new_more,1000,GB1 0AC,offwind-float,0.5159111359987592,0.41606406063988166,0.09984707535887749
new_more,1000,GB1 0AC,offwind-float,0.49136332350002865,0.40819201451030773,0.08317130898972092
new_more,1000,GB1 0AC,offwind-float,0.48632054616515913,0.40317010011614873,0.0831504460490104
new_more,1000,GB1 0AC,offwind-float,0.4803615081244925,0.39647910770169503,0.08388240042279749
new_more,1000,GB1 0AC,offwind-float,0.47360902138610117,0.38875540198989694,0.08485361939620423
new_more,1000,GB1 0AC,offwind-float,0.4666725521532874,0.3735975123526305,0.0930750398006569
new_more,1000,GB1 0AC,offwind-float,0.5144856859636415,0.40774459372364763,0.1067410922399939
new_more,1000,GB1 0AC,offwind-float,0.4900327428462411,0.4027306256066825,0.08730211723955861
new_more,1000,GB1 0AC,offwind-float,0.48500362103192485,0.39771674409779956,0.08728687693412529
new_more,1000,GB1 0AC,offwind-float,0.47906071968757424,0.3913179757473014,0.08774274394027282
new_more,1000,GB1 0AC,offwind-float,0.47232651825414823,0.38388145567243614,0.08844506258171209
new_more,1000,GB1 0AC,offwind-float,0.4654088325392029,0.3554925611786562,0.10991627136054671
new_more,1000,GB1 0AC,offwind-float,0.5122287930999512,0.40825169947072365,0.10397709362922752
new_more,1000,GB1 0AC,offwind-float,0.48788311763707176,0.4015986038909393,0.08628451374613244
new_more,1000,GB1 0AC,offwind-float,0.4828760570568054,0.39694919220185043,0.08592686485495499
new_more,1000,GB1 0AC,offwind-float,0.47695922542051394,0.3902314818581792,0.08672774356233476
new_more,1000,GB1 0AC,offwind-float,0.4702545648889485,0.38250211658990174,0.08775244829904677
new_more,1000,GB1 0AC,offwind-float,0.4633672249658283,0.34505158508256223,0.11831563988326604
new_more,1000,GB1 0AC,offwind-float,0.5106281647445058,0.40592910788932335,0.10469905685518244
new_more,1000,GB1 0AC,offwind-float,0.4863585654003516,0.40079245088126075,0.08556611451909085
new_more,1000,GB1 0AC,offwind-float,0.4813671510376546,0.3956964459252854,0.08567070511236918
new_more,1000,GB1 0AC,offwind-float,0.4754688084996314,0.38939443320249467,0.08607437529713674
new_more,1000,GB1 0AC,offwind-float,0.4687850988984023,0.38214119712685235,0.08664390177154996
new_more,1000,GB1 0AC,offwind-float,0.4619192807478241,0.37038836029175376,0.09153092045607036
new_more,1000,GB1 0AC,offwind-float,0.5142058913118828,0.40639167596861825,0.10781421534326452
new_more,1000,GB1 0AC,offwind-float,0.4897662465288981,0.4004775228989322,0.08928872362996593
new_more,1000,GB1 0AC,offwind-float,0.484739859720482,0.39609588640150184,0.08864397331898016
new_more,1000,GB1 0AC,offwind-float,0.47880019032612997,0.3892233337347414,0.08957685659138859
new_more,1000,GB1 0AC,offwind-float,0.47206965117835425,0.3813579939595321,0.09071165721882213
new_more,1000,GB1 0AC,offwind-float,0.46515572753399387,0.37520469395640116,0.08995103357759271
new_more,1000,GB1 0AC,offwind-float,0.5047792659637468,0.39539880015844503,0.10938046580530175
new_more,1000,GB1 0AC,offwind-float,0.4807876583948496,0.3885420735046713,0.09224558489017831
new_more,1000,GB1 0AC,offwind-float,0.4758534172932376,0.3846666413639274,0.09118677592931018
new_more,1000,GB1 0AC,offwind-float,0.4700226362625127,0.37770975209924523,0.0923128841632675
new_more,1000,GB1 0AC,offwind-float,0.463415484014827,0.3701347443872138,0.09328073962761324
new_more,1000,GB1 0AC,offwind-float,0.45662830914752706,0.3634472129075922,0.09318109623993487
new_more,1000,GB1 0AC,offwind-float,0.5187301726190688,0.41328821468075233,0.10544195793831651
new_more,1000,GB1 0AC,offwind-float,0.49407549368358966,0.40584754640088455,0.08822794728270511
new_more,1000,GB1 0AC,offwind-float,0.48900488181228685,0.40154763782462155,0.0874572439876653
new_more,1000,GB1 0AC,offwind-float,0.48301295176579967,0.394420640387875,0.08859231137792467
new_more,1000,GB1 0AC,offwind-float,0.4762231934356534,0.38634197174799706,0.08988122168765633
new_more,1000,GB1 0AC,offwind-float,0.4692484370858885,0.38134049567563894,0.08790794141024955
new_more,1000,GB1 0AC,offwind-float,0.5114778899417506,0.4089400424345124,0.10253784750723821
new_more,1000,GB1 0AC,offwind-float,0.48714052414850084,0.402051623162762,0.08508890098573885
new_more,1000,GB1 0AC,offwind-float,0.48214108467757266,0.3971948477235861,0.08494623695398656
new_more,1000,GB1 0AC,offwind-float,0.47623325888814744,0.390644282321369,0.08558897656677844
new_more,1000,GB1 0AC,offwind-float,0.46953880333616393,0.38305290573617534,0.08648589759998859
new_more,1000,GB1 0AC,offwind-float,0.4626619464439083,0.37636868918348765,0.08629325726042064
new_more,1000,GB1 0AC,offwind-float,0.5112199480940544,0.4058301327654613,0.10538981532859304
new_more,1000,GB1 0AC,offwind-float,0.4869222219331994,0.4009998420350794,0.08592237989812002
new_more,1000,GB1 0AC,offwind-float,0.4819250228603856,0.3960439355903177,0.08588108727006788
new_more,1000,GB1 0AC,offwind-float,0.4760198445441093,0.38966992414793516,0.08634992039617412
new_more,1000,GB1 0AC,offwind-float,0.4693012296539573,0.3814125101389426,0.0878887195150147
new_more,1000,GB1 0AC,offwind-float,0.46242785226159033,0.37377483610546797,0.08865301615612237
new_more,1000,GB1 0AC,offwind-float,0.515326545102367,0.41015201357032943,0.10517453153203754
new_more,1000,GB1 0AC,offwind-float,0.49083363686786047,0.40493020582634465,0.08590343104151582
new_more,1000,GB1 0AC,offwind-float,0.4857962956158558,0.3998706257802052,0.08592566983565059
new_more,1000,GB1 0AC,offwind-float,0.4798436813814437,0.3934130085634602,0.0864306728179835
new_more,1000,GB1 0AC,offwind-float,0.4730984737821091,0.385970557308697,0.08712791647341211
new_more,1000,GB1 0AC,offwind-float,0.4661694820203467,0.37945197017016236,0.08671751185018434
new_more,1000,GB1 0AC,offwind-float,0.5095882806546115,0.4063995233685527,0.10318875728605881
new_more,1000,GB1 0AC,offwind-float,0.4853681058662664,0.3976441527796157,0.08772395308665071
new_more,1000,GB1 0AC,offwind-float,0.48038685641953016,0.3933368839597164,0.08704997245981377
new_more,1000,GB1 0AC,offwind-float,0.4745005257386381,0.38644530416671646,0.08805522157192164
new_more,1000,GB1 0AC,offwind-float,0.46783042737892616,0.3786825534916887,0.08914787388723744
new_more,1000,GB1 0AC,offwind-float,0.4609785913302996,0.37045491467074204,0.09052367665955757
new_more,1000,GB1 0AC,offwind-float,0.5131988703600181,0.40420563529832737,0.10899323506169073
new_more,1000,GB1 0AC,offwind-float,0.4888070881837605,0.3991491238174602,0.0896579643663003
new_more,1000,GB1 0AC,offwind-float,0.48379054505258295,0.3946996513592987,0.08909089369328427
new_more,1000,GB1 0AC,offwind-float,0.47786250790832446,0.38797763816005787,0.0898848697482666
new_more,1000,GB1 0AC,offwind-float,0.4711451498501738,0.38021264417986694,0.09093250567030686
new_more,1000,GB1 0AC,offwind-float,0.46424476643568463,0.3732016674455514,0.09104309899013324
new_more,1000,GB1 0AC,offwind-float,0.5137881096791946,0.4090885085244037,0.10469960115479093
new_more,1000,GB1 0AC,offwind-float,0.48934111330847874,0.4010220921006408,0.08831902120783791
new_more,1000,GB1 0AC,offwind-float,0.4843190895692331,0.3966110943048674,0.08770799526436568
new_more,1000,GB1 0AC,offwind-float,0.47838457600339274,0.38966793832937424,0.0887166376740185
new_more,1000,GB1 0AC,offwind-float,0.47165987918510227,0.3817999678134023,0.08985991137169996
new_more,1000,GB1 0AC,offwind-float,0.46475195705400574,0.37492794796047485,0.08982400909353089
new_more,1000,GB1 0AC,offwind-float,0.505557796746326,0.3943598173379559,0.11119797940837006
new_more,1000,GB1 0AC,offwind-float,0.48152918645906173,0.38925343516199556,0.09227575129706617
new_more,1000,GB1 0AC,offwind-float,0.47658733518237867,0.3850531735952904,0.09153416158708827
new_more,1000,GB1 0AC,offwind-float,0.4707475612257849,0.378384503294882,0.09236305793090294
new_more,1000,GB1 0AC,offwind-float,0.4641302186399518,0.370820876704793,0.09330934193515877
new_more,1000,GB1 0AC,offwind-float,0.45733257578215125,0.3658875325585849,0.09144504322356634
new_more,1000,GB1 0AC,offwind-float,0.5106472179743564,0.4034295882501546,0.10721762972420179
new_more,1000,GB1 0AC,offwind-float,0.48637671305098307,0.39876021456095756,0.08761649849002551
new_more,1000,GB1 0AC,offwind-float,0.4813851124420669,0.3938450442828643,0.08754006815920257
new_more,1000,GB1 0AC,offwind-float,0.47548654981732724,0.3875052373718774,0.08798131244544982
new_more,1000,GB1 0AC,offwind-float,0.4688025908247326,0.3801103620990507,0.08869222872568189
new_more,1000,GB1 0AC,offwind-float,0.46193651648771494,0.3731870543101258,0.08874946217758917
new_more,1000,GB1 0AC,offwind-float,0.515847600065411,0.40982474842941674,0.10602285163599423
new_more,1000,GB1 0AC,offwind-float,0.4913299266572175,0.4005355995736917,0.09079432708352575
new_more,1000,GB1 0AC,offwind-float,0.48628749206840555,0.3964353728359141,0.08985211923249142
new_more,1000,GB1 0AC,offwind-float,0.480328859049944,0.3892916547170676,0.09103720433287638
new_more,1000,GB1 0AC,offwind-float,0.47357683126265326,0.3814055761818799,0.09217125508077334
new_more,1000,GB1 0AC,offwind-float,0.46664083348581026,0.37695248205000603,0.08968835143580423
new_more,1000,GB1 0AC,offwind-float,0.5098674285534733,0.4045018262030541,0.10536560235041925
new_more,1000,GB1 0AC,offwind-float,0.48563398617017184,0.40035910152155474,0.0852748846486171
new_more,1000,GB1 0AC,offwind-float,0.4806500080395755,0.39520090915853034,0.08544909888104518
new_more,1000,GB1 0AC,offwind-float,0.4747604528794244,0.3889668649371204,0.08579358794230402
new_more,1000,GB1 0AC,offwind-float,0.46808670069953445,0.38191361027321824,0.08617309042631621
new_more,1000,GB1 0AC,offwind-float,0.4612311112764508,0.37474756614376,0.0864835451326908
new_more,1000,GB1 0AC,offwind-float,0.5122681937968887,0.4010313263274854,0.11123686746940331
new_more,1000,GB1 0AC,offwind-float,0.4879206456618878,0.3983958754839101,0.08952477017797772
new_more,1000,GB1 0AC,offwind-float,0.48291319993795284,0.3934190364561481,0.08949416348180472
new_more,1000,GB1 0AC,offwind-float,0.4769959131783,0.3871703810787241,0.08982553209957589
new_more,1000,GB1 0AC,offwind-float,0.47029073692348516,0.37993028627574754,0.09036045064773762
new_more,1000,GB1 0AC,offwind-float,0.46340286722539586,0.3734733376612057,0.08992952956419015
new_more,1000,GB1 0AC,offwind-float,0.506970513331212,0.39401481318568715,0.11295570014552486
new_more,1000,GB1 0AC,offwind-float,0.4828477114176442,0.3890668076064659,0.09378090381117832
new_more,1000,GB1 0AC,offwind-float,0.47789232834593565,0.384747086532401,0.09314524181353467
new_more,1000,GB1 0AC,offwind-float,0.47203656389918947,0.37816750379124847,0.093869060107941
new_more,1000,GB1 0AC,offwind-float,0.4654011016819731,0.37061847549751403,0.09478262618445904
new_more,1000,GB1 0AC,offwind-float,0.45858484549393297,0.36438436146697184,0.09420048402696113
new_more,1000,GB1 0AC,offwind-float,0.5085034348659742,0.4007791420316857,0.10772429283428847
new_more,1000,GB1 0AC,offwind-float,0.48430757308168776,0.3991280929601684,0.08517948012151938
new_more,1000,GB1 0AC,offwind-float,0.4793372077006382,0.39363273246075964,0.08570447523987856
new_more,1000,GB1 0AC,offwind-float,0.47346373869440606,0.38774955042340786,0.08571418827099819
new_more,1000,GB1 0AC,offwind-float,0.46678086335731955,0.38062834671193446,0.08615251664538509
new_more,1000,GB1 0AC,offwind-float,0.4599443992045291,0.37359160052728213,0.08635279867724699
new_more,1000,GB1 0AC,offwind-float,0.5099965282424757,0.39782376072301173,0.11217276751946392
new_more,1000,GB1 0AC,offwind-float,0.4857569498918621,0.3947738697172726,0.0909830801745895
new_more,1000,GB1 0AC,offwind-float,0.48077170980572465,0.3899818183769132,0.09078989142881144
new_more,1000,GB1 0AC,offwind-float,0.47488066339569773,0.3836869534292858,0.0911937099664119
new_more,1000,GB1 0AC,offwind-float,0.4682052214053146,0.3763360503654848,0.09186917103982983
new_more,1000,GB1 0AC,offwind-float,0.46134789613009974,0.3697319842166625,0.09161591191343726
new_more,1000,GB1 0AC,offwind-float,0.5122881163964831,0.40550857101212884,0.10677954538435425
new_more,1000,GB1 0AC,offwind-float,0.48793962136206803,0.39873683080933686,0.08920279055273117
new_more,1000,GB1 0AC,offwind-float,0.48293198089378364,0.39445075713605776,0.08848122375772588
new_more,1000,GB1 0AC,offwind-float,0.47701446400519393,0.38754154091532533,0.0894729230898686
new_more,1000,GB1 0AC,offwind-float,0.4703090269796669,0.37971353580363715,0.09059549117602977
new_more,1000,GB1 0AC,offwind-float,0.4634208894057428,0.3748857820517724,0.08853510735397035
new_more,1000,GB1 0AC,offwind-float,0.5089483007493735,0.4040079450977208,0.10494035565165266
new_more,1000,GB1 0AC,offwind-float,0.48475854350741704,0.3983802553548303,0.08637828815258675
new_more,1000,GB1 0AC,offwind-float,0.4797562418945939,0.39347367248134735,0.08628256941324658
new_more,1000,GB1 0AC,offwind-float,0.47387763833107893,0.38697961906437967,0.08689801926669927
new_more,1000,GB1 0AC,offwind-float,0.467216295958031,0.37940642187179124,0.08780987408623975
new_more,1000,GB1 0AC,offwind-float,0.46029172891819553,0.37302088517956605,0.08727084373862948
new_more,1000,GB1 0AC,offwind-float,0.5141664894541975,0.4044950139161484,0.10967147553804912
new_more,1000,GB1 0AC,offwind-float,0.4897287173985033,0.40024895282110884,0.08947976457739448
new_more,1000,GB1 0AC,offwind-float,0.4847027157451021,0.39549846909906416,0.08920424664603793
new_more,1000,GB1 0AC,offwind-float,0.4787635014875195,0.38898676109072094,0.08977674039679856
new_more,1000,GB1 0AC,offwind-float,0.4720334780781865,0.3814408575198243,0.0905926205583622
new_more,1000,GB1 0AC,offwind-float,0.4651200842244024,0.3755042292891185,0.0896158549352839
new_more,1000,GB1 0AC,offwind-float,0.506873173662016,0.40101073856774516,0.10586243509427085
new_more,1000,GB1 0AC,offwind-float,0.48278204494561994,0.3947033571152549,0.08807868783036504
new_more,1000,GB1 0AC,offwind-float,0.47782733579762715,0.39031075804114107,0.08751657775648608
new_more,1000,GB1 0AC,offwind-float,0.4719723677249408,0.3836641844552566,0.0883081832696842
new_more,1000,GB1 0AC,offwind-float,0.46533780791936213,0.37602923144094785,0.08930857647841428
new_more,1000,GB1 0AC,offwind-float,0.4585224787306342,0.3700539969633256,0.0884684817673086
new_more,1000,GB1 0AC,offwind-float,0.5061159473875457,0.3923082479418171,0.1138076994457286
new_more,1000,GB1 0AC,offwind-float,0.482060808809499,0.3868717645280894,0.09518904428140956
new_more,1000,GB1 0AC,offwind-float,0.47711350158400706,0.38289083632050425,0.09422266526350281
new_more,1000,GB1 0AC,offwind-float,0.47126728034562004,0.3760820258384441,0.09518525450717596
new_more,1000,GB1 0AC,offwind-float,0.4646426320194122,0.36847375536740157,0.09616887665201063
new_more,1000,GB1 0AC,offwind-float,0.45783748436444655,0.34889593055405016,0.10894155381039639
new_more,1000,GB1 0AC,offwind-float,0.505715125875147,0.40025581799985677,0.10545930787529023
new_more,1000,GB1 0AC,offwind-float,0.48167903790610705,0.3954639171115532,0.08621512079455385
new_more,1000,GB1 0AC,offwind-float,0.476735648729779,0.390526857125587,0.08620879160419204
new_more,1000,GB1 0AC,offwind-float,0.47089405744081503,0.3842620822388617,0.08663197520195332
new_more,1000,GB1 0AC,offwind-float,0.4642746555439578,0.37701937751719455,0.08725527802676325
new_more,1000,GB1 0AC,offwind-float,0.45747489726585183,0.35501917463360044,0.10245572263225139
new_more,1000,GB1 0AC,offwind-float,0.5109804129679514,0.40130983940268417,0.10967057356526722
new_more,1000,GB1 0AC,offwind-float,0.4866672366361032,0.39683017570153073,0.08983706093457244
new_more,1000,GB1 0AC,offwind-float,0.4816726544335673,0.3920963482441913,0.08957630618937601
new_more,1000,GB1 0AC,offwind-float,0.4757705684667044,0.3856745636732779,0.0900960047934265
new_more,1000,GB1 0AC,offwind-float,0.4690826169973378,0.37819686337755637,0.0908857536197814
new_more,1000,GB1 0AC,offwind-float,0.4622124414020187,0.372173090284837,0.0900393511171817
new_more,1000,GB1 0AC,offwind-float,0.5088539353617907,0.3957457369789249,0.11310819838286579
new_more,1000,GB1 0AC,offwind-float,0.48466866320371066,0.3916350900338886,0.09303357316982208
new_more,1000,GB1 0AC,offwind-float,0.479694592016802,0.38725638951118485,0.09243820250561713
new_more,1000,GB1 0AC,offwind-float,0.4738167438685575,0.3806825348625011,0.0931342090060564
new_more,1000,GB1 0AC,offwind-float,0.46715625749467615,0.37315017926331245,0.0940060782313637
new_more,1000,GB1 0AC,offwind-float,0.46031429532608287,0.3663667794121509,0.09394751591393197
new_more,1000,GB1 0AC,offwind-float,0.5097741039909389,0.3972023496964614,0.11257175429447752
new_more,1000,GB1 0AC,offwind-float,0.4855450972222354,0.39409066766265216,0.09145442955958322
new_more,1000,GB1 0AC,offwind-float,0.48056203134363373,0.38914773334729186,0.09141429799634188
new_more,1000,GB1 0AC,offwind-float,0.4746735541895054,0.38298442670389193,0.09168912748561348
new_more,1000,GB1 0AC,offwind-float,0.46800102355264384,0.37589754166122613,0.0921034818914177
new_more,1000,GB1 0AC,offwind-float,0.46114668895551675,0.36930708987833094,0.09183959907718581
new_more,1000,GB1 0AC,offwind-float,0.5069276033470757,0.3990179576605152,0.10790964568656047
new_more,1000,GB1 0AC,offwind-float,0.48283388764715607,0.39373051429080014,0.08910337335635593
new_more,1000,GB1 0AC,offwind-float,0.47787864644642797,0.38908070976116094,0.08879793668526703
new_more,1000,GB1 0AC,offwind-float,0.4720230496482837,0.38259876539731963,0.08942428425096405
new_more,1000,GB1 0AC,offwind-float,0.4653877774021588,0.375168356748304,0.0902194206538548
new_more,1000,GB1 0AC,offwind-float,0.45857171636128197,0.36954785805288787,0.0890238583083941
new_more,1000,GB1 0AC,offwind-float,0.509727499384152,0.39670887600765903,0.11301862337649293
new_more,1000,GB1 0AC,offwind-float,0.4855007076815424,0.3929166127301577,0.0925840949513847
new_more,1000,GB1 0AC,offwind-float,0.4805180973651674,0.38808005110464106,0.09243804626052632
new_more,1000,GB1 0AC,offwind-float,0.47463015854784396,0.38184841233770245,0.09278174621014151
new_more,1000,GB1 0AC,offwind-float,0.467958237927584,0.3745347002901241,0.09342353763745992
new_more,1000,GB1 0AC,offwind-float,0.46110452996795426,0.36830384821031265,0.09280068175764161
new_more,1000,GB1 0AC,offwind-float,0.5030255504411365,0.3979371390609342,0.1050884113802023
new_more,1000,GB1 0AC,offwind-float,0.4790900593000397,0.39005296278517454,0.08903709651486513
new_more,1000,GB1 0AC,offwind-float,0.4741732403661589,0.3860449537242367,0.08812828664192218
new_more,1000,GB1 0AC,offwind-float,0.4683630470698048,0.37915119193504004,0.08921185513476476
new_more,1000,GB1 0AC,offwind-float,0.46177922382293496,0.3715857825696104,0.09019344125332457
new_more,1000,GB1 0AC,offwind-float,0.4550160135930583,0.36637237921047616,0.08864363438258216
new_more,1000,GB1 0AC,offwind-float,0.5083531056058469,0.39429860001768413,0.11405450558816277
new_more,1000,GB1 0AC,offwind-float,0.4841916373394352,0.3893836668629795,0.09480797047645573
new_more,1000,GB1 0AC,offwind-float,0.4792224617869817,0.38515236254011515,0.09407009924686655
new_more,1000,GB1 0AC,offwind-float,0.4733503987983851,0.3785555657362413,0.09479483306214381
new_more,1000,GB1 0AC,offwind-float,0.4666964678808604,0.3710078172720079,0.09568865060885251
new_more,1000,GB1 0AC,offwind-float,0.45986123978270443,0.36431956124954584,0.09554167853315859
new_more,1000,GB1 0AC,offwind-float,0.5097009733276825,0.39907843024144524,0.11062254308623726
new_more,1000,GB1 0AC,offwind-float,0.485475442379585,0.3941221038664803,0.09135333851310473
new_more,1000,GB1 0AC,offwind-float,0.4804930913566613,0.38979321835668673,0.09069987299997456
new_more,1000,GB1 0AC,offwind-float,0.4746054589457958,0.3831206971940694,0.09148476175172643
new_more,1000,GB1 0AC,offwind-float,0.4679338855301568,0.37548852204751226,0.09244536348264454
new_more,1000,GB1 0AC,offwind-float,0.46108053423530293,0.3697790490173463,0.09130148521795661
new_more,1000,GB1 0AC,offwind-float,0.5016172442056599,0.39462376960709505,0.10699347459856484
new_more,1000,GB1 0AC,offwind-float,0.4777496148282593,0.3875173882443851,0.0902322265838742
new_more,1000,GB1 0AC,offwind-float,0.4728465526456003,0.3834968757011128,0.08934967694448753
new_more,1000,GB1 0AC,offwind-float,0.4670526156696039,0.3767197235685031,0.09033289210110079
new_more,1000,GB1 0AC,offwind-float,0.4604872132797381,0.36914473665863706,0.09134247662110101
new_more,1000,GB1 0AC,offwind-float,0.45374292581310416,0.3642776870581258,0.08946523875497836
new_more,1000,GB1 0AC,offwind-float,0.5065124776531632,0.39613469430721177,0.11037778334595144
new_more,1000,GB1 0AC,offwind-float,0.4824384924243854,0.39305590334943,0.08938258907495539
new_more,1000,GB1 0AC,offwind-float,0.4774873090968692,0.3881835932641582,0.08930371583271102
new_more,1000,GB1 0AC,offwind-float,0.47163650747789454,0.38204427147716546,0.08959223600072908
new_more,1000,GB1 0AC,offwind-float,0.4650066688912849,0.3749128756058959,0.09009379328538897
new_more,1000,GB1 0AC,offwind-float,0.45819618955882296,0.3686233945022499,0.08957279505657306
new_more,1000,GB1 0AC,offwind-float,0.5102413314862168,0.39637787394749713,0.11386345753871963
new_more,1000,GB1 0AC,offwind-float,0.48599011790461916,0.39316855296904124,0.09282156493557792
new_more,1000,GB1 0AC,offwind-float,0.48100248485524316,0.38854933907787087,0.09245314577737229
new_more,1000,GB1 0AC,offwind-float,0.4751086106862211,0.38219210217845423,0.09291650850776689
new_more,1000,GB1 0AC,offwind-float,0.4684299644194123,0.37475581334996105,0.09367415106945126
new_more,1000,GB1 0AC,offwind-float,0.46156934756204376,0.3690294983730612,0.09253984918898256
new_more,1000,GB1 0AC,offwind-float,0.5089013887407606,0.3971586812812926,0.11174270745946802
new_more,1000,GB1 0AC,offwind-float,0.4847138611753713,0.3917356515567446,0.09297820961862668
new_more,1000,GB1 0AC,offwind-float,0.479739326129448,0.3875768572769081,0.09216246885253987
new_more,1000,GB1 0AC,offwind-float,0.4738609298401038,0.3808373829491288,0.09302354689097503
new_more,1000,GB1 0AC,offwind-float,0.4671998223398794,0.3731937206758789,0.09400610166400047
new_more,1000,GB1 0AC,offwind-float,0.46035722212134456,0.3684922869559962,0.09186493516534838
new_more,1000,GB1 0AC,offwind-float,0.5070529020375862,0.39527424008946555,0.1117786619481207
new_more,1000,GB1 0AC,offwind-float,0.4829532310276642,0.3924579176570732,0.09049531337059097
new_more,1000,GB1 0AC,offwind-float,0.4779967650263343,0.3876083182916251,0.0903884467347092
new_more,1000,GB1 0AC,offwind-float,0.472139720884218,0.3814149153003926,0.0907248055838254
new_more,1000,GB1 0AC,offwind-float,0.4655028085795953,0.37430831126594605,0.09119449731364926
new_more,1000,GB1 0AC,offwind-float,0.4586850627941569,0.36808740770892984,0.09059765508522705
new_more,1000,GB1 0AC,offwind-float,0.5098897612207876,0.397412649240589,0.11247711198019855
new_more,1000,GB1 0AC,offwind-float,0.48565525739018367,0.39072431804654056,0.0949309393436431
new_more,1000,GB1 0AC,offwind-float,0.4806710609567124,0.3868143259691626,0.09385673498754982
new_more,1000,GB1 0AC,offwind-float,0.4747812478285706,0.37988407749419584,0.09489717033437478
new_more,1000,GB1 0AC,offwind-float,0.4681072033321318,0.3722362476816124,0.0958709556505194
new_more,1000,GB1 0AC,offwind-float,0.46125131362785876,0.3670249815017858,0.09422633212607295
new_more,1000,GB1 0AC,offwind-float,0.498030191821584,0.39078904877031934,0.10724114305126464
new_more,1000,GB1 0AC,offwind-float,0.474359360380373,0.3848880721281567,0.08947128825221634
new_more,1000,GB1 0AC,offwind-float,0.46949109179640486,0.3806723953428417,0.08881869645356316
new_more,1000,GB1 0AC,offwind-float,0.46373827033362686,0.37416337806890954,0.08957489226471732
new_more,1000,GB1 0AC,offwind-float,0.45721945800676395,0.3666753109360572,0.09054414707070674
new_more,1000,GB1 0AC,offwind-float,0.4505230300252493,0.3506910015241103,0.09983202850113898
new_more,1000,GB1 0AC,offwind-float,0.5030123530074234,0.39232900616879596,0.11068334683862746
new_more,1000,GB1 0AC,offwind-float,0.4791047248828395,0.38896410193981307,0.09014062294302644
new_more,1000,GB1 0AC,offwind-float,0.47418775543860314,0.3842189951309714,0.08996876030763173
new_more,1000,GB1 0AC,offwind-float,0.4683773842845181,0.3780325282383089,0.09034485604620918
new_more,1000,GB1 0AC,offwind-float,0.46179335949807737,0.3708737570287344,0.090919602469343
new_more,1000,GB1 0AC,offwind-float,0.45502994223735616,0.36346060916127987,0.09156933307607629
new_more,1000,GB1 0AC,offwind-float,0.5057908866697352,0.39393621518756305,0.1118546714821721
new_more,1000,GB1 0AC,offwind-float,0.48175119787281784,0.39002047508425786,0.09173072278855998
new_more,1000,GB1 0AC,offwind-float,0.476807068131154,0.3855650543535246,0.09124201377762936
new_more,1000,GB1 0AC,offwind-float,0.4709646017178856,0.3791261396069907,0.09183846211089491
new_more,1000,GB1 0AC,offwind-float,0.46434420817351446,0.3716637912647995,0.09268041690871498
new_more,1000,GB1 0AC,offwind-float,0.45754343122884333,0.3662833355272217,0.09126009570162164
new_more,1000,GB1 0AC,offwind-float,0.4996188504081399,0.39070646290557204,0.10891238750256788
new_more,1000,GB1 0AC,offwind-float,0.4758725117582546,0.3852568871125711,0.09061562464568351
new_more,1000,GB1 0AC,offwind-float,0.47098871396177167,0.38064631494526086,0.09034239901651081
new_more,1000,GB1 0AC,offwind-float,0.46521754166532164,0.37444398555560743,0.09077355610971422
new_more,1000,GB1 0AC,offwind-float,0.45867793508271426,0.36729640173559863,0.09138153334711563
new_more,1000,GB1 0AC,offwind-float,0.4519601462721036,0.3596864600265933,0.0922736862455103
new_more,1000,GB1 0AC,offwind-float,0.5074785283886301,0.39472592880590296,0.1127525995827271
new_more,1000,GB1 0AC,offwind-float,0.4833586278227936,0.39001394058286476,0.09334468723992884
new_more,1000,GB1 0AC,offwind-float,0.47839800130383386,0.3852859827011677,0.09311201860266616
new_more,1000,GB1 0AC,offwind-float,0.47253604068788196,0.3790442492630253,0.09349179142485664
new_more,1000,GB1 0AC,offwind-float,0.4658935572786368,0.37174342801346566,0.09415012926517113
new_more,1000,GB1 0AC,offwind-float,0.45907008859476045,0.36588890901634913,0.09318117957841132
new_more,1000,GB1 0AC,offwind-float,0.4968473376193051,0.38773182184429167,0.10911551577501344
new_more,1000,GB1 0AC,offwind-float,0.47323272594729987,0.38360248660530544,0.08963023934199443
new_more,1000,GB1 0AC,offwind-float,0.46837601981887544,0.379100214240317,0.08927580557855846
new_more,1000,GB1 0AC,offwind-float,0.4626368616824459,0.3729065568775643,0.08973030480488159
new_more,1000,GB1 0AC,offwind-float,0.4561335319602148,0.3657323485806046,0.09040118337961017
new_more,1000,GB1 0AC,offwind-float,0.44945300843210134,0.3600831929124477,0.08936981551965362
new_more,1000,GB1 0AC,offwind-float,0.5030543411990053,0.39299285171084575,0.11006148948815953
new_more,1000,GB1 0AC,offwind-float,0.4791447174215035,0.38598738593933524,0.09315733148216826
new_more,1000,GB1 0AC,offwind-float,0.4742273375407167,0.3817726755201392,0.0924546620205775
new_more,1000,GB1 0AC,offwind-float,0.4684164813747314,0.3751392406569856,0.09327724071774579
new_more,1000,GB1 0AC,offwind-float,0.4618319069968294,0.3675777818445661,0.09425412515226333
new_more,1000,GB1 0AC,offwind-float,0.4550679251701328,0.35504967185713876,0.10001825331299402
new_more,1000,GB1 0AC,offwind-float,0.5081914296165021,0.3952285868530546,0.11296284276344748
new_more,1000,GB1 0AC,offwind-float,0.4840376456334024,0.38951711766388597,0.09452052796951643
new_more,1000,GB1 0AC,offwind-float,0.4790700504713602,0.38551268008442313,0.09355737038693707
new_more,1000,GB1 0AC,offwind-float,0.473199855026372,0.37868331616549367,0.09451653886087835
new_more,1000,GB1 0AC,offwind-float,0.4665480403167591,0.37099570373542895,0.09555233658133017
new_more,1000,GB1 0AC,offwind-float,0.459714986086045,0.36661743237571603,0.09309755371032896
new_more,1000,GB1 0AC,offwind-float,0.5056901661632154,0.3945091466658849,0.1111810194973305
new_more,1000,GB1 0AC,offwind-float,0.4816552645020413,0.3885006075507092,0.09315465695133213
new_more,1000,GB1 0AC,offwind-float,0.47671211930807306,0.38430618805700484,0.09240593125106822
new_more,1000,GB1 0AC,offwind-float,0.4708708163324861,0.3776801472850785,0.09319066904740764
new_more,1000,GB1 0AC,offwind-float,0.46425174113806683,0.37005919423314615,0.09419254690492068
new_more,1000,GB1 0AC,offwind-float,0.45745231846393847,0.3651988616317906,0.09225345683214786
new_more,1000,GB1 0AC,offwind-float,0.4956047749943457,0.38856509974116443,0.10703967525318125
new_more,1000,GB1 0AC,offwind-float,0.47204922096770724,0.38307658266416533,0.0889726383035419
new_more,1000,GB1 0AC,offwind-float,0.4672046609474708,0.3787048107349938,0.08849985021247703
new_more,1000,GB1 0AC,offwind-float,0.4614798558383377,0.37234720865023824,0.08913264718809949
new_more,1000,GB1 0AC,offwind-float,0.4549927902556899,0.36503210373302963,0.08996068652266026
new_more,1000,GB1 0AC,offwind-float,0.4483289740101212,0.3495782561662872,0.09875071784383399
new_more,1000,GB1 0AC,offwind-float,0.4989963769609729,0.3895076414742208,0.10948873548675209
new_more,1000,GB1 0AC,offwind-float,0.4752796237946315,0.3842052606304823,0.09107436316414919
new_more,1000,GB1 0AC,offwind-float,0.47040191070541526,0.37958318080420894,0.09081872990120632
new_more,1000,GB1 0AC,offwind-float,0.46463792869314013,0.37342471969763563,0.0912132089955045
new_more,1000,GB1 0AC,offwind-float,0.458106469784403,0.36626278734829726,0.09184368243610574
new_more,1000,GB1 0AC,offwind-float,0.451397050644302,0.36037821697801836,0.09101883366628366
new_more,1000,GB1 0AC,offwind-float,0.5010864914452968,0.3911280489609905,0.1099584424843063
new_more,1000,GB1 0AC,offwind-float,0.47727039741877536,0.3835778075361809,0.09369258988259443
new_more,1000,GB1 0AC,offwind-float,0.4723722533620233,0.37963308356787917,0.09273916979414415
new_more,1000,GB1 0AC,offwind-float,0.46658412812377004,0.37288230995881666,0.09370181816495338
new_more,1000,GB1 0AC,offwind-float,0.460025311307242,0.36537489578719323,0.09465041552004877
new_more,1000,GB1 0AC,offwind-float,0.45328778884861287,0.36109312604427396,0.09219466280433891
new_more,1000,GB1 0AC,offwind-float,0.49756863899971204,0.38770082678096945,0.10986781221874259
new_more,1000,GB1 0AC,offwind-float,0.47391974466036196,0.3832838000598278,0.09063594460053415
new_more,1000,GB1 0AC,offwind-float,0.4690559877769684,0.37876641809463685,0.09028956968233154
new_more,1000,GB1 0AC,offwind-float,0.4633084977800803,0.37255469009874553,0.09075380768133479
new_more,1000,GB1 0AC,offwind-float,0.45679572680628006,0.365324027052359,0.09147169975392105
new_more,1000,GB1 0AC,offwind-float,0.450105504784328,0.3597600255512962,0.09034547923303177
new_more,1000,GB1 0AC,offwind-float,0.5057631973554155,0.3930473720767605,0.11271582527865504
new_more,1000,GB1 0AC,offwind-float,0.4817248246013862,0.3881762768844022,0.09354854771698401
new_more,1000,GB1 0AC,offwind-float,0.4767809655240741,0.3838551812628284,0.0929257842612457
new_more,1000,GB1 0AC,offwind-float,0.4709388189542297,0.3773684110031802,0.09357040795104948
new_more,1000,GB1 0AC,offwind-float,0.4643187878405834,0.3699150079474507,0.0944037798931327
new_more,1000,GB1 0AC,offwind-float,0.45751838320165256,0.3648544953345642,0.09266388786708835
new_more,1000,GB1 0AC,offwind-float,0.4947893147419737,0.3875086919644377,0.10728062277753597
new_more,1000,GB1 0AC,offwind-float,0.47124515486756346,0.37980476391498846,0.091440390952575
new_more,1000,GB1 0AC,offwind-float,0.4664088468395121,0.37608726585141095,0.09032158098810117
new_more,1000,GB1 0AC,offwind-float,0.4606937930900121,0.36919506538646757,0.09149872770354456
new_more,1000,GB1 0AC,offwind-float,0.454217777265086,0.3620437487702598,0.0921740284948262
new_more,1000,GB1 0AC,offwind-float,0.44756531184587733,0.35755125386648423,0.0900140579793931
new_more,1000,GB1 0AC,offwind-float,0.5036451982886456,0.3930958929832117,0.11054930530543394
new_more,1000,GB1 0AC,offwind-float,0.4797074917185655,0.38549142887102256,0.09421606284754297
new_more,1000,GB1 0AC,offwind-float,0.474784336181896,0.38170192425895066,0.09308241192294536
new_more,1000,GB1 0AC,offwind-float,0.46896665493702494,0.3748020126711343,0.09416464226589066
new_more,1000,GB1 0AC,offwind-float,0.4623743467177964,0.3673093411271402,0.09506500559065623
new_more,1000,GB1 0AC,offwind-float,0.45560242032867543,0.3630420253514552,0.09256039497722024
new_more,1000,GB1 0AC,offwind-float,0.5008733105565488,0.3888583080685031,0.11201500248804575
new_more,1000,GB1 0AC,offwind-float,0.4770673487849928,0.3851125216632608,0.09195482712173197
new_more,1000,GB1 0AC,offwind-float,0.47217128858146984,0.3807032260494649,0.09146806253200496
new_more,1000,GB1 0AC,offwind-float,0.46638562582764503,0.3743946702257915,0.09199095560185355
new_more,1000,GB1 0AC,offwind-float,0.45982959937649687,0.36705060190941086,0.09277899746708601
new_more,1000,GB1 0AC,offwind-float,0.4530949433112953,0.361098162698325,0.09199678061297029
new_more,1000,GB1 0AC,offwind-float,0.4982695124012444,0.388834559844543,0.10943495255670138
new_more,1000,GB1 0AC,offwind-float,0.47458730631408913,0.3835974630752878,0.09098984323880133
new_more,1000,GB1 0AC,offwind-float,0.4697166983601821,0.37941396518275633,0.09030273317742576
new_more,1000,GB1 0AC,offwind-float,0.4639611124694843,0.3729239899522377,0.0910371225172466
new_more,1000,GB1 0AC,offwind-float,0.45743916762983317,0.36547597063618237,0.0919631969936508
new_more,1000,GB1 0AC,offwind-float,0.4507395217851196,0.3595014833873464,0.09123803839777322
new_more,1000,GB1 0AC,offwind-float,0.506565774751409,0.3915932487921664,0.11497252595924257
new_more,1000,GB1 0AC,offwind-float,0.4824892563697229,0.3891557556161951,0.09333350075352781
new_more,1000,GB1 0AC,offwind-float,0.47753755206056087,0.3845956577205979,0.09294189433996297
new_more,1000,GB1 0AC,offwind-float,0.4716589940944858,0.3777815886182453,0.09387740547624052
new_more,1000,GB1 0AC,offwind-float,0.4650288394113994,0.3705133181112316,0.09451552130016777
new_more,1000,GB1 0AC,offwind-float,0.4582180353698974,0.3642079627827231,0.09401007258717431
new_more,1000,GB1 0AC,offwind-float,0.5036644617165722,0.3885411641972993,0.11512329751927292
new_more,1000,GB1 0AC,offwind-float,0.47972583957678777,0.3870725080959004,0.09265333148088739
new_more,1000,GB1 0AC,offwind-float,0.4748024957392029,0.3822089223427454,0.09259357339645752
new_more,1000,GB1 0AC,offwind-float,0.4689845919795858,0.37618616625773493,0.09279842572185087
new_more,1000,GB1 0AC,offwind-float,0.46239203161766906,0.3693933631858573,0.09299866843181176
new_more,1000,GB1 0AC,offwind-float,0.4556198462158217,0.3500230636622602,0.10559678255356147
new_more,1000,GB1 0AC,offwind-float,0.50450063112693,0.3898872699829712,0.11461336114395881
new_more,1000,GB1 0AC,offwind-float,0.4805222667677101,0.3856664000702008,0.09485586669750928
new_more,1000,GB1 0AC,offwind-float,0.47559074933475265,0.38104915181788035,0.0945415975168723
new_more,1000,GB1 0AC,offwind-float,0.46976318685683005,0.3748551026494162,0.09490808420741387
new_more,1000,GB1 0AC,offwind-float,0.4631596817137552,0.3676181977219487,0.09554148399180651
new_more,1000,GB1 0AC,offwind-float,0.45637625332236886,0.35904061676431664,0.09733563655805222
new_more,1000,GB1 0AC,offwind-float,0.5040018876088511,0.3910815278686166,0.11292035974023451
new_more,1000,GB1 0AC,offwind-float,0.4800472279846908,0.38677165825115695,0.09327556973353385
new_more,1000,GB1 0AC,offwind-float,0.4751205857931151,0.3823985348075154,0.09272205098559971
new_more,1000,GB1 0AC,offwind-float,0.46929878437639383,0.3759697308628018,0.09332905351359205
new_more,1000,GB1 0AC,offwind-float,0.4627018073825096,0.3685680975586978,0.0941337098238118
new_more,1000,GB1 0AC,offwind-float,0.4559250850103663,0.34792805775675745,0.10799702725360888
new_more,1000,GB1 0AC,offwind-float,0.5055708299770137,0.39231594557301336,0.11325488440400039
new_more,1000,GB1 0AC,offwind-float,0.48151476509687735,0.3862861827046427,0.09522858239223464
new_more,1000,GB1 0AC,offwind-float,0.47657306182415554,0.38225009577487945,0.09432296604927609
new_more,1000,GB1 0AC,offwind-float,0.4707334627634927,0.3755406529613629,0.0951928098021298
new_more,1000,GB1 0AC,offwind-float,0.4641163183610654,0.3679781852886966,0.09613813307236885
new_more,1000,GB1 0AC,offwind-float,0.45731887908650015,0.3633096553933605,0.09400922369313963
new_more,1000,GB4 0AC,offwind-float,0.5268730109208676,0.40037428796338365,0.12649872295748393
new_more,1000,GB4 0AC,offwind-float,0.5018049625394796,0.34001542248990824,0.16178954004957136
new_more,1000,GB4 0AC,offwind-float,0.49665502445782916,0.3441050823053672,0.15254994215246198
new_more,1000,GB4 0AC,offwind-float,0.4905693548163344,0.33131137857350906,0.15925797624282534
new_more,1000,GB4 0AC,offwind-float,0.4836461421203747,0.32498461996201616,0.15866152215835855
new_more,1000,GB4 0AC,offwind-float,0.47656266939730746,0.33107588532427257,0.1454867840730349
new_more,1000,GB4 0AC,offwind-float,0.5280042363195239,0.40173676834499245,0.12626746797453142
new_more,1000,GB4 0AC,offwind-float,0.5028819949894625,0.40021800895796417,0.10266398603149834
new_more,1000,GB4 0AC,offwind-float,0.4977210035088953,0.39544052117865225,0.10228048233024306
new_more,1000,GB4 0AC,offwind-float,0.49159510778290794,0.38852721697653064,0.1030678908063773
new_more,1000,GB4 0AC,offwind-float,0.4846847092813237,0.38065909228433364,0.10402561699699003
new_more,1000,GB4 0AC,offwind-float,0.47758602572224446,0.37296276281979546,0.104623262902449
new_more,1000,GB4 0AC,offwind-float,0.5218432645228169,0.3933676389454382,0.12847562557737874
new_more,1000,GB4 0AC,offwind-float,0.49704062372694313,0.38910977806659497,0.10793084566034816
new_more,1000,GB4 0AC,offwind-float,0.491939581235644,0.3848304047772046,0.10710917645843943
new_more,1000,GB4 0AC,offwind-float,0.4859116913975346,0.3785214909564906,0.10739020044104397
new_more,1000,GB4 0AC,offwind-float,0.47908118521271986,0.37114240223270445,0.10793878298001541
new_more,1000,GB4 0AC,offwind-float,0.4720645707666475,0.36587472205909916,0.10618984870754833
new_more,1000,GB4 0AC,offwind-float,0.5254197665750318,0.39774964638836163,0.12767012018667012
new_more,1000,GB4 0AC,offwind-float,0.5004471385401967,0.39437497154847156,0.10607216699172517
new_more,1000,GB4 0AC,offwind-float,0.4953111355728717,0.3897128133316832,0.10559832224118848
new_more,1000,GB4 0AC,offwind-float,0.489241933022992,0.38358751737984886,0.10565441564314315
new_more,1000,GB4 0AC,offwind-float,0.48236461331954356,0.37637605995631357,0.10598855336322999
new_more,1000,GB4 0AC,offwind-float,0.4752999098443084,0.35329536039759357,0.12200454944671485
new_more,1000,GB4 0AC,offwind-float,0.5179131975180906,0.388884026882848,0.1290291706352426
new_more,1000,GB4 0AC,offwind-float,0.49329734851747176,0.38375744606520085,0.10953990245227091
new_more,1000,GB4 0AC,offwind-float,0.4882347226162634,0.37987963660074636,0.10835508601551702
new_more,1000,GB4 0AC,offwind-float,0.4822522295717344,0.37338255298748046,0.10886967658425395
new_more,1000,GB4 0AC,offwind-float,0.4754731647847637,0.3659222381815651,0.1095509266031986
new_more,1000,GB4 0AC,offwind-float,0.4685093933411675,0.3570375039006434,0.11147188944052405
new_more,1000,GB4 0AC,offwind-float,0.520369926368379,0.3947038804759574,0.12566604589242159
new_more,1000,GB4 0AC,offwind-float,0.4956373117269076,0.3898590955056452,0.10577821622126243
new_more,1000,GB4 0AC,offwind-float,0.4905506711854673,0.38558717394010317,0.10496349724536413
new_more,1000,GB4 0AC,offwind-float,0.4845398000974176,0.3792310045839965,0.1053087955134211
new_more,1000,GB4 0AC,offwind-float,0.47772857871718005,0.37182729757047595,0.10590128114670411
new_more,1000,GB4 0AC,offwind-float,0.47073177452158166,0.3655254733547857,0.10520630116679597
new_more,1000,GB4 0AC,offwind-float,0.515645482416789,0.3906265051537208,0.12501897726306815
new_more,1000,GB4 0AC,offwind-float,0.4911374154398328,0.38632398679342467,0.10481342864640814
new_more,1000,GB4 0AC,offwind-float,0.4860969565605566,0.3824628504744168,0.10363410608613982
new_more,1000,GB4 0AC,offwind-float,0.4801406582333771,0.37574115615237974,0.10439950208099735
new_more,1000,GB4 0AC,offwind-float,0.4733640688914026,0.36721867677732606,0.10614539211407653
new_more,1000,GB4 0AC,offwind-float,0.46643118722843296,0.3627616284186369,0.10366955880979606
new_more,1000,GB4 0AC,offwind-float,0.5214792199172529,0.39258767161234737,0.1288915483049055
new_more,1000,GB4 0AC,offwind-float,0.4966938817641443,0.3890380752571748,0.10765580650696949
new_more,1000,GB4 0AC,offwind-float,0.4915963978260122,0.3847557208600828,0.10684067696592942
new_more,1000,GB4 0AC,offwind-float,0.48557271312175754,0.3784404998587828,0.10713221326297473
new_more,1000,GB4 0AC,offwind-float,0.478746971986334,0.37106106570927416,0.10768590627705982
new_more,1000,GB4 0AC,offwind-float,0.471735252421181,0.32636598135888456,0.1453692710622964
new_more,1000,GB4 0AC,offwind-float,0.5176591297767562,0.38970192721850816,0.12795720255824805
new_more,1000,GB4 0AC,offwind-float,0.4930553563385802,0.38673022065570245,0.10632513568287777
new_more,1000,GB4 0AC,offwind-float,0.4879952139615108,0.3821427243836296,0.10585248957788118
new_more,1000,GB4 0AC,offwind-float,0.4820156556915785,0.3762001919112236,0.10581546378035489
new_more,1000,GB4 0AC,offwind-float,0.47523991644581254,0.369147909277696,0.10609200716811656
new_more,1000,GB4 0AC,offwind-float,0.46827956115320524,0.3614995283955925,0.10678003275761272
new_more,1000,GB4 0AC,offwind-float,0.5150702091440417,0.38225291561289554,0.13281729353114613
new_more,1000,GB4 0AC,offwind-float,0.4905894842778559,0.3814233740763757,0.1091661102014802
new_more,1000,GB4 0AC,offwind-float,0.48555464872191817,0.376857308362588,0.10869734035933015
new_more,1000,GB4 0AC,offwind-float,0.4795777286074108,0.3708895332486941,0.10868819535871671
new_more,1000,GB4 0AC,offwind-float,0.4728362595311455,0.36406825734667553,0.10876800218446997
new_more,1000,GB4 0AC,offwind-float,0.46591110815459963,0.3580642225377081,0.10784688561689154
new_more,1000,GB4 0AC,offwind-float,0.5114959192356148,0.38922435910126923,0.12227156013434554
new_more,1000,GB4 0AC,offwind-float,0.4871850764676106,0.3843394306411108,0.1028456458264998
new_more,1000,GB4 0AC,offwind-float,0.4821851797638889,0.3803551959433145,0.1018299838205744
new_more,1000,GB4 0AC,offwind-float,0.4762768136635538,0.3738639996582664,0.1024128140052874
new_more,1000,GB4 0AC,offwind-float,0.4695817458580106,0.3664446440765483,0.10313710178146229
new_more,1000,GB4 0AC,offwind-float,0.4627042600303502,0.3581942125602116,0.10451004747013859
new_more,1000,GB4 0AC,offwind-float,0.5140074049979422,0.3854415674803937,0.12856583751754846
new_more,1000,GB4 0AC,offwind-float,0.48957719405282074,0.383088691703261,0.10648850234955975
new_more,1000,GB4 0AC,offwind-float,0.4845527474574728,0.37849084908944297,0.10606189836802982
new_more,1000,GB4 0AC,offwind-float,0.4786153708083111,0.37256201560654134,0.10605335520176978
new_more,1000,GB4 0AC,offwind-float,0.4718874296858183,0.3656598058177153,0.10622762386810303
new_more,1000,GB4 0AC,offwind-float,0.46497617485416937,0.35324020774911946,0.1117359671050499
new_more,1000,GB4 0AC,offwind-float,0.519590019601553,0.39024193011239394,0.1293480894891591
new_more,1000,GB4 0AC,offwind-float,0.4948944730774782,0.38650370825577357,0.10839076482170462
new_more,1000,GB4 0AC,offwind-float,0.48981545616141997,0.3822523647415997,0.10756309141982029
new_more,1000,GB4 0AC,offwind-float,0.4838135938934394,0.3760060475805799,0.10780754631285949
new_more,1000,GB4 0AC,offwind-float,0.47701258086187004,0.36869785390555104,0.108314726956319
new_more,1000,GB4 0AC,offwind-float,0.4700262631580188,0.33346185791001914,0.13656440524799968
new_more,1000,GB4 0AC,offwind-float,0.5113339429182128,0.3779371007544691,0.13339684216374365
new_more,1000,GB4 0AC,offwind-float,0.4870307987077854,0.3776676057974904,0.10936319291029495
new_more,1000,GB4 0AC,offwind-float,0.48203248533019594,0.3730788910906952,0.10895359423950074
new_more,1000,GB4 0AC,offwind-float,0.47612599024260366,0.3674181377612209,0.10870785248138276
new_more,1000,GB4 0AC,offwind-float,0.4694330425760237,0.36079680181756585,0.10863624075845785
new_more,1000,GB4 0AC,offwind-float,0.4625577346539641,0.3489492242999865,0.11360851035397762
new_more,1000,GB4 0AC,offwind-float,0.5051146475227859,0.3831427768902078,0.12197187063257808
new_more,1000,GB4 0AC,offwind-float,0.48110709963444037,0.3773805325478641,0.1037265670865763
new_more,1000,GB4 0AC,offwind-float,0.4761695801622911,0.3735142334853601,0.10265534667693099
new_more,1000,GB4 0AC,offwind-float,0.47033492508886215,0.3671488724523427,0.10318605263651948
new_more,1000,GB4 0AC,offwind-float,0.46372338296787735,0.3598368903121894,0.10388649265568795
new_more,1000,GB4 0AC,offwind-float,0.4569316986180333,0.35534278699917693,0.10158891161885636
new_more,1000,GB4 0AC,offwind-float,0.5101382042227044,0.3839846349191441,0.1261535693035603
new_more,1000,GB4 0AC,offwind-float,0.4858918921673831,0.3810892075923001,0.10480268457508302
new_more,1000,GB4 0AC,offwind-float,0.48090526719186555,0.37704547506517644,0.10385979212668911
new_more,1000,GB4 0AC,offwind-float,0.475012584261336,0.3707802845154914,0.10423229974584464
new_more,1000,GB4 0AC,offwind-float,0.4683079388253193,0.36253279475240563,0.10577514407291366
new_more,1000,GB4 0AC,offwind-float,0.46144910915261333,0.3453753892342402,0.11607371991837312
new_more,1000,GB4 0AC,offwind-float,0.5155010433915334,0.3813560175015184,0.13414502589001498
new_more,1000,GB4 0AC,offwind-float,0.49099984144379927,0.3823734447754498,0.10862639666834945
new_more,1000,GB4 0AC,offwind-float,0.4859607944627985,0.37758495878080456,0.10837583568199394
new_more,1000,GB4 0AC,offwind-float,0.48000616457246914,0.371923520668855,0.10808264390361416
new_more,1000,GB4 0AC,offwind-float,0.4732586729316907,0.36547689064379885,0.10778178228789187
new_more,1000,GB4 0AC,offwind-float,0.4663273348960566,0.35581751518115456,0.11050981971490204
new_more,1000,GB4 0AC,offwind-float,0.5114703909756211,0.3808412979508408,0.13062909302478026
new_more,1000,GB4 0AC,offwind-float,0.4871607615379515,0.3788187553099515,0.108342006228
new_more,1000,GB4 0AC,offwind-float,0.4821611143741737,0.37466107287350786,0.10750004150066583
new_more,1000,GB4 0AC,offwind-float,0.4762530431545997,0.3677729527816654,0.10848009037293432
new_more,1000,GB4 0AC,offwind-float,0.4695583094933285,0.36058517848911836,0.10897313100421013
new_more,1000,GB4 0AC,offwind-float,0.462681166914245,0.35492673168174366,0.10775443523250133
new_more,1000,GB4 0AC,offwind-float,0.5142550134417624,0.38191078207729334,0.13234423136446904
new_more,1000,GB4 0AC,offwind-float,0.48978593384063124,0.3823171663656813,0.10746876747494993
new_more,1000,GB4 0AC,offwind-float,0.4847593449847186,0.3775777013926055,0.10718164359211313
new_more,1000,GB4 0AC,offwind-float,0.4788194368313182,0.3718574264936935,0.1069620103376247
new_more,1000,GB4 0AC,offwind-float,0.4720886271336153,0.36530305775282784,0.10678556938078748
new_more,1000,GB4 0AC,offwind-float,0.46517442556775446,0.3563791976307171,0.10879522793703733
new_more,1000,GB4 0AC,offwind-float,0.5105177953068222,0.3808493923728214,0.12966840293400078
new_more,1000,GB4 0AC,offwind-float,0.48625344170157814,0.3798756125010615,0.10637782920051664
new_more,1000,GB4 0AC,offwind-float,0.48126310620533336,0.3756050346332391,0.10565807157209428
new_more,1000,GB4 0AC,offwind-float,0.47536603856124293,0.36953144936790694,0.10583458919333599
new_more,1000,GB4 0AC,offwind-float,0.46868377360666913,0.362431569642209,0.10625220396446011
new_more,1000,GB4 0AC,offwind-float,0.4617923483490807,0.3554501746109554,0.10634217373812527
new_more,1000,GB4 0AC,offwind-float,0.49255287132738484,0.36714398486102306,0.12540888646636178
new_more,1000,GB4 0AC,offwind-float,0.4691150370360604,0.3655000695752758,0.10361496746078458
new_more,1000,GB4 0AC,offwind-float,0.46430059004119484,0.3611775152942734,0.10312307474692145
new_more,1000,GB4 0AC,offwind-float,0.4586113694228667,0.35556355623243274,0.10304781319043393
new_more,1000,GB4 0AC,offwind-float,0.452164626422591,0.34898902266666965,0.10317560375592133
new_more,1000,GB4 0AC,offwind-float,0.4455422314137973,0.34250134113834,0.10304089027545726
new_more,1000,GB4 0AC,offwind-float,0.5063076153259933,0.37917640717906587,0.12713120814692747
new_more,1000,GB4 0AC,offwind-float,0.4822433669800285,0.37699687926226755,0.10524648771776096
new_more,1000,GB4 0AC,offwind-float,0.47729418619141006,0.3728397872634043,0.10445439892800579
new_more,1000,GB4 0AC,offwind-float,0.471445750967911,0.3667479806669107,0.1046977703010003
new_more,1000,GB4 0AC,offwind-float,0.46481859386343966,0.3589484652279327,0.10587012863550693
new_more,1000,GB4 0AC,offwind-float,0.4579835550410415,0.3507561191470528,0.1072274358939887
new_more,1000,GB4 0AC,offwind-float,0.49967173634899265,0.37653859166245895,0.12313314468653369
new_more,1000,GB4 0AC,offwind-float,0.47589570947267573,0.37159862290491813,0.1042970865677576
new_more,1000,GB4 0AC,offwind-float,0.47101167360203694,0.3679689121494113,0.10304276145262564
new_more,1000,GB4 0AC,offwind-float,0.4652402199739203,0.3614158806954152,0.1038243392785051
new_more,1000,GB4 0AC,offwind-float,0.4587002946002035,0.3537974094356241,0.1049028851645794
new_more,1000,GB4 0AC,offwind-float,0.45198217831250087,0.34915563455852683,0.10282654375397404
new_more,1000,GB4 0AC,offwind-float,0.5073998464514907,0.3778577408894561,0.1295421055620346
new_more,1000,GB4 0AC,offwind-float,0.483283685552249,0.37507707067038276,0.10820661488186623
new_more,1000,GB4 0AC,offwind-float,0.47832382815293095,0.3709746330880426,0.10734919506488833
new_more,1000,GB4 0AC,offwind-float,0.4724627764038392,0.36492171672022644,0.10754105968361277
new_more,1000,GB4 0AC,offwind-float,0.465821322877501,0.3578714477821986,0.1079498750953024
new_more,1000,GB4 0AC,offwind-float,0.45899891213736815,0.35201759290960616,0.106981319227762
new_more,1000,GB4 0AC,offwind-float,0.5087377562197595,0.37651406472654997,0.1322236914932095
new_more,1000,GB4 0AC,offwind-float,0.48453081705026857,0.3748728184521506,0.10965799859811798
new_more,1000,GB4 0AC,offwind-float,0.47955816055474004,0.3705785501639,0.10897961039084003
new_more,1000,GB4 0AC,offwind-float,0.473681984143951,0.3646971859826492,0.1089847981613018
new_more,1000,GB4 0AC,offwind-float,0.4669962645297073,0.3576647825221352,0.10933148200757209
new_more,1000,GB4 0AC,offwind-float,0.4601566456152093,0.338513575859923,0.12164306975528633
new_more,1000,GB4 0AC,offwind-float,0.5036146116459181,0.3760799503281825,0.12753466131773566
new_more,1000,GB4 0AC,offwind-float,0.479678358825583,0.3736244600361024,0.10605389878948063
new_more,1000,GB4 0AC,offwind-float,0.4747555022747869,0.36975260388531533,0.10500289838947158
new_more,1000,GB4 0AC,offwind-float,0.4689381743408147,0.36353650076923194,0.10540167357158275
new_more,1000,GB4 0AC,offwind-float,0.4623191144506079,0.35546126898765656,0.10685784546295135
new_more,1000,GB4 0AC,offwind-float,0.4555479969922815,0.34816030407463716,0.10738769291764433
new_more,1000,GB4 0AC,offwind-float,0.5074390705894407,0.3756221393449315,0.13181693124450922
new_more,1000,GB4 0AC,offwind-float,0.48332104540973336,0.3742760785698306,0.10904496683990278
new_more,1000,GB4 0AC,offwind-float,0.47836080459261937,0.36989161298726864,0.10846919160535073
new_more,1000,GB4 0AC,offwind-float,0.4724992997596255,0.36408411051321615,0.10841518924640936
new_more,1000,GB4 0AC,offwind-float,0.4658573328210522,0.3573119287355279,0.10854540408552427
new_more,1000,GB4 0AC,offwind-float,0.4590343946799319,0.34990456053755187,0.10912983414238003
new_more,1000,GB4 0AC,offwind-float,0.4963165571528944,0.37288092385303434,0.12343563329986007
new_more,1000,GB4 0AC,offwind-float,0.47272717289713617,0.36723448619882587,0.1054926866983103
new_more,1000,GB4 0AC,offwind-float,0.4678756551727725,0.36378199373131503,0.10409366144145749
new_more,1000,GB4 0AC,offwind-float,0.4621426281611409,0.35738664111560475,0.10475598704553613
new_more,1000,GB4 0AC,offwind-float,0.4556462459258374,0.35031838320895364,0.10532786271688377
new_more,1000,GB4 0AC,offwind-float,0.44897285918024377,0.34607761506015616,0.1028952441200876
new_more,1000,GB4 0AC,offwind-float,0.5040924265843127,0.3741426873485574,0.12994973923575537
new_more,1000,GB4 0AC,offwind-float,0.48010613325299856,0.37259746941525806,0.10750866383774049
new_more,1000,GB4 0AC,offwind-float,0.4751788865267787,0.36855990771187364,0.10661897881490506
new_more,1000,GB4 0AC,offwind-float,0.4693563707328994,0.3625586369681995,0.10679773376469986
new_more,1000,GB4 0AC,offwind-float,0.46275858424220484,0.35473167116174864,0.1080269130804562
new_more,1000,GB4 0AC,offwind-float,0.4559537390613341,0.3399332392790614,0.11602049978227269
new_more,1000,GB4 0AC,offwind-float,0.5016524122096215,0.3730092275878419,0.12864318462177965
new_more,1000,GB4 0AC,offwind-float,0.477809420586847,0.37147681127547216,0.10633260931137484
new_more,1000,GB4 0AC,offwind-float,0.47290574462796703,0.3673928133812842,0.10551293124668282
new_more,1000,GB4 0AC,offwind-float,0.4671110823540626,0.36138782023444427,0.10572326211961836
new_more,1000,GB4 0AC,offwind-float,0.46054485809253415,0.3543243044120115,0.10622055368052263
new_more,1000,GB4 0AC,offwind-float,0.4537997263610059,0.3461219951375961,0.10767773122340979
new_more,1000,GB4 0AC,offwind-float,0.5046409941392517,0.3704862568282353,0.13415473731101635
new_more,1000,GB4 0AC,offwind-float,0.4806559584792556,0.37173844553988744,0.10891751293936813
new_more,1000,GB4 0AC,offwind-float,0.475723068991241,0.3670974047084938,0.10862566428274723
new_more,1000,GB4 0AC,offwind-float,0.4698938851591052,0.36167242255567933,0.10822146260342586
new_more,1000,GB4 0AC,offwind-float,0.46328854277774645,0.3553283203494635,0.10796022242828296
new_more,1000,GB4 0AC,offwind-float,0.45650322708952795,0.3477447714755272,0.10875845561400077
new_more,1000,GB4 0AC,offwind-float,0.49643891991965455,0.3687729235550674,0.12766599636458714
new_more,1000,GB4 0AC,offwind-float,0.4728437198951453,0.3665835185460357,0.10626020134910957
new_more,1000,GB4 0AC,offwind-float,0.46799100606897287,0.3623892818101147,0.10560172425885817
new_more,1000,GB4 0AC,offwind-float,0.46225656562666484,0.35665313868053666,0.10560342694612818
new_more,1000,GB4 0AC,offwind-float,0.45575858176173056,0.34991958784969285,0.10583899391203772
new_more,1000,GB4 0AC,offwind-float,0.4490835497474992,0.3429620356597778,0.10612151408772141
new_more,1000,GB4 0AC,offwind-float,0.5020096102439985,0.36839555402535773,0.13361405621864075
new_more,1000,GB4 0AC,offwind-float,0.47814964138851457,0.3693327591200288,0.10881688226848579
new_more,1000,GB4 0AC,offwind-float,0.4732424738020232,0.3647269141823758,0.10851555961964743
new_more,1000,GB4 0AC,offwind-float,0.46744368548003523,0.3592867773910322,0.10815690808900302
new_more,1000,GB4 0AC,offwind-float,0.4608727857851938,0.35296157004780165,0.10791121573739215
new_more,1000,GB4 0AC,offwind-float,0.45412285123056045,0.3468998610903264,0.10722299014023406
new_more,1000,GB4 0AC,offwind-float,0.5009642668844132,0.3725686642539005,0.1283956026305127
new_more,1000,GB4 0AC,offwind-float,0.4771539820578682,0.36796799348608317,0.10918598857178502
new_more,1000,GB4 0AC,offwind-float,0.4722570327519561,0.3647061917478024,0.10755084100415369
new_more,1000,GB4 0AC,offwind-float,0.4664703193479423,0.35809336811106485,0.10837695123687746
new_more,1000,GB4 0AC,offwind-float,0.45991310235204197,0.3510218904651081,0.10889121188693385
new_more,1000,GB4 0AC,offwind-float,0.45315016483369736,0.3467528628623638,0.10639730197133357
new_more,1000,GB4 0AC,offwind-float,0.49782868210793974,0.37129011874303147,0.12653856336490826
new_more,1000,GB4 0AC,offwind-float,0.4741411583342731,0.36417396310358585,0.10996719523068726
new_more,1000,GB4 0AC,offwind-float,0.4692751291204002,0.3610893966557579,0.1081857324646423
new_more,1000,GB4 0AC,offwind-float,0.46352495391596316,0.35445327218278483,0.10907168173317833
new_more,1000,GB4 0AC,offwind-float,0.457009140197975,0.34777364382166787,0.10923549637630714
new_more,1000,GB4 0AC,offwind-float,0.4503157925273157,0.34309069562465616,0.10722509690265952
new_more,1000,GB4 0AC,offwind-float,0.4907393273129887,0.3655820355890485,0.1251572917239402
new_more,1000,GB4 0AC,offwind-float,0.46741502270424234,0.3629732369371846,0.10444178576705776
new_more,1000,GB4 0AC,offwind-float,0.46261802266427027,0.3588865341373429,0.10373148852692737
new_more,1000,GB4 0AC,offwind-float,0.4569494190712439,0.3531821648706556,0.1037672542005883
new_more,1000,GB4 0AC,offwind-float,0.4505260382628163,0.34646206472335944,0.10406397353945684
new_more,1000,GB4 0AC,offwind-float,0.4439276419868217,0.34090926637397423,0.10301837561284749
new_more,1000,NO0 0AC,offwind-float,0.49859233607096576,0.4139413388875575,0.08465099718340824
new_more,1000,NO0 0AC,offwind-float,0.47486804941428123,0.39913885883899325,0.07572919057528799
new_more,1000,NO0 0AC,offwind-float,0.46999456024219033,0.39436197927886807,0.07563258096332226
new_more,1000,NO0 0AC,offwind-float,0.4642355696227843,0.38758774959548564,0.07664782002729864
new_more,1000,NO0 0AC,offwind-float,0.4576824515125973,0.37969417157473817,0.07798827993785912
new_more,1000,NO0 0AC,offwind-float,0.4509792425365001,0.36037999199238446,0.09059925054411566
new_more,1000,NO0 0AC,offwind-float,0.49655127813039823,0.4121674869822148,0.08438379114818345
new_more,1000,NO0 0AC,offwind-float,0.47295073784276603,0.39669939998884657,0.07625133785391947
new_more,1000,NO0 0AC,offwind-float,0.46809692570979106,0.3921584910283074,0.07593843468148365
new_more,1000,NO0 0AC,offwind-float,0.4623611874009341,0.38514501107958854,0.07721617632134559
new_more,1000,NO0 0AC,offwind-float,0.45583442135171953,0.3771998824849837,0.07863453886673583
new_more,1000,NO0 0AC,offwind-float,0.44915827859221336,0.3719071901180088,0.07725108847420453
new_more,1000,NO0 0AC,offwind-float,0.4942215001717764,0.407722498177739,0.08649900199403743
new_more,1000,NO0 0AC,offwind-float,0.47073169168767653,0.39612218239083463,0.0746095092968419
new_more,1000,NO0 0AC,offwind-float,0.4659006532439876,0.3910327820539252,0.07486787119006239
new_more,1000,NO0 0AC,offwind-float,0.46016456747706597,0.38442686051557345,0.07573770696149251
new_more,1000,NO0 0AC,offwind-float,0.45369599102617925,0.3771631496764795,0.07653284134969973
new_more,1000,NO0 0AC,offwind-float,0.44705116767886716,0.36981557590708114,0.07723559177178602
new_more,1000,NO0 0AC,offwind-float,0.49533263798589194,0.4086657308317831,0.08666690715410885
new_more,1000,NO0 0AC,offwind-float,0.47179001833424083,0.3965929805927976,0.07519703774144326
new_more,1000,NO0 0AC,offwind-float,0.4669481184660806,0.3915961736125557,0.07535194485352487
new_more,1000,NO0 0AC,offwind-float,0.4612264568523595,0.38514578416355694,0.07608067268880259
new_more,1000,NO0 0AC,offwind-float,0.4547429533230058,0.3778027362187146,0.07694021710429122
new_more,1000,NO0 0AC,offwind-float,0.44808279618467206,0.3712844957704587,0.07679830041421337
new_more,1000,NO0 0AC,offwind-float,0.49353667343328567,0.407740577540641,0.08579609589264464
new_more,1000,NO0 0AC,offwind-float,0.4700794140166107,0.39375970300370033,0.07631971101291035
new_more,1000,NO0 0AC,offwind-float,0.4652550697865483,0.38897161351516346,0.07628345627138483
new_more,1000,NO0 0AC,offwind-float,0.45955415362881413,0.3823813560316553,0.07717279759715884
new_more,1000,NO0 0AC,offwind-float,0.4530941578225992,0.37478258337199627,0.07831157445060294
new_more,1000,NO0 0AC,offwind-float,0.4464581489135926,0.3592124479602714,0.08724570095332118
new_more,1000,NO0 0AC,offwind-float,0.4924091064702382,0.4092392801429911,0.08316982632724712
new_more,1000,NO0 0AC,offwind-float,0.46897817178423795,0.3922400871415005,0.07673808464273746
new_more,1000,NO0 0AC,offwind-float,0.4641651294139276,0.38794848584990804,0.07621664356401958
new_more,1000,NO0 0AC,offwind-float,0.4584775686371121,0.38093270027604575,0.07754486836106633
new_more,1000,NO0 0AC,offwind-float,0.4520327064870213,0.3732312057800951,0.07880150070692621
new_more,1000,NO0 0AC,offwind-float,0.4454122435752379,0.3686768332737681,0.0767354103014698
new_more,1000,NO0 0AC,offwind-float,0.49355042484105616,0.40653266964794044,0.08701775519311572
new_more,1000,NO0 0AC,offwind-float,0.47009251183497885,0.39452967316009013,0.07556283867488872
new_more,1000,NO0 0AC,offwind-float,0.4652680331842577,0.38956457850498155,0.07570345467927614
new_more,1000,NO0 0AC,offwind-float,0.4595396351025815,0.3828420065604162,0.07669762854216527
new_more,1000,NO0 0AC,offwind-float,0.4530526437026809,0.3753571954596571,0.07769544824302377
new_more,1000,NO0 0AC,offwind-float,0.44641724280872996,0.36499446869926994,0.08142277410946003
new_more,1000,NO0 0AC,offwind-float,0.48991016886151695,0.40326629188321395,0.086643876978303
new_more,1000,NO0 0AC,offwind-float,0.4666252732489824,0.3920093743531863,0.07461589889579612
new_more,1000,NO0 0AC,offwind-float,0.4618363782719296,0.38697113667849975,0.07486524159342983
new_more,1000,NO0 0AC,offwind-float,0.4561773524125708,0.3807041394912631,0.07547321292130771
new_more,1000,NO0 0AC,offwind-float,0.4497648246175209,0.3735407640238327,0.07622406059368819
new_more,1000,NO0 0AC,offwind-float,0.44315056238215,0.3665567363965747,0.07659382598557529
new_more,1000,NO0 0AC,offwind-float,0.4874711834799594,0.40458058957595006,0.08289059390400932
new_more,1000,NO0 0AC,offwind-float,0.46430221018057466,0.3887587281677047,0.07554348201286998
new_more,1000,NO0 0AC,offwind-float,0.459537156400511,0.38438368655007626,0.07515346985043475
new_more,1000,NO0 0AC,offwind-float,0.45387897106501185,0.3773314448661255,0.07654752619888633
new_more,1000,NO0 0AC,offwind-float,0.4474987518319652,0.36967133350616227,0.07782741832580292
new_more,1000,NO0 0AC,offwind-float,0.4409446931387411,0.36474595877810845,0.07619873436063263
new_more,1000,NO0 0AC,offwind-float,0.48822102891103974,0.4030189508946358,0.08520207801640395
new_more,1000,NO0 0AC,offwind-float,0.465016416276736,0.38987275079578343,0.07514366548095258
new_more,1000,NO0 0AC,offwind-float,0.4602440327222634,0.3850855679932083,0.07515846472905507
new_more,1000,NO0 0AC,offwind-float,0.45460451837188603,0.3786486447561887,0.07595587361569733
new_more,1000,NO0 0AC,offwind-float,0.44821410005234946,0.37124628715162716,0.0769678129007223
new_more,1000,NO0 0AC,offwind-float,0.4416495643819197,0.3653790355552598,0.07627052882665991
new_more,1000,NO0 0AC,offwind-float,0.49826424633117333,0.4128806445006488,0.08538360183052451
new_more,1000,NO0 0AC,offwind-float,0.47458229053458084,0.399673907412813,0.07490838312176784
new_more,1000,NO0 0AC,offwind-float,0.4697117340567567,0.39467289687424345,0.07503883718251325
new_more,1000,NO0 0AC,offwind-float,0.4639562089952244,0.38809899010989607,0.07585721888532831
new_more,1000,NO0 0AC,offwind-float,0.45743433308417053,0.3805742814168755,0.07686005166729504
new_more,1000,NO0 0AC,offwind-float,0.4507076834739959,0.37409127631716127,0.07661640715683465
new_more,1000,NO0 0AC,offwind-float,0.4960581788966579,0.411798831067373,0.0842593478292849
new_more,1000,NO0 0AC,offwind-float,0.4724544510030933,0.39708175883836705,0.07537269216472625
new_more,1000,NO0 0AC,offwind-float,0.46760573217665363,0.3922991464840506,0.07530658569260301
new_more,1000,NO0 0AC,offwind-float,0.4618760126160737,0.38559880149781445,0.07627721111825925
new_more,1000,NO0 0AC,offwind-float,0.45538337822047414,0.3779622910102244,0.07742108721024976
new_more,1000,NO0 0AC,offwind-float,0.4487138414305784,0.37133758407635653,0.07737625735422188
new_more,1000,NO0 0AC,offwind-float,0.4832642414039813,0.3983767407157496,0.0848875006882317
new_more,1000,NO0 0AC,offwind-float,0.4602952194697923,0.3848642665125656,0.07543095295722668
new_more,1000,NO0 0AC,offwind-float,0.45557128874668257,0.38025899477867564,0.07531229396800693
new_more,1000,NO0 0AC,offwind-float,0.44998903099244203,0.3738135868073586,0.07617544418508343
new_more,1000,NO0 0AC,offwind-float,0.4436634930115541,0.3664120891519371,0.07725140385961698
new_more,1000,NO0 0AC,offwind-float,0.4371656054502265,0.3606802197017087,0.07648538574851776
new_more,1000,NO0 0AC,offwind-float,0.48596514279636144,0.3997662140493469,0.08619892874701451
new_more,1000,NO0 0AC,offwind-float,0.46284086179204287,0.38742029469756145,0.07542056709448142
new_more,1000,NO0 0AC,offwind-float,0.4580908055793182,0.3826369516237393,0.07545385395557891
new_more,1000,NO0 0AC,offwind-float,0.45247767539583694,0.37628688531693155,0.07619079007890539
new_more,1000,NO0 0AC,offwind-float,0.4461171543073387,0.36900692133576446,0.07711023297157427
new_more,1000,NO0 0AC,offwind-float,0.4395833304666807,0.3629943896563989,0.07658894081028178
new_more,1000,NO0 0AC,offwind-float,0.4932358807387118,0.4074253624321378,0.08581051830657399
new_more,1000,NO0 0AC,offwind-float,0.4697663587687995,0.39300997894584166,0.07675637982295785
new_more,1000,NO0 0AC,offwind-float,0.46494522737093824,0.3883435281422465,0.07660169922869176
new_more,1000,NO0 0AC,offwind-float,0.45924810780941167,0.38166784248263236,0.07758026532677931
new_more,1000,NO0 0AC,offwind-float,0.4527924141179623,0.37400527639964615,0.07878713771831614
new_more,1000,NO0 0AC,offwind-float,0.44616082454184186,0.36709047706704795,0.07907034747479391
new_more,1000,NO0 0AC,offwind-float,0.49261285989858866,0.4054278521463636,0.08718500775222504
new_more,1000,NO0 0AC,offwind-float,0.46917286534908303,0.39308785076065367,0.07608501458842937
new_more,1000,NO0 0AC,offwind-float,0.4643578248721801,0.3881740183367279,0.0761838065354522
new_more,1000,NO0 0AC,offwind-float,0.4586679029375334,0.38173784304999314,0.07693005988754026
new_more,1000,NO0 0AC,offwind-float,0.45222036524034376,0.37434405868053816,0.0778763065598056
new_more,1000,NO0 0AC,offwind-float,0.4455971538818249,0.3651092266175908,0.0804879272642341
new_more,1000,NO0 0AC,offwind-float,0.4968649317954469,0.41263510687522126,0.08422982492022563
new_more,1000,NO0 0AC,offwind-float,0.4732494838914529,0.3972215681404197,0.07602791575103318
new_more,1000,NO0 0AC,offwind-float,0.4683926057791279,0.3925080271296838,0.07588457864944409
new_more,1000,NO0 0AC,offwind-float,0.4626532444097301,0.38567922321760084,0.07697402119212926
new_more,1000,NO0 0AC,offwind-float,0.4561226148645414,0.377801566606294,0.07832104825824743
new_more,1000,NO0 0AC,offwind-float,0.4494422512280154,0.37211273023475394,0.07732952099326146
new_more,1000,NO0 0AC,offwind-float,0.4779008677470896,0.39483734811102283,0.08306351963606678
new_more,1000,NO0 0AC,offwind-float,0.4551867611089475,0.3784656885684829,0.07672107254046462
new_more,1000,NO0 0AC,offwind-float,0.4505152576159671,0.374421473582292,0.07609378403367512
new_more,1000,NO0 0AC,offwind-float,0.4449949529954782,0.3676096469796526,0.0773853060158256
new_more,1000,NO0 0AC,offwind-float,0.43873961723703025,0.3602049225854409,0.07853469465158935
new_more,1000,NO0 0AC,offwind-float,0.4323138446719842,0.35572664341323784,0.07658720125874635
new_more,1000,NO0 0AC,offwind-float,0.4998180715459376,0.41337173657232773,0.08644633497360987
new_more,1000,NO0 0AC,offwind-float,0.47606226413281316,0.4013391045541036,0.07472315957870956
new_more,1000,NO0 0AC,offwind-float,0.47117651894032436,0.3961759761558937,0.07500054278443063
new_more,1000,NO0 0AC,offwind-float,0.46540304541062333,0.3897241492299909,0.07567889618063245
new_more,1000,NO0 0AC,offwind-float,0.4588608311844831,0.38243625004858733,0.07642458113589579
new_more,1000,NO0 0AC,offwind-float,0.45214036368084637,0.3716224342768742,0.08051792940397218
new_more,1000,NO0 0AC,offwind-float,0.4941490399652441,0.406767010427356,0.0873820295378881
new_more,1000,NO0 0AC,offwind-float,0.47066267543567386,0.3944670647216629,0.07619561071401099
new_more,1000,NO0 0AC,offwind-float,0.4658323452939168,0.38955826968284474,0.07627407561107208
new_more,1000,NO0 0AC,offwind-float,0.4600970884241127,0.3828875907667276,0.07720949765738505
new_more,1000,NO0 0AC,offwind-float,0.45362946053259734,0.3754497661011713,0.07817969443142603
new_more,1000,NO0 0AC,offwind-float,0.44698561158970096,0.3683573119509547,0.07862829963874624
new_more,1000,NO0 0AC,offwind-float,0.49061662706315823,0.40417006740049743,0.0864465596626608
new_more,1000,NO0 0AC,offwind-float,0.46729815426336485,0.3916941563315883,0.07560399793177658
new_more,1000,NO0 0AC,offwind-float,0.4625023536241145,0.3868330779470326,0.07566927567708193
new_more,1000,NO0 0AC,offwind-float,0.4568080196018574,0.3801704121953835,0.0766376074064739
new_more,1000,NO0 0AC,offwind-float,0.4503866264590225,0.3727912176559309,0.07759540880309163
new_more,1000,NO0 0AC,offwind-float,0.44379027200580595,0.3654008398122962,0.07838943219350974
new_more,1000,NO0 0AC,offwind-float,0.4855116293823943,0.3998844175179579,0.08562721186443639
new_more,1000,NO0 0AC,offwind-float,0.46243579155050757,0.3865153769405466,0.07592041460996096
new_more,1000,NO0 0AC,offwind-float,0.45768989250404934,0.38184816230963486,0.07584173019441448
new_more,1000,NO0 0AC,offwind-float,0.45208167483410544,0.37539940461534205,0.0766822702187634
new_more,1000,NO0 0AC,offwind-float,0.44572672036261607,0.3679816621955962,0.07774505816701988
new_more,1000,NO0 0AC,offwind-float,0.4391986148105098,0.35896233947245154,0.08023627533805827
new_more,1000,NO0 0AC,offwind-float,0.5036980160420804,0.4167343277926678,0.08696368824941264
new_more,1000,NO0 0AC,offwind-float,0.47975779910182764,0.4060357373739891,0.07372206172783852
new_more,1000,NO0 0AC,offwind-float,0.4748341272691304,0.4004808855762117,0.07435324169291868
new_more,1000,NO0 0AC,offwind-float,0.4690158359184653,0.39421931484588896,0.07479652107257634
new_more,1000,NO0 0AC,offwind-float,0.4624228363575716,0.38698054526732206,0.07544229109024952
new_more,1000,NO0 0AC,offwind-float,0.4556501997900561,0.3724237592230325,0.08322644056702361
new_more,1000,NO0 0AC,offwind-float,0.500976496636058,0.4156621374418973,0.08531435919416075
new_more,1000,NO0 0AC,offwind-float,0.47716563054276556,0.4021840881038998,0.07498154243886579
new_more,1000,NO0 0AC,offwind-float,0.47226856169045495,0.39711468244270065,0.0751538792477543
new_more,1000,NO0 0AC,offwind-float,0.46648170701874525,0.39053351643735595,0.0759481905813893
new_more,1000,NO0 0AC,offwind-float,0.45992432994528915,0.38295527311820193,0.07696905682708721
new_more,1000,NO0 0AC,offwind-float,0.4531882864578761,0.3721392576487049,0.0810490288091712
new_more,1000,NO0 0AC,offwind-float,0.4815548504575841,0.3948700245271435,0.08668482593044063
new_more,1000,NO0 0AC,offwind-float,0.4586670740093591,0.3828777844514959,0.07578928955786318
new_more,1000,NO0 0AC,offwind-float,0.453932500200684,0.3779685087584283,0.07596399144225569
new_more,1000,NO0 0AC,offwind-float,0.4483703230360118,0.3716419936663069,0.07672832936970492
new_more,1000,NO0 0AC,offwind-float,0.44206753938457005,0.3644226404261334,0.07764489895843663
new_more,1000,NO0 0AC,offwind-float,0.435593026131439,0.3584779180810708,0.0771151080503682
new_more,1000,NO0 0AC,offwind-float,0.504650845362438,0.4195929353817203,0.08505790998071766
new_more,1000,NO0 0AC,offwind-float,0.48063835259322774,0.40676495487811015,0.07387339771511758
new_more,1000,NO0 0AC,offwind-float,0.47570564379139557,0.4015240601738287,0.07418158361756688
new_more,1000,NO0 0AC,offwind-float,0.46987667347569356,0.39499833045227783,0.07487834302341573
new_more,1000,NO0 0AC,offwind-float,0.4632715730405816,0.3875167457438947,0.07575482729668687
new_more,1000,NO0 0AC,offwind-float,0.45648650589082923,0.38037038463528927,0.07611612125553996
new_more,1000,NO0 0AC,offwind-float,0.49291291677863247,0.40504590420463377,0.0878670125739987
new_more,1000,NO0 0AC,offwind-float,0.4694853038349527,0.3941127941048619,0.0753725097300908
new_more,1000,NO0 0AC,offwind-float,0.4646670568555706,0.38908020015729206,0.07558685669827853
new_more,1000,NO0 0AC,offwind-float,0.4589733458045336,0.3827489771594202,0.0762243686451134
new_more,1000,NO0 0AC,offwind-float,0.4525215144683368,0.3756323305219943,0.07688918394634253
new_more,1000,NO0 0AC,offwind-float,0.4458938924836261,0.3684161929511985,0.07747769953242761
new_more,1000,NO0 0AC,offwind-float,0.5035619468923737,0.4174369978731561,0.08612494901921758
new_more,1000,NO0 0AC,offwind-float,0.47962819717029337,0.4055880883218433,0.07404010884845008
new_more,1000,NO0 0AC,offwind-float,0.4747058554199439,0.4002180340947794,0.07448782132516452
new_more,1000,NO0 0AC,offwind-float,0.4688891358244409,0.3937812496728361,0.0751078861516048
new_more,1000,NO0 0AC,offwind-float,0.462297917298643,0.38650866267482803,0.07578925462381497
new_more,1000,NO0 0AC,offwind-float,0.45552711029342424,0.3750462801332556,0.08048083016016866
new_more,1000,NO0 0AC,offwind-float,0.5019917639383071,0.4180315472833943,0.08396021665491282
new_more,1000,NO0 0AC,offwind-float,0.4781326432982543,0.40241961892831113,0.07571302436994315
new_more,1000,NO0 0AC,offwind-float,0.47322565016024176,0.3976428837740624,0.07558276638617939
new_more,1000,NO0 0AC,offwind-float,0.467427067983608,0.39076200819539014,0.07666505978821786
new_more,1000,NO0 0AC,offwind-float,0.46085640188247134,0.38295602196421097,0.07790037991826038
new_more,1000,NO0 0AC,offwind-float,0.4541067072861834,0.3685194725813596,0.08558723470482382
new_more,1000,NO0 0AC,offwind-float,0.4978354478534218,0.41182191689111497,0.08601353096230685
new_more,1000,NO0 0AC,offwind-float,0.4741738723804639,0.39892443973465386,0.07524943264581002
new_more,1000,NO0 0AC,offwind-float,0.4693075074279577,0.3939333963240382,0.0753741111039195
new_more,1000,NO0 0AC,offwind-float,0.4635298372147128,0.38716873023697435,0.07636110697773846
new_more,1000,NO0 0AC,offwind-float,0.45701395485173646,0.3796450591419864,0.07736889570975009
new_more,1000,NO0 0AC,offwind-float,0.45032053666574445,0.3730285146215382,0.07729202204420627
new_more,1000,NO0 0AC,offwind-float,0.47170466221739465,0.38502329193208623,0.08668137028530842
new_more,1000,NO0 0AC,offwind-float,0.44925836451510825,0.37315193370670563,0.07610643080840263
new_more,1000,NO0 0AC,offwind-float,0.4446477031374135,0.36863722998144366,0.07601047315596982
new_more,1000,NO0 0AC,offwind-float,0.439199295500548,0.3624652633188981,0.07673403218164987
new_more,1000,NO0 0AC,offwind-float,0.43302542984266573,0.3554038894259341,0.07762154041673164
new_more,1000,NO0 0AC,offwind-float,0.42668334716371076,0.34166171791012784,0.08502162925358292
new_more,1000,NO0 0AC,offwind-float,0.5051885972165988,0.41950646160090405,0.08568213561569477
new_more,1000,NO0 0AC,offwind-float,0.48117753458001894,0.4062746949993372,0.07490283958068172
new_more,1000,NO0 0AC,offwind-float,0.4762392922461293,0.40106933573650694,0.07516995650962238
new_more,1000,NO0 0AC,offwind-float,0.47040378296869284,0.3944468728679363,0.07595691010075656
new_more,1000,NO0 0AC,offwind-float,0.463791272906038,0.3868416652305546,0.07694960767548342
new_more,1000,NO0 0AC,offwind-float,0.4569985942413773,0.38018349277188523,0.07681510146949205
new_more,1000,NO0 0AC,offwind-float,0.4978445164312357,0.41068972354157335,0.08715479288966232
new_more,1000,NO0 0AC,offwind-float,0.4741825099386722,0.39837708159198154,0.07580542834669068
new_more,1000,NO0 0AC,offwind-float,0.46931605634039075,0.3933512546579794,0.07596480168241138
new_more,1000,NO0 0AC,offwind-float,0.4635653796419026,0.38685835704657195,0.07670702259533063
new_more,1000,NO0 0AC,offwind-float,0.45704899765569623,0.3794934372003832,0.07755556045531303
new_more,1000,NO0 0AC,offwind-float,0.450355066233426,0.37256376117853185,0.07779130505489418
new_more,1000,NO0 0AC,offwind-float,0.5093929544092033,0.4244903651067765,0.08490258930242678
new_more,1000,NO0 0AC,offwind-float,0.4851820632641133,0.4106800867460204,0.07450197651809287
new_more,1000,NO0 0AC,offwind-float,0.48020272314062656,0.4054869910801689,0.07471573206045767
new_more,1000,NO0 0AC,offwind-float,0.4743186487024989,0.3987311452349006,0.0755875034675983
new_more,1000,NO0 0AC,offwind-float,0.46765110700532914,0.3910355634437291,0.07661554356160005
new_more,1000,NO0 0AC,offwind-float,0.4608018972796782,0.38316186174478756,0.07764003553489063
new_more,1000,NO0 0AC,offwind-float,0.4758501059336912,0.3906220343148311,0.08522807161886009
new_more,1000,NO0 0AC,offwind-float,0.4532070499657012,0.3763741438895325,0.07683290607616872
new_more,1000,NO0 0AC,offwind-float,0.4485558639079164,0.3721211630283809,0.07643470087953552
new_more,1000,NO0 0AC,offwind-float,0.4430595683525081,0.3656285427439656,0.07743102560854248
new_more,1000,NO0 0AC,offwind-float,0.43683143847736755,0.35823946918638355,0.078591969290984
new_more,1000,NO0 0AC,offwind-float,0.43043361306421135,0.3415933965991929,0.08884021646501844
new_more,1000,NO0 0AC,offwind-float,0.5010341691501121,0.41690831569797543,0.08412585345213669
new_more,1000,NO0 0AC,offwind-float,0.4772205619451734,0.4004914733400553,0.07672908860511812
new_more,1000,NO0 0AC,offwind-float,0.4723229293413214,0.3958970974518556,0.07642583188946583
new_more,1000,NO0 0AC,offwind-float,0.46653540848574937,0.3889173433218438,0.07761806516390557
new_more,1000,NO0 0AC,offwind-float,0.459977276525739,0.38097083479585786,0.07900644172988114
new_more,1000,NO0 0AC,offwind-float,0.45324045758365816,0.3453352336745506,0.10790522390910756
new_more,1000,NO0 0AC,offwind-float,0.5185114510880128,0.4341753117720666,0.08433613931594619
new_more,1000,NO0 0AC,offwind-float,0.4938671677481807,0.4199422677484214,0.07392489999975926
new_more,1000,NO0 0AC,offwind-float,0.48879869389014646,0.41460144487002953,0.07419724902011693
new_more,1000,NO0 0AC,offwind-float,0.48280929032887826,0.4078256896960761,0.07498360063280218
new_more,1000,NO0 0AC,offwind-float,0.47602239488663767,0.40005423600945406,0.07596815887718361
new_more,1000,NO0 0AC,offwind-float,0.46905057942882017,0.38611838521757685,0.08293219421124332
new_more,1000,NO0 0AC,offwind-float,0.3809288776660055,0.2816695356415759,0.09925934202442965
new_more,1000,NO0 0AC,offwind-float,0.36279729230867697,0.25687646104767065,0.10592083126100632
new_more,1000,NO0 0AC,offwind-float,0.35907396605433944,0.2542338610636652,0.10484010499067425
new_more,1000,NO0 0AC,offwind-float,0.3546741202324765,0.24939351811527966,0.10528060211719686
new_more,1000,NO0 0AC,offwind-float,0.34968843288489715,0.2469682629856393,0.10272016989925786
new_more,1000,NO0 0AC,offwind-float,0.34456690236869636,0.24720103136238125,0.09736587100631511
base,10000,BE2 0AC,offwind-dc,0.5939391097793998,0.5939391097793978,1.9984014443252818e-15
base,10000,DE2 0AC,offwind-dc,0.5757596495888209,0.5744151345476115,0.0013445150412093598
base,10000,DE2 0AC,offwind-dc,0.5855638675223828,0.5855638675223827,1.1102230246251565e-16
base,10000,DE2 0AC,offwind-dc,0.5801031740785587,0.5757599002169359,0.0043432738616228095
base,10000,DE2 0AC,offwind-dc,0.5840572540424986,0.5840572540424983,3.3306690738754696e-16
base,10000,DK2 0AC,offwind-dc,0.5778949305566393,0.5313165064697439,0.04657842408689539
base,10000,DK2 0AC,offwind-dc,0.5897980586649327,0.5501893551322679,0.03960870353266488
base,10000,DK2 0AC,offwind-dc,0.6192658975108384,0.6190425289992271,0.00022336851161131044
base,10000,DK2 0AC,offwind-dc,0.6050902230656996,0.5815937567981034,0.02349646626759616
base,10000,FR2 0AC,offwind-dc,0.5827041988924787,0.5827041988924662,1.2545520178264269e-14
base,10000,GB1 0AC,offwind-dc,0.5710551451761344,0.5576912533785576,0.013363891797576799
base,10000,GB1 0AC,offwind-dc,0.576073901663189,0.49543407596104816,0.08063982570214079
base,10000,GB1 0AC,offwind-dc,0.5914689174886474,0.568695566158259,0.02277335133038838
base,10000,GB1 0AC,offwind-dc,0.5836789556624183,0.5741057039098922,0.009573251752526102
base,10000,GB1 0AC,offwind-dc,0.575896000075196,0.5561564373095514,0.01973956276564459
base,10000,NL2 0AC,offwind-dc,0.5789065890680064,0.5751384021666897,0.00376818690131675
base,10000,NL2 0AC,offwind-dc,0.5921609252099175,0.5921382749273029,2.2650282614611328e-05
base,10000,NL2 0AC,offwind-dc,0.5712187148186559,0.5662823383922766,0.004936376426379341
base,10000,NL2 0AC,offwind-dc,0.5836279201201389,0.5836169919764508,1.0928143688082592e-05
base,10000,NL2 0AC,offwind-dc,0.5763339713014132,0.5726155458426512,0.003718425458761998
base,10000,NL2 0AC,offwind-dc,0.585492197970148,0.5854779640147246,1.4233955423326172e-05
base,10000,NL2 0AC,offwind-dc,0.5820027774988743,0.5775911290116603,0.004411648487213982
base,10000,GB1 0AC,offwind-float,0.5738129101396663,0.4206541664259547,0.15315874371371158
base,10000,GB1 0AC,offwind-float,0.5490778461427134,0.37810680984137857,0.1709710363013348
base,10000,GB1 0AC,offwind-float,0.575743798502181,0.41996622089936403,0.15577757760281702
base,10000,GB1 0AC,offwind-float,0.5709245719821686,0.4087237018874406,0.162200870094728
base,10000,GB1 0AC,offwind-float,0.5775272927980803,0.4115697968356718,0.16595749596240855
base,10000,GB1 0AC,offwind-float,0.5710363676874384,0.4134176851518063,0.15761868253563205
base,10000,GB1 0AC,offwind-float,0.5717761505354948,0.4042170731289022,0.1675590774065926
base,10000,GB1 0AC,offwind-float,0.5667413529965798,0.39198196775814553,0.17475938523843426
base,10000,GB1 0AC,offwind-float,0.5607515186445219,0.40158162589878393,0.15916989274573795
base,10000,GB1 0AC,offwind-float,0.5732971031347881,0.3992246301433693,0.17407247299141881
base,10000,GB1 0AC,offwind-float,0.5659296746548883,0.39956884786827057,0.16636082678661773
base,10000,GB1 0AC,offwind-float,0.5690309209274026,0.4001054155063128,0.1689255054210898
base,10000,GB4 0AC,offwind-float,0.5868210802724554,0.4414736550871176,0.14534742518533778
base,10000,GB4 0AC,offwind-float,0.5929567089378681,0.445493532779521,0.14746317615834714
base,10000,GB4 0AC,offwind-float,0.570357080739688,0.41895736670971234,0.1513997140299757
base,10000,GB4 0AC,offwind-float,0.5910275143908099,0.4485715223123674,0.1424559920784425
base,10000,GB4 0AC,offwind-float,0.5833043118715163,0.4348562491742008,0.14844806269731553
base,10000,GB4 0AC,offwind-float,0.5767563334448385,0.43500360294250145,0.141752730502337
base,10000,GB4 0AC,offwind-float,0.5604491930834242,0.4140326032580113,0.14641658982541295
base,10000,NL2 0AC,offwind-float,0.4527517026321004,0.32022581433413344,0.13252588829796697
base,10000,NO0 0AC,offwind-float,0.5581551700421352,0.51410005736525,0.04405511267688522
base,10000,NO0 0AC,offwind-float,0.5590312258160987,0.5152505333366137,0.043780692479484906
base,10000,NO0 0AC,offwind-float,0.5512722451930978,0.5044819382508748,0.04679030694222297
base,10000,NO0 0AC,offwind-float,0.5370689090133326,0.4836161613906388,0.05345274762269381
base,10000,NO0 0AC,offwind-float,0.5771623930660897,0.5439829115659575,0.03317948150013228
base,10000,NO0 0AC,offwind-float,0.5635197093470129,0.522948826454598,0.04057088289241495
base,10000,NO0 0AC,offwind-float,0.49461409379312293,0.4265547498612994,0.06805934393182356
base,10000,NO0 0AC,offwind-float,0.5708623977321992,0.5330803883249915,0.03778200940720766
base,10000,NO0 0AC,offwind-float,0.599730175424129,0.582278253063823,0.017451922360306016
base,10000,NO0 0AC,offwind-float,0.47532169860359574,0.4001887236511545,0.07513297495244126
base,10000,NO0 0AC,offwind-float,0.15679683279613155,0.09975190258909336,0.057044930207038186
base,10000,NO0 0AC,offwind-float,0.620760283108809,0.6207602831088084,6.661338147750939e-16
base,10000,NO0 0AC,offwind-float,0.5658093712300696,0.5252298698735949,0.0405795013564747
base,10000,NO0 0AC,offwind-float,0.6172858609029703,0.6151161108130174,0.0021697500899529043
base,10000,NO0 0AC,offwind-float,0.5262368084475063,0.4672028764127281,0.05903393203477819
base,10000,DK2 0AC,offwind-ac,0.5753626233014562,0.5751993091184681,0.00016331418298809464
base,10000,DK2 0AC,offwind-ac,0.4976321353246225,0.43443583534182123,0.0631962999828013
base,10000,DK2 0AC,offwind-ac,0.5374580627415037,0.5110713248047469,0.02638673793675672
base,10000,GB1 0AC,offwind-ac,0.48912928225210217,0.4763710041087782,0.012758278143323976
base,10000,GB1 0AC,offwind-ac,0.5485612536629367,0.5270200869076056,0.02154116675533113
base,10000,GB1 0AC,offwind-ac,0.4685434786350725,0.45582616994762015,0.012717308687452356
base,10000,GB4 0AC,offwind-ac,0.6001356384502733,0.5465102897231358,0.053625348727137534
base,10000,NL2 0AC,offwind-ac,0.4709243626112427,0.41691935400006863,0.05400500861117408
standard,10000,GB1 0AC,offwind-float,0.5080857538078366,0.40677539384421374,0.10131035996362286
standard,10000,GB1 0AC,offwind-float,0.48620843275937264,0.3806761354565292,0.10553229730284347
standard,10000,GB1 0AC,offwind-float,0.5098211335736812,0.3858703490707464,0.12395078450293479
standard,10000,GB1 0AC,offwind-float,0.5055275021775656,0.40432521881843625,0.10120228335912934
standard,10000,GB1 0AC,offwind-float,0.5114004177727002,0.36295560800741095,0.14844480976528923
standard,10000,GB1 0AC,offwind-float,0.5056527035872266,0.36744807893300085,0.13820462465422573
standard,10000,GB1 0AC,offwind-float,0.5063077812991806,0.3597247205443347,0.14658306075484595
standard,10000,GB1 0AC,offwind-float,0.5018494680784714,0.3809223674128039,0.12092710066566753
standard,10000,GB1 0AC,offwind-float,0.49654546975972413,0.35734502014623104,0.1392004496134931
standard,10000,GB1 0AC,offwind-float,0.5076545848258548,0.40012290009904755,0.10753168472680724
standard,10000,GB1 0AC,offwind-float,0.5011307269069036,0.3685325443625614,0.13259818254434225
standard,10000,GB1 0AC,offwind-float,0.5038524358768601,0.40677211771112415,0.09708031816573598
standard,10000,GB4 0AC,offwind-float,0.5196030456140495,0.4329036193574634,0.08669942625658605
standard,10000,GB4 0AC,offwind-float,0.5250631657644822,0.4514097446459581,0.07365342111852408
standard,10000,GB4 0AC,offwind-float,0.5050239291786981,0.37316598770931414,0.13185794146938395
standard,10000,GB4 0AC,offwind-float,0.5233290602669933,0.40070981797836086,0.12261924228863247
standard,10000,GB4 0AC,offwind-float,0.5165159681622278,0.39702735963122154,0.11948860853100624
standard,10000,GB4 0AC,offwind-float,0.5107177332654044,0.3869600909307781,0.12375764233462627
standard,10000,GB4 0AC,offwind-float,0.49627776047537214,0.36597601659171486,0.13030174388365728
standard,10000,NL2 0AC,offwind-float,0.4009116326807249,0.28596678804933556,0.11494484463138932
standard,10000,NO0 0AC,offwind-float,0.4942216393066201,0.4559838492873627,0.03823779001925742
standard,10000,NO0 0AC,offwind-float,0.4950221504601553,0.4544506490976663,0.04057150136248899
standard,10000,NO0 0AC,offwind-float,0.4881515731184881,0.44331127044238855,0.044840302676099564
standard,10000,NO0 0AC,offwind-float,0.4755745189313059,0.4267402605936016,0.04883425833770433
standard,10000,NO0 0AC,offwind-float,0.5110772990600224,0.48474660486226506,0.026330694197757354
standard,10000,NO0 0AC,offwind-float,0.4989967026267798,0.4618706692205427,0.0371260334062371
standard,10000,NO0 0AC,offwind-float,0.4379807800538103,0.38737734525720374,0.05060343479660656
standard,10000,NO0 0AC,offwind-float,0.5054986531918624,0.477491219374179,0.02800743381768339
standard,10000,NO0 0AC,offwind-float,0.5310610703380662,0.5215652089442856,0.009495861393780558
standard,10000,NO0 0AC,offwind-float,0.42089736411348394,0.36491627459672243,0.055981089516761506
standard,10000,NO0 0AC,offwind-float,0.1387170663517717,0.08988433815570278,0.04883272819606892
standard,10000,NO0 0AC,offwind-float,0.5496570093121184,0.5496569151616741,9.415044421867691e-08
standard,10000,NO0 0AC,offwind-float,0.5010241982242265,0.47498044761178226,0.02604375061244424
standard,10000,NO0 0AC,offwind-float,0.5465799263411765,0.5456974981785869,0.0008824281625895436
standard,10000,NO0 0AC,offwind-float,0.4659576548025258,0.4242935425707147,0.0416641122318111
standard,10000,DK2 0AC,offwind-ac,0.5094836029334394,0.5086683895614103,0.0008152133720291665
standard,10000,DK2 0AC,offwind-ac,0.44065325582995324,0.3849512820751401,0.05570197375481312
standard,10000,DK2 0AC,offwind-ac,0.4759191145576015,0.4486839113701359,0.027235203187465584
standard,10000,GB1 0AC,offwind-ac,0.43312397943423653,0.4296830149794335,0.0034409644548030194
standard,10000,GB1 0AC,offwind-ac,0.48575099011853046,0.47929860360143633,0.006452386517094122
standard,10000,GB1 0AC,offwind-ac,0.41489525033135666,0.4110954981957778,0.003799752135578871
standard,10000,GB4 0AC,offwind-ac,0.5313939935513334,0.5129841242879954,0.018409869263337986
standard,10000,NL2 0AC,offwind-ac,0.4170035230922554,0.38176483782193166,0.035238685270323755
standard,10000,BE2 0AC,offwind-dc,0.525907160190991,0.5259068699105824,2.902804085991306e-07
standard,10000,DE2 0AC,offwind-dc,0.5098351697109009,0.5078536429016886,0.001981526809212375
standard,10000,DE2 0AC,offwind-dc,0.5184914210675892,0.5184913998306873,2.1236901903698424e-08
standard,10000,DE2 0AC,offwind-dc,0.5136813606465638,0.5102888435687343,0.0033925170778295044
standard,10000,DE2 0AC,offwind-dc,0.5171826984546325,0.5171826426500539,5.5804578624751855e-08
standard,10000,DK2 0AC,offwind-dc,0.511725961007904,0.4674965771271226,0.0442293838807814
standard,10000,DK2 0AC,offwind-dc,0.5222661809477979,0.4803738089050816,0.041892372042716286
standard,10000,DK2 0AC,offwind-dc,0.5483348707028873,0.5471739288019197,0.0011609419009676047
standard,10000,DK2 0AC,offwind-dc,0.535807392524677,0.5062390035787651,0.02956838894591196
standard,10000,FR2 0AC,offwind-dc,0.5159845681192898,0.5159827899868261,1.778132463714499e-06
standard,10000,GB1 0AC,offwind-dc,0.5056693310534671,0.4996080275476118,0.00606130350585532
standard,10000,GB1 0AC,offwind-dc,0.5101134399227537,0.4845915339154263,0.0255219060073274
standard,10000,GB1 0AC,offwind-dc,0.5237207826963609,0.5168153374699933,0.006905445226367601
standard,10000,GB1 0AC,offwind-dc,0.5168477152390715,0.5143381303092971,0.0025095849297743777
standard,10000,GB1 0AC,offwind-dc,0.509955908066586,0.5066513383594017,0.0033045697071842906
standard,10000,NL2 0AC,offwind-dc,0.5126217846197197,0.5094666502250775,0.0031551343946422117
standard,10000,NL2 0AC,offwind-dc,0.524332458327975,0.524308750110529,2.370821744601681e-05
standard,10000,NL2 0AC,offwind-dc,0.5057892101394498,0.502801034112257,0.0029881760271928126
standard,10000,NL2 0AC,offwind-dc,0.5167774960262602,0.5167675832242373,9.912802022893352e-06
standard,10000,NL2 0AC,offwind-dc,0.5103437315874013,0.508676218721718,0.0016675128656833405
standard,10000,NL2 0AC,offwind-dc,0.5184533413025662,0.5184420896072385,1.1251695327674227e-05
standard,10000,NL2 0AC,offwind-dc,0.5153634594752531,0.5126872925289632,0.002676166946289915
glaum,10000,GB4 0AC,offwind-float,0.5372187782977086,0.4390997221933007,0.09811905610440791
glaum,10000,NL2 0AC,offwind-float,0.4101930425846829,0.30194036646122024,0.10825267612346268
glaum,10000,NO0 0AC,offwind-float,0.1419284721792266,0.08931913448782097,0.05260933769140563
glaum,10000,DK2 0AC,offwind-ac,0.45085471460410803,0.40576482056776886,0.04508989403633917
glaum,10000,GB4 0AC,offwind-ac,0.5436961695736965,0.5334271305822075,0.01026903899148901
glaum,10000,NL2 0AC,offwind-ac,0.42665747252578595,0.4153713401474383,0.011286132378347635
glaum,10000,BE2 0AC,offwind-dc,0.5380823118385522,0.5380823118385447,7.438494264988549e-15
glaum,10000,FR2 0AC,offwind-dc,0.5279300041965856,0.5279300041965426,4.3076653355456074e-14
glaum,10000,GB1 0AC,offwind-dc,0.5358453180382869,0.5328895795799097,0.002955738458377266
glaum,10000,GB4 0AC,offwind-float,0.5316598987268446,0.4529298070410372,0.07873009168580741
glaum,10000,GB4 0AC,offwind-float,0.4635708196395407,0.37365939245284335,0.08991142718669737
glaum,10000,NO0 0AC,offwind-float,0.44812036897656937,0.3866691101209629,0.06145125885560648
glaum,10000,NO0 0AC,offwind-float,0.39074831478291006,0.317966227240353,0.07278208754255705
glaum,10000,NO0 0AC,offwind-float,0.4306414589348578,0.3630021887360131,0.06763927019884469
glaum,10000,NO0 0AC,offwind-float,0.37550610387640326,0.2995012000955726,0.07600490378083069
glaum,10000,NO0 0AC,offwind-float,0.562381988070897,0.562381988070893,3.9968028886505635e-15
glaum,10000,NO0 0AC,offwind-float,0.4903872233507643,0.44142659508238397,0.048960628268380324
glaum,10000,NO0 0AC,offwind-float,0.512623290334443,0.47672065958990006,0.03590263074454292
glaum,10000,NO0 0AC,offwind-float,0.4470212474758153,0.3829825399875075,0.06403870748830781
glaum,10000,NO0 0AC,offwind-float,0.5592336682835752,0.5592336682835672,7.993605777301127e-15
glaum,10000,NO0 0AC,offwind-float,0.4876400307675939,0.4372705556385535,0.050369475129040386
glaum,10000,NO0 0AC,offwind-float,0.47674492970196314,0.42344708875643366,0.05329784094552947
glaum,10000,NO0 0AC,offwind-float,0.4157081259602305,0.34476752595128407,0.07094060000894642
glaum,10000,DK2 0AC,offwind-ac,0.5212785367111193,0.5199987066302101,0.001279830080909261
glaum,10000,DK2 0AC,offwind-ac,0.45456885427687993,0.41862717135708666,0.03594168291979327
glaum,10000,DK2 0AC,offwind-ac,0.48693700484380226,0.4856354840113498,0.0013015208324524408
glaum,10000,DK2 0AC,offwind-ac,0.42459740732255635,0.37989987169514083,0.04469753562741552
glaum,10000,GB1 0AC,offwind-ac,0.4431511297204046,0.4403587836769624,0.0027923460434421954
glaum,10000,GB1 0AC,offwind-ac,0.38638804491703643,0.3847723381523286,0.0016157067647078471
glaum,10000,GB1 0AC,offwind-ac,0.4969964958186207,0.49428387262757445,0.0027126231910462595
glaum,10000,GB1 0AC,offwind-ac,0.4333684606920818,0.42050785604079494,0.012860604651286855
glaum,10000,GB1 0AC,offwind-ac,0.4245003916433757,0.4215159384370572,0.002984453206318516
glaum,10000,GB1 0AC,offwind-ac,0.37017571812351974,0.3686261072299391,0.001549610893580633
glaum,10000,DE2 0AC,offwind-dc,0.5216382425274718,0.5216382425274679,3.885780586188048e-15
glaum,10000,DE2 0AC,offwind-dc,0.4548825273888551,0.4502925044906366,0.004590022898218471
glaum,10000,DE2 0AC,offwind-dc,0.5255734757151742,0.5255734757151703,3.885780586188048e-15
glaum,10000,DE2 0AC,offwind-dc,0.4583141561927811,0.4565025291094943,0.0018116270832868042
glaum,10000,DK2 0AC,offwind-dc,0.5235728070843152,0.4995330772695262,0.024039729814788968
glaum,10000,DK2 0AC,offwind-dc,0.4565695195287527,0.3935579647234934,0.06301155480525927
glaum,10000,DK2 0AC,offwind-dc,0.5610292409450208,0.5597665319135477,0.001262709031473075
glaum,10000,DK2 0AC,offwind-dc,0.4892325336877155,0.45435670603427913,0.034875827653436386
glaum,10000,GB1 0AC,offwind-dc,0.5173759615295778,0.5142981151109254,0.0030778464186523857
glaum,10000,GB1 0AC,offwind-dc,0.4511657041295609,0.4484098754695681,0.0027558286599927984
glaum,10000,GB1 0AC,offwind-dc,0.5217617760681276,0.5186991065678115,0.003062669500316084
glaum,10000,GB1 0AC,offwind-dc,0.45496299350785757,0.4524058773659886,0.002557116141868987
glaum,10000,NL2 0AC,offwind-dc,0.5364711544270417,0.536432565239291,3.8589187750792675e-05
glaum,10000,NL2 0AC,offwind-dc,0.46779202783682594,0.46774870170857724,4.3326128248699636e-05
glaum,10000,NL2 0AC,offwind-dc,0.5287412889890365,0.5287026925523363,3.859643670023338e-05
glaum,10000,NL2 0AC,offwind-dc,0.4610765742649846,0.45550524531562975,0.005571328949354859
glaum,10000,NL2 0AC,offwind-dc,0.5304559313609541,0.5304154152995919,4.0516061362239064e-05
glaum,10000,NL2 0AC,offwind-dc,0.46257178836571244,0.4625558639030538,1.592446265863412e-05
glaum,10000,NL2 0AC,offwind-dc,0.5272945164139801,0.5272559599544814,3.855645949868425e-05
glaum,10000,NL2 0AC,offwind-dc,0.45978762991972555,0.4514671358631785,0.008320494056547056
glaum,10000,GB1 0AC,offwind-float,0.5198483263127047,0.42315489791184213,0.09669342840086259
glaum,10000,GB1 0AC,offwind-float,0.45329657473609636,0.35639023559942923,0.09690633913666713
glaum,10000,GB1 0AC,offwind-float,0.3902487981416248,0.29383465184000185,0.09641414630162293
glaum,10000,GB1 0AC,offwind-float,0.4974645286052983,0.38886912924235145,0.10859539936294682
glaum,10000,GB1 0AC,offwind-float,0.4337769725490315,0.32950471298322503,0.10427225956580649
glaum,10000,GB1 0AC,offwind-float,0.3734696193965379,0.27265395005701376,0.10081566933952413
glaum,10000,GB1 0AC,offwind-float,0.5216238814429761,0.4224744342943415,0.0991494471486346
glaum,10000,GB1 0AC,offwind-float,0.4548700041382978,0.35500249335256806,0.09986751078572975
glaum,10000,GB1 0AC,offwind-float,0.39163011886535654,0.2881635219097842,0.10346659695557231
glaum,10000,GB1 0AC,offwind-float,0.5172308492070858,0.41518699535173864,0.1020438538553472
glaum,10000,GB1 0AC,offwind-float,0.4510391622953377,0.35091425430870454,0.10012490798663315
glaum,10000,GB1 0AC,offwind-float,0.3883047073257947,0.29402838340245374,0.09427632392334095
glaum,10000,GB1 0AC,offwind-float,0.5232397272750609,0.4188602865426167,0.10437944073244415
glaum,10000,GB1 0AC,offwind-float,0.4562790650085441,0.35419672209029807,0.10208234291824603
glaum,10000,GB1 0AC,offwind-float,0.3928169269547216,0.2735710753514675,0.11924585160325407
glaum,10000,GB1 0AC,offwind-float,0.5173589491248191,0.41580192620303,0.10155702292178903
glaum,10000,GB1 0AC,offwind-float,0.4511508688566789,0.35140412848441205,0.09974674037226683
glaum,10000,GB1 0AC,offwind-float,0.38840260109893204,0.2697476287294251,0.11865497236950695
glaum,10000,GB1 0AC,offwind-float,0.5180291923851583,0.41086601469942835,0.10716317768572997
glaum,10000,GB1 0AC,offwind-float,0.4517083050448572,0.3472393951705796,0.1044689098742776
glaum,10000,GB1 0AC,offwind-float,0.38890798599109433,0.2773238994908497,0.11158408650024465
glaum,10000,GB1 0AC,offwind-float,0.5134676658149013,0.4034120821545834,0.11005558366031792
glaum,10000,GB1 0AC,offwind-float,0.4477575655240378,0.3419022841959313,0.10585528132810645
glaum,10000,GB1 0AC,offwind-float,0.38545587501746065,0.28218578072813577,0.10327009428932488
glaum,10000,GB1 0AC,offwind-float,0.5080408758919369,0.4035730836781279,0.10446779221380903
glaum,10000,GB1 0AC,offwind-float,0.4429985326415811,0.3423025200269271,0.100696012614654
glaum,10000,GB1 0AC,offwind-float,0.38135838187578114,0.2621244383399653,0.11923394353581585
glaum,10000,GB1 0AC,offwind-float,0.519407175440118,0.4092711393135712,0.11013603612654688
glaum,10000,GB1 0AC,offwind-float,0.45293697709608466,0.3464961683054805,0.10644080879060414
glaum,10000,GB1 0AC,offwind-float,0.3899148600039719,0.28879137717778,0.10112348282619193
glaum,10000,GB1 0AC,offwind-float,0.5127322852373288,0.40459970803525436,0.10813257720207448
glaum,10000,GB1 0AC,offwind-float,0.4471162939521951,0.34241544877993285,0.10470084517226225
glaum,10000,GB1 0AC,offwind-float,0.3849543952207882,0.27944798830691137,0.10550640691387686
glaum,10000,GB1 0AC,offwind-float,0.5155170038446475,0.4054545836832495,0.110062420161398
glaum,10000,GB1 0AC,offwind-float,0.4495446432082357,0.3423208781362902,0.10722376507194548
glaum,10000,GB1 0AC,offwind-float,0.38704513477085234,0.2840914963162338,0.10295363845461852
glaum,10000,GB4 0AC,offwind-float,0.5167435151501574,0.42816667613094156,0.08857683901921581
glaum,10000,GB4 0AC,offwind-float,0.4505390632623225,0.3542455074653717,0.09629355579695081
glaum,10000,GB4 0AC,offwind-float,0.387901302116338,0.2818851875296739,0.1060161145866641
glaum,10000,GB4 0AC,offwind-float,0.5354445269360768,0.45845714402104576,0.07698738291503104
glaum,10000,GB4 0AC,offwind-float,0.46689571353811926,0.3776790316388365,0.08921668189928278
glaum,10000,GB4 0AC,offwind-float,0.4019581681287508,0.30142745023744305,0.10053071789130774
glaum,10000,GB4 0AC,offwind-float,0.5284737065555939,0.44505025026761325,0.08342345628798065
glaum,10000,GB4 0AC,offwind-float,0.460818148716791,0.36754927515962216,0.09326887355716884
glaum,10000,GB4 0AC,offwind-float,0.3967253000185353,0.298268515124101,0.09845678489443427
glaum,10000,GB4 0AC,offwind-float,0.5225412381010236,0.4430454275092084,0.07949581059181521
glaum,10000,GB4 0AC,offwind-float,0.45564536776122455,0.3659910605566339,0.08965430720459067
glaum,10000,GB4 0AC,offwind-float,0.39224528637035555,0.2935348061088005,0.09871048026155504
glaum,10000,GB4 0AC,offwind-float,0.5077669689335824,0.4217356862292561,0.0860312827043263
glaum,10000,GB4 0AC,offwind-float,0.4427616915954134,0.3498623036081687,0.09289938798724467
glaum,10000,GB4 0AC,offwind-float,0.3811778468176756,0.27152030167386737,0.10965754514380821
glaum,10000,NO0 0AC,offwind-float,0.5056632469924311,0.46580014936261455,0.0398630976298166
glaum,10000,NO0 0AC,offwind-float,0.44095190315241944,0.375509655676387,0.06544224747603244
glaum,10000,NO0 0AC,offwind-float,0.37964703030403135,0.3002307139709792,0.07941631633305213
glaum,10000,NO0 0AC,offwind-float,0.5064822905893853,0.46691160969105033,0.03957068089833499
glaum,10000,NO0 0AC,offwind-float,0.44166613111933173,0.3762150820315999,0.0654510490877318
glaum,10000,NO0 0AC,offwind-float,0.38020949190459147,0.2981183203347481,0.08209117156984336
glaum,10000,NO0 0AC,offwind-float,0.4994526541449467,0.4573414264256024,0.042111227719344335
glaum,10000,NO0 0AC,offwind-float,0.4355114314710495,0.3699330005224309,0.0655784309486186
glaum,10000,NO0 0AC,offwind-float,0.37493561669111547,0.2923727747776836,0.08256284191343188
glaum,10000,NO0 0AC,offwind-float,0.4865844315660794,0.4381864949928608,0.048397936573218614
glaum,10000,NO0 0AC,offwind-float,0.42428769267813526,0.3561095872238623,0.06817810545427294
glaum,10000,NO0 0AC,offwind-float,0.36527305890905726,0.28432347509214106,0.08094958381691619
glaum,10000,NO0 0AC,offwind-float,0.5229091281178773,0.4954190738668495,0.02749005425102774
glaum,10000,NO0 0AC,offwind-float,0.4559655933726072,0.39393572743292227,0.06202986593968496
glaum,10000,NO0 0AC,offwind-float,0.3925733899937155,0.3162547443347476,0.0763186456589679
glaum,10000,NO0 0AC,offwind-float,0.5105488566683937,0.4757243325228541,0.03482452414553955
glaum,10000,NO0 0AC,offwind-float,0.44518761258838,0.3812205083199059,0.06396710426847413
glaum,10000,NO0 0AC,offwind-float,0.3832938554953886,0.3013418419826775,0.08195201351271109
glaum,10000,NO0 0AC,offwind-float,0.5172013323453725,0.48389807175755556,0.03330326058781691
glaum,10000,NO0 0AC,offwind-float,0.4509622744444299,0.38729026925192805,0.06367200519250182
glaum,10000,NO0 0AC,offwind-float,0.3882417598444158,0.31214454261123986,0.07609721723317592
glaum,10000,NO0 0AC,offwind-float,0.5433555389342608,0.5311651622378466,0.012190376696414207
glaum,10000,NO0 0AC,offwind-float,0.47382059187911896,0.4173212124734034,0.05649937940571553
glaum,10000,NO0 0AC,offwind-float,0.4079460351974647,0.3329332192117363,0.0750128159857284
glaum,10000,DE2 0AC,offwind-dc,0.5304948927015649,0.530494892701561,3.885780586188048e-15
glaum,10000,DE2 0AC,offwind-dc,0.4626057636988891,0.462605763698888,1.1102230246251565e-15
glaum,10000,DE2 0AC,offwind-dc,0.3982659836854605,0.35407489739430753,0.04419108629115298
glaum,10000,DE2 0AC,offwind-dc,0.5291558721625037,0.5291558721624999,3.774758283725532e-15
glaum,10000,DE2 0AC,offwind-dc,0.4614381019030772,0.46143810190307616,1.0547118733938987e-15
glaum,10000,DE2 0AC,offwind-dc,0.3972850639814072,0.35177063346460613,0.045514430516801097
glaum,10000,DK2 0AC,offwind-dc,0.534357041150429,0.5330223361541604,0.001334704996268643
glaum,10000,DK2 0AC,offwind-dc,0.46597366065187695,0.40713297890222905,0.058840681749647905
glaum,10000,DK2 0AC,offwind-dc,0.40119005089141063,0.3247198945466924,0.07647015634471821
glaum,10000,DK2 0AC,offwind-dc,0.5482117420975239,0.5469561589190651,0.0012555831784587523
glaum,10000,DK2 0AC,offwind-dc,0.4780553311837291,0.4271075463166462,0.0509477848670829
glaum,10000,DK2 0AC,offwind-dc,0.4115119781337894,0.33830798885041663,0.0732039892833728
glaum,10000,GB1 0AC,offwind-dc,0.5219229549068491,0.5188748579251788,0.0030480969816703007
glaum,10000,GB1 0AC,offwind-dc,0.455130804213964,0.4368264036781501,0.01830440053581389
glaum,10000,GB1 0AC,offwind-dc,0.391854660302919,0.33929728906711304,0.05255737123580595
glaum,10000,GB1 0AC,offwind-dc,0.528813133830151,0.5257664555620687,0.003046678268082359
glaum,10000,GB1 0AC,offwind-dc,0.46113922489187836,0.46032126793276,0.0008179569591183489
glaum,10000,GB1 0AC,offwind-dc,0.39700127070167823,0.3443382838210564,0.05266298688062182
glaum,10000,NL2 0AC,offwind-dc,0.5244893696956139,0.5244508739157556,3.8495779858260804e-05
glaum,10000,NL2 0AC,offwind-dc,0.45734172423609154,0.44795821344978987,0.009383510786301674
glaum,10000,NL2 0AC,offwind-dc,0.3937581994749686,0.34035189679561206,0.05340630267935653
glaum,10000,NL2 0AC,offwind-dc,0.5174986159077827,0.517458607127293,4.0008780489708684e-05
glaum,10000,NL2 0AC,offwind-dc,0.45127266203449284,0.43924260984278873,0.01203005219170411
glaum,10000,NL2 0AC,offwind-dc,0.3885329097662836,0.335534808546741,0.05299810121954257
glaum,10000,NL2 0AC,offwind-dc,0.5221585779990804,0.5221200839959973,3.849400308308937e-05
glaum,10000,NL2 0AC,offwind-dc,0.45528353924592524,0.4454755498444167,0.009807989401508566
glaum,10000,NL2 0AC,offwind-dc,0.3919861608155438,0.3381654131916566,0.05382074762388722
new_more,10000,NL2 0AC,offwind-ac,0.4184408964516403,0.38356798312470397,0.03487291332693632
new_more,10000,NL2 0AC,offwind-float,0.4022935387519484,0.2829607055938389,0.1193328331581095
new_more,10000,BE2 0AC,offwind-dc,0.5277199145196902,0.5277199145196845,5.773159728050814e-15
new_more,10000,BE2 0AC,offwind-dc,0.5026379629635467,0.5026379629635459,7.771561172376096e-16
new_more,10000,DE2 0AC,offwind-dc,0.5154519737520138,0.515451973752012,1.7763568394002505e-15
new_more,10000,DE2 0AC,offwind-dc,0.49095310403068887,0.4909531040306879,9.43689570931383e-16
new_more,10000,DK2 0AC,offwind-dc,0.5502249313175448,0.5459256291171313,0.004299302200413524
new_more,10000,DK2 0AC,offwind-dc,0.5240733408761459,0.5229906130185388,0.001082727857607102
new_more,10000,FR2 0AC,offwind-dc,0.5177631201722045,0.5177631201721863,1.8207657603852567e-14
new_more,10000,FR2 0AC,offwind-dc,0.49315440418403345,0.49315440418402695,6.494804694057166e-15
new_more,10000,GB1 0AC,offwind-dc,0.5074123274188802,0.4996560620041013,0.007756265414778918
new_more,10000,GB1 0AC,offwind-dc,0.48329557331288076,0.48116611941495013,0.002129453897930622
new_more,10000,GB1 0AC,offwind-dc,0.5255260007799438,0.5173459095142259,0.008180091265717948
new_more,10000,GB1 0AC,offwind-dc,0.5005483235492989,0.4967017717134302,0.0038465518358686834
new_more,10000,GB1 0AC,offwind-dc,0.5117136798745563,0.5040579648347758,0.007655715039780464
new_more,10000,GB1 0AC,offwind-dc,0.48739248718105843,0.4861669452416141,0.0012255419394443523
new_more,10000,NL2 0AC,offwind-dc,0.5261397848020363,0.5259291775479863,0.00021060725404997704
new_more,10000,NL2 0AC,offwind-dc,0.5011059444794813,0.5010641210752932,4.18234041881238e-05
new_more,10000,DK2 0AC,offwind-ac,0.4421721476751813,0.3915817081757555,0.05059043949942582
new_more,10000,DK2 0AC,offwind-ac,0.42115618810587263,0.36194720005198194,0.05920898805389069
new_more,10000,DK2 0AC,offwind-ac,0.47755956462242216,0.4725327321411294,0.0050268324812927645
new_more,10000,DK2 0AC,offwind-ac,0.4548352091500925,0.4248281145887064,0.030007094561386116
new_more,10000,GB1 0AC,offwind-ac,0.4874253297675429,0.47873555234121246,0.008689777426330425
new_more,10000,GB1 0AC,offwind-ac,0.46425853584506216,0.4606540095080634,0.003604526336998759
new_more,10000,NO0 0AC,offwind-float,0.4394904601171911,0.3880141773610892,0.05147628275610194
new_more,10000,NO0 0AC,offwind-float,0.4185755457152777,0.35993532422962493,0.05864022148565279
new_more,10000,NO0 0AC,offwind-float,0.4223481591900479,0.3633288936471446,0.05901926554290332
new_more,10000,NO0 0AC,offwind-float,0.40224785726026036,0.33743289580198305,0.06481496145827731
new_more,10000,NO0 0AC,offwind-float,0.13919521151032457,0.08925667592152269,0.04993853558880189
new_more,10000,NO0 0AC,offwind-float,0.13257941503213644,0.08418417783961091,0.04839523719252553
new_more,10000,NO0 0AC,offwind-float,0.502751183237673,0.48342106814200797,0.019330115095665013
new_more,10000,NO0 0AC,offwind-float,0.478855968227191,0.4437381207429699,0.03511784748422109
new_more,10000,NO0 0AC,offwind-float,0.5484639378216348,0.548463937821633,1.7763568394002505e-15
new_more,10000,NO0 0AC,offwind-float,0.5223960454790563,0.5206338794070013,0.001762166072054927
new_more,10000,NO0 0AC,offwind-float,0.4675637686181791,0.4265877968659082,0.04097597175227091
new_more,10000,NO0 0AC,offwind-float,0.4453409730191863,0.3943038309282849,0.05103714209090138
new_more,10000,DE2 0AC,offwind-dc,0.5115925253446992,0.5115925253446938,5.440092820663267e-15
new_more,10000,DE2 0AC,offwind-dc,0.48727709099377114,0.4872770909937705,6.661338147750939e-16
new_more,10000,DE2 0AC,offwind-dc,0.4822762499607827,0.4777516844723074,0.004524565488475296
new_more,10000,DE2 0AC,offwind-dc,0.5202786140154704,0.5202786140154692,1.2212453270876722e-15
new_more,10000,DE2 0AC,offwind-dc,0.4955503393504699,0.49555033935046994,0.0
new_more,10000,DE2 0AC,offwind-dc,0.4904645913915804,0.4904645913915787,1.6653345369377348e-15
new_more,10000,DK2 0AC,offwind-dc,0.5134898340279784,0.47771854264478925,0.035771291383189185
new_more,10000,DK2 0AC,offwind-dc,0.48908422266615553,0.4381767784003683,0.05090744426578725
new_more,10000,DK2 0AC,offwind-dc,0.48406483535141837,0.43057579811251295,0.05348903723890541
new_more,10000,DK2 0AC,offwind-dc,0.5376542720571699,0.5340324569276359,0.0036218151295339673
new_more,10000,DK2 0AC,offwind-dc,0.5121001513301446,0.47938027999874677,0.032719871331397865
new_more,10000,DK2 0AC,offwind-dc,0.506844555495445,0.4704428753038932,0.03640168019155182
new_more,10000,GB1 0AC,offwind-dc,0.5118717547287582,0.5039659638096908,0.007905790919067401
new_more,10000,GB1 0AC,offwind-dc,0.48754304890997147,0.46411966641652885,0.023423382493442613
new_more,10000,GB1 0AC,offwind-dc,0.4825394783966011,0.45631680604554037,0.02622267235106074
new_more,10000,GB1 0AC,offwind-dc,0.5186292424818981,0.5106735826671054,0.007955659814792737
new_more,10000,GB1 0AC,offwind-dc,0.4939793606456784,0.49262625063554544,0.0013531100101329407
new_more,10000,GB1 0AC,offwind-dc,0.48890973537122046,0.4856870065288058,0.003222728842414646
new_more,10000,NL2 0AC,offwind-dc,0.5185587812298229,0.5183520400908848,0.00020674113893814905
new_more,10000,NL2 0AC,offwind-dc,0.4939122483400092,0.4938944634004018,1.7784939607412564e-05
new_more,10000,NL2 0AC,offwind-dc,0.4888433118276093,0.4832176521275421,0.0056256597000672315
new_more,10000,NL2 0AC,offwind-dc,0.5202404029929478,0.5199679381676765,0.00027246482527132354
new_more,10000,NL2 0AC,offwind-dc,0.4955139444561423,0.4954843028235115,2.964163263075026e-05
new_more,10000,NL2 0AC,offwind-dc,0.49042857001179774,0.4903791236691589,4.9446342638814755e-05
new_more,10000,NL2 0AC,offwind-dc,0.5171398706229506,0.516918135255928,0.0002217353670226352
new_more,10000,NL2 0AC,offwind-dc,0.4925607770056086,0.492088094140055,0.0004726828655535753
new_more,10000,NL2 0AC,offwind-dc,0.4875057104112264,0.4801623845918087,0.007343325819417712
new_more,10000,DK2 0AC,offwind-ac,0.5112397467484113,0.5068582428326803,0.004381503915731
new_more,10000,DK2 0AC,offwind-ac,0.48694107957912397,0.4860618057580775,0.0008792738210464668
new_more,10000,DK2 0AC,offwind-ac,0.4819436869735313,0.4616956695128178,0.020248017460713474
new_more,10000,GB1 0AC,offwind-ac,0.4346169185459567,0.4260351073476497,0.008581811198306977
new_more,10000,GB1 0AC,offwind-ac,0.41393285815526526,0.4116726154708023,0.002260242684462954
new_more,10000,GB1 0AC,offwind-ac,0.40968473637768815,0.40507478950171355,0.004609946875974602
new_more,10000,GB1 0AC,offwind-ac,0.4163253566655654,0.4082486608082434,0.008076695857322014
new_more,10000,GB1 0AC,offwind-ac,0.39653786686241105,0.3942065994152366,0.0023312674471744343
new_more,10000,GB1 0AC,offwind-ac,0.3924682668906681,0.36969199927258906,0.02277626761807905
new_more,10000,GB4 0AC,offwind-ac,0.5332256604974634,0.5171910246355855,0.01603463586187792
new_more,10000,GB4 0AC,offwind-ac,0.5078820268442541,0.4966262345179905,0.011255792326263614
new_more,10000,GB4 0AC,offwind-ac,0.5026697208961531,0.49061739626218187,0.012052324633971268
new_more,10000,GB1 0AC,offwind-float,0.487884349171719,0.35960335148472283,0.1282809976869962
new_more,10000,GB1 0AC,offwind-float,0.4646684992213127,0.3359114172695635,0.12875708195174923
new_more,10000,GB1 0AC,offwind-float,0.4598996862797809,0.33120789766788894,0.12869178861189196
new_more,10000,NO0 0AC,offwind-float,0.5328915897280463,0.5328915897280443,1.9984014443252818e-15
new_more,10000,NO0 0AC,offwind-float,0.5075638340938851,0.49290441712216315,0.014659416971721906
new_more,10000,NO0 0AC,offwind-float,0.5023547937032911,0.483453621972441,0.01890117173085004
new_more,10000,NO0 0AC,offwind-float,0.5515516272187628,0.5515516272187606,2.220446049250313e-15
new_more,10000,NO0 0AC,offwind-float,0.5253102620286041,0.5253102620286036,4.440892098500626e-16
new_more,10000,NO0 0AC,offwind-float,0.5199190930983245,0.5144522596760028,0.005466833422321682
new_more,10000,DE2 0AC,offwind-dc,0.5189653803542504,0.5189653803542487,1.7763568394002505e-15
new_more,10000,DE2 0AC,offwind-dc,0.49429952225183604,0.4942995222518361,0.0
new_more,10000,DE2 0AC,offwind-dc,0.4892266112138428,0.487824009909916,0.0014026013039268315
new_more,10000,DE2 0AC,offwind-dc,0.4832319642475194,0.47598571419888136,0.007246250048638048
new_more,10000,DK2 0AC,offwind-dc,0.524066385150955,0.4962085628523605,0.02785782229859457
new_more,10000,DK2 0AC,offwind-dc,0.49915808185805544,0.4540573692253921,0.04510071263266335
new_more,10000,DK2 0AC,offwind-dc,0.49403530825789976,0.44594770359945196,0.0480876046584478
new_more,10000,DK2 0AC,offwind-dc,0.48798173881989076,0.43660801760453394,0.05137372121535683
new_more,10000,NL2 0AC,offwind-dc,0.50753261971721,0.5073187172366764,0.00021390248053354544
new_more,10000,NL2 0AC,offwind-dc,0.4834101482495643,0.47847445581131415,0.00493569243825015
new_more,10000,NL2 0AC,offwind-dc,0.47844899298531984,0.4688163998954863,0.009632593089833552
new_more,10000,NL2 0AC,offwind-dc,0.47258640755231635,0.45781760575987035,0.014768801792445996
new_more,10000,GB1 0AC,offwind-float,0.5098370793635318,0.39485533326378597,0.11498174609974587
new_more,10000,GB1 0AC,offwind-float,0.48557819435879557,0.3678425435053188,0.11773565085347676
new_more,10000,GB1 0AC,offwind-float,0.48059478880997003,0.3625036818957336,0.11809110691423641
new_more,10000,GB1 0AC,offwind-float,0.47470591026834225,0.3562579749602553,0.11844793530808695
new_more,10000,GB1 0AC,offwind-float,0.5072700096716946,0.38580167635770163,0.12146833331399293
new_more,10000,GB1 0AC,offwind-float,0.483160019772886,0.36001608259826356,0.12314393717462241
new_more,10000,GB1 0AC,offwind-float,0.47820143153420624,0.35484862775282017,0.12335280378138608
new_more,10000,GB1 0AC,offwind-float,0.47234187954923673,0.34882379403308056,0.12351808551615617
new_more,10000,GB1 0AC,offwind-float,0.5035792977223277,0.37267364059354313,0.13090565712878455
new_more,10000,GB1 0AC,offwind-float,0.47964472333423736,0.3481514193318433,0.13149330400239406
new_more,10000,GB1 0AC,offwind-float,0.4747222119787077,0.343233460343575,0.13148875163513268
new_more,10000,GB1 0AC,offwind-float,0.46890529196116487,0.3374767466683495,0.1314285452928154
new_more,10000,GB1 0AC,offwind-float,0.5094044241811373,0.3782946901900287,0.1311097339911086
new_more,10000,GB1 0AC,offwind-float,0.4851929878903059,0.35336179049646343,0.13183119739384247
new_more,10000,GB1 0AC,offwind-float,0.48021353564925817,0.34836426336158577,0.1318492722876724
new_more,10000,GB1 0AC,offwind-float,0.4743293287220743,0.34260553978737845,0.13172378893469583
new_more,10000,GB1 0AC,offwind-float,0.5055891695692284,0.3752810601363225,0.13030810943290588
new_more,10000,GB1 0AC,offwind-float,0.4815590681659336,0.35061471116752047,0.13094435699841311
new_more,10000,GB1 0AC,offwind-float,0.47661691021842884,0.34566936799313586,0.13094754222529298
new_more,10000,GB1 0AC,offwind-float,0.4707767738696511,0.33992421145261076,0.13085256241704035
new_more,10000,GB4 0AC,offwind-float,0.5213940702310181,0.4133653566592386,0.10802871357177951
new_more,10000,GB4 0AC,offwind-float,0.4966127791495596,0.3849137128567803,0.11169906629277931
new_more,10000,GB4 0AC,offwind-float,0.4915161275536213,0.3792157817819008,0.11230034577172049
new_more,10000,GB4 0AC,offwind-float,0.4854934264261669,0.3725753837520005,0.11291804267416639
new_more,10000,NO0 0AC,offwind-float,0.5072410612461516,0.4904938190834507,0.01674724216270096
new_more,10000,NO0 0AC,offwind-float,0.4831052758419731,0.44977419170403926,0.03333108413793384
new_more,10000,NO0 0AC,offwind-float,0.4781199133791428,0.44176242027545026,0.03635749310369252
new_more,10000,NO0 0AC,offwind-float,0.4722613602616708,0.432652656905546,0.03960870335612482
new_more,10000,NL2 0AC,offwind-dc,0.5143887454626134,0.5141893244056703,0.0001994210569430388
new_more,10000,NL2 0AC,offwind-dc,0.48994040982142095,0.486565610367742,0.003374799453678967
new_more,10000,NL2 0AC,offwind-dc,0.4849122356050684,0.47678410353166795,0.008128132073400463
new_more,10000,NL2 0AC,offwind-dc,0.47897045403498867,0.4655662385979818,0.013404215437006872
new_more,10000,NL2 0AC,offwind-dc,0.47223752147430065,0.4532936754349486,0.018943846039352064
new_more,10000,NL2 0AC,offwind-dc,0.5121028401879071,0.5119028533959223,0.0001999867919847409
new_more,10000,NL2 0AC,offwind-dc,0.48776315112946556,0.48481102504268775,0.0029521260867778065
new_more,10000,NL2 0AC,offwind-dc,0.4827301676999421,0.4750062064836689,0.0077239612162731675
new_more,10000,NL2 0AC,offwind-dc,0.4768151236916547,0.46376232464093226,0.01305279905072243
new_more,10000,NL2 0AC,offwind-dc,0.47011248881159684,0.45144408732660357,0.01866840148499327
new_more,10000,GB1 0AC,offwind-float,0.5115784408261865,0.39396919602567043,0.1176092448005161
new_more,10000,GB1 0AC,offwind-float,0.4872636758970507,0.36745113359265813,0.11981254230439259
new_more,10000,GB1 0AC,offwind-float,0.4822629725408941,0.36215182984629185,0.12011114269460227
new_more,10000,GB1 0AC,offwind-float,0.47635365322128614,0.35592968495955146,0.12042396826173468
new_more,10000,GB1 0AC,offwind-float,0.46965750527487854,0.34895724882264284,0.1207002564522357
new_more,10000,GB4 0AC,offwind-float,0.5251329281188563,0.41974088076523947,0.10539204735361679
new_more,10000,GB4 0AC,offwind-float,0.5001739332027727,0.3906828858851106,0.10949104731766213
new_more,10000,GB4 0AC,offwind-float,0.49504073409486804,0.3848908903732693,0.11014984372159875
new_more,10000,GB4 0AC,offwind-float,0.4889748448590285,0.37810218385950584,0.11087266099952264
new_more,10000,GB4 0AC,offwind-float,0.4820741619559016,0.37029184164045936,0.11178232031544222
new_more,10000,GB4 0AC,offwind-float,0.5124781310158059,0.40601407954321045,0.10646405147259541
new_more,10000,GB4 0AC,offwind-float,0.4880942572183667,0.37806189871445106,0.11003235850391563
new_more,10000,GB4 0AC,offwind-float,0.4830850297488675,0.37253160586354145,0.11055342388532607
new_more,10000,GB4 0AC,offwind-float,0.47716563750469854,0.3660451532722358,0.11112048423246274
new_more,10000,GB4 0AC,offwind-float,0.47045807541912127,0.35877811182801694,0.11167996359110433
new_more,10000,NO0 0AC,offwind-float,0.4959251765158578,0.47200353713692006,0.023921639378937765
new_more,10000,NO0 0AC,offwind-float,0.4723543941546047,0.43410865141795874,0.03824574273664594
new_more,10000,NO0 0AC,offwind-float,0.46750670219440343,0.42672177267181777,0.04078492952258567
new_more,10000,NO0 0AC,offwind-float,0.46177819607922715,0.41813764024084155,0.04364055583838561
new_more,10000,NO0 0AC,offwind-float,0.4552869366998532,0.4086009122537636,0.0466860244460896
new_more,10000,NO0 0AC,offwind-float,0.5128389362011377,0.5037637237891759,0.009075212411961853
new_more,10000,NO0 0AC,offwind-float,0.48843728777017076,0.46035267763104193,0.02808461013912883
new_more,10000,NO0 0AC,offwind-float,0.4834245398370775,0.45208145829991164,0.03134308153716586
new_more,10000,NO0 0AC,offwind-float,0.47750098746941233,0.44252631810739806,0.034974669362014266
new_more,10000,NO0 0AC,offwind-float,0.4707887113379526,0.43192803929590734,0.03886067204204524
new_more,10000,GB1 0AC,offwind-float,0.5131631686747403,0.3890491310941334,0.1241140375806069
new_more,10000,GB1 0AC,offwind-float,0.48877308336061726,0.36304578788060965,0.1257272954800076
new_more,10000,GB1 0AC,offwind-float,0.48375688921509497,0.35784927859755433,0.12590761061754063
new_more,10000,GB1 0AC,offwind-float,0.47782926446635926,0.3517578690727777,0.1260713953935816
new_more,10000,GB1 0AC,offwind-float,0.47111237371438786,0.3449278990939228,0.12618447462046506
new_more,10000,GB1 0AC,offwind-float,0.46421247033859553,0.33797697258552983,0.1262354977530657
new_more,10000,GB1 0AC,offwind-float,0.5073956426392701,0.38725819137872064,0.12013745126054942
new_more,10000,GB1 0AC,offwind-float,0.483279681542635,0.3614113873258028,0.12186829421683221
new_more,10000,GB1 0AC,offwind-float,0.4783198652357795,0.3562442688596343,0.12207559637614523
new_more,10000,GB1 0AC,offwind-float,0.47245886204555326,0.3501821076883153,0.12227675435723795
new_more,10000,GB1 0AC,offwind-float,0.46581746354371645,0.3433813505194491,0.12243611302426732
new_more,10000,GB1 0AC,offwind-float,0.45899510932731696,0.33653873265683387,0.12245637667048309
new_more,10000,GB1 0AC,offwind-float,0.5080529783447407,0.3810681359295484,0.1269848424151923
new_more,10000,GB1 0AC,offwind-float,0.48390577479947483,0.3558284819644262,0.12807729283504865
new_more,10000,GB1 0AC,offwind-float,0.4789395330051357,0.35078096619849347,0.12815856680664223
new_more,10000,GB1 0AC,offwind-float,0.47307093683155876,0.34486427844685874,0.12820665838470002
new_more,10000,GB1 0AC,offwind-float,0.4664209343370923,0.3382153570431299,0.12820557729396242
new_more,10000,GB1 0AC,offwind-float,0.4595897416982766,0.33147463474455796,0.12811510695371864
new_more,10000,GB1 0AC,offwind-float,0.4982570170019713,0.3752966070509644,0.12296040995100688
new_more,10000,GB1 0AC,offwind-float,0.4745754048075053,0.35054245556338354,0.12403294924412178
new_more,10000,GB1 0AC,offwind-float,0.4697049189967147,0.34559412733203987,0.12411079166467481
new_more,10000,GB1 0AC,offwind-float,0.4639494774422485,0.339780659864944,0.12416881757730452
new_more,10000,GB1 0AC,offwind-float,0.4574276961572658,0.3332392370873601,0.12418845906990572
new_more,10000,GB1 0AC,offwind-float,0.4507010269911693,0.32645331764054597,0.12424770935062335
new_more,10000,GB1 0AC,offwind-float,0.5028580791150666,0.37488497008427685,0.1279731090307898
new_more,10000,GB1 0AC,offwind-float,0.4789577834602039,0.35019777959125103,0.12876000386895287
new_more,10000,GB1 0AC,offwind-float,0.4740423220505321,0.3452602002808127,0.12878212176971937
new_more,10000,GB1 0AC,offwind-float,0.4682337329373227,0.33946102028879244,0.12877271264853024
new_more,10000,GB1 0AC,offwind-float,0.46165172747133226,0.33295121128277355,0.1287005161885587
new_more,10000,GB1 0AC,offwind-float,0.45489038455073444,0.32632581354993473,0.1285645710007997
new_more,10000,GB4 0AC,offwind-float,0.5268730109208676,0.44918671799640153,0.07768629292446605
new_more,10000,GB4 0AC,offwind-float,0.5018049625394796,0.3881826744810659,0.11362228805841368
new_more,10000,GB4 0AC,offwind-float,0.49665502445782916,0.38318913561718426,0.1134658888406449
new_more,10000,GB4 0AC,offwind-float,0.4905693548163344,0.37561032025639535,0.11495903455993906
new_more,10000,GB4 0AC,offwind-float,0.4836461421203747,0.3678769018870453,0.1157692402333294
new_more,10000,GB4 0AC,offwind-float,0.47656266939730746,0.3603064856892456,0.11625618370806184
new_more,10000,GB4 0AC,offwind-float,0.5067647009023288,0.3910807480738134,0.11568395282851546
new_more,10000,GB4 0AC,offwind-float,0.48265171447946725,0.3646187836153833,0.11803293086408395
new_more,10000,GB4 0AC,offwind-float,0.4776712157713894,0.3591058827046482,0.11856533306674116
new_more,10000,GB4 0AC,offwind-float,0.4718181606863046,0.35294077739394236,0.11887738329236225
new_more,10000,GB4 0AC,offwind-float,0.4651857685835202,0.346028612425149,0.11915715615837119
new_more,10000,GB4 0AC,offwind-float,0.4583726661601779,0.33912705729256937,0.11924560886760854
new_more,10000,GB4 0AC,offwind-float,0.5182963519029403,0.4070070175541683,0.11128933434877203
new_more,10000,GB4 0AC,offwind-float,0.4936354189570801,0.37900260744649406,0.11463281151058602
new_more,10000,GB4 0AC,offwind-float,0.4885693234970565,0.3734629744596991,0.11510634903735739
new_more,10000,GB4 0AC,offwind-float,0.482582730483088,0.3669567040179094,0.11562602646517856
new_more,10000,GB4 0AC,offwind-float,0.47579901981383244,0.35966575171373044,0.116133268100102
new_more,10000,GB4 0AC,offwind-float,0.46883047590332494,0.3523474853329977,0.11648299057032724
new_more,10000,GB4 0AC,offwind-float,0.4979883849479733,0.3861090883385683,0.11187929660940504
new_more,10000,GB4 0AC,offwind-float,0.4742930670969981,0.3599897063703403,0.11430336072665781
new_more,10000,GB4 0AC,offwind-float,0.4694254788696029,0.3548145515108483,0.11461092735875461
new_more,10000,GB4 0AC,offwind-float,0.46367346138257687,0.3487407514793138,0.11493270990326304
new_more,10000,GB4 0AC,offwind-float,0.4571555600812127,0.3419336410361847,0.11522191904502804
new_more,10000,GB4 0AC,offwind-float,0.45046006794756954,0.3350547694299357,0.11540529851763387
new_more,10000,NO0 0AC,offwind-float,0.49672844695880486,0.4729532135662084,0.023775233392596462
new_more,10000,NO0 0AC,offwind-float,0.47311948603012965,0.43500146869935097,0.038118017330778686
new_more,10000,NO0 0AC,offwind-float,0.46826394206351185,0.427602452154945,0.04066148990856683
new_more,10000,NO0 0AC,offwind-float,0.4625261572509383,0.4190046803096868,0.043521476941251525
new_more,10000,NO0 0AC,offwind-float,0.4560243837112759,0.40944195429627256,0.046582429415003346
new_more,10000,NO0 0AC,offwind-float,0.44934545876645876,0.39975159398242754,0.049593864784031216
new_more,10000,NO0 0AC,offwind-float,0.48983418735958445,0.4622523764488577,0.027581810910726756
new_more,10000,NO0 0AC,offwind-float,0.4665264780336021,0.42583962933254,0.040686848701062095
new_more,10000,NO0 0AC,offwind-float,0.4617385969748641,0.4187362954631531,0.04300230151171097
new_more,10000,NO0 0AC,offwind-float,0.456080769260378,0.41046518994358294,0.04561557931679505
new_more,10000,NO0 0AC,offwind-float,0.4496695991437501,0.4012558278222544,0.04841377132149571
new_more,10000,NO0 0AC,offwind-float,0.44308374625973274,0.3919756887301009,0.05110805752963182
new_more,10000,NO0 0AC,offwind-float,0.47721378120622665,0.4421094569037838,0.03510432430244287
new_more,10000,NO0 0AC,offwind-float,0.45453233104144974,0.4082970336823428,0.04623529735910692
new_more,10000,NO0 0AC,offwind-float,0.44986754385177047,0.4016266678472863,0.04824087600448418
new_more,10000,NO0 0AC,offwind-float,0.44435517587099516,0.3938441413054677,0.05051103456552747
new_more,10000,NO0 0AC,offwind-float,0.438108833519545,0.385166928902432,0.05294190461711301
new_more,10000,NO0 0AC,offwind-float,0.43169229940151194,0.37633852330162193,0.055353776099890006
new_more,10000,NO0 0AC,offwind-float,0.5007166990466134,0.48266941148562514,0.01804728756098828
new_more,10000,NO0 0AC,offwind-float,0.4768917506103416,0.4426685970655792,0.03422315354476241
new_more,10000,NO0 0AC,offwind-float,0.47199749254070383,0.43496370519308614,0.0370337873476177
new_more,10000,NO0 0AC,offwind-float,0.46621395936422544,0.4260349462071533,0.04017901315707212
new_more,10000,NO0 0AC,offwind-float,0.45966034604464195,0.4161330596363915,0.04352728640825043
new_more,10000,NO0 0AC,offwind-float,0.452928168860703,0.4061584160761493,0.0467697527845537
base,100000,GB4 0AC,offwind-ac,0.6001356384502733,0.5214837848535191,0.0786518535967542
base,100000,BE2 0AC,offwind-dc,0.5939391097793998,0.5939391097793999,0.0
base,100000,DE2 0AC,offwind-dc,0.5837756364761651,0.5837756364761651,0.0
base,100000,DK2 0AC,offwind-dc,0.5955822395005184,0.5953800174224453,0.00020222207807307768
base,100000,FR2 0AC,offwind-dc,0.5827041988924787,0.5827041988924783,4.440892098500626e-16
base,100000,NL2 0AC,offwind-dc,0.5788807977196908,0.5788643197783944,1.647794129644442e-05
base,100000,GB1 0AC,offwind-float,0.5695249119860709,0.5598767627287954,0.009648149257275529
base,100000,GB1 0AC,offwind-float,0.5680320167906227,0.5396519715266738,0.028380045263948883
base,100000,GB4 0AC,offwind-float,0.5767033523617913,0.5052362080452637,0.07146714431652756
base,100000,GB4 0AC,offwind-float,0.5929567089378681,0.4863582808865987,0.1065984280512694
base,100000,NL2 0AC,offwind-float,0.4527517026321004,0.32205628621130533,0.13069541642079507
base,100000,NO0 0AC,offwind-float,0.5595321742917974,0.5310403040317583,0.028491870260039076
base,100000,NO0 0AC,offwind-float,0.5933398392603642,0.593339839260364,1.1102230246251565e-16
base,100000,NO0 0AC,offwind-float,0.23764777128006945,0.1665181469289526,0.07112962435111686
base,100000,NO0 0AC,offwind-float,0.1835304253809947,0.12196565328328111,0.06156477209771359
base,100000,NO0 0AC,offwind-float,0.12278342403058955,0.07654376231268183,0.04623966171790772
base,100000,NO0 0AC,offwind-float,0.08565656949570781,0.050696069365027074,0.034960500130680736
base,100000,NO0 0AC,offwind-float,0.03148396760557181,0.01667047459979951,0.0148134930057723
standard,100000,BE2 0AC,offwind-dc,0.525907160190991,0.5259071601909909,1.1102230246251565e-16
standard,100000,DE2 0AC,offwind-dc,0.5169333260996443,0.5169333260996443,0.0
standard,100000,DK2 0AC,offwind-dc,0.527388073077709,0.52654988761634,0.0008381854613689343
standard,100000,FR2 0AC,offwind-dc,0.5159845681192898,0.515984568119289,7.771561172376096e-16
standard,100000,NL2 0AC,offwind-dc,0.5125989463807861,0.5125875782474886,1.1368133297495753e-05
standard,100000,GB4 0AC,offwind-ac,0.5313939935513334,0.4937633526723671,0.03763064087896634
standard,100000,GB1 0AC,offwind-float,0.5043143095636657,0.5010575106639052,0.0032567988997604935
standard,100000,GB1 0AC,offwind-float,0.5029923508680963,0.48777979808362865,0.015212552784467703
standard,100000,GB4 0AC,offwind-float,0.5106708185163662,0.4731427827250985,0.03752803579126768
standard,100000,GB4 0AC,offwind-float,0.5250631657644822,0.46355677497184905,0.06150639079263315
standard,100000,NL2 0AC,offwind-float,0.4009116326807249,0.29106406109436195,0.10984757158636294
standard,100000,NO0 0AC,offwind-float,0.4954657403353866,0.46282306338220375,0.03264267695318285
standard,100000,NO0 0AC,offwind-float,0.5254024276650524,0.5254024276650524,0.0
standard,100000,NO0 0AC,offwind-float,0.21025831296442152,0.14807627650536,0.06218203645906151
standard,100000,NO0 0AC,offwind-float,0.1624123206735578,0.10853104317384712,0.05388127749971067
standard,100000,NO0 0AC,offwind-float,0.10859528864563397,0.06837147650092745,0.04022381214470652
standard,100000,NO0 0AC,offwind-float,0.07561296925319073,0.044684821731472694,0.03092814752171804
standard,100000,NO0 0AC,offwind-float,0.02774963292436574,0.014892275096423956,0.012857357827941784
glaum,100000,GB4 0AC,offwind-float,0.5372187782977086,0.4439939049723776,0.09322487332533097
glaum,100000,NL2 0AC,offwind-float,0.4101930425846829,0.3168310207432291,0.09336202184145381
glaum,100000,NO0 0AC,offwind-float,0.21512595318550637,0.1500608343312271,0.06506511885427926
glaum,100000,NO0 0AC,offwind-float,0.1661722897010089,0.1098829913458614,0.056289298355147496
glaum,100000,NO0 0AC,offwind-float,0.11113728789109796,0.07018044159213137,0.04095684629896659
glaum,100000,NO0 0AC,offwind-float,0.07741876913508446,0.04594221005147387,0.031476559083610585
glaum,100000,NO0 0AC,offwind-float,0.028447261894709978,0.015112939102206298,0.01333432279250368
glaum,100000,GB4 0AC,offwind-ac,0.5436961695736965,0.4839397566396516,0.05975641293404488
glaum,100000,BE2 0AC,offwind-dc,0.5380823118385522,0.538081977254073,3.3458447912249056e-07
glaum,100000,FR2 0AC,offwind-dc,0.5279300041965856,0.5279286844377196,1.3197588660807114e-06
glaum,100000,GB1 0AC,offwind-float,0.5159895702593802,0.513774457706098,0.002215112553282217
glaum,100000,GB1 0AC,offwind-float,0.44995673378666246,0.4492938156588465,0.0006629181278159368
glaum,100000,GB1 0AC,offwind-float,0.38739993302253817,0.38689580219192027,0.0005041308306178993
glaum,100000,GB1 0AC,offwind-float,0.5146370072123042,0.5124161516189805,0.002220855593323745
glaum,100000,GB1 0AC,offwind-float,0.44877726256092254,0.4481119547108247,0.0006653078500978293
glaum,100000,GB1 0AC,offwind-float,0.3863844418885165,0.3705235549684991,0.015860886920017414
glaum,100000,GB4 0AC,offwind-float,0.5224932372397829,0.5030924227962051,0.019400814443577774
glaum,100000,GB4 0AC,offwind-float,0.4556030957662445,0.3638258334871599,0.09177726227908461
glaum,100000,GB4 0AC,offwind-float,0.3922612898785692,0.2707221241517407,0.12153916572682849
glaum,100000,NO0 0AC,offwind-float,0.5069361499083683,0.5069359053032275,2.446051408089289e-07
glaum,100000,NO0 0AC,offwind-float,0.4420619086089148,0.3981214846133499,0.043940423995564915
glaum,100000,NO0 0AC,offwind-float,0.38060271338911844,0.31357524153548744,0.067027471853631
glaum,100000,NO0 0AC,offwind-float,0.5375658943698901,0.5375657737069061,1.2066298404889153e-07
glaum,100000,NO0 0AC,offwind-float,0.4687457670305682,0.438186848857663,0.03055891817290518
glaum,100000,NO0 0AC,offwind-float,0.4035506974483806,0.34497760802665234,0.058573089421728286
glaum,100000,DE2 0AC,offwind-dc,0.5289007266474056,0.5289005932545524,1.3339285320768113e-07
glaum,100000,DE2 0AC,offwind-dc,0.46121560817601187,0.461215573537801,3.4638210855142404e-08
glaum,100000,DE2 0AC,offwind-dc,0.3970696555197522,0.39706963018674535,2.5333006858918594e-08
glaum,100000,DK2 0AC,offwind-dc,0.5395975089874696,0.5378940915194951,0.0017034174679745329
glaum,100000,DK2 0AC,offwind-dc,0.4705434890503144,0.46984004299983606,0.0007034460504783402
glaum,100000,DK2 0AC,offwind-dc,0.40509968775869726,0.35150284887148714,0.05359683888721012
glaum,100000,NL2 0AC,offwind-dc,0.5244660027340398,0.52435522628718,0.00011077644685975052
glaum,100000,NL2 0AC,offwind-dc,0.45734841007295596,0.45731966287928105,2.874719367490508e-05
glaum,100000,NL2 0AC,offwind-dc,0.39376395579009627,0.39372815440075265,3.5801389343614876e-05
new_more,100000,NL2 0AC,offwind-float,0.4022935387519484,0.2839510740028839,0.11834246474906451
new_more,100000,NO0 0AC,offwind-float,0.5272134422264686,0.527213442226453,1.554312234475219e-14
new_more,100000,NO0 0AC,offwind-float,0.5021555627456317,0.5021555627456239,7.771561172376096e-15
new_more,100000,NO0 0AC,offwind-float,0.2109830543176916,0.14922391861714188,0.06175913570054972
new_more,100000,NO0 0AC,offwind-float,0.20090082462837341,0.14009075243983718,0.060810072188536235
new_more,100000,NO0 0AC,offwind-float,0.1629721412267295,0.10942161384362377,0.05355052738310574
new_more,100000,NO0 0AC,offwind-float,0.15522625323049907,0.10305597379600343,0.05217027943449565
new_more,100000,NO0 0AC,offwind-float,0.10899700431601946,0.06829609624980353,0.04070090806621593
new_more,100000,NO0 0AC,offwind-float,0.10376369872338344,0.06437424645394678,0.03938945226943666
new_more,100000,NO0 0AC,offwind-float,0.07587360030691083,0.04503811462373224,0.030835485683178593
new_more,100000,NO0 0AC,offwind-float,0.0722134982036613,0.04252114335705365,0.02969235484660765
new_more,100000,NO0 0AC,offwind-float,0.027845283394660136,0.01478191453188511,0.013063368862775026
new_more,100000,NO0 0AC,offwind-float,0.026361896335595998,0.013932338346899987,0.012429557988696011
new_more,100000,BE2 0AC,offwind-dc,0.5277199145196902,0.5277199145195568,1.3344880755994382e-13
new_more,100000,BE2 0AC,offwind-dc,0.5026379629635467,0.5026379629635277,1.8984813721090177e-14
new_more,100000,FR2 0AC,offwind-dc,0.5177631201722045,0.5177631201717912,4.133360320679458e-13
new_more,100000,FR2 0AC,offwind-dc,0.49315440418403345,0.4931544041838842,1.492694856608523e-13
new_more,100000,GB4 0AC,offwind-ac,0.5332256604974634,0.4700650110199763,0.06316064947748717
new_more,100000,GB4 0AC,offwind-ac,0.5078820268442541,0.4659239530825961,0.041958073761658
new_more,100000,GB4 0AC,offwind-ac,0.5026697208961531,0.4573511889517738,0.04531853194437935
new_more,100000,GB1 0AC,offwind-float,0.5047261199253719,0.4966668597250786,0.008059260200293239
new_more,100000,GB1 0AC,offwind-float,0.4807370383296722,0.44556479136214366,0.03517224696752852
new_more,100000,GB1 0AC,offwind-float,0.4758033167330886,0.4375492666433695,0.038254050089719105
new_more,100000,DE2 0AC,offwind-dc,0.51871514843535,0.518715148435339,1.1102230246251565e-14
new_more,100000,DE2 0AC,offwind-dc,0.494061183582925,0.49406118358292433,6.661338147750939e-16
new_more,100000,DE2 0AC,offwind-dc,0.4889907185737256,0.4840062963102391,0.004984422263486499
new_more,100000,DK2 0AC,offwind-dc,0.5292059319789432,0.5265491641740354,0.002656767804907756
new_more,100000,DK2 0AC,offwind-dc,0.504053351634878,0.5032133335798631,0.0008400180550148795
new_more,100000,DK2 0AC,offwind-dc,0.49888033872238857,0.4762836519352599,0.022596686787128673
new_more,100000,NL2 0AC,offwind-dc,0.5143658285023396,0.5142345106278855,0.00013131787445408438
new_more,100000,NL2 0AC,offwind-dc,0.4899185820792563,0.48990132914753637,1.7252931719946574e-05
new_more,100000,NL2 0AC,offwind-dc,0.4848906318772698,0.4766384543066595,0.008252177570610253
new_more,100000,NL2 0AC,offwind-dc,0.4789491150244363,0.46539321746673773,0.013555897557698593
new_more,100000,GB1 0AC,offwind-float,0.506052635292782,0.4976737439109695,0.00837889138181247
new_more,100000,GB1 0AC,offwind-float,0.4820005058694973,0.4800928978879821,0.0019076079815151803
new_more,100000,GB1 0AC,offwind-float,0.477053817522714,0.43982328284454186,0.03723053467817211
new_more,100000,GB1 0AC,offwind-float,0.4712083276118319,0.4304635776278453,0.04074474998398658
new_more,100000,GB1 0AC,offwind-float,0.4645845079897279,0.42010247110260307,0.04448203688712482
new_more,100000,GB4 0AC,offwind-float,0.5124310545558788,0.4913408135639553,0.02109024099192347
new_more,100000,GB4 0AC,offwind-float,0.48804897481356063,0.4121752338695165,0.07587374094404414
new_more,100000,GB4 0AC,offwind-float,0.48304021206959913,0.4055989206268032,0.07744129144279593
new_more,100000,GB4 0AC,offwind-float,0.47712136899049784,0.3979402681519171,0.07918110083858076
new_more,100000,GB4 0AC,offwind-float,0.4704144291915734,0.38940071178014757,0.08101371741142582
new_more,100000,NO0 0AC,offwind-float,0.49717356584814226,0.4929525179835955,0.004221047864546745
new_more,100000,NO0 0AC,offwind-float,0.4735434489044829,0.45026898662453363,0.023274462279949282
new_more,100000,NO0 0AC,offwind-float,0.4686835538797552,0.44211405609894894,0.02656949778080625
new_more,100000,NO0 0AC,offwind-float,0.4629406274321118,0.43269339471813656,0.030247232713975225
new_more,100000,NO0 0AC,offwind-float,0.4564330276462693,0.42227689128882717,0.034156136357442135
new_more,100000,GB4 0AC,offwind-float,0.5268730109208676,0.46097739781272046,0.06589561310814712
new_more,100000,GB4 0AC,offwind-float,0.5018049625394796,0.43870638957771746,0.06309857296176213
new_more,100000,GB4 0AC,offwind-float,0.49665502445782916,0.4267184072187578,0.06993661723907135
new_more,100000,GB4 0AC,offwind-float,0.4905693548163344,0.41467080728516353,0.07589854753117087
new_more,100000,GB4 0AC,offwind-float,0.4836461421203747,0.405567785295451,0.0780783568249237
new_more,100000,GB4 0AC,offwind-float,0.47656266939730746,0.39651625452773237,0.08004641486957509
