scenario,split,region,tech,available_cf,dispatch_cf,curtailment_cf
base,1000,BE2 0AC,offwind-ac,0.5653459630680616,0.4933658596861586,0.07198010338190303
base,1000,BE2 0AC,offwind-ac,0.559247683762009,0.461048642050209,0.09819904171179994
base,1000,DE2 0AC,offwind-ac,0.5859192962606986,0.5539901996973736,0.03192909656332499
base,1000,DE2 0AC,offwind-ac,0.5140499122331237,0.42377702632056613,0.09027288591255755
base,1000,DE2 0AC,offwind-ac,0.5456704752223352,0.47968588680431434,0.0659845884180209
base,1000,DE2 0AC,offwind-ac,0.5708924391167546,0.5381101191721843,0.03278231994457026
base,1000,DE2 0AC,offwind-ac,0.5533558145105723,0.5024726809361683,0.050883133574403994
base,1000,DE2 0AC,offwind-ac,0.5179410318659354,0.43011683120309585,0.08782420066283958
base,1000,DE2 0AC,offwind-ac,0.4336388821903812,0.33000883667198844,0.10363004551839278
base,1000,DE2 0AC,offwind-ac,0.5245364832059656,0.4419887577385931,0.08254772546737249
base,1000,DK2 0AC,offwind-ac,0.5654687031801501,0.41847211639728904,0.14699658678286104
base,1000,DK2 0AC,offwind-ac,0.583110996732168,0.44595843855903106,0.13715255817313698
base,1000,DK2 0AC,offwind-ac,0.589025367802504,0.4605431396400615,0.12848222816244254
base,1000,DK2 0AC,offwind-ac,0.5660664267369808,0.4390178164115275,0.12704861032545334
base,1000,DK2 0AC,offwind-ac,0.5591336307661723,0.43215986662482353,0.12697376414134875
base,1000,DK2 0AC,offwind-ac,0.5768883016912545,0.44130238732099314,0.13558591437026135
base,1000,DK2 0AC,offwind-ac,0.5156049422771894,0.37173932436648127,0.14386561791070818
base,1000,DK2 0AC,offwind-ac,0.5711108708576357,0.4335262074357647,0.13758466342187098
base,1000,DK2 0AC,offwind-ac,0.510357511199973,0.36512594707592433,0.14523156412404864
base,1000,DK2 0AC,offwind-ac,0.5687235839349314,0.42573354596923874,0.14299003796569265
base,1000,DK2 0AC,offwind-ac,0.472485427692225,0.3206804259535881,0.15180500173863692
base,1000,DK2 0AC,offwind-ac,0.5567564046246687,0.42674492016023563,0.13001148446443306
base,1000,DK2 0AC,offwind-ac,0.5606789237823334,0.4353139784840619,0.12536494529827152
base,1000,DK2 0AC,offwind-ac,0.5085285788574401,0.36283169383718744,0.14569688502025263
base,1000,DK2 0AC,offwind-ac,0.5637147872630014,0.4390383002543585,0.12467648700864287
base,1000,DK2 0AC,offwind-ac,0.5670348402636508,0.4509424284989886,0.11609241176466223
base,1000,DK2 0AC,offwind-ac,0.5162291784560787,0.3824828199597439,0.13374635849633482
base,1000,GB1 0AC,offwind-ac,0.3624975739072199,0.2497694808700275,0.11272809303719242
base,1000,GB1 0AC,offwind-ac,0.39263981130818415,0.2571667935272555,0.13547301778092863
base,1000,GB1 0AC,offwind-ac,0.4511855532921738,0.33871507638306647,0.11247047690910733
base,1000,GB1 0AC,offwind-ac,0.5366986933796255,0.48049559294197913,0.05620310043764637
base,1000,GB1 0AC,offwind-ac,0.45283754718472097,0.31444781814229017,0.1383897290424308
base,1000,GB1 0AC,offwind-ac,0.4845248591108663,0.36446277174781794,0.12006208736304835
base,1000,GB1 0AC,offwind-ac,0.43053613763718673,0.29947042068749646,0.13106571694969027
base,1000,GB1 0AC,offwind-ac,0.4894270655509872,0.3622907903119485,0.1271362752390387
base,1000,GB1 0AC,offwind-ac,0.4720335650277757,0.35633222271018045,0.11570134231759527
base,1000,GB1 0AC,offwind-ac,0.4462019607837784,0.3040124927317497,0.1421894680520287
base,1000,GB1 0AC,offwind-ac,0.4986105900197557,0.35680739928650634,0.14180319073324937
base,1000,GB1 0AC,offwind-ac,0.5113309174469743,0.3577031089453844,0.15362780850158997
base,1000,GB1 0AC,offwind-ac,0.5203761656736913,0.3715836870469515,0.14879247862673978
base,1000,GB1 0AC,offwind-ac,0.5089325418953203,0.3653190035866233,0.14361353830869705
base,1000,GB1 0AC,offwind-ac,0.46618338765391776,0.3224848637721934,0.14369852388172438
base,1000,GB1 0AC,offwind-ac,0.5207033782038548,0.3759475385911919,0.14475583961266292
base,1000,GB1 0AC,offwind-ac,0.4714116183551392,0.32767344023400663,0.14373817812113254
base,1000,GB1 0AC,offwind-ac,0.41940501221936816,0.27287384624895594,0.1465311659704122
base,1000,GB1 0AC,offwind-ac,0.5186241090975278,0.3658835823887694,0.15274052670875837
base,1000,GB1 0AC,offwind-ac,0.5352384514833884,0.384116277144382,0.15112217433900643
base,1000,GB1 0AC,offwind-ac,0.5545318244095849,0.41468460521564654,0.1398472191939384
base,1000,GB1 0AC,offwind-ac,0.5093906461935087,0.36095894186396876,0.14843170432953995
base,1000,GB1 0AC,offwind-ac,0.5485640999600077,0.4027547250101594,0.14580937494984825
base,1000,GB1 0AC,offwind-ac,0.5559717100905737,0.4189848570831219,0.13698685300745178
base,1000,GB1 0AC,offwind-ac,0.5281967352006948,0.37712704176931244,0.15106969343138232
base,1000,GB1 0AC,offwind-ac,0.529185397673725,0.37964325133293075,0.1495421463407942
base,1000,GB1 0AC,offwind-ac,0.5680570132856565,0.4309617188394682,0.1370952944461883
base,1000,GB1 0AC,offwind-ac,0.551535597153225,0.40663173899854926,0.1449038581546757
base,1000,GB1 0AC,offwind-ac,0.5794872884871209,0.44699402342791017,0.13249326505921077
base,1000,GB1 0AC,offwind-ac,0.5679090059602582,0.4322445727919234,0.13566443316833476
base,1000,GB1 0AC,offwind-ac,0.5736342457974096,0.44129255020526614,0.13234169559214348
base,1000,GB1 0AC,offwind-ac,0.5800055627101494,0.44882788442938204,0.13117767828076732
base,1000,GB4 0AC,offwind-ac,0.5715988539724701,0.46836957906876736,0.10322927490370276
base,1000,GB4 0AC,offwind-ac,0.57159885397247,0.46862673563204577,0.10297211834042425
base,1000,GB4 0AC,offwind-ac,0.5974424106281204,0.5162992239789302,0.08114318664919018
base,1000,GB4 0AC,offwind-ac,0.6001263368277429,0.5008697221140509,0.09925661471369196
base,1000,GB4 0AC,offwind-ac,0.5974424106281204,0.5177459444299051,0.07969646619821535
base,1000,NL2 0AC,offwind-ac,0.5624630042225025,0.45424046483106734,0.10822253939143517
base,1000,NL2 0AC,offwind-ac,0.433143706120761,0.3107099545640914,0.12243375155666958
base,1000,NL2 0AC,offwind-ac,0.5695356504136614,0.4629184917731772,0.10661715864048421
base,1000,NL2 0AC,offwind-ac,0.5715407412006774,0.46927916044193074,0.1022615807587467
base,1000,NL2 0AC,offwind-ac,0.5724192493448544,0.4707980543048372,0.10162119504001726
base,1000,NL2 0AC,offwind-ac,0.5461681757276677,0.4250530133138276,0.12111516241384013
base,1000,NL2 0AC,offwind-ac,0.5729319913852201,0.4812403242805221,0.091691667104698
base,1000,NL2 0AC,offwind-ac,0.5454794332210933,0.423690928739526,0.12178850448156725
base,1000,NL2 0AC,offwind-ac,0.5458935019593171,0.4365695968162522,0.10932390514306489
base,1000,NL2 0AC,offwind-ac,0.5677962114214707,0.46156360832393234,0.1062326030975384
base,1000,NL2 0AC,offwind-ac,0.5574378609671113,0.45489388443992707,0.10254397652718428
base,1000,NL2 0AC,offwind-ac,0.45268663068903936,0.32622664758453096,0.1264599831045084
base,1000,NL2 0AC,offwind-ac,0.5706818942508043,0.4785060681402517,0.09217582611055258
base,1000,NL2 0AC,offwind-ac,0.5740870399130423,0.49257483426800325,0.08151220564503908
base,1000,NO0 0AC,offwind-ac,0.34075212929135124,0.25899834875866534,0.0817537805326859
base,1000,NO0 0AC,offwind-ac,0.31817422008715296,0.23153066679782972,0.08664355328932324
base,1000,NO0 0AC,offwind-ac,0.3144559716664231,0.22610840137477614,0.08834757029164694
base,1000,NO0 0AC,offwind-ac,0.31817422008715296,0.2313969919624105,0.08677722812474245
base,1000,NO0 0AC,offwind-ac,0.4621057470412015,0.3639936948760337,0.09811205216516777
base,1000,NO0 0AC,offwind-ac,0.4349845887862846,0.33529757089617523,0.09968701789010936
base,1000,NO0 0AC,offwind-ac,0.2900715921162767,0.19681644140310006,0.09325515071317664
base,1000,NO0 0AC,offwind-ac,0.35666934295936353,0.2632488244013541,0.09342051855800942
base,1000,NO0 0AC,offwind-ac,0.2595487725579186,0.1742293982506205,0.08531937430729808
base,1000,NO0 0AC,offwind-ac,0.4105802253616839,0.31922153177234874,0.09135869358933518
base,1000,NO0 0AC,offwind-ac,0.3845179777652159,0.2925822238200837,0.0919357539451322
base,1000,NO0 0AC,offwind-ac,0.3537139589407681,0.25958537918815217,0.09412857975261596
base,1000,BE2 0AC,offwind-dc,0.5955488012254254,0.5809819294318717,0.01456687179355376
base,1000,BE2 0AC,offwind-dc,0.5933939846571576,0.5075782869643736,0.08581569769278408
base,1000,DE2 0AC,offwind-dc,0.5722191564039367,0.5644433089488522,0.007775847455084528
base,1000,DE2 0AC,offwind-dc,0.5810430788531005,0.572013833908561,0.009029244944539494
base,1000,DE2 0AC,offwind-dc,0.573374786150878,0.5589163017970081,0.014458484353869872
base,1000,DE2 0AC,offwind-dc,0.5850728516361376,0.5754410049750115,0.009631846661126153
base,1000,DE2 0AC,offwind-dc,0.5769187155710038,0.5639431171265652,0.01297559844443863
base,1000,DE2 0AC,offwind-dc,0.5786188126945155,0.5707366568186805,0.007882155875835073
base,1000,DE2 0AC,offwind-dc,0.5820216357692428,0.5745896236257706,0.007432012143472222
base,1000,DE2 0AC,offwind-dc,0.5798148269199155,0.5721728674815465,0.007641959438368984
base,1000,DE2 0AC,offwind-dc,0.5814458102389004,0.5724569096531216,0.008988900585778836
base,1000,DE2 0AC,offwind-dc,0.5820336100913186,0.5716699901078647,0.01036361998345392
base,1000,DE2 0AC,offwind-dc,0.5858186102128459,0.5788733444230519,0.006945265789793931
base,1000,DE2 0AC,offwind-dc,0.5844496455950542,0.5757738517270067,0.00867579386804751
base,1000,DE2 0AC,offwind-dc,0.5874346583752407,0.5799492381603573,0.007485420214883409
base,1000,DE2 0AC,offwind-dc,0.5847858076078272,0.5759177083327663,0.008868099275060826
base,1000,DE2 0AC,offwind-dc,0.5845286219432341,0.577950987718494,0.006577634224740114
base,1000,DE2 0AC,offwind-dc,0.587402743147438,0.5808883905370934,0.006514352610344609
base,1000,DE2 0AC,offwind-dc,0.5859242763263022,0.5789440906203973,0.006980185705904862
base,1000,DE2 0AC,offwind-dc,0.5880391958887125,0.5793084959054291,0.008730699983283352
base,1000,DE2 0AC,offwind-dc,0.587351343418539,0.578200266561084,0.009151076857454976
base,1000,DE2 0AC,offwind-dc,0.5728227481448831,0.5074982343941524,0.06532451375073067
base,1000,DE2 0AC,offwind-dc,0.5871729992943144,0.5758722730452056,0.011300726249108828
base,1000,DE2 0AC,offwind-dc,0.5855136539366315,0.5790514971448775,0.006462156791753992
base,1000,DE2 0AC,offwind-dc,0.5862575991314666,0.5793480570609804,0.006909542070486219
base,1000,DE2 0AC,offwind-dc,0.5869760868908882,0.5744040835950497,0.012572003295838519
base,1000,DE2 0AC,offwind-dc,0.58232887132851,0.5713357926451333,0.010993078683376623
base,1000,DE2 0AC,offwind-dc,0.5872692927080558,0.5683935724095509,0.018875720298504928
base,1000,DE2 0AC,offwind-dc,0.5752525005402409,0.5113184722552899,0.06393402828495098
base,1000,DE2 0AC,offwind-dc,0.5826474613233975,0.5216083162637182,0.061039145059679334
base,1000,DE2 0AC,offwind-dc,0.585291890659692,0.5692500595539378,0.01604183110575419
base,1000,DE2 0AC,offwind-dc,0.5697009290023957,0.5002779345504329,0.06942299445196276
base,1000,DE2 0AC,offwind-dc,0.5814097046153559,0.5159638061553096,0.06544589846004634
base,1000,DE2 0AC,offwind-dc,0.5838457081754201,0.5527416892602465,0.03110401891517367
base,1000,DK2 0AC,offwind-dc,0.5796035493911063,0.4618373583730048,0.11776619101810143
base,1000,DK2 0AC,offwind-dc,0.5758352993891684,0.4631865929728819,0.11264870641628655
base,1000,DK2 0AC,offwind-dc,0.5872703238703599,0.4872788256508056,0.09999149821955433
base,1000,DK2 0AC,offwind-dc,0.5829059702828963,0.4734167511280428,0.10948921915485343
base,1000,DK2 0AC,offwind-dc,0.5779301809650089,0.4649426948522695,0.1129874861127394
base,1000,DK2 0AC,offwind-dc,0.5810263353131989,0.4587708048977685,0.12225553041543041
base,1000,DK2 0AC,offwind-dc,0.5826564882100786,0.46792330678367333,0.11473318142640532
base,1000,DK2 0AC,offwind-dc,0.5907122228238264,0.4888644758874757,0.10184774693635068
base,1000,DK2 0AC,offwind-dc,0.5906253756083756,0.44650598600078867,0.1441193896075869
base,1000,DK2 0AC,offwind-dc,0.5826189936903162,0.45313980832703116,0.12947918536328507
base,1000,DK2 0AC,offwind-dc,0.5976337781107902,0.49939760095854574,0.09823617715224447
base,1000,DK2 0AC,offwind-dc,0.5915357125259548,0.444634649819321,0.14690106270663383
base,1000,DK2 0AC,offwind-dc,0.5857602257792471,0.46625177499811443,0.1195084507811327
base,1000,DK2 0AC,offwind-dc,0.5927347896593016,0.47928805622027015,0.11344673343903144
base,1000,DK2 0AC,offwind-dc,0.6008028243980306,0.4962090927480836,0.10459373164994695
base,1000,DK2 0AC,offwind-dc,0.5920030715980208,0.4696828667437402,0.12232020485428058
base,1000,DK2 0AC,offwind-dc,0.5864068863065673,0.4588094159606766,0.12759747034589075
base,1000,DK2 0AC,offwind-dc,0.5886794893957673,0.4528203794593834,0.1358591099363839
base,1000,DK2 0AC,offwind-dc,0.5964205277855469,0.47158553189434854,0.12483499589119834
base,1000,DK2 0AC,offwind-dc,0.6069357515028329,0.5032976486727747,0.10363810283005814
base,1000,DK2 0AC,offwind-dc,0.5912173376059112,0.4456523796764002,0.14556495792951102
base,1000,DK2 0AC,offwind-dc,0.6023225039241342,0.47520975725855463,0.1271127466655796
base,1000,DK2 0AC,offwind-dc,0.6194779968523216,0.5315195428981935,0.08795845395412816
base,1000,DK2 0AC,offwind-dc,0.6117321403130951,0.5084889221272105,0.10324321818588456
base,1000,DK2 0AC,offwind-dc,0.5950022982257376,0.45514038200125345,0.13986191622448413
base,1000,DK2 0AC,offwind-dc,0.6025572603816115,0.46803337285889485,0.13452388752271666
base,1000,DK2 0AC,offwind-dc,0.6077558467793617,0.48691053907379855,0.12084530770556312
base,1000,DK2 0AC,offwind-dc,0.6210589543403593,0.5318951866192332,0.08916376772112611
base,1000,DK2 0AC,offwind-dc,0.5944490960241655,0.45193302938982266,0.14251606663434285
base,1000,DK2 0AC,offwind-dc,0.5993642740827988,0.4614766332461096,0.1378876408366892
base,1000,DK2 0AC,offwind-dc,0.59322712284759,0.4503802547665144,0.14284686808107566
base,1000,DK2 0AC,offwind-dc,0.6209476578844509,0.5848996178292732,0.0360480400551777
base,1000,DK2 0AC,offwind-dc,0.6081642101333484,0.48613329514606246,0.12203091498728597
base,1000,DK2 0AC,offwind-dc,0.6148078353293943,0.5036707787812171,0.11113705654817718
base,1000,DK2 0AC,offwind-dc,0.5931201695260095,0.507024075617878,0.08609609390813155
base,1000,FR2 0AC,offwind-dc,0.5854885167107456,0.49029024965989315,0.09519826705085249
base,1000,FR2 0AC,offwind-dc,0.5702011876076012,0.4658220680273126,0.10437911958028862
base,1000,GB1 0AC,offwind-dc,0.54290345785625,0.42787402840519384,0.11502942945105621
base,1000,GB1 0AC,offwind-dc,0.5606942973085299,0.4963454437476703,0.06434885356085962
base,1000,GB1 0AC,offwind-dc,0.5573521167162842,0.44610093786753413,0.11125117884875002
base,1000,GB1 0AC,offwind-dc,0.5721213175190772,0.5082056569612786,0.06391566055779863
base,1000,GB1 0AC,offwind-dc,0.5645787443407395,0.4167213623497456,0.1478573819909939
base,1000,GB1 0AC,offwind-dc,0.5674629941117042,0.42686216024779894,0.14060083386390526
base,1000,GB1 0AC,offwind-dc,0.5672873388266216,0.4155651900537764,0.15172214877284523
base,1000,GB1 0AC,offwind-dc,0.5737110857307095,0.4302931744519764,0.1434179112787331
base,1000,GB1 0AC,offwind-dc,0.5750542427024556,0.43887048605362766,0.13618375664882798
base,1000,GB1 0AC,offwind-dc,0.5739691957473123,0.452151682565493,0.12181751318181933
base,1000,GB1 0AC,offwind-dc,0.5767512927389513,0.4298310199347481,0.14692027280420322
base,1000,GB1 0AC,offwind-dc,0.5723311385988891,0.42490857704224294,0.14742256155664613
base,1000,GB1 0AC,offwind-dc,0.5768886615737158,0.44160463805090794,0.13528402352280783
base,1000,GB1 0AC,offwind-dc,0.5793015017224661,0.4374325939943369,0.14186890772812916
base,1000,GB1 0AC,offwind-dc,0.5797642394690172,0.43530288360710295,0.14446135586191428
base,1000,GB1 0AC,offwind-dc,0.5783339533107711,0.43765154183595617,0.14068241147481492
base,1000,GB1 0AC,offwind-dc,0.5681883271972842,0.4173078356040939,0.15088049159319028
base,1000,GB1 0AC,offwind-dc,0.5737224506931133,0.46304719949138307,0.11067525120173027
base,1000,GB1 0AC,offwind-dc,0.578999728248356,0.43272751966141887,0.14627220858693712
base,1000,GB1 0AC,offwind-dc,0.5748365890513544,0.4528385180448857,0.1219980710064687
base,1000,GB1 0AC,offwind-dc,0.5760407773454574,0.4223240789113881,0.15371669843406932
base,1000,GB1 0AC,offwind-dc,0.5825748749769905,0.43864504814935584,0.1439298268276346
base,1000,GB1 0AC,offwind-dc,0.5759480938219712,0.449173566125566,0.12677452769640518
base,1000,GB1 0AC,offwind-dc,0.5787503916129922,0.4381885967750027,0.14056179483798953
base,1000,GB1 0AC,offwind-dc,0.5724896384503881,0.46652233802624915,0.10596730042413899
base,1000,GB1 0AC,offwind-dc,0.5661308205741603,0.4138302033193804,0.1523006172547799
base,1000,GB1 0AC,offwind-dc,0.5922629962053562,0.4425285031046332,0.14973449310072295
base,1000,GB1 0AC,offwind-dc,0.5779708413401299,0.4297668954875959,0.148203945852534
base,1000,GB1 0AC,offwind-dc,0.5931002494242301,0.4441785612544006,0.14892168816982954
base,1000,GB1 0AC,offwind-dc,0.5767845926758558,0.4367557374259267,0.14002885524992909
base,1000,GB1 0AC,offwind-dc,0.5782163823099086,0.43651451605949015,0.14170186625041842
base,1000,GB1 0AC,offwind-dc,0.5768680844852566,0.4370628362433006,0.139805248241956
base,1000,GB1 0AC,offwind-dc,0.5732162378002534,0.45096974648313787,0.12224649131711557
base,1000,GB1 0AC,offwind-dc,0.5825382257126924,0.43156646716719294,0.1509717585454995
base,1000,GB1 0AC,offwind-dc,0.5986577683557414,0.45726655919670683,0.14139120915903453
base,1000,GB1 0AC,offwind-dc,0.5712858888807256,0.46748152204757376,0.10380436683315186
base,1000,GB1 0AC,offwind-dc,0.5968067236359869,0.4517469372257713,0.14505978641021555
base,1000,GB1 0AC,offwind-dc,0.5850795931302819,0.4370615138506682,0.1480180792796137
base,1000,GB1 0AC,offwind-dc,0.575277986242609,0.4377660698871968,0.13751191635541216
base,1000,GB1 0AC,offwind-dc,0.5715596468648908,0.45643194161459005,0.11512770525030075
base,1000,GB1 0AC,offwind-dc,0.5715937041955307,0.45078360237764337,0.12081010181788732
base,1000,GB1 0AC,offwind-dc,0.5801150010047351,0.4300184084692693,0.1500965925354658
base,1000,GB1 0AC,offwind-dc,0.5883507168827186,0.43955475627810464,0.14879596060461392
base,1000,GB1 0AC,offwind-dc,0.5967375610069665,0.44934024415836493,0.14739731684860158
base,1000,GB1 0AC,offwind-dc,0.5786508183764524,0.43772497692529105,0.14092584145116133
base,1000,GB1 0AC,offwind-dc,0.5732842343660695,0.43598279485629515,0.1373014395097743
base,1000,GB1 0AC,offwind-dc,0.5962454960336172,0.4471541786851425,0.1490913173484747
base,1000,GB1 0AC,offwind-dc,0.58435241215724,0.4355204514014871,0.1488319607557529
base,1000,GB1 0AC,offwind-dc,0.5814434460874432,0.4351188111004969,0.14632463498694637
base,1000,GB1 0AC,offwind-dc,0.5906890207570169,0.44392535339446343,0.14676366736255347
base,1000,GB1 0AC,offwind-dc,0.5849166267478985,0.43959152609250196,0.1453251006553965
base,1000,GB1 0AC,offwind-dc,0.571581383816548,0.46429982029543715,0.10728156352111085
base,1000,GB1 0AC,offwind-dc,0.5725958694211524,0.46912609971164826,0.10346976970950411
base,1000,GB4 0AC,offwind-dc,0.5929499785514185,0.4995078736284929,0.0934421049229256
base,1000,GB4 0AC,offwind-dc,0.5897654181946032,0.48620209033975037,0.10356332785485278
base,1000,GB4 0AC,offwind-dc,0.5779125104734218,0.4615060413121408,0.11640646916128106
base,1000,GB4 0AC,offwind-dc,0.5905438080982023,0.4701973979141953,0.12034641018400699
base,1000,NL2 0AC,offwind-dc,0.5719319595750633,0.4971302702217672,0.07480168935329606
base,1000,NL2 0AC,offwind-dc,0.5964018201488858,0.5062605945595512,0.09014122558933457
base,1000,NL2 0AC,offwind-dc,0.5788931233544203,0.49182622365968187,0.08706689969473846
base,1000,NL2 0AC,offwind-dc,0.5725563231286699,0.5496258293293116,0.022930493799358298
base,1000,NL2 0AC,offwind-dc,0.5709459024182797,0.5071153101774066,0.06383059224087306
base,1000,NL2 0AC,offwind-dc,0.570087691850875,0.5208433387440887,0.04924435310678632
base,1000,NL2 0AC,offwind-dc,0.5921765184969144,0.4853103557144078,0.10686616278250666
base,1000,NL2 0AC,offwind-dc,0.5719411793150521,0.491130771782614,0.08081040753243807
base,1000,NL2 0AC,offwind-dc,0.5980820218937075,0.5130538745842647,0.08502814730944286
base,1000,NL2 0AC,offwind-dc,0.5896308560601748,0.480337998434792,0.10929285762538282
base,1000,NL2 0AC,offwind-dc,0.5815746079010595,0.49343608222788793,0.0881385256731716
base,1000,NL2 0AC,offwind-dc,0.5864991764383155,0.49841913727419856,0.08808003916411694
base,1000,NL2 0AC,offwind-dc,0.5738726394297543,0.4874680559699995,0.08640458345975482
base,1000,NL2 0AC,offwind-dc,0.5803989447118494,0.49026853436719314,0.09013041034465624
base,1000,NL2 0AC,offwind-dc,0.5709180140122956,0.49754078781358513,0.07337722619871045
base,1000,NL2 0AC,offwind-dc,0.5922689488845617,0.5029125747511729,0.08935637413338882
base,1000,NL2 0AC,offwind-dc,0.584860324066676,0.49107769240730903,0.09378263165936696
base,1000,NL2 0AC,offwind-dc,0.5700846664796879,0.5156046745550157,0.05447999192467223
base,1000,NL2 0AC,offwind-dc,0.5906655208764788,0.4916862412439166,0.09897927963256226
base,1000,NL2 0AC,offwind-dc,0.5805773631962519,0.4874437060228103,0.09313365717344158
base,1000,NL2 0AC,offwind-dc,0.5865891904937471,0.48591956014887094,0.1006696303448762
base,1000,NL2 0AC,offwind-dc,0.5715621888958664,0.49146224900330465,0.08009993989256176
base,1000,NL2 0AC,offwind-dc,0.5723061294313498,0.5388303605955969,0.033475768835752984
base,1000,NL2 0AC,offwind-dc,0.5832562228474953,0.4870073877051679,0.09624883514232746
base,1000,NL2 0AC,offwind-dc,0.5746667227828075,0.48279103722117095,0.09187568556163656
base,1000,NL2 0AC,offwind-dc,0.5788108364116304,0.48385371174942327,0.09495712466220718
base,1000,NL2 0AC,offwind-dc,0.571284539013868,0.5377712904125647,0.033513248601303336
base,1000,NL2 0AC,offwind-dc,0.5828228872284118,0.4664837006675429,0.11633918656086889
base,1000,NL2 0AC,offwind-dc,0.5749969630103944,0.4894881027007429,0.08550886030965149
base,1000,NL2 0AC,offwind-dc,0.5738857006936944,0.5041576961883788,0.06972800450531558
base,1000,NL2 0AC,offwind-dc,0.5745682698097533,0.5547276422367997,0.019840627572953573
base,1000,NL2 0AC,offwind-dc,0.5826721516847613,0.47395344679683615,0.10871870488792512
base,1000,NL2 0AC,offwind-dc,0.5806842731218635,0.4850760019684141,0.09560827115344944
base,1000,NL2 0AC,offwind-dc,0.5756065298469907,0.49977587496491255,0.07583065488207813
base,1000,NL2 0AC,offwind-dc,0.582202480086828,0.4777382668680225,0.10446421321880545
base,1000,NL2 0AC,offwind-dc,0.5763605391569142,0.5582040147985051,0.018156524358409087
base,1000,NL2 0AC,offwind-dc,0.5786788909676885,0.4919632763643658,0.08671561460332272
base,1000,NL2 0AC,offwind-dc,0.5810096398599889,0.4727629582658058,0.1082466815941831
base,1000,NL2 0AC,offwind-dc,0.578465466979843,0.500009405351647,0.07845606162819607
base,1000,NL2 0AC,offwind-dc,0.5812304809990843,0.484193725655378,0.09703675534370626
base,1000,NL2 0AC,offwind-dc,0.5781066070830951,0.5584493748691864,0.019657232213908693
base,1000,NL2 0AC,offwind-dc,0.5805090330353709,0.4915766845134961,0.08893234852187482
base,1000,NL2 0AC,offwind-dc,0.5859183293208605,0.4944930606172581,0.0914252687036024
base,1000,NL2 0AC,offwind-dc,0.5825026897164131,0.4827727816323281,0.09972990808408494
base,1000,NL2 0AC,offwind-dc,0.5818882614774432,0.504298007937632,0.0775902535398112
base,1000,NL2 0AC,offwind-dc,0.5810537345071661,0.47156157810531224,0.10949215640185389
base,1000,NL2 0AC,offwind-dc,0.5847004115647366,0.4946158512228405,0.0900845603418961
base,1000,NL2 0AC,offwind-dc,0.5846080854461043,0.482922093418015,0.10168599202808931
base,1000,NL2 0AC,offwind-dc,0.5851772584221738,0.4862319341715126,0.09894532425066122
base,1000,NL2 0AC,offwind-dc,0.5858553995870237,0.4889006864673904,0.09695471311963333
base,1000,NO0 0AC,offwind-dc,0.5743984538431196,0.5040032306557117,0.07039522318740787
base,1000,NO0 0AC,offwind-dc,0.5855538812411748,0.5199170385259836,0.06563684271519121
base,1000,NO0 0AC,offwind-dc,0.6057018031751187,0.6036225725896358,0.002079230585482872
base,1000,NO0 0AC,offwind-dc,0.6127029548367725,0.559771788941387,0.05293116589538549
base,1000,NO0 0AC,offwind-dc,0.6052722898884503,0.5529491863442868,0.052323103544163474
base,1000,DE2 0AC,offwind-float,0.5633052657825731,0.42860948461427667,0.13469578116829645
base,1000,DK2 0AC,offwind-float,0.5706012881187338,0.41668055306694257,0.1539207350517912
base,1000,DK2 0AC,offwind-float,0.5725500379390428,0.4149858942133389,0.15756414372570388
base,1000,DK2 0AC,offwind-float,0.5826046305346425,0.4229662056527614,0.15963842488188112
base,1000,DK2 0AC,offwind-float,0.5763428057715849,0.4175307726917227,0.15881203307986225
base,1000,DK2 0AC,offwind-float,0.6141309917898738,0.4523718002497294,0.16175919154014445
base,1000,DK2 0AC,offwind-float,0.6174586137628029,0.45291172279674713,0.16454689096605574
base,1000,DK2 0AC,offwind-float,0.588525097425846,0.4386428238743007,0.14988227355154532
base,1000,DK2 0AC,offwind-float,0.5775826677527635,0.4324457759650887,0.14513689178767475
base,1000,DK2 0AC,offwind-float,0.5687391914776826,0.42450999308854176,0.14422919838914083
base,1000,GB1 0AC,offwind-float,0.5050016955511013,0.35798483019476784,0.14701686535633346
base,1000,GB1 0AC,offwind-float,0.5814537647868393,0.44819474906337264,0.13325901572346666
base,1000,GB1 0AC,offwind-float,0.5306892024267728,0.38841246392963114,0.14227673849714162
base,1000,GB1 0AC,offwind-float,0.5688697132513086,0.4300160560297149,0.13885365722159376
base,1000,GB1 0AC,offwind-float,0.5148570896712324,0.3519450237891811,0.16291206588205137
base,1000,GB1 0AC,offwind-float,0.5490607658842162,0.4100801482130207,0.13898061767119546
base,1000,GB1 0AC,offwind-float,0.572660409206925,0.4401660076379913,0.13249440156893366
base,1000,GB1 0AC,offwind-float,0.5862303963854831,0.4599931486230155,0.12623724776246764
base,1000,GB1 0AC,offwind-float,0.5686495928600199,0.43494242859478827,0.13370716426523166
base,1000,GB1 0AC,offwind-float,0.5172932695326352,0.36675271521263947,0.15054055431999575
base,1000,GB1 0AC,offwind-float,0.5837034154751485,0.45802481285202795,0.12567860262312053
base,1000,GB1 0AC,offwind-float,0.5589431020915581,0.4125408190704093,0.14640228302114877
base,1000,GB1 0AC,offwind-float,0.5863520533195121,0.45890211291114297,0.12744994040836916
base,1000,GB1 0AC,offwind-float,0.5561243079223309,0.4079915852939516,0.14813272262837934
base,1000,GB1 0AC,offwind-float,0.5796455930815227,0.4507250246331617,0.12892056844836103
base,1000,GB1 0AC,offwind-float,0.5669603944008985,0.4293552943434168,0.13760510005748172
base,1000,GB1 0AC,offwind-float,0.5401640855669424,0.37772039219714026,0.16244369336980213
base,1000,GB1 0AC,offwind-float,0.574471025103342,0.44308722419682006,0.13138380090652196
base,1000,GB1 0AC,offwind-float,0.5721240780391997,0.4266296668782897,0.14549441116091005
base,1000,GB1 0AC,offwind-float,0.5573755930519082,0.40560968471343944,0.15176590833846876
base,1000,GB1 0AC,offwind-float,0.5371171047727178,0.3778685405627607,0.1592485642099571
base,1000,GB1 0AC,offwind-float,0.56687099135171,0.42727927680467453,0.1395917145470355
base,1000,GB1 0AC,offwind-float,0.5805165293566058,0.4557982141718299,0.12471831518477589
base,1000,GB1 0AC,offwind-float,0.5807911873584035,0.4547179502400623,0.12607323711834123
base,1000,GB1 0AC,offwind-float,0.57901364520084,0.4368337071640669,0.1421799380367731
base,1000,GB1 0AC,offwind-float,0.5764631515186267,0.4383370704234464,0.13812608109518032
base,1000,GB1 0AC,offwind-float,0.5746479182753241,0.43926466629464184,0.1353832519806823
base,1000,GB1 0AC,offwind-float,0.5786689045968444,0.43406253489504387,0.14460636970180052
base,1000,GB1 0AC,offwind-float,0.5680731337323013,0.419895216067495,0.14817791766480626
base,1000,GB1 0AC,offwind-float,0.5040456194005135,0.3339290641606931,0.1701165552398204
base,1000,GB1 0AC,offwind-float,0.5836747868268238,0.44436972917238116,0.13930505765444268
base,1000,GB1 0AC,offwind-float,0.5756060988406009,0.4454504212905445,0.13015567755005636
base,1000,GB1 0AC,offwind-float,0.5753213326133911,0.43830219063804454,0.1370191419753466
base,1000,GB1 0AC,offwind-float,0.5404404495058598,0.37813778976513296,0.16230265974072683
base,1000,GB1 0AC,offwind-float,0.5748536374786346,0.4436865182745128,0.13116711920412183
base,1000,GB1 0AC,offwind-float,0.577222078325747,0.44895618203713156,0.12826589628861546
base,1000,GB1 0AC,offwind-float,0.5379602434910853,0.36761072254814015,0.17034952094294514
base,1000,GB1 0AC,offwind-float,0.5799145988951621,0.4430085598167294,0.13690603907843268
base,1000,GB1 0AC,offwind-float,0.5735147528682698,0.43928838778225837,0.13422636508601143
base,1000,GB1 0AC,offwind-float,0.555679870075543,0.3987679713970169,0.15691189867852606
base,1000,GB1 0AC,offwind-float,0.5774688558580567,0.43269365133172516,0.14477520452633158
base,1000,GB1 0AC,offwind-float,0.57817770292273,0.441051763136877,0.13712593978585297
base,1000,GB1 0AC,offwind-float,0.5419596375338376,0.36949567776879294,0.17246395976504464
base,1000,GB1 0AC,offwind-float,0.5689369781971235,0.42007870856864254,0.14885826962848098
base,1000,GB1 0AC,offwind-float,0.556345605326393,0.3967850694016389,0.1595605359247541
base,1000,GB1 0AC,offwind-float,0.5746741449411378,0.43663710812059414,0.13803703682054363
base,1000,GB1 0AC,offwind-float,0.5804670403276878,0.44086165434049707,0.13960538598719074
base,1000,GB1 0AC,offwind-float,0.5737823319399021,0.44108884722600744,0.1326934847138947
base,1000,GB1 0AC,offwind-float,0.5764792715099897,0.4315063569238507,0.14497291458613898
base,1000,GB1 0AC,offwind-float,0.5705278989498699,0.4173159395214388,0.15321195942843108
base,1000,GB1 0AC,offwind-float,0.5721980259356366,0.43846130493067065,0.13373672100496597
base,1000,GB1 0AC,offwind-float,0.5739149196136641,0.42655517176350577,0.14735974785015837
base,1000,GB1 0AC,offwind-float,0.5764800760696831,0.43826683012013656,0.13821324594954654
base,1000,GB1 0AC,offwind-float,0.5627323200638125,0.40007602984454926,0.1626562902192632
base,1000,GB1 0AC,offwind-float,0.5727096378050002,0.4380127597538947,0.13469687805110547
base,1000,GB1 0AC,offwind-float,0.5785790515001378,0.4369634240695485,0.14161562743058925
base,1000,GB1 0AC,offwind-float,0.5703717190818454,0.43364417426796503,0.13672754481388033
base,1000,GB1 0AC,offwind-float,0.5595726775680115,0.39241796788566247,0.16715470968234908
base,1000,GB1 0AC,offwind-float,0.5695068406454942,0.41063372632412576,0.1588731143213684
base,1000,GB1 0AC,offwind-float,0.5643200661958241,0.4281664427186914,0.13615362347713267
base,1000,GB1 0AC,offwind-float,0.5706782683113728,0.4394195710174889,0.1312586972938839
base,1000,GB1 0AC,offwind-float,0.5691024772768554,0.4357662090781523,0.1333362681987031
base,1000,GB1 0AC,offwind-float,0.5750187530501703,0.43515795615597497,0.13986079689419528
base,1000,GB1 0AC,offwind-float,0.5726530073148209,0.42240403709422486,0.15024897022059608
base,1000,GB1 0AC,offwind-float,0.5736558347240277,0.4283889125453866,0.14526692217864112
base,1000,GB1 0AC,offwind-float,0.5704853439308811,0.4322926265814394,0.13819271734944172
base,1000,GB1 0AC,offwind-float,0.5736200636908754,0.42762824508574343,0.14599181860513194
base,1000,GB1 0AC,offwind-float,0.5660227318145559,0.43163476964005404,0.13438796217450183
base,1000,GB1 0AC,offwind-float,0.5730490004230429,0.4121997334127781,0.16084926701026475
base,1000,GB1 0AC,offwind-float,0.572099359971726,0.41914463743152364,0.15295472254020237
base,1000,GB1 0AC,offwind-float,0.5735650166347221,0.43254720683143183,0.14101780980329032
base,1000,GB1 0AC,offwind-float,0.5644189303333237,0.42803642143802245,0.13638250889530124
base,1000,GB1 0AC,offwind-float,0.5669450968051157,0.4342310750792079,0.13271402172590785
base,1000,GB1 0AC,offwind-float,0.5699777111785145,0.43046982011619755,0.13950789106231692
base,1000,GB1 0AC,offwind-float,0.574182705435884,0.42622276905891915,0.14795993637696486
base,1000,GB1 0AC,offwind-float,0.5726831406175734,0.42990320065745086,0.14277993996012256
base,1000,GB1 0AC,offwind-float,0.5726640564844498,0.41751419121547034,0.1551498652689795
base,1000,GB1 0AC,offwind-float,0.570592554215337,0.4289852201265684,0.14160733408876852
base,1000,GB1 0AC,offwind-float,0.5738149312809417,0.42632075942932474,0.147494171851617
base,1000,GB1 0AC,offwind-float,0.5604358584253796,0.4244587372342353,0.1359771211911443
base,1000,GB1 0AC,offwind-float,0.5659932612356436,0.42624791189360806,0.13974534934203559
base,1000,GB1 0AC,offwind-float,0.5630684815625783,0.42772633392948284,0.13534214763309543
base,1000,GB1 0AC,offwind-float,0.5691421603396332,0.4278112311071534,0.14133092923247975
base,1000,GB1 0AC,offwind-float,0.5604832366255773,0.4261409666785342,0.13434226994704312
base,1000,GB1 0AC,offwind-float,0.5621798354336537,0.4241910835821376,0.1379887518515161
base,1000,GB1 0AC,offwind-float,0.5741966651991899,0.41646249901400095,0.15773416618518893
base,1000,GB1 0AC,offwind-float,0.5710517974969419,0.4273239787084706,0.1437278187884713
base,1000,GB1 0AC,offwind-float,0.559092689461409,0.4238513569955678,0.1352413324658412
base,1000,GB1 0AC,offwind-float,0.5661190733074343,0.4265654337702774,0.13955363953715688
base,1000,GB1 0AC,offwind-float,0.5718698060156123,0.42615222501555583,0.1457175810000565
base,1000,GB1 0AC,offwind-float,0.5760190973240832,0.411588967756851,0.16443012956723219
base,1000,GB1 0AC,offwind-float,0.5690315184449971,0.42735035174296837,0.14168116670202874
base,1000,GB1 0AC,offwind-float,0.5577311744752064,0.42297422513279603,0.13475694934241034
base,1000,GB1 0AC,offwind-float,0.5614822235492436,0.42440558218441876,0.13707664136482484
base,1000,GB1 0AC,offwind-float,0.5639044036561741,0.4251708658448342,0.1387335378113399
base,1000,GB1 0AC,offwind-float,0.5598887519679941,0.4235960914667368,0.13629266050125732
base,1000,GB1 0AC,offwind-float,0.5691209299403535,0.42560723479110035,0.1435136951492531
base,1000,GB1 0AC,offwind-float,0.5568198123192462,0.4231997712019068,0.13362004111733933
base,1000,GB1 0AC,offwind-float,0.5721093103281139,0.42028561570983836,0.1518236946182755
base,1000,GB1 0AC,offwind-float,0.5667861654272275,0.4263378042297591,0.1404483611974684
base,1000,GB1 0AC,offwind-float,0.5636931456201887,0.42398584899928027,0.13970729662090842
base,1000,GB1 0AC,offwind-float,0.5606702942652216,0.42446601586320204,0.1362042784020196
base,1000,GB1 0AC,offwind-float,0.5700329732230692,0.4237915879942472,0.14624138522882202
base,1000,GB1 0AC,offwind-float,0.5667966569139693,0.4218030737016133,0.144993583212356
base,1000,GB1 0AC,offwind-float,0.5677618990051098,0.4217580420408155,0.14600385696429424
base,1000,GB1 0AC,offwind-float,0.5671952572382726,0.42388865745892573,0.14330659977934684
base,1000,GB1 0AC,offwind-float,0.5700396073215133,0.4117137020327844,0.15832590528872886
base,1000,GB1 0AC,offwind-float,0.5696406555106635,0.420752114104624,0.14888854140603947
base,1000,GB1 0AC,offwind-float,0.5706416227813699,0.41947218449187773,0.15116943828949214
base,1000,GB1 0AC,offwind-float,0.568920824609437,0.4249936323270387,0.14392719228239836
base,1000,GB4 0AC,offwind-float,0.5453969448010088,0.3760317592534266,0.16936518554758218
base,1000,GB4 0AC,offwind-float,0.5929499785514185,0.44310733938985936,0.14984263916155915
base,1000,GB4 0AC,offwind-float,0.5693463315276275,0.4027060867654668,0.16664024476216066
base,1000,GB4 0AC,offwind-float,0.590354600602978,0.4436892877219238,0.14666531288105417
base,1000,GB4 0AC,offwind-float,0.5915250568754946,0.44746528895126547,0.14405976792422914
base,1000,GB4 0AC,offwind-float,0.5942028894064862,0.45553932606038416,0.13866356334610208
base,1000,GB4 0AC,offwind-float,0.5919886331644509,0.44897510700693205,0.1430135261575189
base,1000,GB4 0AC,offwind-float,0.5955023050583589,0.4504971297330827,0.14500517532527618
base,1000,GB4 0AC,offwind-float,0.5934766281463041,0.4549409538102037,0.13853567433610037
base,1000,GB4 0AC,offwind-float,0.5924414003334807,0.4497255970836222,0.1427158032498585
base,1000,GB4 0AC,offwind-float,0.5872372949490777,0.4437396441409265,0.14349765080815124
base,1000,GB4 0AC,offwind-float,0.5917442601820744,0.4515514905856666,0.14019276959640775
base,1000,GB4 0AC,offwind-float,0.5912882836437874,0.449814691072525,0.1414735925712624
base,1000,GB4 0AC,offwind-float,0.5950468622909408,0.4580031390497103,0.13704372324123054
base,1000,GB4 0AC,offwind-float,0.58279312406603,0.43729736951782655,0.14549575454820346
base,1000,GB4 0AC,offwind-float,0.5899306453122601,0.4589083435485053,0.13102230176375484
base,1000,GB4 0AC,offwind-float,0.5898042891849349,0.4484468364555624,0.1413574527293725
base,1000,GB4 0AC,offwind-float,0.590268426917894,0.4559385202009919,0.13432990671690215
base,1000,GB4 0AC,offwind-float,0.5856733248236062,0.45179271980363694,0.1338806050199693
base,1000,GB4 0AC,offwind-float,0.586083504744161,0.45486737412017614,0.1312161306239849
base,1000,GB4 0AC,offwind-float,0.5855971637643318,0.4481922552885072,0.1374049084758246
base,1000,GB4 0AC,offwind-float,0.585773894207486,0.4419933782118689,0.14378051599561714
base,1000,GB4 0AC,offwind-float,0.5802760462312689,0.44587530439735984,0.1344007418339091
base,1000,GB4 0AC,offwind-float,0.5815287565086977,0.44624332115855453,0.1352854353501432
base,1000,GB4 0AC,offwind-float,0.586893890413269,0.4441211313929985,0.14277275902027048
base,1000,GB4 0AC,offwind-float,0.5825622831722193,0.44236259624374336,0.1401996869284759
base,1000,GB4 0AC,offwind-float,0.5795865527347205,0.43235357220174325,0.14723298053297723
base,1000,GB4 0AC,offwind-float,0.5757086492790052,0.44429214987905635,0.13141649939994887
base,1000,GB4 0AC,offwind-float,0.5784456571378436,0.4375685736412643,0.1408770834965793
base,1000,GB4 0AC,offwind-float,0.5847719069253816,0.44012695858131534,0.14464494834406627
base,1000,GB4 0AC,offwind-float,0.5754577979367763,0.42607671320532176,0.14938108473145456
base,1000,GB4 0AC,offwind-float,0.5684858478060674,0.4360923273375084,0.13239352046855896
base,1000,GB4 0AC,offwind-float,0.5741200882006562,0.4368306269222495,0.1372894612784067
base,1000,GB4 0AC,offwind-float,0.5801899097453704,0.43218949061212114,0.1480004191332493
base,1000,GB4 0AC,offwind-float,0.575623682821062,0.4298957143278281,0.14572796849323394
base,1000,GB4 0AC,offwind-float,0.5787565213979382,0.43411186379637884,0.14464465760155937
base,1000,GB4 0AC,offwind-float,0.5745470464180178,0.4326085282499624,0.14193851816805542
base,1000,GB4 0AC,offwind-float,0.5683395991565101,0.41774859105374196,0.15059100810276815
base,1000,GB4 0AC,offwind-float,0.554244988813369,0.4163128307063681,0.13793215810700094
base,1000,GB4 0AC,offwind-float,0.5698173009399298,0.43091725309927575,0.13890004784065402
base,1000,GB4 0AC,offwind-float,0.562411134043707,0.4274047347157182,0.1350063993279888
base,1000,GB4 0AC,offwind-float,0.5710410151047172,0.42666597585562344,0.14437503924909373
base,1000,GB4 0AC,offwind-float,0.5724843152759056,0.423026574063385,0.1494577412125206
base,1000,GB4 0AC,offwind-float,0.5668123083143517,0.4263622190909945,0.14045008922335722
base,1000,GB4 0AC,offwind-float,0.5710584864402781,0.42337678814172097,0.14768169829855715
base,1000,GB4 0AC,offwind-float,0.5585673716500478,0.4221050894472322,0.1364622822028156
base,1000,GB4 0AC,offwind-float,0.5672715040680183,0.4209227851635787,0.14634871890443957
base,1000,GB4 0AC,offwind-float,0.5650838647631679,0.41196033912882135,0.1531235256343465
base,1000,GB4 0AC,offwind-float,0.5645379939885319,0.4212047423972314,0.1433332515913005
base,1000,GB4 0AC,offwind-float,0.5678818398022644,0.41846281635283006,0.1494190234494343
base,1000,GB4 0AC,offwind-float,0.558666828571916,0.41610141612112034,0.14256541245079563
base,1000,GB4 0AC,offwind-float,0.5649316953147415,0.41519188202512747,0.14973981328961405
base,1000,GB4 0AC,offwind-float,0.563762126434813,0.4177354725480875,0.14602665388672553
base,1000,GB4 0AC,offwind-float,0.560222971525062,0.4154997155855189,0.14472325593954305
base,1000,GB4 0AC,offwind-float,0.5522598604546408,0.41395767551652385,0.13830218493811697
base,1000,NL2 0AC,offwind-float,0.5717950375327324,0.4372179711322045,0.1345770664005279
base,1000,NL2 0AC,offwind-float,0.45268663068903936,0.2994810600564135,0.15320557063262585
base,1000,NO0 0AC,offwind-float,0.5610423175757759,0.4408170400794114,0.12022527749636452
base,1000,NO0 0AC,offwind-float,0.5616634994531684,0.4427364536012292,0.1189270458519392
base,1000,NO0 0AC,offwind-float,0.5583064238148724,0.43571800605020033,0.12258841776467205
base,1000,NO0 0AC,offwind-float,0.558887406241129,0.4399652494197175,0.1189221568214115
base,1000,NO0 0AC,offwind-float,0.5590265846371002,0.4361882647120727,0.12283831992502747
base,1000,NO0 0AC,offwind-float,0.5561808481125553,0.43513851921559843,0.12104232889695687
base,1000,NO0 0AC,offwind-float,0.557403230023993,0.43493227475467416,0.12247095526931878
base,1000,NO0 0AC,offwind-float,0.5575211292049951,0.43361430577469195,0.12390682343030313
base,1000,NO0 0AC,offwind-float,0.5564298917052412,0.4319806044712771,0.12444928723396403
base,1000,NO0 0AC,offwind-float,0.5574744156498822,0.43787766569262465,0.11959674995725755
base,1000,NO0 0AC,offwind-float,0.5554509884564566,0.43321707431624573,0.12223391414021084
base,1000,NO0 0AC,offwind-float,0.5541172696794042,0.4360238670665959,0.11809340261280832
base,1000,NO0 0AC,offwind-float,0.5554199601023694,0.43239313329249696,0.12302682680987242
base,1000,NO0 0AC,offwind-float,0.5513169791959327,0.4348016469819145,0.11651533221401822
base,1000,NO0 0AC,offwind-float,0.5485604270567148,0.4361681027114622,0.11239232434525259
base,1000,NO0 0AC,offwind-float,0.5493697095513562,0.43331020188989405,0.11605950766146217
base,1000,NO0 0AC,offwind-float,0.5610791806848848,0.43758712825716845,0.12349205242771638
base,1000,NO0 0AC,offwind-float,0.5607212757397381,0.4390294076581452,0.12169186808159288
base,1000,NO0 0AC,offwind-float,0.5582820962500292,0.43849878562187544,0.11978331062815378
base,1000,NO0 0AC,offwind-float,0.5552898192261809,0.43233101944575975,0.12295879978042118
base,1000,NO0 0AC,offwind-float,0.5644748216079688,0.43919023174396515,0.12528458986400365
base,1000,NO0 0AC,offwind-float,0.5438390588226188,0.4288564607617976,0.11498259806082123
base,1000,NO0 0AC,offwind-float,0.5468710035874698,0.42957291123708036,0.1172980923503894
base,1000,NO0 0AC,offwind-float,0.5550789947017555,0.4333414645054843,0.1217375301962712
base,1000,NO0 0AC,offwind-float,0.5543719224904671,0.4321490146767998,0.12222290781366729
base,1000,NO0 0AC,offwind-float,0.5591458505169069,0.43802864442350464,0.12111720609340226
base,1000,NO0 0AC,offwind-float,0.30021484948217503,0.20208502637359962,0.0981298231085754
base,1000,NO0 0AC,offwind-float,0.35887848746507944,0.2551706191707089,0.10370786829437056
base,1000,NO0 0AC,offwind-float,0.34604998530171943,0.23944506055785347,0.10660492474386596
base,1000,NO0 0AC,offwind-float,0.5377266423340186,0.4226244840193328,0.11510215831468579
base,1000,NO0 0AC,offwind-float,0.5653925394697769,0.4393026078671928,0.12608993160258408
base,1000,NO0 0AC,offwind-float,0.5624861555128752,0.438219238078051,0.12426691743482415
base,1000,NO0 0AC,offwind-float,0.5561707415178018,0.433397407407834,0.12277333410996777
base,1000,NO0 0AC,offwind-float,0.5586960731624269,0.43543466721802615,0.12326140594440071
base,1000,NO0 0AC,offwind-float,0.5521323907687885,0.43127785585994893,0.12085453490883957
base,1000,NO0 0AC,offwind-float,0.5464333263214743,0.42822132292881754,0.1182120033926568
base,1000,NO0 0AC,offwind-float,0.5668710634048316,0.4380617459673608,0.12880931743747082
base,1000,NO0 0AC,offwind-float,0.5637330843920574,0.44010102806244533,0.12363205632961205
base,1000,NO0 0AC,offwind-float,0.541972254325809,0.42445112486159164,0.11752112946421733
base,1000,NO0 0AC,offwind-float,0.56789620448879,0.4413077571606026,0.12658844732818736
base,1000,NO0 0AC,offwind-float,0.5546763726762036,0.43146512842266155,0.12321124425354207
base,1000,NO0 0AC,offwind-float,0.5667638130025736,0.4390899974574846,0.127673815545089
base,1000,NO0 0AC,offwind-float,0.5649246297247239,0.44289410204596924,0.12203052767875466
base,1000,NO0 0AC,offwind-float,0.5602151822650537,0.43851709882695866,0.12169808343809507
base,1000,NO0 0AC,offwind-float,0.5136446198324541,0.3905138912648621,0.12313072856759205
base,1000,NO0 0AC,offwind-float,0.5308320078067952,0.41291323193191276,0.11791877587488242
base,1000,NO0 0AC,offwind-float,0.5685258601364934,0.4449916551935122,0.12353420494298123
base,1000,NO0 0AC,offwind-float,0.5712263595118275,0.44162092053576635,0.1296054389760612
base,1000,NO0 0AC,offwind-float,0.5680439277738506,0.44604317207229033,0.12200075570156027
base,1000,NO0 0AC,offwind-float,0.5602524379937726,0.4376102026992414,0.12264223529453117
base,1000,NO0 0AC,offwind-float,0.5479788181890334,0.42566880860805484,0.12231000958097854
base,1000,NO0 0AC,offwind-float,0.5732294005670223,0.4501837260073109,0.12304567455971144
base,1000,NO0 0AC,offwind-float,0.551445748433307,0.4293268349590557,0.12211891347425124
base,1000,NO0 0AC,offwind-float,0.523632040930836,0.4050996938610627,0.11853234706977334
base,1000,NO0 0AC,offwind-float,0.5354724343319565,0.4189663225570573,0.11650611177489917
base,1000,NO0 0AC,offwind-float,0.5761987448550825,0.45017812714946176,0.12602061770562073
base,1000,NO0 0AC,offwind-float,0.5697783255728833,0.4420333686209501,0.12774495695193322
base,1000,NO0 0AC,offwind-float,0.5796439973525631,0.45597980127739557,0.12366419607516754
base,1000,NO0 0AC,offwind-float,0.5462122393122244,0.42540137919828813,0.12081086011393627
base,1000,NO0 0AC,offwind-float,0.5638262846274091,0.44230174410000717,0.12152454052740197
base,1000,NO0 0AC,offwind-float,0.5835052252655386,0.4591091323046128,0.1243960929609258
base,1000,NO0 0AC,offwind-float,0.5775726489970558,0.4514785101121854,0.12609413888487042
base,1000,NO0 0AC,offwind-float,0.5780318107966457,0.44570919527086417,0.1323226155257815
base,1000,NO0 0AC,offwind-float,0.5889652063415559,0.4620237792180859,0.12694142712347
base,1000,NO0 0AC,offwind-float,0.573502156185499,0.4468615535978242,0.12664060258767484
base,1000,NO0 0AC,offwind-float,0.5209510878562412,0.4026704782129069,0.11828060964333431
base,1000,NO0 0AC,offwind-float,0.5308820657056352,0.4083954687248784,0.12248659698075681
base,1000,NO0 0AC,offwind-float,0.5862233564005032,0.4589709482205722,0.12725240817993094
base,1000,NO0 0AC,offwind-float,0.5552494156512685,0.4304093344654163,0.12484008118585221
base,1000,NO0 0AC,offwind-float,0.5097868142236313,0.3812851295463216,0.12850168467730966
base,1000,NO0 0AC,offwind-float,0.587693095676939,0.457639966060954,0.13005312961598497
base,1000,NO0 0AC,offwind-float,0.5867638752348641,0.45642093431162983,0.13034294092323423
base,1000,NO0 0AC,offwind-float,0.5035065267784685,0.374436663669577,0.1290698631088915
base,1000,NO0 0AC,offwind-float,0.5393392951884451,0.40738097219346214,0.131958322994983
base,1000,NO0 0AC,offwind-float,0.5972015664786527,0.4727308127194636,0.12447075375918915
base,1000,NO0 0AC,offwind-float,0.5699232456349046,0.4414434069816054,0.1284798386532992
base,1000,NO0 0AC,offwind-float,0.48082030303260354,0.3570530761715025,0.12376722686110103
base,1000,NO0 0AC,offwind-float,0.6010851861346137,0.4709021459935908,0.1301830401410229
base,1000,NO0 0AC,offwind-float,0.5019069853227843,0.3708542274402899,0.13105275788249443
base,1000,NO0 0AC,offwind-float,0.5930119671631252,0.46611164688567414,0.12690032027745107
base,1000,NO0 0AC,offwind-float,0.4241138320452588,0.30376441036623475,0.12034942167902407
base,1000,NO0 0AC,offwind-float,0.4085207922661447,0.28871826826232466,0.11980252400382002
base,1000,NO0 0AC,offwind-float,0.5865527818492329,0.4505031226347323,0.13604965921450057
base,1000,NO0 0AC,offwind-float,0.6105644419186952,0.48276093120391494,0.12780351071478024
base,1000,NO0 0AC,offwind-float,0.6023081230349481,0.47373222182658187,0.1285759012083662
base,1000,NO0 0AC,offwind-float,0.428377706102384,0.3059286001470679,0.1224491059553161
base,1000,NO0 0AC,offwind-float,0.31817422008715296,0.21750106004278882,0.10067316004436414
base,1000,NO0 0AC,offwind-float,0.5595434581144808,0.4204636137635835,0.13907984435089732
base,1000,NO0 0AC,offwind-float,0.5958563617487924,0.4580478049171384,0.137808556831654
base,1000,NO0 0AC,offwind-float,0.18662522038328785,0.11283504260706279,0.07379017777622507
base,1000,NO0 0AC,offwind-float,0.12289930638051424,0.07130708190227775,0.0515922244782365
base,1000,NO0 0AC,offwind-float,0.10214984246597365,0.05897933791154694,0.04317050455442671
base,1000,NO0 0AC,offwind-float,0.31817422008715296,0.2176645717497162,0.10050964833743675
base,1000,NO0 0AC,offwind-float,0.4899204631348412,0.3583577727531578,0.13156269038168344
base,1000,NO0 0AC,offwind-float,0.594388039207804,0.46063569936900634,0.1337523398387977
base,1000,NO0 0AC,offwind-float,0.6104862183414314,0.4758355005151883,0.13465071782624305
base,1000,NO0 0AC,offwind-float,0.6177631436001916,0.4862417149407261,0.13152142865946548
base,1000,NO0 0AC,offwind-float,0.612430656282523,0.47715561646822685,0.13527503981429617
base,1000,NO0 0AC,offwind-float,0.5734572269343997,0.431525140636624,0.1419320862977757
base,1000,NO0 0AC,offwind-float,0.04280087996913611,0.02277404492797854,0.02002683504115757
base,1000,NO0 0AC,offwind-float,0.08583398702061212,0.0482009554514181,0.03763303156919402
base,1000,NO0 0AC,offwind-float,0.10709333660234463,0.06141456283658042,0.04567877376576421
base,1000,NO0 0AC,offwind-float,0.11100779600142013,0.06358154924392796,0.04742624675749217
base,1000,NO0 0AC,offwind-float,0.12289930638051427,0.07122795240808238,0.05167135397243189
base,1000,NO0 0AC,offwind-float,0.6162347442408801,0.48039329124792984,0.13584145299295025
base,1000,NO0 0AC,offwind-float,0.5859974962001923,0.4429407702711064,0.14305672592908586
base,1000,NO0 0AC,offwind-float,0.6229664516346826,0.4919285362481824,0.13103791538650017
base,1000,NO0 0AC,offwind-float,0.5515863811129261,0.40383532196214544,0.14775105915078068
base,1000,NO0 0AC,offwind-float,0.5774142962643396,0.4384490893657367,0.13896520689860292
base,1000,NO0 0AC,offwind-float,0.6245023220669965,0.4878085798300619,0.13669374223693465
base,1000,NO0 0AC,offwind-float,0.6210780988837739,0.4822313326296605,0.13884676625411335
base,1000,NO0 0AC,offwind-float,0.6257327994703553,0.4896951934716313,0.136037605998724
base,1000,NO0 0AC,offwind-float,0.5520966443476377,0.4057835353440123,0.14631310900362543
base,1000,NO0 0AC,offwind-float,0.02122070963360617,0.011038040712376431,0.010182668921229737
base,1000,NO0 0AC,offwind-float,0.6251006168544279,0.48738979793637716,0.1377108189180507
base,1000,NO0 0AC,offwind-float,0.6291407719337626,0.49586184283122864,0.13327892910253397
base,1000,NO0 0AC,offwind-float,0.613679247454978,0.4699989920817481,0.14368025537322993
base,1000,NO0 0AC,offwind-float,0.5833888486690983,0.4386267443560163,0.14476210431308206
base,1000,NO0 0AC,offwind-float,0.6272568697536745,0.4915533646213029,0.13570350513237156
base,1000,NO0 0AC,offwind-float,0.5778889773004976,0.43356966320252255,0.14431931409797505
base,1000,NO0 0AC,offwind-float,0.618742641855348,0.47723679675623587,0.14150584509911213
base,1000,NO0 0AC,offwind-float,0.5841872669720106,0.44062437361501733,0.1435628933569933
base,1000,NO0 0AC,offwind-float,0.6030740792410105,0.45970410462142014,0.1433699746195904
base,1000,NO0 0AC,offwind-float,0.545381729935349,0.4058946848254723,0.13948704510987664
base,1000,NO0 0AC,offwind-float,0.5114821460751618,0.3772854447593037,0.13419670131585815
base,1000,NO0 0AC,offwind-float,0.495730824868777,0.36339749407784244,0.13233333079093457
base,1000,NO0 0AC,offwind-float,0.4285963985817015,0.31147430093727285,0.11712209764442866
base,1000,NO0 0AC,offwind-float,0.5656712337601247,0.43429987834463707,0.13137135541548767
base,1000,NO0 0AC,offwind-float,0.5582387552980241,0.4314873155305357,0.12675143976748843
base,1000,NO0 0AC,offwind-float,0.5535790926532842,0.42449508085221,0.1290840118010742
base,1000,NO0 0AC,offwind-float,0.5118773085802817,0.3809871701910629,0.1308901383892188
base,1000,NO0 0AC,offwind-float,0.5011656292831321,0.37574332949902006,0.12542229978411207
standard,1000,BE2 0AC,offwind-dc,0.5273388484521191,0.4456544637086876,0.08168438474343148
standard,1000,BE2 0AC,offwind-dc,0.525437461678747,0.42935162228970475,0.0960858393890423
standard,1000,DE2 0AC,offwind-dc,0.5066678880671133,0.4974813369639615,0.009186551103151752
standard,1000,DE2 0AC,offwind-dc,0.5144757908032429,0.5039081554338376,0.010567635369405304
standard,1000,DE2 0AC,offwind-dc,0.507716899522279,0.49327754163987714,0.014439357882401915
standard,1000,DE2 0AC,offwind-dc,0.5180568298883993,0.5071021156904897,0.01095471419790961
standard,1000,DE2 0AC,offwind-dc,0.5108483624938165,0.49721481619212926,0.013633546301687227
standard,1000,DE2 0AC,offwind-dc,0.5123606907043091,0.5028218862274139,0.009538804476895257
standard,1000,DE2 0AC,offwind-dc,0.5153542978870329,0.5064029240752377,0.008951373811795227
standard,1000,DE2 0AC,offwind-dc,0.513406778275404,0.5042431375995593,0.009163640675844742
standard,1000,DE2 0AC,offwind-dc,0.5148575711215407,0.5043323021137245,0.010525269007816251
standard,1000,DE2 0AC,offwind-dc,0.5153648341338901,0.454321359568758,0.061043474565132094
standard,1000,DE2 0AC,offwind-dc,0.518735641348464,0.5099995022307631,0.00873613911770088
standard,1000,DE2 0AC,offwind-dc,0.5175104598043764,0.4749353855122454,0.04257507429213098
standard,1000,DE2 0AC,offwind-dc,0.5201483518303337,0.47685389791735955,0.04329445391297415
standard,1000,DE2 0AC,offwind-dc,0.5178212786504065,0.46809654171741044,0.04972473693299606
standard,1000,DE2 0AC,offwind-dc,0.5175877983627705,0.46607084223182016,0.05151695613095031
standard,1000,DE2 0AC,offwind-dc,0.5200943790294921,0.5116117804529201,0.008482598576571965
standard,1000,DE2 0AC,offwind-dc,0.5188172149722102,0.4633711646270312,0.05544605034517902
standard,1000,DE2 0AC,offwind-dc,0.520676854429466,0.5103354203393543,0.010341434090111679
standard,1000,DE2 0AC,offwind-dc,0.5200802654806796,0.5094365156998742,0.0106437497808054
standard,1000,DE2 0AC,offwind-dc,0.5072156397204013,0.4316934404835885,0.0755221992368128
standard,1000,DE2 0AC,offwind-dc,0.5199354331375637,0.46512478741432733,0.054810645723236406
standard,1000,DE2 0AC,offwind-dc,0.5184527941550654,0.464401623820816,0.05405117033424939
standard,1000,DE2 0AC,offwind-dc,0.5190985385611143,0.46051485674362336,0.05858368181749096
standard,1000,DE2 0AC,offwind-dc,0.519747994479547,0.46181514619839487,0.05793284828115214
standard,1000,DE2 0AC,offwind-dc,0.5156134093725799,0.4534560745544209,0.06215733481815905
standard,1000,DE2 0AC,offwind-dc,0.5200138615030436,0.47797840793180524,0.04203545357123839
standard,1000,DE2 0AC,offwind-dc,0.5093731247196199,0.4355811689356756,0.07379195578394432
standard,1000,DE2 0AC,offwind-dc,0.5159090975487742,0.4496223105869505,0.06628678696182372
standard,1000,DE2 0AC,offwind-dc,0.5182499024416904,0.4612691577899771,0.05698074465171332
standard,1000,DE2 0AC,offwind-dc,0.5044381139120249,0.42627842255019366,0.07815969136183121
standard,1000,DE2 0AC,offwind-dc,0.5148192376486754,0.44415543220851356,0.07066380544016188
standard,1000,DE2 0AC,offwind-dc,0.5169892496930385,0.4524138402784999,0.0645754094145386
standard,1000,DK2 0AC,offwind-dc,0.5132130050358668,0.39728177281881116,0.11593123221705559
standard,1000,DK2 0AC,offwind-dc,0.5098896499673593,0.39679170698289234,0.11309794298446696
standard,1000,DK2 0AC,offwind-dc,0.5200212927519976,0.4137057585601015,0.1063155341918961
standard,1000,DK2 0AC,offwind-dc,0.516137379353003,0.40472231982338885,0.11141505952961411
standard,1000,DK2 0AC,offwind-dc,0.5117511101077573,0.39880302967998127,0.11294808042777604
standard,1000,DK2 0AC,offwind-dc,0.5144789878263651,0.3968046381059114,0.11767434972045376
standard,1000,DK2 0AC,offwind-dc,0.5159360855215334,0.4024113215453957,0.11352476397613764
standard,1000,DK2 0AC,offwind-dc,0.5230570921280681,0.41609081360637046,0.1069662785216976
standard,1000,DK2 0AC,offwind-dc,0.5229799318769625,0.38695873171784817,0.13602120015911429
standard,1000,DK2 0AC,offwind-dc,0.5158758937327618,0.3924251393793317,0.12345075435343006
standard,1000,DK2 0AC,offwind-dc,0.5291729353500483,0.4238391722521994,0.10533376309784886
standard,1000,DK2 0AC,offwind-dc,0.5237728440781831,0.38722000970593323,0.1365528343722499
standard,1000,DK2 0AC,offwind-dc,0.5186844093200034,0.4020629359505433,0.11662147336946005
standard,1000,DK2 0AC,offwind-dc,0.5248538410976279,0.4119615873645887,0.11289225373303918
standard,1000,DK2 0AC,offwind-dc,0.532010901004456,0.4235550461827472,0.10845585482170883
standard,1000,DK2 0AC,offwind-dc,0.5242060191719948,0.4049038797988958,0.11930213937309903
standard,1000,DK2 0AC,offwind-dc,0.5192511083627501,0.39820917604925876,0.12104193231349136
standard,1000,DK2 0AC,offwind-dc,0.5212568984447156,0.3955751089628503,0.12568178948186526
standard,1000,DK2 0AC,offwind-dc,0.5281106302792402,0.4079115202354648,0.12019911004377543
standard,1000,DK2 0AC,offwind-dc,0.5374286514500473,0.4288294869623629,0.10859916448768436
standard,1000,DK2 0AC,offwind-dc,0.5234900033591082,0.3880901175749791,0.13539988578412915
standard,1000,DK2 0AC,offwind-dc,0.533336337863422,0.4120454106141415,0.12129092724928053
standard,1000,DK2 0AC,offwind-dc,0.5485286376783158,0.4477341306423495,0.10079450703596632
standard,1000,DK2 0AC,offwind-dc,0.5416692684251417,0.43386443730130486,0.10780483112383688
standard,1000,DK2 0AC,offwind-dc,0.5268677092703289,0.39725711995345864,0.12961058931687025
standard,1000,DK2 0AC,offwind-dc,0.5335381961186054,0.4056079218490103,0.12793027426959513
standard,1000,DK2 0AC,offwind-dc,0.5381294901486953,0.42008881902101347,0.1180406711276818
standard,1000,DK2 0AC,offwind-dc,0.549941553335798,0.44889826121589627,0.1010432921199017
standard,1000,DK2 0AC,offwind-dc,0.526358230474367,0.39440056310822996,0.13195766736613707
standard,1000,DK2 0AC,offwind-dc,0.5307240790711227,0.3990484763665148,0.13167560270460793
standard,1000,DK2 0AC,offwind-dc,0.5252828830034243,0.39363533040429,0.1316475525991343
standard,1000,DK2 0AC,offwind-dc,0.5498359159889483,0.4502585403997349,0.09957737558921342
standard,1000,DK2 0AC,offwind-dc,0.5384968707309652,0.41773936291335023,0.12075750781761496
standard,1000,DK2 0AC,offwind-dc,0.5443926505494215,0.4295941318103109,0.11479851873911062
standard,1000,DK2 0AC,offwind-dc,0.5252011647491072,0.4241317984726228,0.10106936627648438
standard,1000,FR2 0AC,offwind-dc,0.51843754842637,0.40202650469569773,0.11641104373067229
standard,1000,FR2 0AC,offwind-dc,0.5048871695785504,0.3906628809729282,0.11422428860562223
standard,1000,GB1 0AC,offwind-dc,0.4807147851079884,0.358880978028161,0.12183380707982738
standard,1000,GB1 0AC,offwind-dc,0.4964749287230683,0.3835973647362286,0.11287756398683974
standard,1000,GB1 0AC,offwind-dc,0.4935220543828766,0.3726445638845891,0.1208774904982875
standard,1000,GB1 0AC,offwind-dc,0.5065938729846329,0.39308988859163957,0.1135039843929933
standard,1000,GB1 0AC,offwind-dc,0.4999283681373663,0.3500040531882373,0.149924314949129
standard,1000,GB1 0AC,offwind-dc,0.5024822223965012,0.3587072227145973,0.14377499968190388
standard,1000,GB1 0AC,offwind-dc,0.502326599292638,0.3500463563973716,0.15228024289526643
standard,1000,GB1 0AC,offwind-dc,0.507982890129138,0.3597355590463625,0.1482473310827755
standard,1000,GB1 0AC,offwind-dc,0.5091913761332705,0.3651862474703962,0.1440051286628743
standard,1000,GB1 0AC,offwind-dc,0.5082431451998617,0.3741529899783394,0.1340901552215223
standard,1000,GB1 0AC,offwind-dc,0.5107004250126406,0.3603610050615485,0.15033941995109207
standard,1000,GB1 0AC,offwind-dc,0.5067734888867256,0.3554055678293696,0.15136792105735597
standard,1000,GB1 0AC,offwind-dc,0.5108349098235253,0.36831677493788895,0.14251813488563636
standard,1000,GB1 0AC,offwind-dc,0.512945272988976,0.36611756855766087,0.1468277044313151
standard,1000,GB1 0AC,offwind-dc,0.513361738773437,0.3650805792124499,0.14828115956098714
standard,1000,GB1 0AC,offwind-dc,0.5120759812069614,0.3669852261468864,0.14509075506007502
standard,1000,GB1 0AC,offwind-dc,0.5030847863757631,0.3513733739756397,0.15171141240012342
standard,1000,GB1 0AC,offwind-dc,0.5079797169763627,0.3821965929888224,0.12578312398754027
standard,1000,GB1 0AC,offwind-dc,0.5127042593639192,0.3633778657699872,0.14932639359393196
standard,1000,GB1 0AC,offwind-dc,0.5090051623443628,0.37679449626512346,0.13221066607923931
standard,1000,GB1 0AC,offwind-dc,0.5100708724840436,0.3527624016357044,0.1573084708483392
standard,1000,GB1 0AC,offwind-dc,0.5158442949832727,0.3647387002914384,0.15110559469183427
standard,1000,GB1 0AC,offwind-dc,0.5099762820513712,0.37353164829825136,0.13644463375311988
standard,1000,GB1 0AC,offwind-dc,0.512432014047407,0.3667261086190168,0.14570590542839024
standard,1000,GB1 0AC,offwind-dc,0.5069134027121458,0.38393936005310103,0.12297404265904477
standard,1000,GB1 0AC,offwind-dc,0.5012771902972525,0.34710453812572317,0.1541726521715293
standard,1000,GB1 0AC,offwind-dc,0.5244157564673989,0.36826055586681783,0.15615520060058108
standard,1000,GB1 0AC,offwind-dc,0.5117738692271531,0.36091740274005235,0.15085646648710072
standard,1000,GB1 0AC,offwind-dc,0.5251771070118862,0.3691784737405383,0.15599863327134794
standard,1000,GB1 0AC,offwind-dc,0.5107366799765493,0.36321046765825793,0.14752621231829133
standard,1000,GB1 0AC,offwind-dc,0.511971518828561,0.36228177853822735,0.1496897402903336
standard,1000,GB1 0AC,offwind-dc,0.510810129815091,0.3667268726104353,0.1440832572046557
standard,1000,GB1 0AC,offwind-dc,0.5075700420344742,0.3752042711677544,0.1323657708667198
standard,1000,GB1 0AC,offwind-dc,0.5158180990645642,0.3605153930775541,0.15530270598701013
standard,1000,GB1 0AC,offwind-dc,0.5300986593745441,0.3817787634778154,0.14831989589672873
standard,1000,GB1 0AC,offwind-dc,0.5058736546038826,0.38464149591267943,0.12123215869120313
standard,1000,GB1 0AC,offwind-dc,0.528459686210556,0.3754205202380827,0.15303916597247325
standard,1000,GB1 0AC,offwind-dc,0.5180747371379754,0.3645402783641867,0.15353445877378868
standard,1000,GB1 0AC,offwind-dc,0.5093963350368004,0.3642052771604165,0.14519105787638387
standard,1000,GB1 0AC,offwind-dc,0.506084652297597,0.37881603970374755,0.12726861259384947
standard,1000,GB1 0AC,offwind-dc,0.5060882379553389,0.37429378938647045,0.1317944485688684
standard,1000,GB1 0AC,offwind-dc,0.5136590232637316,0.3596736728822146,0.153985350381517
standard,1000,GB1 0AC,offwind-dc,0.5209513623051775,0.3663075771389552,0.1546437851662223
standard,1000,GB1 0AC,offwind-dc,0.5283850108551403,0.3739744307593384,0.15441058009580194
standard,1000,GB1 0AC,offwind-dc,0.51238229494435,0.36450063952790385,0.1478816554164461
standard,1000,GB1 0AC,offwind-dc,0.5076173866462125,0.3643867971302709,0.1432305895159416
standard,1000,GB1 0AC,offwind-dc,0.527975386737768,0.3723934766154484,0.1555819101223196
standard,1000,GB1 0AC,offwind-dc,0.5174311438203992,0.36534860576944744,0.1520825380509518
standard,1000,GB1 0AC,offwind-dc,0.5148418557408249,0.36500735879803864,0.14983449694278622
standard,1000,GB1 0AC,offwind-dc,0.5230423153029029,0.3712141521105381,0.1518281631923648
standard,1000,GB1 0AC,offwind-dc,0.5179055693100205,0.36741338182682703,0.15049218748319348
standard,1000,GB1 0AC,offwind-dc,0.5061285597365328,0.3836783292334224,0.12245023050311044
standard,1000,GB1 0AC,offwind-dc,0.5070205111117831,0.3858332655923754,0.12118724551940774
standard,1000,GB4 0AC,offwind-dc,0.5250378768452316,0.44979951912964916,0.07523835771558246
standard,1000,GB4 0AC,offwind-dc,0.5222239479931172,0.4404757707490953,0.08174817724402195
standard,1000,GB4 0AC,offwind-dc,0.5117162159588807,0.4135542996547968,0.09816191630408394
standard,1000,GB4 0AC,offwind-dc,0.5229009531766539,0.44367001015615093,0.07923094302050293
standard,1000,NL2 0AC,offwind-dc,0.5064062172608933,0.4310609522879671,0.07534526497292621
standard,1000,NL2 0AC,offwind-dc,0.5281069747527346,0.42988430793469695,0.09822266681803765
standard,1000,NL2 0AC,offwind-dc,0.5125903222926735,0.42604180966495586,0.08654851262771768
standard,1000,NL2 0AC,offwind-dc,0.5069859797083964,0.4893599146646888,0.017626065043707617
standard,1000,NL2 0AC,offwind-dc,0.5055661947620695,0.43600658343773535,0.06955961132433419
standard,1000,NL2 0AC,offwind-dc,0.5048063559533836,0.44871535348032754,0.056091002473056095
standard,1000,NL2 0AC,offwind-dc,0.5243529205010405,0.4141299548418755,0.11022296565916506
standard,1000,NL2 0AC,offwind-dc,0.5064407610179812,0.4282843067673205,0.0781564542506607
standard,1000,NL2 0AC,offwind-dc,0.5295882285293548,0.435905438993616,0.09368278953573883
standard,1000,NL2 0AC,offwind-dc,0.5220926046912151,0.4114936330347382,0.11059897165647692
standard,1000,NL2 0AC,offwind-dc,0.5149843152963881,0.42767674488229457,0.08730757041409354
standard,1000,NL2 0AC,offwind-dc,0.5193319759969763,0.43080946063122916,0.08852251536574718
standard,1000,NL2 0AC,offwind-dc,0.5081377432191905,0.4250542395315929,0.08308350368759759
standard,1000,NL2 0AC,offwind-dc,0.5139432655423425,0.426011701184901,0.08793156435744148
standard,1000,NL2 0AC,offwind-dc,0.5055350673236647,0.4339266114737755,0.07160845584988923
standard,1000,NL2 0AC,offwind-dc,0.5244416529653916,0.43201760253716526,0.09242405042822632
standard,1000,NL2 0AC,offwind-dc,0.5178554600274282,0.4256738609518138,0.0921815990756144
standard,1000,NL2 0AC,offwind-dc,0.5048099721677636,0.4392449877853028,0.06556498438246078
standard,1000,NL2 0AC,offwind-dc,0.5230214502823431,0.4225556734515083,0.10046577683083485
standard,1000,NL2 0AC,offwind-dc,0.5140815302284039,0.42442694410685333,0.08965458612155053
standard,1000,NL2 0AC,offwind-dc,0.5194047242474339,0.42175963604538985,0.09764508820204404
standard,1000,NL2 0AC,offwind-dc,0.5060988768553558,0.43020371522252077,0.07589516163283505
standard,1000,NL2 0AC,offwind-dc,0.5067387309664417,0.4546816901741954,0.05205704079224632
standard,1000,NL2 0AC,offwind-dc,0.5164405631746254,0.42259610118011176,0.09384446199451363
standard,1000,NL2 0AC,offwind-dc,0.5088606235727788,0.42290541712057744,0.0859552064522014
standard,1000,NL2 0AC,offwind-dc,0.5125240635083267,0.42258350329189615,0.08994056021643054
standard,1000,NL2 0AC,offwind-dc,0.5058533365794626,0.44156527469247925,0.06428806188698338
standard,1000,NL2 0AC,offwind-dc,0.5160638170701382,0.40304568288797427,0.11301813418216389
standard,1000,NL2 0AC,offwind-dc,0.5091275086723894,0.4286107797658591,0.08051672890653033
standard,1000,NL2 0AC,offwind-dc,0.5081493854760077,0.44097393580730404,0.0671754496687037
standard,1000,NL2 0AC,offwind-dc,0.508754287464384,0.45378097507583753,0.05497331238854647
standard,1000,NL2 0AC,offwind-dc,0.5159302587389814,0.413303111056915,0.10262714768206638
standard,1000,NL2 0AC,offwind-dc,0.5141959238494102,0.42231302784894276,0.0918828960004674
standard,1000,NL2 0AC,offwind-dc,0.5096739099718743,0.43868272368283245,0.07099118628904189
standard,1000,NL2 0AC,offwind-dc,0.5155336934313194,0.4165541040079418,0.09897958942337759
standard,1000,NL2 0AC,offwind-dc,0.5103160659433944,0.45238718787185583,0.05792887807153857
standard,1000,NL2 0AC,offwind-dc,0.5124008457170451,0.4310681609885821,0.08133268472846306
standard,1000,NL2 0AC,offwind-dc,0.5144774784447164,0.4106329144818185,0.10384456396289787
standard,1000,NL2 0AC,offwind-dc,0.5122113370027442,0.4392625781975352,0.07294875880520901
standard,1000,NL2 0AC,offwind-dc,0.5146600525926806,0.423296727593014,0.09136332499966654
standard,1000,NL2 0AC,offwind-dc,0.5118939375158769,0.4492831239551879,0.06261081356068898
standard,1000,NL2 0AC,offwind-dc,0.5140149108601428,0.43047266142650253,0.0835422494336403
standard,1000,NL2 0AC,offwind-dc,0.5188306806136219,0.4378573099994114,0.0809733706142105
standard,1000,NL2 0AC,offwind-dc,0.5157867271207244,0.42341902303794293,0.09236770408278144
standard,1000,NL2 0AC,offwind-dc,0.5152553982316153,0.44278130848918673,0.07247408974242853
standard,1000,NL2 0AC,offwind-dc,0.5145230819060955,0.41059761769393566,0.10392546421215987
standard,1000,NL2 0AC,offwind-dc,0.5177458553490971,0.43613111994349063,0.08161473540560649
standard,1000,NL2 0AC,offwind-dc,0.5176376476678181,0.4218136325105759,0.09582401515724215
standard,1000,NL2 0AC,offwind-dc,0.5181490954424505,0.4275684636061659,0.09058063183628456
standard,1000,NL2 0AC,offwind-dc,0.5187550352530137,0.43249168174132174,0.08626335351169195
standard,1000,NO0 0AC,offwind-dc,0.5086165960329894,0.42155330718751477,0.0870632888454746
standard,1000,NO0 0AC,offwind-dc,0.518488804306323,0.43408879010146245,0.0844000142048606
standard,1000,NO0 0AC,offwind-dc,0.5363359010529509,0.46618698381457296,0.07014891723837796
standard,1000,NO0 0AC,offwind-dc,0.5425350948602817,0.46511203147940605,0.07742306338087568
standard,1000,NO0 0AC,offwind-dc,0.5359623411484826,0.4583999729106436,0.07756236823783902
standard,1000,DE2 0AC,offwind-float,0.4987871533086571,0.36317792381715935,0.13560922949149773
standard,1000,DK2 0AC,offwind-float,0.5052409541345737,0.35895708756677464,0.14628386656779907
standard,1000,DK2 0AC,offwind-float,0.5069730208144096,0.35830085774732545,0.1486721630670842
standard,1000,DK2 0AC,offwind-float,0.5158902960361439,0.3664101030948559,0.149480192941288
standard,1000,DK2 0AC,offwind-float,0.5103260349457384,0.3605300779914638,0.14979595695427456
standard,1000,DK2 0AC,offwind-float,0.5438000500875325,0.38764435814763215,0.15615569193990037
standard,1000,DK2 0AC,offwind-float,0.5467274106829267,0.3894179900801968,0.15730942060272995
standard,1000,DK2 0AC,offwind-float,0.5211006114132678,0.37546790606007585,0.14563270535319195
standard,1000,DK2 0AC,offwind-float,0.51141794536893,0.37173158671616374,0.1396863586527663
standard,1000,DK2 0AC,offwind-float,0.5035725003047485,0.36512894673148505,0.1384435535732635
standard,1000,GB1 0AC,offwind-float,0.44715995210519793,0.3078434436826111,0.13931650842258686
standard,1000,GB1 0AC,offwind-float,0.514870728455643,0.3789262648685925,0.13594446358705048
standard,1000,GB1 0AC,offwind-float,0.4698805270470062,0.32922923847679925,0.14065128857020698
standard,1000,GB1 0AC,offwind-float,0.5037217133437313,0.3647899280875693,0.13893178525616195
standard,1000,GB1 0AC,offwind-float,0.4558748297711581,0.3028686775609114,0.15300615221024672
standard,1000,GB1 0AC,offwind-float,0.48616769836405216,0.34534261167468594,0.14082508668936622
standard,1000,GB1 0AC,offwind-float,0.5070647265863275,0.3692314177310154,0.1378333088553121
standard,1000,GB1 0AC,offwind-float,0.5190946219220985,0.38564573107711275,0.1334488908449858
standard,1000,GB1 0AC,offwind-float,0.5035065091405168,0.36445930115276187,0.13904720798775488
standard,1000,GB1 0AC,offwind-float,0.4580230129580634,0.31594440890194503,0.14207860405611838
standard,1000,GB1 0AC,offwind-float,0.5168439692065706,0.38317317559402003,0.13367079361255058
standard,1000,GB1 0AC,offwind-float,0.4949250341524555,0.35047153626746014,0.14445349788499534
standard,1000,GB1 0AC,offwind-float,0.5191755889202573,0.3865353966959368,0.1326401922243205
standard,1000,GB1 0AC,offwind-float,0.49242819244391167,0.3487731731733355,0.14365501927057617
standard,1000,GB1 0AC,offwind-float,0.5132627208759765,0.3768723997397882,0.13639032113618826
standard,1000,GB1 0AC,offwind-float,0.5020243339732434,0.36072541847795203,0.1412989154952914
standard,1000,GB1 0AC,offwind-float,0.4782892863141944,0.3254585521438333,0.15283073417036108
standard,1000,GB1 0AC,offwind-float,0.5086813368959416,0.37008116842642147,0.13860016846952017
standard,1000,GB1 0AC,offwind-float,0.506583504035011,0.36180225055244025,0.1447812534825707
standard,1000,GB1 0AC,offwind-float,0.49351756746361514,0.34066900811643785,0.15284855934717728
standard,1000,GB1 0AC,offwind-float,0.47561719627624166,0.3208214649588874,0.15479573131735425
standard,1000,GB1 0AC,offwind-float,0.5019454805463799,0.3581769807796783,0.14376849976670159
standard,1000,GB1 0AC,offwind-float,0.5140217740808876,0.3795899887973307,0.13443178528355687
standard,1000,GB1 0AC,offwind-float,0.5142773944233501,0.37961378620255287,0.1346636082207972
standard,1000,GB1 0AC,offwind-float,0.5126713640047992,0.3651890109572591,0.1474823530475401
standard,1000,GB1 0AC,offwind-float,0.5104451168887545,0.3661314350411792,0.14431368184757531
standard,1000,GB1 0AC,offwind-float,0.5088184454486027,0.3676276329257779,0.14119081252282478
standard,1000,GB1 0AC,offwind-float,0.5123778667675531,0.3624149390240939,0.14996292774345926
standard,1000,GB1 0AC,offwind-float,0.5029965951355716,0.3512088610560933,0.15178773407947832
standard,1000,GB1 0AC,offwind-float,0.44631914351349145,0.28802717398899197,0.15829196952449948
standard,1000,GB1 0AC,offwind-float,0.5168313522717005,0.3702232903772404,0.14660806189446013
standard,1000,GB1 0AC,offwind-float,0.509679601102579,0.3719710020173363,0.13770859908524274
standard,1000,GB1 0AC,offwind-float,0.5094342754847262,0.3663769308330661,0.1430573446516601
standard,1000,GB1 0AC,offwind-float,0.4785405415139146,0.3223287791547778,0.1562117623591368
standard,1000,GB1 0AC,offwind-float,0.5089877344580701,0.3722663081546267,0.13672142630344342
standard,1000,GB1 0AC,offwind-float,0.5111233639426741,0.3751004889901324,0.13602287495254173
standard,1000,GB1 0AC,offwind-float,0.4763511937218166,0.31706729918992493,0.15928389453189168
standard,1000,GB1 0AC,offwind-float,0.5135018090379899,0.3695006448950043,0.14400116414298564
standard,1000,GB1 0AC,offwind-float,0.5078275531503469,0.36717306351621215,0.14065448963413474
standard,1000,GB1 0AC,offwind-float,0.4920354602057083,0.3354896633731521,0.1565457968325562
standard,1000,GB1 0AC,offwind-float,0.5113291979280857,0.3613779814889665,0.14995121643911924
standard,1000,GB1 0AC,offwind-float,0.5119497192516201,0.3678733921371641,0.14407632711445606
standard,1000,GB1 0AC,offwind-float,0.4798735738669555,0.31838856304920976,0.16148501081774574
standard,1000,GB1 0AC,offwind-float,0.5037742224744962,0.35073277195079877,0.15304145052369744
standard,1000,GB1 0AC,offwind-float,0.4926125422198721,0.33402703172473164,0.15858551049514047
standard,1000,GB1 0AC,offwind-float,0.5088607168839138,0.3650775111283942,0.14378320575551956
standard,1000,GB1 0AC,offwind-float,0.5139710035772358,0.3671656682955927,0.14680533528164308
standard,1000,GB1 0AC,offwind-float,0.5080511166505711,0.3690436265763722,0.13900749007419894
standard,1000,GB1 0AC,offwind-float,0.5104460662125183,0.36035294325325073,0.15009312295926758
standard,1000,GB1 0AC,offwind-float,0.5051768443068494,0.34860066518953964,0.15657617911730976
standard,1000,GB1 0AC,offwind-float,0.5066688186099145,0.3673632606520015,0.13930555795791305
standard,1000,GB1 0AC,offwind-float,0.5081888724551793,0.3561469593008863,0.152041913154293
standard,1000,GB1 0AC,offwind-float,0.5104468430064508,0.36550442393257765,0.14494241907387317
standard,1000,GB1 0AC,offwind-float,0.4982342774950064,0.33654855979775666,0.1616857176972497
standard,1000,GB1 0AC,offwind-float,0.5070959385541297,0.3658851165171229,0.1412108220370068
standard,1000,GB1 0AC,offwind-float,0.5123124217525851,0.36419739324032807,0.148115028512257
standard,1000,GB1 0AC,offwind-float,0.5050509612609929,0.36235219727425294,0.14269876398673997
standard,1000,GB1 0AC,offwind-float,0.4954814830415876,0.3310119685529455,0.1644695144886421
standard,1000,GB1 0AC,offwind-float,0.5042916555475657,0.343529888494689,0.1607617670528767
standard,1000,GB1 0AC,offwind-float,0.49969197050928904,0.36052838126355813,0.1391635892457309
standard,1000,GB1 0AC,offwind-float,0.5053037535682687,0.36701591207689366,0.13828784149137507
standard,1000,GB1 0AC,offwind-float,0.503901186483593,0.36450707240434016,0.1393941140792529
standard,1000,GB1 0AC,offwind-float,0.5091467413209082,0.36275549173621435,0.14639124958469385
standard,1000,GB1 0AC,offwind-float,0.5070777968632338,0.35300064294799033,0.15407715391524351
standard,1000,GB1 0AC,offwind-float,0.5079722416481265,0.3579720739131185,0.15000016773500796
standard,1000,GB1 0AC,offwind-float,0.5051253375065327,0.36058154410981624,0.1445437933967164
standard,1000,GB1 0AC,offwind-float,0.5079214826067948,0.35665815814156926,0.15126332446522556
standard,1000,GB1 0AC,offwind-float,0.501174595966063,0.36051907636927444,0.14065551959678851
standard,1000,GB1 0AC,offwind-float,0.5074091472135451,0.34402787073175756,0.16338127648178757
standard,1000,GB1 0AC,offwind-float,0.5065754176161702,0.34976806210566225,0.15680735551050795
standard,1000,GB1 0AC,offwind-float,0.5078728427629357,0.36018610792340483,0.14768673483953082
standard,1000,GB1 0AC,offwind-float,0.4997670510942955,0.3573277332304747,0.1424393178638208
standard,1000,GB1 0AC,offwind-float,0.5020041733537793,0.36310702885487184,0.1388971444989075
standard,1000,GB1 0AC,offwind-float,0.5046895424124089,0.3592372724608237,0.14545226995158522
standard,1000,GB1 0AC,offwind-float,0.508412571828708,0.3554385392075196,0.15297403262118842
standard,1000,GB1 0AC,offwind-float,0.5070851336240345,0.3580327999098924,0.14905233371414212
standard,1000,GB1 0AC,offwind-float,0.5070811961259838,0.34865634852824806,0.15842484759773573
standard,1000,GB1 0AC,offwind-float,0.5052331843711331,0.35780597737697173,0.14742720699416134
standard,1000,GB1 0AC,offwind-float,0.5081065714587794,0.355575456034928,0.15253111542385134
standard,1000,GB1 0AC,offwind-float,0.49625933764022667,0.3548491802247936,0.14141015741543306
standard,1000,GB1 0AC,offwind-float,0.5011805986903187,0.35594918122582475,0.14523141746449397
standard,1000,GB1 0AC,offwind-float,0.49858454245368133,0.35769520013031164,0.1408893423233697
standard,1000,GB1 0AC,offwind-float,0.5039555210861525,0.3564306618205999,0.1475248592655526
standard,1000,GB1 0AC,offwind-float,0.4962823948688698,0.35596736473956797,0.14031503012930185
standard,1000,GB1 0AC,offwind-float,0.4977975912746507,0.3543503959556782,0.1434471953189725
standard,1000,GB1 0AC,offwind-float,0.5084315435336656,0.35189969860596687,0.15653184492769873
standard,1000,GB1 0AC,offwind-float,0.5056476398672697,0.35571283638347884,0.14993480348379085
standard,1000,GB1 0AC,offwind-float,0.4950379872784713,0.35366157257078107,0.14137641470769025
standard,1000,GB1 0AC,offwind-float,0.5012730133657554,0.3554930091064149,0.14578000425934046
standard,1000,GB1 0AC,offwind-float,0.5063777930626099,0.35502029268323165,0.15135750037937823
standard,1000,GB1 0AC,offwind-float,0.5100580698348963,0.34885632959061885,0.16120174024427747
standard,1000,GB1 0AC,offwind-float,0.5038646155104058,0.35607853093692343,0.1477860845734824
standard,1000,GB1 0AC,offwind-float,0.4938389101411988,0.3532368947286278,0.140602015412571
standard,1000,GB1 0AC,offwind-float,0.497186396455573,0.35416891528334493,0.14301748117222807
standard,1000,GB1 0AC,offwind-float,0.4993115897216209,0.3543226513545692,0.14498893836705168
standard,1000,GB1 0AC,offwind-float,0.49574329110832055,0.3530950200698027,0.14264827103851785
standard,1000,GB1 0AC,offwind-float,0.5039440080756039,0.35404024174959686,0.14990376632600705
standard,1000,GB1 0AC,offwind-float,0.4930315668509898,0.3529853432693058,0.140046223581684
standard,1000,GB1 0AC,offwind-float,0.5065899709144398,0.3532494369360506,0.1533405339783892
standard,1000,GB1 0AC,offwind-float,0.5018763169976402,0.35520829486160915,0.14666802213603108
standard,1000,GB1 0AC,offwind-float,0.49913719359858644,0.3535918538351995,0.14554533976338696
standard,1000,GB1 0AC,offwind-float,0.4964548144810466,0.35339016777196336,0.14306464670908325
standard,1000,GB1 0AC,offwind-float,0.5047259955098796,0.3531066241866947,0.15161937132318493
standard,1000,GB1 0AC,offwind-float,0.5018722284284532,0.3525958521107582,0.14927637631769503
standard,1000,GB1 0AC,offwind-float,0.5027405016699297,0.35164714040066614,0.15109336126926354
standard,1000,GB1 0AC,offwind-float,0.5022118428004585,0.3534383303136604,0.1487735124867981
standard,1000,GB1 0AC,offwind-float,0.5047437512645724,0.3467054986668646,0.15803825259770776
standard,1000,GB1 0AC,offwind-float,0.5043911334549698,0.3519513536771835,0.15243977977778628
standard,1000,GB1 0AC,offwind-float,0.5052836555031023,0.35299862173234314,0.15228503377075914
standard,1000,GB1 0AC,offwind-float,0.5037405867415345,0.35385392598229565,0.1498866607592389
standard,1000,GB4 0AC,offwind-float,0.4829295757950118,0.33517406265196453,0.14775551314304725
standard,1000,GB4 0AC,offwind-float,0.5250378768452316,0.38985860462377825,0.13517927222145337
standard,1000,GB4 0AC,offwind-float,0.5041430844495899,0.3585020740727711,0.14564101037681876
standard,1000,GB4 0AC,offwind-float,0.5227343759474771,0.3883555453303862,0.13437883061709088
standard,1000,GB4 0AC,offwind-float,0.5237827171933098,0.3913158829022061,0.13246683429110373
standard,1000,GB4 0AC,offwind-float,0.526153722338142,0.39789158128422975,0.1282621410539122
standard,1000,GB4 0AC,offwind-float,0.5241866864315348,0.39251441655006136,0.1316722698814734
standard,1000,GB4 0AC,offwind-float,0.5273047831363538,0.3981578722342675,0.12914691090208624
standard,1000,GB4 0AC,offwind-float,0.5254974097482007,0.39733583746572354,0.12816157228247715
standard,1000,GB4 0AC,offwind-float,0.5245941626008181,0.3925680300052475,0.13202613259557067
standard,1000,GB4 0AC,offwind-float,0.5199726288732285,0.3874525508061751,0.1325200780670534
standard,1000,GB4 0AC,offwind-float,0.5239641999196223,0.39534829517766756,0.12861590474195472
standard,1000,GB4 0AC,offwind-float,0.523579498422797,0.39252136355828093,0.13105813486451612
standard,1000,GB4 0AC,offwind-float,0.5269072680158147,0.4030063905030997,0.12390087751271495
standard,1000,GB4 0AC,offwind-float,0.5160496486108274,0.3821142997909033,0.13393534881992408
standard,1000,GB4 0AC,offwind-float,0.5223771550433163,0.4007366012888404,0.12164055375447586
standard,1000,GB4 0AC,offwind-float,0.522264911380108,0.392048357571048,0.13021655380906
standard,1000,GB4 0AC,offwind-float,0.5226826920357952,0.39864671891109094,0.12403597312470427
standard,1000,GB4 0AC,offwind-float,0.5185761736264748,0.3942413876057242,0.1243347860207506
standard,1000,GB4 0AC,offwind-float,0.5189383742000249,0.3970684374706621,0.12186993672936275
standard,1000,GB4 0AC,offwind-float,0.5185262828719925,0.39151710721597577,0.12700917565601677
standard,1000,GB4 0AC,offwind-float,0.5186630459079188,0.3861438471453667,0.13251919876255208
standard,1000,GB4 0AC,offwind-float,0.5138218515093019,0.389363487147031,0.12445836436227092
standard,1000,GB4 0AC,offwind-float,0.514911539508265,0.3917162856001104,0.12319525390815456
standard,1000,GB4 0AC,offwind-float,0.5196756772994536,0.3877330017259814,0.13194267557347222
standard,1000,GB4 0AC,offwind-float,0.5158521904486983,0.3865347558265881,0.12931743462211026
standard,1000,GB4 0AC,offwind-float,0.5132176129392545,0.37712477159048824,0.13609284134876626
standard,1000,GB4 0AC,offwind-float,0.5097701651970357,0.3879767450783731,0.12179342011866257
standard,1000,GB4 0AC,offwind-float,0.5121943728744949,0.38206182842711095,0.13013254444738392
standard,1000,GB4 0AC,offwind-float,0.5178031354111986,0.38406399573272687,0.13373913967847173
standard,1000,GB4 0AC,offwind-float,0.5095354746356267,0.3712277712405996,0.13830770339502707
standard,1000,GB4 0AC,offwind-float,0.5033611885811311,0.38137730780915013,0.12198388077198097
standard,1000,GB4 0AC,offwind-float,0.5083640807775623,0.38173963353426976,0.12662444724329258
standard,1000,GB4 0AC,offwind-float,0.5137455162456782,0.3775720898054864,0.1361734264401918
standard,1000,GB4 0AC,offwind-float,0.5097085811900244,0.37519728724962775,0.13451129394039663
standard,1000,GB4 0AC,offwind-float,0.512469653747838,0.3789259287977537,0.13354372495008432
standard,1000,GB4 0AC,offwind-float,0.5087160885499927,0.37780893734586907,0.13090715120412366
standard,1000,GB4 0AC,offwind-float,0.5032453810336528,0.3632603768343741,0.13998500419927867
standard,1000,GB4 0AC,offwind-float,0.4907640870205377,0.36365782573287897,0.12710626128765873
standard,1000,GB4 0AC,offwind-float,0.5045347101318095,0.37624430776425555,0.12829040236755396
standard,1000,GB4 0AC,offwind-float,0.49799549270330723,0.3739286676213635,0.12406682508194372
standard,1000,GB4 0AC,offwind-float,0.5056368482322875,0.37242309341013413,0.13321375482215336
standard,1000,GB4 0AC,offwind-float,0.5069086112369035,0.36809910623406183,0.13880950500284162
standard,1000,GB4 0AC,offwind-float,0.5018603019864578,0.3721083977346621,0.12975190425179572
standard,1000,GB4 0AC,offwind-float,0.5056340219024866,0.3690347638914895,0.13659925801099715
standard,1000,GB4 0AC,offwind-float,0.494584972399799,0.36933384659693747,0.12525112580286152
standard,1000,GB4 0AC,offwind-float,0.5022809041516066,0.36697138952530706,0.1353095146262996
standard,1000,GB4 0AC,offwind-float,0.5003817622477852,0.3586503511561222,0.14173141109166298
standard,1000,GB4 0AC,offwind-float,0.49986530888367253,0.3676262971268612,0.13223901175681135
standard,1000,GB4 0AC,offwind-float,0.5028146109523387,0.3638920775190061,0.1389225334333326
standard,1000,GB4 0AC,offwind-float,0.49468058668908393,0.3632253358112247,0.13145525087785925
standard,1000,GB4 0AC,offwind-float,0.500227651602943,0.3613305744518709,0.13889707715107213
standard,1000,GB4 0AC,offwind-float,0.49918452827669013,0.36522725471550727,0.13395727356118287
standard,1000,GB4 0AC,offwind-float,0.49603786549381773,0.3630903122924626,0.13294755320135515
standard,1000,GB4 0AC,offwind-float,0.48899352941086555,0.36159225540443307,0.12740127400643247
standard,1000,NL2 0AC,offwind-float,0.5063052993974115,0.3783199273791037,0.12798537201830784
standard,1000,NL2 0AC,offwind-float,0.40083499669323225,0.26111305666999696,0.1397219400232353
standard,1000,NO0 0AC,offwind-float,0.496783701422292,0.3684848756991304,0.1282988257231616
standard,1000,NO0 0AC,offwind-float,0.49729451538281466,0.3694323624777097,0.12786215290510494
standard,1000,NO0 0AC,offwind-float,0.4943803382880694,0.364585511478178,0.12979482680989135
standard,1000,NO0 0AC,offwind-float,0.49484467543637006,0.36744154308360505,0.12740313235276501
standard,1000,NO0 0AC,offwind-float,0.4950047023354429,0.36621081523545285,0.12879388709999007
standard,1000,NO0 0AC,offwind-float,0.49245885505600867,0.364006957119581,0.1284518979364277
standard,1000,NO0 0AC,offwind-float,0.4935549959085914,0.3641836074398619,0.12937138846872953
standard,1000,NO0 0AC,offwind-float,0.493672218565269,0.3627015656133669,0.13097065295190208
standard,1000,NO0 0AC,offwind-float,0.49269306209767416,0.3635031945095504,0.12918986758812379
standard,1000,NO0 0AC,offwind-float,0.4936307189068509,0.36587424359633985,0.12775647531051104
standard,1000,NO0 0AC,offwind-float,0.4918328481105444,0.3621213490981882,0.12971149901235618
standard,1000,NO0 0AC,offwind-float,0.490664602249442,0.3645301694391667,0.12613443281027525
standard,1000,NO0 0AC,offwind-float,0.4918179372350359,0.36191932916886943,0.1298986080661665
standard,1000,NO0 0AC,offwind-float,0.4881709174187431,0.3631457790505116,0.12502513836823148
standard,1000,NO0 0AC,offwind-float,0.4857368894432843,0.36350389267642497,0.12223299676685934
standard,1000,NO0 0AC,offwind-float,0.4864473744302837,0.361567665445884,0.1248797089843997
standard,1000,NO0 0AC,offwind-float,0.4968026878475007,0.3665025315649203,0.1303001562825804
standard,1000,NO0 0AC,offwind-float,0.49647363536588407,0.36696621631566273,0.12950741905022134
standard,1000,NO0 0AC,offwind-float,0.49433980453212145,0.3663607809802445,0.12797902355187696
standard,1000,NO0 0AC,offwind-float,0.4916842233131339,0.3617657374724366,0.12991848584069726
standard,1000,NO0 0AC,offwind-float,0.4998424545338563,0.36789436485803073,0.13194808967582555
standard,1000,NO0 0AC,offwind-float,0.48154334385738534,0.3575112961565409,0.12403204770084442
standard,1000,NO0 0AC,offwind-float,0.4842343306266809,0.3583066874930405,0.1259276431336404
standard,1000,NO0 0AC,offwind-float,0.4915224498084045,0.36195312335187724,0.12956932645652725
standard,1000,NO0 0AC,offwind-float,0.49088973148489706,0.3608807847062511,0.13000894677864594
standard,1000,NO0 0AC,offwind-float,0.49511735927460465,0.36668106679985224,0.1284362924747524
standard,1000,NO0 0AC,offwind-float,0.2657625713317122,0.17359074116999793,0.09217183016171429
standard,1000,NO0 0AC,offwind-float,0.3177347983192541,0.21887740898141966,0.09885738933783444
standard,1000,NO0 0AC,offwind-float,0.3063808250408853,0.20466709032722835,0.10171373471365697
standard,1000,NO0 0AC,offwind-float,0.4761247692366871,0.3531325962217885,0.12299217301489862
standard,1000,NO0 0AC,offwind-float,0.5006482803456145,0.3686501277558962,0.1319981525897183
standard,1000,NO0 0AC,offwind-float,0.49805531202794273,0.3669939920463477,0.13106131998159504
standard,1000,NO0 0AC,offwind-float,0.4924502155163715,0.36214813472569074,0.13030208079068079
standard,1000,NO0 0AC,offwind-float,0.49471276186613494,0.3647074159253429,0.13000534594079205
standard,1000,NO0 0AC,offwind-float,0.48890069880733383,0.3607143943785366,0.12818630442879725
standard,1000,NO0 0AC,offwind-float,0.48385367386109485,0.357673116359989,0.12618055750110585
standard,1000,NO0 0AC,offwind-float,0.5019446741904785,0.3682052953931014,0.13373937879737713
standard,1000,NO0 0AC,offwind-float,0.4991530236827033,0.36834701674604114,0.13080600693666217
standard,1000,NO0 0AC,offwind-float,0.47990403343283633,0.3549118746897132,0.12499215874312314
standard,1000,NO0 0AC,offwind-float,0.5028655573054261,0.36988760895554745,0.1329779483498787
standard,1000,NO0 0AC,offwind-float,0.49115334711670133,0.36152437413909577,0.12962897297760556
standard,1000,NO0 0AC,offwind-float,0.5018502504748168,0.3687130152239659,0.13313723525085092
standard,1000,NO0 0AC,offwind-float,0.5002223589275183,0.3704178060250694,0.1298045529024489
standard,1000,NO0 0AC,offwind-float,0.4960501326433132,0.3665405080301952,0.129509624613118
standard,1000,NO0 0AC,offwind-float,0.45482605912447793,0.32880860908548376,0.12601745003899417
standard,1000,NO0 0AC,offwind-float,0.4700383649547195,0.34482013918329735,0.12521822577142216
standard,1000,NO0 0AC,offwind-float,0.5033907477063607,0.3723369966759176,0.13105375103044314
standard,1000,NO0 0AC,offwind-float,0.5058017238096404,0.37218053176184146,0.13362119204779893
standard,1000,NO0 0AC,offwind-float,0.5029900276927667,0.3724647057801358,0.1305253219126309
standard,1000,NO0 0AC,offwind-float,0.4960907137289527,0.365658831666164,0.13043188206278872
standard,1000,NO0 0AC,offwind-float,0.48522227159672593,0.356911292273048,0.1283109793236779
standard,1000,NO0 0AC,offwind-float,0.5075750213156214,0.3770944561496202,0.13048056516600115
standard,1000,NO0 0AC,offwind-float,0.48825975302380825,0.3589240472318435,0.12933570579196474
standard,1000,NO0 0AC,offwind-float,0.46365621656217226,0.3381135186941196,0.12554269786805267
standard,1000,NO0 0AC,offwind-float,0.47412129184072077,0.34970187177069467,0.1244194200700261
standard,1000,NO0 0AC,offwind-float,0.510204071131783,0.3773076098211009,0.1328964613106821
standard,1000,NO0 0AC,offwind-float,0.5045188084778982,0.36989001415564465,0.13462879432225355
standard,1000,NO0 0AC,offwind-float,0.5132620714935258,0.3818565726496721,0.13140549884385366
standard,1000,NO0 0AC,offwind-float,0.4836455238058437,0.3559354203575532,0.12771010344829048
standard,1000,NO0 0AC,offwind-float,0.49924856438201304,0.36933995533237335,0.1299086090496397
standard,1000,NO0 0AC,offwind-float,0.5166746471283769,0.38397706125134934,0.1326975858770275
standard,1000,NO0 0AC,offwind-float,0.5114340206929295,0.3798021682832549,0.13163185240967462
standard,1000,NO0 0AC,offwind-float,0.5118273705281242,0.375404245087232,0.1364231254408922
standard,1000,NO0 0AC,offwind-float,0.5215225533154991,0.38954571199006827,0.13197684132543086
standard,1000,NO0 0AC,offwind-float,0.5077977435309435,0.3750140963828509,0.13278364714809265
standard,1000,NO0 0AC,offwind-float,0.46127073674649655,0.33694954376100794,0.1243211929854886
standard,1000,NO0 0AC,offwind-float,0.4700637279053924,0.3441769349191898,0.1258867929862026
standard,1000,NO0 0AC,offwind-float,0.5190874351736235,0.38460036483134785,0.1344870703422757
standard,1000,NO0 0AC,offwind-float,0.491648045026745,0.3615842782616929,0.13006376676505205
standard,1000,NO0 0AC,offwind-float,0.45139081798713476,0.3257176619653761,0.12567315602175866
standard,1000,NO0 0AC,offwind-float,0.5203768386245206,0.38711085801016454,0.13326598061435602
standard,1000,NO0 0AC,offwind-float,0.5195463201757649,0.38575716570549506,0.1337891544702698
standard,1000,NO0 0AC,offwind-float,0.44582328864253784,0.31747581323268836,0.12834747540984948
standard,1000,NO0 0AC,offwind-float,0.4775599349516873,0.3478951213203639,0.12966481363132343
standard,1000,NO0 0AC,offwind-float,0.5288155003816943,0.39635279920160327,0.13246270118009107
standard,1000,NO0 0AC,offwind-float,0.5046541040111936,0.3727410415649053,0.1319130624462883
standard,1000,NO0 0AC,offwind-float,0.4257269959231361,0.30242042234049527,0.12330657358264085
standard,1000,NO0 0AC,offwind-float,0.5322349592605454,0.39840999503435215,0.13382496422619328
standard,1000,NO0 0AC,offwind-float,0.4444136564650974,0.3155073287134458,0.12890632775165162
standard,1000,NO0 0AC,offwind-float,0.5250923106906749,0.3897790736556299,0.13531323703504494
standard,1000,NO0 0AC,offwind-float,0.37549321806737535,0.2607801701130941,0.11471304795428122
standard,1000,NO0 0AC,offwind-float,0.3616877565898679,0.24858928553603915,0.11309847105382875
standard,1000,NO0 0AC,offwind-float,0.5193793753343241,0.3837177380704349,0.1356616372638892
standard,1000,NO0 0AC,offwind-float,0.5406483275091222,0.40700716655243346,0.1336411609566887
standard,1000,NO0 0AC,offwind-float,0.5333370471557212,0.4004072946940409,0.13292975246168026
standard,1000,NO0 0AC,offwind-float,0.37927061131359974,0.26220984530095115,0.11706076601264859
standard,1000,NO0 0AC,offwind-float,0.2816915189272813,0.1874176265089695,0.09427389241831177
standard,1000,NO0 0AC,offwind-float,0.495417488438145,0.358080404675107,0.137337083763038
standard,1000,NO0 0AC,offwind-float,0.5275981739328065,0.38960247367877004,0.13799570025403646
standard,1000,NO0 0AC,offwind-float,0.16516695222015376,0.09916995027708918,0.06599700194306458
standard,1000,NO0 0AC,offwind-float,0.10871062694429905,0.06246993345446934,0.046240693489829704
standard,1000,NO0 0AC,offwind-float,0.09036890918319636,0.05167343290933837,0.03869547627385799
standard,1000,NO0 0AC,offwind-float,0.2816915189272813,0.18725467169304322,0.09443684723423806
standard,1000,NO0 0AC,offwind-float,0.4338117662064974,0.30720614829661286,0.12660561790988456
standard,1000,NO0 0AC,offwind-float,0.5263175577518518,0.38965538288713814,0.13666217486471371
standard,1000,NO0 0AC,offwind-float,0.5405662324299929,0.4038482615471985,0.13671797088279442
standard,1000,NO0 0AC,offwind-float,0.5470230121770411,0.41122064181410856,0.13580237036293252
standard,1000,NO0 0AC,offwind-float,0.5422694258252504,0.404894877637725,0.13737454818752537
standard,1000,NO0 0AC,offwind-float,0.5077641711203269,0.3677819921494554,0.1399821789708715
standard,1000,NO0 0AC,offwind-float,0.03784107193939053,0.020404024787592744,0.017437047151797783
standard,1000,NO0 0AC,offwind-float,0.07596654701950818,0.04260806383376256,0.03335848318574562
standard,1000,NO0 0AC,offwind-float,0.0947856907842929,0.0537675521783692,0.0410181386059237
standard,1000,NO0 0AC,offwind-float,0.0982392157346091,0.056027264343154415,0.042211951391454686
standard,1000,NO0 0AC,offwind-float,0.10871062694429905,0.06254926034303741,0.04616136660126163
standard,1000,NO0 0AC,offwind-float,0.5456493366426077,0.4075946088418376,0.1380547278007701
standard,1000,NO0 0AC,offwind-float,0.5188746269906552,0.3757614595208352,0.14311316746982006
standard,1000,NO0 0AC,offwind-float,0.5516302932418733,0.41429777004161883,0.13733252320025446
standard,1000,NO0 0AC,offwind-float,0.48839134146334656,0.34310589697250693,0.14528544449083963
standard,1000,NO0 0AC,offwind-float,0.5112605869191325,0.37265362860082957,0.1386069583183029
standard,1000,NO0 0AC,offwind-float,0.5529708712074534,0.4131498870345869,0.13982098417286648
standard,1000,NO0 0AC,offwind-float,0.5499383001249839,0.40924810574726855,0.14069019437771535
standard,1000,NO0 0AC,offwind-float,0.5540798430828537,0.41408960876318346,0.13999023431967028
standard,1000,NO0 0AC,offwind-float,0.4888685259220438,0.34401704792299254,0.14485147799905124
standard,1000,NO0 0AC,offwind-float,0.01871972660362865,0.009915968671931884,0.008803757931696765
standard,1000,NO0 0AC,offwind-float,0.5534999760317533,0.4110615559086882,0.14243842012306507
standard,1000,NO0 0AC,offwind-float,0.5570978240347312,0.41526656438723347,0.1418312596474977
standard,1000,NO0 0AC,offwind-float,0.5434003249836269,0.39928565113164494,0.14411467385198196
standard,1000,NO0 0AC,offwind-float,0.5165651510080334,0.37334501193254377,0.14322013907548958
standard,1000,NO0 0AC,offwind-float,0.5554102525365175,0.4135157030397383,0.14189454949677927
standard,1000,NO0 0AC,offwind-float,0.5116750571318205,0.36744551641161477,0.14422954072020572
standard,1000,NO0 0AC,offwind-float,0.547890468133022,0.40558879233194134,0.14230167580108066
standard,1000,NO0 0AC,offwind-float,0.5172848753482558,0.3750121926463569,0.14227268270189897
standard,1000,NO0 0AC,offwind-float,0.5339967170869511,0.39140712404766126,0.1425895930392898
standard,1000,NO0 0AC,offwind-float,0.4828903448850333,0.3459287943687785,0.1369615505162548
standard,1000,NO0 0AC,offwind-float,0.4528790686994466,0.3219537691523732,0.13092529954707338
standard,1000,NO0 0AC,offwind-float,0.4389503808402329,0.3098305425680726,0.12911983827216034
standard,1000,NO0 0AC,offwind-float,0.3794900048228364,0.26553920423737754,0.11395080058545887
standard,1000,NO0 0AC,offwind-float,0.5008822361791136,0.3681905492888699,0.13269168689024374
standard,1000,NO0 0AC,offwind-float,0.4943009085610322,0.36473799163719345,0.12956291692383876
standard,1000,NO0 0AC,offwind-float,0.49015612946151615,0.36067775982991424,0.12947836963160192
standard,1000,NO0 0AC,offwind-float,0.45319658563711285,0.32393180151890355,0.1292647841182093
standard,1000,NO0 0AC,offwind-float,0.44376220359986,0.31969374925473387,0.12406845434512614
standard,1000,BE2 0AC,offwind-ac,0.5005810157187689,0.41417813200674014,0.08640288371202876
standard,1000,BE2 0AC,offwind-ac,0.4951950115745678,0.39304504603445917,0.10214996554010863
standard,1000,DE2 0AC,offwind-ac,0.5188247237267584,0.4903955921208391,0.028429131605919256
standard,1000,DE2 0AC,offwind-ac,0.4551465061098371,0.36177502274169104,0.09337148336814605
standard,1000,DE2 0AC,offwind-ac,0.483177997054681,0.40943232352683356,0.07374567352784744
standard,1000,DE2 0AC,offwind-ac,0.5054989657732515,0.4638839067580928,0.04161505901515866
standard,1000,DE2 0AC,offwind-ac,0.48997636607301115,0.4232997585257216,0.06667660754728955
standard,1000,DE2 0AC,offwind-ac,0.4586239609875299,0.36822424351305444,0.09039971747447545
standard,1000,DE2 0AC,offwind-ac,0.3839680056334425,0.28087692858100294,0.10309107705243958
standard,1000,DE2 0AC,offwind-ac,0.4644578419999923,0.3764525997433014,0.08800524225669087
standard,1000,DK2 0AC,offwind-ac,0.5007098263253096,0.36657389731730017,0.1341359290080094
standard,1000,DK2 0AC,offwind-ac,0.5163385434175469,0.3892884935434495,0.1270500498740974
standard,1000,DK2 0AC,offwind-ac,0.5215552561364967,0.39720000104109954,0.12435525509539713
standard,1000,DK2 0AC,offwind-ac,0.501233136214708,0.37831440113713044,0.12291873507757756
standard,1000,DK2 0AC,offwind-ac,0.49510663633487195,0.369242236407786,0.12586439992708598
standard,1000,DK2 0AC,offwind-ac,0.5108283758994012,0.3847801260503796,0.12604824984902163
standard,1000,DK2 0AC,offwind-ac,0.4565298453517917,0.3187804882260823,0.1377493571257094
standard,1000,DK2 0AC,offwind-ac,0.5057058933226071,0.37606546598481533,0.12964042733779174
standard,1000,DK2 0AC,offwind-ac,0.4519082445819633,0.3151141415880179,0.1367941029939454
standard,1000,DK2 0AC,offwind-ac,0.5035856426122818,0.37261844463347193,0.13096719797880985
standard,1000,DK2 0AC,offwind-ac,0.4183596351544088,0.2784765181532136,0.1398831170011952
standard,1000,DK2 0AC,offwind-ac,0.49300779629514413,0.36701697751589574,0.1259908187792484
standard,1000,DK2 0AC,offwind-ac,0.49644935791819433,0.3731723140046715,0.12327704391352284
standard,1000,DK2 0AC,offwind-ac,0.45027558586448035,0.31328814847624936,0.136987437388231
standard,1000,DK2 0AC,offwind-ac,0.49913112337244564,0.3760723404321175,0.12305878294032813
standard,1000,DK2 0AC,offwind-ac,0.5020842737935779,0.3859290906639996,0.11615518312957829
standard,1000,DK2 0AC,offwind-ac,0.4570755583219939,0.3319345359170341,0.12514102240495983
standard,1000,GB1 0AC,offwind-ac,0.3209400978234478,0.2145350625378347,0.1064050352856131
standard,1000,GB1 0AC,offwind-ac,0.34765669286105844,0.22345723678076396,0.12419945608029448
standard,1000,GB1 0AC,offwind-ac,0.39950549423415394,0.2866656103946119,0.11283988383954202
standard,1000,GB1 0AC,offwind-ac,0.4751957843534278,0.38134693016833393,0.09384885418509387
standard,1000,GB1 0AC,offwind-ac,0.40096821386184217,0.27037278010055454,0.13059543376128763
standard,1000,GB1 0AC,offwind-ac,0.42902069360018635,0.3096689596867452,0.11935173391344117
standard,1000,GB1 0AC,offwind-ac,0.38120060425331886,0.25823004436877867,0.1229705598845402
standard,1000,GB1 0AC,offwind-ac,0.43336225412170415,0.3084190116869061,0.12494324243479804
standard,1000,GB1 0AC,offwind-ac,0.4179525923492603,0.3027989846747264,0.11515360767453392
standard,1000,GB1 0AC,offwind-ac,0.3950657451222953,0.2602729924951336,0.13479275262716173
standard,1000,GB1 0AC,offwind-ac,0.44148106103881174,0.30200064567101464,0.1394804153677971
standard,1000,GB1 0AC,offwind-ac,0.4527514078012649,0.3017913178468779,0.15096008995438698
standard,1000,GB1 0AC,offwind-ac,0.4607740784800223,0.3149576054637035,0.14581647301631878
standard,1000,GB1 0AC,offwind-ac,0.450653288069682,0.30975507400709146,0.14089821406259057
standard,1000,GB1 0AC,offwind-ac,0.41278594551378084,0.2728856432774263,0.13990030223635452
standard,1000,GB1 0AC,offwind-ac,0.46106977828145684,0.3189039766559998,0.14216580162545706
standard,1000,GB1 0AC,offwind-ac,0.41743498805347573,0.2767752257753158,0.1406597622781599
standard,1000,GB1 0AC,offwind-ac,0.3713580255649538,0.23197633327608366,0.13938169228887012
standard,1000,GB1 0AC,offwind-ac,0.45923517519365564,0.31115763820561226,0.14807753698804338
standard,1000,GB1 0AC,offwind-ac,0.4739148307655891,0.32359418313500976,0.15032064763057934
standard,1000,GB1 0AC,offwind-ac,0.49099962905053235,0.34435603468655196,0.1466435943639804
standard,1000,GB1 0AC,offwind-ac,0.45105248596947534,0.3029688794222249,0.14808360654725045
standard,1000,GB1 0AC,offwind-ac,0.48572832117069586,0.3372562462336584,0.14847207493703746
standard,1000,GB1 0AC,offwind-ac,0.4922869462197998,0.3491568752940083,0.1431300709257915
standard,1000,GB1 0AC,offwind-ac,0.46769160898728884,0.3167429066888428,0.15094870229844604
standard,1000,GB1 0AC,offwind-ac,0.4685869295902957,0.31988715384880717,0.14869977574148852
standard,1000,GB1 0AC,offwind-ac,0.5030080324687619,0.3593960709140089,0.14361196155475303
standard,1000,GB1 0AC,offwind-ac,0.48835884731125795,0.3401317910565357,0.14822705625472227
standard,1000,GB1 0AC,offwind-ac,0.51312364199771,0.37099381156152367,0.14212983043618632
standard,1000,GB1 0AC,offwind-ac,0.5028447149602959,0.3580500831019291,0.14479463185836683
standard,1000,GB1 0AC,offwind-ac,0.5079279104335351,0.36520377090371026,0.14272413952982488
standard,1000,GB1 0AC,offwind-ac,0.5135886378236103,0.3725587909750495,0.1410298468485608
standard,1000,GB4 0AC,offwind-ac,0.5061182940415384,0.4239325414842828,0.08218575255725563
standard,1000,GB4 0AC,offwind-ac,0.5061182940415384,0.42402128183828114,0.08209701220325727
standard,1000,GB4 0AC,offwind-ac,0.5290032828762782,0.4588083841783519,0.07019489869792628
standard,1000,GB4 0AC,offwind-ac,0.5313741762097042,0.4403531115015621,0.09102106470814209
standard,1000,GB4 0AC,offwind-ac,0.5290032828762782,0.4588310187820427,0.07017226409423549
standard,1000,NL2 0AC,offwind-ac,0.49804209131260524,0.3879379316563193,0.11010415965628595
standard,1000,NL2 0AC,offwind-ac,0.3835228285161015,0.26775981570503565,0.11576301281106582
standard,1000,NL2 0AC,offwind-ac,0.5042913757258648,0.39518362782288163,0.10910774790298317
standard,1000,NL2 0AC,offwind-ac,0.5060673824806643,0.40040610355364353,0.10566127892702076
standard,1000,NL2 0AC,offwind-ac,0.5068705068266541,0.4033614457935722,0.10350906103308194
standard,1000,NL2 0AC,offwind-ac,0.48361944666814455,0.36975401101634353,0.11386543565180102
standard,1000,NL2 0AC,offwind-ac,0.5072984105006904,0.4203307970867541,0.08696761341393627
standard,1000,NL2 0AC,offwind-ac,0.4830024585186798,0.3711984407413327,0.11180401777734711
standard,1000,NL2 0AC,offwind-ac,0.48337600681405074,0.37586182691460923,0.10751417989944151
standard,1000,NL2 0AC,offwind-ac,0.5027774487746145,0.3992019729341905,0.10357547584042398
standard,1000,NL2 0AC,offwind-ac,0.49359767854266845,0.38988137969353687,0.10371629884913158
standard,1000,NL2 0AC,offwind-ac,0.40083499669323225,0.28129745440875936,0.11953754228447289
standard,1000,NL2 0AC,offwind-ac,0.5052941463402879,0.41574542184914376,0.08954872449114415
standard,1000,NL2 0AC,offwind-ac,0.5083410068318567,0.42892142243187537,0.07941958439998131
standard,1000,NO0 0AC,offwind-ac,0.3016841772340731,0.22057635793074146,0.08110781930333164
standard,1000,NO0 0AC,offwind-ac,0.2816915189272813,0.199709252944374,0.08198226598290728
standard,1000,NO0 0AC,offwind-ac,0.278412799520832,0.19463556336554094,0.08377723615529103
standard,1000,NO0 0AC,offwind-ac,0.2816915189272813,0.2002444501631305,0.08144706876415078
standard,1000,NO0 0AC,offwind-ac,0.4091623934044244,0.31001163102956447,0.09915076237485992
standard,1000,NO0 0AC,offwind-ac,0.38515996098711525,0.286477355823765,0.09868260516335026
standard,1000,NO0 0AC,offwind-ac,0.2568129211533846,0.1702023817858597,0.08661053936752491
standard,1000,NO0 0AC,offwind-ac,0.31577853659391014,0.22451969569445082,0.09125884089945932
standard,1000,NO0 0AC,offwind-ac,0.22975840981984133,0.15023554441136838,0.07952286540847295
standard,1000,NO0 0AC,offwind-ac,0.36353782990818057,0.27054229440857597,0.0929955354996046
standard,1000,NO0 0AC,offwind-ac,0.3404385965594517,0.24967390633919523,0.09076469022025646
standard,1000,NO0 0AC,offwind-ac,0.3131807290436797,0.22302595349172924,0.09015477555195048
glaum,1000,BE2 0AC,offwind-ac,0.5121837331522698,0.43061336255117527,0.08157037060109457
glaum,1000,BE2 0AC,offwind-ac,0.5066591535703654,0.4128640864592818,0.0937950671110836
glaum,1000,DE2 0AC,offwind-ac,0.5308428824121929,0.5034437097012971,0.02739917271089576
glaum,1000,DE2 0AC,offwind-ac,0.4656903737396379,0.3760022286058282,0.08968814513380968
glaum,1000,DE2 0AC,offwind-ac,0.4943708518073885,0.4256518130823023,0.06871903872508617
glaum,1000,DE2 0AC,offwind-ac,0.5172085470139506,0.48912344465376534,0.028085102360185243
glaum,1000,DE2 0AC,offwind-ac,0.5013335581443762,0.44090502461728304,0.06042853352709315
glaum,1000,DE2 0AC,offwind-ac,0.46924145528481326,0.3802275819155229,0.08901387336929034
glaum,1000,DE2 0AC,offwind-ac,0.39285715765544776,0.29257707622316165,0.10028008143228612
glaum,1000,DE2 0AC,offwind-ac,0.4752173861735893,0.3917540012418207,0.08346338493176858
glaum,1000,DK2 0AC,offwind-ac,0.5123016404864265,0.38281173525153117,0.1294899052348953
glaum,1000,DK2 0AC,offwind-ac,0.528292174292826,0.40703882184909396,0.12125335244373209
glaum,1000,DK2 0AC,offwind-ac,0.5336435207318374,0.4146141775551542,0.11902934317668323
glaum,1000,DK2 0AC,offwind-ac,0.5128370653986736,0.39017682451486196,0.12266024088381161
glaum,1000,DK2 0AC,offwind-ac,0.5065687323765038,0.38401455375226656,0.12255417862423723
glaum,1000,DK2 0AC,offwind-ac,0.4671057428716085,0.3312004613038572,0.13590528156775128
glaum,1000,DK2 0AC,offwind-ac,0.5174133702431192,0.39311350693842684,0.12429986330469234
glaum,1000,DK2 0AC,offwind-ac,0.4623702649251935,0.3271364491611484,0.13523381576404508
glaum,1000,DK2 0AC,offwind-ac,0.5152440341126225,0.3889507535659784,0.12629328054664413
glaum,1000,DK2 0AC,offwind-ac,0.428058851426328,0.2900036696173907,0.13805518180893728
glaum,1000,DK2 0AC,offwind-ac,0.5044213025899498,0.38253414491600646,0.12188715767394331
glaum,1000,DK2 0AC,offwind-ac,0.5079494154556855,0.3893907675398013,0.11855864791588422
glaum,1000,DK2 0AC,offwind-ac,0.46070674138752066,0.3264742975640827,0.13423244382343796
glaum,1000,DK2 0AC,offwind-ac,0.5107002214976621,0.39251018336960863,0.11819003812805351
glaum,1000,DK2 0AC,offwind-ac,0.5137079074613006,0.40275942556585814,0.11094848189544243
glaum,1000,GB1 0AC,offwind-ac,0.3283770882085022,0.22091448221968243,0.10746260598881976
glaum,1000,GB1 0AC,offwind-ac,0.3557121121158689,0.23378129791739266,0.12193081419847623
glaum,1000,GB1 0AC,offwind-ac,0.48619692899402106,0.40161394566600106,0.08458298332802
glaum,1000,GB1 0AC,offwind-ac,0.41025790239492793,0.28304284029136373,0.1272150621035642
glaum,1000,GB1 0AC,offwind-ac,0.4389597662199024,0.32535838789276617,0.11360137832713624
glaum,1000,GB1 0AC,offwind-ac,0.3900325773803326,0.27065895197191187,0.11937362540842072
glaum,1000,GB1 0AC,offwind-ac,0.44340179752735404,0.3240808273809831,0.11932097014637094
glaum,1000,GB1 0AC,offwind-ac,0.4276423276554932,0.317745021707678,0.10989730594781522
glaum,1000,GB1 0AC,offwind-ac,0.4042327217052621,0.2717268373073126,0.13250588439794947
glaum,1000,GB1 0AC,offwind-ac,0.45170858419536924,0.3157500754276427,0.13595850876772653
glaum,1000,GB1 0AC,offwind-ac,0.46323294801574927,0.3156690103020015,0.14756393771374776
glaum,1000,GB1 0AC,offwind-ac,0.471441349636251,0.33072062056714785,0.14072072906910316
glaum,1000,GB1 0AC,offwind-ac,0.4610862552130231,0.32437405037148437,0.13671220484153873
glaum,1000,GB1 0AC,offwind-ac,0.42234916282021917,0.28361900787055977,0.1387301549496594
glaum,1000,GB1 0AC,offwind-ac,0.4717508358934762,0.3350827420170663,0.13666809387640994
glaum,1000,GB1 0AC,offwind-ac,0.4270989262297561,0.28823488440670075,0.13886404182305534
glaum,1000,GB1 0AC,offwind-ac,0.37995524693602273,0.24227134922542265,0.13768389771060008
glaum,1000,GB1 0AC,offwind-ac,0.4698668195657279,0.32677109372247454,0.14309572584325336
glaum,1000,GB1 0AC,offwind-ac,0.4848863203541771,0.3390385201534711,0.14584780020070603
glaum,1000,GB1 0AC,offwind-ac,0.5023735328402948,0.3613202647707633,0.14105326806953156
glaum,1000,GB1 0AC,offwind-ac,0.4614946948484977,0.31725555845014625,0.14423913639835145
glaum,1000,GB1 0AC,offwind-ac,0.49697330206736373,0.35368239911094135,0.14329090295642238
glaum,1000,GB1 0AC,offwind-ac,0.5036976079599805,0.36208814016330315,0.14160946779667738
glaum,1000,GB1 0AC,offwind-ac,0.47853290311671315,0.33161643931529383,0.14691646380141932
glaum,1000,GB1 0AC,offwind-ac,0.4794419702923949,0.3348059574742223,0.14463601281817257
glaum,1000,GB1 0AC,offwind-ac,0.5146530518539789,0.3719577794025388,0.1426952724514401
glaum,1000,GB1 0AC,offwind-ac,0.4996785904224724,0.3565855587077715,0.14309303171470095
glaum,1000,GB1 0AC,offwind-ac,0.5250028454544612,0.38479796172049374,0.14020488373396744
glaum,1000,GB1 0AC,offwind-ac,0.5144859534206979,0.37552823837425847,0.13895771504643945
glaum,1000,GB1 0AC,offwind-ac,0.519686828743967,0.3810958746690818,0.1385909540748852
glaum,1000,GB1 0AC,offwind-ac,0.5254786062881885,0.3862942243949186,0.13918438189326993
glaum,1000,GB4 0AC,offwind-ac,0.5178422089794653,0.43520568677177734,0.08263652220768797
glaum,1000,GB4 0AC,offwind-ac,0.5178422089794653,0.435268402107276,0.08257380687218929
glaum,1000,GB4 0AC,offwind-ac,0.5412569989399583,0.47147688978742447,0.0697801091525338
glaum,1000,GB4 0AC,offwind-ac,0.5436758934455019,0.4500943020709341,0.09358159137456784
glaum,1000,GB4 0AC,offwind-ac,0.5412569989399584,0.47144266561099973,0.06981433332895864
glaum,1000,NL2 0AC,offwind-ac,0.5095721453746137,0.4032541283647887,0.10631801700982502
glaum,1000,NL2 0AC,offwind-ac,0.39240865091297683,0.27740767881712,0.11500097209585686
glaum,1000,NL2 0AC,offwind-ac,0.5159730780325413,0.4108987366731493,0.10507434135939203
glaum,1000,NL2 0AC,offwind-ac,0.517783228150742,0.41597233347228457,0.10181089467845739
glaum,1000,NL2 0AC,offwind-ac,0.5186118399064381,0.4188474985335052,0.09976434137293289
glaum,1000,NL2 0AC,offwind-ac,0.49481560551252296,0.38470906014984146,0.1101065453626815
glaum,1000,NL2 0AC,offwind-ac,0.519042755407821,0.4340218806183772,0.08502087478944376
glaum,1000,NL2 0AC,offwind-ac,0.4941912636405344,0.38519157233893375,0.10899969130160064
glaum,1000,NL2 0AC,offwind-ac,0.49456652984023713,0.39012039506249524,0.1044461347777419
glaum,1000,NL2 0AC,offwind-ac,0.5144171299715424,0.41418209155229013,0.1002350384192523
glaum,1000,NL2 0AC,offwind-ac,0.5050387020362029,0.4044064480332819,0.10063225400292103
glaum,1000,NL2 0AC,offwind-ac,0.4101146324156617,0.29119754197961784,0.11891709043604387
glaum,1000,NL2 0AC,offwind-ac,0.5169920910042926,0.42830374406342897,0.08868834694086358
glaum,1000,NL2 0AC,offwind-ac,0.5201164799455168,0.4438028651438739,0.07631361480164289
glaum,1000,NO0 0AC,offwind-ac,0.3086823305665382,0.22974913387702664,0.07893319668951157
glaum,1000,NO0 0AC,offwind-ac,0.28821985347624324,0.2081042416718784,0.08011561180436483
glaum,1000,NO0 0AC,offwind-ac,0.2848582680585814,0.20440323255454704,0.08045503550403435
glaum,1000,NO0 0AC,offwind-ac,0.28821985347624324,0.2063518077334839,0.08186804574275933
glaum,1000,NO0 0AC,offwind-ac,0.4186486604355057,0.327043198360367,0.0916054620751387
glaum,1000,NO0 0AC,offwind-ac,0.3940767076841631,0.2992186587327281,0.09485804895143496
glaum,1000,NO0 0AC,offwind-ac,0.262779047844,0.17920179991024576,0.08357724793375426
glaum,1000,NO0 0AC,offwind-ac,0.32311681022964395,0.2359443356120241,0.08717247461761984
glaum,1000,NO0 0AC,offwind-ac,0.23510526255219208,0.15738361632128423,0.07772164623090785
glaum,1000,NO0 0AC,offwind-ac,0.3719540077886071,0.2843224895498715,0.0876315182387356
glaum,1000,NO0 0AC,offwind-ac,0.34832689235292835,0.262462527221968,0.08586436513096035
glaum,1000,NO0 0AC,offwind-ac,0.32045178905071964,0.2343741561838007,0.08607763286691894
glaum,1000,BE2 0AC,offwind-dc,0.5395541251901652,0.4684934602866639,0.07106066490350132
glaum,1000,BE2 0AC,offwind-dc,0.5376017394477073,0.450535607413322,0.08706613203438529
glaum,1000,DE2 0AC,offwind-dc,0.5184045354870156,0.5096396511392304,0.008764884347785218
glaum,1000,DE2 0AC,offwind-dc,0.5263932869572528,0.5161920176020007,0.010201269355252118
glaum,1000,DE2 0AC,offwind-dc,0.5194709327692658,0.5056250425157427,0.013845890253523119
glaum,1000,DE2 0AC,offwind-dc,0.5300502404052964,0.5194544736794128,0.010595766725883582
glaum,1000,DE2 0AC,offwind-dc,0.5226748914956497,0.509612073883352,0.013062817612297772
glaum,1000,DE2 0AC,offwind-dc,0.5242222312570346,0.5149471559415156,0.009275075315518966
glaum,1000,DE2 0AC,offwind-dc,0.5252925365528132,0.516215903266024,0.009076633286789204
glaum,1000,DE2 0AC,offwind-dc,0.5267769163592501,0.5166915615517857,0.010085354807464308
glaum,1000,DE2 0AC,offwind-dc,0.527309702702748,0.477686582067335,0.04962312063541302
glaum,1000,DE2 0AC,offwind-dc,0.5295050830425658,0.519702947610852,0.009802135431713821
glaum,1000,DE2 0AC,offwind-dc,0.5298092359765877,0.5198465106959234,0.00996272528066433
glaum,1000,DE2 0AC,offwind-dc,0.5327378357518429,0.52291546933382,0.00982236641802281
glaum,1000,DE2 0AC,offwind-dc,0.5321205200739647,0.5219354732668521,0.01018504680711263
glaum,1000,DE2 0AC,offwind-dc,0.5189580684208736,0.45042393736281827,0.06853413105805528
glaum,1000,DE2 0AC,offwind-dc,0.5319723347517027,0.4881399966601205,0.04383233809158221
glaum,1000,DE2 0AC,offwind-dc,0.5317875338332346,0.48308681703663653,0.0487007167965981
glaum,1000,DE2 0AC,offwind-dc,0.5275571342596375,0.4761418598331513,0.051415274426486135
glaum,1000,DE2 0AC,offwind-dc,0.5320595788065972,0.5144752943922103,0.017584284414386864
glaum,1000,DE2 0AC,offwind-dc,0.5211723990657705,0.4569873947323168,0.0641850043334537
glaum,1000,DE2 0AC,offwind-dc,0.5278527864248328,0.47281637299476087,0.05503641343007193
glaum,1000,DE2 0AC,offwind-dc,0.5302616303924205,0.48042235389589666,0.04983927649652381
glaum,1000,DE2 0AC,offwind-dc,0.5161231707910796,0.44468148972364746,0.07144168106743215
glaum,1000,DE2 0AC,offwind-dc,0.5267376954372672,0.467074376787764,0.05966331864950325
glaum,1000,DE2 0AC,offwind-dc,0.5289579449146166,0.47406050743824046,0.0548974374763761
glaum,1000,DK2 0AC,offwind-dc,0.5251080403935167,0.4159165192118817,0.10919152118163494
glaum,1000,DK2 0AC,offwind-dc,0.5216939840433966,0.4154234291439199,0.10627055489947673
glaum,1000,DK2 0AC,offwind-dc,0.53206018208166,0.43312846654078196,0.09893171554087798
glaum,1000,DK2 0AC,offwind-dc,0.528093216132286,0.4238277132840544,0.1042655028482316
glaum,1000,DK2 0AC,offwind-dc,0.5235985384050008,0.41699884780846025,0.10659969059654056
glaum,1000,DK2 0AC,offwind-dc,0.5263895685722042,0.4145991913313246,0.11179037724087959
glaum,1000,DK2 0AC,offwind-dc,0.527880399189734,0.42077681683717855,0.1071035823525554
glaum,1000,DK2 0AC,offwind-dc,0.5350873159576827,0.4032844869697934,0.13180282898788925
glaum,1000,DK2 0AC,offwind-dc,0.5278396528372298,0.41033769267024256,0.11750196016698722
glaum,1000,DK2 0AC,offwind-dc,0.5414306772240646,0.4436915609932454,0.09773911623081916
glaum,1000,DK2 0AC,offwind-dc,0.5358985846807837,0.4040538146220656,0.13184477005871809
glaum,1000,DK2 0AC,offwind-dc,0.530692348779134,0.42055911848714983,0.11013323029198413
glaum,1000,DK2 0AC,offwind-dc,0.5370046076052523,0.43048313563942775,0.10652147196582451
glaum,1000,DK2 0AC,offwind-dc,0.5333243929880433,0.4129159552169229,0.12040843777112042
glaum,1000,DK2 0AC,offwind-dc,0.5356230484786234,0.405170390950925,0.1304526575276984
glaum,1000,DK2 0AC,offwind-dc,0.5456973463169679,0.4307721821825566,0.11492516413441128
glaum,1000,DK2 0AC,offwind-dc,0.5612274937736355,0.4689374956194133,0.09228999815422217
glaum,1000,DK2 0AC,offwind-dc,0.5390720821925183,0.41548800207774167,0.12358408011477667
glaum,1000,DK2 0AC,offwind-dc,0.545897019079868,0.4246197201159675,0.12127729896390049
glaum,1000,DK2 0AC,offwind-dc,0.5505875980516296,0.4390680769199049,0.1115195211317247
glaum,1000,DK2 0AC,offwind-dc,0.538557580092214,0.41274722165010985,0.12581035844210414
glaum,1000,DK2 0AC,offwind-dc,0.5430107460626057,0.416679601638719,0.1263311444238867
glaum,1000,DK2 0AC,offwind-dc,0.5374505832425721,0.4110311572311648,0.12641942601140732
glaum,1000,DK2 0AC,offwind-dc,0.5625719007604147,0.4724299644228162,0.09014193633759854
glaum,1000,DK2 0AC,offwind-dc,0.5509634837744263,0.43663628830917883,0.11432719546524744
glaum,1000,DK2 0AC,offwind-dc,0.5570026174957268,0.44880042947294224,0.10820218802278453
glaum,1000,DK2 0AC,offwind-dc,0.5373668735905646,0.4407879728699236,0.09657890072064096
glaum,1000,FR2 0AC,offwind-dc,0.5304397728676356,0.43135131964454615,0.0990884532230894
glaum,1000,FR2 0AC,offwind-dc,0.5165895279042658,0.4094270172521889,0.10716251065207694
glaum,1000,GB1 0AC,offwind-dc,0.49185056826176904,0.3774667814020074,0.11438378685976164
glaum,1000,GB1 0AC,offwind-dc,0.5079687017765103,0.40396748515377157,0.10400121662273876
glaum,1000,GB1 0AC,offwind-dc,0.5049544276579823,0.39197519159851474,0.11297923605946752
glaum,1000,GB1 0AC,offwind-dc,0.5183288324975504,0.41407370617068967,0.10425512632686068
glaum,1000,GB1 0AC,offwind-dc,0.5115020909457413,0.3670673578277903,0.14443473311795096
glaum,1000,GB1 0AC,offwind-dc,0.5141150688777304,0.37745424333075167,0.13666082554697873
glaum,1000,GB1 0AC,offwind-dc,0.513955842980384,0.3682559684985161,0.14569987448186789
glaum,1000,GB1 0AC,offwind-dc,0.5252533162517723,0.3844751843177221,0.1407781319340502
glaum,1000,GB1 0AC,offwind-dc,0.523937867451605,0.3865353494218634,0.13740251802974157
glaum,1000,GB1 0AC,offwind-dc,0.5147455515195022,0.36968351197502997,0.14506203954447222
glaum,1000,GB1 0AC,offwind-dc,0.5197467843684725,0.4029575512062833,0.11678923316218925
glaum,1000,GB1 0AC,offwind-dc,0.5245737537930105,0.3823898079456485,0.14218394584736205
glaum,1000,GB1 0AC,offwind-dc,0.5207890198576993,0.3935309565267707,0.1272580633309286
glaum,1000,GB1 0AC,offwind-dc,0.5218794019994847,0.3696240696109313,0.15225533238855338
glaum,1000,GB1 0AC,offwind-dc,0.5277864836305423,0.380984094084516,0.14680238954602626
glaum,1000,GB1 0AC,offwind-dc,0.5217895998519302,0.39007095299882444,0.13171864685310575
glaum,1000,GB1 0AC,offwind-dc,0.5243022107550654,0.3861771328080029,0.13812507794706252
glaum,1000,GB1 0AC,offwind-dc,0.5186557875068428,0.40497848738450926,0.11367730012233357
glaum,1000,GB1 0AC,offwind-dc,0.5128890368713669,0.3637480913030501,0.1491409455683168
glaum,1000,GB1 0AC,offwind-dc,0.5365771902710785,0.3863942295005113,0.15018296077056725
glaum,1000,GB1 0AC,offwind-dc,0.5236288137914211,0.3797196626725022,0.14390915111891894
glaum,1000,GB1 0AC,offwind-dc,0.5373423206621132,0.387171418246295,0.1501709024158182
glaum,1000,GB1 0AC,offwind-dc,0.5225606234429742,0.3791804009683098,0.14338022247466436
glaum,1000,GB1 0AC,offwind-dc,0.5226357737012676,0.38602277194308693,0.13661300175818064
glaum,1000,GB1 0AC,offwind-dc,0.5193275454402084,0.3920242405254484,0.12730330491476005
glaum,1000,GB1 0AC,offwind-dc,0.5277666765181551,0.37801181183764476,0.14975486468051036
glaum,1000,GB1 0AC,offwind-dc,0.5423708474233055,0.3944504200525834,0.14792042737072214
glaum,1000,GB1 0AC,offwind-dc,0.5175850153259375,0.40570246934978266,0.11188254597615482
glaum,1000,GB1 0AC,offwind-dc,0.5406939307812126,0.3934434623477837,0.14725046843342893
glaum,1000,GB1 0AC,offwind-dc,0.5300755325431616,0.3823180489345546,0.14775748360860702
glaum,1000,GB1 0AC,offwind-dc,0.517800897777101,0.3954401732696065,0.12236072450749452
glaum,1000,GB1 0AC,offwind-dc,0.5178252871117854,0.39102340979178857,0.12680187731999687
glaum,1000,GB1 0AC,offwind-dc,0.5255644511444084,0.3772120938107713,0.1483523573336371
glaum,1000,GB1 0AC,offwind-dc,0.5330255866162872,0.38435535052762054,0.14867023608866664
glaum,1000,GB1 0AC,offwind-dc,0.5406244189703863,0.3922981542981612,0.1483262646722251
glaum,1000,GB1 0AC,offwind-dc,0.5193759912332391,0.3830560185207692,0.13631997271246987
glaum,1000,GB1 0AC,offwind-dc,0.5401984194064572,0.3906134266013554,0.1495849928051018
glaum,1000,GB1 0AC,offwind-dc,0.5294100692278731,0.3845111067868898,0.14489896244098333
glaum,1000,GB1 0AC,offwind-dc,0.5267678418319909,0.3840513237817015,0.1427165180502894
glaum,1000,GB1 0AC,offwind-dc,0.5351511436074874,0.3908123226984436,0.14433882090904376
glaum,1000,GB1 0AC,offwind-dc,0.5298954780292249,0.3866767647536655,0.14321871327555935
glaum,1000,GB1 0AC,offwind-dc,0.5178527337377925,0.39959094875309237,0.11826178498470014
glaum,1000,GB1 0AC,offwind-dc,0.5187652862184154,0.40720949536919526,0.11155579084922018
glaum,1000,GB4 0AC,offwind-dc,0.5371997628007714,0.46208287308361007,0.07511688971716135
glaum,1000,GB4 0AC,offwind-dc,0.5343138304706542,0.4543186203210559,0.07999521014959826
glaum,1000,GB4 0AC,offwind-dc,0.5235628364299785,0.4245513854939176,0.0990114509360609
glaum,1000,GB4 0AC,offwind-dc,0.5350065088402579,0.41929286778989056,0.11571364105036736
glaum,1000,NL2 0AC,offwind-dc,0.5181506801098551,0.4493993973841056,0.06875128272574949
glaum,1000,NL2 0AC,offwind-dc,0.5403400490548905,0.4471493856784521,0.09319066337643844
glaum,1000,NL2 0AC,offwind-dc,0.5244640469473348,0.4437327372457294,0.08073130970160541
glaum,1000,NL2 0AC,offwind-dc,0.5187230916045252,0.500469428190528,0.018253663413997256
glaum,1000,NL2 0AC,offwind-dc,0.5172704375544157,0.45531488631467154,0.06195555123974417
glaum,1000,NL2 0AC,offwind-dc,0.5164930078980978,0.4706578202460071,0.045835187652090714
glaum,1000,NL2 0AC,offwind-dc,0.5364989621211126,0.43142847478423646,0.10507048733687613
glaum,1000,NL2 0AC,offwind-dc,0.5181721582990311,0.44592128491827593,0.07225087338075514
glaum,1000,NL2 0AC,offwind-dc,0.541855571591536,0.4535324821484696,0.08832308944306638
glaum,1000,NL2 0AC,offwind-dc,0.5341864061963727,0.42783991689860995,0.10634648929776275
glaum,1000,NL2 0AC,offwind-dc,0.5365828770035516,0.4497345862529802,0.08684829075057138
glaum,1000,NL2 0AC,offwind-dc,0.5351297955457966,0.438730036774639,0.09639975877115764
glaum,1000,NL2 0AC,offwind-dc,0.5314432394454122,0.4383569659571469,0.09308627348826526
glaum,1000,NL2 0AC,offwind-dc,0.518477106597082,0.4942283912279362,0.0242487153691458
glaum,1000,NL2 0AC,offwind-dc,0.5280180576558562,0.4180370364596263,0.10998102119622988
glaum,1000,NL2 0AC,offwind-dc,0.5274686914158954,0.43250852642938176,0.0949601649865136
glaum,1000,NL2 0AC,offwind-dc,0.5263880242472199,0.42568156382750827,0.1007064604197116
glaum,1000,NL2 0AC,offwind-dc,0.5240833097197392,0.45711845419096087,0.06696485552877829
glaum,1000,NL2 0AC,offwind-dc,0.5259147478704567,0.4473455602401934,0.07856918763026327
glaum,1000,NL2 0AC,offwind-dc,0.5277275830280931,0.4393179028612492,0.08840968016684386
glaum,1000,NL2 0AC,offwind-dc,0.5271839534701789,0.46056572492528214,0.06661822854489674
glaum,1000,NL2 0AC,offwind-dc,0.5264346834634924,0.4259528884803347,0.10048179498315774
glaum,1000,NL2 0AC,offwind-dc,0.5297320665683592,0.453044239446745,0.07668782712161426
glaum,1000,NL2 0AC,offwind-dc,0.529628270813409,0.4373566495900281,0.0922716212233809
glaum,1000,NL2 0AC,offwind-dc,0.5301446419772561,0.44342931252597395,0.08671532945128213
glaum,1000,NO0 0AC,offwind-dc,0.5304922153602809,0.4577582910532774,0.07273392430700348
glaum,1000,NO0 0AC,offwind-dc,0.5487593638821177,0.49202114124195007,0.05673822264016759
glaum,1000,DE2 0AC,offwind-float,0.5103413066991866,0.3790705266423473,0.13127078005683934
glaum,1000,DK2 0AC,offwind-float,0.5169515020317617,0.37571775811949065,0.141233743912271
glaum,1000,DK2 0AC,offwind-float,0.5187238266417046,0.3752758512391305,0.1434479754025741
glaum,1000,DK2 0AC,offwind-float,0.5278335496428531,0.38278256197123617,0.14505098767161695
glaum,1000,DK2 0AC,offwind-float,0.522140471666673,0.37713637645313536,0.14500409521353763
glaum,1000,DK2 0AC,offwind-float,0.5563964160270222,0.4058274842472376,0.1505689317797846
glaum,1000,DK2 0AC,offwind-float,0.5593915527864726,0.40754255324135924,0.15184899954511333
glaum,1000,DK2 0AC,offwind-float,0.5331644877926829,0.3926554071464593,0.14050908064622358
glaum,1000,DK2 0AC,offwind-float,0.5232576606485044,0.38833542815582944,0.134922232492675
glaum,1000,DK2 0AC,offwind-float,0.5152584240602889,0.38149417033265665,0.13376425372763223
glaum,1000,GB1 0AC,offwind-float,0.4575189368376358,0.3220489533421106,0.1354699834955252
glaum,1000,GB1 0AC,offwind-float,0.5267903782956663,0.3976567236912055,0.1291336546044608
glaum,1000,GB1 0AC,offwind-float,0.5153832549852293,0.38254916180956133,0.13283409317566797
glaum,1000,GB1 0AC,offwind-float,0.46642867958517137,0.31693159491181405,0.14949708467335732
glaum,1000,GB1 0AC,offwind-float,0.468640476286234,0.33050491538806864,0.13813556089816537
glaum,1000,GB1 0AC,offwind-float,0.5063829259651323,0.36703921807889933,0.13934370788623301
glaum,1000,GB1 0AC,offwind-float,0.5312018169988592,0.4057743242932736,0.12542749270558556
glaum,1000,GB1 0AC,offwind-float,0.5038351910299247,0.36525556371846296,0.13857962731146173
glaum,1000,GB1 0AC,offwind-float,0.4893690463035668,0.3406108688932078,0.14875817741035902
glaum,1000,GB1 0AC,offwind-float,0.5183183019735484,0.3798355802775801,0.13848272169596837
glaum,1000,GB1 0AC,offwind-float,0.45665864030320086,0.3012699445388821,0.15538869576431874
glaum,1000,GB1 0AC,offwind-float,0.4896191198324186,0.3382261031279953,0.15139301670442334
glaum,1000,GB1 0AC,offwind-float,0.4873790869700349,0.331668063464778,0.1557110235052569
glaum,1000,GB1 0AC,offwind-float,0.49098301290057783,0.3330339250133578,0.15794908788722
glaum,1000,GB1 0AC,offwind-float,0.5202090222390227,0.37021463914224684,0.14999438309677582
glaum,1000,GB1 0AC,offwind-float,0.5218733021756193,0.362898713395315,0.15897458878030435
glaum,1000,GB1 0AC,offwind-float,0.516442764471564,0.36118844379388926,0.15525432067767475
glaum,1000,GB4 0AC,offwind-float,0.4941097636028015,0.348891298229639,0.14521846537316252
glaum,1000,GB4 0AC,offwind-float,0.5371997628007714,0.402857860347827,0.13434190245294442
glaum,1000,GB4 0AC,offwind-float,0.5158212304811645,0.3730060289880268,0.14281520149313764
glaum,1000,GB4 0AC,offwind-float,0.5395122908204817,0.41381897287670694,0.12569331794377475
glaum,1000,GB4 0AC,offwind-float,0.5391124572355923,0.4195444993298876,0.11956795790570474
glaum,1000,GB4 0AC,offwind-float,0.5268390035087532,0.4080371778629037,0.11880182564584951
glaum,1000,NL2 0AC,offwind-float,0.5180266530254714,0.39188517240333376,0.1261414806221376
glaum,1000,NL2 0AC,offwind-float,0.4101146324156617,0.26960329142488065,0.14051134099078105
glaum,1000,NO0 0AC,offwind-float,0.2719290170478373,0.18129722289921674,0.09063179414862055
glaum,1000,NO0 0AC,offwind-float,0.3251182878888588,0.22787030454317989,0.09724798334567894
glaum,1000,NO0 0AC,offwind-float,0.31350146099774745,0.2145505010256994,0.09895095997204806
glaum,1000,NO0 0AC,offwind-float,0.4653556290985623,0.3489842614173028,0.1163713676812595
glaum,1000,NO0 0AC,offwind-float,0.5236835409423681,0.39777259104723245,0.12591094989513568
glaum,1000,NO0 0AC,offwind-float,0.5335961979715893,0.4120490137675032,0.12154718420408611
glaum,1000,NO0 0AC,offwind-float,0.48095990084543794,0.3646661233936439,0.11629377745179403
glaum,1000,NO0 0AC,offwind-float,0.461847753378482,0.3437517685896741,0.1180959847888079
glaum,1000,NO0 0AC,offwind-float,0.5324239591121578,0.4093039171645612,0.12312004194759657
glaum,1000,NO0 0AC,offwind-float,0.5315811538529218,0.40799940190619877,0.12358175194672305
glaum,1000,NO0 0AC,offwind-float,0.45615138625090984,0.3346641131378741,0.12148727311303575
glaum,1000,NO0 0AC,offwind-float,0.4886158114807777,0.3669265762346705,0.1216892352461072
glaum,1000,NO0 0AC,offwind-float,0.5163372312073874,0.3944778362616744,0.12185939494571302
glaum,1000,NO0 0AC,offwind-float,0.43559682498936153,0.31745976947046833,0.1181370555188932
glaum,1000,NO0 0AC,offwind-float,0.5445634748064758,0.42084688471394865,0.12371659009252717
glaum,1000,NO0 0AC,offwind-float,0.4547021713804385,0.3321937951996005,0.12250837618083799
glaum,1000,NO0 0AC,offwind-float,0.38420691607940977,0.2747953762023245,0.10941153987708524
glaum,1000,NO0 0AC,offwind-float,0.3700680694552857,0.2618640535753966,0.10820401587988909
glaum,1000,NO0 0AC,offwind-float,0.5314103343864998,0.4044380770207983,0.12697225736570145
glaum,1000,NO0 0AC,offwind-float,0.5531647484170127,0.43049268693706166,0.12267206147995102
glaum,1000,NO0 0AC,offwind-float,0.5456911594696631,0.4230196865732897,0.12267147289637337
glaum,1000,NO0 0AC,offwind-float,0.38806476694302316,0.2769755038991499,0.11108926304387329
glaum,1000,NO0 0AC,offwind-float,0.28821985347624324,0.19550309273200056,0.09271676074424268
glaum,1000,NO0 0AC,offwind-float,0.5069076119858501,0.3781328787300973,0.12877473325575278
glaum,1000,NO0 0AC,offwind-float,0.5398194022652886,0.4112856725336138,0.12853372973167476
glaum,1000,NO0 0AC,offwind-float,0.16900453173204188,0.10401603747555976,0.06498849425648212
glaum,1000,NO0 0AC,offwind-float,0.11127577598064112,0.06500091697134225,0.04627485900929887
glaum,1000,NO0 0AC,offwind-float,0.0924887572438497,0.053600182491565035,0.03888857475228466
glaum,1000,NO0 0AC,offwind-float,0.28821985347624324,0.19457117035103122,0.09364868312521202
glaum,1000,NO0 0AC,offwind-float,0.44386170135377706,0.3238693013024233,0.11999240005135375
glaum,1000,NO0 0AC,offwind-float,0.5385022104157853,0.4118734263258578,0.12662878408992745
glaum,1000,NO0 0AC,offwind-float,0.553080752774222,0.4260085113362611,0.12707224143796086
glaum,1000,NO0 0AC,offwind-float,0.5596870118942961,0.4345172225735617,0.12516978932073447
glaum,1000,NO0 0AC,offwind-float,0.5548233763948921,0.4273130853439088,0.12751029105098327
glaum,1000,NO0 0AC,offwind-float,0.5195261884916441,0.3886834971603823,0.1308426913312618
glaum,1000,NO0 0AC,offwind-float,0.038737846762231166,0.020977032765625646,0.01776081399660552
glaum,1000,NO0 0AC,offwind-float,0.07774592731777961,0.044006327698326166,0.03373959961945345
glaum,1000,NO0 0AC,offwind-float,0.09699385029533535,0.055743684207537454,0.04125016608779789
glaum,1000,NO0 0AC,offwind-float,0.10052737670426334,0.058096956995690355,0.04243041970857299
glaum,1000,NO0 0AC,offwind-float,0.11127577598064112,0.06498009663455334,0.046295679346087776
glaum,1000,NO0 0AC,offwind-float,0.5582884163292962,0.4300550683776466,0.12823334795164953
glaum,1000,NO0 0AC,offwind-float,0.5308939671927502,0.39624112986298216,0.13465283732976802
glaum,1000,NO0 0AC,offwind-float,0.564400955027823,0.4384683250162949,0.12593263001152805
glaum,1000,NO0 0AC,offwind-float,0.4997048881413056,0.36168491862990104,0.13801996951140455
glaum,1000,NO0 0AC,offwind-float,0.5231243838276406,0.39334354821694933,0.12978083561069126
glaum,1000,NO0 0AC,offwind-float,0.5657725683952036,0.43644549517578146,0.12932707321942216
glaum,1000,NO0 0AC,offwind-float,0.562683519026875,0.4325143978281562,0.13016912119871876
glaum,1000,NO0 0AC,offwind-float,0.5669072138148679,0.43776137616221084,0.12914583765265703
glaum,1000,NO0 0AC,offwind-float,0.500193139521541,0.3620163782116698,0.13817676130987117
glaum,1000,NO0 0AC,offwind-float,0.019167045260846633,0.010106135872064582,0.00906090938878205
glaum,1000,NO0 0AC,offwind-float,0.5663208898268128,0.43505593712646423,0.1312649527003486
glaum,1000,NO0 0AC,offwind-float,0.5559804567308482,0.42198480313076137,0.1339956536000868
glaum,1000,NO0 0AC,offwind-float,0.5285309007834805,0.3941435510502218,0.13438734973325872
glaum,1000,NO0 0AC,offwind-float,0.5682753491356054,0.4379583529236415,0.1303169962119639
glaum,1000,NO0 0AC,offwind-float,0.5235345874020652,0.3875398647517698,0.13599472265029533
glaum,1000,NO0 0AC,offwind-float,0.5605745501169035,0.4278896705760512,0.13268487954085229
glaum,1000,NO0 0AC,offwind-float,0.5292673334087519,0.39566528559087233,0.13360204781787954
glaum,1000,NO0 0AC,offwind-float,0.5463591481431707,0.4126976372032995,0.13366151093987116
glaum,1000,NO0 0AC,offwind-float,0.4940696244673521,0.3645669436722574,0.1295026807950947
glaum,1000,NO0 0AC,offwind-float,0.46337051098278736,0.33887691379235463,0.12449359719043274
glaum,1000,NO0 0AC,offwind-float,0.4491124167603061,0.3265441522858544,0.12256826447445168
glaum,1000,NO0 0AC,offwind-float,0.38828235093493163,0.27746372928359353,0.1108186216513381
glaum,1000,NO0 0AC,offwind-float,0.5124918172864813,0.3885809095103256,0.12391090777615571
glaum,1000,NO0 0AC,offwind-float,0.5057512033014201,0.38501945047311487,0.12073175282830523
glaum,1000,NO0 0AC,offwind-float,0.5015036174953514,0.37966595731162783,0.1218376601837236
glaum,1000,NO0 0AC,offwind-float,0.4637022294624836,0.3413392875148202,0.1223629419476634
glaum,1000,NO0 0AC,offwind-float,0.45404258831917316,0.3338255298430924,0.12021705847608077
glaum,1000,DK2 0AC,offwind-ac,0.5226544421963382,0.40122834781929667,0.1214260943770415
glaum,1000,DK2 0AC,offwind-ac,0.45574959517056784,0.3279428535841462,0.12780674158642163
glaum,1000,DK2 0AC,offwind-ac,0.46766417268070326,0.34591390214001977,0.12175027054068349
glaum,1000,DK2 0AC,offwind-ac,0.4077775988776313,0.289063277190533,0.11871432168709833
glaum,1000,GB1 0AC,offwind-ac,0.4087613352261922,0.300380401896112,0.1083809333300802
glaum,1000,GB1 0AC,offwind-ac,0.3564004675087855,0.25035839072871785,0.10604207678006766
glaum,1000,DE2 0AC,offwind-dc,0.5272988796771747,0.518259617213087,0.009039262464087705
glaum,1000,DE2 0AC,offwind-dc,0.459787008789794,0.37919570418581827,0.08059130460397573
glaum,1000,DE2 0AC,offwind-dc,0.5307516608528383,0.5217581732576543,0.008993487595184035
glaum,1000,DE2 0AC,offwind-dc,0.4628105910435388,0.3761673646743196,0.08664322636921917
glaum,1000,DE2 0AC,offwind-dc,0.5321901826745142,0.5230972121423714,0.009092970532142863
glaum,1000,DE2 0AC,offwind-dc,0.46405876037236365,0.375086456783116,0.08897230358924768
glaum,1000,DE2 0AC,offwind-dc,0.5295703504423152,0.5106277918932993,0.01894255854901583
glaum,1000,DE2 0AC,offwind-dc,0.46177963617188506,0.3711897120749005,0.09058992409698458
glaum,1000,DE2 0AC,offwind-dc,0.5321419582947104,0.5231738941249521,0.008968064169758372
glaum,1000,DE2 0AC,offwind-dc,0.4640231270439693,0.3764650774400444,0.08755804960392488
glaum,1000,DE2 0AC,offwind-dc,0.5308282289834246,0.48915120503714643,0.0416770239462782
glaum,1000,DE2 0AC,offwind-dc,0.4628768105612001,0.36999889205266584,0.09287791850853427
glaum,1000,DE2 0AC,offwind-dc,0.5304623339849647,0.49077136765882895,0.039690966326135724
glaum,1000,DE2 0AC,offwind-dc,0.4625584202871784,0.3711738582286312,0.09138456205854723
glaum,1000,DE2 0AC,offwind-dc,0.5311300271969788,0.48555565920881033,0.04557436798816844
glaum,1000,DE2 0AC,offwind-dc,0.46312185844701975,0.36937138202845404,0.09375047641856571
glaum,1000,DK2 0AC,offwind-dc,0.5351662625274193,0.43513822864923585,0.10002803387818343
glaum,1000,DK2 0AC,offwind-dc,0.46664085586858134,0.35196672045509314,0.1146741354134882
glaum,1000,DK2 0AC,offwind-dc,0.5443273589046157,0.4420394329952922,0.10228792590932351
glaum,1000,DK2 0AC,offwind-dc,0.47466190242741774,0.35684298381840573,0.117818918609012
glaum,1000,DK2 0AC,offwind-dc,0.5363417881082183,0.4221017221451227,0.1142400659630956
glaum,1000,DK2 0AC,offwind-dc,0.46767812995654584,0.3448276968632429,0.12285043309330296
glaum,1000,DK2 0AC,offwind-dc,0.5312721673367042,0.4153769344807378,0.11589523285596642
glaum,1000,DK2 0AC,offwind-dc,0.4632643507636466,0.3367681469111799,0.12649620385246668
glaum,1000,DK2 0AC,offwind-dc,0.5403436590531644,0.4257154755650618,0.11462818348810261
glaum,1000,DK2 0AC,offwind-dc,0.4711692346557453,0.3449154218899496,0.12625381276579567
glaum,1000,DK2 0AC,offwind-dc,0.549877512322072,0.4482842899035043,0.10159322241856777
glaum,1000,DK2 0AC,offwind-dc,0.47950184252962624,0.36005384513185984,0.1194479973977664
glaum,1000,DK2 0AC,offwind-dc,0.5542093248934821,0.4531630042272766,0.10104632066620545
glaum,1000,DK2 0AC,offwind-dc,0.4832392653517624,0.363069054644229,0.12017021070753342
glaum,1000,DK2 0AC,offwind-dc,0.5626731195056273,0.4696014296731522,0.09307168983247505
glaum,1000,DK2 0AC,offwind-dc,0.49064020955539883,0.37362081231061167,0.11701939724478716
glaum,1000,GB1 0AC,offwind-dc,0.5197430812614331,0.37865820199717454,0.14108487926425856
glaum,1000,GB1 0AC,offwind-dc,0.45322357106953476,0.3135556681632424,0.13966790290629238
glaum,1000,GB1 0AC,offwind-dc,0.5209795446377675,0.38476446710723444,0.13621507753053308
glaum,1000,GB1 0AC,offwind-dc,0.4542759593242154,0.3185767773681813,0.1356991819560341
glaum,1000,GB1 0AC,offwind-dc,0.5200093614354316,0.3945661182180725,0.1254432432173591
glaum,1000,GB1 0AC,offwind-dc,0.4534493138627294,0.3258889197732277,0.1275603940895017
glaum,1000,GB1 0AC,offwind-dc,0.5225303896964204,0.3794065062817534,0.14312388341466703
glaum,1000,GB1 0AC,offwind-dc,0.4556352351906405,0.31541863456458114,0.14021660062605934
glaum,1000,GB1 0AC,offwind-dc,0.5185126509782264,0.3741509869984789,0.14436166397974753
glaum,1000,GB1 0AC,offwind-dc,0.4521251628352474,0.3098587466806366,0.14226641615461078
glaum,1000,GB1 0AC,offwind-dc,0.5226611273857864,0.38809626818752263,0.13456485919826378
glaum,1000,GB1 0AC,offwind-dc,0.4557361633531098,0.32005326349740415,0.13568289985570564
glaum,1000,GB1 0AC,offwind-dc,0.5248272102609716,0.3856071834493486,0.139220026811623
glaum,1000,GB1 0AC,offwind-dc,0.45761839589202513,0.319764451624392,0.13785394426763314
glaum,1000,GB1 0AC,offwind-dc,0.5238310016499502,0.383367171051418,0.14046383059853224
glaum,1000,GB1 0AC,offwind-dc,0.45678860987150766,0.31639177220852205,0.1403968376629856
glaum,1000,GB1 0AC,offwind-dc,0.5211892484961504,0.3835407481597321,0.13764850033641834
glaum,1000,GB1 0AC,offwind-dc,0.4544784459380382,0.31727368946964724,0.13720475646839098
glaum,1000,GB1 0AC,offwind-dc,0.5242443356517008,0.383761184108415,0.14048315154328583
glaum,1000,GB1 0AC,offwind-dc,0.457142370302284,0.3174297736127013,0.1397125966895827
glaum,1000,NL2 0AC,offwind-dc,0.5269065947583599,0.44432073783452075,0.08258585692383913
glaum,1000,NL2 0AC,offwind-dc,0.4594640825912292,0.3503261779429396,0.1091379046482896
glaum,1000,NL2 0AC,offwind-dc,0.5313619131687907,0.447806093885741,0.08355581928304967
glaum,1000,NL2 0AC,offwind-dc,0.463342995803098,0.3535274745905897,0.10981552121250832
glaum,1000,NL2 0AC,offwind-dc,0.5199153835571716,0.4411270467856029,0.07878833677156871
glaum,1000,NL2 0AC,offwind-dc,0.4533487216532274,0.34985329399366716,0.10349542765956027
glaum,1000,NL2 0AC,offwind-dc,0.5258414439089355,0.44215708522365826,0.08368435868527724
glaum,1000,NL2 0AC,offwind-dc,0.4585287519685863,0.3511000995568059,0.1074286524117804
glaum,1000,NL2 0AC,offwind-dc,0.5172385894920839,0.451187464820033,0.06605112467205088
glaum,1000,NL2 0AC,offwind-dc,0.45102597047328546,0.35272025195884205,0.09830571851444342
glaum,1000,NL2 0AC,offwind-dc,0.5298442086785432,0.44145565477263937,0.08838855390590383
glaum,1000,NL2 0AC,offwind-dc,0.46203181400723325,0.351380771049985,0.11065104295724826
glaum,1000,NL2 0AC,offwind-dc,0.5164967078305973,0.45838593654198767,0.05811077128860964
glaum,1000,NL2 0AC,offwind-dc,0.4503601840873915,0.3525759201518134,0.0977842639355781
glaum,1000,NL2 0AC,offwind-dc,0.5259829095278757,0.4402530103770656,0.08572989915081014
glaum,1000,NL2 0AC,offwind-dc,0.45865811834966685,0.3499168113446416,0.10874130700502527
glaum,1000,NL2 0AC,offwind-dc,0.517815451644215,0.4466388403954444,0.07117661124877067
glaum,1000,NL2 0AC,offwind-dc,0.45154273239984244,0.3525745921647768,0.09896814023506562
glaum,1000,NL2 0AC,offwind-dc,0.5284102610834972,0.43798559142835,0.09042466965514723
glaum,1000,NL2 0AC,offwind-dc,0.4607505043766062,0.3509231217989234,0.10982738257768282
glaum,1000,NL2 0AC,offwind-dc,0.5206480508412236,0.43861413515972614,0.08203391568149743
glaum,1000,NL2 0AC,offwind-dc,0.4539806574553222,0.34854489790446197,0.10543575955086021
glaum,1000,NL2 0AC,offwind-dc,0.5243963153518503,0.43803063485463384,0.08636568049721643
glaum,1000,NL2 0AC,offwind-dc,0.4572688670938174,0.34949791958965465,0.10777094750416277
glaum,1000,NL2 0AC,offwind-dc,0.5175642269237641,0.460463193035349,0.05710103388841514
glaum,1000,NL2 0AC,offwind-dc,0.4513236656926349,0.3559386329472398,0.09538503274539506
glaum,1000,NL2 0AC,offwind-dc,0.5209211501177836,0.444572637323758,0.0763485127940256
glaum,1000,NL2 0AC,offwind-dc,0.4542250634059333,0.35209893695237854,0.10212612645355479
glaum,1000,NL2 0AC,offwind-dc,0.519927186903797,0.4591323959187746,0.06079479098502244
glaum,1000,NL2 0AC,offwind-dc,0.4533532200202242,0.3564108236390805,0.09694239638114371
glaum,1000,NL2 0AC,offwind-dc,0.5205393161513469,0.4778601640732797,0.04267915207806716
glaum,1000,NL2 0AC,offwind-dc,0.4538989886544232,0.3598929950768466,0.09400599357757661
glaum,1000,NL2 0AC,offwind-dc,0.5278744375127241,0.4284101998571118,0.0994642376556123
glaum,1000,NL2 0AC,offwind-dc,0.4603139701507509,0.34497624008384037,0.1153377300669105
glaum,1000,NL2 0AC,offwind-dc,0.5260999514484084,0.437283643603987,0.08881630784442135
glaum,1000,NL2 0AC,offwind-dc,0.45871484609754454,0.35029224179820273,0.10842260429934181
glaum,1000,NL2 0AC,offwind-dc,0.5214801012402852,0.4559693392575103,0.06551076198277489
glaum,1000,NL2 0AC,offwind-dc,0.45471933885426297,0.355988730742421,0.09873060811184198
glaum,1000,NL2 0AC,offwind-dc,0.5221441447093786,0.47368636764536576,0.048457777064012886
glaum,1000,NL2 0AC,offwind-dc,0.4552791188152015,0.36157845562317686,0.09370066319202464
glaum,1000,NL2 0AC,offwind-dc,0.5242633158889249,0.4469993053872622,0.07726401050166276
glaum,1000,NL2 0AC,offwind-dc,0.4571454935878973,0.35160854977006,0.10553694381783729
glaum,1000,NL2 0AC,offwind-dc,0.5265748251258822,0.43818176102354317,0.08839306410233899
glaum,1000,NL2 0AC,offwind-dc,0.4591873597150827,0.34905566062012483,0.11013169909495785
glaum,1000,NL2 0AC,offwind-dc,0.5237446723764928,0.4687442404131373,0.05500043196335552
glaum,1000,NL2 0AC,offwind-dc,0.45669979445090025,0.3603362144352647,0.09636358001563555
glaum,1000,NL2 0AC,offwind-dc,0.5308420063646997,0.45388130640220625,0.07696069996249344
glaum,1000,NL2 0AC,offwind-dc,0.4628895844362479,0.35552007570754435,0.10736950872870354
glaum,1000,NL2 0AC,offwind-dc,0.5307715617468379,0.44819726487600403,0.0825742968708339
glaum,1000,NL2 0AC,offwind-dc,0.462815021604263,0.3528946177887802,0.10992040381548285
glaum,1000,NO0 0AC,offwind-dc,0.5203984389749878,0.4448802416806554,0.07551819729433246
glaum,1000,NO0 0AC,offwind-dc,0.45377596617843974,0.35554502641305574,0.098230939765384
glaum,1000,NO0 0AC,offwind-dc,0.555102098570248,0.490817411883476,0.06428468668677195
glaum,1000,NO0 0AC,offwind-dc,0.48403145370195094,0.3882757721740151,0.09575568152793584
glaum,1000,NO0 0AC,offwind-dc,0.5483702779000851,0.48371761730244095,0.06465266059764413
glaum,1000,NO0 0AC,offwind-dc,0.47818092795870026,0.3819329944566137,0.09624793350208655
glaum,1000,GB1 0AC,offwind-float,0.48075861942923515,0.3454379108319041,0.13532070859733103
glaum,1000,GB1 0AC,offwind-float,0.4191891112583025,0.2877327427224928,0.13145636853580972
glaum,1000,GB1 0AC,offwind-float,0.4974228511776752,0.3627104282184839,0.13471242295919128
glaum,1000,GB1 0AC,offwind-float,0.4337333058325078,0.3018068479276556,0.1319264579048522
glaum,1000,GB1 0AC,offwind-float,0.5188106688739044,0.3884608543723655,0.13034981450153887
glaum,1000,GB1 0AC,offwind-float,0.45241069679465024,0.3207234163473367,0.13168728044731354
glaum,1000,GB1 0AC,offwind-float,0.5311120581156651,0.40522790462903335,0.12588415348663173
glaum,1000,GB1 0AC,offwind-float,0.46311171046975996,0.33279036298621273,0.13032134748354723
glaum,1000,GB1 0AC,offwind-float,0.5151630686406642,0.383129231679239,0.13203383696142518
glaum,1000,GB1 0AC,offwind-float,0.4492234625892863,0.3191000225271675,0.1301234400621188
glaum,1000,GB1 0AC,offwind-float,0.5288093010741423,0.40268842614592504,0.12612087492821722
glaum,1000,GB1 0AC,offwind-float,0.46111683339960724,0.33231507936128873,0.1288017540383185
glaum,1000,GB1 0AC,offwind-float,0.5251520990293285,0.39645729942838276,0.1286947996009457
glaum,1000,GB1 0AC,offwind-float,0.4579213087495197,0.32915666215203526,0.12876464659748443
glaum,1000,GB1 0AC,offwind-float,0.5136465799884342,0.37920528364685213,0.13444129634158208
glaum,1000,GB1 0AC,offwind-float,0.44789451598495783,0.31548431946884264,0.1324101965161152
glaum,1000,GB1 0AC,offwind-float,0.5204576976033011,0.3888190644624157,0.13163863314088536
glaum,1000,GB1 0AC,offwind-float,0.45382772866884824,0.32532889948960664,0.1284988291792416
glaum,1000,GB1 0AC,offwind-float,0.5049498410719909,0.3577688584773568,0.14718098259463414
glaum,1000,GB1 0AC,offwind-float,0.4402912206682768,0.3022460224031325,0.13804519826514433
glaum,1000,GB1 0AC,offwind-float,0.4866280969240824,0.33684980089189676,0.14977829603218562
glaum,1000,GB1 0AC,offwind-float,0.4243462677266532,0.2825513900313302,0.141794877695323
glaum,1000,GB1 0AC,offwind-float,0.5135659010446304,0.3765342630792185,0.1370316379654119
glaum,1000,GB1 0AC,offwind-float,0.4478105914176841,0.31437018639599723,0.13344040502168686
glaum,1000,GB1 0AC,offwind-float,0.5259287127553359,0.39923187940240595,0.12669683335292997
glaum,1000,GB1 0AC,offwind-float,0.45860432957322206,0.3324734819056042,0.12613084766761784
glaum,1000,GB1 0AC,offwind-float,0.5261902881711521,0.39922766991683606,0.12696261825431604
glaum,1000,GB1 0AC,offwind-float,0.4588269542587431,0.3317222107854398,0.1271047434733033
glaum,1000,GB1 0AC,offwind-float,0.524547014938935,0.3842902801560794,0.14025673478285555
glaum,1000,GB1 0AC,offwind-float,0.4574001164074866,0.32134576906472373,0.1360543473427629
glaum,1000,GB1 0AC,offwind-float,0.522262310447444,0.3848153521139121,0.13744695833353188
glaum,1000,GB1 0AC,offwind-float,0.45541370331276637,0.32258693211590733,0.13282677119685904
glaum,1000,GB1 0AC,offwind-float,0.5206049385762436,0.3866533085389197,0.13395163003732385
glaum,1000,GB1 0AC,offwind-float,0.45395596896838936,0.32255601285416663,0.13139995611422273
glaum,1000,GB1 0AC,offwind-float,0.5242674757903513,0.380977413433924,0.14329006235642727
glaum,1000,GB1 0AC,offwind-float,0.45713122670057726,0.3206801594649536,0.13645106723562367
glaum,1000,GB1 0AC,offwind-float,0.5146482408602236,0.36825677039288324,0.1463914704673404
glaum,1000,GB1 0AC,offwind-float,0.44874883338015414,0.31115780199361576,0.1375910313865384
glaum,1000,GB1 0AC,offwind-float,0.5287963920476123,0.3884450628372744,0.14035132921033788
glaum,1000,GB1 0AC,offwind-float,0.46109900371216783,0.3263797435733683,0.13471926013879953
glaum,1000,GB1 0AC,offwind-float,0.5214928737513417,0.3908892259351423,0.13060364781619938
glaum,1000,GB1 0AC,offwind-float,0.4547046277870872,0.326684452596431,0.12802017519065623
glaum,1000,GB1 0AC,offwind-float,0.521228067294367,0.3849646681686256,0.13626339912574137
glaum,1000,GB1 0AC,offwind-float,0.45449890605361787,0.32255214658757786,0.13194675946604
glaum,1000,GB1 0AC,offwind-float,0.5207781701952602,0.3915380576282405,0.12924011256701967
glaum,1000,GB1 0AC,offwind-float,0.45411324402282205,0.3218393035420722,0.13227394048074986
glaum,1000,GB1 0AC,offwind-float,0.5229632029631268,0.3944025014807201,0.12856070148240673
glaum,1000,GB1 0AC,offwind-float,0.4560062484068358,0.32840032804778185,0.12760592035905394
glaum,1000,GB1 0AC,offwind-float,0.525389767349993,0.3882590358732032,0.13713073147678978
glaum,1000,GB1 0AC,offwind-float,0.4581217333396661,0.32559482676404167,0.13252690657562444
glaum,1000,GB1 0AC,offwind-float,0.5195979888058999,0.3854272545243408,0.13417073428155912
glaum,1000,GB1 0AC,offwind-float,0.4530592164196607,0.3232933499419134,0.1297658664777473
glaum,1000,GB1 0AC,offwind-float,0.5034334534099135,0.3529698320049042,0.1504636214050093
glaum,1000,GB1 0AC,offwind-float,0.4389947693214464,0.2966770591757553,0.14231771014569106
glaum,1000,GB1 0AC,offwind-float,0.5231668586367539,0.3796895164284506,0.14347734220830333
glaum,1000,GB1 0AC,offwind-float,0.45619009821954903,0.31971110228863403,0.136478995930915
glaum,1000,GB1 0AC,offwind-float,0.5238155003415077,0.38658072489089157,0.13723477545061613
glaum,1000,GB1 0AC,offwind-float,0.45675566715014304,0.3244976324326663,0.1322580347174767
glaum,1000,GB1 0AC,offwind-float,0.5154439743541174,0.3680179523858043,0.14742602196831306
glaum,1000,GB1 0AC,offwind-float,0.4494546321409136,0.31103133662966126,0.13842329551125232
glaum,1000,GB1 0AC,offwind-float,0.5040168980815406,0.3512731371924142,0.1527437608891264
glaum,1000,GB1 0AC,offwind-float,0.43949106539112,0.29532267419557345,0.14416839119554653
glaum,1000,GB1 0AC,offwind-float,0.5206412303747329,0.3836338997061688,0.13700733066856408
glaum,1000,GB1 0AC,offwind-float,0.4539941621576236,0.3216442336891907,0.1323499284684329
glaum,1000,GB1 0AC,offwind-float,0.5258836495541004,0.3852999314425501,0.1405837181115503
glaum,1000,GB1 0AC,offwind-float,0.4585595010787038,0.3239819140224648,0.134577587056239
glaum,1000,GB1 0AC,offwind-float,0.5198267563903453,0.38830500932952533,0.13152174706081993
glaum,1000,GB1 0AC,offwind-float,0.45326440181322036,0.3232901523588177,0.12997424945440267
glaum,1000,GB1 0AC,offwind-float,0.5222701766483451,0.3790705271517566,0.14319964949658848
glaum,1000,GB1 0AC,offwind-float,0.45541455105479206,0.31854280463088736,0.1368717464239047
glaum,1000,GB1 0AC,offwind-float,0.5168789682248988,0.3663516923969905,0.15052727582790826
glaum,1000,GB1 0AC,offwind-float,0.4507200811723594,0.3097348149650349,0.1409852662073245
glaum,1000,GB1 0AC,offwind-float,0.5183985879848475,0.38644457442968794,0.13195401355515957
glaum,1000,GB1 0AC,offwind-float,0.45205134811509673,0.32116464570931663,0.1308867024057801
glaum,1000,GB1 0AC,offwind-float,0.5199538322353388,0.3743427899273268,0.14561104230801197
glaum,1000,GB1 0AC,offwind-float,0.45340708093369236,0.31554146986533343,0.13786561106835893
glaum,1000,GB1 0AC,offwind-float,0.5222779431312733,0.38357597511654307,0.13870196801473023
glaum,1000,GB1 0AC,offwind-float,0.4554093592332578,0.32245467417784746,0.13295468505541036
glaum,1000,GB1 0AC,offwind-float,0.5097827022640946,0.3545048143943106,0.15527788786978403
glaum,1000,GB1 0AC,offwind-float,0.44451220047090567,0.2974012199649201,0.1471109805059856
glaum,1000,GB1 0AC,offwind-float,0.518835596081357,0.38402228560549573,0.13481331047586126
glaum,1000,GB1 0AC,offwind-float,0.4524054856681946,0.32215619070586343,0.13024929496233117
glaum,1000,GB1 0AC,offwind-float,0.5241728448422835,0.38259314847960807,0.14157969636267548
glaum,1000,GB1 0AC,offwind-float,0.45708016784658706,0.32189879281750156,0.1351813750290855
glaum,1000,GB1 0AC,offwind-float,0.5167501501544454,0.3804641491320823,0.13628600102236305
glaum,1000,GB1 0AC,offwind-float,0.4506076438289386,0.31969590239538487,0.13091174143355372
glaum,1000,GB1 0AC,offwind-float,0.5069660878550115,0.348317095966289,0.1586489918887225
glaum,1000,GB1 0AC,offwind-float,0.44205699426887746,0.292198415105874,0.14985857916300344
glaum,1000,GB1 0AC,offwind-float,0.5159663917855389,0.36098702458335347,0.15497936720218547
glaum,1000,GB1 0AC,offwind-float,0.4499241434789917,0.3059240594870875,0.14400008399190417
glaum,1000,GB1 0AC,offwind-float,0.5112671820996766,0.37917166722256745,0.13209551487710913
glaum,1000,GB1 0AC,offwind-float,0.4457940819830474,0.31234630690074977,0.1334477750822976
glaum,1000,GB1 0AC,offwind-float,0.5170087890019612,0.38632839028950827,0.13068039871245296
glaum,1000,GB1 0AC,offwind-float,0.45083279575430973,0.32178598965832306,0.12904680609598668
glaum,1000,GB1 0AC,offwind-float,0.5155806953378962,0.3833929145140732,0.132187780823823
glaum,1000,GB1 0AC,offwind-float,0.4495818319098352,0.31979092022337346,0.12979091168646173
glaum,1000,GB1 0AC,offwind-float,0.5209338764954747,0.3809500902590922,0.13998378623638252
glaum,1000,GB1 0AC,offwind-float,0.45422217297041073,0.32031355074355383,0.1339086222268569
glaum,1000,GB1 0AC,offwind-float,0.5188170343964876,0.3709215063466857,0.14789552804980194
glaum,1000,GB1 0AC,offwind-float,0.4524031405343035,0.31312605461785176,0.13927708591645177
glaum,1000,GB1 0AC,offwind-float,0.519732186259969,0.3763303008767174,0.14340188538325155
glaum,1000,GB1 0AC,offwind-float,0.4531876053587509,0.316611191982285,0.13657641337646592
glaum,1000,GB1 0AC,offwind-float,0.5168263565459651,0.37900391043222637,0.13782244611373873
glaum,1000,GB1 0AC,offwind-float,0.4506603828821843,0.3185268615644826,0.13213352131770167
glaum,1000,GB1 0AC,offwind-float,0.519680252108138,0.3750500152010086,0.14463023690712934
glaum,1000,GB1 0AC,offwind-float,0.4531427306962364,0.3157139721273741,0.13742875856886227
glaum,1000,GB1 0AC,offwind-float,0.5127771698986482,0.37771396551962244,0.13506320437902575
glaum,1000,GB1 0AC,offwind-float,0.44711716959891873,0.31747624633483545,0.12964092326408327
glaum,1000,GB1 0AC,offwind-float,0.5191560557599908,0.36109407703425367,0.15806197872573713
glaum,1000,GB1 0AC,offwind-float,0.4526989539648301,0.30641152301661495,0.14628743094821517
glaum,1000,GB1 0AC,offwind-float,0.5183030246869003,0.36758885744982467,0.1507141672370756
glaum,1000,GB1 0AC,offwind-float,0.45196111866112615,0.31086020433977946,0.1411009143213467
glaum,1000,GB1 0AC,offwind-float,0.5196304862148161,0.3777856746361038,0.14184481157871232
glaum,1000,GB1 0AC,offwind-float,0.4531066498183029,0.3182418881448484,0.13486476167345451
glaum,1000,GB1 0AC,offwind-float,0.5113440013640288,0.37455718641626706,0.13678681494776174
glaum,1000,GB1 0AC,offwind-float,0.4458739314984298,0.315205021583531,0.13066890991489882
glaum,1000,GB1 0AC,offwind-float,0.513632960327667,0.3818529453884377,0.1317800149392293
glaum,1000,GB1 0AC,offwind-float,0.4478435368453092,0.3182843492678148,0.1295591875774944
glaum,1000,GB1 0AC,offwind-float,0.5163734900346049,0.37762295127906287,0.138750538755542
glaum,1000,GB1 0AC,offwind-float,0.4502589310864306,0.31727851095743165,0.13298042012899897
glaum,1000,GB1 0AC,offwind-float,0.5201827104198865,0.3736727088518434,0.1465100015680431
glaum,1000,GB1 0AC,offwind-float,0.4535998721610356,0.3153319834468254,0.1382678887142102
glaum,1000,GB1 0AC,offwind-float,0.5188315389756992,0.3758407302820691,0.14299080869363012
glaum,1000,GB1 0AC,offwind-float,0.4524099756523723,0.3167835377389772,0.13562643791339507
glaum,1000,GB1 0AC,offwind-float,0.5188205123547617,0.3667753507229937,0.15204516163176796
glaum,1000,GB1 0AC,offwind-float,0.4524122995311822,0.31011513109650557,0.14229716843467666
glaum,1000,GB1 0AC,offwind-float,0.5169366476815858,0.3764903982724551,0.14044624940913064
glaum,1000,GB1 0AC,offwind-float,0.4507566036131145,0.31641362888500524,0.13434297472810924
glaum,1000,GB1 0AC,offwind-float,0.5198696259081357,0.3732847423791708,0.14658488352896487
glaum,1000,GB1 0AC,offwind-float,0.4533276794093629,0.31519822685031784,0.13812945255904507
glaum,1000,GB1 0AC,offwind-float,0.5077481195957598,0.372500115184518,0.13524800441124185
glaum,1000,GB1 0AC,offwind-float,0.4427432080416392,0.3130170921539775,0.1297261158876617
glaum,1000,GB1 0AC,offwind-float,0.5127833115905465,0.37425181610190744,0.13853149548863902
glaum,1000,GB1 0AC,offwind-float,0.44712176213899013,0.3143128757628087,0.13280888637618143
glaum,1000,GB1 0AC,offwind-float,0.510127154673106,0.37581524006984884,0.13431191460325714
glaum,1000,GB1 0AC,offwind-float,0.44482486750074424,0.31513414765997566,0.12969071984076858
glaum,1000,GB1 0AC,offwind-float,0.5156364112050761,0.3745068366014604,0.1411295746036157
glaum,1000,GB1 0AC,offwind-float,0.449591302396235,0.3152438561868341,0.13434744620940092
glaum,1000,GB1 0AC,offwind-float,0.5077717106168224,0.3740199417050475,0.13375176891177487
glaum,1000,GB1 0AC,offwind-float,0.44276419423936764,0.3135441809854916,0.12922001325387605
glaum,1000,GB1 0AC,offwind-float,0.5093219849744027,0.3724045658888015,0.13691741908560123
glaum,1000,GB1 0AC,offwind-float,0.44410926120010524,0.3128086850968182,0.13130057610328705
glaum,1000,GB1 0AC,offwind-float,0.5173537681758851,0.37390359842303805,0.14345016975284702
glaum,1000,GB1 0AC,offwind-float,0.4511329066655165,0.3153381445980215,0.13579476206749497
glaum,1000,GB1 0AC,offwind-float,0.5065053986329905,0.3712998871685864,0.13520551146440407
glaum,1000,GB1 0AC,offwind-float,0.44165428475980223,0.3119096416498428,0.12974464310995942
glaum,1000,GB1 0AC,offwind-float,0.5128848185300546,0.3736003495608246,0.13928446896923002
glaum,1000,GB1 0AC,offwind-float,0.4472238523074355,0.31443586958857933,0.13278798271885617
glaum,1000,GB1 0AC,offwind-float,0.5181008249742796,0.372630764089922,0.14547006088435754
glaum,1000,GB1 0AC,offwind-float,0.45177135070854335,0.3144359845980143,0.13733536611052904
glaum,1000,GB1 0AC,offwind-float,0.5155294654459941,0.37382976409442953,0.14169970135156457
glaum,1000,GB1 0AC,offwind-float,0.44953631834666413,0.3151142561140285,0.13442206223263564
glaum,1000,GB1 0AC,offwind-float,0.5052785639710121,0.37121082478724127,0.13406773918377085
glaum,1000,GB1 0AC,offwind-float,0.4405840854420836,0.31149582999722186,0.12908825544486174
glaum,1000,GB1 0AC,offwind-float,0.5086966405293611,0.3720709075861865,0.13662573294317465
glaum,1000,GB1 0AC,offwind-float,0.4435516260502074,0.3127779472418878,0.13077367880831964
glaum,1000,GB1 0AC,offwind-float,0.5108848531331757,0.37159704490576645,0.13928780822740922
glaum,1000,GB1 0AC,offwind-float,0.4454603777680225,0.3129514138527544,0.13250896391526812
glaum,1000,GB1 0AC,offwind-float,0.5072270088838161,0.3708356664266878,0.1363913424571283
glaum,1000,GB1 0AC,offwind-float,0.44229706336999103,0.31188718873722915,0.13040987463276188
glaum,1000,GB1 0AC,offwind-float,0.5156106960095959,0.37206666479194456,0.1435440312176513
glaum,1000,GB1 0AC,offwind-float,0.44961968775671185,0.3141592214331542,0.13546046632355763
glaum,1000,GB1 0AC,offwind-float,0.5044524996045598,0.3690782692906679,0.13537423031389195
glaum,1000,GB1 0AC,offwind-float,0.43989010279309954,0.31087792619462284,0.1290121765984767
glaum,1000,GB1 0AC,offwind-float,0.5183179149051185,0.3718573479224037,0.14646056698271476
glaum,1000,GB1 0AC,offwind-float,0.4519480625682442,0.30799611235367136,0.14395195021457285
glaum,1000,GB1 0AC,offwind-float,0.5134951363070155,0.37192521909631493,0.14156991721070056
glaum,1000,GB1 0AC,offwind-float,0.44775614967946664,0.31381864443358687,0.13393750524587977
glaum,1000,GB1 0AC,offwind-float,0.5106926001132912,0.3716386674430573,0.13905393267023392
glaum,1000,GB1 0AC,offwind-float,0.4452925667740982,0.31265664721421965,0.13263591955987852
glaum,1000,GB1 0AC,offwind-float,0.507948121874453,0.37106619715480144,0.1368819247196516
glaum,1000,GB1 0AC,offwind-float,0.4429242361666201,0.3123679186112089,0.1305563175554112
glaum,1000,GB1 0AC,offwind-float,0.5164107870490694,0.37154257286089454,0.14486821418817486
glaum,1000,GB1 0AC,offwind-float,0.4503045828230552,0.3131734191734842,0.137131163649571
glaum,1000,GB1 0AC,offwind-float,0.5135046925354986,0.37175249601035765,0.14175219652514093
glaum,1000,GB1 0AC,offwind-float,0.4477647714699714,0.31045072458902173,0.13731404688094967
glaum,1000,GB1 0AC,offwind-float,0.51437932751322,0.37023677713587133,0.1441425503773487
glaum,1000,GB1 0AC,offwind-float,0.44854596887207415,0.31193208067807926,0.1366138881939949
glaum,1000,GB1 0AC,offwind-float,0.5138454130048277,0.37208851334887816,0.1417568996559495
glaum,1000,GB1 0AC,offwind-float,0.44806802784583893,0.3128375040323109,0.13523052381352801
glaum,1000,GB1 0AC,offwind-float,0.5160750477695142,0.37103554418775175,0.14503950358176243
glaum,1000,GB1 0AC,offwind-float,0.4500063310434736,0.3100449657100558,0.1399613653334178
glaum,1000,GB1 0AC,offwind-float,0.516981357296229,0.37169303533733683,0.14528832195889213
glaum,1000,GB1 0AC,offwind-float,0.4508152649038463,0.30890353061316506,0.14191173429068127
glaum,1000,GB1 0AC,offwind-float,0.5154094891802151,0.37178897314235965,0.14362051603785547
glaum,1000,GB1 0AC,offwind-float,0.4494252841536448,0.3135185518666563,0.13590673228698852
glaum,1000,GB4 0AC,offwind-float,0.534836075221247,0.4042467423177036,0.1305893329035434
glaum,1000,GB4 0AC,offwind-float,0.4663787009767399,0.33227640619966625,0.13410229477707364
glaum,1000,GB4 0AC,offwind-float,0.5359086863660517,0.4066293634688625,0.1292793228971892
glaum,1000,GB4 0AC,offwind-float,0.4672952427325641,0.3365141238989167,0.1307811188336474
glaum,1000,GB4 0AC,offwind-float,0.5383345820873593,0.41289460516822907,0.12543997691913022
glaum,1000,GB4 0AC,offwind-float,0.46942273236469806,0.342308898514234,0.12711383385046404
glaum,1000,GB4 0AC,offwind-float,0.5363289865961877,0.4080410347786679,0.12828795181751979
glaum,1000,GB4 0AC,offwind-float,0.4676611316477999,0.3373155227335306,0.13034560891426927
glaum,1000,GB4 0AC,offwind-float,0.5376630753606662,0.41306403712457024,0.12459903823609592
glaum,1000,GB4 0AC,offwind-float,0.4688309393416755,0.34076271380865536,0.12806822553302016
glaum,1000,GB4 0AC,offwind-float,0.5367389173532935,0.4083732473069514,0.12836567004634208
glaum,1000,GB4 0AC,offwind-float,0.4680441938955792,0.3347611340722543,0.13328305982332495
glaum,1000,GB4 0AC,offwind-float,0.5320173912103866,0.4013579215565453,0.1306594696538413
glaum,1000,GB4 0AC,offwind-float,0.46392062018221364,0.33527951209781265,0.128641108084401
glaum,1000,GB4 0AC,offwind-float,0.5360943705558192,0.4117933036802549,0.1243010668755643
glaum,1000,GB4 0AC,offwind-float,0.4674690349117648,0.3362832500530323,0.1311857848587325
glaum,1000,GB4 0AC,offwind-float,0.5357007629260917,0.4078771747599631,0.1278235881661286
glaum,1000,GB4 0AC,offwind-float,0.4671387171596489,0.33834659271318784,0.12879212444646104
glaum,1000,GB4 0AC,offwind-float,0.5280105704038232,0.39588692873491044,0.13212364166891272
glaum,1000,GB4 0AC,offwind-float,0.46041446353983173,0.3307568668281205,0.12965759671171123
glaum,1000,GB4 0AC,offwind-float,0.534470584380852,0.41714020769666016,0.11733037668419188
glaum,1000,GB4 0AC,offwind-float,0.4660465933826768,0.3408797838359982,0.12516680954667858
glaum,1000,GB4 0AC,offwind-float,0.534362686001551,0.407174319520066,0.12718836648148502
glaum,1000,GB4 0AC,offwind-float,0.46595991016452487,0.3377592575569012,0.12820065260762364
glaum,1000,GB4 0AC,offwind-float,0.534783194787612,0.41249749549693576,0.12228569929067629
glaum,1000,GB4 0AC,offwind-float,0.46633266204866325,0.3394475461852158,0.12688511586344747
glaum,1000,GB4 0AC,offwind-float,0.5305816073467942,0.4094398891714981,0.12114171817529606
glaum,1000,GB4 0AC,offwind-float,0.4626616507769527,0.338136738643811,0.12452491213314171
glaum,1000,GB4 0AC,offwind-float,0.530959070506356,0.4135677110135596,0.11739135949279644
glaum,1000,GB4 0AC,offwind-float,0.46299198690590276,0.33680998757638514,0.12618199932951762
glaum,1000,GB4 0AC,offwind-float,0.5305443768555413,0.4057854842132226,0.12475889264231876
glaum,1000,GB4 0AC,offwind-float,0.46263054045388313,0.33770679473848203,0.1249237457154011
glaum,1000,GB4 0AC,offwind-float,0.5306774591816242,0.39970722569520556,0.13097023348641867
glaum,1000,GB4 0AC,offwind-float,0.4627071835347851,0.33376562985915664,0.12894155367562848
glaum,1000,GB4 0AC,offwind-float,0.5257172190484782,0.40232681901985096,0.12339040002862728
glaum,1000,GB4 0AC,offwind-float,0.45842611446049175,0.3353983488757418,0.12302776558474993
glaum,1000,GB4 0AC,offwind-float,0.5317065653679334,0.4024593856573516,0.12924717971058175
glaum,1000,GB4 0AC,offwind-float,0.4636366181733973,0.33439987374467667,0.12923674442872063
glaum,1000,GB4 0AC,offwind-float,0.5278014285540307,0.4013729500314677,0.12642847852256295
glaum,1000,GB4 0AC,offwind-float,0.4602379870060263,0.3335205116525257,0.12671747535350059
glaum,1000,GB4 0AC,offwind-float,0.5250989918949346,0.3911031295469156,0.13399586234801897
glaum,1000,GB4 0AC,offwind-float,0.45788744190497815,0.32397567122039933,0.13391177068457882
glaum,1000,GB4 0AC,offwind-float,0.5215787275100122,0.40171367020689736,0.11986505730311486
glaum,1000,GB4 0AC,offwind-float,0.4547986189463837,0.33081093335780987,0.12398768558857381
glaum,1000,GB4 0AC,offwind-float,0.524052063042679,0.3967943790042622,0.12725768403841686
glaum,1000,GB4 0AC,offwind-float,0.4569810556136341,0.329691454657654,0.12728960095598013
glaum,1000,GB4 0AC,offwind-float,0.5297906727075619,0.3987810541625347,0.13100961854502718
glaum,1000,GB4 0AC,offwind-float,0.4619851719873604,0.33221220666509793,0.12977296532226246
glaum,1000,GB4 0AC,offwind-float,0.5213385911267939,0.38600439642063916,0.13533419470615476
glaum,1000,GB4 0AC,offwind-float,0.45460899682134004,0.32121660437306604,0.133392392448274
glaum,1000,GB4 0AC,offwind-float,0.5150213324755608,0.39371471291712795,0.12130661955843286
glaum,1000,GB4 0AC,offwind-float,0.449080983704287,0.32848026097083693,0.12060072273345007
glaum,1000,GB4 0AC,offwind-float,0.520133096763943,0.3956349018803843,0.12449819488355873
glaum,1000,GB4 0AC,offwind-float,0.45355077102118707,0.32927783161441937,0.1242729394067677
glaum,1000,GB4 0AC,offwind-float,0.5256391165653128,0.3928680525172528,0.13277106404806
glaum,1000,GB4 0AC,offwind-float,0.4583332971769171,0.324862350880811,0.13347094629610612
glaum,1000,GB4 0AC,offwind-float,0.5215087233858409,0.38843408497953363,0.13307463840630723
glaum,1000,GB4 0AC,offwind-float,0.45474374151770597,0.32511313142850534,0.12963061008920063
glaum,1000,GB4 0AC,offwind-float,0.5243337168780817,0.3940876228303465,0.13024609404773524
glaum,1000,GB4 0AC,offwind-float,0.4572197785447639,0.32681690137428665,0.13040287717047727
glaum,1000,GB4 0AC,offwind-float,0.5205002378012138,0.391580678937695,0.1289195588635188
glaum,1000,GB4 0AC,offwind-float,0.4538527052294311,0.32661075265751904,0.12724195257191206
glaum,1000,GB4 0AC,offwind-float,0.5148958952190732,0.3775851966061513,0.1373106986129219
glaum,1000,GB4 0AC,offwind-float,0.44897735675255246,0.3150517609092326,0.13392559584331987
glaum,1000,GB4 0AC,offwind-float,0.5021325106399473,0.37723139323245897,0.12490111740748838
glaum,1000,GB4 0AC,offwind-float,0.4378413552358696,0.31440920194073807,0.12343215329513152
glaum,1000,GB4 0AC,offwind-float,0.5162220663822485,0.390172190081637,0.12604987630061154
glaum,1000,GB4 0AC,offwind-float,0.4501335858836467,0.3223062787406273,0.12782730714301943
glaum,1000,GB4 0AC,offwind-float,0.5095244679719891,0.38605990788661737,0.12346456008537177
glaum,1000,GB4 0AC,offwind-float,0.444286414264905,0.32274076318819145,0.12154565107671356
glaum,1000,GB4 0AC,offwind-float,0.5173496678847312,0.3860923939909094,0.13125727389382186
glaum,1000,GB4 0AC,offwind-float,0.45112326383541973,0.32301850050179326,0.12810476333362647
glaum,1000,GB4 0AC,offwind-float,0.5186439319939407,0.3822350291511301,0.13640890284281054
glaum,1000,GB4 0AC,offwind-float,0.4522582618691229,0.3192592698298826,0.13299899203924026
glaum,1000,GB4 0AC,offwind-float,0.5134926133871924,0.38543804449534513,0.1280545688918473
glaum,1000,GB4 0AC,offwind-float,0.44772872922245105,0.3217901104360762,0.12593861878637486
glaum,1000,GB4 0AC,offwind-float,0.5173398349448368,0.38286452592069453,0.1344753090241423
glaum,1000,GB4 0AC,offwind-float,0.4511084509162113,0.31978285896258385,0.13132559195362747
glaum,1000,GB4 0AC,offwind-float,0.5060488377994002,0.38124391255655676,0.12480492524284348
glaum,1000,GB4 0AC,offwind-float,0.4412566722971712,0.31906445907772907,0.12219221321944213
glaum,1000,GB4 0AC,offwind-float,0.5139159754982092,0.38088296440887703,0.1330330110893322
glaum,1000,GB4 0AC,offwind-float,0.4481361660468283,0.3184116879274944,0.1297244781193339
glaum,1000,GB4 0AC,offwind-float,0.5119659814754302,0.3736842735009102,0.13828170797451994
glaum,1000,GB4 0AC,offwind-float,0.4464283776080986,0.31036190552094994,0.13606647208714867
glaum,1000,GB4 0AC,offwind-float,0.5114445064306384,0.3810395903733626,0.13040491605727583
glaum,1000,GB4 0AC,offwind-float,0.4459613647108542,0.31850704765977017,0.127454317051084
glaum,1000,GB4 0AC,offwind-float,0.5144621489666121,0.3786784772363996,0.13578367173021255
glaum,1000,GB4 0AC,offwind-float,0.4485987629574689,0.3154981721722265,0.13310059078524245
glaum,1000,GB4 0AC,offwind-float,0.5061328193566461,0.3764431221601124,0.12968969719653373
glaum,1000,GB4 0AC,offwind-float,0.44132944896958987,0.314704775901805,0.12662467306778485
glaum,1000,GB4 0AC,offwind-float,0.511815297724057,0.3751321946550361,0.13668310306902087
glaum,1000,GB4 0AC,offwind-float,0.44628522223106226,0.31383355824904674,0.13245166398201552
glaum,1000,GB4 0AC,offwind-float,0.5107549477435057,0.3759914877598855,0.13476345998362022
glaum,1000,GB4 0AC,offwind-float,0.445373575400983,0.3168073588981478,0.12856621650283517
glaum,1000,GB4 0AC,offwind-float,0.507542357235498,0.37396625518211274,0.13357610205338527
glaum,1000,GB4 0AC,offwind-float,0.44254026953552955,0.3148171508311591,0.12772311870437048
glaum,1000,GB4 0AC,offwind-float,0.5003280637522769,0.37357990472119595,0.12674815903108094
glaum,1000,GB4 0AC,offwind-float,0.43625423065966606,0.31304199847207614,0.12321223218758992
glaum,1000,NO0 0AC,offwind-float,0.5082915475682799,0.3889530554741218,0.11933849209415809
glaum,1000,NO0 0AC,offwind-float,0.4432378131086998,0.3225960099798539,0.12064180312884593
glaum,1000,NO0 0AC,offwind-float,0.5088211967412216,0.3897367705162613,0.1190844262249603
glaum,1000,NO0 0AC,offwind-float,0.44366748059149747,0.32358841736619237,0.1200790632253051
glaum,1000,NO0 0AC,offwind-float,0.5058256199762744,0.3860867413735312,0.11973887860274318
glaum,1000,NO0 0AC,offwind-float,0.44108082097719264,0.3185589822915334,0.12252183868565925
glaum,1000,NO0 0AC,offwind-float,0.5063007068835136,0.38725367496448726,0.11904703191902632
glaum,1000,NO0 0AC,offwind-float,0.44148820121273835,0.32159778292979224,0.11989041828294611
glaum,1000,NO0 0AC,offwind-float,0.5064713342715145,0.387523395674226,0.11894793859728847
glaum,1000,NO0 0AC,offwind-float,0.4416505636427455,0.31813584233604153,0.12351472130670399
glaum,1000,NO0 0AC,offwind-float,0.5038803560871223,0.3850594844994496,0.11882087158767274
glaum,1000,NO0 0AC,offwind-float,0.4393595955780076,0.3183227951035885,0.12103680047441906
glaum,1000,NO0 0AC,offwind-float,0.5049811702915684,0.38533030947508246,0.11965086081648596
glaum,1000,NO0 0AC,offwind-float,0.4403313196855557,0.31808148133820896,0.12224983834734676
glaum,1000,NO0 0AC,offwind-float,0.5051011067421046,0.38445053685878766,0.12065056988331696
glaum,1000,NO0 0AC,offwind-float,0.4404163080435019,0.31729867592517935,0.12311763211832255
glaum,1000,NO0 0AC,offwind-float,0.5040992820558925,0.3846662158745038,0.11943306618138871
glaum,1000,NO0 0AC,offwind-float,0.4395880838134973,0.3142446176283456,0.1253434661851517
glaum,1000,NO0 0AC,offwind-float,0.5050586463349598,0.3867138046471263,0.11834484168783349
glaum,1000,NO0 0AC,offwind-float,0.440404858177061,0.3206367468860727,0.1197681112909883
glaum,1000,NO0 0AC,offwind-float,0.5032191534592357,0.38278224416875717,0.12043690929047857
glaum,1000,NO0 0AC,offwind-float,0.43880077311272736,0.31768780299067023,0.12111297012205713
glaum,1000,NO0 0AC,offwind-float,0.502023861815917,0.3834870415598411,0.11853682025607587
glaum,1000,NO0 0AC,offwind-float,0.43777200819106615,0.3188318507547515,0.11894015743631464
glaum,1000,NO0 0AC,offwind-float,0.503203897385593,0.38270451882880163,0.12049937855679138
glaum,1000,NO0 0AC,offwind-float,0.43879383839264874,0.3170752193842117,0.12171861900843706
glaum,1000,NO0 0AC,offwind-float,0.4994863514053655,0.38418464483613785,0.11530170656922767
glaum,1000,NO0 0AC,offwind-float,0.4355336951503091,0.3173656547801013,0.11816804037020778
glaum,1000,NO0 0AC,offwind-float,0.496989070058251,0.38304633035557667,0.11394273970267432
glaum,1000,NO0 0AC,offwind-float,0.4333625288365134,0.3175478854053096,0.11581464343120379
glaum,1000,NO0 0AC,offwind-float,0.4977158971200319,0.38176649066880997,0.11594940645122193
glaum,1000,NO0 0AC,offwind-float,0.4339698904177596,0.31668576518415675,0.11728412523360282
glaum,1000,NO0 0AC,offwind-float,0.5083109415152731,0.388158574684897,0.12015236683037611
glaum,1000,NO0 0AC,offwind-float,0.44324198250972363,0.31974422764451366,0.12349775486520997
glaum,1000,NO0 0AC,offwind-float,0.5079811273240716,0.38733964963001866,0.12064147769405298
glaum,1000,NO0 0AC,offwind-float,0.44293502506037363,0.32165126113559117,0.12128376392478246
glaum,1000,NO0 0AC,offwind-float,0.5057841478329781,0.38661737817006164,0.11916676966291645
glaum,1000,NO0 0AC,offwind-float,0.4410253535050241,0.32105730000287075,0.11996805350215334
glaum,1000,NO0 0AC,offwind-float,0.5030670878844714,0.38296848464239713,0.12009860324207428
glaum,1000,NO0 0AC,offwind-float,0.43867523862877317,0.3169338270740007,0.12174141155477247
glaum,1000,NO0 0AC,offwind-float,0.5114141883768196,0.3897666919290129,0.1216474964478067
glaum,1000,NO0 0AC,offwind-float,0.4459477412013688,0.3210963041296154,0.12485143707175345
glaum,1000,NO0 0AC,offwind-float,0.49270518381275985,0.3777454201105253,0.11495976370223454
glaum,1000,NO0 0AC,offwind-float,0.4296145687527689,0.31327886331556865,0.11633570543720023
glaum,1000,NO0 0AC,offwind-float,0.49545169457094307,0.37877270247048916,0.1166789921004539
glaum,1000,NO0 0AC,offwind-float,0.43202143440481877,0.3142813752039502,0.11774005920086855
glaum,1000,NO0 0AC,offwind-float,0.5029015691997905,0.3822652962139087,0.12063627298588175
glaum,1000,NO0 0AC,offwind-float,0.43851122793859443,0.31772937684132824,0.12078185109726619
glaum,1000,NO0 0AC,offwind-float,0.5022542029647846,0.3821731130637408,0.12008108990104382
glaum,1000,NO0 0AC,offwind-float,0.437953388621374,0.3166953669541317,0.12125802166724231
glaum,1000,NO0 0AC,offwind-float,0.5065797035604651,0.38599239486801856,0.12058730869244655
glaum,1000,NO0 0AC,offwind-float,0.4417445164505545,0.3208976627136444,0.12084685373691012
glaum,1000,NO0 0AC,offwind-float,0.4871474205854755,0.37096830892367266,0.11617911166180284
glaum,1000,NO0 0AC,offwind-float,0.424761099146132,0.3080694805811217,0.11669161856501031
glaum,1000,NO0 0AC,offwind-float,0.5122456407596179,0.39035632153864913,0.12188931922096874
glaum,1000,NO0 0AC,offwind-float,0.44667280834486445,0.3214598640788324,0.12521294426603202
glaum,1000,NO0 0AC,offwind-float,0.5095926508845531,0.38847366171953984,0.12111898916501324
glaum,1000,NO0 0AC,offwind-float,0.4443468449310185,0.32038407136249963,0.12396277356851887
glaum,1000,NO0 0AC,offwind-float,0.5038648136100644,0.3830890862198284,0.12077572739023601
glaum,1000,NO0 0AC,offwind-float,0.43933967899653786,0.31785529903232856,0.1214843799642093
glaum,1000,NO0 0AC,offwind-float,0.5061657394135723,0.38595230902856525,0.12021343038500709
glaum,1000,NO0 0AC,offwind-float,0.4413704596761868,0.3186058000615511,0.12276465961463573
glaum,1000,NO0 0AC,offwind-float,0.5002191226645335,0.38133755634324606,0.11888156632128744
glaum,1000,NO0 0AC,offwind-float,0.4361855297855395,0.3160915052932294,0.1200940244923101
glaum,1000,NO0 0AC,offwind-float,0.49506219693088127,0.37811440913463956,0.11694778779624171
glaum,1000,NO0 0AC,offwind-float,0.4316631514242193,0.31396188982370693,0.11770126160051236
glaum,1000,NO0 0AC,offwind-float,0.5135650760209753,0.3901143903656067,0.12345068565536865
glaum,1000,NO0 0AC,offwind-float,0.44782339064104965,0.31964418544834056,0.1281792051927091
glaum,1000,NO0 0AC,offwind-float,0.5107296093556749,0.3894107631139274,0.12131884624174749
glaum,1000,NO0 0AC,offwind-float,0.44531999466403216,0.3225533855511119,0.12276660911292026
glaum,1000,NO0 0AC,offwind-float,0.49101417762862765,0.37467379793321604,0.11634037969541161
glaum,1000,NO0 0AC,offwind-float,0.4281708960435814,0.31103023112747213,0.11714066491610925
glaum,1000,NO0 0AC,offwind-float,0.5145072782820058,0.3900416852569524,0.12446559302505344
glaum,1000,NO0 0AC,offwind-float,0.44865053930906956,0.3241209365233338,0.12452960278573577
glaum,1000,NO0 0AC,offwind-float,0.5025239214994144,0.3826654792788626,0.11985844222055181
glaum,1000,NO0 0AC,offwind-float,0.4381882980127979,0.31569070048150477,0.12249759753129313
glaum,1000,NO0 0AC,offwind-float,0.5134753816414591,0.3902852940473327,0.12319008759412642
glaum,1000,NO0 0AC,offwind-float,0.44773825604122014,0.3216297493533242,0.12610850668789592
glaum,1000,NO0 0AC,offwind-float,0.5118028878467891,0.3908812515397274,0.12092163630706165
glaum,1000,NO0 0AC,offwind-float,0.44629268440605474,0.3244478282613728,0.12184485614468193
glaum,1000,NO0 0AC,offwind-float,0.5075549551321387,0.3872500239292515,0.12030493120288716
glaum,1000,NO0 0AC,offwind-float,0.4425769742976907,0.32141476833453986,0.12116220596315086
glaum,1000,NO0 0AC,offwind-float,0.48092704014033116,0.3648293883972562,0.11609765174307496
glaum,1000,NO0 0AC,offwind-float,0.41933729445571355,0.30266915554513935,0.1166681389105742
glaum,1000,NO0 0AC,offwind-float,0.5150515531406986,0.39298202610162647,0.12206952703907215
glaum,1000,NO0 0AC,offwind-float,0.4491066304251219,0.32629218428168205,0.12281444614343984
glaum,1000,NO0 0AC,offwind-float,0.5175183548302384,0.3941771926856798,0.12334116214455865
glaum,1000,NO0 0AC,offwind-float,0.45127762491365386,0.3224980373137268,0.12877958759992708
glaum,1000,NO0 0AC,offwind-float,0.5146346302536947,0.39389275687407466,0.12074187337962006
glaum,1000,NO0 0AC,offwind-float,0.44873664775312344,0.3263354323316957,0.12240121542142773
glaum,1000,NO0 0AC,offwind-float,0.5075755919124011,0.3870735556386307,0.12050203627377037
glaum,1000,NO0 0AC,offwind-float,0.44259371120120916,0.3207573308109371,0.12183638039027206
glaum,1000,NO0 0AC,offwind-float,0.4964555370600042,0.3781838416657585,0.1182716953942457
glaum,1000,NO0 0AC,offwind-float,0.4328899063942217,0.3110037314873949,0.1218861749068268
glaum,1000,NO0 0AC,offwind-float,0.5193395897028004,0.39794346345257203,0.12139612625022833
glaum,1000,NO0 0AC,offwind-float,0.45286598934793953,0.3294796778358788,0.12338631151206075
glaum,1000,NO0 0AC,offwind-float,0.49957724156457695,0.3803943616640509,0.11918287990052606
glaum,1000,NO0 0AC,offwind-float,0.43560005239306815,0.31390669908927604,0.1216933533037921
glaum,1000,NO0 0AC,offwind-float,0.4743972079581139,0.3581460022983604,0.1162512056597535
glaum,1000,NO0 0AC,offwind-float,0.4136098933084303,0.296789813132632,0.11682008017579831
glaum,1000,NO0 0AC,offwind-float,0.48509756116057934,0.36909687831280147,0.11600068284777787
glaum,1000,NO0 0AC,offwind-float,0.4229988913694023,0.3066126984857848,0.11638619288361746
glaum,1000,NO0 0AC,offwind-float,0.5220294273185156,0.3994245326502139,0.12260489466830177
glaum,1000,NO0 0AC,offwind-float,0.45516082540530123,0.3289988177105314,0.12616200769476982
glaum,1000,NO0 0AC,offwind-float,0.5162057556154086,0.3908481296751284,0.12535762594028022
glaum,1000,NO0 0AC,offwind-float,0.4501327765243373,0.3244359544374401,0.1256968220868972
glaum,1000,NO0 0AC,offwind-float,0.5251444796986272,0.40371697371835064,0.12142750598027657
glaum,1000,NO0 0AC,offwind-float,0.4579333100434863,0.33316684402937446,0.12476646601411184
glaum,1000,NO0 0AC,offwind-float,0.4948422863558379,0.37717934107925044,0.11766294527658744
glaum,1000,NO0 0AC,offwind-float,0.43148321111583016,0.31098979121646525,0.1204934198993649
glaum,1000,NO0 0AC,offwind-float,0.5108203435409189,0.39010863585329547,0.1207117076876234
glaum,1000,NO0 0AC,offwind-float,0.44540449925563225,0.32380120177436755,0.1216032974812647
glaum,1000,NO0 0AC,offwind-float,0.5286360590607673,0.4063555258469438,0.12228053321382348
glaum,1000,NO0 0AC,offwind-float,0.4609590272285822,0.33509272994929623,0.12586629727928594
glaum,1000,NO0 0AC,offwind-float,0.5232741081285085,0.4018420229503289,0.1214320851781796
glaum,1000,NO0 0AC,offwind-float,0.4563090460341573,0.3274899485341916,0.12881909749996567
glaum,1000,NO0 0AC,offwind-float,0.5195605379606347,0.397622329453155,0.12193820850747972
glaum,1000,NO0 0AC,offwind-float,0.4530453977270383,0.323843471340093,0.12920192638694528
glaum,1000,NO0 0AC,offwind-float,0.4719495059201873,0.35679980848141785,0.11514969743876946
glaum,1000,NO0 0AC,offwind-float,0.4115075683479793,0.2953288020318252,0.11617876631615409
glaum,1000,NO0 0AC,offwind-float,0.5311116420414861,0.40751218116283944,0.12359946087864665
glaum,1000,NO0 0AC,offwind-float,0.4630927687106039,0.3345980702358357,0.1284946984747682
glaum,1000,NO0 0AC,offwind-float,0.5030300720431745,0.3834376493594414,0.1195924226837331
glaum,1000,NO0 0AC,offwind-float,0.4386167505368417,0.31272995258329606,0.12588679795354563
glaum,1000,NO0 0AC,offwind-float,0.5410579823216431,0.41932875655574037,0.12172922576590278
glaum,1000,NO0 0AC,offwind-float,0.47181706093839904,0.34322757882441646,0.12858948211398258
glaum,1000,NO0 0AC,offwind-float,0.5372485979511593,0.41302301182166934,0.12422558612948997
glaum,1000,NO0 0AC,offwind-float,0.46845643344056015,0.3392375741476358,0.12921885929292437
glaum,1000,NO0 0AC,offwind-float,0.5699950633263314,0.44042913738901834,0.1295659259373131
glaum,1000,NO0 0AC,offwind-float,0.4970258585575443,0.3575952129384109,0.13943064561913338
new_more,1000,DE2 0AC,offwind-float,0.5005064274309784,0.3828991164835888,0.11760731094738958
new_more,1000,GB1 0AC,offwind-float,0.5118230582105792,0.36246723536125514,0.14935582284932403
new_more,1000,GB1 0AC,offwind-float,0.50648355724032,0.36078928545170236,0.14569427178861766
new_more,1000,NL2 0AC,offwind-float,0.508050487888081,0.39345815273852175,0.1145923351495593
new_more,1000,NO0 0AC,offwind-float,0.10909907146503031,0.06504736591550918,0.044051705549521133
new_more,1000,NO0 0AC,offwind-float,0.09858469887372663,0.05865682780104413,0.0399278710726825
new_more,1000,NO0 0AC,offwind-float,0.10909907146503031,0.06523441175973185,0.04386465970529846
new_more,1000,DE2 0AC,offwind-ac,0.5206130655387053,0.49426396590490335,0.026349099633801998
new_more,1000,DE2 0AC,offwind-ac,0.4848434678297413,0.4336494256825872,0.05119404214715412
new_more,1000,DE2 0AC,offwind-ac,0.5072413749049804,0.48027700234023746,0.02696437256474299
new_more,1000,DE2 0AC,offwind-ac,0.38529150855749716,0.29190234013389155,0.09338916842360562
new_more,1000,DE2 0AC,offwind-ac,0.46606564254623256,0.39605563036580127,0.07001001218043129
new_more,1000,DK2 0AC,offwind-ac,0.45810346236252286,0.3345775116952028,0.12352595066732008
new_more,1000,DK2 0AC,offwind-ac,0.4534659313536044,0.330563633930859,0.12290229742274539
new_more,1000,GB1 0AC,offwind-ac,0.32204634926024384,0.2219537112457908,0.10009263801445303
new_more,1000,GB1 0AC,offwind-ac,0.418873848633487,0.2888158525809377,0.13005799605254925
new_more,1000,GB1 0AC,offwind-ac,0.5148923326975122,0.3841864754117086,0.13070585728580364
new_more,1000,GB1 0AC,offwind-ac,0.5096786919174212,0.3788358802953492,0.130842811622072
new_more,1000,NL2 0AC,offwind-ac,0.3848447969549701,0.2729425159518185,0.11190228100315158
new_more,1000,NL2 0AC,offwind-ac,0.4850421601108099,0.38937554487690307,0.09566661523390685
new_more,1000,NL2 0AC,offwind-ac,0.49529906501569004,0.40449505822351395,0.0908040067921761
new_more,1000,GB1 0AC,offwind-dc,0.5107596570179758,0.3890303831306411,0.12172927388733468
new_more,1000,GB1 0AC,offwind-dc,0.5117341240866209,0.3863487304283296,0.12538539365829127
new_more,1000,GB1 0AC,offwind-dc,0.5124971430345473,0.3766509527657753,0.13584619026877198
new_more,1000,GB1 0AC,offwind-dc,0.5093195899784153,0.3875511913349248,0.12176839864349048
new_more,1000,GB1 0AC,offwind-dc,0.5078290802377063,0.3911065623051047,0.11672251793260163
new_more,1000,GB1 0AC,offwind-dc,0.5078326782548855,0.38690667820989205,0.12092600004499349
new_more,1000,GB1 0AC,offwind-dc,0.5078731390216057,0.3973424121211937,0.11053072690041199
new_more,1000,NL2 0AC,offwind-dc,0.5065463777218209,0.4710741496530525,0.035472228068768374
new_more,1000,DK2 0AC,offwind-float,0.5456744795864293,0.4149253452545062,0.13074913433192314
new_more,1000,DK2 0AC,offwind-float,0.5197391671492103,0.3895232976006347,0.1302158695485756
new_more,1000,DK2 0AC,offwind-float,0.5486187817823817,0.4160697811188913,0.13254900066349035
new_more,1000,DK2 0AC,offwind-float,0.5225370042541365,0.39221593862856047,0.13032106562557605
new_more,1000,DK2 0AC,offwind-float,0.5228967980038519,0.3989428709206854,0.12395392708316649
new_more,1000,DK2 0AC,offwind-float,0.4980374937352081,0.3760085130727422,0.12202898066246592
new_more,1000,GB1 0AC,offwind-float,0.4574461890025337,0.31934216462689663,0.13810402437563707
new_more,1000,GB1 0AC,offwind-float,0.4357042709198196,0.3041042177658935,0.1316000531539261
new_more,1000,GB1 0AC,offwind-float,0.4966309958999922,0.3696394927221127,0.1269915031778795
new_more,1000,GB1 0AC,offwind-float,0.4730199963320212,0.3498285363414909,0.12319145999053027
new_more,1000,GB1 0AC,offwind-float,0.4478575651601782,0.30369488298987196,0.14416268217030626
new_more,1000,GB1 0AC,offwind-float,0.42656472902639364,0.28997888593229015,0.1365858430941035
new_more,1000,GB1 0AC,offwind-float,0.4779931331243657,0.33298780050402677,0.14500533262033893
new_more,1000,GB1 0AC,offwind-float,0.4552679427869963,0.32062256313524257,0.13464537965175372
new_more,1000,GB1 0AC,offwind-float,0.4815276545947017,0.3340062356025115,0.14752141899219018
new_more,1000,GB1 0AC,offwind-float,0.4586344956586582,0.32267088062362276,0.13596361503503546
new_more,1000,NL2 0AC,offwind-float,0.40221663860715084,0.27161585488140555,0.1306007837257453
new_more,1000,NL2 0AC,offwind-float,0.3830997207743238,0.2549343766386756,0.12816534413564823
new_more,1000,NO0 0AC,offwind-float,0.2666786308343302,0.18443214461530452,0.08224648621902567
new_more,1000,NO0 0AC,offwind-float,0.2539968506399878,0.17298667146610863,0.08101017917387915
new_more,1000,NO0 0AC,offwind-float,0.31883687195529037,0.2294328384110245,0.08940403354426588
new_more,1000,NO0 0AC,offwind-float,0.303642933150699,0.21573578337660743,0.08790714977409159
new_more,1000,NO0 0AC,offwind-float,0.3074437494413689,0.21833378839432885,0.08910996104704003
new_more,1000,NO0 0AC,offwind-float,0.29279143533924634,0.20409446045814542,0.08869697488110093
new_more,1000,NO0 0AC,offwind-float,0.45294672123618746,0.3471749435325858,0.10577177770360163
new_more,1000,NO0 0AC,offwind-float,0.4314118496749681,0.33127342477839805,0.10013842489657004
new_more,1000,NO0 0AC,offwind-float,0.44736000112241386,0.3414264190850293,0.10593358203738457
new_more,1000,NO0 0AC,offwind-float,0.4260775027459227,0.32181334958462743,0.10426415316129528
new_more,1000,NO0 0AC,offwind-float,0.47920604077573153,0.36910016054485195,0.11010588023087958
new_more,1000,NO0 0AC,offwind-float,0.45642990068807193,0.3542243511692761,0.10220554951879585
new_more,1000,NO0 0AC,offwind-float,0.4272013048457788,0.32244447644931373,0.10475682839646505
new_more,1000,NO0 0AC,offwind-float,0.40687024944836336,0.30253670403320293,0.10433354541516043
new_more,1000,NO0 0AC,offwind-float,0.44594551007058464,0.33837697325512106,0.10756853681546358
new_more,1000,NO0 0AC,offwind-float,0.4247234809777061,0.31905690403376336,0.10566657694394277
new_more,1000,NO0 0AC,offwind-float,0.36293446151428393,0.26450214741873834,0.09843231409554559
new_more,1000,NO0 0AC,offwind-float,0.34567115340009397,0.2546161728943248,0.09105498050576916
new_more,1000,NO0 0AC,offwind-float,0.4971320145088777,0.38381850077654744,0.11331351373233023
new_more,1000,NO0 0AC,offwind-float,0.4734905240061024,0.36368826026159545,0.10980226374450697
new_more,1000,NO0 0AC,offwind-float,0.5294167570326509,0.41608018864415636,0.11333656838849454
new_more,1000,NO0 0AC,offwind-float,0.5042473724466181,0.3957667244976485,0.10848064794896961
new_more,1000,NO0 0AC,offwind-float,0.16573626773866923,0.10482170440940639,0.060914563329262844
new_more,1000,NO0 0AC,offwind-float,0.15783220070557935,0.10130025372318555,0.056531946982393805
new_more,1000,NO0 0AC,offwind-float,0.0906872525038685,0.054252721643871814,0.036434530859996685
new_more,1000,NO0 0AC,offwind-float,0.0863569390376449,0.05090042536465017,0.035456513672994724
new_more,1000,NO0 0AC,offwind-float,0.5424295152524405,0.4304558579789142,0.11197365727352632
new_more,1000,NO0 0AC,offwind-float,0.5166350535399513,0.4095111150200881,0.10712393851986324
new_more,1000,NO0 0AC,offwind-float,0.544138579401005,0.43100685398282973,0.11313172541817523
new_more,1000,NO0 0AC,offwind-float,0.5182631382388105,0.4112251620393319,0.10703797619947863
new_more,1000,NO0 0AC,offwind-float,0.5095143882096369,0.3937475006519758,0.11576688755766112
new_more,1000,NO0 0AC,offwind-float,0.4852774931037627,0.3742759362524423,0.1110015568513204
new_more,1000,NO0 0AC,offwind-float,0.03797150668558382,0.02107784633373108,0.016893660351852743
new_more,1000,NO0 0AC,offwind-float,0.03611359755045695,0.020294752090949445,0.015818845459507503
new_more,1000,NO0 0AC,offwind-float,0.07622839682375107,0.04435730418703472,0.03187109263671635
new_more,1000,NO0 0AC,offwind-float,0.07255795049892615,0.04181649141817944,0.030741459080746707
new_more,1000,NO0 0AC,offwind-float,0.09511240847188926,0.056137205741550275,0.038975202730338984
new_more,1000,NO0 0AC,offwind-float,0.09054513577773535,0.05304831743763628,0.03749681834009907
new_more,1000,NO0 0AC,offwind-float,0.5206700031240543,0.4039535337889087,0.11671646933514562
new_more,1000,NO0 0AC,offwind-float,0.495916590010559,0.38046794329782085,0.11544864671273813
new_more,1000,NO0 0AC,offwind-float,0.49007478216420214,0.36967435407070603,0.1204004280934961
new_more,1000,NO0 0AC,offwind-float,0.4667752814609168,0.34840249436220805,0.11837278709870874
new_more,1000,NO0 0AC,offwind-float,0.5130297057527471,0.3982861009394627,0.11474360481328438
new_more,1000,NO0 0AC,offwind-float,0.4886328090307797,0.37757576420942146,0.11105704482135825
new_more,1000,NO0 0AC,offwind-float,0.5518338876155726,0.4378029530149331,0.11403093460063951
new_more,1000,NO0 0AC,offwind-float,0.5255857382374413,0.4154421586479939,0.11014357958944737
new_more,1000,NO0 0AC,offwind-float,0.4905536114344908,0.37010855266608944,0.12044505876840134
new_more,1000,NO0 0AC,offwind-float,0.4672313844817095,0.3475461703181431,0.11968521416356637
new_more,1000,NO0 0AC,offwind-float,0.018791114853539768,0.010199804200830513,0.008591310652709254
new_more,1000,NO0 0AC,offwind-float,0.017858300224881354,0.009794343352165037,0.008063956872716316
new_more,1000,NO0 0AC,offwind-float,0.5452733766663097,0.42765318631659105,0.11762019034971866
new_more,1000,NO0 0AC,offwind-float,0.519350400733767,0.4060331692387828,0.11331723149498424
new_more,1000,NO0 0AC,offwind-float,0.5183457042775589,0.39953794592995406,0.11880775834760482
new_more,1000,NO0 0AC,offwind-float,0.4937092987027229,0.37992390483467153,0.11378539386805137
new_more,1000,NO0 0AC,offwind-float,0.5134387546908465,0.3951402150683554,0.11829853962249115
new_more,1000,NO0 0AC,offwind-float,0.4890222550075767,0.3723833465395303,0.11663890846804637
new_more,1000,NO0 0AC,offwind-float,0.5190679094423679,0.40137020445586025,0.11769770498650767
new_more,1000,NO0 0AC,offwind-float,0.49439717824430096,0.3803923849056027,0.11400479333869828
new_more,1000,NO0 0AC,offwind-float,0.5358373553852753,0.41851649354084086,0.11732086184443447
new_more,1000,NO0 0AC,offwind-float,0.510369590724588,0.39704116520642607,0.11332842551816191
new_more,1000,NO0 0AC,offwind-float,0.48455482414912915,0.3680910796463952,0.11646374450273395
new_more,1000,NO0 0AC,offwind-float,0.4615108991058017,0.3516525631909383,0.10985833591486338
new_more,1000,NO0 0AC,offwind-float,0.45444010181385414,0.34171964286351875,0.11272045895033539
new_more,1000,NO0 0AC,offwind-float,0.4328342960626921,0.3277211369884983,0.10511315907419377
new_more,1000,NO0 0AC,offwind-float,0.440463403029669,0.3308352253791474,0.10962817765052163
new_more,1000,NO0 0AC,offwind-float,0.41952182736929444,0.31383720340518645,0.105684623964108
new_more,1000,BE2 0AC,offwind-ac,0.5023064731222758,0.4316009816094856,0.07070549151279021
new_more,1000,BE2 0AC,offwind-ac,0.478425823881084,0.39834728539767844,0.08007853848340557
new_more,1000,DE2 0AC,offwind-ac,0.4567153548755456,0.38138136391303945,0.07533399096250615
new_more,1000,DE2 0AC,offwind-ac,0.4350013900453506,0.35407586560903176,0.08092552443631884
new_more,1000,DE2 0AC,offwind-ac,0.49167212615099853,0.4486089194561238,0.043063206694874734
new_more,1000,DE2 0AC,offwind-ac,0.4682903023650481,0.4081018913925933,0.06018841097245481
new_more,1000,DE2 0AC,offwind-ac,0.46020479622510946,0.386685128426001,0.07351966779910846
new_more,1000,DE2 0AC,offwind-ac,0.43832516257828763,0.35846684970537424,0.0798583128729134
new_more,1000,DK2 0AC,offwind-ac,0.5233530098462463,0.42353866106804827,0.09981434877819806
new_more,1000,DK2 0AC,offwind-ac,0.4984718268244637,0.3944749975722923,0.10399682925217141
new_more,1000,DK2 0AC,offwind-ac,0.5029608414184756,0.39731099708386436,0.10564984433461128
new_more,1000,DK2 0AC,offwind-ac,0.47902891182185897,0.3696168449536578,0.10941206686820115
new_more,1000,DK2 0AC,offwind-ac,0.49681322404867645,0.38935847337102114,0.10745475067765531
new_more,1000,DK2 0AC,offwind-ac,0.4732002337574498,0.36078852609505674,0.11241170766239306
new_more,1000,DK2 0AC,offwind-ac,0.41980168290919456,0.29729348437405523,0.12250819853513933
new_more,1000,DK2 0AC,offwind-ac,0.3998355650870393,0.2784368916839157,0.1213986734031236
new_more,1000,DK2 0AC,offwind-ac,0.4947071494975076,0.38892268802556185,0.10578446147194576
new_more,1000,DK2 0AC,offwind-ac,0.4711875668127545,0.3602051292572208,0.11098243755553366
new_more,1000,DK2 0AC,offwind-ac,0.4981605738716325,0.3967652236052483,0.10139535026638419
new_more,1000,DK2 0AC,offwind-ac,0.4744835455138885,0.36431387801180143,0.11016966750208707
new_more,1000,DK2 0AC,offwind-ac,0.4518276450094575,0.3330165586577151,0.11881108635174237
new_more,1000,DK2 0AC,offwind-ac,0.43034603957483586,0.3089685491490255,0.12137749042581036
new_more,1000,DK2 0AC,offwind-ac,0.5038149127914584,0.40831164101918843,0.09550327177226997
new_more,1000,DK2 0AC,offwind-ac,0.47984915363242003,0.3822505010613927,0.09759865257102734
new_more,1000,GB1 0AC,offwind-ac,0.3964343523542172,0.27475692809806995,0.12167742425614725
new_more,1000,GB1 0AC,offwind-ac,0.3775725203215752,0.25966408919181133,0.11790843112976385
new_more,1000,GB1 0AC,offwind-ac,0.44300280625358723,0.3188308482198252,0.12417195803376202
new_more,1000,GB1 0AC,offwind-ac,0.4219473663886709,0.2990127000537703,0.12293466633490063
new_more,1000,GB1 0AC,offwind-ac,0.4543120008801237,0.3188739848251834,0.13543801605494027
new_more,1000,GB1 0AC,offwind-ac,0.43270580004188297,0.29793703553050027,0.1347687645113827
new_more,1000,GB1 0AC,offwind-ac,0.4522066491199369,0.3263596243432397,0.12584702477669724
new_more,1000,GB1 0AC,offwind-ac,0.43070700774160114,0.3101310251339353,0.12057598260766583
new_more,1000,GB1 0AC,offwind-ac,0.4142087812654078,0.286295547817626,0.12791323344778177
new_more,1000,GB1 0AC,offwind-ac,0.394508413381966,0.26706814163512105,0.12744027174684497
new_more,1000,GB1 0AC,offwind-ac,0.3726380630303033,0.24285142749096766,0.12978663553933562
new_more,1000,GB1 0AC,offwind-ac,0.3549201687273482,0.22987276339648174,0.12504740533086647
new_more,1000,GB1 0AC,offwind-ac,0.475548372245787,0.3423183862637121,0.13322998598207492
new_more,1000,GB1 0AC,offwind-ac,0.45294607715118584,0.3233542922499526,0.12959178490123324
new_more,1000,GB1 0AC,offwind-ac,0.4526072230187194,0.31945776592097047,0.13314945709774895
new_more,1000,GB1 0AC,offwind-ac,0.4310750503587877,0.2988810608933134,0.13219398946547428
new_more,1000,GB1 0AC,offwind-ac,0.4874025826818992,0.35712841655237926,0.13027416612951992
new_more,1000,GB1 0AC,offwind-ac,0.4642368699035717,0.33612547941498155,0.12811139048859016
new_more,1000,GB1 0AC,offwind-ac,0.4939838147172698,0.3628542366609323,0.13112957805633751
new_more,1000,GB1 0AC,offwind-ac,0.47050530316340033,0.341356259499073,0.12914904366432733
new_more,1000,GB1 0AC,offwind-ac,0.4693036995859034,0.3354649818477475,0.13383871773815592
new_more,1000,GB1 0AC,offwind-ac,0.44699137001562855,0.30805185612907116,0.1389395138865574
new_more,1000,GB1 0AC,offwind-ac,0.47020210627790376,0.33829842856725134,0.13190367771065242
new_more,1000,GB1 0AC,offwind-ac,0.4478471645468046,0.3132878435170061,0.1345593210297985
new_more,1000,GB1 0AC,offwind-ac,0.5047418555790939,0.3718293633561203,0.13291249222297358
new_more,1000,GB1 0AC,offwind-ac,0.48073869360986865,0.348918833679175,0.13181985993069367
new_more,1000,GB1 0AC,offwind-ac,0.49004217600771555,0.3589912476425227,0.13105092836519283
new_more,1000,GB1 0AC,offwind-ac,0.46675100623960153,0.3312085958056815,0.13554241043392
new_more,1000,GB1 0AC,offwind-ac,0.5045779751299744,0.3775880721448167,0.12698990298515767
new_more,1000,GB1 0AC,offwind-ac,0.4805758440198723,0.3464971483286077,0.13407869569126463
new_more,1000,GB1 0AC,offwind-ac,0.5153589313218911,0.38587745833706466,0.12948147298482648
new_more,1000,GB1 0AC,offwind-ac,0.4908442305240293,0.36316661942584555,0.12767761109818376
new_more,1000,GB4 0AC,offwind-ac,0.5308267092593336,0.46471084347573016,0.06611586578360346
new_more,1000,GB4 0AC,offwind-ac,0.5055837831741913,0.4429170359127625,0.06266674726142879
new_more,1000,NL2 0AC,offwind-ac,0.4997587972737362,0.4088848720710206,0.09087392520271559
new_more,1000,NL2 0AC,offwind-ac,0.4759990605791845,0.3784582019983319,0.0975408585808526
new_more,1000,NL2 0AC,offwind-ac,0.5060296224041201,0.41709447131747623,0.08893515108664385
new_more,1000,NL2 0AC,offwind-ac,0.48197185824894734,0.3814260516855736,0.10054580656337375
new_more,1000,NL2 0AC,offwind-ac,0.5078117508932795,0.42205148377105145,0.085760267122228
new_more,1000,NL2 0AC,offwind-ac,0.4836559867688063,0.38773309707590475,0.09592288969290153
new_more,1000,NL2 0AC,offwind-ac,0.5086176435361187,0.42494139349958354,0.08367625003653517
new_more,1000,NL2 0AC,offwind-ac,0.48443686913359857,0.38937856139597027,0.0950583077376283
new_more,1000,NL2 0AC,offwind-ac,0.509047022155347,0.4407283681263665,0.06831865402898052
new_more,1000,NL2 0AC,offwind-ac,0.4848459675208521,0.4050289315729244,0.07981703594792766
new_more,1000,NL2 0AC,offwind-ac,0.504510477083846,0.42116995151450737,0.08334052556933863
new_more,1000,NL2 0AC,offwind-ac,0.48051836488522703,0.38991968635814306,0.09059867852708398
new_more,1000,NL2 0AC,offwind-ac,0.40221663860715084,0.29087639671509924,0.1113402418920516
new_more,1000,NL2 0AC,offwind-ac,0.3830997207743238,0.2714764070547397,0.11162331371958412
new_more,1000,NL2 0AC,offwind-ac,0.5070358494779902,0.4346266399862876,0.0724092094917026
new_more,1000,NL2 0AC,offwind-ac,0.4829302454697968,0.39928916705693634,0.08364107841286045
new_more,1000,NL2 0AC,offwind-ac,0.5101000688896179,0.45145049908714674,0.05864956980247116
new_more,1000,NL2 0AC,offwind-ac,0.4858423586393568,0.4123341405995527,0.07350821803980412
new_more,1000,NO0 0AC,offwind-ac,0.27937246321377995,0.20773180497873575,0.0716406582350442
new_more,1000,NO0 0AC,offwind-ac,0.2660806948161114,0.1968200508958534,0.06926064392025802
new_more,1000,NO0 0AC,offwind-ac,0.3864875724732707,0.2981933986302843,0.08829417384298638
new_more,1000,NO0 0AC,offwind-ac,0.3681047089131508,0.28195149986386797,0.08615320904928281
new_more,1000,NO0 0AC,offwind-ac,0.25769813202276626,0.18112986614347013,0.07656826587929613
new_more,1000,NO0 0AC,offwind-ac,0.24542342761154862,0.173428577686346,0.07199484992520261
new_more,1000,NO0 0AC,offwind-ac,0.3168738467036485,0.23906813362897772,0.07780571307467077
new_more,1000,NO0 0AC,offwind-ac,0.30177993902225214,0.22560557994881011,0.07617435907344203
new_more,1000,NO0 0AC,offwind-ac,0.2305572195800193,0.1594590445951655,0.0710981749848538
new_more,1000,NO0 0AC,offwind-ac,0.21957925257553104,0.15122240357438557,0.06835684900114547
new_more,1000,NO0 0AC,offwind-ac,0.36479091186768964,0.28799701472375294,0.0767938971439367
new_more,1000,NO0 0AC,offwind-ac,0.34744596495089236,0.2705086310703119,0.07693733388058044
new_more,1000,NO0 0AC,offwind-ac,0.34161205755463053,0.2648635767625192,0.07674848079211133
new_more,1000,NO0 0AC,offwind-ac,0.32535545562281115,0.2508467633616278,0.07450869226118334
new_more,1000,BE2 0AC,offwind-dc,0.529156537680529,0.4714253731905624,0.05773116448996657
new_more,1000,BE2 0AC,offwind-dc,0.5039996361269847,0.42862207517748885,0.07537756094949588
new_more,1000,DE2 0AC,offwind-dc,0.5094669536706738,0.4915187108793823,0.017948242791291535
new_more,1000,DE2 0AC,offwind-dc,0.48524595908302687,0.472077785860825,0.013168173222201873
new_more,1000,DE2 0AC,offwind-dc,0.512609210511332,0.4942682715813548,0.018340938929977235
new_more,1000,DE2 0AC,offwind-dc,0.48821866368237704,0.4761789134466624,0.01203975023571463
new_more,1000,DE2 0AC,offwind-dc,0.5171412500199112,0.49832676922110786,0.018814480798803324
new_more,1000,DE2 0AC,offwind-dc,0.4925488764556618,0.4392095613215599,0.053339315134101895
new_more,1000,DE2 0AC,offwind-dc,0.5089639660716782,0.4595700961292791,0.04939386994239903
new_more,1000,DE2 0AC,offwind-dc,0.4847468293456315,0.41874965950085935,0.06599716984477216
new_more,1000,DE2 0AC,offwind-dc,0.5217276034642082,0.5024467053367132,0.019280898127495005
new_more,1000,DE2 0AC,offwind-dc,0.4969168923047055,0.4517601914471509,0.04515670085755458
new_more,1000,DE2 0AC,offwind-dc,0.5215395187221211,0.5021099074934077,0.01942961122871345
new_more,1000,DE2 0AC,offwind-dc,0.49673780818766367,0.44736171072364966,0.049376097464014
new_more,1000,DE2 0AC,offwind-dc,0.5173906820749254,0.4984833366764326,0.01890734539849287
new_more,1000,DE2 0AC,offwind-dc,0.49279966766301975,0.43823347815715163,0.05456618950586811
new_more,1000,DE2 0AC,offwind-dc,0.5218131673717711,0.5026884082846222,0.019124759087148835
new_more,1000,DE2 0AC,offwind-dc,0.49698526350006733,0.4575758508066867,0.03940941269338061
new_more,1000,DE2 0AC,offwind-dc,0.5111288877261992,0.4675009267154412,0.043627961010758054
new_more,1000,DE2 0AC,offwind-dc,0.486821840004515,0.4232519418904635,0.0635698981140515
new_more,1000,DE2 0AC,offwind-dc,0.5200362628967523,0.5007796893032459,0.01925657359350641
new_more,1000,DE2 0AC,offwind-dc,0.49531268511415166,0.4455862927566268,0.04972639235752485
new_more,1000,DE2 0AC,offwind-dc,0.5061768663835119,0.4535254939453236,0.05265137243818829
new_more,1000,DE2 0AC,offwind-dc,0.4821188323920771,0.4145137201104896,0.0676051122815875
new_more,1000,DE2 0AC,offwind-dc,0.5187712647923037,0.4998917517418163,0.018879513050487406
new_more,1000,DE2 0AC,offwind-dc,0.49409420888026734,0.4384274639249904,0.05566674495527696
new_more,1000,DK2 0AC,offwind-dc,0.5247825963148994,0.4132541515239486,0.11152844479095081
new_more,1000,DK2 0AC,offwind-dc,0.49984025228708767,0.38420832148638934,0.11563193080069833
new_more,1000,DK2 0AC,offwind-dc,0.5176677893917582,0.4160363169028198,0.10163147248893839
new_more,1000,DK2 0AC,offwind-dc,0.49302386208324583,0.39115500292454586,0.10186885915869998
new_more,1000,DK2 0AC,offwind-dc,0.5255782416126319,0.4147493379734796,0.11082890363915227
new_more,1000,DK2 0AC,offwind-dc,0.5005914802608421,0.3854600575617564,0.11513142269908572
new_more,1000,DK2 0AC,offwind-dc,0.5252944259672266,0.4157538079742686,0.10954061799295806
new_more,1000,DK2 0AC,offwind-dc,0.5003143425220645,0.38683351650052406,0.11348082602154047
new_more,1000,DK2 0AC,offwind-dc,0.5353841260104798,0.43192750406768643,0.10345662194279337
new_more,1000,DK2 0AC,offwind-dc,0.5099313573956833,0.4064597824978316,0.10347157489785169
new_more,1000,DK2 0AC,offwind-dc,0.5325534368827405,0.42643904104917757,0.10611439583356291
new_more,1000,DK2 0AC,offwind-dc,0.507241753284239,0.3986045013936432,0.10863725189059587
new_more,1000,DK2 0AC,offwind-dc,0.5403530206511412,0.44301556496169464,0.09733745568944657
new_more,1000,DK2 0AC,offwind-dc,0.5146505798261123,0.4151006049082298,0.09954997491788248
new_more,1000,DK2 0AC,offwind-dc,0.5462691226884149,0.4554434786706299,0.09082564401778498
new_more,1000,DK2 0AC,offwind-dc,0.5202787931014905,0.41911823698461564,0.10116055611687486
new_more,1000,DK2 0AC,offwind-dc,0.5270114855754885,0.44380512861414184,0.08320635696134665
new_more,1000,DK2 0AC,offwind-dc,0.5019566419027108,0.41061971125639923,0.0913369306463116
new_more,1000,FR2 0AC,offwind-dc,0.5202245556801385,0.4319670455221755,0.08825751015796296
new_more,1000,FR2 0AC,offwind-dc,0.495492262422755,0.3950678457555692,0.10042441666718582
new_more,1000,FR2 0AC,offwind-dc,0.506627469904231,0.4090963853219177,0.0975310845823133
new_more,1000,FR2 0AC,offwind-dc,0.48254801921926854,0.3794927530528998,0.10305526616636873
new_more,1000,GB1 0AC,offwind-dc,0.5016515759237965,0.36997214133448125,0.13167943458931525
new_more,1000,GB1 0AC,offwind-dc,0.47779505802952627,0.34954526001479486,0.1282497980147314
new_more,1000,GB1 0AC,offwind-dc,0.511829040563944,0.374368877996449,0.13746016256749494
new_more,1000,GB1 0AC,offwind-dc,0.48749554622068425,0.35136412722223315,0.1361314189984511
new_more,1000,GB1 0AC,offwind-dc,0.5176223635273977,0.38237723731586487,0.13524512621153278
new_more,1000,GB1 0AC,offwind-dc,0.49299376675787354,0.3584055176914137,0.13458824906645983
new_more,1000,GB1 0AC,offwind-dc,0.503005047351451,0.368250596807281,0.13475445054417
new_more,1000,GB1 0AC,offwind-dc,0.4790911735236429,0.34335073005341377,0.13574044347022912
new_more,1000,GB1 0AC,offwind-dc,0.526223370062599,0.3900977299102748,0.1361256401523242
new_more,1000,GB1 0AC,offwind-dc,0.5012057455870844,0.36745508382201003,0.13375066176507439
new_more,1000,GB1 0AC,offwind-dc,0.526987344913427,0.3913246306868671,0.1356627142265599
new_more,1000,GB1 0AC,offwind-dc,0.5019333786652387,0.3665235789759058,0.13540979968933287
new_more,1000,GB1 0AC,offwind-dc,0.5176029378606812,0.3824900903350704,0.1351128475256108
new_more,1000,GB1 0AC,offwind-dc,0.4929817957717274,0.3562730086008443,0.13670878717088308
new_more,1000,GB1 0AC,offwind-dc,0.5319258614211371,0.396352052299651,0.1355738091214861
new_more,1000,GB1 0AC,offwind-dc,0.506637454915394,0.3727818229621149,0.13385563195327915
new_more,1000,GB1 0AC,offwind-dc,0.53028123886516,0.3950326514195163,0.13524858744564366
new_more,1000,GB1 0AC,offwind-dc,0.505070840414648,0.3694387876560836,0.13563205275856438
new_more,1000,GB1 0AC,offwind-dc,0.5198604938141071,0.38455518967268354,0.1353053041414236
new_more,1000,GB1 0AC,offwind-dc,0.4951385816934648,0.35835641600183815,0.13678216569162666
new_more,1000,GB1 0AC,offwind-dc,0.515429559374247,0.38066173049077406,0.13476782888347288
new_more,1000,GB1 0AC,offwind-dc,0.4909317549838331,0.3522352737077448,0.1386964812760883
new_more,1000,GB1 0AC,offwind-dc,0.5227470344476094,0.3877806698263248,0.13496636462128458
new_more,1000,GB1 0AC,offwind-dc,0.49789464151369106,0.365501414218031,0.13239322729566005
new_more,1000,GB1 0AC,offwind-dc,0.5302063061105606,0.39576289125787006,0.13444341485269057
new_more,1000,GB1 0AC,offwind-dc,0.5049995939279135,0.36414568029730526,0.14085391363060823
new_more,1000,GB1 0AC,offwind-dc,0.5297952700559718,0.39360685353024993,0.1361884165257219
new_more,1000,GB1 0AC,offwind-dc,0.5046079240261937,0.3685259415747612,0.1360819824514325
new_more,1000,GB4 0AC,offwind-dc,0.5268476348330038,0.4582549348970291,0.06859269993597467
new_more,1000,GB4 0AC,offwind-dc,0.5017871437472434,0.4225160211203721,0.0792711226268713
new_more,1000,NL2 0AC,offwind-dc,0.5299341721984884,0.4515239190413803,0.07841025315710809
new_more,1000,NL2 0AC,offwind-dc,0.5047337400359138,0.41503980182236255,0.0896939382135512
new_more,1000,NL2 0AC,offwind-dc,0.5261603175063582,0.4379854839954294,0.08817483351092875
new_more,1000,NL2 0AC,offwind-dc,0.5011524918940331,0.40609951001042355,0.09505298188360956
new_more,1000,NL2 0AC,offwind-dc,0.5314136711670744,0.4591763580111098,0.0722373131559646
new_more,1000,NL2 0AC,offwind-dc,0.5061426749919627,0.42130155212942083,0.08484112286254192
new_more,1000,NL2 0AC,offwind-dc,0.5238922105927438,0.4346620671690481,0.08923014342369573
new_more,1000,NL2 0AC,offwind-dc,0.49898563067273666,0.4036744701854874,0.09531116048724925
new_more,1000,NL2 0AC,offwind-dc,0.5248242578304615,0.44539545852246987,0.07942879930799163
new_more,1000,NL2 0AC,offwind-dc,0.4998597896767243,0.4089787503700212,0.0908810393067031
new_more,1000,NL2 0AC,offwind-dc,0.5084922666179805,0.48078622518020797,0.027706041437772555
new_more,1000,NL2 0AC,offwind-dc,0.4843040141767761,0.43141550877418194,0.052888505402594155
new_more,1000,NL2 0AC,offwind-dc,0.5178426422870056,0.4255882143558012,0.09225442793120442
new_more,1000,NL2 0AC,offwind-dc,0.49323014669951276,0.39350863634722383,0.09972151035228893
new_more,1000,NL2 0AC,offwind-dc,0.5162508356960803,0.43349847900849536,0.08275235668758496
new_more,1000,NL2 0AC,offwind-dc,0.49169372698443675,0.40134354803495276,0.090350178949484
new_more,1000,NL2 0AC,offwind-dc,0.5170314369019973,0.47289709225980026,0.04413434464219701
new_more,1000,NL2 0AC,offwind-dc,0.49245082928501377,0.4278370424258587,0.06461378685915509
new_more,1000,NL2 0AC,offwind-dc,0.5162965963484587,0.4339885338517958,0.08230806249666289
new_more,1000,NL2 0AC,offwind-dc,0.49173758040317794,0.4028250433367028,0.08891253706647512
new_more,1000,NL2 0AC,offwind-dc,0.5194218977361509,0.44698115976321234,0.07244073797293854
new_more,1000,NL2 0AC,offwind-dc,0.49472778959794145,0.41361091476789974,0.08111687483004171
new_more,1000,DK2 0AC,offwind-float,0.51766852314173,0.38589719006194756,0.1317713330797824
new_more,1000,DK2 0AC,offwind-float,0.49304449369212217,0.3696748296939741,0.12336966399814808
new_more,1000,DK2 0AC,offwind-float,0.4879776819190431,0.3598124888423608,0.12816519307668234
new_more,1000,DK2 0AC,offwind-float,0.5120850825475238,0.3795761831602783,0.13250889938724553
new_more,1000,DK2 0AC,offwind-float,0.4877462374903482,0.36425397652830827,0.12349226096203991
new_more,1000,DK2 0AC,offwind-float,0.48274058168750095,0.35714529270511275,0.1255952889823882
new_more,1000,DK2 0AC,offwind-float,0.5131807566870062,0.391635261380206,0.12154549530680026
new_more,1000,DK2 0AC,offwind-float,0.4887898354338567,0.37325525947578453,0.11553457595807215
new_more,1000,DK2 0AC,offwind-float,0.483773469364686,0.35845206636960114,0.12532140299508487
new_more,1000,DK2 0AC,offwind-float,0.5053151284339066,0.3850742515435628,0.1202408768903438
new_more,1000,DK2 0AC,offwind-float,0.48128480100785215,0.3664410781498961,0.11484372285795602
new_more,1000,DK2 0AC,offwind-float,0.47634545781705045,0.3511684306162464,0.12517702720080404
new_more,1000,GB1 0AC,offwind-float,0.4487012719429147,0.3209325583993903,0.12776871354352443
new_more,1000,GB1 0AC,offwind-float,0.42736151445502646,0.3099612554220486,0.11740025903297785
new_more,1000,GB1 0AC,offwind-float,0.42296196994900753,0.30081949944485115,0.12214247050415639
new_more,1000,GB1 0AC,offwind-float,0.5054579964473725,0.3807449472887377,0.12471304915863485
new_more,1000,GB1 0AC,offwind-float,0.4814341295593904,0.36566578499400515,0.11576834456538526
new_more,1000,GB1 0AC,offwind-float,0.4764932538353305,0.3562791240747457,0.12021412976058476
new_more,1000,GB1 0AC,offwind-float,0.4596086444220864,0.33020679129552677,0.1294018531265596
new_more,1000,GB1 0AC,offwind-float,0.43775062239509555,0.31796957708918716,0.11978104530590838
new_more,1000,GB1 0AC,offwind-float,0.4332580629968585,0.3073007426886097,0.1259573203082488
new_more,1000,GB1 0AC,offwind-float,0.49412554780431794,0.3645381750659878,0.12958737273833015
new_more,1000,GB1 0AC,offwind-float,0.4706335706756676,0.34937226562865636,0.12126130504701121
new_more,1000,GB1 0AC,offwind-float,0.46580353923106016,0.340864195144344,0.12493934408671614
new_more,1000,GB1 0AC,offwind-float,0.4799447697908842,0.34015927924157996,0.13978549054930423
new_more,1000,GB1 0AC,offwind-float,0.45711348333748675,0.32789898566998643,0.12921449766750032
new_more,1000,GB1 0AC,offwind-float,0.45242220622543483,0.3159040146368366,0.13651819158859824
new_more,1000,GB1 0AC,offwind-float,0.5083365202562946,0.3778849228859682,0.1304515973703264
new_more,1000,GB1 0AC,offwind-float,0.48415575598650396,0.36130603821375396,0.12284971777275
new_more,1000,GB1 0AC,offwind-float,0.4791869486782084,0.355865176312082,0.1233217723661264
new_more,1000,GB4 0AC,offwind-float,0.4845941902844995,0.3543231058364554,0.13027108444804414
new_more,1000,GB4 0AC,offwind-float,0.461555230246007,0.3377891674379004,0.12376606280810659
new_more,1000,GB4 0AC,offwind-float,0.45681151977981727,0.3279147623225667,0.12889675745725054
new_more,1000,GB4 0AC,offwind-float,0.5058808199812527,0.37780781343785413,0.12807300654339854
new_more,1000,GB4 0AC,offwind-float,0.48182345797909165,0.35949153054037286,0.12233192743871879
new_more,1000,GB4 0AC,offwind-float,0.47687858664437693,0.3475335412401399,0.12934504540423702
new_more,1000,NO0 0AC,offwind-float,0.5221705304358828,0.41085398336022505,0.11131654707565775
new_more,1000,NO0 0AC,offwind-float,0.4973455367742781,0.39203988326840583,0.10530565350587229
new_more,1000,NO0 0AC,offwind-float,0.49223456450718683,0.38545116900635823,0.1067833955008286
new_more,1000,NO0 0AC,offwind-float,0.5340695249392751,0.4225733154533574,0.11149620948591765
new_more,1000,NO0 0AC,offwind-float,0.5086722492462521,0.4035381698479114,0.10513407939834069
new_more,1000,NO0 0AC,offwind-float,0.5034518333814608,0.39275124839525555,0.11070058498620527
new_more,1000,NO0 0AC,offwind-float,0.37678750916659065,0.2776332507981996,0.09915425836839104
new_more,1000,NO0 0AC,offwind-float,0.35885210292420394,0.26652896759993316,0.09232313532427078
new_more,1000,NO0 0AC,offwind-float,0.35516243384339646,0.2578036822210407,0.09735875162235574
new_more,1000,NO0 0AC,offwind-float,0.5211696289801053,0.40860087892169644,0.11256875005840888
new_more,1000,NO0 0AC,offwind-float,0.4963990053463358,0.38942746726483046,0.10697153808150534
new_more,1000,NO0 0AC,offwind-float,0.49129774110043145,0.37490786330084247,0.11638987779958898
new_more,1000,NO0 0AC,offwind-float,0.3805779227450649,0.2775242713876604,0.10305365135740452
new_more,1000,NO0 0AC,offwind-float,0.362476202842087,0.2683272531471025,0.0941489496949845
new_more,1000,NO0 0AC,offwind-float,0.35875617187375697,0.2604811917499242,0.09827498012383279
new_more,1000,NO0 0AC,offwind-float,0.2826624840689383,0.19652954090733185,0.08613294316160644
new_more,1000,NO0 0AC,offwind-float,0.2691874700919308,0.18441373332103742,0.08477373677089337
new_more,1000,NO0 0AC,offwind-float,0.26641800564363805,0.1827628296126971,0.08365517603094094
new_more,1000,NO0 0AC,offwind-float,0.43530707605690117,0.325391043467406,0.10991603258949517
new_more,1000,NO0 0AC,offwind-float,0.41461740584871287,0.3131712925302344,0.10144611331847847
new_more,1000,NO0 0AC,offwind-float,0.41036225867581627,0.30398992586733437,0.1063723328084819
new_more,1000,NO0 0AC,offwind-float,0.5281317266837572,0.41271468526031935,0.11541704142343784
new_more,1000,NO0 0AC,offwind-float,0.5030166312671501,0.39426151496202566,0.10875511630512447
new_more,1000,NO0 0AC,offwind-float,0.49785425803760597,0.38801035473331835,0.10984390330428762
new_more,1000,NO0 0AC,offwind-float,0.5489085509342276,0.43652253095841503,0.1123860199758126
new_more,1000,NO0 0AC,offwind-float,0.5228129644977187,0.41659239817085164,0.1062205663268671
new_more,1000,NO0 0AC,offwind-float,0.5174406028180487,0.40593766220153227,0.11150294061651644
new_more,1000,NO0 0AC,offwind-float,0.5475301404646958,0.4338842991225095,0.11364584134218636
new_more,1000,NO0 0AC,offwind-float,0.5214866860919752,0.41323864547635697,0.10824804061561827
new_more,1000,NO0 0AC,offwind-float,0.5161347578643475,0.39847447245251355,0.11766028541183393
new_more,1000,NO0 0AC,offwind-float,0.5548769116957818,0.439083335190173,0.11579357650560879
new_more,1000,NO0 0AC,offwind-float,0.5285042177044186,0.4189098094413346,0.10959440826308398
new_more,1000,NO0 0AC,offwind-float,0.5230802697560069,0.409771270227159,0.11330899952884788
new_more,1000,NO0 0AC,offwind-float,0.5559897060967527,0.44062966546299664,0.11536004063375604
new_more,1000,NO0 0AC,offwind-float,0.5295442095337147,0.4199485778879454,0.10959563164576935
new_more,1000,NO0 0AC,offwind-float,0.52410958832791,0.41123031653037084,0.11287927179753915
new_more,1000,NO0 0AC,offwind-float,0.5573247013512548,0.44001545248269675,0.11730924886855804
new_more,1000,NO0 0AC,offwind-float,0.530835666589212,0.4204612700562319,0.11037439653298009
new_more,1000,NO0 0AC,offwind-float,0.525380982356789,0.41328321588722694,0.11209776646956204
new_more,1000,NO0 0AC,offwind-float,0.5497789969322885,0.43260087035534184,0.11717812657694665
new_more,1000,NO0 0AC,offwind-float,0.5236352712746439,0.41105901890485547,0.11257625236978847
new_more,1000,NO0 0AC,offwind-float,0.5182612924865795,0.4023914691420067,0.1158698233445728
new_more,1000,NO0 0AC,offwind-float,0.5026087318622537,0.39060877609747313,0.11199995576478061
new_more,1000,NO0 0AC,offwind-float,0.4787069339077854,0.37312091617236376,0.10558601773542164
new_more,1000,NO0 0AC,offwind-float,0.47379404692395477,0.3631754688745357,0.11061857804941905
new_more,1000,NO0 0AC,offwind-float,0.4960047190042073,0.3866280463468935,0.10937667265731377
new_more,1000,NO0 0AC,offwind-float,0.4724235801402284,0.3684853678103741,0.10393821232985428
new_more,1000,NO0 0AC,offwind-float,0.4675751781361482,0.36247285323610484,0.10510232490004334
new_more,1000,NO0 0AC,offwind-float,0.4918456532266939,0.3827762084654545,0.10906944476123936
new_more,1000,NO0 0AC,offwind-float,0.46846876615477084,0.36481154566299384,0.103657220491777
new_more,1000,NO0 0AC,offwind-float,0.46366095172688054,0.3514572585671395,0.11220369315974105
new_more,1000,NO0 0AC,offwind-float,0.4547587132036343,0.34667232706637924,0.10808638613725507
new_more,1000,NO0 0AC,offwind-float,0.4331175164284491,0.32733093546847924,0.10578658095996984
new_more,1000,NO0 0AC,offwind-float,0.428672505800422,0.32041382476320984,0.10825868103721215
new_more,1000,DK2 0AC,offwind-ac,0.5181183155912409,0.41356767234834924,0.10455064324289165
new_more,1000,DK2 0AC,offwind-ac,0.4934927175524818,0.3900830894489457,0.1034096281035361
new_more,1000,DK2 0AC,offwind-ac,0.48842808661244647,0.37548292469892275,0.11294516191352372
new_more,1000,DK2 0AC,offwind-ac,0.5074490157148489,0.3982112963323592,0.10923771938248972
new_more,1000,DK2 0AC,offwind-ac,0.48331707470656604,0.3741300626300492,0.10918701207651682
new_more,1000,DK2 0AC,offwind-ac,0.47835687464009613,0.3652398398996733,0.11311703474042284
new_more,1000,GB1 0AC,offwind-ac,0.3488550339801568,0.23413435015281084,0.11472068382734599
new_more,1000,GB1 0AC,offwind-ac,0.3322607853817696,0.22336153258814023,0.10889925279362939
new_more,1000,GB1 0AC,offwind-ac,0.3288508500494899,0.2197985238946675,0.10905232615482238
new_more,1000,GB1 0AC,offwind-ac,0.4768337411645757,0.39347168056663057,0.08336206059794515
new_more,1000,GB1 0AC,offwind-ac,0.45417035388818305,0.3702045891554086,0.08396576473277445
new_more,1000,GB1 0AC,offwind-ac,0.4495092816078121,0.3644713489997177,0.08503793260809439
new_more,1000,GB1 0AC,offwind-ac,0.40235031496327006,0.28333828791706167,0.11901202704620839
new_more,1000,GB1 0AC,offwind-ac,0.38318670160302404,0.2711078542912299,0.11207884731179413
new_more,1000,GB1 0AC,offwind-ac,0.37925412234557565,0.2635443100028173,0.11570981234275834
new_more,1000,GB1 0AC,offwind-ac,0.4304994890574355,0.32305334057226365,0.10744614848517187
new_more,1000,GB1 0AC,offwind-ac,0.4100112766036994,0.30774530192981786,0.10226597467388154
new_more,1000,GB1 0AC,offwind-ac,0.405789765322187,0.30042896280294545,0.10536080251924157
new_more,1000,GB1 0AC,offwind-ac,0.43485601454468187,0.32259167935778427,0.1122643351868976
new_more,1000,GB1 0AC,offwind-ac,0.41417443039923013,0.30712965389339136,0.10704477650583877
new_more,1000,GB1 0AC,offwind-ac,0.4099170047618873,0.29841451151098236,0.11150249325090494
new_more,1000,GB1 0AC,offwind-ac,0.4193932370643789,0.31590669612669436,0.10348654093768456
new_more,1000,GB1 0AC,offwind-ac,0.39944645816352253,0.3000749874270667,0.09937147073645586
new_more,1000,GB1 0AC,offwind-ac,0.39534700781917703,0.2914658487348392,0.10388115908433782
new_more,1000,GB1 0AC,offwind-ac,0.4626590440296329,0.33473534705532926,0.12792369697430367
new_more,1000,GB1 0AC,offwind-ac,0.4406626761993878,0.3197926577832428,0.12087001841614503
new_more,1000,GB1 0AC,offwind-ac,0.4361402308934733,0.308889068049011,0.1272511628444623
new_more,1000,GB1 0AC,offwind-ac,0.46081811723122146,0.32759477887276994,0.13322333835845152
new_more,1000,GB1 0AC,offwind-ac,0.4389092104461649,0.3125386154600944,0.12637059498607045
new_more,1000,GB1 0AC,offwind-ac,0.4344047606578948,0.2994516868398763,0.13495307381801852
new_more,1000,GB1 0AC,offwind-ac,0.49269206028236373,0.363749048517476,0.1289430117648877
new_more,1000,GB1 0AC,offwind-ac,0.4692613016842314,0.34014140634440193,0.12911989533982948
new_more,1000,GB1 0AC,offwind-ac,0.46443850756555466,0.331066837729371,0.13337166983618365
new_more,1000,GB4 0AC,offwind-ac,0.5332057748472533,0.466638668876647,0.06656710597060628
new_more,1000,GB4 0AC,offwind-ac,0.5078564599693853,0.43578146253889544,0.0720749974304899
new_more,1000,GB4 0AC,offwind-ac,0.5026444164097269,0.433068491720324,0.06957592468940288
new_more,1000,NL2 0AC,offwind-ac,0.4852864390800228,0.3873325760008131,0.09795386307920967
new_more,1000,NL2 0AC,offwind-ac,0.4622213042974234,0.36430241482628756,0.09791888947113586
new_more,1000,NL2 0AC,offwind-ac,0.457477606496778,0.3565305210766624,0.1009470854201156
new_more,1000,NO0 0AC,offwind-ac,0.4105727391002606,0.32936500473172536,0.08120773436853523
new_more,1000,NO0 0AC,offwind-ac,0.39103841221205915,0.3121995435216494,0.07883886869040974
new_more,1000,NO0 0AC,offwind-ac,0.3870184682526897,0.3021909554825257,0.08482751277016398
new_more,1000,BE2 0AC,offwind-dc,0.5272485969992339,0.45830533366721177,0.06894326333202211
new_more,1000,BE2 0AC,offwind-dc,0.5021822013661912,0.41907226811801607,0.08310993324817512
new_more,1000,BE2 0AC,offwind-dc,0.497028391747301,0.40884287965544336,0.08818551209185765
new_more,1000,DE2 0AC,offwind-dc,0.5162559970567638,0.4979587031371835,0.01829729391958035
new_more,1000,DE2 0AC,offwind-dc,0.4917058173084486,0.4811327440159405,0.010573073292508117
new_more,1000,DE2 0AC,offwind-dc,0.4866595250184902,0.47394126791152635,0.012718257106963837
new_more,1000,DE2 0AC,offwind-dc,0.5198425248398644,0.5016615526769617,0.01818097216290271
new_more,1000,DE2 0AC,offwind-dc,0.4951282083057074,0.48441774373833996,0.010710464567367461
new_more,1000,DE2 0AC,offwind-dc,0.4900400022931216,0.45788100963149647,0.03215899266162514
new_more,1000,DE2 0AC,offwind-dc,0.5166322385179214,0.499030968953793,0.017601269564128386
new_more,1000,DE2 0AC,offwind-dc,0.49207065998367977,0.4817812116193999,0.010289448364279863
new_more,1000,DE2 0AC,offwind-dc,0.4870206233760537,0.4525647811380242,0.0344558422380295
new_more,1000,DE2 0AC,offwind-dc,0.5192942714676686,0.501204824380585,0.0180894470870836
new_more,1000,DE2 0AC,offwind-dc,0.49460602862704556,0.4578210865473295,0.036784942079716054
new_more,1000,DE2 0AC,offwind-dc,0.4895299719668049,0.446029923502444,0.043500048464360896
new_more,1000,DE2 0AC,offwind-dc,0.5196061616780976,0.5012177950216709,0.018388366656426736
new_more,1000,DE2 0AC,offwind-dc,0.4948963922272821,0.4560808124892575,0.038815579738024575
new_more,1000,DE2 0AC,offwind-dc,0.48981055143185126,0.44478740999684324,0.04502314143500802
new_more,1000,DE2 0AC,offwind-dc,0.5218729350312876,0.5037103580805843,0.018162576950703335
new_more,1000,DE2 0AC,offwind-dc,0.49706888402853017,0.4628959589005159,0.034172925128014286
new_more,1000,DE2 0AC,offwind-dc,0.4919675515066132,0.45064244386569674,0.04132510764091646
new_more,1000,DE2 0AC,offwind-dc,0.5176873894614707,0.4979790653286576,0.01970832413281315
new_more,1000,DE2 0AC,offwind-dc,0.4930756419047127,0.4377567224670945,0.055318919437618186
new_more,1000,DE2 0AC,offwind-dc,0.48801529134036464,0.4280565927702927,0.05995869857007197
new_more,1000,DE2 0AC,offwind-dc,0.5165937729130486,0.481678482765663,0.03491529014738565
new_more,1000,DE2 0AC,offwind-dc,0.4920136027674162,0.43375274945271713,0.058260853314699046
new_more,1000,DE2 0AC,offwind-dc,0.48696415172819374,0.4241541796221482,0.06280997210604555
new_more,1000,DK2 0AC,offwind-dc,0.5149820037619643,0.4176000842002881,0.09738191956167624
new_more,1000,DK2 0AC,offwind-dc,0.4904988171223654,0.39145906047216783,0.0990397566501976
new_more,1000,DK2 0AC,offwind-dc,0.48545807507579747,0.3851667689110675,0.10029130616472998
new_more,1000,DK2 0AC,offwind-dc,0.5204722674809042,0.4234457034324557,0.09702656404844856
new_more,1000,DK2 0AC,offwind-dc,0.4957279421418684,0.3977521700083044,0.09797577213356401
new_more,1000,DK2 0AC,offwind-dc,0.49064037147605655,0.38958909448636636,0.10105127698969019
new_more,1000,DK2 0AC,offwind-dc,0.5286906238611746,0.42266225454362344,0.10602836931755116
new_more,1000,DK2 0AC,offwind-dc,0.5035426385028866,0.39807821300202695,0.10546442550085966
new_more,1000,DK2 0AC,offwind-dc,0.49837486695149075,0.38667848972857866,0.11169637722291209
new_more,1000,DK2 0AC,offwind-dc,0.5281725396014615,0.41935109763717504,0.10882144196428645
new_more,1000,DK2 0AC,offwind-dc,0.5030690752692,0.39586324798268524,0.10720582728651473
new_more,1000,DK2 0AC,offwind-dc,0.4979061638158766,0.3822975984760501,0.1156085653398265
new_more,1000,DK2 0AC,offwind-dc,0.5271003517625887,0.41650096184205027,0.11059938992053847
new_more,1000,DK2 0AC,offwind-dc,0.5020214083524921,0.3945792245870299,0.10744218376546222
new_more,1000,DK2 0AC,offwind-dc,0.4968692489246647,0.38416517357849495,0.11270407534616977
new_more,1000,DK2 0AC,offwind-dc,0.5517311505706972,0.4739201655256922,0.077810985045005
new_more,1000,DK2 0AC,offwind-dc,0.5255079711721619,0.44047900743348256,0.0850289637386793
new_more,1000,DK2 0AC,offwind-dc,0.5201079300934772,0.4312234952147701,0.08888443487870712
new_more,1000,GB1 0AC,offwind-dc,0.48237176541466026,0.3735759954726473,0.10879576994201295
new_more,1000,GB1 0AC,offwind-dc,0.45943166461344087,0.3546969360455951,0.10473472856784577
new_more,1000,GB1 0AC,offwind-dc,0.45471659640539636,0.34817769231115847,0.10653890409423789
new_more,1000,GB1 0AC,offwind-dc,0.49818623281675384,0.39760246378068387,0.10058376903606997
new_more,1000,GB1 0AC,offwind-dc,0.47450116534157666,0.3761282954048727,0.09837286993670397
new_more,1000,GB1 0AC,offwind-dc,0.4696314414376648,0.36852424305543735,0.10110719838222743
new_more,1000,GB1 0AC,offwind-dc,0.4952231801862715,0.3872317323111602,0.10799144787511128
new_more,1000,GB1 0AC,offwind-dc,0.47167919803204583,0.3661187594273688,0.10556043860467701
new_more,1000,GB1 0AC,offwind-dc,0.46683843549359955,0.36014189074811315,0.1066965447454864
new_more,1000,GB1 0AC,offwind-dc,0.504214233087158,0.37653902751818813,0.12767520556896983
new_more,1000,GB1 0AC,offwind-dc,0.48022946061551963,0.3584082253615883,0.12182123525393135
new_more,1000,GB1 0AC,offwind-dc,0.4753009482017754,0.3503225008936904,0.124978447308085
new_more,1000,GB1 0AC,offwind-dc,0.5040580735645566,0.3694679223003255,0.13459015126423107
new_more,1000,GB1 0AC,offwind-dc,0.48010074348324605,0.3516387387279673,0.12846200475527875
new_more,1000,GB1 0AC,offwind-dc,0.47517355207130657,0.3401243570155863,0.13504919505572027
new_more,1000,GB1 0AC,offwind-dc,0.5138410607149467,0.3860694372170408,0.12777162349790594
new_more,1000,GB1 0AC,offwind-dc,0.48939880339218944,0.36604082785034653,0.12335797554184291
new_more,1000,GB1 0AC,offwind-dc,0.4843693601212786,0.35684292767015485,0.12752643245112377
new_more,1000,GB1 0AC,offwind-dc,0.5097306770327078,0.39840278474112273,0.11132789229158507
new_more,1000,GB1 0AC,offwind-dc,0.4854770183006117,0.3774501252551738,0.10802689304543789
new_more,1000,GB1 0AC,offwind-dc,0.4804946511042814,0.370300564301077,0.11019408680320442
new_more,1000,GB1 0AC,offwind-dc,0.5086606872798409,0.40026951957254536,0.10839116770729557
new_more,1000,GB1 0AC,offwind-dc,0.4844712443565842,0.3790360725132072,0.10543517184337697
new_more,1000,GB1 0AC,offwind-dc,0.47949919924537165,0.37016612422996226,0.1093330750154094
new_more,1000,GB1 0AC,offwind-dc,0.5135447621570698,0.3806366251904118,0.13290813696665799
new_more,1000,GB1 0AC,offwind-dc,0.4891166965195096,0.3600378790482807,0.1290788174712289
new_more,1000,GB1 0AC,offwind-dc,0.4840969759311968,0.3507746959765093,0.13332227995468754
new_more,1000,GB1 0AC,offwind-dc,0.5125708460480273,0.3849589089707512,0.12761193707727608
new_more,1000,GB1 0AC,offwind-dc,0.4882022527385511,0.3667138995941071,0.121488353144444
new_more,1000,GB1 0AC,offwind-dc,0.48318508473789445,0.3590797108895848,0.12410537384830966
new_more,1000,GB1 0AC,offwind-dc,0.5076173552540602,0.40105984804186506,0.10655750721219509
new_more,1000,GB1 0AC,offwind-dc,0.4834773393788658,0.37972265791586135,0.10375468146300443
new_more,1000,GB1 0AC,offwind-dc,0.4785154945436099,0.37046446295747054,0.10805103158613938
new_more,1000,GB1 0AC,offwind-dc,0.5093670977827404,0.3842204418116105,0.12514665597112984
new_more,1000,GB1 0AC,offwind-dc,0.4851574355748848,0.3636689570504218,0.12148847852446298
new_more,1000,GB1 0AC,offwind-dc,0.48017834820113964,0.3561561178346562,0.12402223036648341
new_more,1000,GB4 0AC,offwind-dc,0.5134800553886542,0.4254984316563403,0.08798162373231383
new_more,1000,GB4 0AC,offwind-dc,0.4890749087948854,0.3970571919686534,0.092017716826232
new_more,1000,GB4 0AC,offwind-dc,0.4840556170668083,0.3910611443603093,0.09299447270649897
new_more,1000,NL2 0AC,offwind-dc,0.5143571746877768,0.44796229497746376,0.06639487971031299
new_more,1000,NL2 0AC,offwind-dc,0.48989691910822875,0.4128927922898319,0.07700412681839686
new_more,1000,NL2 0AC,offwind-dc,0.4848691912295906,0.4055127258673884,0.0793564653622022
new_more,1000,NL2 0AC,offwind-dc,0.5073088356260314,0.46452880343768355,0.042780032188347805
new_more,1000,NL2 0AC,offwind-dc,0.4831704795766522,0.4207902527466352,0.06238022683001704
new_more,1000,NL2 0AC,offwind-dc,0.4782117839908043,0.41140200038594105,0.06680978360486323
new_more,1000,NL2 0AC,offwind-dc,0.5262493558234739,0.45406015601110733,0.07218919981236654
new_more,1000,NL2 0AC,offwind-dc,0.5012372983171173,0.4187344837872484,0.08250281452986885
new_more,1000,NL2 0AC,offwind-dc,0.4960931860758123,0.4098872767367254,0.0862059093390869
new_more,1000,NL2 0AC,offwind-dc,0.5157866736829559,0.45594533904682194,0.059841334636134
new_more,1000,NL2 0AC,offwind-dc,0.4912718960392223,0.41857042022231433,0.07270147581690795
new_more,1000,NL2 0AC,offwind-dc,0.4862300570086688,0.4079594319952476,0.07827062501342119
new_more,1000,NL2 0AC,offwind-dc,0.5195304783995026,0.4624309001654015,0.05709957823410111
new_more,1000,NL2 0AC,offwind-dc,0.4948377618037748,0.4247936293433186,0.07004413246045621
new_more,1000,NL2 0AC,offwind-dc,0.48975932690577123,0.41578318160633077,0.07397614529944047
new_more,1000,NO0 0AC,offwind-dc,0.5202759882344654,0.4561529269233011,0.0641230613111643
new_more,1000,NO0 0AC,offwind-dc,0.49552779532740987,0.42570010511892187,0.069827690208488
new_more,1000,NO0 0AC,offwind-dc,0.49044227873395424,0.4177281043234903,0.07271417441046396
new_more,1000,DK2 0AC,offwind-float,0.5087342353242434,0.3767726294857591,0.13196160583848432
new_more,1000,DK2 0AC,offwind-float,0.4845415802422,0.36148463659846863,0.12305694364373138
new_more,1000,DK2 0AC,offwind-float,0.47956881328588263,0.35622944435019444,0.1233393689356882
new_more,1000,DK2 0AC,offwind-float,0.47369250634384086,0.3434422038568506,0.13025030248699027
new_more,1000,GB1 0AC,offwind-float,0.5166454412041621,0.3957212315085268,0.12092420969563533
new_more,1000,GB1 0AC,offwind-float,0.4920631914498752,0.3774981648547415,0.11456502659513368
new_more,1000,GB1 0AC,offwind-float,0.4870064154306938,0.37164068735739747,0.11536572807329631
new_more,1000,GB1 0AC,offwind-float,0.48103897321899963,0.36390947235324156,0.11712950086575807
new_more,1000,GB1 0AC,offwind-float,0.47150016264783473,0.34343350268731543,0.1280666599605193
new_more,1000,GB1 0AC,offwind-float,0.44907675932943564,0.3306312129114661,0.11844554641796956
new_more,1000,GB1 0AC,offwind-float,0.44446113074162685,0.3259970165621461,0.11846411417948077
new_more,1000,GB1 0AC,offwind-float,0.43900139996423826,0.319080340246402,0.11992105971783623
new_more,1000,GB1 0AC,offwind-float,0.487843474368629,0.36018870272510944,0.12765477164351957
new_more,1000,GB1 0AC,offwind-float,0.46464352000843406,0.3466416037266194,0.11800191628181467
new_more,1000,GB1 0AC,offwind-float,0.4598749634242706,0.3418690427366101,0.11800592068766047
new_more,1000,GB1 0AC,offwind-float,0.45423997139564937,0.33522011935674323,0.11901985203890614
new_more,1000,GB1 0AC,offwind-float,0.508819405147419,0.38620745992696165,0.12261194522045732
new_more,1000,GB1 0AC,offwind-float,0.4846292284163987,0.368923256248121,0.11570597216827772
new_more,1000,GB1 0AC,offwind-float,0.4796555619419343,0.36370892258808096,0.11594663935385335
new_more,1000,GB1 0AC,offwind-float,0.47377819204142724,0.3585309128388062,0.11524727920262101
new_more,1000,GB1 0AC,offwind-float,0.5186254835371628,0.40008668061469815,0.1185388029224646
new_more,1000,GB1 0AC,offwind-float,0.4939623176481697,0.38278732734289084,0.11117499030527889
new_more,1000,GB1 0AC,offwind-float,0.48889286728306613,0.37762355607413406,0.11126931120893208
new_more,1000,GB1 0AC,offwind-float,0.48289552213460685,0.37059075614455256,0.11230476599005429
new_more,1000,GB1 0AC,offwind-float,0.5209651401327343,0.4033592662936422,0.1176058738390921
new_more,1000,GB1 0AC,offwind-float,0.49619744793863024,0.3844719211185868,0.11172552682004344
new_more,1000,GB1 0AC,offwind-float,0.4911050588155237,0.3792236945306771,0.11188136428484657
new_more,1000,GB1 0AC,offwind-float,0.4850805611275077,0.3680252669232201,0.11705529420428762
new_more,1000,GB1 0AC,offwind-float,0.4772566056561034,0.33432838565673767,0.14292821999936572
new_more,1000,GB1 0AC,offwind-float,0.45457312009196466,0.32466031114654226,0.1299128089454224
new_more,1000,GB1 0AC,offwind-float,0.4499079142912706,0.3207579527495456,0.12914996154172498
new_more,1000,GB1 0AC,offwind-float,0.44438827142567805,0.3136014703705164,0.13078680105516166
new_more,1000,GB1 0AC,offwind-float,0.4801900273999261,0.33699867932253247,0.14319134807739364
new_more,1000,GB1 0AC,offwind-float,0.4573671195019927,0.32467212457882494,0.13269499492316778
new_more,1000,GB1 0AC,offwind-float,0.45266644858936944,0.31987978253642535,0.1327866660529441
new_more,1000,GB1 0AC,offwind-float,0.44711978475180775,0.315204999194249,0.13191478555755876
new_more,1000,GB1 0AC,offwind-float,0.4971893628180251,0.34628565077326745,0.15090371204475767
new_more,1000,GB1 0AC,offwind-float,0.47354518815889834,0.33612780815079135,0.137417380008107
new_more,1000,GB1 0AC,offwind-float,0.46868527528450155,0.33176463960041597,0.13692063568408558
new_more,1000,GB1 0AC,offwind-float,0.4629354809862951,0.32331923204016866,0.13961624894612645
new_more,1000,GB1 0AC,offwind-float,0.5101840609952136,0.36803375949717554,0.1421503014980381
new_more,1000,GB1 0AC,offwind-float,0.4859287966456686,0.355277395969001,0.13065140067666764
new_more,1000,GB1 0AC,offwind-float,0.48094179292583356,0.3504608597936836,0.13048093313214998
new_more,1000,GB1 0AC,offwind-float,0.47504189564425026,0.33634575854799054,0.13869613709625972
new_more,1000,GB1 0AC,offwind-float,0.5070253224798393,0.3691982405444983,0.13782708193534104
new_more,1000,GB1 0AC,offwind-float,0.4829201774772646,0.3550088506659048,0.1279113268113598
new_more,1000,GB1 0AC,offwind-float,0.47796405069884146,0.35023934832112175,0.1277247023777197
new_more,1000,GB1 0AC,offwind-float,0.47210740741563084,0.34144178131165864,0.1306656261039722
new_more,1000,GB4 0AC,offwind-float,0.5257702570403178,0.41187192885792995,0.11389832818238782
new_more,1000,GB4 0AC,offwind-float,0.5007809705762113,0.3920031498873497,0.1087778206888616
new_more,1000,GB4 0AC,offwind-float,0.4956279178701391,0.38580368609171495,0.10982423177842415
new_more,1000,GB4 0AC,offwind-float,0.4895548336875073,0.3796866735516994,0.10986816013580791
new_more,1000,GB4 0AC,offwind-float,0.5287234696255662,0.4198979169486576,0.10882555267690858
new_more,1000,GB4 0AC,offwind-float,0.5035802890233098,0.3984937515647469,0.10508653745856283
new_more,1000,GB4 0AC,offwind-float,0.4984121310710941,0.39272399190565416,0.10568813916543995
new_more,1000,GB4 0AC,offwind-float,0.49229812072134205,0.37829139351360375,0.1140067272077383
new_more,1000,GB4 0AC,offwind-float,0.5166863929287847,0.4081967745839815,0.1084896183448032
new_more,1000,GB4 0AC,offwind-float,0.4921221972980637,0.38752159273332865,0.10460060456473508
new_more,1000,GB4 0AC,offwind-float,0.48707163177183815,0.3817593045564879,0.10531232721535028
new_more,1000,GB4 0AC,offwind-float,0.4811033904438804,0.3683554965614929,0.11274789388238748
new_more,1000,NO0 0AC,offwind-float,0.4967109386919876,0.38740593951026087,0.10930499918172676
new_more,1000,NO0 0AC,offwind-float,0.4731028099121249,0.37075150280102565,0.10235130711109924
new_more,1000,NO0 0AC,offwind-float,0.4682474370896399,0.36528391774080105,0.10296351934883885
new_more,1000,NO0 0AC,offwind-float,0.462509854517683,0.35974431375336374,0.10276554076431926
new_more,1000,NO0 0AC,offwind-float,0.45639380333846363,0.34959219467082786,0.10680160866763577
new_more,1000,NO0 0AC,offwind-float,0.43468835302069564,0.3349274593810111,0.09976089363968454
new_more,1000,NO0 0AC,offwind-float,0.4302272211667134,0.3300242443953426,0.1002029767713708
new_more,1000,NO0 0AC,offwind-float,0.424948682896932,0.322559695269137,0.10238898762779497
new_more,1000,NO0 0AC,offwind-float,0.513591593097626,0.3974626183091139,0.11612897478851214
new_more,1000,NO0 0AC,offwind-float,0.48917459850005357,0.38082124891111396,0.10835334958893961
new_more,1000,NO0 0AC,offwind-float,0.4841542836736667,0.3752037328747769,0.10895055079888982
new_more,1000,NO0 0AC,offwind-float,0.47822178952610656,0.3635272025320093,0.11469458699409724
new_more,1000,NO0 0AC,offwind-float,0.5233201943015879,0.4124419734731505,0.11087822082843746
new_more,1000,NO0 0AC,offwind-float,0.4984473566453273,0.3926612364689299,0.10578612017639738
new_more,1000,NO0 0AC,offwind-float,0.4933318770958722,0.3867402453668167,0.10659163172905545
new_more,1000,NO0 0AC,offwind-float,0.4872869270203116,0.38089904139298464,0.10638788562732698
new_more,1000,NO0 0AC,offwind-float,0.5095480763413109,0.3983544696343071,0.11119360670700384
new_more,1000,NO0 0AC,offwind-float,0.485316457997514,0.380704484603296,0.10461197339421802
new_more,1000,NO0 0AC,offwind-float,0.4803357386039778,0.3750565245806133,0.10527921402336454
new_more,1000,NO0 0AC,offwind-float,0.4744500342856974,0.368264489832006,0.10618554445369138
new_more,1000,NO0 0AC,offwind-float,0.47168399498297986,0.3647151447400675,0.10696885024291236
new_more,1000,NO0 0AC,offwind-float,0.4492518040290571,0.34959336556545223,0.09965843846360489
new_more,1000,NO0 0AC,offwind-float,0.444641209980503,0.3445275943882339,0.10011361559226911
new_more,1000,NO0 0AC,offwind-float,0.43919288190632366,0.3304519272822015,0.10874095462412214
new_more,1000,NO0 0AC,offwind-float,0.5208766825281235,0.40745906992515346,0.11341761260297001
new_more,1000,NO0 0AC,offwind-float,0.4961066819667916,0.3898634740486146,0.10624320791817699
new_more,1000,NO0 0AC,offwind-float,0.49099473033918517,0.384035528840665,0.10695920149852017
new_more,1000,NO0 0AC,offwind-float,0.4849716328617543,0.3769476663284703,0.108023966533284
new_more,1000,NO0 0AC,offwind-float,0.49334271128969354,0.3838629015565866,0.10947980973310695
new_more,1000,NO0 0AC,offwind-float,0.46988798162562195,0.3676536945342732,0.10223428709134874
new_more,1000,NO0 0AC,offwind-float,0.4650519934497736,0.36226830159346124,0.10278369185631236
new_more,1000,NO0 0AC,offwind-float,0.4593467596915261,0.35290072753231033,0.10644603215921578
new_more,1000,NO0 0AC,offwind-float,0.5213371492652877,0.4098435672066097,0.11149358205867804
new_more,1000,NO0 0AC,offwind-float,0.49653166898351303,0.39010975828623223,0.1064219106972808
new_more,1000,NO0 0AC,offwind-float,0.4914358498072679,0.3842416861198514,0.10719416368741652
new_more,1000,NO0 0AC,offwind-float,0.48541413234819464,0.3724365582187001,0.11297757412949455
new_more,1000,NO0 0AC,offwind-float,0.5063936009809817,0.39538772844638254,0.1110058725345992
new_more,1000,NO0 0AC,offwind-float,0.48231191698387155,0.3777634260783919,0.10454849090547963
new_more,1000,NO0 0AC,offwind-float,0.47735524177381083,0.3721372794007434,0.10521796237306741
new_more,1000,NO0 0AC,offwind-float,0.4714856109372237,0.3593706157823295,0.1121149951548942
new_more,1000,NO0 0AC,offwind-float,0.5425118933058689,0.4316927607202426,0.11081913258562631
new_more,1000,NO0 0AC,offwind-float,0.5167203209433324,0.41109845525649724,0.10562186568683518
new_more,1000,NO0 0AC,offwind-float,0.5114173091019951,0.4048408300611683,0.10657647904082684
new_more,1000,NO0 0AC,offwind-float,0.5051507525609948,0.3894586984257919,0.11569205413520295
new_more,1000,NO0 0AC,offwind-float,0.5351754116315652,0.4240358840550316,0.11113952757653361
new_more,1000,NO0 0AC,offwind-float,0.5097391084350119,0.40414845336433114,0.10559065507068077
new_more,1000,NO0 0AC,offwind-float,0.5045009236057907,0.39801905329275666,0.10648187031303402
new_more,1000,NO0 0AC,offwind-float,0.4983191157035243,0.3843721031892898,0.11394701251423445
new_more,1000,NO0 0AC,offwind-float,0.2826624840689383,0.19699112148899162,0.08567136257994667
new_more,1000,NO0 0AC,offwind-float,0.2691874700919308,0.1851498797918899,0.08403759030004088
new_more,1000,NO0 0AC,offwind-float,0.2664180056436381,0.183172531104044,0.0832454745395941
new_more,1000,NO0 0AC,offwind-float,0.26314670531159756,0.17995382384803338,0.08319288146356418
new_more,1000,NO0 0AC,offwind-float,0.5535317128794242,0.4398748413359616,0.11365687154346255
new_more,1000,NO0 0AC,offwind-float,0.5272161821505769,0.4192724821071516,0.10794370004342524
new_more,1000,NO0 0AC,offwind-float,0.5217986399472925,0.41288780402831327,0.10891083591897921
new_more,1000,NO0 0AC,offwind-float,0.5154048777064556,0.3973112912140141,0.1180935864924415
new_more,1000,NO0 0AC,offwind-float,0.5554078402964687,0.4380698247409144,0.11733801555555434
new_more,1000,NO0 0AC,offwind-float,0.5290032899746565,0.4168216036152527,0.11218168635940379
new_more,1000,NO0 0AC,offwind-float,0.5235674140645665,0.410421374734864,0.11314603932970252
new_more,1000,NO0 0AC,offwind-float,0.5171519784802254,0.39799261697629423,0.1191593615039312
new_more,1000,NO0 0AC,offwind-float,0.5590180897555118,0.4422685788284096,0.11674951092710223
new_more,1000,NO0 0AC,offwind-float,0.532428561837558,0.42220721330120964,0.1102213485363484
new_more,1000,NO0 0AC,offwind-float,0.5269575170860777,0.4158564274118787,0.11110108967419902
new_more,1000,NO0 0AC,offwind-float,0.5205005415071255,0.40485398276351015,0.1156465587436154
new_more,1000,BE2 0AC,offwind-ac,0.49690190390981587,0.419123340921169,0.07777856298864688
new_more,1000,BE2 0AC,offwind-ac,0.4732846987615791,0.3867693055359951,0.08651539322558399
new_more,1000,BE2 0AC,offwind-ac,0.4684274592450947,0.37976571881490995,0.08866174043018477
new_more,1000,BE2 0AC,offwind-ac,0.46268083621252154,0.3738632125840793,0.08881762362844225
new_more,1000,DK2 0AC,offwind-ac,0.5024357277273058,0.38760371805037963,0.1148320096769262
new_more,1000,DK2 0AC,offwind-ac,0.4785487056597623,0.3649968073738078,0.11355189828595452
new_more,1000,DK2 0AC,offwind-ac,0.47363061364381726,0.3595688257996045,0.11406178784421278
new_more,1000,DK2 0AC,offwind-ac,0.4678202754907029,0.35056024491238935,0.11726003057831352
new_more,1000,DK2 0AC,offwind-ac,0.5125891550249367,0.4055324609628965,0.10705669406204021
new_more,1000,DK2 0AC,offwind-ac,0.4882197308055295,0.3822862289918485,0.105933501813681
new_more,1000,DK2 0AC,offwind-ac,0.483202404817307,0.37600147319331145,0.10720093162399552
new_more,1000,DK2 0AC,offwind-ac,0.47727478760638653,0.3663795449186562,0.11089524268773032
new_more,1000,DK2 0AC,offwind-ac,0.4586510563558862,0.34785249121364303,0.11079856514224318
new_more,1000,DK2 0AC,offwind-ac,0.43683163866680486,0.3282081741733366,0.10862346449346827
new_more,1000,DK2 0AC,offwind-ac,0.4323485106406189,0.3233653393509723,0.10898317128964663
new_more,1000,DK2 0AC,offwind-ac,0.42704400760181244,0.31716970258889793,0.10987430501291451
new_more,1000,GB1 0AC,offwind-ac,0.40088940323547245,0.2984748570562792,0.10241454617919327
new_more,1000,GB1 0AC,offwind-ac,0.3818025129353358,0.28501433534283865,0.09678817759249714
new_more,1000,GB1 0AC,offwind-ac,0.3778705014836311,0.2807597067784455,0.09711079470518563
new_more,1000,GB1 0AC,offwind-ac,0.3732403358232603,0.2774505355259718,0.09578980029728851
new_more,1000,GB1 0AC,offwind-ac,0.3825145681955705,0.2691076525620177,0.11340691563355282
new_more,1000,GB1 0AC,offwind-ac,0.36432056286391984,0.2581969818777925,0.10612358098612734
new_more,1000,GB1 0AC,offwind-ac,0.3605816035456895,0.2544838632309088,0.1060977403147807
new_more,1000,GB1 0AC,offwind-ac,0.35616328416922716,0.24667903536372615,0.109484248805501
new_more,1000,GB1 0AC,offwind-ac,0.46236232497777613,0.3306057190550157,0.13175660592276045
new_more,1000,GB1 0AC,offwind-ac,0.4403867483178853,0.3143007526650518,0.12608599565283352
new_more,1000,GB1 0AC,offwind-ac,0.4358603414892938,0.3092140316905194,0.1266463097987744
new_more,1000,GB1 0AC,offwind-ac,0.43051960814822177,0.3011629015467087,0.12935670660151305
new_more,1000,NL2 0AC,offwind-ac,0.48466732422831205,0.3892305299976902,0.09543679423062185
new_more,1000,NL2 0AC,offwind-ac,0.46161167028990724,0.36527425609310965,0.09633741419679759
new_more,1000,NL2 0AC,offwind-ac,0.45687422905829866,0.3593087922760552,0.09756543678224344
new_more,1000,NL2 0AC,offwind-ac,0.4512692175463561,0.35012015999329343,0.1011490575530627
new_more,1000,NO0 0AC,offwind-ac,0.3027309077393482,0.23076273885750662,0.07196816888184157
new_more,1000,NO0 0AC,offwind-ac,0.28831561638729,0.21654688062737193,0.07176873575991805
new_more,1000,NO0 0AC,offwind-ac,0.28534984067024627,0.2137574611777193,0.07159237949252698
new_more,1000,NO0 0AC,offwind-ac,0.28185335965816366,0.2104815775180843,0.07137178214007936
new_more,1000,NO0 0AC,offwind-ac,0.3142602346393687,0.23570289694058477,0.07855733769878392
new_more,1000,NO0 0AC,offwind-ac,0.2992899466790007,0.22252603919428104,0.07676390748471967
new_more,1000,NO0 0AC,offwind-ac,0.2962183853973881,0.2192168202093666,0.07700156518802151
new_more,1000,NO0 0AC,offwind-ac,0.2925887287011062,0.21514987538981975,0.07743885331128644
new_more,1000,DE2 0AC,offwind-dc,0.508414326368073,0.48991274747249575,0.018501578895577298
new_more,1000,DE2 0AC,offwind-dc,0.4842499483456523,0.4739915374468913,0.010258410898761006
new_more,1000,DE2 0AC,offwind-dc,0.47928017435736425,0.46885461148716795,0.010425562870196303
new_more,1000,DE2 0AC,offwind-dc,0.47340740419855865,0.46325728032419994,0.010150123874358707
new_more,1000,DE2 0AC,offwind-dc,0.5141267515801341,0.4953543704645886,0.018772381115545522
new_more,1000,DE2 0AC,offwind-dc,0.4896841684712883,0.4790344725345932,0.010649695936695125
new_more,1000,DE2 0AC,offwind-dc,0.4846586240158702,0.4737007958083057,0.010957828207564468
new_more,1000,DE2 0AC,offwind-dc,0.47871995002806206,0.4679264870265211,0.010793463001540937
new_more,1000,DE2 0AC,offwind-dc,0.517130677455566,0.4997606051908071,0.01737007226475884
new_more,1000,DE2 0AC,offwind-dc,0.49255202077943583,0.4824282458792053,0.010123774900230531
new_more,1000,DE2 0AC,offwind-dc,0.48749021689136235,0.45698379785449134,0.030506419036871013
new_more,1000,DE2 0AC,offwind-dc,0.48151004515090995,0.44361284149841845,0.037897203652491496
new_more,1000,DE2 0AC,offwind-dc,0.5151764449203006,0.4973908639800046,0.017785580940295975
new_more,1000,DE2 0AC,offwind-dc,0.4906840617989575,0.4803527648749642,0.010331296923993316
new_more,1000,DE2 0AC,offwind-dc,0.48564825561017644,0.47500026630309894,0.010647989307077499
new_more,1000,DE2 0AC,offwind-dc,0.47969066227505613,0.4497577985205402,0.029932863754515926
new_more,1000,DE2 0AC,offwind-dc,0.5219412560684197,0.5040317366298099,0.017909519438609744
new_more,1000,DE2 0AC,offwind-dc,0.49711404429529876,0.4567835124163073,0.04033053187899144
new_more,1000,DE2 0AC,offwind-dc,0.49201224830132584,0.44622661114709483,0.04578563715423101
new_more,1000,DE2 0AC,offwind-dc,0.4859834680508905,0.43413921213842055,0.05184425591246994
new_more,1000,DE2 0AC,offwind-dc,0.5224715803681235,0.5034064545552995,0.019065125812823935
new_more,1000,DE2 0AC,offwind-dc,0.49761913298311483,0.4613958149838743,0.036223317999240556
new_more,1000,DE2 0AC,offwind-dc,0.49250535650524113,0.4499925450938574,0.042512811411383744
new_more,1000,DE2 0AC,offwind-dc,0.48647053404546775,0.4385906024887786,0.047879931556689126
new_more,1000,DK2 0AC,offwind-dc,0.5116471933896652,0.416776622761013,0.09487057062865223
new_more,1000,DK2 0AC,offwind-dc,0.48732236322622835,0.39019453867706827,0.09712782454916008
new_more,1000,DK2 0AC,offwind-dc,0.48232105757209937,0.38388914328452545,0.09843191428757392
new_more,1000,DK2 0AC,offwind-dc,0.47641102651840306,0.3746942178417669,0.10171680867663618
new_more,1000,DK2 0AC,offwind-dc,0.5218137590289534,0.4336267716703303,0.08818698735862313
new_more,1000,DK2 0AC,offwind-dc,0.4970058592603285,0.40438799146950793,0.09261786779082054
new_more,1000,DK2 0AC,offwind-dc,0.4919051735507749,0.39792199121661653,0.09398318233415837
new_more,1000,DK2 0AC,offwind-dc,0.4858708644034942,0.3860334682009595,0.09983739620253468
new_more,1000,DK2 0AC,offwind-dc,0.5179164581323941,0.4249708135331071,0.09294564459928695
new_more,1000,DK2 0AC,offwind-dc,0.49330045415833634,0.39756109616792273,0.09573935799041361
new_more,1000,DK2 0AC,offwind-dc,0.48823098357554046,0.3909666166020307,0.09726436697350976
new_more,1000,DK2 0AC,offwind-dc,0.48224853634664916,0.380353605041028,0.10189493130562116
new_more,1000,DK2 0AC,offwind-dc,0.5162523502804308,0.4157596362857363,0.1004927139946945
new_more,1000,DK2 0AC,offwind-dc,0.49170877535693847,0.38995018192840586,0.1017585934285326
new_more,1000,DK2 0AC,offwind-dc,0.48666245270903685,0.3842577497853324,0.10240470292370446
new_more,1000,DK2 0AC,offwind-dc,0.480692408977026,0.3765876080577906,0.10410480091923535
new_more,1000,DK2 0AC,offwind-dc,0.5177144704593267,0.42223333334470275,0.09548113711462397
new_more,1000,DK2 0AC,offwind-dc,0.49310149895018573,0.39600771113571087,0.09709378781447486
new_more,1000,DK2 0AC,offwind-dc,0.48804088301942417,0.3892457187200157,0.09879516429940849
new_more,1000,DK2 0AC,offwind-dc,0.48206076515221485,0.37790911003284033,0.10415165511937452
new_more,1000,DK2 0AC,offwind-dc,0.5248600225303992,0.4357207295826584,0.08913929294774081
new_more,1000,DK2 0AC,offwind-dc,0.49988736788489513,0.4086174210283255,0.09126994685656964
new_more,1000,DK2 0AC,offwind-dc,0.4947571097475936,0.4011164994437038,0.09364061030388982
new_more,1000,DK2 0AC,offwind-dc,0.48869469584975495,0.3890978869248424,0.09959680892491257
new_more,1000,DK2 0AC,offwind-dc,0.5310037970338463,0.4443658403090547,0.08663795672479158
new_more,1000,DK2 0AC,offwind-dc,0.5057457031475524,0.4144569657425032,0.09128873740504923
new_more,1000,DK2 0AC,offwind-dc,0.5005553219223652,0.4074065669848775,0.0931487549374877
new_more,1000,DK2 0AC,offwind-dc,0.4944218607138798,0.3951220158419181,0.0992998448719617
new_more,1000,DK2 0AC,offwind-dc,0.5266629647308535,0.4320083340553783,0.0946546306754752
new_more,1000,DK2 0AC,offwind-dc,0.5016245091255714,0.4054021806074067,0.09622232851816476
new_more,1000,DK2 0AC,offwind-dc,0.49646958753292886,0.3979540379744143,0.09851554955851455
new_more,1000,DK2 0AC,offwind-dc,0.4903861901081817,0.388952061545951,0.10143412856223066
new_more,1000,DK2 0AC,offwind-dc,0.5210409198839026,0.4189871524925826,0.10205376739131994
new_more,1000,DK2 0AC,offwind-dc,0.4962630241554784,0.3949050860951258,0.10135793806035259
new_more,1000,DK2 0AC,offwind-dc,0.4911699620349294,0.387777962526971,0.10339199950795841
new_more,1000,DK2 0AC,offwind-dc,0.4851515025820465,0.3803603221460451,0.10479118043600139
new_more,1000,DK2 0AC,offwind-dc,0.5230536237425358,0.41766727952685107,0.10538634421568477
new_more,1000,DK2 0AC,offwind-dc,0.49818669307002333,0.3947312474914446,0.10345544557857872
new_more,1000,DK2 0AC,offwind-dc,0.4930738886660394,0.3879829225394849,0.1050909661265545
new_more,1000,DK2 0AC,offwind-dc,0.48703209980355033,0.37655355095544424,0.1104785488481061
new_more,1000,DK2 0AC,offwind-dc,0.5351815716922916,0.4343832374213175,0.10079833427097412
new_more,1000,DK2 0AC,offwind-dc,0.5097384305259371,0.4080696260169681,0.10166880450896904
new_more,1000,DK2 0AC,offwind-dc,0.5045070726259249,0.4012939987101849,0.10321307391573997
new_more,1000,DK2 0AC,offwind-dc,0.4983251893777879,0.39182974166911394,0.10649544770867397
new_more,1000,DK2 0AC,offwind-dc,0.5504193661901805,0.47017192741768304,0.08024743877249746
new_more,1000,DK2 0AC,offwind-dc,0.5242517593814771,0.4375099084325171,0.08674185094895998
new_more,1000,DK2 0AC,offwind-dc,0.5188646569465329,0.4299897920756704,0.08887486487086255
new_more,1000,DK2 0AC,offwind-dc,0.512500071834664,0.41984977675634605,0.0926502950783179
new_more,1000,DK2 0AC,offwind-dc,0.5435363533127184,0.4550216551848363,0.08851469812788215
new_more,1000,DK2 0AC,offwind-dc,0.5176960049099015,0.4264118050151041,0.09128419989479741
new_more,1000,DK2 0AC,offwind-dc,0.5123829797917132,0.419009986188091,0.09337299360362222
new_more,1000,DK2 0AC,offwind-dc,0.5060910340540985,0.4121067166134479,0.09398431744065061
new_more,1000,DK2 0AC,offwind-dc,0.5399843737412926,0.44308654844408624,0.09689782529720636
new_more,1000,DK2 0AC,offwind-dc,0.5143127098345261,0.4160836625083194,0.09822904732620674
new_more,1000,DK2 0AC,offwind-dc,0.5090344068921847,0.40879486125290787,0.10023954563927684
new_more,1000,DK2 0AC,offwind-dc,0.5027970487986434,0.3986650205834506,0.1041320282151928
new_more,1000,DK2 0AC,offwind-dc,0.5518371520399096,0.47106617752613067,0.0807709745137789
new_more,1000,DK2 0AC,offwind-dc,0.5256023730249028,0.43871947058365524,0.08688290244124752
new_more,1000,DK2 0AC,offwind-dc,0.5202013641373623,0.4308557228457641,0.08934564129159817
new_more,1000,DK2 0AC,offwind-dc,0.513820325474256,0.4217988035147981,0.09202152195945795
new_more,1000,GB1 0AC,offwind-dc,0.5083400561623098,0.4069903513880634,0.10134970477424643
new_more,1000,GB1 0AC,offwind-dc,0.4841724642107826,0.3852881767173449,0.0988842874934377
new_more,1000,GB1 0AC,offwind-dc,0.47919668388290276,0.379404228840172,0.09979245504273077
new_more,1000,GB1 0AC,offwind-dc,0.4733249367590423,0.36817419677938523,0.10515073997965707
new_more,1000,GB1 0AC,offwind-dc,0.5097338611230532,0.37795087807608735,0.13178298304696584
new_more,1000,GB1 0AC,offwind-dc,0.4854999917193619,0.35763865529951583,0.1278613364198461
new_more,1000,GB1 0AC,offwind-dc,0.48051738875078365,0.35198724742707616,0.1285301413237075
new_more,1000,GB1 0AC,offwind-dc,0.4746294586163344,0.34780269650480683,0.12682676211152755
new_more,1000,GB1 0AC,offwind-dc,0.5124607631030632,0.37896045319830973,0.13350030990475348
new_more,1000,GB1 0AC,offwind-dc,0.48809067458046823,0.3589348792722382,0.12915579530823001
new_more,1000,GB1 0AC,offwind-dc,0.4830814838789661,0.3533170945814446,0.1297643892975215
new_more,1000,GB1 0AC,offwind-dc,0.4771621350834522,0.34632929938867274,0.13083283569477944
new_more,1000,GB1 0AC,offwind-dc,0.5085202911841421,0.3739656706224324,0.1345546205617097
new_more,1000,GB1 0AC,offwind-dc,0.48433045530261976,0.35489183650784284,0.12943861879477692
new_more,1000,GB1 0AC,offwind-dc,0.4793598550852698,0.34930717386349186,0.13005268122177793
new_more,1000,GB1 0AC,offwind-dc,0.4734861085735371,0.3439777958950386,0.12950831267849855
new_more,1000,GB1 0AC,offwind-dc,0.5151312501712513,0.383712257238637,0.13141899293261428
new_more,1000,GB1 0AC,offwind-dc,0.49064092682026483,0.36292371194949785,0.12771721487076698
new_more,1000,GB1 0AC,offwind-dc,0.485605563318356,0.35726123611526683,0.1283443272030892
new_more,1000,GB1 0AC,offwind-dc,0.47965528618655123,0.3496804538258926,0.12997483236065865
new_more,1000,GB1 0AC,offwind-dc,0.504825731011482,0.36997247978756587,0.13485325122391612
new_more,1000,GB1 0AC,offwind-dc,0.4808186492360491,0.3497054285041111,0.13111322073193798
new_more,1000,GB1 0AC,offwind-dc,0.4758840900807605,0.34435264270666366,0.13153144737409683
new_more,1000,GB1 0AC,offwind-dc,0.4700529332067588,0.3322161461941571,0.13783678701260166
new_more,1000,GB1 0AC,offwind-dc,0.5144715044897831,0.38186512889971475,0.13260637559006833
new_more,1000,GB1 0AC,offwind-dc,0.49001242046586796,0.36163626933997856,0.1283761511258894
new_more,1000,GB1 0AC,offwind-dc,0.4849766933787206,0.3558777531309152,0.12909894024780544
new_more,1000,GB1 0AC,offwind-dc,0.4790205189498786,0.348703372263578,0.13031714668630062
new_more,1000,GB1 0AC,offwind-dc,0.5142051908317794,0.3851343790833918,0.12907081174838758
new_more,1000,GB1 0AC,offwind-dc,0.4897524835082573,0.366127673772685,0.12362480973557227
new_more,1000,GB1 0AC,offwind-dc,0.4847262379473565,0.3605351873946038,0.1241910505527527
new_more,1000,GB1 0AC,offwind-dc,0.47877991023047994,0.34566349708315547,0.13311641314732447
new_more,1000,GB1 0AC,offwind-dc,0.5137362382641931,0.382077196251958,0.1316590420122351
new_more,1000,GB1 0AC,offwind-dc,0.4893189155779614,0.36267477007871685,0.12664414549924458
new_more,1000,GB1 0AC,offwind-dc,0.4842971196502087,0.35708152056230713,0.1272155990879016
new_more,1000,GB1 0AC,offwind-dc,0.47836287528867033,0.3481175154274581,0.13024535986121222
new_more,1000,GB1 0AC,offwind-dc,0.5192146820886813,0.38441679312474475,0.13479788896393652
new_more,1000,GB1 0AC,offwind-dc,0.49453040495496076,0.3630105228515748,0.13151988210338594
new_more,1000,GB1 0AC,offwind-dc,0.4894482837110884,0.35808638383532754,0.13136189987576086
new_more,1000,GB1 0AC,offwind-dc,0.48345092052219535,0.34826078833745744,0.1351901321847379
new_more,1000,GB1 0AC,offwind-dc,0.5166233387480458,0.3829416978246079,0.13368164092343787
new_more,1000,GB1 0AC,offwind-dc,0.492035658277304,0.3620522424259417,0.1299834158513623
new_more,1000,GB1 0AC,offwind-dc,0.48697914560512967,0.3554168783249517,0.13156226728017795
new_more,1000,GB1 0AC,offwind-dc,0.48101203753915306,0.3502509832430626,0.13076105429609047
new_more,1000,GB1 0AC,offwind-dc,0.5248451947708567,0.389705436630552,0.13513975814030466
new_more,1000,GB1 0AC,offwind-dc,0.49989327078693685,0.36721862068268407,0.13267465010425278
new_more,1000,GB1 0AC,offwind-dc,0.49475616511181303,0.3624586325173406,0.1322975325944724
new_more,1000,GB1 0AC,offwind-dc,0.48868693588820317,0.35698880748187756,0.1316981284063256
new_more,1000,GB1 0AC,offwind-dc,0.5087681648724267,0.40151681076709744,0.10725135410532927
new_more,1000,GB1 0AC,offwind-dc,0.48456672968659553,0.3795319472118857,0.10503478247470982
new_more,1000,GB1 0AC,offwind-dc,0.4795868910418606,0.37346132680326044,0.10612556423860015
new_more,1000,GB1 0AC,offwind-dc,0.47370358131126217,0.36529654824861013,0.10840703306265204
new_more,1000,GB4 0AC,offwind-dc,0.5240240066231064,0.4508416668278674,0.07318233979523903
new_more,1000,GB4 0AC,offwind-dc,0.4991042331857471,0.4199333639392744,0.07917086924647271
new_more,1000,GB4 0AC,offwind-dc,0.4939751953625793,0.412667157235121,0.0813080381274583
new_more,1000,GB4 0AC,offwind-dc,0.487922362506713,0.4014479433574193,0.08647441914929371
new_more,1000,GB4 0AC,offwind-dc,0.5247033453821671,0.45283665438246695,0.07186669099970017
new_more,1000,GB4 0AC,offwind-dc,0.49975132971929265,0.4247185530613308,0.07503277665796187
new_more,1000,GB4 0AC,offwind-dc,0.49462246771830287,0.4191196036919,0.07550286402640288
new_more,1000,GB4 0AC,offwind-dc,0.48856170363143914,0.40785539220533457,0.08070631142610457
new_more,1000,NL2 0AC,offwind-dc,0.508151753606294,0.4564357714048767,0.051715982201417376
new_more,1000,NL2 0AC,offwind-dc,0.48399320958884573,0.4162549928828394,0.06773821670600633
new_more,1000,NL2 0AC,offwind-dc,0.4790260704662912,0.40851032853223657,0.07051574193405463
new_more,1000,NL2 0AC,offwind-dc,0.47313600722923355,0.39925014555984534,0.07388586166938821
new_more,1000,NL2 0AC,offwind-dc,0.5087335144424214,0.481517696597726,0.027215817844695456
new_more,1000,NL2 0AC,offwind-dc,0.48455396575920534,0.446452850028648,0.038101115730557356
new_more,1000,NL2 0AC,offwind-dc,0.4795742829305672,0.43516351606431053,0.04441076686625667
new_more,1000,NL2 0AC,offwind-dc,0.47369106187760895,0.42256763400220876,0.051123427875400196
new_more,1000,NL2 0AC,offwind-dc,0.5081864164325824,0.45318630667414495,0.0550001097584375
new_more,1000,NL2 0AC,offwind-dc,0.48401966964902743,0.41461102495973207,0.06940864468929536
new_more,1000,NL2 0AC,offwind-dc,0.4790522589714232,0.4070519244306178,0.0720003345408054
new_more,1000,NL2 0AC,offwind-dc,0.4731822815312587,0.39722174532052856,0.07596053621073012
new_more,1000,NL2 0AC,offwind-dc,0.5212019217652637,0.44196813143839814,0.07923379032686556
new_more,1000,NL2 0AC,offwind-dc,0.4964097684780301,0.40999676285536324,0.08641300562266685
new_more,1000,NL2 0AC,offwind-dc,0.49131520034572085,0.402785946948349,0.08852925339737183
new_more,1000,NL2 0AC,offwind-dc,0.48528819259758543,0.39170549601725535,0.09358269658033008
new_more,1000,NL2 0AC,offwind-dc,0.5177086235923831,0.4322810082038363,0.08542761538854682
new_more,1000,NL2 0AC,offwind-dc,0.4931024977671706,0.4036496729463986,0.08945282482077199
new_more,1000,NL2 0AC,offwind-dc,0.4880418715857221,0.39553423982055386,0.09250763176516824
new_more,1000,NL2 0AC,offwind-dc,0.4820617416053002,0.38846740064392093,0.09359434096137925
new_more,1000,NL2 0AC,offwind-dc,0.5173106913600384,0.4367282261195766,0.08058246524046175
new_more,1000,NL2 0AC,offwind-dc,0.4927100438745148,0.40513722639742283,0.08757281747709195
new_more,1000,NL2 0AC,offwind-dc,0.4876534453799127,0.3986870336988866,0.08896641168102609
new_more,1000,NL2 0AC,offwind-dc,0.4816780749075038,0.38986530579504536,0.09181276911245845
new_more,1000,NL2 0AC,offwind-dc,0.5139768830698929,0.4655587319203505,0.04841815114954234
new_more,1000,NL2 0AC,offwind-dc,0.48954137007557036,0.42499630753929346,0.0645450625362769
new_more,1000,NL2 0AC,offwind-dc,0.48451729113554365,0.4157041967109548,0.06881309442458883
new_more,1000,NL2 0AC,offwind-dc,0.4785803489438048,0.40742997376116313,0.07115037518264167
new_more,1000,NL2 0AC,offwind-dc,0.5175645972336435,0.4463093499917327,0.07125524724191074
new_more,1000,NL2 0AC,offwind-dc,0.492965316824064,0.4129025424845802,0.08006277433948383
new_more,1000,NL2 0AC,offwind-dc,0.48790609850705624,0.4052301064451501,0.08267599206190612
new_more,1000,NL2 0AC,offwind-dc,0.4819276321967117,0.39581078944768594,0.08611684274902576
new_more,1000,NL2 0AC,offwind-dc,0.5199351084249202,0.4509815661730553,0.0689535422518649
new_more,1000,NL2 0AC,offwind-dc,0.49520971609805864,0.4173275101811416,0.07788220591691702
new_more,1000,NL2 0AC,offwind-dc,0.4901274638970632,0.4086029908249033,0.08152447307215988
new_more,1000,NL2 0AC,offwind-dc,0.48412177850053023,0.39640437806076967,0.08771740043976056
new_more,1000,NO0 0AC,offwind-dc,0.510369751353735,0.4426978441404428,0.06767190721329219
new_more,1000,NO0 0AC,offwind-dc,0.486105824864036,0.4153054950249585,0.07080032983907747
new_more,1000,NO0 0AC,offwind-dc,0.4811170043340228,0.40865331333828,0.07246369099574285
new_more,1000,NO0 0AC,offwind-dc,0.4752217269219427,0.39605974038539743,0.07916198653654527
new_more,1000,NO0 0AC,offwind-dc,0.5381846023064525,0.48797202157115654,0.05021258073529594
new_more,1000,NO0 0AC,offwind-dc,0.512598451181653,0.4522916819026409,0.06030676927901213
new_more,1000,NO0 0AC,offwind-dc,0.5073377413812239,0.4443819079381632,0.06295583344306072
new_more,1000,NO0 0AC,offwind-dc,0.5011211730618385,0.43274281787838553,0.06837835518345292
new_more,1000,NO0 0AC,offwind-dc,0.5444051641731279,0.4881776048809126,0.05622755929221529
new_more,1000,NO0 0AC,offwind-dc,0.5185301809121062,0.45334666469336166,0.06518351621874457
new_more,1000,NO0 0AC,offwind-dc,0.5132085947889832,0.4454932564737371,0.06771533831524607
new_more,1000,NO0 0AC,offwind-dc,0.506920089063161,0.4366655975318098,0.07025449153135122
new_more,1000,NO0 0AC,offwind-dc,0.5378097547748417,0.4805837383244207,0.057226016450421024
new_more,1000,NO0 0AC,offwind-dc,0.5122415504803304,0.4472399834464119,0.06500156703391846
new_more,1000,NO0 0AC,offwind-dc,0.5069777159005896,0.43966654788346826,0.06731116801712134
new_more,1000,NO0 0AC,offwind-dc,0.5007655590862323,0.43061687481739375,0.07014868426883858
new_more,1000,DK2 0AC,offwind-float,0.5069824739235627,0.3768711801693142,0.13011129375424846
new_more,1000,DK2 0AC,offwind-float,0.4828861502850312,0.3578910379248861,0.1249951123601451
new_more,1000,DK2 0AC,offwind-float,0.47792355874207476,0.3517200054608121,0.12620355328126265
new_more,1000,DK2 0AC,offwind-float,0.47206741161949856,0.34790893438147386,0.1241584772380247
new_more,1000,DK2 0AC,offwind-float,0.46543151577298675,0.3400748852152362,0.12535663055775054
new_more,1000,GB1 0AC,offwind-float,0.5208838940486694,0.40273202044384454,0.11815187360482488
new_more,1000,GB1 0AC,offwind-float,0.4961134556425737,0.38369580644851087,0.11241764919406283
new_more,1000,GB1 0AC,offwind-float,0.4910151259325575,0.3779326976193783,0.11308242831317916
new_more,1000,GB1 0AC,offwind-float,0.48499856373495487,0.3733152038860402,0.11168335984891464
new_more,1000,GB1 0AC,offwind-float,0.47817406929110284,0.3626583936111535,0.11551567567994936
new_more,1000,GB1 0AC,offwind-float,0.5052420504547692,0.3804832321563525,0.12475881829841673
new_more,1000,GB1 0AC,offwind-float,0.4812150145954798,0.36439433813675015,0.11682067645872962
new_more,1000,GB1 0AC,offwind-float,0.4762763876106334,0.35944195634708903,0.11683443126354437
new_more,1000,GB1 0AC,offwind-float,0.4704404237920718,0.3545169820206208,0.11592344177145097
new_more,1000,GB1 0AC,offwind-float,0.46382739866592876,0.33894591403667496,0.1248814846292538
new_more,1000,GB1 0AC,offwind-float,0.5150318909680701,0.39375122198048196,0.12128066898758816
new_more,1000,GB1 0AC,offwind-float,0.490539610706602,0.376168648049744,0.11437096265685803
new_more,1000,GB1 0AC,offwind-float,0.4855052869945539,0.3707880323473846,0.11471725464716931
new_more,1000,GB1 0AC,offwind-float,0.4795562385799662,0.3657319157698967,0.11382432281006949
new_more,1000,GB1 0AC,offwind-float,0.4728150715910307,0.35594403933643376,0.11687103225459694
new_more,1000,GB1 0AC,offwind-float,0.5037547663639944,0.376787876184815,0.1269668901791794
new_more,1000,GB1 0AC,offwind-float,0.4798052901334649,0.36151059449238754,0.11829469564107736
new_more,1000,GB1 0AC,offwind-float,0.4748743465382723,0.3562995156348091,0.11857483090346321
new_more,1000,GB1 0AC,offwind-float,0.46905556236829976,0.35233920564343024,0.11671635672486952
new_more,1000,GB1 0AC,offwind-float,0.46245524895028683,0.335329954366598,0.12712529458368882
new_more,1000,GB1 0AC,offwind-float,0.495218677801006,0.3552381521695614,0.13998052563144459
new_more,1000,GB1 0AC,offwind-float,0.4716679146716177,0.3437808288110478,0.1278870858605699
new_more,1000,GB1 0AC,offwind-float,0.4668272679323601,0.34006479071749907,0.12676247721486106
new_more,1000,GB1 0AC,offwind-float,0.46110026980946134,0.3359851591922257,0.12511511061723563
new_more,1000,GB1 0AC,offwind-float,0.45461173407364314,0.3261752198472747,0.12843651422636843
new_more,1000,GB1 0AC,offwind-float,0.5036756411365132,0.3743879179638053,0.12928772317270792
new_more,1000,GB1 0AC,offwind-float,0.47972284101418994,0.35910130036478927,0.12062154064940067
new_more,1000,GB1 0AC,offwind-float,0.47479952795033753,0.3540707983235055,0.12072872962683201
new_more,1000,GB1 0AC,offwind-float,0.46897482012829766,0.34925831985736544,0.11971650027093222
new_more,1000,GB1 0AC,offwind-float,0.4623756105312448,0.3410550117458752,0.1213205987853696
new_more,1000,GB1 0AC,offwind-float,0.516050062003222,0.3963120210921035,0.1197380409111185
new_more,1000,GB1 0AC,offwind-float,0.49151620449817907,0.3793202709292499,0.11219593356892915
new_more,1000,GB1 0AC,offwind-float,0.48646507842140174,0.3740379175393151,0.11242716088208665
new_more,1000,GB1 0AC,offwind-float,0.4804974913032437,0.36806100360070904,0.11243648770253467
new_more,1000,GB1 0AC,offwind-float,0.4737430930365643,0.3551514577524973,0.11859163528406702
new_more,1000,GB1 0AC,offwind-float,0.5107421690593381,0.3890818386272626,0.12166033043207553
new_more,1000,GB1 0AC,offwind-float,0.48646034242690295,0.37156712607482834,0.11489321635207461
new_more,1000,GB1 0AC,offwind-float,0.48146788354407566,0.3662458048155602,0.11522207872851548
new_more,1000,GB1 0AC,offwind-float,0.47556830669908673,0.36179866456134147,0.11376964213774526
new_more,1000,GB1 0AC,offwind-float,0.4688831984423431,0.3489926208895359,0.11989057755280719
new_more,1000,GB1 0AC,offwind-float,0.512885159865266,0.39190798283198897,0.12097717703327698
new_more,1000,GB1 0AC,offwind-float,0.4884949579668561,0.3747953317658505,0.1136996262010056
new_more,1000,GB1 0AC,offwind-float,0.4834747842744973,0.3691654047917685,0.11430937948272879
new_more,1000,GB1 0AC,offwind-float,0.4775506162459963,0.36404290443125353,0.11350771181474278
new_more,1000,GB1 0AC,offwind-float,0.47083764247817306,0.35812227336218416,0.1127153691159889
new_more,1000,GB1 0AC,offwind-float,0.4937383243319565,0.35141671109599576,0.14232161323596076
new_more,1000,GB1 0AC,offwind-float,0.4702649443559812,0.33828271100138074,0.13198223335460046
new_more,1000,GB1 0AC,offwind-float,0.46543869605993415,0.3336832805483345,0.13175541551159964
new_more,1000,GB1 0AC,offwind-float,0.459735529871933,0.3301544294455519,0.1295811004263811
new_more,1000,GB1 0AC,offwind-float,0.45326617783648254,0.322392046590305,0.13087413124617753
new_more,1000,GB1 0AC,offwind-float,0.4943105330172522,0.3497948638931772,0.14451566912407499
new_more,1000,GB1 0AC,offwind-float,0.4707963846223161,0.3373046315023832,0.1334917531199329
new_more,1000,GB1 0AC,offwind-float,0.4659578905454603,0.3315338317348595,0.13442405881060077
new_more,1000,GB1 0AC,offwind-float,0.46024836250473844,0.3275560538890356,0.13269230861570286
new_more,1000,GB1 0AC,offwind-float,0.4537786081392945,0.31980838820148805,0.13397021993780645
new_more,1000,GB1 0AC,offwind-float,0.499958497166228,0.35322460368580905,0.14673389348041893
new_more,1000,GB1 0AC,offwind-float,0.4761894898478974,0.3403352901859578,0.13585419966193957
new_more,1000,GB1 0AC,offwind-float,0.4713024389597618,0.33568811574693475,0.13561432321282707
new_more,1000,GB1 0AC,offwind-float,0.4655137942039571,0.3311551405654756,0.13435865363848148
new_more,1000,GB1 0AC,offwind-float,0.4589700231716498,0.32078028864092106,0.13818973453072875
new_more,1000,GB1 0AC,offwind-float,0.5014143634545152,0.3768135827532297,0.1246007807012855
new_more,1000,GB1 0AC,offwind-float,0.47756943789769474,0.3601615581995642,0.11740787969813055
new_more,1000,GB1 0AC,offwind-float,0.4726613987588498,0.3548237195175618,0.11783767924128802
new_more,1000,GB1 0AC,offwind-float,0.4668697305314455,0.3508345078276169,0.1160352227038286
new_more,1000,GB1 0AC,offwind-float,0.4602865313290829,0.3432935569466204,0.11699297438246253
new_more,1000,GB1 0AC,offwind-float,0.5070454898212152,0.38366622151677876,0.12337926830443646
new_more,1000,GB1 0AC,offwind-float,0.48294617110584726,0.36721425770920085,0.1157319133966464
new_more,1000,GB1 0AC,offwind-float,0.4779897775592816,0.36200557277259793,0.1159842047866837
new_more,1000,GB1 0AC,offwind-float,0.4721328190367885,0.35720849107496816,0.11492432796182034
new_more,1000,GB1 0AC,offwind-float,0.465496003752082,0.35098211242822824,0.11451389132385376
new_more,1000,GB1 0AC,offwind-float,0.5091581405676171,0.35912514491813513,0.15003299564948197
new_more,1000,GB1 0AC,offwind-float,0.48494504789327203,0.34781319123485144,0.1371318566584206
new_more,1000,GB1 0AC,offwind-float,0.47996814021779854,0.3433501967236486,0.13661794349414996
new_more,1000,GB1 0AC,offwind-float,0.47408694019773095,0.33889184632141894,0.135195093876312
new_more,1000,GB1 0AC,offwind-float,0.46741587580047733,0.33281013076219756,0.13460574503827977
new_more,1000,GB1 0AC,offwind-float,0.5037414089908605,0.37956761637589875,0.12417379261496175
new_more,1000,GB1 0AC,offwind-float,0.4797790189868069,0.3634397074274227,0.1163393115593842
new_more,1000,GB1 0AC,offwind-float,0.4748551293780774,0.3588005689711784,0.11605456040689899
new_more,1000,GB1 0AC,offwind-float,0.4690229978965499,0.3540019108765187,0.11502108702003117
new_more,1000,GB1 0AC,offwind-float,0.4624163409968403,0.3482899778060532,0.11412636319078712
new_more,1000,GB1 0AC,offwind-float,0.5088290590623726,0.36485144446921186,0.14397761459316077
new_more,1000,GB1 0AC,offwind-float,0.48464496924765277,0.35250859671768575,0.13213637252996702
new_more,1000,GB1 0AC,offwind-float,0.47966431512370883,0.34747805162799317,0.13218626349571566
new_more,1000,GB1 0AC,offwind-float,0.4737868379677226,0.34381612240462633,0.12997071556309625
new_more,1000,GB1 0AC,offwind-float,0.467126771983892,0.3390994863041948,0.12802728567969723
new_more,1000,GB1 0AC,offwind-float,0.5003031181947439,0.3731042681431469,0.12719885005159703
new_more,1000,GB1 0AC,offwind-float,0.47651745014999985,0.35865773095643594,0.11785971919356392
new_more,1000,GB1 0AC,offwind-float,0.47162703346165274,0.3536326675250088,0.11799436593664392
new_more,1000,GB1 0AC,offwind-float,0.46584803963635324,0.34977172622417135,0.11607631341218189
new_more,1000,GB1 0AC,offwind-float,0.4592927349378129,0.3437137382745114,0.11557899666330151
new_more,1000,GB1 0AC,offwind-float,0.49799303531580547,0.37141611325459495,0.12657692206121052
new_more,1000,GB1 0AC,offwind-float,0.47431726221245285,0.356748824456524,0.11756843775592885
new_more,1000,GB1 0AC,offwind-float,0.46944942567474646,0.35176311965556806,0.1176863060191784
new_more,1000,GB1 0AC,offwind-float,0.4636971147600132,0.3474797131677333,0.11621740159227989
new_more,1000,GB1 0AC,offwind-float,0.45717207878168314,0.3425001216911247,0.11467195709055844
new_more,1000,GB1 0AC,offwind-float,0.5083361406420343,0.3698613900989999,0.13847475054303438
new_more,1000,GB1 0AC,offwind-float,0.4841619266739646,0.35522047380327276,0.12894145287069186
new_more,1000,GB1 0AC,offwind-float,0.47919305603696427,0.3502028180362077,0.1289902380007566
new_more,1000,GB1 0AC,offwind-float,0.4733077576633147,0.34552414532589504,0.12778361233741964
new_more,1000,GB1 0AC,offwind-float,0.46664760380285664,0.33467981925293416,0.13196778454992247
new_more,1000,GB1 0AC,offwind-float,0.5061297239890784,0.36843508130570696,0.13769464268337145
new_more,1000,GB1 0AC,offwind-float,0.4820605186788428,0.35494620500406354,0.12711431367477927
new_more,1000,GB1 0AC,offwind-float,0.4771064016023015,0.34861626283037944,0.12849013877192206
new_more,1000,GB1 0AC,offwind-float,0.47126026736221505,0.34430053379999354,0.1269597335622215
new_more,1000,GB1 0AC,offwind-float,0.4646357176181722,0.33067381415534763,0.13396190346282455
new_more,1000,GB4 0AC,offwind-float,0.524536193976375,0.4044365096636321,0.12009968431274287
new_more,1000,GB4 0AC,offwind-float,0.4995989300213478,0.385419030570363,0.11417989945098483
new_more,1000,GB4 0AC,offwind-float,0.49447163207226397,0.38002601033288513,0.11444562173937883
new_more,1000,GB4 0AC,offwind-float,0.4884059093228807,0.373426882552802,0.11497902677007871
new_more,1000,GB4 0AC,offwind-float,0.48154034168293547,0.36540836485106487,0.1161319768318706
new_more,1000,GB4 0AC,offwind-float,0.525588148759492,0.4066607528235972,0.1189273959358948
new_more,1000,GB4 0AC,offwind-float,0.5005808340697586,0.38784965699549795,0.11273117707426067
new_more,1000,GB4 0AC,offwind-float,0.495443459008193,0.38258768084512224,0.11285577816307074
new_more,1000,GB4 0AC,offwind-float,0.48937263505779666,0.37718226100165747,0.11219037405613919
new_more,1000,GB4 0AC,offwind-float,0.4824866795610202,0.36662832673089185,0.11585835283012835
new_more,1000,GB4 0AC,offwind-float,0.5259935104430774,0.40823918662074254,0.11775432382233486
new_more,1000,GB4 0AC,offwind-float,0.5009802713820867,0.3885864064768545,0.11239386490523218
new_more,1000,GB4 0AC,offwind-float,0.49583879696403876,0.3833203082225407,0.11251848874149806
new_more,1000,GB4 0AC,offwind-float,0.4897631288137904,0.3780056000546083,0.1117575287591821
new_more,1000,GB4 0AC,offwind-float,0.4828784826122652,0.3697717596503429,0.11310672296192226
new_more,1000,GB4 0AC,offwind-float,0.5291223549447069,0.4165407705619004,0.11258158438280652
new_more,1000,GB4 0AC,offwind-float,0.5039601852488351,0.39212780862565155,0.11183237662318357
new_more,1000,GB4 0AC,offwind-float,0.4987881284869525,0.3864654851164536,0.11232264337049885
new_more,1000,GB4 0AC,offwind-float,0.492676321253381,0.38077960684369977,0.11189671440968124
new_more,1000,GB4 0AC,offwind-float,0.4857439201054277,0.3702822430101863,0.11546167709524141
new_more,1000,GB4 0AC,offwind-float,0.5273087517042511,0.41314865265292094,0.11416009905133012
new_more,1000,GB4 0AC,offwind-float,0.502232988662655,0.39305006119056046,0.10918292747209452
new_more,1000,GB4 0AC,offwind-float,0.49707865782247035,0.3876262220689205,0.10945243575354985
new_more,1000,GB4 0AC,offwind-float,0.4909877972686133,0.3820373023934886,0.1089504948751247
new_more,1000,GB4 0AC,offwind-float,0.48407917540724144,0.37377743237073474,0.1103017430365067
new_more,1000,GB4 0AC,offwind-float,0.5264023911457948,0.40867941794121876,0.11772297320457603
new_more,1000,GB4 0AC,offwind-float,0.501383060037599,0.3893146712943604,0.1120683887432386
new_more,1000,GB4 0AC,offwind-float,0.49623745186880985,0.3839593443478063,0.11227810752100353
new_more,1000,GB4 0AC,offwind-float,0.4901500639804433,0.3760432926813629,0.11410677129908042
new_more,1000,GB4 0AC,offwind-float,0.48325997859501746,0.3681737993458545,0.11508617924916298
new_more,1000,GB4 0AC,offwind-float,0.5241777417641255,0.416428112180133,0.10774962958399248
new_more,1000,GB4 0AC,offwind-float,0.49925075377640515,0.39481316466813327,0.10443758910827189
new_more,1000,GB4 0AC,offwind-float,0.49412702910027956,0.38923519710575666,0.1048918319945229
new_more,1000,GB4 0AC,offwind-float,0.48807233577804815,0.38361209059269,0.10446024518535812
new_more,1000,GB4 0AC,offwind-float,0.4812114572126847,0.37131976774141623,0.10989168947126848
new_more,1000,GB4 0AC,offwind-float,0.5240651112071805,0.40699022160131154,0.11707488960586893
new_more,1000,GB4 0AC,offwind-float,0.49915024284822557,0.387672779664978,0.11147746318324758
new_more,1000,GB4 0AC,offwind-float,0.4940207296951368,0.382051459550742,0.11196927014439478
new_more,1000,GB4 0AC,offwind-float,0.4879673388928255,0.376182449760692,0.11178488913213352
new_more,1000,GB4 0AC,offwind-float,0.4811079362785177,0.36919997719936226,0.11190795907915546
new_more,1000,GB4 0AC,offwind-float,0.5244843319149327,0.41210334686686273,0.11238098504806998
new_more,1000,GB4 0AC,offwind-float,0.4995426496217216,0.39217471188937725,0.10736793773234438
new_more,1000,GB4 0AC,offwind-float,0.4944159292687058,0.386629881919898,0.10778604734880781
new_more,1000,GB4 0AC,offwind-float,0.4883576959621838,0.38052024665906486,0.10783744930311895
new_more,1000,GB4 0AC,offwind-float,0.4814928060619684,0.37350348382832665,0.10798932223364177
new_more,1000,GB4 0AC,offwind-float,0.5203636587087472,0.40908977338254615,0.11127388532620108
new_more,1000,GB4 0AC,offwind-float,0.4956245302747066,0.3895498341619538,0.10607469611275278
new_more,1000,GB4 0AC,offwind-float,0.4905380209071134,0.38410554212564163,0.10643247878147177
new_more,1000,GB4 0AC,offwind-float,0.48452730482688827,0.3784810746982689,0.10604623012861936
new_more,1000,GB4 0AC,offwind-float,0.47770942969047553,0.37039396661558915,0.10731546307488637
new_more,1000,GB4 0AC,offwind-float,0.5207271077548553,0.41316845243465083,0.10755865532020448
new_more,1000,GB4 0AC,offwind-float,0.4959640675318275,0.3909666684387539,0.1049973990930736
new_more,1000,GB4 0AC,offwind-float,0.4908740735517232,0.3850504291207862,0.105823644430937
new_more,1000,GB4 0AC,offwind-float,0.48485923971314165,0.37918994347203683,0.10566929624110483
new_more,1000,GB4 0AC,offwind-float,0.4780435279402885,0.3721154383050438,0.1059280896352447
new_more,1000,GB4 0AC,offwind-float,0.5204508304310738,0.3997558319579307,0.12069499847314308
new_more,1000,GB4 0AC,offwind-float,0.4956874999908975,0.38187806715202927,0.11380943283886824
new_more,1000,GB4 0AC,offwind-float,0.4906003443759301,0.3765188380241243,0.1140815063518058
new_more,1000,GB4 0AC,offwind-float,0.48458202613259305,0.3712402764118386,0.11334174972075445
new_more,1000,GB4 0AC,offwind-float,0.4777634323515824,0.3647613394247495,0.11300209292683294
new_more,1000,GB4 0AC,offwind-float,0.5049800222629817,0.37738814632200424,0.12759187594097743
new_more,1000,GB4 0AC,offwind-float,0.48096548294254415,0.36152822433256054,0.11943725860998361
new_more,1000,GB4 0AC,offwind-float,0.4760294168581631,0.3567996595295116,0.11922975732865149
new_more,1000,GB4 0AC,offwind-float,0.47019647924961977,0.35202298692828776,0.11817349232133201
new_more,1000,GB4 0AC,offwind-float,0.4635732921030373,0.345105852273314,0.11846743982972335
new_more,1000,GB4 0AC,offwind-float,0.502106532842632,0.3736890016630641,0.12841753117956783
new_more,1000,GB4 0AC,offwind-float,0.47823528709703544,0.35776211644000105,0.12047317065703439
new_more,1000,GB4 0AC,offwind-float,0.47332724054335823,0.35255389202503024,0.120773348518328
new_more,1000,GB4 0AC,offwind-float,0.46752741354792693,0.3480369150005433,0.11949049854738364
new_more,1000,GB4 0AC,offwind-float,0.4609553368797883,0.34075570666847227,0.12019963021131602
new_more,1000,NO0 0AC,offwind-float,0.4990154983037744,0.38965196442084815,0.10936353388292624
new_more,1000,NO0 0AC,offwind-float,0.4752847575918114,0.3735272593437134,0.10175749824809799
new_more,1000,NO0 0AC,offwind-float,0.47040016278925745,0.3681141179938585,0.10228604479539893
new_more,1000,NO0 0AC,offwind-float,0.4646362021947467,0.36260052231940654,0.10203567987534018
new_more,1000,NO0 0AC,offwind-float,0.45810476755555934,0.3559448537886936,0.10215991376686573
new_more,1000,NO0 0AC,offwind-float,0.4960844225183165,0.3862682391398418,0.10981618337847471
new_more,1000,NO0 0AC,offwind-float,0.47249937277612347,0.3693884557761929,0.10311091699993058
new_more,1000,NO0 0AC,offwind-float,0.46764338364805613,0.3638934988294145,0.10374988481864161
new_more,1000,NO0 0AC,offwind-float,0.4619132027321992,0.35856853549589895,0.10334466723630026
new_more,1000,NO0 0AC,offwind-float,0.45542004555165183,0.35132187449713637,0.10409817105451546
new_more,1000,NO0 0AC,offwind-float,0.4952562352584407,0.38495226683629125,0.11030396842214946
new_more,1000,NO0 0AC,offwind-float,0.47171043980833105,0.36816923971119037,0.10354120009714068
new_more,1000,NO0 0AC,offwind-float,0.4668625397995895,0.3627035690394001,0.10415897076018943
new_more,1000,NO0 0AC,offwind-float,0.46113516039075897,0.35740155364222503,0.10373360674853394
new_more,1000,NO0 0AC,offwind-float,0.45464617850474176,0.3506642426511641,0.10398193585357768
new_more,1000,NO0 0AC,offwind-float,0.4953738619709942,0.3849042559707402,0.11046960600025402
new_more,1000,NO0 0AC,offwind-float,0.4718161723735491,0.3679646768505868,0.1038514955229623
new_more,1000,NO0 0AC,offwind-float,0.46697400409097867,0.36251663541129053,0.10445736867968813
new_more,1000,NO0 0AC,offwind-float,0.4612384694077323,0.35720092544214904,0.10403754396558323
new_more,1000,NO0 0AC,offwind-float,0.4547547970167619,0.35089869943215996,0.10385609758460196
new_more,1000,NO0 0AC,offwind-float,0.4943913304397772,0.38445309854419074,0.10993823189558644
new_more,1000,NO0 0AC,offwind-float,0.4708934501084007,0.36766438487295205,0.10322906523544867
new_more,1000,NO0 0AC,offwind-float,0.4660607515658425,0.3622144217362375,0.10384632982960496
new_more,1000,NO0 0AC,offwind-float,0.46034996313680654,0.35693111144747947,0.10341885168932707
new_more,1000,NO0 0AC,offwind-float,0.45387878056175573,0.3414174102613494,0.11246137030040632
new_more,1000,NO0 0AC,offwind-float,0.4985151216971898,0.3877379588946705,0.11077716280251931
new_more,1000,NO0 0AC,offwind-float,0.47481443009179647,0.37020716397966613,0.10460726611213034
new_more,1000,NO0 0AC,offwind-float,0.46993469363846513,0.3647012730633418,0.1052334205751233
new_more,1000,NO0 0AC,offwind-float,0.46417643658331376,0.35938742336972207,0.10478901321359169
new_more,1000,NO0 0AC,offwind-float,0.45765146491241476,0.35305883835771407,0.1045926265547007
new_more,1000,NO0 0AC,offwind-float,0.4933790142793575,0.38299136852239457,0.11038764575696292
new_more,1000,NO0 0AC,offwind-float,0.46992254201230405,0.3666617010248672,0.10326084098743682
new_more,1000,NO0 0AC,offwind-float,0.46509980773265897,0.3612737816547125,0.10382602607794644
new_more,1000,NO0 0AC,offwind-float,0.4593940039954852,0.35597816507394336,0.10341583892154183
new_more,1000,NO0 0AC,offwind-float,0.45293625942767496,0.3489709681009002,0.10396529132677473
new_more,1000,NO0 0AC,offwind-float,0.5015653661838798,0.38937381984605507,0.11219154633782474
new_more,1000,NO0 0AC,offwind-float,0.4777129837122547,0.3717714607133615,0.1059415229988932
new_more,1000,NO0 0AC,offwind-float,0.4728102974684432,0.36625912582879144,0.10655117163965178
new_more,1000,NO0 0AC,offwind-float,0.4670099890835322,0.3609298883431144,0.1060801007404178
new_more,1000,NO0 0AC,offwind-float,0.4604451858995818,0.35481534393953856,0.10562984196004321
new_more,1000,NO0 0AC,offwind-float,0.5023739696041952,0.38987619907036586,0.11249777053382937
new_more,1000,NO0 0AC,offwind-float,0.47848998296832296,0.3725464313075342,0.10594355166078878
new_more,1000,NO0 0AC,offwind-float,0.47357932251469526,0.36701145480659664,0.10656786770809862
new_more,1000,NO0 0AC,offwind-float,0.46777640667987913,0.3616796542323838,0.10609675244749533
new_more,1000,NO0 0AC,offwind-float,0.4612008298919495,0.35397248728054725,0.10722834261140224
new_more,1000,NO0 0AC,offwind-float,0.49641799193033465,0.38589047840988777,0.11052751352044687
new_more,1000,NO0 0AC,offwind-float,0.47281712557936917,0.3693988646317072,0.10341826094766199
new_more,1000,NO0 0AC,offwind-float,0.46796468468608865,0.3639693733741652,0.10399531131192347
new_more,1000,NO0 0AC,offwind-float,0.46223056676793284,0.35865433080950737,0.10357623595842547
new_more,1000,NO0 0AC,offwind-float,0.45573294837139244,0.3502467822809338,0.10548616609045863
new_more,1000,NO0 0AC,offwind-float,0.5075451765208878,0.3940085660450812,0.1135366104758066
new_more,1000,NO0 0AC,offwind-float,0.4834154645613038,0.3761785140048987,0.10723695055640509
new_more,1000,NO0 0AC,offwind-float,0.4784542547366658,0.37056860919522167,0.10788564554144414
new_more,1000,NO0 0AC,offwind-float,0.47259160482977436,0.36515113960708734,0.10744046522268702
new_more,1000,NO0 0AC,offwind-float,0.4659483403501792,0.3515819614606034,0.11436637888957579
new_more,1000,NO0 0AC,offwind-float,0.5047237887422673,0.39406355924539266,0.11066022949687465
new_more,1000,NO0 0AC,offwind-float,0.48072154505178344,0.37723865888200664,0.1034828861697768
new_more,1000,NO0 0AC,offwind-float,0.4757743615548986,0.37167854475523326,0.10409581679966534
new_more,1000,NO0 0AC,offwind-float,0.4699445492189078,0.36618907003908346,0.10375547917982436
new_more,1000,NO0 0AC,offwind-float,0.46333166709268797,0.35860650805620875,0.10472515903647922
new_more,1000,NO0 0AC,offwind-float,0.48689478880090087,0.37850525737597823,0.10838953142492264
new_more,1000,NO0 0AC,offwind-float,0.4637395902720087,0.3611665654666056,0.10257302480540309
new_more,1000,NO0 0AC,offwind-float,0.45898031056336497,0.3558250626655469,0.10315524789781805
new_more,1000,NO0 0AC,offwind-float,0.45334944393738197,0.35063928094295616,0.10271016299442581
new_more,1000,NO0 0AC,offwind-float,0.4469698944900821,0.3442446605624544,0.10272523392762772
new_more,1000,NO0 0AC,offwind-float,0.48994274015123607,0.3808723760574091,0.10907036409382698
new_more,1000,NO0 0AC,offwind-float,0.4666495593689099,0.36399022134453174,0.10265933802437816
new_more,1000,NO0 0AC,offwind-float,0.4618536286154581,0.35858695734401674,0.10326667127144135
new_more,1000,NO0 0AC,offwind-float,0.45618072011322197,0.3533216747450581,0.10285904536816387
new_more,1000,NO0 0AC,offwind-float,0.44976814497808837,0.34726479594304865,0.10250334903503971
new_more,1000,NO0 0AC,offwind-float,0.46526125933526513,0.3585798520322498,0.10668140730301534
new_more,1000,NO0 0AC,offwind-float,0.4431146799531704,0.34353120012501015,0.09958347982816024
new_more,1000,NO0 0AC,offwind-float,0.43855347129394234,0.33845073254049934,0.100102738753443
new_more,1000,NO0 0AC,offwind-float,0.43317292089864695,0.33353394982849865,0.0996389710701483
new_more,1000,NO0 0AC,offwind-float,0.4270769610782813,0.32742365095302944,0.09965331012525186
new_more,1000,NO0 0AC,offwind-float,0.5119626983353529,0.39913556212788504,0.11282713620746787
new_more,1000,NO0 0AC,offwind-float,0.48758944674353155,0.3814849996843988,0.10610444705913274
new_more,1000,NO0 0AC,offwind-float,0.4825854000571701,0.3758049032701952,0.10678049678697488
new_more,1000,NO0 0AC,offwind-float,0.47667212993217256,0.3702845584584212,0.10638757147375139
new_more,1000,NO0 0AC,offwind-float,0.46996466847360363,0.35996261999147006,0.11000204848213357
new_more,1000,NO0 0AC,offwind-float,0.5062578390962422,0.3902535963835839,0.1160042427126583
new_more,1000,NO0 0AC,offwind-float,0.48219595656014913,0.3739993633327321,0.10819659322741704
new_more,1000,NO0 0AC,offwind-float,0.47724046182370733,0.3685130960221891,0.1087273658015182
new_more,1000,NO0 0AC,offwind-float,0.4713926849017203,0.36316665983243246,0.10822602506928786
new_more,1000,NO0 0AC,offwind-float,0.4647662737519147,0.35659757254544194,0.10816870120647276
new_more,1000,NO0 0AC,offwind-float,0.5150312393472571,0.4037086490674642,0.11132259027979297
new_more,1000,NO0 0AC,offwind-float,0.49055236667297886,0.38558101819796226,0.1049713484750166
new_more,1000,NO0 0AC,offwind-float,0.4855179120486403,0.3798175942411712,0.10570031780746914
new_more,1000,NO0 0AC,offwind-float,0.47956870893530873,0.37420002542254743,0.1053686835127613
new_more,1000,NO0 0AC,offwind-float,0.4728273666494195,0.36671531283960945,0.10611205380981004
new_more,1000,NO0 0AC,offwind-float,0.4853126061032527,0.37744802650325104,0.10786457960000168
new_more,1000,NO0 0AC,offwind-float,0.4622327024465143,0.3609980090082627,0.10123469343825164
new_more,1000,NO0 0AC,offwind-float,0.457488887668624,0.35569590752452257,0.10179298014410143
new_more,1000,NO0 0AC,offwind-float,0.45187630162758735,0.35050753045873384,0.10136877116885351
new_more,1000,NO0 0AC,offwind-float,0.4455174066279634,0.34233446764204145,0.10318293898592196
new_more,1000,NO0 0AC,offwind-float,0.5131968874211909,0.4021871764839199,0.11100971093727097
new_more,1000,NO0 0AC,offwind-float,0.48880519949185147,0.38387289051232104,0.10493230897953043
new_more,1000,NO0 0AC,offwind-float,0.4837886757439945,0.37813530125575145,0.10565337448824302
new_more,1000,NO0 0AC,offwind-float,0.4778606615049598,0.3725475953986107,0.1053130661063491
new_more,1000,NO0 0AC,offwind-float,0.4711433294018743,0.3579707236714037,0.11317260573047061
new_more,1000,NO0 0AC,offwind-float,0.46286069518029266,0.35651390892445817,0.10634678625583449
new_more,1000,NO0 0AC,offwind-float,0.44084132561073525,0.3423254069517899,0.09851591865894532
new_more,1000,NO0 0AC,offwind-float,0.4363102362332718,0.33739501349501316,0.09891522273825865
new_more,1000,NO0 0AC,offwind-float,0.43096399019092735,0.3324644563004958,0.09849953389043153
new_more,1000,NO0 0AC,offwind-float,0.42489228450919936,0.31851916961118293,0.10637311489801643
new_more,1000,NO0 0AC,offwind-float,0.5306382794955059,0.41951421938696065,0.11112406010854525
new_more,1000,NO0 0AC,offwind-float,0.5054176212373174,0.40015223288042834,0.10526538835688903
new_more,1000,NO0 0AC,offwind-float,0.500230607060385,0.3941192517036768,0.10611135535670824
new_more,1000,NO0 0AC,offwind-float,0.49410112468485284,0.3882193231330785,0.10588180155177435
new_more,1000,NO0 0AC,offwind-float,0.4871554988688183,0.3729183703208276,0.11423712854799073
new_more,1000,NO0 0AC,offwind-float,0.5269022563069801,0.4131247355032462,0.11377752080373388
new_more,1000,NO0 0AC,offwind-float,0.501845893796467,0.39442702329726953,0.10741887049919752
new_more,1000,NO0 0AC,offwind-float,0.4966955356443613,0.38850415148429074,0.10819138416007057
new_more,1000,NO0 0AC,offwind-float,0.4905957339008792,0.3827061129290703,0.10788962097180888
new_more,1000,NO0 0AC,offwind-float,0.48369938369161436,0.37062417694383715,0.11307520674777721
new_more,1000,NO0 0AC,offwind-float,0.445291811706349,0.339190548099489,0.10610126360686001
new_more,1000,NO0 0AC,offwind-float,0.42411407690153596,0.31652938677561226,0.1075846901259237
new_more,1000,NO0 0AC,offwind-float,0.4197614670258865,0.31227694069526735,0.10748452633061917
new_more,1000,NO0 0AC,offwind-float,0.41461799823819573,0.3073196211662669,0.10729837707192885
new_more,1000,NO0 0AC,offwind-float,0.4087896741796488,0.30227368271399563,0.10651599146565316
new_more,1000,DK2 0AC,offwind-ac,0.5053214566924411,0.3926440393482071,0.11267741734423403
new_more,1000,DK2 0AC,offwind-ac,0.4812972970867806,0.3687406207382057,0.11255667634857491
new_more,1000,DK2 0AC,offwind-ac,0.4763578256508686,0.3632995341336489,0.11305829151721969
new_more,1000,DK2 0AC,offwind-ac,0.47051409561699337,0.35758563891313333,0.11292845670386004
new_more,1000,DK2 0AC,offwind-ac,0.46390003487910303,0.3501431569107191,0.11375687796838391
new_more,1000,DK2 0AC,offwind-ac,0.5008515831284096,0.39809822851350035,0.10275335461490925
new_more,1000,DK2 0AC,offwind-ac,0.47703324246112466,0.3718302100449531,0.10520303241617157
new_more,1000,DK2 0AC,offwind-ac,0.4721375322849415,0.3666581391245121,0.10547939316042937
new_more,1000,DK2 0AC,offwind-ac,0.46634547276456234,0.359974317393342,0.10637115537122033
new_more,1000,DK2 0AC,offwind-ac,0.45979001074878506,0.3534397467377782,0.10635026401100683
new_more,1000,DE2 0AC,offwind-dc,0.5205236761015246,0.5021130150090074,0.01841066109251721
new_more,1000,DE2 0AC,offwind-dc,0.4957769356832033,0.4629965781788739,0.032780357504329394
new_more,1000,DE2 0AC,offwind-dc,0.4906888622050978,0.4512853335439055,0.03940352866119229
new_more,1000,DE2 0AC,offwind-dc,0.48467629781918237,0.43943716333715416,0.04523913448202821
new_more,1000,DE2 0AC,offwind-dc,0.4778631576776776,0.42604373682710905,0.051819420850568565
new_more,1000,DE2 0AC,offwind-dc,0.5193718766050656,0.5011621029750406,0.01820977363002496
new_more,1000,DE2 0AC,offwind-dc,0.49467992115799764,0.45370952582943375,0.04097039532856389
new_more,1000,DE2 0AC,offwind-dc,0.48960310615141234,0.44328071224122956,0.04632239391018278
new_more,1000,DE2 0AC,offwind-dc,0.48360384587464433,0.43260756984084,0.050996276033804355
new_more,1000,DE2 0AC,offwind-dc,0.47680578129063245,0.41880868232148233,0.05799709896915012
new_more,1000,DE2 0AC,offwind-dc,0.5218939603944531,0.50353927083782,0.018354689556633108
new_more,1000,DE2 0AC,offwind-dc,0.49707565240708107,0.46220845551009887,0.0348671968969822
new_more,1000,DE2 0AC,offwind-dc,0.4919742504224583,0.4506733520773893,0.041300898345069004
new_more,1000,DE2 0AC,offwind-dc,0.4859459357719392,0.43911603181138015,0.04682990396055903
new_more,1000,DE2 0AC,offwind-dc,0.4791081897127229,0.4255455306238881,0.053562659088834785
new_more,1000,DE2 0AC,offwind-dc,0.5206055309021607,0.502204168793494,0.018401362108666608
new_more,1000,DE2 0AC,offwind-dc,0.4958550460205942,0.4513283523696475,0.04452669365094669
new_more,1000,DE2 0AC,offwind-dc,0.4907661709095214,0.44123745184667673,0.04952871906284467
new_more,1000,DE2 0AC,offwind-dc,0.48475265923582594,0.4309183974742491,0.05383426176157685
new_more,1000,DE2 0AC,offwind-dc,0.47793844567473104,0.4186640897101075,0.05927435596462355
new_more,1000,DE2 0AC,offwind-dc,0.5202398539594791,0.5016600762704493,0.018579777689029853
new_more,1000,DE2 0AC,offwind-dc,0.4955068217559002,0.4485558853704311,0.0469509363854691
new_more,1000,DE2 0AC,offwind-dc,0.49042152041060416,0.4387439060343852,0.05167761437621898
new_more,1000,DE2 0AC,offwind-dc,0.4844122318474681,0.4287272926705581,0.05568493917691003
new_more,1000,DE2 0AC,offwind-dc,0.4776028037060757,0.4159853014263146,0.061617502279761094
new_more,1000,DE2 0AC,offwind-dc,0.5208946868881656,0.501846350103706,0.019048336784459607
new_more,1000,DE2 0AC,offwind-dc,0.4961170123849791,0.4473186654376125,0.048798346947366567
new_more,1000,DE2 0AC,offwind-dc,0.491018636299822,0.4375831636285974,0.053435472671224615
new_more,1000,DE2 0AC,offwind-dc,0.4849952451267712,0.4276841547697631,0.0573110903570081
new_more,1000,DE2 0AC,offwind-dc,0.47817762151307264,0.41463070307511735,0.06354691843795529
new_more,1000,DK2 0AC,offwind-dc,0.5135150698145002,0.4176113566615618,0.09590371315293844
new_more,1000,DK2 0AC,offwind-dc,0.4891082590232877,0.3913220729635835,0.09778618605970418
new_more,1000,DK2 0AC,offwind-dc,0.4840886250275485,0.38531538885220395,0.09877323617534456
new_more,1000,DK2 0AC,offwind-dc,0.4781569354159534,0.37949656949620625,0.09866036591974714
new_more,1000,DK2 0AC,offwind-dc,0.4714354385627348,0.36771540902000316,0.10372002954273163
new_more,1000,DK2 0AC,offwind-dc,0.533844694374679,0.4437478597309904,0.09009683464368856
new_more,1000,DK2 0AC,offwind-dc,0.5084650587660012,0.4163341806370793,0.09213087812892196
new_more,1000,DK2 0AC,offwind-dc,0.5032467692614976,0.4089878619437834,0.09425890731771419
new_more,1000,DK2 0AC,offwind-dc,0.49708032890540077,0.40314509588054653,0.09393523302485424
new_more,1000,DK2 0AC,offwind-dc,0.49009282413643196,0.3899015644712028,0.10019125966522918
new_more,1000,DK2 0AC,offwind-dc,0.526012909821742,0.42567288500986056,0.10034002481188142
new_more,1000,DK2 0AC,offwind-dc,0.5010054463621287,0.40109446654376085,0.09991097981836788
new_more,1000,DK2 0AC,offwind-dc,0.49586371357758774,0.3943250573351509,0.10153865624243685
new_more,1000,DK2 0AC,offwind-dc,0.48978774011626597,0.3890176120265413,0.10077012808972469
new_more,1000,DK2 0AC,offwind-dc,0.4828959360772235,0.37517858919170344,0.10771734688552004
new_more,1000,DK2 0AC,offwind-dc,0.5299309797696771,0.4292605843025647,0.10067039546711237
new_more,1000,DK2 0AC,offwind-dc,0.5047236598572378,0.4036192998097996,0.10110436004743817
new_more,1000,DK2 0AC,offwind-dc,0.49954376768667297,0.39623445647829514,0.10330931120837783
new_more,1000,DK2 0AC,offwind-dc,0.49342270136920785,0.39085102164479385,0.102571679724414
new_more,1000,DK2 0AC,offwind-dc,0.4864866122133021,0.37759888904641925,0.10888772316688283
new_more,1000,DK2 0AC,offwind-dc,0.5392811193151534,0.4499385330875681,0.08934258622758534
new_more,1000,DK2 0AC,offwind-dc,0.513649676313582,0.42102759256032135,0.0926220837532607
new_more,1000,DK2 0AC,offwind-dc,0.5083781779703057,0.41356604617251574,0.09481213179778997
new_more,1000,DK2 0AC,offwind-dc,0.5021488608553735,0.4075980444906069,0.09455081636476659
new_more,1000,DK2 0AC,offwind-dc,0.4950901072577694,0.394487007239,0.10060310001876943
new_more,1000,GB1 0AC,offwind-dc,0.5109465126689409,0.3832210772038138,0.12772543546512705
new_more,1000,GB1 0AC,offwind-dc,0.486648411231171,0.36359174211406686,0.12305666911710411
new_more,1000,GB1 0AC,offwind-dc,0.4816472127307782,0.3577737450346467,0.1238734676961315
new_more,1000,GB1 0AC,offwind-dc,0.4757386293595312,0.35327026441967124,0.12246836493985996
new_more,1000,GB1 0AC,offwind-dc,0.4690511268611874,0.3431339097854424,0.125917217075745
new_more,1000,GB1 0AC,offwind-dc,0.509995013269424,0.39160120707754265,0.11839380619188133
new_more,1000,GB1 0AC,offwind-dc,0.48574895498448,0.3720825762514208,0.11366637873305918
new_more,1000,GB1 0AC,offwind-dc,0.48076379694870286,0.36644159874084953,0.11432219820785333
new_more,1000,GB1 0AC,offwind-dc,0.47487284749739245,0.3618408586080997,0.11303198888929272
new_more,1000,GB1 0AC,offwind-dc,0.4681975153758243,0.34966273731973757,0.11853477805608675
new_more,1000,GB1 0AC,offwind-dc,0.5125957114709053,0.3863478869043406,0.12624782456656475
new_more,1000,GB1 0AC,offwind-dc,0.48821254798768354,0.36578381959905026,0.12242872838863328
new_more,1000,GB1 0AC,offwind-dc,0.48320210652035034,0.3600871981337814,0.12311490838656891
new_more,1000,GB1 0AC,offwind-dc,0.4772676630476408,0.35535956664288004,0.12190809640476075
new_more,1000,GB1 0AC,offwind-dc,0.4705518227112857,0.3432986028743591,0.1272532198369266
new_more,1000,GB1 0AC,offwind-dc,0.5147133488669672,0.3845644288109818,0.13014892005598538
new_more,1000,GB1 0AC,offwind-dc,0.4902296151837015,0.3631165176471192,0.1271130975365823
new_more,1000,GB1 0AC,offwind-dc,0.4851984729024237,0.35774852690600045,0.12744994599642323
new_more,1000,GB1 0AC,offwind-dc,0.4792531839770471,0.35323179113020514,0.12602139284684194
new_more,1000,GB1 0AC,offwind-dc,0.4725162770550665,0.34372580019992527,0.12879047685514122
new_more,1000,GB1 0AC,offwind-dc,0.5111521780472399,0.3822396756270501,0.1289125024201898
new_more,1000,GB1 0AC,offwind-dc,0.48685111635531964,0.3626933735544828,0.12415774280083686
new_more,1000,GB1 0AC,offwind-dc,0.48184783410604026,0.3560474361124472,0.12580039799359305
new_more,1000,GB1 0AC,offwind-dc,0.4759436016077581,0.3519861206848927,0.1239574809228654
new_more,1000,GB1 0AC,offwind-dc,0.46925321779531126,0.3404251638224126,0.12882805397289865
new_more,1000,GB1 0AC,offwind-dc,0.5141484302880328,0.38261562503179786,0.13153280525623495
new_more,1000,GB1 0AC,offwind-dc,0.4897049597852137,0.36151925636430915,0.12818570342090457
new_more,1000,GB1 0AC,offwind-dc,0.4846792019521143,0.35594158086661865,0.12873762108549563
new_more,1000,GB1 0AC,offwind-dc,0.4787402758164052,0.35222482945220845,0.12651544636419676
new_more,1000,GB1 0AC,offwind-dc,0.47200374445077353,0.34289683463509735,0.12910690981567619
new_more,1000,GB1 0AC,offwind-dc,0.5196907428799776,0.3853031686315779,0.13438757424839975
new_more,1000,GB1 0AC,offwind-dc,0.49498369236402445,0.3637893981223492,0.13119429424167528
new_more,1000,GB1 0AC,offwind-dc,0.48990375980576295,0.3594288430429176,0.13047491676284534
new_more,1000,GB1 0AC,offwind-dc,0.48390081552555836,0.35463671799627694,0.12926409752928142
new_more,1000,GB1 0AC,offwind-dc,0.4770849541893892,0.3421433046872453,0.13494164950214388
new_more,1000,NL2 0AC,offwind-dc,0.5167594195684552,0.44715397386308914,0.06960544570536603
new_more,1000,NL2 0AC,offwind-dc,0.4921849227015646,0.41313284565360436,0.07905207704796025
new_more,1000,NL2 0AC,offwind-dc,0.48713371343530404,0.40527379585616796,0.08185991757913608
new_more,1000,NL2 0AC,offwind-dc,0.48116471140127043,0.3982780755260528,0.0828866358752176
new_more,1000,NL2 0AC,offwind-dc,0.47440093395914246,0.38850529363742314,0.08589564032171931
new_more,1000,NL2 0AC,offwind-dc,0.5211289373893941,0.45039723498560685,0.07073170240378729
new_more,1000,NL2 0AC,offwind-dc,0.49634701077149784,0.4158054216564206,0.08054158911507725
new_more,1000,NL2 0AC,offwind-dc,0.4912530867107441,0.40805805710647763,0.08319502960426645
new_more,1000,NL2 0AC,offwind-dc,0.48522682686764923,0.4008910744016655,0.08433575246598374
new_more,1000,NL2 0AC,offwind-dc,0.47840594788771573,0.3883495618971794,0.09005638599053634
new_more,1000,NL2 0AC,offwind-dc,0.5157147814102371,0.4458817184108345,0.06983306299940256
new_more,1000,NL2 0AC,offwind-dc,0.49119007245636825,0.4113519304037524,0.07983814205261586
new_more,1000,NL2 0AC,offwind-dc,0.48614907316718187,0.40473122101521825,0.08141785215196362
new_more,1000,NL2 0AC,offwind-dc,0.4801921362388906,0.39762575549354656,0.08256638074534406
new_more,1000,NL2 0AC,offwind-dc,0.4734351964015081,0.38835447095989345,0.08508072544161466
new_more,1000,NL2 0AC,offwind-dc,0.5196404608752286,0.44458987233605374,0.0750505885391749
new_more,1000,NL2 0AC,offwind-dc,0.49494251693247027,0.41135706204150796,0.08358545489096231
new_more,1000,NL2 0AC,offwind-dc,0.4898630069505858,0.40474272176473675,0.08512028518584908
new_more,1000,NL2 0AC,offwind-dc,0.48385371755550494,0.39764218122564127,0.08621153632986367
new_more,1000,NL2 0AC,offwind-dc,0.4770521405018577,0.3863355657157456,0.09071657478611206
new_more,1000,NL2 0AC,offwind-dc,0.5065500064009643,0.4787730854763738,0.027776920924590442
new_more,1000,NL2 0AC,offwind-dc,0.4824538506248189,0.42257542972389145,0.05987842090092743
new_more,1000,NL2 0AC,offwind-dc,0.47749566388363324,0.4143819419994623,0.06311372188417091
new_more,1000,NL2 0AC,offwind-dc,0.47164475989083837,0.4058465120975935,0.06579824779324489
new_more,1000,NL2 0AC,offwind-dc,0.46500796856806725,0.39219404736637953,0.07281392120168773
new_more,1000,NL2 0AC,offwind-dc,0.5158535226821431,0.44429132738730975,0.07156219529483338
new_more,1000,NL2 0AC,offwind-dc,0.4913355677784406,0.410704077591955,0.08063149018648563
new_more,1000,NL2 0AC,offwind-dc,0.4862862593779149,0.4037888288347256,0.08249743054318931
new_more,1000,NL2 0AC,offwind-dc,0.4803276414639961,0.3967082112839858,0.08361943018001028
new_more,1000,NL2 0AC,offwind-dc,0.4735756307924252,0.3879109276788833,0.0856647031135419
new_more,1000,NL2 0AC,offwind-dc,0.5182206870011781,0.4412925712981157,0.07692811570306235
new_more,1000,NL2 0AC,offwind-dc,0.4935700162533555,0.4096356443000625,0.08393437195329301
new_more,1000,NL2 0AC,offwind-dc,0.48850459201003904,0.402340192514057,0.08616439949598204
new_more,1000,NL2 0AC,offwind-dc,0.48251879217126464,0.39598376383250883,0.08653502833875582
new_more,1000,NL2 0AC,offwind-dc,0.4757291764041371,0.3879140685801508,0.08781510782398627
new_more,1000,NL2 0AC,offwind-dc,0.5106146200343427,0.44504111338911795,0.06557350664522471
new_more,1000,NL2 0AC,offwind-dc,0.48633214017557896,0.4103765938214696,0.07595554635410934
new_more,1000,NL2 0AC,offwind-dc,0.48134099701042193,0.4033292903337488,0.07801170667667312
new_more,1000,NL2 0AC,offwind-dc,0.47543616590723903,0.395975040726261,0.07946112518097803
new_more,1000,NL2 0AC,offwind-dc,0.4687461574418756,0.38747569032870516,0.08127046711317043
new_more,1000,NL2 0AC,offwind-dc,0.5142906875154039,0.443007682159241,0.07128300535616283
new_more,1000,NL2 0AC,offwind-dc,0.48984040912623406,0.40971841322876607,0.08012199589746799
new_more,1000,NL2 0AC,offwind-dc,0.48481326119982837,0.40286661357820824,0.08194664762162013
new_more,1000,NL2 0AC,offwind-dc,0.47887269239414965,0.39574660976187026,0.08312608263227939
new_more,1000,NL2 0AC,offwind-dc,0.4721343535632593,0.38735879893479896,0.08477555462846031
new_more,1000,NL2 0AC,offwind-dc,0.5105079173950174,0.4831358842103983,0.027372033184619116
new_more,1000,NL2 0AC,offwind-dc,0.48623746914358235,0.43258271264517406,0.053654756498408285
new_more,1000,NL2 0AC,offwind-dc,0.4812404711878718,0.423846710893318,0.057393760294553786
new_more,1000,NL2 0AC,offwind-dc,0.4753436808977429,0.41463988051246986,0.060703800385273066
new_more,1000,NL2 0AC,offwind-dc,0.4686549227664896,0.40318836784014056,0.06546655492634906
new_more,1000,NL2 0AC,offwind-dc,0.5141670450035606,0.4540399962303314,0.060127048773229164
new_more,1000,NL2 0AC,offwind-dc,0.4897226410376092,0.4171919344467466,0.07253070659086258
new_more,1000,NL2 0AC,offwind-dc,0.4846898974178578,0.4096679697140005,0.0750219277038573
new_more,1000,NL2 0AC,offwind-dc,0.47875084022725556,0.40235298057006336,0.0763978596571922
new_more,1000,NL2 0AC,offwind-dc,0.4720209947984447,0.38879363528399774,0.08322735951444699
new_more,1000,NL2 0AC,offwind-dc,0.5164340391605895,0.44352023191335416,0.07291380724723534
new_more,1000,NL2 0AC,offwind-dc,0.49188849294227227,0.41054094865575136,0.08134754428652091
new_more,1000,NL2 0AC,offwind-dc,0.48684032588368176,0.4035298655184239,0.08331046036525785
new_more,1000,NL2 0AC,offwind-dc,0.4808749188192512,0.3968510253822889,0.08402389343696232
new_more,1000,NL2 0AC,offwind-dc,0.47411521501860754,0.3842013561529095,0.08991385886569803
new_more,1000,NL2 0AC,offwind-dc,0.5136583895357538,0.4860312004147607,0.0276271891209931
new_more,1000,NL2 0AC,offwind-dc,0.4892382034978309,0.4309413799963342,0.05829682350149673
new_more,1000,NL2 0AC,offwind-dc,0.48421723590428395,0.42260175889484386,0.06161547700944009
new_more,1000,NL2 0AC,offwind-dc,0.47828397038331605,0.41384661256675725,0.0644373578165588
new_more,1000,NL2 0AC,offwind-dc,0.47156068778765575,0.40263204652673945,0.0689286412609163
new_more,1000,NL2 0AC,offwind-dc,0.5206190429584182,0.4637584871859506,0.056860555772467625
new_more,1000,NL2 0AC,offwind-dc,0.4958543724467899,0.425903623850168,0.06995074859662193
new_more,1000,NL2 0AC,offwind-dc,0.4907655042484893,0.4165577224538729,0.0742077817946164
new_more,1000,NL2 0AC,offwind-dc,0.4847520007436005,0.40896897438441976,0.07578302635918072
new_more,1000,NL2 0AC,offwind-dc,0.4779377964389925,0.3966812806627799,0.08125651577621257
new_more,1000,NL2 0AC,offwind-dc,0.5205431368551061,0.4571696674688978,0.0633734693862083
new_more,1000,NL2 0AC,offwind-dc,0.495795645143017,0.4208445495587896,0.07495109558422741
new_more,1000,NL2 0AC,offwind-dc,0.4907005807312821,0.41262658560564797,0.07807399512563412
new_more,1000,NL2 0AC,offwind-dc,0.4846810605183073,0.404905071711215,0.0797759888070923
new_more,1000,NL2 0AC,offwind-dc,0.4778678534270947,0.39400993954703406,0.08385791388006064
new_more,1000,GB1 0AC,offwind-float,0.5104347153725757,0.3864037717180947,0.12403094365448097
new_more,1000,GB1 0AC,offwind-float,0.4861610760731886,0.3701352395644842,0.1160258365087044
new_more,1000,GB1 0AC,offwind-float,0.4811648844028691,0.3652438819353274,0.11592100246754167
new_more,1000,GB1 0AC,offwind-float,0.475269020301302,0.36087088303507386,0.11439813726622816
new_more,1000,GB1 0AC,offwind-float,0.4685813461693376,0.3538063814353668,0.11477496473397081
new_more,1000,GB1 0AC,offwind-float,0.4617185121775749,0.3392845218803879,0.12243399029718705
new_more,1000,GB1 0AC,offwind-float,0.5157935605606008,0.39642719384073494,0.11936636671986584
new_more,1000,GB1 0AC,offwind-float,0.4912784555910894,0.37858642831468386,0.11269202727640554
new_more,1000,GB1 0AC,offwind-float,0.4862365492409824,0.37314763231724835,0.11308891692373407
new_more,1000,GB1 0AC,offwind-float,0.4802785404409482,0.3685825235616052,0.111696016879343
new_more,1000,GB1 0AC,offwind-float,0.4735272199870599,0.3629770964428494,0.11055012354421045
new_more,1000,GB1 0AC,offwind-float,0.4665919488160695,0.34685865097080903,0.11973329784526049
new_more,1000,GB1 0AC,offwind-float,0.5144384957433409,0.38193828883229075,0.13250020691105013
new_more,1000,GB1 0AC,offwind-float,0.48998121460470284,0.3662036932410063,0.12377752136369652
new_more,1000,GB1 0AC,offwind-float,0.4849526216158729,0.36175042665451324,0.12320219496135965
new_more,1000,GB1 0AC,offwind-float,0.47901034518334773,0.35722051713110514,0.12178982805224259
new_more,1000,GB1 0AC,offwind-float,0.4722768518690488,0.35153049725760466,0.12074635461144412
new_more,1000,GB1 0AC,offwind-float,0.46535989356708873,0.3368584081869822,0.12850148538010653
new_more,1000,GB1 0AC,offwind-float,0.5122045749552075,0.3822275022951757,0.12997707266003183
new_more,1000,GB1 0AC,offwind-float,0.4878532317811562,0.3667346178131749,0.12111861396798129
new_more,1000,GB1 0AC,offwind-float,0.48284647791429225,0.36155945532534445,0.1212870225889478
new_more,1000,GB1 0AC,offwind-float,0.4769300087205026,0.3568799985676188,0.1200500101528838
new_more,1000,GB1 0AC,offwind-float,0.4702257588908275,0.35221436001980927,0.11801139887101825
new_more,1000,GB1 0AC,offwind-float,0.4633320624449618,0.33887622716558596,0.12445583527937581
new_more,1000,GB1 0AC,offwind-float,0.5105722965259943,0.38437067644343087,0.12620162008256347
new_more,1000,GB1 0AC,offwind-float,0.48629870519508167,0.3675635820541123,0.11873512314096935
new_more,1000,GB1 0AC,offwind-float,0.4813079051673828,0.36273608269541835,0.11857182247196446
new_more,1000,GB1 0AC,offwind-float,0.47541028858757267,0.35860602966584126,0.11680425892173141
new_more,1000,GB1 0AC,offwind-float,0.46872064069350594,0.352720040146822,0.11600060054668393
new_more,1000,GB1 0AC,offwind-float,0.4618489822140334,0.33755179555820475,0.12429718665582867
new_more,1000,GB1 0AC,offwind-float,0.5141439868477118,0.3779458307556259,0.1361981560920859
new_more,1000,GB1 0AC,offwind-float,0.48970728431634347,0.3638874018365052,0.12581988247983827
new_more,1000,GB1 0AC,offwind-float,0.4846815026269806,0.35961026409236374,0.12507123853461688
new_more,1000,GB1 0AC,offwind-float,0.47873572723052554,0.35531043315846306,0.12342529407206249
new_more,1000,GB1 0AC,offwind-float,0.4719993028908404,0.3494878980846358,0.1225114048062046
new_more,1000,GB1 0AC,offwind-float,0.4650864095662373,0.33829946858200066,0.12678694098423665
new_more,1000,GB1 0AC,offwind-float,0.5047303788224523,0.3658016111323086,0.13892876769014373
new_more,1000,GB1 0AC,offwind-float,0.48072770272858556,0.3530332016732903,0.12769450105529528
new_more,1000,GB1 0AC,offwind-float,0.47579407694167136,0.34878305115024855,0.12701102579142282
new_more,1000,GB1 0AC,offwind-float,0.4699572527752609,0.3446339738312048,0.1253232789440561
new_more,1000,GB1 0AC,offwind-float,0.4633373395979234,0.3390809159800106,0.12425642361791278
new_more,1000,GB1 0AC,offwind-float,0.45655130923235177,0.3266444328465458,0.12990687638580595
new_more,1000,GB1 0AC,offwind-float,0.5186128231128614,0.3856861314682008,0.1329266916446606
new_more,1000,GB1 0AC,offwind-float,0.4939435280434319,0.3704605526405793,0.12348297540285258
new_more,1000,GB1 0AC,offwind-float,0.48887427051281207,0.365678702355478,0.12319556815733407
new_more,1000,GB1 0AC,offwind-float,0.4828839408875044,0.3615843082264949,0.12129963266100952
new_more,1000,GB1 0AC,offwind-float,0.476095996075365,0.35569595950357946,0.12040003657178555
new_more,1000,GB1 0AC,offwind-float,0.4691231026558575,0.34802933161924543,0.12109377103661206
new_more,1000,GB1 0AC,offwind-float,0.5114364205054804,0.3884444182903675,0.12299200221511292
new_more,1000,GB1 0AC,offwind-float,0.4871149957536039,0.37189553275761783,0.11521946299598607
new_more,1000,GB1 0AC,offwind-float,0.48211581827620476,0.3672033461432455,0.11491247213295924
new_more,1000,GB1 0AC,offwind-float,0.47620148998444695,0.36230794109514936,0.11389354888929759
new_more,1000,GB1 0AC,offwind-float,0.46950067195981676,0.3562872191664805,0.11321345279333628
new_more,1000,GB1 0AC,offwind-float,0.46261760197091595,0.34604289146179323,0.11657471050912271
new_more,1000,GB1 0AC,offwind-float,0.5111902492724519,0.38274023481867536,0.12845001445377657
new_more,1000,GB1 0AC,offwind-float,0.4868872870292791,0.3666333533099056,0.12025393371937348
new_more,1000,GB1 0AC,offwind-float,0.48188363063648354,0.3612211191779754,0.12066251145850815
new_more,1000,GB1 0AC,offwind-float,0.47597895951209696,0.35650728043489366,0.1194716790772033
new_more,1000,GB1 0AC,offwind-float,0.46928129717881817,0.3511746381127289,0.11810665906608925
new_more,1000,GB1 0AC,offwind-float,0.4624082117171245,0.3407579110729063,0.12165030064421817
new_more,1000,GB1 0AC,offwind-float,0.5152718032453143,0.38582928543497225,0.12944251781034205
new_more,1000,GB1 0AC,offwind-float,0.49076797817780066,0.3695192678783772,0.12124871029942347
new_more,1000,GB1 0AC,offwind-float,0.48572453106490426,0.3640223590142268,0.12170217205067746
new_more,1000,GB1 0AC,offwind-float,0.4797727961840225,0.3595049724405173,0.1202678237435052
new_more,1000,GB1 0AC,offwind-float,0.47301494588571247,0.35302097092434914,0.11999397496136333
new_more,1000,GB1 0AC,offwind-float,0.4660871774720225,0.34650130841007437,0.11958586906194812
new_more,1000,GB1 0AC,offwind-float,0.5095848399121068,0.3827505887483461,0.12683425116376068
new_more,1000,GB1 0AC,offwind-float,0.4853381800168225,0.36721417729404937,0.11812400272277312
new_more,1000,GB1 0AC,offwind-float,0.4803572376939356,0.36215119413257374,0.11820604356136188
new_more,1000,GB1 0AC,offwind-float,0.47447126994056915,0.3578152189078963,0.11665605103267285
new_more,1000,GB1 0AC,offwind-float,0.4677947370525718,0.35264042229541404,0.11515431475715776
new_more,1000,GB1 0AC,offwind-float,0.46093663766910026,0.33921415097024954,0.12172248669885072
new_more,1000,GB1 0AC,offwind-float,0.5130917033417747,0.3771911597528355,0.13590054358893916
new_more,1000,GB1 0AC,offwind-float,0.48869180317724836,0.3631015415405435,0.12559026163670484
new_more,1000,GB1 0AC,offwind-float,0.4836764431962778,0.3588933882564627,0.12478305493981506
new_more,1000,GB1 0AC,offwind-float,0.47774303104768134,0.3542237338187606,0.12351929722892074
new_more,1000,GB1 0AC,offwind-float,0.4710205146781983,0.34824634072488514,0.12277417395331314
new_more,1000,GB1 0AC,offwind-float,0.46412195666820255,0.33662602527604296,0.1274959313921596
new_more,1000,GB1 0AC,offwind-float,0.5137143635460858,0.3833332761739127,0.13038108737217308
new_more,1000,GB1 0AC,offwind-float,0.48929808054133056,0.3684751964477656,0.12082288409356495
new_more,1000,GB1 0AC,offwind-float,0.48427649843997767,0.36339178365599817,0.1208847147839795
new_more,1000,GB1 0AC,offwind-float,0.47834250675659,0.3594550717527987,0.11888743500379129
new_more,1000,GB1 0AC,offwind-float,0.47161840130964466,0.35384021949225564,0.11777818181738903
new_more,1000,GB1 0AC,offwind-float,0.4647042919136234,0.34149396048767916,0.12321033142594423
new_more,1000,GB1 0AC,offwind-float,0.5055175464817341,0.3658695751112398,0.13964797137049428
new_more,1000,GB1 0AC,offwind-float,0.4814843153802396,0.35243590846899636,0.12904840691124325
new_more,1000,GB1 0AC,offwind-float,0.47654292460772607,0.34760565362168955,0.12893727098603652
new_more,1000,GB1 0AC,offwind-float,0.4707036948278198,0.34358861465031393,0.1271150801775059
new_more,1000,GB1 0AC,offwind-float,0.46408013938958287,0.3387737167614153,0.12530642262816755
new_more,1000,GB1 0AC,offwind-float,0.4572832299915851,0.3316812850516198,0.1256019449399653
new_more,1000,GB1 0AC,offwind-float,0.5106147136671128,0.38133500281979577,0.129279710847317
new_more,1000,GB1 0AC,offwind-float,0.48633248553634506,0.36552306217821173,0.12080942335813333
new_more,1000,GB1 0AC,offwind-float,0.48134133882680985,0.3607516223423877,0.12058971648442213
new_more,1000,GB1 0AC,offwind-float,0.47544331257389444,0.35666610936919335,0.11877720320470109
new_more,1000,GB1 0AC,offwind-float,0.4687531902927603,0.3508836480506898,0.11786954224207052
new_more,1000,GB1 0AC,offwind-float,0.461887839475048,0.34079308941146713,0.12109475006358089
new_more,1000,GB1 0AC,offwind-float,0.5157426150556232,0.38194046277660143,0.1338021522790218
new_more,1000,GB1 0AC,offwind-float,0.4912231191973796,0.3676338074589453,0.1235893117384343
new_more,1000,GB1 0AC,offwind-float,0.4861817807551702,0.36259271811543464,0.12358906263973557
new_more,1000,GB1 0AC,offwind-float,0.4802244430505545,0.3584641166081427,0.1217603264424118
new_more,1000,GB1 0AC,offwind-float,0.47347388304875276,0.35319011121414673,0.12028377183460603
new_more,1000,GB1 0AC,offwind-float,0.46653255675667016,0.34300350387433776,0.1235290528823324
new_more,1000,GB1 0AC,offwind-float,0.5098091876501237,0.386090836694886,0.12371835095523775
new_more,1000,GB1 0AC,offwind-float,0.4855719748365061,0.36866865006254546,0.11690332477396065
new_more,1000,GB1 0AC,offwind-float,0.4805817853442757,0.36383777398602796,0.11674401135824775
new_more,1000,GB1 0AC,offwind-float,0.4746862574982126,0.3592226568265499,0.11546360067166267
new_more,1000,GB1 0AC,offwind-float,0.46800677564916016,0.3534190839828432,0.11458769166631694
new_more,1000,GB1 0AC,offwind-float,0.4611523568069306,0.34479384884050396,0.11635850796642666
new_more,1000,GB1 0AC,offwind-float,0.5122055275512043,0.37646523668851634,0.13574029086268796
new_more,1000,GB1 0AC,offwind-float,0.48786095787446365,0.3618854248444597,0.12597553303000397
new_more,1000,GB1 0AC,offwind-float,0.48285412471603206,0.35746435728205533,0.12538976743397673
new_more,1000,GB1 0AC,offwind-float,0.476930792466942,0.35282761956455083,0.12410317290239115
new_more,1000,GB1 0AC,offwind-float,0.47021975502531066,0.34650613048323153,0.12371362454207913
new_more,1000,GB1 0AC,offwind-float,0.463332924926829,0.3384719227530089,0.12486100217382007
new_more,1000,GB1 0AC,offwind-float,0.5069181431150712,0.3644190397164999,0.1424991033985713
new_more,1000,GB1 0AC,offwind-float,0.48281821521449064,0.35007383435936135,0.1327443808551293
new_more,1000,GB1 0AC,offwind-float,0.47786313485724535,0.3453689268111157,0.13249420804612966
new_more,1000,GB1 0AC,offwind-float,0.4720077281274639,0.34112902046962246,0.13087870765784143
new_more,1000,GB1 0AC,offwind-float,0.465372671257393,0.33605021386266365,0.12932245739472936
new_more,1000,GB1 0AC,offwind-float,0.4585568314608415,0.32526531426436456,0.13329151719647692
new_more,1000,GB1 0AC,offwind-float,0.508415260118371,0.3842198256591302,0.1241954344592408
new_more,1000,GB1 0AC,offwind-float,0.48424428863814334,0.365372304659681,0.11887198397846233
new_more,1000,GB1 0AC,offwind-float,0.4792745727344608,0.3598089986034696,0.11946557413099118
new_more,1000,GB1 0AC,offwind-float,0.4734018712140957,0.3553571621019427,0.11804470911215303
new_more,1000,GB1 0AC,offwind-float,0.46674721674399944,0.35038585772943526,0.11636135901456418
new_more,1000,GB1 0AC,offwind-float,0.4599112453789042,0.34473973343884534,0.11517151194005887
new_more,1000,GB1 0AC,offwind-float,0.5099405534515082,0.3722552719942091,0.13768528145729914
new_more,1000,GB1 0AC,offwind-float,0.4857036355216155,0.35786677772572834,0.12783685779588716
new_more,1000,GB1 0AC,offwind-float,0.4807189425916964,0.3528672949127678,0.1278516476789286
new_more,1000,GB1 0AC,offwind-float,0.4748285427548775,0.3491995248190235,0.12562901793585401
new_more,1000,GB1 0AC,offwind-float,0.46814702347473147,0.34360371229503667,0.1245433111796948
new_more,1000,GB1 0AC,offwind-float,0.46129055056536417,0.334160758379748,0.12712979218561615
new_more,1000,GB1 0AC,offwind-float,0.5122063070226752,0.38061459970374306,0.13159170731893216
new_more,1000,GB1 0AC,offwind-float,0.4878483774381552,0.36608732788246134,0.12176104955569383
new_more,1000,GB1 0AC,offwind-float,0.48284167339057915,0.3613930980345074,0.12144857535607173
new_more,1000,GB1 0AC,offwind-float,0.47691848222194627,0.3556325325808713,0.12128594964107497
new_more,1000,GB1 0AC,offwind-float,0.4702143944213416,0.3502802535286482,0.11993414089269339
new_more,1000,GB1 0AC,offwind-float,0.46332764283416955,0.34210576139433774,0.12122188143983181
new_more,1000,GB1 0AC,offwind-float,0.5088438523063327,0.3816556906760124,0.12718816163032026
new_more,1000,GB1 0AC,offwind-float,0.48465905938487336,0.3667039064177939,0.11795515296707948
new_more,1000,GB1 0AC,offwind-float,0.47967828672030405,0.3614784737310548,0.11819981298924925
new_more,1000,GB1 0AC,offwind-float,0.4738006383659668,0.35728160304037754,0.11651903532558927
new_more,1000,GB1 0AC,offwind-float,0.46712676295849775,0.3513711088900009,0.11575565406849686
new_more,1000,GB1 0AC,offwind-float,0.46027841764919464,0.3428763722584767,0.11740204539071791
new_more,1000,GB1 0AC,offwind-float,0.5140783162497071,0.38004864956648615,0.13402966668322097
new_more,1000,GB1 0AC,offwind-float,0.4896381384755628,0.3652678207272987,0.12437031774826413
new_more,1000,GB1 0AC,offwind-float,0.48460623569314526,0.3595557936824804,0.12505044201066484
new_more,1000,GB1 0AC,offwind-float,0.47866820363587137,0.3548865345555478,0.12378166908032356
new_more,1000,GB1 0AC,offwind-float,0.4719395198373701,0.35043566080008903,0.12150385903728106
new_more,1000,GB1 0AC,offwind-float,0.4650275020942959,0.34310321737817207,0.12192428471612382
new_more,1000,GB1 0AC,offwind-float,0.5067918261617617,0.3776554725143813,0.12913635364738035
new_more,1000,GB1 0AC,offwind-float,0.48269777061984864,0.3621833474545564,0.12051442316529226
new_more,1000,GB1 0AC,offwind-float,0.4777439263647763,0.3573223145953229,0.12042161176945343
new_more,1000,GB1 0AC,offwind-float,0.4718899803340069,0.3525641097685633,0.11932587056544364
new_more,1000,GB1 0AC,offwind-float,0.4652565786557039,0.34694104579117674,0.11831553286452717
new_more,1000,GB1 0AC,offwind-float,0.45844243914931454,0.33763348873902255,0.120808950410292
new_more,1000,GB1 0AC,offwind-float,0.5060299031903412,0.3593971612040083,0.14663274198633297
new_more,1000,GB1 0AC,offwind-float,0.48196559463558486,0.3459726601114382,0.13599293452414668
new_more,1000,GB1 0AC,offwind-float,0.4770192645767946,0.3414484841589866,0.135570780417808
new_more,1000,GB1 0AC,offwind-float,0.47117419805398614,0.33734445806832375,0.1338297399856624
new_more,1000,GB1 0AC,offwind-float,0.4645508581942753,0.3323649164662755,0.1321859417279998
new_more,1000,GB1 0AC,offwind-float,0.4577470546571066,0.31485462920851154,0.14289242544859504
new_more,1000,GB1 0AC,offwind-float,0.5056380882148854,0.3809583329980218,0.12467975521686364
new_more,1000,GB1 0AC,offwind-float,0.48159890526945404,0.36446750393829463,0.1171314013311594
new_more,1000,GB1 0AC,offwind-float,0.47665633848060285,0.3593449006302341,0.11731143785036874
new_more,1000,GB1 0AC,offwind-float,0.4708157190049739,0.3550089409795493,0.11580677802542455
new_more,1000,GB1 0AC,offwind-float,0.46419741831885103,0.35000542525108636,0.11419199306776467
new_more,1000,GB1 0AC,offwind-float,0.4573987912557587,0.3341579854266997,0.123240805829059
new_more,1000,GB1 0AC,offwind-float,0.5109017240044248,0.378331991282421,0.13256973272200379
new_more,1000,GB1 0AC,offwind-float,0.48661248626480946,0.3636510404545908,0.12296144581021867
new_more,1000,GB1 0AC,offwind-float,0.48160481124509347,0.358496950746458,0.12310786049863548
new_more,1000,GB1 0AC,offwind-float,0.47570355658207775,0.3545866225828299,0.12111693399924783
new_more,1000,GB1 0AC,offwind-float,0.4690097150855285,0.34899248726498666,0.12001722782054186
new_more,1000,GB1 0AC,offwind-float,0.4621406072103023,0.341877934612784,0.12026267259751833
new_more,1000,GB1 0AC,offwind-float,0.5088256480826718,0.3688515513567105,0.13997409672596134
new_more,1000,GB1 0AC,offwind-float,0.4846284100913021,0.35485582911586,0.1297725809754421
new_more,1000,GB1 0AC,offwind-float,0.4796547520151675,0.34990490441103383,0.12974984760413366
new_more,1000,GB1 0AC,offwind-float,0.4737773920389469,0.34543046896372265,0.12834692307522427
new_more,1000,GB1 0AC,offwind-float,0.4671174588374224,0.3411518951640545,0.12596556367336792
new_more,1000,GB1 0AC,offwind-float,0.46027606491326734,0.33002266026313054,0.1302534046501368
new_more,1000,GB1 0AC,offwind-float,0.5097231759376925,0.37392382378720906,0.1357993521504834
new_more,1000,GB1 0AC,offwind-float,0.485489743167546,0.35936022629953995,0.12612951686800605
new_more,1000,GB1 0AC,offwind-float,0.4804935686336133,0.35404177266253495,0.12645179597107836
new_more,1000,GB1 0AC,offwind-float,0.4746059303745237,0.35033820862463916,0.12426772174988454
new_more,1000,GB1 0AC,offwind-float,0.4679343503319668,0.34492619423256077,0.12300815609940602
new_more,1000,GB1 0AC,offwind-float,0.4610741815769894,0.338139892960769,0.12293428861622036
new_more,1000,GB1 0AC,offwind-float,0.5068664587754808,0.3761650809743351,0.13070137780114566
new_more,1000,GB1 0AC,offwind-float,0.4827756492103127,0.3613774534957376,0.12139819571457511
new_more,1000,GB1 0AC,offwind-float,0.4778210057006521,0.3563114583246302,0.12150954737602193
new_more,1000,GB1 0AC,offwind-float,0.47195930245632955,0.35140590088759066,0.1205534015687389
new_more,1000,GB1 0AC,offwind-float,0.46532492631045624,0.3464381426610734,0.11888678364938282
new_more,1000,GB1 0AC,offwind-float,0.45850301881952277,0.33836387778119265,0.12013914103833012
new_more,1000,GB1 0AC,offwind-float,0.5096722419345446,0.3727958382546139,0.13687640367993076
new_more,1000,GB1 0AC,offwind-float,0.4854348511203745,0.3580831316953493,0.1273517194250252
new_more,1000,GB1 0AC,offwind-float,0.48045291667856743,0.3531495080148613,0.12730340866370615
new_more,1000,GB1 0AC,offwind-float,0.4745657765406214,0.34940988417385643,0.12515589236676494
new_more,1000,GB1 0AC,offwind-float,0.46788799163975164,0.34428990450302327,0.12359808713672837
new_more,1000,GB1 0AC,offwind-float,0.4610285098835605,0.3352399050465091,0.1257886048370514
new_more,1000,GB1 0AC,offwind-float,0.5029020993868979,0.37493082768661334,0.12797127170028455
new_more,1000,GB1 0AC,offwind-float,0.47897278925219816,0.3607030232406618,0.11826976601153638
new_more,1000,GB1 0AC,offwind-float,0.47405036918259125,0.3554826651258279,0.11856770405676337
new_more,1000,GB1 0AC,offwind-float,0.4682416814653511,0.35063078974897394,0.11761089171637717
new_more,1000,GB1 0AC,offwind-float,0.46165956426615723,0.3459827645678076,0.11567679969834965
new_more,1000,GB1 0AC,offwind-float,0.4548912754224834,0.3357428651371191,0.11914841028536433
new_more,1000,GB1 0AC,offwind-float,0.5083215371798644,0.36560891260530864,0.14271262457455575
new_more,1000,GB1 0AC,offwind-float,0.4841548991185584,0.3522162023487763,0.1319386967697821
new_more,1000,GB1 0AC,offwind-float,0.4791861006041513,0.3473544645898164,0.1318316360143349
new_more,1000,GB1 0AC,offwind-float,0.47331448316052166,0.3429826382653398,0.13033184489518185
new_more,1000,GB1 0AC,offwind-float,0.46666105711248423,0.33818947241701985,0.12847158469546438
new_more,1000,GB1 0AC,offwind-float,0.45982634763980695,0.3274171141131648,0.13240923352664213
new_more,1000,GB1 0AC,offwind-float,0.5096234344335508,0.3751477392084024,0.13447569522514846
new_more,1000,GB1 0AC,offwind-float,0.4853816959958445,0.3610018106459464,0.12437988534989813
new_more,1000,GB1 0AC,offwind-float,0.48040030707594444,0.35650028922038024,0.1239000178555642
new_more,1000,GB1 0AC,offwind-float,0.4745070151387325,0.35083778415264244,0.12366923098609006
new_more,1000,GB1 0AC,offwind-float,0.4678368255569152,0.34627538974947064,0.12156143580744455
new_more,1000,GB1 0AC,offwind-float,0.4609848958006887,0.3399077515548302,0.12107714424585847
new_more,1000,GB1 0AC,offwind-float,0.5014897028354951,0.37155386000486124,0.12993584283063386
new_more,1000,GB1 0AC,offwind-float,0.47764120310476954,0.3578333575420877,0.11980784556268181
new_more,1000,GB1 0AC,offwind-float,0.47273925353299523,0.35285198321111916,0.11988727032187607
new_more,1000,GB1 0AC,offwind-float,0.4669398406442223,0.3477369126489472,0.1192029279952751
new_more,1000,GB1 0AC,offwind-float,0.46037602354345736,0.3425739800289866,0.11780204351447077
new_more,1000,GB1 0AC,offwind-float,0.4536333645597069,0.3336338915104824,0.11999947304922448
new_more,1000,GB1 0AC,offwind-float,0.506429161535155,0.3751468969393931,0.13128226459576192
new_more,1000,GB1 0AC,offwind-float,0.4823522965970756,0.3599595754454016,0.12239272115167404
new_more,1000,GB1 0AC,offwind-float,0.4773883485640835,0.3548034784700748,0.1225848700940087
new_more,1000,GB1 0AC,offwind-float,0.47153195056840913,0.3498049618607231,0.12172698870768606
new_more,1000,GB1 0AC,offwind-float,0.46490358174807506,0.34486230603685886,0.1200412757112162
new_more,1000,GB1 0AC,offwind-float,0.45809461222806364,0.33802985136287567,0.12006476086518797
new_more,1000,GB1 0AC,offwind-float,0.5101650238965081,0.37161603361361617,0.13854899028289192
new_more,1000,GB1 0AC,offwind-float,0.48591743713136326,0.35740377705890014,0.12851366007246312
new_more,1000,GB1 0AC,offwind-float,0.4809305499922711,0.3524257560363768,0.12850479395589426
new_more,1000,GB1 0AC,offwind-float,0.47503755726366576,0.3481466636208459,0.12689089364281986
new_more,1000,GB1 0AC,offwind-float,0.4683530612192545,0.34316207434585017,0.12519098687340435
new_more,1000,GB1 0AC,offwind-float,0.46149357068477626,0.3350678709013008,0.12642569978347545
new_more,1000,GB1 0AC,offwind-float,0.508839873332477,0.373251852536802,0.13558802079567506
new_more,1000,GB1 0AC,offwind-float,0.4846354285538114,0.3594521960074445,0.12518323254636693
new_more,1000,GB1 0AC,offwind-float,0.47966169844840234,0.35521888690837,0.12444281154003234
new_more,1000,GB1 0AC,offwind-float,0.47377743683937945,0.34924527500411606,0.12453216183526339
new_more,1000,GB1 0AC,offwind-float,0.467117503008091,0.34442259584463175,0.12269490716345927
new_more,1000,GB1 0AC,offwind-float,0.46027610843701317,0.3363569394580521,0.12391916897896105
new_more,1000,GB1 0AC,offwind-float,0.5069746773784514,0.3737719649523411,0.13320271242611026
new_more,1000,GB1 0AC,offwind-float,0.4828787243011995,0.35909604300545644,0.12378268129574305
new_more,1000,GB1 0AC,offwind-float,0.4779230229495975,0.35466958691684597,0.12325343603275152
new_more,1000,GB1 0AC,offwind-float,0.47206004290503767,0.3503529963798765,0.12170704652516118
new_more,1000,GB1 0AC,offwind-float,0.46542425064123566,0.3448424668421543,0.12058178379908135
new_more,1000,GB1 0AC,offwind-float,0.45860086879494416,0.33710317386869953,0.12149769492624463
new_more,1000,GB1 0AC,offwind-float,0.5098579687710311,0.3708908989893262,0.13896706978170487
new_more,1000,GB1 0AC,offwind-float,0.48561837267310654,0.35780018965394755,0.12781818301915898
new_more,1000,GB1 0AC,offwind-float,0.48062776665430573,0.3524692856726092,0.12815848098169652
new_more,1000,GB1 0AC,offwind-float,0.47473848402481766,0.3479408318851396,0.12679765213967809
new_more,1000,GB1 0AC,offwind-float,0.4680650406631758,0.34353835686437345,0.12452668379880233
new_more,1000,GB1 0AC,offwind-float,0.4612097684725961,0.33233847227799496,0.12887129619460114
new_more,1000,GB1 0AC,offwind-float,0.4979698986109843,0.36961794340377346,0.12835195520721082
new_more,1000,GB1 0AC,offwind-float,0.47430193284026606,0.3560688486838878,0.11823308415637829
new_more,1000,GB1 0AC,offwind-float,0.4694342536252715,0.35186730206558947,0.11756695155968205
new_more,1000,GB1 0AC,offwind-float,0.4636821286184147,0.3474016235432823,0.11628050507513238
new_more,1000,GB1 0AC,offwind-float,0.4571573260276699,0.3416065468242134,0.11555077920345652
new_more,1000,GB1 0AC,offwind-float,0.45045498940985906,0.32518399557287686,0.1252709938369822
new_more,1000,GB1 0AC,offwind-float,0.5029081228020003,0.37168281655102636,0.1312253062509739
new_more,1000,GB1 0AC,offwind-float,0.47899211203890496,0.35699963985553684,0.12199247218336812
new_more,1000,GB1 0AC,offwind-float,0.4740695011911479,0.35169523301829964,0.12237426817284824
new_more,1000,GB1 0AC,offwind-float,0.4682605790434118,0.3476290744954935,0.12063150454791827
new_more,1000,GB1 0AC,offwind-float,0.4616781961991922,0.3429263634136972,0.118751832785495
new_more,1000,GB1 0AC,offwind-float,0.45490290840138564,0.33192956831436293,0.12297334008702271
new_more,1000,GB1 0AC,offwind-float,0.5056994708356355,0.3719360771566224,0.13376339367901308
new_more,1000,GB1 0AC,offwind-float,0.48163760454881566,0.35774632708655213,0.12389127746226353
new_more,1000,GB1 0AC,offwind-float,0.4766878387518442,0.3525507601560866,0.12413707859575757
new_more,1000,GB1 0AC,offwind-float,0.47084683329352106,0.3487167209234618,0.12213011237005927
new_more,1000,GB1 0AC,offwind-float,0.4642212479439989,0.3433488985953434,0.12087234934865548
new_more,1000,GB1 0AC,offwind-float,0.457422271872644,0.33550119687211877,0.12192107500052524
new_more,1000,GB1 0AC,offwind-float,0.49951345446630496,0.36976264410086107,0.1297508103654439
new_more,1000,GB1 0AC,offwind-float,0.4757654936518094,0.3552328038344056,0.12053268981740384
new_more,1000,GB1 0AC,offwind-float,0.470882794163759,0.3502710848426988,0.12061170932106019
new_more,1000,GB1 0AC,offwind-float,0.465112919735784,0.34656639107641124,0.11854652865937276
new_more,1000,GB1 0AC,offwind-float,0.45856798512923297,0.34127096712892246,0.1172970180003105
new_more,1000,GB1 0AC,offwind-float,0.4518518066436691,0.3297479557144338,0.12210385092923526
new_more,1000,GB1 0AC,offwind-float,0.5073905614651293,0.3715224128443637,0.13586814862076557
new_more,1000,GB1 0AC,offwind-float,0.48327484187115516,0.3572956057970004,0.12597923607415473
new_more,1000,GB1 0AC,offwind-float,0.47831507523301625,0.35231006831787676,0.1260050069151395
new_more,1000,GB1 0AC,offwind-float,0.47245413073619486,0.34863744419529424,0.12381668654090061
new_more,1000,GB1 0AC,offwind-float,0.46581279874281706,0.34354716467004,0.12226563407277707
new_more,1000,GB1 0AC,offwind-float,0.458983685940862,0.3359001443993118,0.12308354154155016
new_more,1000,GB1 0AC,offwind-float,0.49674433836519866,0.36853180662682516,0.1282125317383735
new_more,1000,GB1 0AC,offwind-float,0.47312128810269677,0.35371315226106614,0.11940813584163062
new_more,1000,GB1 0AC,offwind-float,0.46826572564171776,0.34877109652876087,0.11949462911295688
new_more,1000,GB1 0AC,offwind-float,0.46252791897440154,0.34472654326468793,0.11780137570971361
new_more,1000,GB1 0AC,offwind-float,0.4560261206700274,0.3399069840314938,0.11611913663853363
new_more,1000,GB1 0AC,offwind-float,0.4493471702857435,0.33249979891426057,0.11684737137148293
new_more,1000,GB1 0AC,offwind-float,0.5030008560224495,0.3706982535924857,0.13230260242996378
new_more,1000,GB1 0AC,offwind-float,0.4790870076559964,0.35740376577598926,0.12168324188000712
new_more,1000,GB1 0AC,offwind-float,0.474170220040614,0.3532824642723126,0.12088775576830141
new_more,1000,GB1 0AC,offwind-float,0.4683532648816148,0.34872018272563293,0.11963308215598184
new_more,1000,GB1 0AC,offwind-float,0.4617627824723965,0.3413201680476237,0.12044261442477278
new_more,1000,GB1 0AC,offwind-float,0.4549998130422449,0.3268249229911169,0.12817489005112803
new_more,1000,GB1 0AC,offwind-float,0.5081232314323747,0.3702109136326411,0.13791231779973362
new_more,1000,GB1 0AC,offwind-float,0.48396592887409573,0.35672878916960804,0.1272371397044877
new_more,1000,GB1 0AC,offwind-float,0.47899906972882783,0.3518459349315014,0.12715313479732643
new_more,1000,GB1 0AC,offwind-float,0.4731297440331198,0.3476669139297731,0.1254628301033467
new_more,1000,GB1 0AC,offwind-float,0.46647209061636846,0.3427254236325509,0.12374666698381759
new_more,1000,GB1 0AC,offwind-float,0.45963330475880354,0.334341403007954,0.12529190175084953
new_more,1000,GB1 0AC,offwind-float,0.5056013911848674,0.371189108601898,0.13441228258296933
new_more,1000,GB1 0AC,offwind-float,0.48155744924530397,0.3572628578556686,0.12429459138963539
new_more,1000,GB1 0AC,offwind-float,0.4766153079125034,0.35234427768385135,0.12427103022865205
new_more,1000,GB1 0AC,offwind-float,0.47077519119728234,0.34812893118540617,0.12264626001187617
new_more,1000,GB1 0AC,offwind-float,0.4641574602143504,0.3435344617177225,0.12062299849662789
new_more,1000,GB1 0AC,offwind-float,0.45735941837693983,0.334140520266454,0.12321889811048581
new_more,1000,GB1 0AC,offwind-float,0.4955411281176823,0.36817105193995864,0.12737007617772367
new_more,1000,GB1 0AC,offwind-float,0.4719885991576242,0.35415489540164324,0.11783370375598096
new_more,1000,GB1 0AC,offwind-float,0.4671446612886051,0.3494125572868229,0.11773210400178219
new_more,1000,GB1 0AC,offwind-float,0.4614137631211288,0.34542826445402575,0.11598549866710306
new_more,1000,GB1 0AC,offwind-float,0.4549140752213623,0.34005332574270475,0.11486074947865754
new_more,1000,GB1 0AC,offwind-float,0.44824459936839445,0.3238255153454126,0.12441908402298185
new_more,1000,GB1 0AC,offwind-float,0.49890015291406636,0.36931844024161326,0.1295817126724531
new_more,1000,GB1 0AC,offwind-float,0.4751678742941936,0.3548592259523417,0.1203086483418519
new_more,1000,GB1 0AC,offwind-float,0.47029130807089325,0.35034600735896504,0.11994530071192822
new_more,1000,GB1 0AC,offwind-float,0.46452868130735614,0.34650425920370825,0.11802442210364789
new_more,1000,GB1 0AC,offwind-float,0.45799196671344733,0.34081052536121365,0.11718144135223368
new_more,1000,GB1 0AC,offwind-float,0.45127060840325584,0.3317444954457605,0.11952611295749532
new_more,1000,GB1 0AC,offwind-float,0.5010326715287384,0.3687272883367186,0.13230538319201984
new_more,1000,GB1 0AC,offwind-float,0.4772125806557078,0.3560295574611253,0.12118302319458252
new_more,1000,GB1 0AC,offwind-float,0.47230818171101385,0.35103058728804154,0.12127759442297231
new_more,1000,GB1 0AC,offwind-float,0.4665208415627773,0.3470463193356325,0.11947452222714477
new_more,1000,GB1 0AC,offwind-float,0.4599560726198932,0.34126484421625547,0.11869122840363772
new_more,1000,GB1 0AC,offwind-float,0.45321956422983717,0.3325136669517575,0.12070589727807968
new_more,1000,GB1 0AC,offwind-float,0.4974520733134417,0.3679183882835207,0.12953368502992102
new_more,1000,GB1 0AC,offwind-float,0.4737953502658482,0.35247218115095524,0.12132316911489294
new_more,1000,GB1 0AC,offwind-float,0.4689328700207449,0.3477136557498841,0.1212192142708608
new_more,1000,GB1 0AC,offwind-float,0.46318688862430285,0.34322441653366925,0.1199624720906336
new_more,1000,GB1 0AC,offwind-float,0.45667582712180244,0.3378304443259972,0.11884538279580525
new_more,1000,GB1 0AC,offwind-float,0.4499873611484787,0.33054136672481566,0.11944599442366305
new_more,1000,GB1 0AC,offwind-float,0.5056810574090438,0.3697017585500996,0.13597929885894416
new_more,1000,GB1 0AC,offwind-float,0.4816465886770138,0.35572492932738786,0.12592165934962596
new_more,1000,GB1 0AC,offwind-float,0.47670353252154657,0.35086530177967046,0.1258382307418761
new_more,1000,GB1 0AC,offwind-float,0.47086233476254563,0.34630657852761765,0.12455575623492798
new_more,1000,GB1 0AC,offwind-float,0.4642433787943499,0.34184062729427916,0.12240275150007074
new_more,1000,GB1 0AC,offwind-float,0.4574373053089842,0.3336666467258686,0.12377065858311559
new_more,1000,GB1 0AC,offwind-float,0.4947310019883055,0.36547924804460274,0.12925175394370275
new_more,1000,GB1 0AC,offwind-float,0.47121697743896274,0.3522627654665566,0.11895421197240613
new_more,1000,GB1 0AC,offwind-float,0.46638095859101797,0.3475422429454995,0.11883871564551846
new_more,1000,GB1 0AC,offwind-float,0.4606662465649657,0.34273532794126704,0.11793091862369864
new_more,1000,GB1 0AC,offwind-float,0.45419061796412374,0.33796354658380345,0.11622707138032029
new_more,1000,GB1 0AC,offwind-float,0.4475385503195499,0.3315239458772023,0.11601460444234762
new_more,1000,GB1 0AC,offwind-float,0.5036062391872881,0.3691120486037834,0.1344941905835047
new_more,1000,GB1 0AC,offwind-float,0.47965712584334275,0.3560426731948579,0.12361445264848486
new_more,1000,GB1 0AC,offwind-float,0.47472770052976687,0.3510650340616404,0.12366266646812646
new_more,1000,GB1 0AC,offwind-float,0.46891071325928807,0.3472748249916462,0.12163588826764188
new_more,1000,GB1 0AC,offwind-float,0.4623123844543652,0.3415709598625527,0.12074142459181247
new_more,1000,GB1 0AC,offwind-float,0.4555413655634431,0.334691358491855,0.1208500070715881
new_more,1000,GB1 0AC,offwind-float,0.5008576742780698,0.368979134512328,0.13187853976574182
new_more,1000,GB1 0AC,offwind-float,0.47703921156498247,0.3552764656044587,0.12176274596052378
new_more,1000,GB1 0AC,offwind-float,0.47213664608202915,0.3509658418841334,0.12117080419789578
new_more,1000,GB1 0AC,offwind-float,0.46633099833529906,0.34560663857855795,0.12072435975674112
new_more,1000,GB1 0AC,offwind-float,0.45977573978793046,0.3408494670151592,0.11892627277277124
new_more,1000,GB1 0AC,offwind-float,0.45304187254929695,0.33111809581539736,0.12192377673389959
new_more,1000,GB1 0AC,offwind-float,0.49816604924276237,0.3680090708454198,0.13015697839734258
new_more,1000,GB1 0AC,offwind-float,0.47448876064660467,0.35423383989791524,0.12025492074868943
new_more,1000,GB1 0AC,offwind-float,0.46961916404994525,0.34930950008194434,0.12030966396800091
new_more,1000,GB1 0AC,offwind-float,0.46386477327771314,0.3452289906412388,0.11863578263647434
new_more,1000,GB1 0AC,offwind-float,0.4573441826871096,0.3404065515818562,0.1169376311052534
new_more,1000,GB1 0AC,offwind-float,0.45063228931317956,0.3294435530395984,0.12118873627358118
new_more,1000,GB1 0AC,offwind-float,0.5064657402831496,0.36920605642495075,0.13725968385819887
new_more,1000,GB1 0AC,offwind-float,0.4823873786413252,0.354904497895915,0.1274828807454102
new_more,1000,GB1 0AC,offwind-float,0.47743671988577924,0.3500161262695125,0.12742059361626673
new_more,1000,GB1 0AC,offwind-float,0.4715865381522602,0.34553000126974576,0.12605653688251445
new_more,1000,GB1 0AC,offwind-float,0.46495740198914404,0.34125104529416805,0.12370635669497598
new_more,1000,GB1 0AC,offwind-float,0.458134108767771,0.32972874725966034,0.12840536150811066
new_more,1000,GB1 0AC,offwind-float,0.5036021365251736,0.36921255420918503,0.13438958231598858
new_more,1000,GB1 0AC,offwind-float,0.47965966248636516,0.3540943276265599,0.12556533485980526
new_more,1000,GB1 0AC,offwind-float,0.47473699781288503,0.34903653071440655,0.12570046709847849
new_more,1000,GB1 0AC,offwind-float,0.4689198966198828,0.34536241374038307,0.12355748287949975
new_more,1000,GB1 0AC,offwind-float,0.46232824568670056,0.3403846483659618,0.12194359732073878
new_more,1000,GB1 0AC,offwind-float,0.4555569944924542,0.3241012373842354,0.13145575710821877
new_more,1000,GB1 0AC,offwind-float,0.5044734026258392,0.3680701466799252,0.13640325594591396
new_more,1000,GB1 0AC,offwind-float,0.48049633240755757,0.353991371067966,0.12650496133959155
new_more,1000,GB1 0AC,offwind-float,0.4755650811344807,0.3490842582987022,0.1264808228357785
new_more,1000,GB1 0AC,offwind-float,0.46973783317705914,0.34470376750324344,0.1250340656738157
new_more,1000,GB1 0AC,offwind-float,0.46312788010860373,0.33879413889573406,0.12433374121286966
new_more,1000,GB1 0AC,offwind-float,0.45634491748295586,0.3271960799108697,0.12914883757208617
new_more,1000,GB1 0AC,offwind-float,0.5039429215171466,0.369528288251853,0.13441463326529357
new_more,1000,GB1 0AC,offwind-float,0.47998442629923843,0.35595747782469755,0.12402694847454088
new_more,1000,GB1 0AC,offwind-float,0.4750584286305662,0.3517262570585057,0.1233321715720605
new_more,1000,GB1 0AC,offwind-float,0.4692373888450347,0.3472706425979592,0.12196674624707549
new_more,1000,GB1 0AC,offwind-float,0.46264127489388857,0.3418565592372905,0.12078471565659804
new_more,1000,GB1 0AC,offwind-float,0.4558586664110145,0.32471641266802687,0.13114225374298766
new_more,1000,GB1 0AC,offwind-float,0.5054769349000678,0.3690697296384214,0.13640720526164646
new_more,1000,GB1 0AC,offwind-float,0.48144545181615367,0.35574428600918306,0.1257011658069706
new_more,1000,GB1 0AC,offwind-float,0.4764976152637031,0.35042100451239505,0.12607661075130805
new_more,1000,GB1 0AC,offwind-float,0.47065894067338676,0.3458457837956046,0.12481315687778216
new_more,1000,GB1 0AC,offwind-float,0.464042843834964,0.3407162070195135,0.12332663681545053
new_more,1000,GB1 0AC,offwind-float,0.45724648066699025,0.3321169487383324,0.12512953192865783
new_more,1000,GB4 0AC,offwind-float,0.5268476348330038,0.4044559314113552,0.12239170342164857
new_more,1000,GB4 0AC,offwind-float,0.5017871437472434,0.38164758272714316,0.12013956102010026
new_more,1000,GB4 0AC,offwind-float,0.496637388536795,0.3767400654008336,0.11989732313596141
new_more,1000,GB4 0AC,offwind-float,0.49054510440229615,0.3701609915097311,0.12038411289256506
new_more,1000,GB4 0AC,offwind-float,0.4836494658966378,0.36199412314850477,0.12165534274813306
new_more,1000,GB4 0AC,offwind-float,0.47655911173302656,0.35244165142763356,0.124117460305393
new_more,1000,GB4 0AC,offwind-float,0.5279673265442214,0.41314120517070163,0.11482612137351977
new_more,1000,GB4 0AC,offwind-float,0.5028601104959499,0.3925115154766241,0.11034859501932581
new_more,1000,GB4 0AC,offwind-float,0.49769934361217805,0.3866251455236,0.11107419808857805
new_more,1000,GB4 0AC,offwind-float,0.4916008776008479,0.38112045553994695,0.11048042206090097
new_more,1000,GB4 0AC,offwind-float,0.4846903979923923,0.37487762115103185,0.10981277684136043
new_more,1000,GB4 0AC,offwind-float,0.47759163111655273,0.3638576456820271,0.11373398543452562
new_more,1000,GB4 0AC,offwind-float,0.5217717922249278,0.40139864413781084,0.12037314808711691
new_more,1000,GB4 0AC,offwind-float,0.4969660098917912,0.38303224006612246,0.11393376982566872
new_more,1000,GB4 0AC,offwind-float,0.4918657331494577,0.3774119553211494,0.11445377782830829
new_more,1000,GB4 0AC,offwind-float,0.48583874819508865,0.3721776117283679,0.11366113646672077
new_more,1000,GB4 0AC,offwind-float,0.479009267379707,0.3660474294380048,0.11296183794170223
new_more,1000,GB4 0AC,offwind-float,0.4719868905924185,0.35729851141414776,0.11468837917827074
new_more,1000,GB4 0AC,offwind-float,0.5253842295122909,0.4081341639610013,0.11725006555128964
new_more,1000,GB4 0AC,offwind-float,0.500413290515261,0.38850898125255645,0.1119043092627045
new_more,1000,GB4 0AC,offwind-float,0.49527763492439814,0.38273496125296746,0.11254267367143067
new_more,1000,GB4 0AC,offwind-float,0.48920884286846156,0.37733307788537407,0.11187576498308749
new_more,1000,GB4 0AC,offwind-float,0.4823319883164166,0.3712159753729446,0.11111601294347201
new_more,1000,GB4 0AC,offwind-float,0.47526094119488577,0.355922360114834,0.11933858108005174
new_more,1000,GB4 0AC,offwind-float,0.5178352977101394,0.3958608198571765,0.12197447785296284
new_more,1000,GB4 0AC,offwind-float,0.4932099251293837,0.3782077985599365,0.1150021265694472
new_more,1000,GB4 0AC,offwind-float,0.4881481964393811,0.37322096834227725,0.11492722809710387
new_more,1000,GB4 0AC,offwind-float,0.4821599791320507,0.3672107018842084,0.11494927724784232
new_more,1000,GB4 0AC,offwind-float,0.4753822111181564,0.36050406494938264,0.11487814616877373
new_more,1000,GB4 0AC,offwind-float,0.46841977178033,0.3475940107037927,0.12082576107653731
new_more,1000,GB4 0AC,offwind-float,0.5203135959853549,0.40550956239018676,0.11480403359516811
new_more,1000,GB4 0AC,offwind-float,0.49557688058775834,0.3862404057435865,0.10933647484417186
new_more,1000,GB4 0AC,offwind-float,0.4904908602407123,0.38060603377180474,0.10988482646890757
new_more,1000,GB4 0AC,offwind-float,0.4844807220349105,0.37520814012870707,0.10927258190620343
new_more,1000,GB4 0AC,offwind-float,0.47767033112053425,0.3689438507884427,0.10872648033209154
new_more,1000,GB4 0AC,offwind-float,0.4706743800181918,0.35826538289512483,0.11240899712306696
new_more,1000,GB4 0AC,offwind-float,0.5155929488740258,0.4021826772303492,0.11341027164367667
new_more,1000,GB4 0AC,offwind-float,0.49108737875901937,0.38377978684085023,0.10730759191816913
new_more,1000,GB4 0AC,offwind-float,0.48604743339759815,0.37839767922775847,0.10764975416983968
new_more,1000,GB4 0AC,offwind-float,0.4800917418932524,0.37284509418529704,0.10724664770795533
new_more,1000,GB4 0AC,offwind-float,0.4733362118673543,0.36618335670568064,0.10715285516167367
new_more,1000,GB4 0AC,offwind-float,0.46640373819785924,0.3577215813855436,0.10868215681231563
new_more,1000,GB4 0AC,offwind-float,0.5214669522712607,0.40246021119657593,0.11900674107468479
new_more,1000,GB4 0AC,offwind-float,0.49667561487207396,0.3836466149208189,0.11302899995125504
new_more,1000,GB4 0AC,offwind-float,0.49157831840391564,0.3780560047485638,0.11352231365535181
new_more,1000,GB4 0AC,offwind-float,0.48554126112436263,0.372228133954828,0.11331312716953462
new_more,1000,GB4 0AC,offwind-float,0.47870911571296926,0.3657985339320605,0.11291058178090874
new_more,1000,GB4 0AC,offwind-float,0.4716979505901169,0.3524669133114524,0.11923103727866446
new_more,1000,GB4 0AC,offwind-float,0.5176302862077774,0.40123631780556845,0.11639396840220895
new_more,1000,GB4 0AC,offwind-float,0.49302788367295364,0.3823400941328279,0.11068778954012576
new_more,1000,GB4 0AC,offwind-float,0.48796117503465153,0.37687429401173284,0.1110868810229187
new_more,1000,GB4 0AC,offwind-float,0.4819820338543561,0.37162755741785064,0.11035447643650548
new_more,1000,GB4 0AC,offwind-float,0.4751999974574344,0.36415296362554017,0.11104703383189424
new_more,1000,GB4 0AC,offwind-float,0.4682402268176149,0.3530888177335712,0.1151514090840437
new_more,1000,GB4 0AC,offwind-float,0.5149866275483775,0.3914032738180257,0.12358335373035184
new_more,1000,GB4 0AC,offwind-float,0.49050312890131725,0.37377821405500045,0.11672491484631681
new_more,1000,GB4 0AC,offwind-float,0.48546917959576635,0.36824445162002384,0.11722472797574252
new_more,1000,GB4 0AC,offwind-float,0.47952057361645023,0.36303120130732286,0.11648937230912737
new_more,1000,GB4 0AC,offwind-float,0.47277990797324937,0.35737259813524636,0.11540730983800301
new_more,1000,GB4 0AC,offwind-float,0.46584881237045106,0.3471588074012008,0.11869000496925025
new_more,1000,GB4 0AC,offwind-float,0.5115341564683482,0.40126667052374326,0.11026748594460495
new_more,1000,GB4 0AC,offwind-float,0.4872016070019292,0.38238474043114734,0.10481686657078187
new_more,1000,GB4 0AC,offwind-float,0.48220154064817494,0.37708989702358303,0.10511164362459191
new_more,1000,GB4 0AC,offwind-float,0.47629297407279814,0.3715607923636715,0.10473218170912663
new_more,1000,GB4 0AC,offwind-float,0.46959085605582246,0.36479500099225554,0.10479585506356692
new_more,1000,GB4 0AC,offwind-float,0.46271323680036824,0.3525286741211379,0.11018456267923032
new_more,1000,GB4 0AC,offwind-float,0.5139598604678305,0.3970085902107745,0.11695127025705598
new_more,1000,GB4 0AC,offwind-float,0.48952506638778864,0.3782789261838298,0.11124614020395884
new_more,1000,GB4 0AC,offwind-float,0.48450115476970734,0.3726306588098971,0.11187049595981025
new_more,1000,GB4 0AC,offwind-float,0.4785644103019154,0.3670948731603807,0.11146953714153468
new_more,1000,GB4 0AC,offwind-float,0.471837185536037,0.36102493371742694,0.11081225181861004
new_more,1000,GB4 0AC,offwind-float,0.4649266665793047,0.34761514563712037,0.11731152094218433
new_more,1000,GB4 0AC,offwind-float,0.519587955900788,0.39893063369259324,0.12065732220819475
new_more,1000,GB4 0AC,offwind-float,0.4948925074621581,0.38068313679772897,0.11420937066442916
new_more,1000,GB4 0AC,offwind-float,0.4898135107188719,0.37515097926380137,0.11466253145507055
new_more,1000,GB4 0AC,offwind-float,0.4838048726188024,0.3694168973699971,0.11438797524880528
new_more,1000,GB4 0AC,offwind-float,0.477003982183008,0.363075138292758,0.11392884389024999
new_more,1000,GB4 0AC,offwind-float,0.4700177904152531,0.34939668016718667,0.12062111024806643
new_more,1000,GB4 0AC,offwind-float,0.5112917972476558,0.3861308570313393,0.12516094021631652
new_more,1000,GB4 0AC,offwind-float,0.4869840808841025,0.3689496216294547,0.11803445925464778
new_more,1000,GB4 0AC,offwind-float,0.48198624696350767,0.36346750394600275,0.11851874301750492
new_more,1000,GB4 0AC,offwind-float,0.4760803184491113,0.3580945563763993,0.117985762072712
new_more,1000,GB4 0AC,offwind-float,0.46938801279521264,0.3521795144869719,0.11720849830824076
new_more,1000,GB4 0AC,offwind-float,0.4625133643785153,0.3394861123591832,0.12302725201933212
new_more,1000,GB4 0AC,offwind-float,0.505096228988583,0.3935401592170095,0.11155606977157345
new_more,1000,GB4 0AC,offwind-float,0.48106932876840564,0.3754495548727597,0.10561977389564592
new_more,1000,GB4 0AC,offwind-float,0.47613219693216247,0.3701953137663351,0.10593688316582739
new_more,1000,GB4 0AC,offwind-float,0.4702912155858616,0.36373844018004775,0.10655277540581387
new_more,1000,GB4 0AC,offwind-float,0.46368028789345683,0.3578090401379158,0.10587124775554102
new_more,1000,GB4 0AC,offwind-float,0.4568892347132998,0.35055786225162133,0.10633137246167845
new_more,1000,GB4 0AC,offwind-float,0.5101163657011029,0.3953568028175134,0.11475956288358946
new_more,1000,GB4 0AC,offwind-float,0.4858576374058326,0.3776317634772242,0.10822587392860838
new_more,1000,GB4 0AC,offwind-float,0.4808713639810452,0.3724224465227603,0.10844891745828489
new_more,1000,GB4 0AC,offwind-float,0.4749790964771814,0.3670090272301506,0.10797006924703079
new_more,1000,GB4 0AC,offwind-float,0.468302270803747,0.3606646719248498,0.10763759887889718
new_more,1000,GB4 0AC,offwind-float,0.4614367390179898,0.34418721361591054,0.11724952540207928
new_more,1000,GB4 0AC,offwind-float,0.5155163504896652,0.39293889091981554,0.12257745956984961
new_more,1000,GB4 0AC,offwind-float,0.49098081526595355,0.3742012499464265,0.11677956531952705
new_more,1000,GB4 0AC,offwind-float,0.4859419635473458,0.368835655858663,0.1171063076886828
new_more,1000,GB4 0AC,offwind-float,0.47998756439812423,0.3637088949092632,0.11627866948886101
new_more,1000,GB4 0AC,offwind-float,0.47324033422173967,0.35771800039975477,0.1155223338219849
new_more,1000,GB4 0AC,offwind-float,0.4663024198073743,0.3457540889340593,0.12054833087331501
new_more,1000,GB4 0AC,offwind-float,0.5114655004846614,0.3882990866955949,0.12316641378906656
new_more,1000,GB4 0AC,offwind-float,0.4871425740726329,0.37160004703353017,0.11554252703910273
new_more,1000,GB4 0AC,offwind-float,0.48214311356368567,0.36666975995714995,0.11547335360653571
new_more,1000,GB4 0AC,offwind-float,0.47622849106712084,0.3611971462452607,0.11503134482186012
new_more,1000,GB4 0AC,offwind-float,0.4695341025368443,0.35534353456167417,0.11419056797517013
new_more,1000,GB4 0AC,offwind-float,0.4626573144924112,0.34576103488014265,0.11689627961226856
new_more,1000,GB4 0AC,offwind-float,0.5142360902094009,0.3942984799126802,0.11993761029672068
new_more,1000,GB4 0AC,offwind-float,0.4897950101057779,0.37571872550610647,0.11407628459967145
new_more,1000,GB4 0AC,offwind-float,0.48476832810171616,0.37064695729048924,0.11412137081122692
new_more,1000,GB4 0AC,offwind-float,0.4788283098753683,0.36549240613637335,0.11333590373899494
new_more,1000,GB4 0AC,offwind-float,0.4720905813803796,0.359299396949807,0.11279118443057262
new_more,1000,GB4 0AC,offwind-float,0.46516954022853535,0.3472555622797763,0.11791397794875907
new_more,1000,GB4 0AC,offwind-float,0.510476436330712,0.391413927290081,0.11906250904063104
new_more,1000,GB4 0AC,offwind-float,0.4861739298128712,0.37348395515507277,0.11268997465779845
new_more,1000,GB4 0AC,offwind-float,0.4811844103334739,0.3679243800974651,0.11326003023600884
new_more,1000,GB4 0AC,offwind-float,0.47528830697456076,0.36245504695071895,0.11283326002384181
new_more,1000,GB4 0AC,offwind-float,0.46860713470018583,0.35649629962949875,0.11211083507068709
new_more,1000,GB4 0AC,offwind-float,0.4617439230100629,0.34757221117614634,0.11417171183391656
new_more,1000,GB4 0AC,offwind-float,0.4924557063603343,0.37720403817006176,0.11525166819027255
new_more,1000,GB4 0AC,offwind-float,0.4690363099249872,0.3604388883234969,0.10859742160149027
new_more,1000,GB4 0AC,offwind-float,0.46422267089293107,0.3554304637954367,0.10879220709749438
new_more,1000,GB4 0AC,offwind-float,0.4585275950282458,0.35039788557379065,0.10812970945445516
new_more,1000,GB4 0AC,offwind-float,0.45207526707724904,0.3431266746960247,0.10894859238122434
new_more,1000,GB4 0AC,offwind-float,0.44545418082382465,0.33386499536258585,0.1115891854612388
new_more,1000,GB4 0AC,offwind-float,0.5062806540017915,0.3900348743541156,0.11624577964767585
new_more,1000,GB4 0AC,offwind-float,0.4822111546322324,0.37287940778243334,0.10933174684979907
new_more,1000,GB4 0AC,offwind-float,0.4772555151572069,0.36747524601950055,0.10978026913770633
new_more,1000,GB4 0AC,offwind-float,0.47140755378200755,0.36226548314433277,0.10914207063767478
new_more,1000,GB4 0AC,offwind-float,0.4647741737967077,0.3558704164136307,0.108903757383077
new_more,1000,GB4 0AC,offwind-float,0.457967099583231,0.34398861415404997,0.11397848542918104
new_more,1000,GB4 0AC,offwind-float,0.4997120380432542,0.38613468568023146,0.11357735236302274
new_more,1000,GB4 0AC,offwind-float,0.47594783590935824,0.3687382112958491,0.10720962461350914
new_more,1000,GB4 0AC,offwind-float,0.4710632650740591,0.36387445598143414,0.10718880909262496
new_more,1000,GB4 0AC,offwind-float,0.46529117927946967,0.3586569086770895,0.10663427060238018
new_more,1000,GB4 0AC,offwind-float,0.4587505375660189,0.3525105281029252,0.1062400094630937
new_more,1000,GB4 0AC,offwind-float,0.4520113012415466,0.3428905859156117,0.10912071532593487
new_more,1000,GB4 0AC,offwind-float,0.5073797326323591,0.3859012360387121,0.12147849659364701
new_more,1000,GB4 0AC,offwind-float,0.4832645277209875,0.3689240697076446,0.11434045801334292
new_more,1000,GB4 0AC,offwind-float,0.47830486693519897,0.363669079575052,0.11463578736014696
new_more,1000,GB4 0AC,offwind-float,0.47244404752384955,0.35884621956016893,0.11359782796368062
new_more,1000,GB4 0AC,offwind-float,0.46580285727113263,0.35299220328105474,0.11281065399007789
new_more,1000,GB4 0AC,offwind-float,0.4589739354274523,0.3431753976469798,0.1157985377804725
new_more,1000,GB4 0AC,offwind-float,0.5086558792888174,0.3822723359567257,0.12638354333209167
new_more,1000,GB4 0AC,offwind-float,0.484473236722658,0.3660176780316401,0.11845555869101793
new_more,1000,GB4 0AC,offwind-float,0.47950117116413504,0.36063458301337986,0.11886658815075518
new_more,1000,GB4 0AC,offwind-float,0.4736256930622067,0.3553429346962599,0.11828275836594682
new_more,1000,GB4 0AC,offwind-float,0.4669678923074152,0.3494784483812498,0.1174894439261654
new_more,1000,GB4 0AC,offwind-float,0.46012868893197606,0.3333693649984314,0.12675932393354467
new_more,1000,GB4 0AC,offwind-float,0.5035901689738133,0.38532106098555746,0.1182691079882558
new_more,1000,GB4 0AC,offwind-float,0.47963485496813435,0.3684709288143609,0.11116392615377346
new_more,1000,GB4 0AC,offwind-float,0.47471244488994985,0.3635012042103658,0.11121124067958404
new_more,1000,GB4 0AC,offwind-float,0.46888202056365186,0.3580339102218839,0.11084811034176795
new_more,1000,GB4 0AC,offwind-float,0.4622840725777449,0.3511348535856677,0.11114921899207719
new_more,1000,GB4 0AC,offwind-float,0.45551346834206,0.33985624841123874,0.11565721993082129
new_more,1000,GB4 0AC,offwind-float,0.5073768965604556,0.38266113991779305,0.12471575664266255
new_more,1000,GB4 0AC,offwind-float,0.4832484228812608,0.36656600271801276,0.11668242016324804
new_more,1000,GB4 0AC,offwind-float,0.4782821249381207,0.36051725056348555,0.11776487437463518
new_more,1000,GB4 0AC,offwind-float,0.4724215841915877,0.35574239602162944,0.11667918816995826
new_more,1000,GB4 0AC,offwind-float,0.4657807097080377,0.3501350196546932,0.11564569005334452
new_more,1000,GB4 0AC,offwind-float,0.45895889378765636,0.33939320825773656,0.11956568552991981
new_more,1000,GB4 0AC,offwind-float,0.496296614686595,0.38114475844800144,0.11515185623859353
new_more,1000,GB4 0AC,offwind-float,0.4726950035081284,0.3646406331235788,0.10805437038454957
new_more,1000,GB4 0AC,offwind-float,0.46783703595763854,0.358937440601412,0.10889959535622656
new_more,1000,GB4 0AC,offwind-float,0.4621044821593512,0.3537535276821125,0.10835095447723869
new_more,1000,GB4 0AC,offwind-float,0.45560863614596997,0.3479590031699749,0.10764963297599506
new_more,1000,GB4 0AC,offwind-float,0.44893580023253765,0.3391210366225856,0.10981476360995207
new_more,1000,GB4 0AC,offwind-float,0.5040122209165145,0.38057653531519364,0.1234356856013209
new_more,1000,GB4 0AC,offwind-float,0.480050285980165,0.36421892284928725,0.11583136313087777
new_more,1000,GB4 0AC,offwind-float,0.4751236124049073,0.35889078476335384,0.11623282764155346
new_more,1000,GB4 0AC,offwind-float,0.46930177390216343,0.3537651171533,0.11553665674886343
new_more,1000,GB4 0AC,offwind-float,0.4627047548842351,0.3482198211763315,0.11448493370790364
new_more,1000,GB4 0AC,offwind-float,0.45592798934303447,0.3329747515029911,0.12295323784004336
new_more,1000,GB4 0AC,offwind-float,0.5015882993105691,0.38100258208002946,0.12058571723053968
new_more,1000,GB4 0AC,offwind-float,0.47774168349349283,0.36457577932067464,0.11316590417281819
new_more,1000,GB4 0AC,offwind-float,0.47283870270875944,0.3595548594989205,0.11328384320983892
new_more,1000,GB4 0AC,offwind-float,0.4670312871145834,0.35409300123214654,0.11293828588243687
new_more,1000,GB4 0AC,offwind-float,0.4604661845422145,0.34831637256905845,0.11214981197315604
new_more,1000,GB4 0AC,offwind-float,0.4537153743490739,0.33663655272828724,0.11707882162078664
new_more,1000,GB4 0AC,offwind-float,0.5045546291024261,0.37866916251115873,0.12588546659126737
new_more,1000,GB4 0AC,offwind-float,0.48056716266347793,0.36211442118622444,0.11845274147725349
new_more,1000,GB4 0AC,offwind-float,0.4756283538798536,0.35654474395789953,0.11908360992195405
new_more,1000,GB4 0AC,offwind-float,0.46980033062165655,0.3518151495510747,0.11798518107058187
new_more,1000,GB4 0AC,offwind-float,0.46319630334519857,0.34623348526785724,0.11696281807734132
new_more,1000,GB4 0AC,offwind-float,0.4564055819998687,0.33616666429685627,0.12023891770301243
new_more,1000,GB4 0AC,offwind-float,0.4963857058483637,0.37647581696761084,0.11990988888075288
new_more,1000,GB4 0AC,offwind-float,0.4727729243594106,0.3606823050515891,0.11209061930782149
new_more,1000,GB4 0AC,offwind-float,0.46791415077261844,0.35462266490664174,0.1132914858659767
new_more,1000,GB4 0AC,offwind-float,0.4621806520623393,0.35003983435196323,0.1121408177103761
new_more,1000,GB4 0AC,offwind-float,0.45568373532149314,0.3444174393372509,0.11126629598424226
new_more,1000,GB4 0AC,offwind-float,0.449009799506883,0.33375792346128746,0.11525187604559556
new_more,1000,GB4 0AC,offwind-float,0.5019587509612271,0.37512535817476733,0.12683339278645978
new_more,1000,GB4 0AC,offwind-float,0.4780814449003662,0.3587608016763189,0.11932064322404728
new_more,1000,GB4 0AC,offwind-float,0.4731681706385693,0.3533849477467099,0.11978322289185939
new_more,1000,GB4 0AC,offwind-float,0.4673702927765259,0.3488676860620929,0.11850260671443302
new_more,1000,GB4 0AC,offwind-float,0.4607936381981317,0.3422808660317553,0.1185127721663764
new_more,1000,GB4 0AC,offwind-float,0.4540448628376389,0.33556425444912613,0.11848060838851276
new_more,1000,GB4 0AC,offwind-float,0.5009051721145199,0.3757731316851568,0.1251320404293631
new_more,1000,GB4 0AC,offwind-float,0.4770909568073313,0.3602844080364684,0.11680654877086294
new_more,1000,GB4 0AC,offwind-float,0.47219465431873286,0.35515939709162064,0.11703525722711222
new_more,1000,GB4 0AC,offwind-float,0.4664087052572076,0.34983106978784456,0.11657763546936306
new_more,1000,GB4 0AC,offwind-float,0.45985235437635524,0.34440598565426217,0.11544636872209307
new_more,1000,GB4 0AC,offwind-float,0.4531173650418338,0.33704602955864515,0.11607133548318865
new_more,1000,GB4 0AC,offwind-float,0.49775452615583204,0.3738026541706339,0.12395187198519814
new_more,1000,GB4 0AC,offwind-float,0.4740700286217187,0.35840811692253327,0.11566191169918544
new_more,1000,GB4 0AC,offwind-float,0.46919788615783586,0.35340762455818264,0.11579026159965322
new_more,1000,GB4 0AC,offwind-float,0.4634486574356232,0.3484406267244772,0.11500803071114601
new_more,1000,GB4 0AC,offwind-float,0.45693391622440954,0.34296353161453774,0.1139703846098718
new_more,1000,GB4 0AC,offwind-float,0.45024167028271794,0.33182120474029,0.11842046554242797
new_more,1000,GB4 0AC,offwind-float,0.49068590114954036,0.3733612436828733,0.11732465746666704
new_more,1000,GB4 0AC,offwind-float,0.46735089018960707,0.35694465864039543,0.11040623154921164
new_more,1000,GB4 0AC,offwind-float,0.4625545483306097,0.35216102931583554,0.11039351901477418
new_more,1000,GB4 0AC,offwind-float,0.45687989963065906,0.3468640123844959,0.11001588724616318
new_more,1000,GB4 0AC,offwind-float,0.45045749606352287,0.34124360285925565,0.10921389320426722
new_more,1000,GB4 0AC,offwind-float,0.4438464144921897,0.33480929473388754,0.10903711975830216
new_more,1000,NO0 0AC,offwind-float,0.4984960698274938,0.38921472972790566,0.10928134009958812
new_more,1000,NO0 0AC,offwind-float,0.4748030957131454,0.37258656914875915,0.10221652656438623
new_more,1000,NO0 0AC,offwind-float,0.4699302731497252,0.3671029422642614,0.10282733088546381
new_more,1000,NO0 0AC,offwind-float,0.4641720702602074,0.3617023539109122,0.10246971634929519
new_more,1000,NO0 0AC,offwind-float,0.4576471599671215,0.3554752993566505,0.10217186061047101
new_more,1000,NO0 0AC,offwind-float,0.45094446787036657,0.34052220446472653,0.11042226340564004
new_more,1000,NO0 0AC,offwind-float,0.4965503601946936,0.38712448917017644,0.10942587102451717
new_more,1000,NO0 0AC,offwind-float,0.4729498635355436,0.37089294919220583,0.10205691434333775
new_more,1000,NO0 0AC,offwind-float,0.4680960603754334,0.36549105928823156,0.10260500108720183
new_more,1000,NO0 0AC,offwind-float,0.46234670026508834,0.36006601589395165,0.10228068437113669
new_more,1000,NO0 0AC,offwind-float,0.45584066942964774,0.3538159574602417,0.10202471196940605
new_more,1000,NO0 0AC,offwind-float,0.44916443516090426,0.34330837902457817,0.1058560561363261
new_more,1000,NO0 0AC,offwind-float,0.4941563161076604,0.3848057903346933,0.10935052577296711
new_more,1000,NO0 0AC,offwind-float,0.4706628614374224,0.36760583340349784,0.10305702803392458
new_more,1000,NO0 0AC,offwind-float,0.4658257208410045,0.3621332913333383,0.10369242950766616
new_more,1000,NO0 0AC,offwind-float,0.46011781231708676,0.35685068443827034,0.10326712787881642
new_more,1000,NO0 0AC,offwind-float,0.45364989310786563,0.35079098518487956,0.10285890792298608
new_more,1000,NO0 0AC,offwind-float,0.4470057449098383,0.3398771276041663,0.10712861730567202
new_more,1000,NO0 0AC,offwind-float,0.495332219267014,0.38669791101512,0.10863430825189396
new_more,1000,NO0 0AC,offwind-float,0.4717896195166141,0.36947449355712486,0.10231512595948922
new_more,1000,NO0 0AC,offwind-float,0.46694091250276437,0.3639564411708617,0.1029844713319027
new_more,1000,NO0 0AC,offwind-float,0.4612193391859698,0.35866207356223384,0.10255726562373596
new_more,1000,NO0 0AC,offwind-float,0.45473593571031956,0.35255911684530167,0.1021768188650179
new_more,1000,NO0 0AC,offwind-float,0.448062255847009,0.34384083661228804,0.10422141923472095
new_more,1000,NO0 0AC,offwind-float,0.49352815137297773,0.3830696650199297,0.11045848635304806
new_more,1000,NO0 0AC,offwind-float,0.47006448325923006,0.36690560807861944,0.10315887518061062
new_more,1000,NO0 0AC,offwind-float,0.46524029226096425,0.3615241298956564,0.10371616236530784
new_more,1000,NO0 0AC,offwind-float,0.45953955717688166,0.3562487452209485,0.10329081195593315
new_more,1000,NO0 0AC,offwind-float,0.4530797665543596,0.3501695387497314,0.10291022780462822
new_more,1000,NO0 0AC,offwind-float,0.4464371900508235,0.3338486938222911,0.1125884962285324
new_more,1000,NO0 0AC,offwind-float,0.492355878674247,0.3832144434598099,0.10914143521443714
new_more,1000,NO0 0AC,offwind-float,0.46894804224364334,0.3675354945540127,0.10141254768963065
new_more,1000,NO0 0AC,offwind-float,0.4641353090876296,0.3622377990455831,0.1018975100420465
new_more,1000,NO0 0AC,offwind-float,0.45844811370861643,0.3568568549793193,0.10159125872929714
new_more,1000,NO0 0AC,offwind-float,0.4520036656092159,0.3507406804089976,0.10126298520021831
new_more,1000,NO0 0AC,offwind-float,0.44538362802960796,0.34114656571254354,0.10423706231706442
new_more,1000,NO0 0AC,offwind-float,0.49351318910103237,0.38286372575108296,0.1106494633499494
new_more,1000,NO0 0AC,offwind-float,0.4700570458690375,0.36633186431251485,0.10372518155652266
new_more,1000,NO0 0AC,offwind-float,0.46523293119942893,0.36092281553530253,0.1043101156641264
new_more,1000,NO0 0AC,offwind-float,0.45953228631273996,0.35569548016610397,0.10383680614663598
new_more,1000,NO0 0AC,offwind-float,0.4530725978974365,0.34966893855109016,0.10340365934634632
new_more,1000,NO0 0AC,offwind-float,0.44643010129037486,0.33557911138103136,0.1108509899093435
new_more,1000,NO0 0AC,offwind-float,0.48985359833788955,0.38453789858566456,0.10531569975222499
new_more,1000,NO0 0AC,offwind-float,0.466571391460599,0.3668126163710895,0.09975877508950953
new_more,1000,NO0 0AC,offwind-float,0.46176939667704436,0.3612942580030188,0.10047513867402558
new_more,1000,NO0 0AC,offwind-float,0.4561111915641565,0.3560003508219752,0.10011084074218135
new_more,1000,NO0 0AC,offwind-float,0.44969959379835317,0.3499313682393867,0.09976822555896647
new_more,1000,NO0 0AC,offwind-float,0.44311330161316254,0.3407933099646251,0.10231999164853744
new_more,1000,NO0 0AC,offwind-float,0.487418047012579,0.3833205910388924,0.10409745597368664
new_more,1000,NO0 0AC,offwind-float,0.4642314775226329,0.3667695507525964,0.09746192677003651
new_more,1000,NO0 0AC,offwind-float,0.4594671496596804,0.3614204572809235,0.0980466923787569
new_more,1000,NO0 0AC,offwind-float,0.453830373298751,0.3559687957618777,0.0978615775368733
new_more,1000,NO0 0AC,offwind-float,0.447450837209059,0.3497814076350949,0.09766942957396407
new_more,1000,NO0 0AC,offwind-float,0.4408974802725426,0.3401453689314155,0.1007521113411271
new_more,1000,NO0 0AC,offwind-float,0.48812411445291926,0.38204892227333853,0.10607519217958072
new_more,1000,NO0 0AC,offwind-float,0.4649107949163721,0.36527668602113633,0.09963410889523577
new_more,1000,NO0 0AC,offwind-float,0.460139495335767,0.3598703179858902,0.10026917734987678
new_more,1000,NO0 0AC,offwind-float,0.45450126191474327,0.35461676575394346,0.09988449616079981
new_more,1000,NO0 0AC,offwind-float,0.4480918632974858,0.34845476253521834,0.09963710076226745
new_more,1000,NO0 0AC,offwind-float,0.44152231783474816,0.3399042745867784,0.10161804324796975
new_more,1000,NO0 0AC,offwind-float,0.4981849350014846,0.3867745738314314,0.11141036117005321
new_more,1000,NO0 0AC,offwind-float,0.4744934077754549,0.3700525328271372,0.10444087494831772
new_more,1000,NO0 0AC,offwind-float,0.46962376348611085,0.3645761420493218,0.10504762143678903
new_more,1000,NO0 0AC,offwind-float,0.4638693163555462,0.3592626157328681,0.10460670062267807
new_more,1000,NO0 0AC,offwind-float,0.45734866190247164,0.3531399529966868,0.10420870890578482
new_more,1000,NO0 0AC,offwind-float,0.45065034160301776,0.34507723226240955,0.1055731093406082
new_more,1000,NO0 0AC,offwind-float,0.4960437490461845,0.3859101696710931,0.11013357937509138
new_more,1000,NO0 0AC,offwind-float,0.4724471856453264,0.3694910524129583,0.10295613323236807
new_more,1000,NO0 0AC,offwind-float,0.4675985413820046,0.36406738892458834,0.10353115245741623
new_more,1000,NO0 0AC,offwind-float,0.46186890993248486,0.3587411282682161,0.10312778166426878
new_more,1000,NO0 0AC,offwind-float,0.4553627748713133,0.3525118174997177,0.10285095737159561
new_more,1000,NO0 0AC,offwind-float,0.4486935398376999,0.3407058342696475,0.10798770556805237
new_more,1000,NO0 0AC,offwind-float,0.4832031801309906,0.37819529275437486,0.10500788737661576
new_more,1000,NO0 0AC,offwind-float,0.46022388732513675,0.3617289847627522,0.09849490256238452
new_more,1000,NO0 0AC,offwind-float,0.45549387149513954,0.3563598389160775,0.09913403257906206
new_more,1000,NO0 0AC,offwind-float,0.44991256235874083,0.35115055194255984,0.09876201041618099
new_more,1000,NO0 0AC,offwind-float,0.44358809930460324,0.3451251536920814,0.09846294561252183
new_more,1000,NO0 0AC,offwind-float,0.4370913159581555,0.33566619914063894,0.10142511681751654
new_more,1000,NO0 0AC,offwind-float,0.4859034424878495,0.379275155387803,0.10662828710004651
new_more,1000,NO0 0AC,offwind-float,0.4628023441564455,0.3626556168698929,0.1001467272865526
new_more,1000,NO0 0AC,offwind-float,0.4580526832435946,0.35728063830019857,0.10077204494339603
new_more,1000,NO0 0AC,offwind-float,0.45244002018503854,0.3520855854469775,0.10035443473806105
new_more,1000,NO0 0AC,offwind-float,0.44608002841936756,0.3461012405904262,0.09997878782894137
new_more,1000,NO0 0AC,offwind-float,0.43953997603747674,0.3376168404711143,0.10192313556636245
new_more,1000,NO0 0AC,offwind-float,0.4932166831560155,0.38248303931222266,0.11073364384379286
new_more,1000,NO0 0AC,offwind-float,0.46976124131406855,0.36646014082417677,0.10330110048989177
new_more,1000,NO0 0AC,offwind-float,0.4649401624357655,0.3611191379917911,0.10382102444397445
new_more,1000,NO0 0AC,offwind-float,0.45923632790607843,0.3558075461124428,0.10342878179363563
new_more,1000,NO0 0AC,offwind-float,0.45278079980583413,0.34972449911485265,0.10305630069098148
new_more,1000,NO0 0AC,offwind-float,0.44614259907283726,0.33725905641836335,0.10888354265447392
new_more,1000,NO0 0AC,offwind-float,0.4925817839097776,0.38255480526558255,0.11002697864419503
new_more,1000,NO0 0AC,offwind-float,0.46915645133899564,0.3659724830947421,0.10318396824425352
new_more,1000,NO0 0AC,offwind-float,0.46434157931625714,0.36057915112571326,0.10376242819054388
new_more,1000,NO0 0AC,offwind-float,0.4586450450973178,0.3553029402551396,0.1033421048421782
new_more,1000,NO0 0AC,offwind-float,0.4521978287149303,0.34927413932308266,0.10292368939184765
new_more,1000,NO0 0AC,offwind-float,0.44556816215374695,0.33597641415549995,0.109591747998247
new_more,1000,NO0 0AC,offwind-float,0.4968239839494108,0.38555745168612504,0.11126653226328576
new_more,1000,NO0 0AC,offwind-float,0.47321048225184625,0.36957228755307064,0.10363819469877561
new_more,1000,NO0 0AC,offwind-float,0.468354004406645,0.36419299576834524,0.10416100863829975
new_more,1000,NO0 0AC,offwind-float,0.4626151160319601,0.35884044183655495,0.10377467419540515
new_more,1000,NO0 0AC,offwind-float,0.45610531729400794,0.3526269257867292,0.10347839150727872
new_more,1000,NO0 0AC,offwind-float,0.4494252069973897,0.3419709463662933,0.10745426063109637
new_more,1000,NO0 0AC,offwind-float,0.47776592817455227,0.37106838377475904,0.10669754439979323
new_more,1000,NO0 0AC,offwind-float,0.45503130383003315,0.35614175063272907,0.09888955319730408
new_more,1000,NO0 0AC,offwind-float,0.450347732291504,0.350968580353895,0.09937915193760899
new_more,1000,NO0 0AC,offwind-float,0.4448226954596702,0.34573339014108523,0.09908930531858495
new_more,1000,NO0 0AC,offwind-float,0.43856978114154677,0.33988729545787083,0.09868248568367594
new_more,1000,NO0 0AC,offwind-float,0.4321464959929091,0.3322784936279785,0.0998680023649306
new_more,1000,NO0 0AC,offwind-float,0.4997720635596814,0.3880488627067532,0.1117232008529282
new_more,1000,NO0 0AC,offwind-float,0.4759982060098764,0.3705611143574339,0.10543709165244253
new_more,1000,NO0 0AC,offwind-float,0.4711131182348931,0.36506056569265893,0.10605255254223417
new_more,1000,NO0 0AC,offwind-float,0.4653404215739025,0.3597552772709424,0.10558514430296007
new_more,1000,NO0 0AC,offwind-float,0.4587922456272045,0.35363101112114814,0.10516123450605636
new_more,1000,NO0 0AC,offwind-float,0.45207278262640954,0.33993348873009266,0.11213929389631688
new_more,1000,NO0 0AC,offwind-float,0.49416137739083343,0.38363178663876685,0.11052959075206659
new_more,1000,NO0 0AC,offwind-float,0.4706413434026482,0.3669692749888232,0.10367206841382498
new_more,1000,NO0 0AC,offwind-float,0.4658044210722531,0.3615294973104358,0.1042749237618173
new_more,1000,NO0 0AC,offwind-float,0.4600967735410761,0.3562595316203605,0.10383724192071558
new_more,1000,NO0 0AC,offwind-float,0.4536291500759012,0.35017857134395847,0.10345057873194274
new_more,1000,NO0 0AC,offwind-float,0.44697855620645116,0.33844819933513537,0.10853035687131579
new_more,1000,NO0 0AC,offwind-float,0.4905858952168012,0.3814687913412297,0.1091171038755715
new_more,1000,NO0 0AC,offwind-float,0.4672485824142957,0.3648898305489285,0.10235875186536719
new_more,1000,NO0 0AC,offwind-float,0.4624532905224121,0.3595082147384517,0.1029450757839604
new_more,1000,NO0 0AC,offwind-float,0.4567867054439387,0.35428589482592665,0.10250081061801203
new_more,1000,NO0 0AC,offwind-float,0.4503656119162194,0.34826185557673134,0.10210375633948804
new_more,1000,NO0 0AC,offwind-float,0.4437695652416197,0.33625219782631327,0.10751736741530643
new_more,1000,NO0 0AC,offwind-float,0.48552147363288384,0.3781884534109282,0.10733302022195562
new_more,1000,NO0 0AC,offwind-float,0.46242512239591166,0.3619196877107237,0.10050543468518797
new_more,1000,NO0 0AC,offwind-float,0.45767253607981495,0.3565770271803582,0.10109550889945673
new_more,1000,NO0 0AC,offwind-float,0.45205770807238077,0.35135308768913903,0.10070462038324174
new_more,1000,NO0 0AC,offwind-float,0.44570309050390705,0.3453504270357857,0.10035266346812133
new_more,1000,NO0 0AC,offwind-float,0.439168555482658,0.33157526355757594,0.10759329192508205
new_more,1000,NO0 0AC,offwind-float,0.5036748320011762,0.3899311397005361,0.11374369230064013
new_more,1000,NO0 0AC,offwind-float,0.479729073457587,0.37152452139915837,0.1082045520584286
new_more,1000,NO0 0AC,offwind-float,0.4747920011850945,0.3658643610296142,0.10892764015548029
new_more,1000,NO0 0AC,offwind-float,0.4689742260185373,0.36068733661296903,0.10828688940556824
new_more,1000,NO0 0AC,offwind-float,0.46238181137190654,0.35461213480087594,0.10776967657103059
new_more,1000,NO0 0AC,offwind-float,0.4556097756555953,0.3395556184367909,0.11605415721880441
new_more,1000,NO0 0AC,offwind-float,0.5008804266501742,0.3889381258438063,0.11194230080636786
new_more,1000,NO0 0AC,offwind-float,0.4770476515234744,0.3720233878907208,0.10502426363275358
new_more,1000,NO0 0AC,offwind-float,0.472151793469561,0.3665119234098748,0.10563987005968617
new_more,1000,NO0 0AC,offwind-float,0.4663663695954511,0.36115565458089316,0.10521071501455792
new_more,1000,NO0 0AC,offwind-float,0.4597970317676579,0.35491887383267945,0.10487815793497846
new_more,1000,NO0 0AC,offwind-float,0.4530628526870712,0.34035709249385643,0.11270576019321477
new_more,1000,NO0 0AC,offwind-float,0.4815582191519462,0.374643397012426,0.1069148221395202
new_more,1000,NO0 0AC,offwind-float,0.45867028259335496,0.35841380351988317,0.1002564790734718
new_more,1000,NO0 0AC,offwind-float,0.45396302831811836,0.35313618114568024,0.10082684717243812
new_more,1000,NO0 0AC,offwind-float,0.44840047708285735,0.3480220642885881,0.10037841279426923
new_more,1000,NO0 0AC,offwind-float,0.4420904281171234,0.34205565700219126,0.10003477111493214
new_more,1000,NO0 0AC,offwind-float,0.43561557963602593,0.3331194573267985,0.10249612230922744
new_more,1000,NO0 0AC,offwind-float,0.5045988893167799,0.3895545447276038,0.11504434458917606
new_more,1000,NO0 0AC,offwind-float,0.4806158548530405,0.3724294502710976,0.1081864045819429
new_more,1000,NO0 0AC,offwind-float,0.4756833769416489,0.3669031395166803,0.10878023742496862
new_more,1000,NO0 0AC,offwind-float,0.4698546794686342,0.3616071741296037,0.10824750533903049
new_more,1000,NO0 0AC,offwind-float,0.46324988820534063,0.35552763777567453,0.1077222504296661
new_more,1000,NO0 0AC,offwind-float,0.4564651386512963,0.3486238684113665,0.10784127023992979
new_more,1000,NO0 0AC,offwind-float,0.49284630820077857,0.3832116663666385,0.10963464183414007
new_more,1000,NO0 0AC,offwind-float,0.46942186109010414,0.36571440306035413,0.10370745802975001
new_more,1000,NO0 0AC,offwind-float,0.4645906534220267,0.36025024287175245,0.10434041055027427
new_more,1000,NO0 0AC,offwind-float,0.4588910814149528,0.3549937539236366,0.1038973274913162
new_more,1000,NO0 0AC,offwind-float,0.45244040647699013,0.3489930267501308,0.10344737972685936
new_more,1000,NO0 0AC,offwind-float,0.445807155956578,0.3388937386500362,0.1069134173065418
new_more,1000,NO0 0AC,offwind-float,0.5035800828155225,0.39005674695656023,0.11352333585896224
new_more,1000,NO0 0AC,offwind-float,0.4796454711128095,0.37221635801182973,0.10742911310097975
new_more,1000,NO0 0AC,offwind-float,0.47472295208295684,0.36666806858385903,0.10805488349909781
new_more,1000,NO0 0AC,offwind-float,0.4688991867446226,0.3613589992985978,0.10754018744602478
new_more,1000,NO0 0AC,offwind-float,0.4623078269320978,0.3552778252383246,0.10703000169377325
new_more,1000,NO0 0AC,offwind-float,0.4555301165983009,0.3413705530694514,0.11415956352884948
new_more,1000,NO0 0AC,offwind-float,0.5019465800735639,0.3907299175480512,0.11121666252551266
new_more,1000,NO0 0AC,offwind-float,0.4780828303839768,0.37413669100412017,0.10394613937985664
new_more,1000,NO0 0AC,offwind-float,0.47317634846734186,0.3686500225014106,0.10452632596593125
new_more,1000,NO0 0AC,offwind-float,0.4673783703997999,0.36321688524060525,0.10416148515919466
new_more,1000,NO0 0AC,offwind-float,0.4608083888451626,0.35694706042162466,0.10386132842353796
new_more,1000,NO0 0AC,offwind-float,0.45405939744695806,0.34032047503764346,0.1137389224093146
new_more,1000,NO0 0AC,offwind-float,0.49777369855275655,0.3874132087946378,0.11036048975811874
new_more,1000,NO0 0AC,offwind-float,0.47409519511451675,0.370449605772082,0.10364558934243473
new_more,1000,NO0 0AC,offwind-float,0.469229637613268,0.3649716459528978,0.1042579916603702
new_more,1000,NO0 0AC,offwind-float,0.4634800198305227,0.35964380207618746,0.10383621775433527
new_more,1000,NO0 0AC,offwind-float,0.4569648377551847,0.3535004559943512,0.1034643817608335
new_more,1000,NO0 0AC,offwind-float,0.45027213893730794,0.34307965020436615,0.10719248873294179
new_more,1000,NO0 0AC,offwind-float,0.4716585446085141,0.3651391741940973,0.10651937041441678
new_more,1000,NO0 0AC,offwind-float,0.4492145836483919,0.3495773014075617,0.09963728224083018
new_more,1000,NO0 0AC,offwind-float,0.4445975397029092,0.3444028044165683,0.10019473528634093
new_more,1000,NO0 0AC,offwind-float,0.4391497467343255,0.33941504178757886,0.09973470494674663
new_more,1000,NO0 0AC,offwind-float,0.43297657758809366,0.33365559487410484,0.09932098271398881
new_more,1000,NO0 0AC,offwind-float,0.4266283866447932,0.31796837780336606,0.10866000884142712
new_more,1000,NO0 0AC,offwind-float,0.5051258900014389,0.3927027397039536,0.11242315029748534
new_more,1000,NO0 0AC,offwind-float,0.48111109762111,0.37542823412731846,0.10568286349379152
new_more,1000,NO0 0AC,offwind-float,0.4761735371183108,0.36984729536274613,0.10632624175556465
new_more,1000,NO0 0AC,offwind-float,0.47032524213981675,0.36439286190265213,0.10593238023716461
new_more,1000,NO0 0AC,offwind-float,0.4637138361329541,0.3581568476440955,0.10555698848885858
new_more,1000,NO0 0AC,offwind-float,0.4569222916058831,0.34998507759866787,0.10693721400721523
new_more,1000,NO0 0AC,offwind-float,0.4978006934683672,0.387734007319423,0.11006668614894421
new_more,1000,NO0 0AC,offwind-float,0.4741341631870795,0.3704596523871174,0.1036745107999621
new_more,1000,NO0 0AC,offwind-float,0.4692545642262843,0.3649190147609953,0.104335549465289
new_more,1000,NO0 0AC,offwind-float,0.4635046410099389,0.3596195989522799,0.10388504205765897
new_more,1000,NO0 0AC,offwind-float,0.45698911283237437,0.3535155123988238,0.10347360043355058
new_more,1000,NO0 0AC,offwind-float,0.45029605848215254,0.3428885584786025,0.10740750000355004
new_more,1000,NO0 0AC,offwind-float,0.5093245864226932,0.39787588205340096,0.11144870436929222
new_more,1000,NO0 0AC,offwind-float,0.48511694473338157,0.38014794049076067,0.1049690042426209
new_more,1000,NO0 0AC,offwind-float,0.48013827291018335,0.37447790279409193,0.10566037011609142
new_more,1000,NO0 0AC,offwind-float,0.47425498820092477,0.36896293077617215,0.10529205742475262
new_more,1000,NO0 0AC,offwind-float,0.46758834138539196,0.36261285404507765,0.10497548734031431
new_more,1000,NO0 0AC,offwind-float,0.46074005092388476,0.35050161286442943,0.11023843805945532
new_more,1000,NO0 0AC,offwind-float,0.47575554497353717,0.36906963099895645,0.10668591397458072
new_more,1000,NO0 0AC,offwind-float,0.45313011927227625,0.3537479419205952,0.09938217735168103
new_more,1000,NO0 0AC,offwind-float,0.4484797227409754,0.34863099783939416,0.09984872490158125
new_more,1000,NO0 0AC,offwind-float,0.44298436016714443,0.343534498611637,0.09944986155550745
new_more,1000,NO0 0AC,offwind-float,0.4367572875005139,0.3376872685345662,0.09907001896594769
new_more,1000,NO0 0AC,offwind-float,0.43036054810123486,0.32311028847029866,0.1072502596309362
new_more,1000,NO0 0AC,offwind-float,0.5009694289464955,0.390546225785563,0.11042320316093257
new_more,1000,NO0 0AC,offwind-float,0.4771456504737854,0.37396772624688096,0.10317792422690442
new_more,1000,NO0 0AC,offwind-float,0.47224878667348874,0.36852717789417594,0.1037216087793128
new_more,1000,NO0 0AC,offwind-float,0.4664621743112583,0.36307971085217344,0.10338246345908486
new_more,1000,NO0 0AC,offwind-float,0.459905071810902,0.3568240533231663,0.10308101848773571
new_more,1000,NO0 0AC,offwind-float,0.453155728994864,0.3430282712363549,0.11012745775850913
new_more,1000,NO0 0AC,offwind-float,0.5184555778211076,0.4063498372263572,0.11210574059475042
new_more,1000,NO0 0AC,offwind-float,0.49380731554965224,0.3875997792887932,0.10620753626085905
new_more,1000,NO0 0AC,offwind-float,0.4887326531570175,0.38177535271106816,0.10695730044594937
new_more,1000,NO0 0AC,offwind-float,0.4827440588135462,0.3761292508559378,0.10661480795760842
new_more,1000,NO0 0AC,offwind-float,0.4759444781860988,0.3696009450081859,0.1063435331779129
new_more,1000,NO0 0AC,offwind-float,0.4689738038948798,0.35339704808386074,0.11557675581101906
new_more,1000,NO0 0AC,offwind-float,0.3807980724838488,0.2772700115348824,0.10352806094896638
new_more,1000,NO0 0AC,offwind-float,0.3626856630715786,0.2607132918787025,0.10197237119287611
new_more,1000,NO0 0AC,offwind-float,0.35895665109501695,0.25727525994392586,0.1016813911510911
new_more,1000,NO0 0AC,offwind-float,0.35455146671502086,0.2534480541895651,0.10110341252545574
new_more,1000,NO0 0AC,offwind-float,0.3495675035194311,0.24935788458739963,0.10020961893203148
new_more,1000,NO0 0AC,offwind-float,0.34443414703684283,0.24565002976577352,0.09878411727106931
new_more,1000,GB4 0AC,offwind-ac,0.5078628379416907,0.4337001762017601,0.07416266173993064
new_more,1000,GB4 0AC,offwind-ac,0.48371791072746717,0.39885902164964904,0.08485888907781813
new_more,1000,GB4 0AC,offwind-ac,0.4787535969498093,0.3925294859333837,0.08622411101642558
new_more,1000,GB4 0AC,offwind-ac,0.4728804860976459,0.3860672906906788,0.08681319540696708
new_more,1000,GB4 0AC,offwind-ac,0.46623316078699484,0.378449092730199,0.08778406805679584
new_more,1000,GB4 0AC,offwind-ac,0.45939791363199883,0.36982958259744914,0.0895683310345497
new_more,1000,GB4 0AC,offwind-ac,0.5078628379416906,0.43372010524828497,0.07414273269340566
new_more,1000,GB4 0AC,offwind-ac,0.48371791072746717,0.3997753546665519,0.08394255606091527
new_more,1000,GB4 0AC,offwind-ac,0.4787535969498093,0.3935452017168155,0.08520839523299378
new_more,1000,GB4 0AC,offwind-ac,0.4728804860976459,0.3866946273267079,0.08618585877093798
new_more,1000,GB4 0AC,offwind-ac,0.46623316078699484,0.37846659277322897,0.08776656801376587
new_more,1000,GB4 0AC,offwind-ac,0.45939791363199883,0.37126565523570004,0.08813225839629879
new_more,1000,GB4 0AC,offwind-ac,0.5308267092593336,0.4613247376803001,0.06950197157903354
new_more,1000,GB4 0AC,offwind-ac,0.5055837831741913,0.4426821764219424,0.06290160675224887
new_more,1000,GB4 0AC,offwind-ac,0.5003950637058604,0.4381305895058935,0.06226447419996689
new_more,1000,GB4 0AC,offwind-ac,0.4942635661915186,0.4328417364811707,0.06142182971034793
new_more,1000,GB4 0AC,offwind-ac,0.4873088210114635,0.4266754087283631,0.060633412283100374
new_more,1000,GB4 0AC,offwind-ac,0.48017170475904924,0.4205495597443913,0.05962214501465796
new_more,1000,NO0 0AC,offwind-ac,0.2826624840689383,0.20974779380602138,0.07291469026291691
new_more,1000,NO0 0AC,offwind-ac,0.2691874700919308,0.1940368223654131,0.0751506477265177
new_more,1000,NO0 0AC,offwind-ac,0.2664180056436381,0.19192000264857156,0.07449800299506654
new_more,1000,NO0 0AC,offwind-ac,0.26314670531159756,0.188700456260355,0.07444624905124256
new_more,1000,NO0 0AC,offwind-ac,0.2594407797338282,0.185508448586919,0.07393233114690917
new_more,1000,NO0 0AC,offwind-ac,0.2556341885798627,0.18214157755007832,0.07349261102978438
new_more,1000,NO0 0AC,offwind-ac,0.2826624840689383,0.20821453079473606,0.07444795327420223
new_more,1000,NO0 0AC,offwind-ac,0.2691874700919308,0.19649772130358986,0.07268974878834092
new_more,1000,NO0 0AC,offwind-ac,0.2664180056436381,0.19413571872529473,0.07228228691834337
new_more,1000,NO0 0AC,offwind-ac,0.26314670531159756,0.19109451347812634,0.07205219183347122
new_more,1000,NO0 0AC,offwind-ac,0.2594407797338282,0.18771642873089212,0.07172435100293606
new_more,1000,NO0 0AC,offwind-ac,0.2556341885798627,0.18448737277777372,0.07114681580208898
new_more,1000,NL2 0AC,offwind-dc,0.5098892479776759,0.44773322014205963,0.062156027835616245
new_more,1000,NL2 0AC,offwind-dc,0.4856413455391905,0.4123132340561169,0.07332811148307361
new_more,1000,NL2 0AC,offwind-dc,0.480657291880655,0.40497018634380816,0.07568710553684682
new_more,1000,NL2 0AC,offwind-dc,0.4747676474693167,0.39792405649322327,0.07684359097609345
new_more,1000,NL2 0AC,offwind-dc,0.4680937941544024,0.3900298172555036,0.07806397689889877
new_more,1000,NL2 0AC,offwind-dc,0.4612381008407059,0.37685381253887934,0.08438428830182654
new_more,1000,NL2 0AC,offwind-dc,0.5072776008941667,0.4594734005267338,0.047804200367432936
new_more,1000,NL2 0AC,offwind-dc,0.48316725019283946,0.4187126517794374,0.06445459841340206
new_more,1000,NL2 0AC,offwind-dc,0.4782085877496025,0.41095541193118484,0.06725317581841767
new_more,1000,NL2 0AC,offwind-dc,0.4723489480772833,0.4028793259716437,0.06946962210563956
new_more,1000,NL2 0AC,offwind-dc,0.4657023334762167,0.3941211293235539,0.07158120415266278
new_more,1000,NL2 0AC,offwind-dc,0.45886803931349707,0.38025421264317005,0.07861382667032701
new_more,1000,NL2 0AC,offwind-dc,0.5078433538262268,0.4547662932119741,0.053077060614252713
new_more,1000,NL2 0AC,offwind-dc,0.4836994517379761,0.4169768508901459,0.06672260084783022
new_more,1000,NL2 0AC,offwind-dc,0.47873532740175473,0.409072022162589,0.06966330523916575
new_more,1000,NL2 0AC,offwind-dc,0.472869233423424,0.40164627438508393,0.07122295903834008
new_more,1000,NL2 0AC,offwind-dc,0.466222066292669,0.3932698077433614,0.07295225854930759
new_more,1000,NL2 0AC,offwind-dc,0.4593937862716651,0.38023613179854393,0.07915765447312118
new_more,1000,NL2 0AC,offwind-dc,0.507596967195251,0.47985574590920593,0.027741221286045115
new_more,1000,NL2 0AC,offwind-dc,0.4834647841449286,0.42371307542099174,0.05975170872393687
new_more,1000,NL2 0AC,offwind-dc,0.47850306816188076,0.4157511420317214,0.06275192613015934
new_more,1000,NL2 0AC,offwind-dc,0.4726398201287944,0.4071814473127708,0.06545837281602362
new_more,1000,NL2 0AC,offwind-dc,0.46599587788222235,0.39795459575588027,0.06804128212634208
new_more,1000,NL2 0AC,offwind-dc,0.4591709106126211,0.38393587328949075,0.07523503732313036
new_more,1000,NL2 0AC,offwind-dc,0.5108824250627092,0.45222364793674,0.058658777125969175
new_more,1000,NL2 0AC,offwind-dc,0.4865941026460376,0.41614827202254795,0.07044583062348964
new_more,1000,NL2 0AC,offwind-dc,0.48160027100507175,0.408346186626581,0.07325408437849074
new_more,1000,NL2 0AC,offwind-dc,0.4756990719750395,0.4012138857389723,0.0744851862360672
new_more,1000,NL2 0AC,offwind-dc,0.468998526466306,0.3929989815765871,0.07599954488971894
new_more,1000,NL2 0AC,offwind-dc,0.46212275544446707,0.3788109010989311,0.08331185434553595
new_more,1000,NL2 0AC,offwind-dc,0.5099009303642974,0.4686529788755659,0.041247951488731505
new_more,1000,NL2 0AC,offwind-dc,0.48564613277354673,0.42414694951205234,0.061499183261494395
new_more,1000,NL2 0AC,offwind-dc,0.48066202998444757,0.4161858062471193,0.06447622373732825
new_more,1000,NL2 0AC,offwind-dc,0.47477232751563897,0.40779617272736435,0.06697615478827462
new_more,1000,NL2 0AC,offwind-dc,0.4680984084128749,0.3987650625806935,0.06933334583218143
new_more,1000,NL2 0AC,offwind-dc,0.46124264751883154,0.38556571812282814,0.0756769293960034
new_more,1000,NL2 0AC,offwind-dc,0.5159683106075956,0.4419104391655243,0.07405787144207132
new_more,1000,NL2 0AC,offwind-dc,0.49143176594933885,0.40949673511014084,0.08193503083919801
new_more,1000,NL2 0AC,offwind-dc,0.4863747097293554,0.4026069796615142,0.08376773006784122
new_more,1000,NL2 0AC,offwind-dc,0.4804081962952319,0.3958550367190967,0.08455315957613518
new_more,1000,NL2 0AC,offwind-dc,0.47364822332068834,0.388449704671901,0.08519851864878736
new_more,1000,NL2 0AC,offwind-dc,0.4667044102947965,0.37424510303030545,0.09245930726449103
new_more,1000,NL2 0AC,offwind-dc,0.511430709757964,0.46447286944238775,0.04695784031557626
new_more,1000,NL2 0AC,offwind-dc,0.4871162217902514,0.4228250433295043,0.06429117846074706
new_more,1000,NL2 0AC,offwind-dc,0.4821101880354102,0.41498199998320834,0.06712818805220189
new_more,1000,NL2 0AC,offwind-dc,0.4762027408322229,0.4067184349068271,0.06948430592539584
new_more,1000,NL2 0AC,offwind-dc,0.469501941969346,0.3977187771098401,0.07178316485950592
new_more,1000,NL2 0AC,offwind-dc,0.46262562494800763,0.3842691711760202,0.07835645377198741
new_more,1000,NL2 0AC,offwind-dc,0.5120819372196163,0.4846318378354117,0.027450099384204563
new_more,1000,NL2 0AC,offwind-dc,0.48772313164809644,0.4321657508017973,0.05555738084629913
new_more,1000,NL2 0AC,offwind-dc,0.48271771297653676,0.42363640770042293,0.05908130527611383
new_more,1000,NL2 0AC,offwind-dc,0.47679602864540443,0.4145889984226033,0.06220703022280111
new_more,1000,NL2 0AC,offwind-dc,0.47009366218620136,0.4049629090045374,0.06513075318166395
new_more,1000,NL2 0AC,offwind-dc,0.463195137902779,0.3903911880940878,0.0728039498086912
base,10000,BE2 0AC,offwind-dc,0.5938659701081414,0.501867746984798,0.09199822312334338
base,10000,DE2 0AC,offwind-dc,0.5756890374754142,0.5675891137894857,0.00809992368592849
base,10000,DE2 0AC,offwind-dc,0.5855019194994173,0.5820155159128203,0.00348640358659702
base,10000,DE2 0AC,offwind-dc,0.5800201403527135,0.48843220728343656,0.09158793306927698
base,10000,DE2 0AC,offwind-dc,0.5839930653779235,0.58035120007896,0.003641865298963487
base,10000,DK2 0AC,offwind-dc,0.5778592671740521,0.43776094171791646,0.14009832545613565
base,10000,DK2 0AC,offwind-dc,0.5897622583237987,0.45164151592140145,0.13812074240239725
base,10000,DK2 0AC,offwind-dc,0.619247382832462,0.5619723220349001,0.05727506079756184
base,10000,DK2 0AC,offwind-dc,0.6050297757670812,0.461460921129639,0.14356885463744218
base,10000,FR2 0AC,offwind-dc,0.5826198774371905,0.4661445369541784,0.11647534048301206
base,10000,GB1 0AC,offwind-dc,0.5709690042920672,0.3739096819928255,0.19705932229924172
base,10000,GB1 0AC,offwind-dc,0.5760073015079813,0.3821840725452289,0.1938232289627524
base,10000,GB1 0AC,offwind-dc,0.5914127469333071,0.3821643702041343,0.20924837672917285
base,10000,GB1 0AC,offwind-dc,0.583626234499566,0.3890359859860374,0.19459024851352857
base,10000,GB1 0AC,offwind-dc,0.5758670139810417,0.39736736636286263,0.17849964761817905
base,10000,NL2 0AC,offwind-dc,0.5788406769658262,0.48018161213994054,0.09865906482588566
base,10000,NL2 0AC,offwind-dc,0.5920627637526019,0.4587348081737093,0.1333279555788926
base,10000,NL2 0AC,offwind-dc,0.5711601038909637,0.5544604348719735,0.016699669018990226
base,10000,NL2 0AC,offwind-dc,0.5835893098981904,0.45788441000813046,0.1257048998900599
base,10000,NL2 0AC,offwind-dc,0.5762680237060356,0.49553229094661994,0.08073573275941565
base,10000,NL2 0AC,offwind-dc,0.5854210468302173,0.4655673266568407,0.11985372017337664
base,10000,NL2 0AC,offwind-dc,0.581939804579731,0.4585518388290435,0.12338796575068756
base,10000,GB1 0AC,offwind-float,0.573765583287835,0.41148102316241186,0.16228456012542314
base,10000,GB1 0AC,offwind-float,0.5490238457748811,0.3483614933928466,0.20066235238203445
base,10000,GB1 0AC,offwind-float,0.575671491216171,0.42529961235957436,0.15037187885659664
base,10000,GB1 0AC,offwind-float,0.5709333056190796,0.3913527332114936,0.17958057240758601
base,10000,GB1 0AC,offwind-float,0.5774680858185602,0.41828741537396247,0.15918067044459777
base,10000,GB1 0AC,offwind-float,0.5709400177125502,0.4197743875264315,0.15116563018611873
base,10000,GB1 0AC,offwind-float,0.5717167957158373,0.41419393736786353,0.1575228583479738
base,10000,GB1 0AC,offwind-float,0.5666607310190731,0.3752437829344985,0.1914169480845746
base,10000,GB1 0AC,offwind-float,0.5606663919694521,0.4080795395677194,0.1525868524017327
base,10000,GB1 0AC,offwind-float,0.5732214293730238,0.37258894323183694,0.20063248614118684
base,10000,GB1 0AC,offwind-float,0.5659119374769972,0.4092549686359825,0.1566569688410147
base,10000,GB1 0AC,offwind-float,0.5689713636625537,0.3769496850641319,0.19202167859842184
base,10000,GB4 0AC,offwind-float,0.5867575800139231,0.41551959584106046,0.17123798417286262
base,10000,GB4 0AC,offwind-float,0.5929499785514185,0.42268740141279587,0.17026257713862264
base,10000,GB4 0AC,offwind-float,0.5702914792821512,0.42077556575850444,0.14951591352364674
base,10000,GB4 0AC,offwind-float,0.590962488569548,0.45894844651626476,0.13201404205328326
base,10000,GB4 0AC,offwind-float,0.5832821705201288,0.43782688140670706,0.1454552891134217
base,10000,GB4 0AC,offwind-float,0.5767030568986644,0.44701676152640485,0.12968629537225956
base,10000,GB4 0AC,offwind-float,0.5604528766630129,0.42332291789468074,0.13712995876833217
base,10000,NL2 0AC,offwind-float,0.45268663068903936,0.26742844166753177,0.1852581890215076
base,10000,NO0 0AC,offwind-float,0.5581306835480563,0.40535037361780324,0.15278030993025304
base,10000,NO0 0AC,offwind-float,0.5589828542497991,0.4116489054557857,0.1473339487940134
base,10000,NO0 0AC,offwind-float,0.5511808316187873,0.4113401380029831,0.1398406936158042
base,10000,NO0 0AC,offwind-float,0.5370360230906329,0.3922307832079697,0.1448052398826632
base,10000,NO0 0AC,offwind-float,0.5770956627355819,0.4104259993550126,0.16666966338056927
base,10000,NO0 0AC,offwind-float,0.5634735623038147,0.4149772135478267,0.14849634875598805
base,10000,NO0 0AC,offwind-float,0.49455416239162175,0.30752650632142303,0.18702765607019872
base,10000,NO0 0AC,offwind-float,0.5707881975382378,0.3986289833179279,0.17215921422030994
base,10000,NO0 0AC,offwind-float,0.5996938132847773,0.4091736486651054,0.19052016461967192
base,10000,NO0 0AC,offwind-float,0.4753194948580945,0.28317150920813605,0.19214798564995844
base,10000,NO0 0AC,offwind-float,0.1570676428293536,0.0856567525673912,0.07141089026196239
base,10000,NO0 0AC,offwind-float,0.6206763395963067,0.4079383741663848,0.21273796542992196
base,10000,NO0 0AC,offwind-float,0.5657566133975912,0.3561250361541373,0.20963157724345388
base,10000,NO0 0AC,offwind-float,0.6172213799242534,0.4135549368004684,0.203666443123785
base,10000,NO0 0AC,offwind-float,0.5261409524654239,0.3299003124738756,0.19624063999154834
base,10000,DK2 0AC,offwind-ac,0.5753048207901392,0.39100452570922567,0.18430029508091356
base,10000,DK2 0AC,offwind-ac,0.4975459513240466,0.3192325175684429,0.1783134337556037
base,10000,DK2 0AC,offwind-ac,0.5373504349576597,0.36255500106609334,0.17479543389156632
base,10000,GB1 0AC,offwind-ac,0.48908911110401204,0.36062802056337734,0.1284610905406347
base,10000,GB1 0AC,offwind-ac,0.5484817940751215,0.35042230890104203,0.1980594851740795
base,10000,GB1 0AC,offwind-ac,0.46845276588902024,0.3113513640449756,0.15710140184404464
base,10000,GB4 0AC,offwind-ac,0.6001263368277429,0.5002988292616923,0.09982750756605052
base,10000,NL2 0AC,offwind-ac,0.4708103763897188,0.30582787008337126,0.16498250630634753
standard,10000,DK2 0AC,offwind-ac,0.509419447737886,0.3329570440601047,0.17646240367778138
standard,10000,DK2 0AC,offwind-ac,0.44052531399818196,0.2585967173499961,0.18192859664818584
standard,10000,DK2 0AC,offwind-ac,0.4757914864635408,0.30055281898518926,0.17523866747835154
standard,10000,GB1 0AC,offwind-ac,0.4330618621654594,0.2852290221176318,0.1478328400478276
standard,10000,GB1 0AC,offwind-ac,0.48564837625547674,0.2808592376273279,0.20478913862814885
standard,10000,GB1 0AC,offwind-ac,0.41477544798552385,0.2507974949262276,0.16397795305929624
standard,10000,GB4 0AC,offwind-ac,0.5313741762097042,0.4365441927382332,0.09482998347147098
standard,10000,NL2 0AC,offwind-ac,0.4168896323888861,0.2499371009302699,0.1669525314586162
standard,10000,GB1 0AC,offwind-float,0.5080316501906929,0.3309766389926372,0.17705501119805567
standard,10000,GB1 0AC,offwind-float,0.4861470965490236,0.2824922194198148,0.20365487712920882
standard,10000,GB1 0AC,offwind-float,0.5097571054719194,0.339691053495839,0.17006605197608043
standard,10000,GB1 0AC,offwind-float,0.5055484450322781,0.3136837172773355,0.19186472775494262
standard,10000,GB1 0AC,offwind-float,0.5113353747640845,0.33517886132677793,0.1761565134373066
standard,10000,GB1 0AC,offwind-float,0.5055546202671916,0.3356477106399214,0.16990690962727018
standard,10000,GB1 0AC,offwind-float,0.5062355960046916,0.33223475185873963,0.17400084414595196
standard,10000,GB1 0AC,offwind-float,0.5017521260239368,0.3039675100370728,0.19778461598686403
standard,10000,GB1 0AC,offwind-float,0.4964572359186807,0.3263139191055775,0.17014331681310318
standard,10000,GB1 0AC,offwind-float,0.5075747224991071,0.3017676417202474,0.20580708077885967
standard,10000,GB1 0AC,offwind-float,0.5010894296345471,0.33000284368282007,0.171086585951727
standard,10000,GB1 0AC,offwind-float,0.5038241425231913,0.3053128107143747,0.19851133180881658
standard,10000,GB4 0AC,offwind-float,0.5195546738885926,0.33972199283428495,0.1798326810543076
standard,10000,GB4 0AC,offwind-float,0.5250378768452316,0.33875611094958136,0.18628176589565026
standard,10000,GB4 0AC,offwind-float,0.5049670615790143,0.34492295792851263,0.16004410365050165
standard,10000,GB4 0AC,offwind-float,0.5232908021133308,0.37216703246920163,0.15112376964412916
standard,10000,GB4 0AC,offwind-float,0.5164707685781453,0.35693302612618955,0.1595377424519558
standard,10000,GB4 0AC,offwind-float,0.5106639961087334,0.36298973336118107,0.1476742627475523
standard,10000,GB4 0AC,offwind-float,0.4962352358690989,0.3470388476865435,0.14919638818255543
standard,10000,NL2 0AC,offwind-float,0.40083499669323225,0.21616906470718888,0.18466593198604336
standard,10000,NO0 0AC,offwind-float,0.4941927770044547,0.32514300716616934,0.16904976983828535
standard,10000,NO0 0AC,offwind-float,0.4949793174381971,0.3301234582267142,0.16485585921148294
standard,10000,NO0 0AC,offwind-float,0.488043889026401,0.3318707834797762,0.15617310554662478
standard,10000,NO0 0AC,offwind-float,0.4755193615266751,0.31642373038714605,0.15909563113952907
standard,10000,NO0 0AC,offwind-float,0.5109984196319345,0.32989206309194236,0.18110635653999213
standard,10000,NO0 0AC,offwind-float,0.4989305214901967,0.3332656212841852,0.1656649002060115
standard,10000,NO0 0AC,offwind-float,0.43788884450230214,0.2540456037940546,0.18384324070824754
standard,10000,NO0 0AC,offwind-float,0.5054075315289116,0.3246551749698797,0.18075235655903188
standard,10000,NO0 0AC,offwind-float,0.5309901194917508,0.33938198953298615,0.19160812995876464
standard,10000,NO0 0AC,offwind-float,0.4208555707648898,0.23410497951723397,0.1867505912476558
standard,10000,NO0 0AC,offwind-float,0.1389935503460256,0.06860955527837322,0.07038399506765237
standard,10000,NO0 0AC,offwind-float,0.549583341988443,0.33442880370449835,0.2151545382839447
standard,10000,NO0 0AC,offwind-float,0.5009524154133825,0.2940972019084231,0.20685521350495945
standard,10000,NO0 0AC,offwind-float,0.5465495319229264,0.3366706498295567,0.20987888209336975
standard,10000,NO0 0AC,offwind-float,0.4658716915759958,0.2729607706324612,0.19291092094353457
standard,10000,BE2 0AC,offwind-dc,0.5258481023171301,0.41098682911674794,0.11486127320038214
standard,10000,DE2 0AC,offwind-dc,0.5097468607186374,0.497626988316175,0.012119872402462373
standard,10000,DE2 0AC,offwind-dc,0.5184493720372635,0.43630492194656245,0.08214445009070104
standard,10000,DE2 0AC,offwind-dc,0.5135698696769213,0.40279037011161695,0.11077949956530436
standard,10000,DE2 0AC,offwind-dc,0.5170937093140179,0.5110577853947039,0.006035923919313957
standard,10000,DK2 0AC,offwind-dc,0.5116876454898363,0.35985261048487754,0.1518350350049587
standard,10000,DK2 0AC,offwind-dc,0.5222214401751897,0.374951994119683,0.14726944605550668
standard,10000,DK2 0AC,offwind-dc,0.5483182024669266,0.3963502587813501,0.15196794368557653
standard,10000,DK2 0AC,offwind-dc,0.5357346408047533,0.38316418385073847,0.15257045695401483
standard,10000,FR2 0AC,offwind-dc,0.5158709366117518,0.3615516677725935,0.15431926883915825
standard,10000,GB1 0AC,offwind-dc,0.5055474780434109,0.30248679726683697,0.20306068077657397
standard,10000,GB1 0AC,offwind-dc,0.5100347458582184,0.312437199074754,0.19759754678346442
standard,10000,GB1 0AC,offwind-dc,0.5236833391808399,0.3037587296124938,0.21992460956834609
standard,10000,GB1 0AC,offwind-dc,0.5167555524429759,0.3129202540339878,0.20383529840898806
standard,10000,GB1 0AC,offwind-dc,0.5099302408802124,0.3193113810128783,0.19061885986733412
standard,10000,NL2 0AC,offwind-dc,0.5125634194532392,0.40885286792390807,0.10371055152933117
standard,10000,NL2 0AC,offwind-dc,0.5242650235173915,0.3872516510590744,0.13701337245831707
standard,10000,NL2 0AC,offwind-dc,0.5057490771275335,0.42246519246947906,0.08328388465805442
standard,10000,NL2 0AC,offwind-dc,0.516742923525554,0.3906960401188224,0.12604688340673154
standard,10000,NL2 0AC,offwind-dc,0.5102527054335858,0.42491780489288694,0.08533490054069887
standard,10000,NL2 0AC,offwind-dc,0.5183903369681574,0.40518954507215793,0.11320079189599946
standard,10000,NL2 0AC,offwind-dc,0.5152944998147686,0.3946716308071613,0.12062286900760733
glaum,10000,BE2 0AC,offwind-dc,0.5380357715725339,0.44204349329027864,0.09599227828225526
glaum,10000,FR2 0AC,offwind-dc,0.5278276903587075,0.3968760753313712,0.13095161502733627
glaum,10000,GB1 0AC,offwind-dc,0.5358070076768391,0.33819552760475946,0.19761148007207963
glaum,10000,DK2 0AC,offwind-ac,0.4507306674282561,0.29132868329762196,0.15940198413063417
glaum,10000,GB4 0AC,offwind-ac,0.5436758934455019,0.45248788914973903,0.0911880042957629
glaum,10000,NL2 0AC,offwind-ac,0.4265409451658169,0.28315533132794235,0.14338561383787457
glaum,10000,GB4 0AC,offwind-float,0.5371997628007714,0.3732397978239838,0.1639599649767876
glaum,10000,NL2 0AC,offwind-float,0.4101146324156617,0.24119860216480785,0.16891603025085386
glaum,10000,NO0 0AC,offwind-float,0.14221821211133567,0.07824657840851439,0.06397163370282129
glaum,10000,DE2 0AC,offwind-dc,0.5215548379269014,0.5082980571449282,0.013256780781973232
glaum,10000,DE2 0AC,offwind-dc,0.4547972545001331,0.3821393758993126,0.07265787860082046
glaum,10000,DE2 0AC,offwind-dc,0.5254594036445971,0.5107224647948271,0.01473693884977001
glaum,10000,DE2 0AC,offwind-dc,0.45817616375921383,0.34188882777072027,0.11628733598849356
glaum,10000,DK2 0AC,offwind-dc,0.5235404960596913,0.3925655457434645,0.13097495031622686
glaum,10000,DK2 0AC,offwind-dc,0.4565159874615331,0.316675834898972,0.1398401525625611
glaum,10000,DK2 0AC,offwind-dc,0.5610191121318019,0.4475688009216634,0.11345031121013849
glaum,10000,DK2 0AC,offwind-dc,0.48921148135334913,0.34328050322087555,0.14593097813247358
glaum,10000,GB1 0AC,offwind-dc,0.5172651772256869,0.32882186892114934,0.18844330830453754
glaum,10000,GB1 0AC,offwind-dc,0.4510372474929721,0.27096615710353417,0.18007109038943792
glaum,10000,GB1 0AC,offwind-dc,0.5217355146668238,0.3441602626402522,0.1775752520265716
glaum,10000,GB1 0AC,offwind-dc,0.45496072269918,0.28356139100672806,0.17139933169245192
glaum,10000,NL2 0AC,offwind-dc,0.5364021584491888,0.42091964072570454,0.11548251772348428
glaum,10000,NL2 0AC,offwind-dc,0.4677377790998139,0.3290541532226043,0.13868362587720962
glaum,10000,NL2 0AC,offwind-dc,0.5287059161085848,0.4223579198520327,0.10634799625655206
glaum,10000,NL2 0AC,offwind-dc,0.46104572816523764,0.33719802598085485,0.12384770218438279
glaum,10000,NL2 0AC,offwind-dc,0.530391468428177,0.44542104675527733,0.08497042167289964
glaum,10000,NL2 0AC,offwind-dc,0.4625032004112877,0.34280272265430034,0.11970047775698733
glaum,10000,NL2 0AC,offwind-dc,0.5272239602847888,0.4253721555027065,0.10185180478208228
glaum,10000,NL2 0AC,offwind-dc,0.45974727947851474,0.33677763302998404,0.1229696464485307
glaum,10000,DK2 0AC,offwind-ac,0.5212128962738846,0.36629859948141646,0.1549142967924681
glaum,10000,DK2 0AC,offwind-ac,0.45449175948985154,0.300505655972702,0.15398610351714953
glaum,10000,DK2 0AC,offwind-ac,0.4868133874355637,0.33638942893339707,0.1504239585021666
glaum,10000,DK2 0AC,offwind-ac,0.42448288091876085,0.2711544636449184,0.15332841727384244
glaum,10000,GB1 0AC,offwind-ac,0.4431015380447535,0.3076423442179452,0.13545919382680832
glaum,10000,GB1 0AC,offwind-ac,0.3863647015779975,0.2508897121771047,0.1354749894008928
glaum,10000,GB1 0AC,offwind-ac,0.4968984762117071,0.310486805134317,0.1864116710773901
glaum,10000,GB1 0AC,offwind-ac,0.43329007514154194,0.2663370443604833,0.16695303078105866
glaum,10000,GB1 0AC,offwind-ac,0.4243917715222355,0.27115339782129183,0.15323837370094368
glaum,10000,GB1 0AC,offwind-ac,0.3700500302116133,0.22745608654433982,0.1425939436672735
glaum,10000,GB4 0AC,offwind-float,0.5315827606358723,0.36103306883398795,0.17054969180188434
glaum,10000,GB4 0AC,offwind-float,0.4635282024269729,0.30362055760814366,0.15990764481882924
glaum,10000,NO0 0AC,offwind-float,0.4480400612529685,0.2842397049803355,0.163800356272633
glaum,10000,NO0 0AC,offwind-float,0.3906585056629762,0.23652741186697152,0.1541310937960047
glaum,10000,NO0 0AC,offwind-float,0.430612548986718,0.26381896966032475,0.16679357932639327
glaum,10000,NO0 0AC,offwind-float,0.3754676438714743,0.21876357114114597,0.15670407273032833
glaum,10000,NO0 0AC,offwind-float,0.5623066152925233,0.369589807349997,0.19271680794252632
glaum,10000,NO0 0AC,offwind-float,0.4903464383523702,0.30526177518516917,0.185084663167201
glaum,10000,NO0 0AC,offwind-float,0.5125498456968092,0.32901235958661473,0.18353748611019444
glaum,10000,NO0 0AC,offwind-float,0.44693178044278686,0.2685795960498361,0.17835218439295075
glaum,10000,NO0 0AC,offwind-float,0.5592025702113735,0.372677457849116,0.18652511236225755
glaum,10000,NO0 0AC,offwind-float,0.4875946819460045,0.3051845034285259,0.18241017851747865
glaum,10000,NO0 0AC,offwind-float,0.47665697636121085,0.3036759228145203,0.17298105354669052
glaum,10000,NO0 0AC,offwind-float,0.41561354384161675,0.2479949267403226,0.16761861710129414
glaum,10000,DE2 0AC,offwind-dc,0.5304518702041341,0.5161984733099585,0.014253396894175596
glaum,10000,DE2 0AC,offwind-dc,0.462528564853175,0.3529985129533443,0.10953005189983073
glaum,10000,DE2 0AC,offwind-dc,0.3982046839064779,0.2665914759573262,0.1316132079491517
glaum,10000,DE2 0AC,offwind-dc,0.529071682601031,0.5151071068599808,0.013964575741050145
glaum,10000,DE2 0AC,offwind-dc,0.46133919700007575,0.36451979716593264,0.09681939983414312
glaum,10000,DE2 0AC,offwind-dc,0.3971807526381653,0.2704815249333542,0.12669922770481112
glaum,10000,DK2 0AC,offwind-dc,0.53431126459483,0.3998342316375392,0.13447703295729085
glaum,10000,DK2 0AC,offwind-dc,0.46592724910450256,0.3263207814280813,0.13960646767642126
glaum,10000,DK2 0AC,offwind-dc,0.4011177453620087,0.2688212245651381,0.13229652079687065
glaum,10000,DK2 0AC,offwind-dc,0.5481373061198268,0.4124648492941546,0.1356724568256722
glaum,10000,DK2 0AC,offwind-dc,0.4779708300552396,0.33449943250443565,0.14347139755080396
glaum,10000,DK2 0AC,offwind-dc,0.4115069573321461,0.2737831345238722,0.1377238228082739
glaum,10000,GB1 0AC,offwind-dc,0.5218494288019258,0.3304320840035206,0.19141734479840516
glaum,10000,GB1 0AC,offwind-dc,0.45506059219821265,0.2803428474495916,0.17471774474862106
glaum,10000,GB1 0AC,offwind-dc,0.39175537583807474,0.23118977954059833,0.1605655962974764
glaum,10000,GB1 0AC,offwind-dc,0.5287188373950719,0.3358740360770889,0.19284480131798298
glaum,10000,GB1 0AC,offwind-dc,0.46103754668731484,0.28352421966126595,0.17751332702604888
glaum,10000,GB1 0AC,offwind-dc,0.3969016235616816,0.2262529489874587,0.17064867457422292
glaum,10000,NL2 0AC,offwind-dc,0.5244296533310386,0.4324596656344078,0.09196998769663084
glaum,10000,NL2 0AC,offwind-dc,0.4573036903712124,0.3423922425622274,0.11491144780898499
glaum,10000,NL2 0AC,offwind-dc,0.3936919692890752,0.2788485702408925,0.11484339904818269
glaum,10000,NL2 0AC,offwind-dc,0.5174575537860479,0.49423137100495357,0.023226182781094284
glaum,10000,NL2 0AC,offwind-dc,0.4512112987136684,0.34920228941894005,0.10200900929472834
glaum,10000,NL2 0AC,offwind-dc,0.38844864513955263,0.2684726064617882,0.11997603867776441
glaum,10000,NL2 0AC,offwind-dc,0.5220724206963222,0.49828763104332335,0.02378478965299885
glaum,10000,NL2 0AC,offwind-dc,0.45523572799386336,0.34960001092844983,0.10563571706541353
glaum,10000,NL2 0AC,offwind-dc,0.39191311685982866,0.28368966844761684,0.10822344841221182
glaum,10000,GB1 0AC,offwind-float,0.5197929701555819,0.34428479217836466,0.17550817797721724
glaum,10000,GB1 0AC,offwind-float,0.4532476816216694,0.2901235790649593,0.16312410255671012
glaum,10000,GB1 0AC,offwind-float,0.3901753427723657,0.24710427941216606,0.14307106336019965
glaum,10000,GB1 0AC,offwind-float,0.4974087649565146,0.2986277484116683,0.1987810165448463
glaum,10000,GB1 0AC,offwind-float,0.43371527732087856,0.25750797556189314,0.1762073017589854
glaum,10000,GB1 0AC,offwind-float,0.37339165612026554,0.2062088225023777,0.16718283361788783
glaum,10000,GB1 0AC,offwind-float,0.521558371041851,0.3442300814343165,0.1773282896075345
glaum,10000,GB1 0AC,offwind-float,0.4547993448202559,0.28982259560900003,0.16497674921125588
glaum,10000,GB1 0AC,offwind-float,0.3915322282167572,0.24832639911513987,0.14320582910161733
glaum,10000,GB1 0AC,offwind-float,0.5172522769048493,0.3296858985106145,0.18756637839423485
glaum,10000,GB1 0AC,offwind-float,0.4510314917298495,0.28104478658053617,0.16998670514931336
glaum,10000,GB1 0AC,offwind-float,0.3882793893064118,0.2299442283809237,0.1583351609254881
glaum,10000,GB1 0AC,offwind-float,0.5231731784712148,0.33326324691312403,0.18990993155809077
glaum,10000,GB1 0AC,offwind-float,0.45618253954021276,0.28291381383077907,0.1732687257094337
glaum,10000,GB1 0AC,offwind-float,0.3927354423349092,0.2611996624076572,0.13153577992725202
glaum,10000,GB1 0AC,offwind-float,0.5172585951011582,0.33617310832853314,0.1810854867726251
glaum,10000,GB1 0AC,offwind-float,0.4510378253970562,0.28502975580511863,0.1660080695919376
glaum,10000,GB1 0AC,offwind-float,0.3883117996390887,0.2590902203940746,0.1292215792450141
glaum,10000,GB1 0AC,offwind-float,0.5179623144288439,0.3271620040547721,0.1908003103740718
glaum,10000,GB1 0AC,offwind-float,0.4516377866400182,0.27913451306375586,0.17250327357626233
glaum,10000,GB1 0AC,offwind-float,0.3888279549697095,0.2507963410097173,0.1380316139599922
glaum,10000,GB1 0AC,offwind-float,0.5133750172655693,0.3090916260071928,0.20428339125837652
glaum,10000,GB1 0AC,offwind-float,0.44765742244377243,0.2663587133053522,0.18129870913842022
glaum,10000,GB1 0AC,offwind-float,0.38540808938262794,0.22395497641737805,0.1614531129652499
glaum,10000,GB1 0AC,offwind-float,0.5079505993702144,0.3245690952236183,0.18338150414659604
glaum,10000,GB1 0AC,offwind-float,0.4429139572041503,0.2761941516023389,0.16671980560181138
glaum,10000,GB1 0AC,offwind-float,0.381304677918519,0.25226758613027794,0.12903709178824108
glaum,10000,GB1 0AC,offwind-float,0.5193254642396284,0.31806286029073305,0.2012626039488954
glaum,10000,GB1 0AC,offwind-float,0.45283335776975503,0.27340125526486314,0.1794321025048919
glaum,10000,GB1 0AC,offwind-float,0.38985752992902367,0.23075283276845115,0.15910469716057252
glaum,10000,GB1 0AC,offwind-float,0.5126970278850801,0.32253834362738265,0.19015868425769744
glaum,10000,GB1 0AC,offwind-float,0.4470667793491986,0.27530816080008647,0.17175861854911212
glaum,10000,GB1 0AC,offwind-float,0.38488661949883596,0.24967695209463867,0.1352096674041973
glaum,10000,GB1 0AC,offwind-float,0.5154880554782738,0.32088366050506173,0.19460439497321208
glaum,10000,GB1 0AC,offwind-float,0.44951292441031954,0.2741749311061379,0.17533799330418165
glaum,10000,GB1 0AC,offwind-float,0.3870050338707354,0.22948001832660098,0.15752501554413445
glaum,10000,GB4 0AC,offwind-float,0.5166711878394041,0.3411251248397999,0.17554606299960424
glaum,10000,GB4 0AC,offwind-float,0.4505133887304806,0.2932037025281675,0.15730968620231306
glaum,10000,GB4 0AC,offwind-float,0.38782727930251126,0.26034662414495785,0.1274806551575534
glaum,10000,GB4 0AC,offwind-float,0.5354053830769934,0.37431451718646214,0.16109086589053123
glaum,10000,GB4 0AC,offwind-float,0.46687509479118905,0.31559892966103975,0.1512761651301493
glaum,10000,GB4 0AC,offwind-float,0.4019346739182164,0.2753310158728328,0.1266036580453836
glaum,10000,GB4 0AC,offwind-float,0.5284343977865655,0.35964106588352074,0.1687933319030448
glaum,10000,GB4 0AC,offwind-float,0.46079048658499366,0.30494552047117013,0.15584496611382354
glaum,10000,GB4 0AC,offwind-float,0.3966767384368755,0.26457630088384115,0.13210043755303436
glaum,10000,GB4 0AC,offwind-float,0.5224862568882128,0.36480367293390276,0.15768258395431006
glaum,10000,GB4 0AC,offwind-float,0.45560899094028995,0.30720364354033647,0.14840534739995348
glaum,10000,GB4 0AC,offwind-float,0.39222837718950876,0.26854411227000163,0.12368426491950713
glaum,10000,GB4 0AC,offwind-float,0.5077372712311043,0.34084724149149875,0.1668900297396056
glaum,10000,GB4 0AC,offwind-float,0.4427167176355738,0.2907992870366346,0.1519174305989392
glaum,10000,GB4 0AC,offwind-float,0.38109620123192856,0.2621023582046906,0.11899384302723798
glaum,10000,NO0 0AC,offwind-float,0.5056337165059694,0.3342224729230763,0.17141124358289317
glaum,10000,NO0 0AC,offwind-float,0.44090042607143765,0.2832780525015396,0.15762237356989806
glaum,10000,NO0 0AC,offwind-float,0.37958380587402435,0.23783785777375896,0.1417459481002654
glaum,10000,NO0 0AC,offwind-float,0.5064384659503179,0.334643543831405,0.17179492211891295
glaum,10000,NO0 0AC,offwind-float,0.4416149308394348,0.2835064489266985,0.1581084819127363
glaum,10000,NO0 0AC,offwind-float,0.3801592961986562,0.24222127199072005,0.13793802420793613
glaum,10000,NO0 0AC,offwind-float,0.4993563300011492,0.3302977406773194,0.16905858932382983
glaum,10000,NO0 0AC,offwind-float,0.43540061555422965,0.27932164983245317,0.15607896572177649
glaum,10000,NO0 0AC,offwind-float,0.374810321810685,0.24204476665639962,0.1327655551542854
glaum,10000,NO0 0AC,offwind-float,0.48654190842325196,0.31811822289509184,0.16842368552816012
glaum,10000,NO0 0AC,offwind-float,0.4242397261187969,0.2701742878281092,0.1540654382906877
glaum,10000,NO0 0AC,offwind-float,0.3652130709248756,0.22974002460640439,0.1354730463184712
glaum,10000,NO0 0AC,offwind-float,0.5228352789030102,0.3445150517535321,0.1783202271494781
glaum,10000,NO0 0AC,offwind-float,0.455907689636908,0.29265079559319584,0.16325689404371213
glaum,10000,NO0 0AC,offwind-float,0.39249133791403895,0.2400574554196058,0.15243388249443315
glaum,10000,NO0 0AC,offwind-float,0.5104811433880498,0.3362649120546332,0.17421623133341663
glaum,10000,NO0 0AC,offwind-float,0.4451215832509346,0.2849927339606784,0.16012884929025617
glaum,10000,NO0 0AC,offwind-float,0.38319931310368405,0.24575695725372904,0.137442355849955
glaum,10000,NO0 0AC,offwind-float,0.517108101146464,0.342361761832463,0.17474633931400102
glaum,10000,NO0 0AC,offwind-float,0.4509255242929062,0.2897253531555346,0.16120017113737162
glaum,10000,NO0 0AC,offwind-float,0.3881964547793904,0.23377441958835218,0.15442203519103823
glaum,10000,NO0 0AC,offwind-float,0.5432899279127799,0.36311101458704487,0.180178913325735
glaum,10000,NO0 0AC,offwind-float,0.4737509984354574,0.30613544578122204,0.1676155526542354
glaum,10000,NO0 0AC,offwind-float,0.4078541693405779,0.23684316978084477,0.17101099955973312
new_more,10000,NL2 0AC,offwind-ac,0.4183266131773361,0.2929031497301318,0.1254234634472043
new_more,10000,NL2 0AC,offwind-float,0.40221663860715084,0.2584074014014974,0.14380923720565342
new_more,10000,DK2 0AC,offwind-ac,0.4420437648395088,0.305846114329834,0.1361976505096748
new_more,10000,DK2 0AC,offwind-ac,0.42103390716625594,0.2797440390237326,0.1412898681425233
new_more,10000,DK2 0AC,offwind-ac,0.4774314966058857,0.34459828331940595,0.13283321328647973
new_more,10000,DK2 0AC,offwind-ac,0.454719556157943,0.3157842832515118,0.1389352729064312
new_more,10000,GB1 0AC,offwind-ac,0.48732236220380104,0.33001815681420277,0.15730420538959827
new_more,10000,GB1 0AC,offwind-ac,0.4641537819013365,0.29899422788654445,0.16515955401479204
new_more,10000,NO0 0AC,offwind-float,0.43939820767216725,0.3036622469630153,0.13573596070915195
new_more,10000,NO0 0AC,offwind-float,0.41850746114860526,0.2783599008869983,0.14014756026160696
new_more,10000,NO0 0AC,offwind-float,0.4223062217835681,0.28326439199685327,0.1390418297867148
new_more,10000,NO0 0AC,offwind-float,0.4022277775512351,0.2573999051632021,0.14482787238803302
new_more,10000,NO0 0AC,offwind-float,0.13947264851985444,0.08340446287149236,0.05606818564836208
new_more,10000,NO0 0AC,offwind-float,0.13280348693326968,0.07751416849871762,0.055289318434552065
new_more,10000,NO0 0AC,offwind-float,0.5026791529979842,0.3529769561279636,0.14970219687002057
new_more,10000,NO0 0AC,offwind-float,0.4787671250101859,0.3162454465365248,0.1625216784736611
new_more,10000,NO0 0AC,offwind-float,0.548433438636579,0.3952880029951351,0.1531454356414439
new_more,10000,NO0 0AC,offwind-float,0.5223469767908633,0.36192361778536136,0.16042335900550192
new_more,10000,NO0 0AC,offwind-float,0.4674775090841964,0.3259138905623159,0.14156361852188049
new_more,10000,NO0 0AC,offwind-float,0.44521873143684015,0.2922324265679661,0.15298630486887405
new_more,10000,BE2 0AC,offwind-dc,0.5276606530786894,0.44257049337665116,0.0850901597020382
new_more,10000,BE2 0AC,offwind-dc,0.5025815181541554,0.38965131756622323,0.11293020058793218
new_more,10000,DE2 0AC,offwind-dc,0.5153400984831011,0.46543249665814646,0.049907601824954684
new_more,10000,DE2 0AC,offwind-dc,0.49082636258141993,0.4034765875301162,0.0873497750513037
new_more,10000,DK2 0AC,offwind-dc,0.550208205627685,0.44152690034990794,0.10868130527777708
new_more,10000,DK2 0AC,offwind-dc,0.524050789294955,0.4009017683444331,0.12314902095052188
new_more,10000,FR2 0AC,offwind-dc,0.5176490969871561,0.4131147186409508,0.10453437834620533
new_more,10000,FR2 0AC,offwind-dc,0.4930458003965196,0.37307896366149823,0.11996683673502134
new_more,10000,GB1 0AC,offwind-dc,0.5072969160156064,0.34538784985841114,0.1619090661571953
new_more,10000,GB1 0AC,offwind-dc,0.48317247588354023,0.32148628705059024,0.16168618883295
new_more,10000,GB1 0AC,offwind-dc,0.5254884282000176,0.358484475695292,0.1670039525047256
new_more,10000,GB1 0AC,offwind-dc,0.5005059447392254,0.325800610874678,0.1747053338645474
new_more,10000,GB1 0AC,offwind-dc,0.511687924215717,0.35700995667147795,0.15467796754423901
new_more,10000,GB1 0AC,offwind-dc,0.4873679556605727,0.3345638585434464,0.15280409711712634
new_more,10000,NL2 0AC,offwind-dc,0.5260721175497708,0.42152840270558534,0.10454371484418545
new_more,10000,NL2 0AC,offwind-dc,0.5010617440347181,0.3841892600097719,0.11687248402494627
new_more,10000,DK2 0AC,offwind-ac,0.511175370415712,0.3720931426758888,0.13908222773982326
new_more,10000,DK2 0AC,offwind-ac,0.4868797629832541,0.34924701391094987,0.13763274907230422
new_more,10000,DK2 0AC,offwind-ac,0.48187621710959905,0.34403636387484965,0.1378398532347494
new_more,10000,GB1 0AC,offwind-ac,0.43456144995377505,0.3175318066904248,0.11702964326335025
new_more,10000,GB1 0AC,offwind-ac,0.413894106186756,0.29149192100073257,0.12240218518602342
new_more,10000,GB1 0AC,offwind-ac,0.40964638211397114,0.28661377764420765,0.1230326044697635
new_more,10000,GB1 0AC,offwind-ac,0.4162051413719018,0.28346580260213716,0.13273933876976463
new_more,10000,GB1 0AC,offwind-ac,0.3964102267486749,0.265201135877391,0.13120909087128385
new_more,10000,GB1 0AC,offwind-ac,0.39234193672548073,0.2642973449255292,0.12804459179995153
new_more,10000,GB4 0AC,offwind-ac,0.5332057748472533,0.4556539733673711,0.07755180147988217
new_more,10000,GB4 0AC,offwind-ac,0.5078564599693853,0.43279411252352834,0.07506234744585699
new_more,10000,GB4 0AC,offwind-ac,0.5026444164097269,0.4297571287474893,0.07288728766223762
new_more,10000,GB1 0AC,offwind-float,0.487829659420129,0.31607871632842344,0.17175094309170558
new_more,10000,GB1 0AC,offwind-float,0.4646236494782989,0.3011949825016937,0.16342866697660519
new_more,10000,GB1 0AC,offwind-float,0.45984847494854453,0.29397726206386887,0.16587121288467566
new_more,10000,NO0 0AC,offwind-float,0.5328203943205925,0.3830181238431732,0.14980227047741929
new_more,10000,NO0 0AC,offwind-float,0.5074892845371581,0.3542153533884185,0.15327393114873966
new_more,10000,NO0 0AC,offwind-float,0.5022810092358516,0.3425769320708858,0.15970407716496582
new_more,10000,NO0 0AC,offwind-float,0.5514777059704978,0.3952830260948196,0.15619467987567826
new_more,10000,NO0 0AC,offwind-float,0.5252665725171873,0.35815606628497115,0.16711050623221618
new_more,10000,NO0 0AC,offwind-float,0.5198758519648543,0.3493681803733651,0.17050767159148922
new_more,10000,DE2 0AC,offwind-dc,0.5115039119593411,0.492215839761686,0.019288072197655104
new_more,10000,DE2 0AC,offwind-dc,0.4871926893059018,0.4762815097104385,0.010911179595463338
new_more,10000,DE2 0AC,offwind-dc,0.4821927144729292,0.4694537191555138,0.012738995317415402
new_more,10000,DE2 0AC,offwind-dc,0.5202364200459473,0.5038469896950546,0.016389430350892686
new_more,10000,DE2 0AC,offwind-dc,0.4955034743770657,0.42630716404323926,0.06919631033382645
new_more,10000,DE2 0AC,offwind-dc,0.4904182073853433,0.4134824082542842,0.07693579913105913
new_more,10000,DK2 0AC,offwind-dc,0.5134513864397916,0.3949522240438008,0.11849916239599079
new_more,10000,DK2 0AC,offwind-dc,0.4890341359316987,0.36434859503662975,0.12468554089506895
new_more,10000,DK2 0AC,offwind-dc,0.4840152626485084,0.35496526536316664,0.12904999728534178
new_more,10000,DK2 0AC,offwind-dc,0.5375812695686596,0.41125155705908667,0.12632971250957292
new_more,10000,DK2 0AC,offwind-dc,0.5120238265321331,0.38845790814246783,0.12356591838966524
new_more,10000,DK2 0AC,offwind-dc,0.506769014005717,0.37902063668368136,0.1277483773220356
new_more,10000,GB1 0AC,offwind-dc,0.5117996445906782,0.3479791774368732,0.163820467153805
new_more,10000,GB1 0AC,offwind-dc,0.48746783672940125,0.3267568305557711,0.16071100617363016
new_more,10000,GB1 0AC,offwind-dc,0.4824650381057129,0.3176555796539511,0.16480945845176181
new_more,10000,GB1 0AC,offwind-dc,0.5185367620089955,0.35387430019747607,0.1646624618115194
new_more,10000,GB1 0AC,offwind-dc,0.49388463647288083,0.32941633107109103,0.1644683054017898
new_more,10000,GB1 0AC,offwind-dc,0.4888159833363275,0.3205165936664327,0.16829938966989477
new_more,10000,NL2 0AC,offwind-dc,0.5185240895608393,0.4154322340063047,0.1030918555545346
new_more,10000,NL2 0AC,offwind-dc,0.4938792055281881,0.3865699806972689,0.1073092248309192
new_more,10000,NL2 0AC,offwind-dc,0.4888106081284867,0.37371319416496324,0.11509741396352346
new_more,10000,NL2 0AC,offwind-dc,0.5201771814883074,0.44066821583855725,0.07950896564975013
new_more,10000,NL2 0AC,offwind-dc,0.49544047199479896,0.39863008366186353,0.09681038833293543
new_more,10000,NL2 0AC,offwind-dc,0.490355851585697,0.387396461047798,0.10295939053789899
new_more,10000,NL2 0AC,offwind-dc,0.5170706732647649,0.4249218129108054,0.09214886035395947
new_more,10000,NL2 0AC,offwind-dc,0.4924882875201852,0.39130440760793167,0.10118387991225353
new_more,10000,NL2 0AC,offwind-dc,0.48743396487293267,0.3770650146028182,0.11036895027011445
new_more,10000,GB1 0AC,offwind-float,0.5097827892561221,0.35798376744555505,0.15179902181056704
new_more,10000,GB1 0AC,offwind-float,0.4855466439406904,0.3368515111032003,0.14869513283749014
new_more,10000,GB1 0AC,offwind-float,0.48056356218838303,0.32978329976504855,0.15078026242333448
new_more,10000,GB1 0AC,offwind-float,0.4746547079172028,0.3213667148140605,0.15328799310314234
new_more,10000,GB1 0AC,offwind-float,0.5072910247145296,0.345299615731332,0.16199140898319758
new_more,10000,GB1 0AC,offwind-float,0.48317327482951333,0.3253202007743386,0.15785307405517474
new_more,10000,GB1 0AC,offwind-float,0.4782145505564657,0.3185326429589525,0.15968190759751322
new_more,10000,GB1 0AC,offwind-float,0.4723548378200056,0.30786154531767584,0.16449329250232975
new_more,10000,GB1 0AC,offwind-float,0.5034816201385512,0.32589935677032866,0.17758226336822258
new_more,10000,GB1 0AC,offwind-float,0.4795516882594074,0.31318791349785097,0.16636377476155645
new_more,10000,GB1 0AC,offwind-float,0.4746301317068602,0.30640833471287804,0.16822179699398215
new_more,10000,GB1 0AC,offwind-float,0.4688143399777416,0.3017488255130358,0.1670655144647058
new_more,10000,GB1 0AC,offwind-float,0.5093242865761856,0.33468586357258423,0.17463842300360133
new_more,10000,GB1 0AC,offwind-float,0.4850965793805739,0.32010944752970333,0.16498713185087055
new_more,10000,GB1 0AC,offwind-float,0.4801181165634912,0.3132870234886311,0.1668310930748601
new_more,10000,GB1 0AC,offwind-float,0.4742350788362647,0.3046655420562781,0.1695695367799866
new_more,10000,GB1 0AC,offwind-float,0.5055607786909332,0.3382658247726553,0.16729495391827787
new_more,10000,GB1 0AC,offwind-float,0.4815320266750965,0.3176708180397968,0.16386120863529968
new_more,10000,GB1 0AC,offwind-float,0.47659014624976426,0.3110011625555752,0.16558898369418906
new_more,10000,GB1 0AC,offwind-float,0.4707435569832315,0.2992217478441951,0.17152180913903642
new_more,10000,GB4 0AC,offwind-float,0.5213455317726066,0.37275116407937947,0.1485943676932271
new_more,10000,GB4 0AC,offwind-float,0.4965598742660445,0.3414526179648311,0.15510725630121336
new_more,10000,GB4 0AC,offwind-float,0.4914637656238326,0.3353496517301968,0.15611411389363578
new_more,10000,GB4 0AC,offwind-float,0.48544170610351145,0.3279493887059046,0.15749231739760683
new_more,10000,NO0 0AC,offwind-float,0.5071496254950851,0.36142927606652947,0.14572034942855566
new_more,10000,NO0 0AC,offwind-float,0.48304535732479725,0.3359896331219698,0.14705572420282748
new_more,10000,NO0 0AC,offwind-float,0.4780879458471143,0.32861123732212866,0.14947670852498562
new_more,10000,NO0 0AC,offwind-float,0.4722297844378294,0.3167861718604047,0.15544361257742473
new_more,10000,DE2 0AC,offwind-dc,0.5188760844761314,0.5020911399605108,0.016784944515620626
new_more,10000,DE2 0AC,offwind-dc,0.4942144705093419,0.48519223006109374,0.009022240448248176
new_more,10000,DE2 0AC,offwind-dc,0.48914243234276333,0.432839313250197,0.056303119092566356
new_more,10000,DE2 0AC,offwind-dc,0.48313525902527615,0.4173288259571408,0.06580643306813533
new_more,10000,DK2 0AC,offwind-dc,0.5240214901609577,0.3997352673888324,0.12428622277212525
new_more,10000,DK2 0AC,offwind-dc,0.49911532067793196,0.3752517182825063,0.12386360239542565
new_more,10000,DK2 0AC,offwind-dc,0.4939929859284181,0.367443880656318,0.12654910527210012
new_more,10000,DK2 0AC,offwind-dc,0.48793313524097304,0.3548251083584017,0.13310802688257134
new_more,10000,NL2 0AC,offwind-dc,0.5074923483704381,0.4575132061209745,0.04997914224946359
new_more,10000,NL2 0AC,offwind-dc,0.4833650588795238,0.4062254027228226,0.07713965615670121
new_more,10000,NL2 0AC,offwind-dc,0.47839078866903206,0.39678627382347087,0.0816045148455612
new_more,10000,NL2 0AC,offwind-dc,0.47252214602312664,0.38231630571805214,0.0902058403050745
new_more,10000,GB1 0AC,offwind-float,0.5115141920253594,0.3575180073691368,0.1539961846562226
new_more,10000,GB1 0AC,offwind-float,0.4872024807716025,0.3371985584173474,0.15000392235425508
new_more,10000,GB1 0AC,offwind-float,0.48220240545050036,0.3301407632683415,0.15206164218215884
new_more,10000,GB1 0AC,offwind-float,0.47629382827842964,0.32675174341028557,0.14954208486814408
new_more,10000,GB1 0AC,offwind-float,0.46959852129685037,0.32045669492793183,0.14914182636891854
new_more,10000,GB4 0AC,offwind-float,0.5250945380928045,0.38026150302173595,0.14483303507106854
new_more,10000,GB4 0AC,offwind-float,0.5001307780149357,0.3630936102931974,0.13703716772173824
new_more,10000,GB4 0AC,offwind-float,0.49499802180130636,0.35515762765404324,0.13984039414726313
new_more,10000,GB4 0AC,offwind-float,0.4889326559325837,0.35158027484172727,0.13735238109085646
new_more,10000,GB4 0AC,offwind-float,0.48205287290813637,0.33774245577507783,0.14431041713305853
new_more,10000,GB4 0AC,offwind-float,0.5124242086320251,0.37150763173054396,0.14091657690148113
new_more,10000,GB4 0AC,offwind-float,0.48806252067188377,0.3521537793510776,0.13590874132080616
new_more,10000,GB4 0AC,offwind-float,0.48305361890910636,0.3445525369760314,0.13850108193307498
new_more,10000,GB4 0AC,offwind-float,0.47713461155179965,0.3410079578070367,0.13612665374476296
new_more,10000,GB4 0AC,offwind-float,0.47042748560095,0.3354190986090586,0.13500838699189138
new_more,10000,NO0 0AC,offwind-float,0.495896214727952,0.35214622784469957,0.1437499868832524
new_more,10000,NO0 0AC,offwind-float,0.4723134146315755,0.32722227325730846,0.14509114137426704
new_more,10000,NO0 0AC,offwind-float,0.46745931829459036,0.3202846422842949,0.1471746760102955
new_more,10000,NO0 0AC,offwind-float,0.4617313927891862,0.31697247575964266,0.14475891702954352
new_more,10000,NO0 0AC,offwind-float,0.45524079132804673,0.30792005773560904,0.1473207335924377
new_more,10000,NO0 0AC,offwind-float,0.5127597848828085,0.3635350108546225,0.149224774028186
new_more,10000,NO0 0AC,offwind-float,0.48838225208067887,0.33789210111789897,0.1504901509627799
new_more,10000,NO0 0AC,offwind-float,0.48337006896940765,0.330412722092369,0.15295734687703866
new_more,10000,NO0 0AC,offwind-float,0.47744034892260884,0.3275121037027853,0.14992824521982356
new_more,10000,NO0 0AC,offwind-float,0.47072892519288445,0.31231427445223325,0.1584146507406512
new_more,10000,NL2 0AC,offwind-dc,0.5143301791166924,0.4285420870105883,0.08578809210610411
new_more,10000,NL2 0AC,offwind-dc,0.4898778809422353,0.39415460076322706,0.09572328017900822
new_more,10000,NL2 0AC,offwind-dc,0.4848503484490224,0.38602939001325015,0.09882095843577227
new_more,10000,NL2 0AC,offwind-dc,0.4789093252016581,0.37889627067223197,0.1000130545294261
new_more,10000,NL2 0AC,offwind-dc,0.47217725193470905,0.36349022059150926,0.10868703134319979
new_more,10000,NL2 0AC,offwind-dc,0.5120115002751873,0.4509903951458918,0.06102110512929548
new_more,10000,NL2 0AC,offwind-dc,0.4876695401899587,0.4062371986386984,0.08143234155126028
new_more,10000,NL2 0AC,offwind-dc,0.4826578777039703,0.3970978798854584,0.08555999781851187
new_more,10000,NL2 0AC,offwind-dc,0.47674371948765554,0.3888107902267011,0.08793292926095442
new_more,10000,NL2 0AC,offwind-dc,0.4700420883431853,0.37791086441449784,0.09213122392868744
new_more,10000,GB1 0AC,offwind-float,0.5130979014687675,0.34797813857120014,0.1651197628975674
new_more,10000,GB1 0AC,offwind-float,0.4886838438984615,0.3297266497964256,0.1589571941020359
new_more,10000,GB1 0AC,offwind-float,0.4836617807514678,0.3230893091938113,0.16057247155765653
new_more,10000,GB1 0AC,offwind-float,0.4777353213965392,0.32001276084611324,0.15772256055042594
new_more,10000,GB1 0AC,offwind-float,0.47101975121110445,0.3160660561909055,0.15495369502019896
new_more,10000,GB1 0AC,offwind-float,0.46412120438283383,0.3005052207617651,0.16361598362106872
new_more,10000,GB1 0AC,offwind-float,0.5072972212349182,0.3507204195689042,0.15657680166601395
new_more,10000,GB1 0AC,offwind-float,0.48317247972095795,0.3315599069474084,0.15161257277354956
new_more,10000,GB1 0AC,offwind-float,0.47820692514430413,0.32445654285786557,0.15375038228643856
new_more,10000,GB1 0AC,offwind-float,0.4723404795088416,0.32198486661991205,0.15035561288892957
new_more,10000,GB1 0AC,offwind-float,0.46570074512141785,0.31793129067503867,0.14776945444637918
new_more,10000,GB1 0AC,offwind-float,0.4588801003609379,0.2986007572106152,0.16027934315032272
new_more,10000,GB1 0AC,offwind-float,0.507980544234082,0.34230761582733943,0.16567292840674258
new_more,10000,GB1 0AC,offwind-float,0.4838299747391862,0.3252431401214863,0.1585868346176999
new_more,10000,GB1 0AC,offwind-float,0.47886451086783755,0.31827889405046644,0.1605856168173711
new_more,10000,GB1 0AC,offwind-float,0.47299683396401704,0.3153290813558758,0.15766775260814125
new_more,10000,GB1 0AC,offwind-float,0.46634110758204367,0.3116500563936563,0.15469105118838739
new_more,10000,GB1 0AC,offwind-float,0.4594974372712272,0.2983053117190216,0.16119212555220563
new_more,10000,GB1 0AC,offwind-float,0.4981684790268726,0.34022096637783655,0.15794751264903606
new_more,10000,GB1 0AC,offwind-float,0.47448443234160026,0.3217242748382963,0.15276015750330396
new_more,10000,GB1 0AC,offwind-float,0.4696148801655911,0.31485731471314876,0.15475756545244235
new_more,10000,GB1 0AC,offwind-float,0.46386054188513637,0.3118793576023197,0.15198118428281665
new_more,10000,GB1 0AC,offwind-float,0.4573196620070277,0.3080764729582776,0.1492431890487501
new_more,10000,GB1 0AC,offwind-float,0.4506149810255518,0.2900599778878338,0.16055500313771803
new_more,10000,GB1 0AC,offwind-float,0.502823500749442,0.33817469922839577,0.16464880152104627
new_more,10000,GB1 0AC,offwind-float,0.47891165539516795,0.3224311773917316,0.15648047800343634
new_more,10000,GB1 0AC,offwind-float,0.47398982560229846,0.3158623178914252,0.15812750771087325
new_more,10000,GB1 0AC,offwind-float,0.4681818797445189,0.3131440910395605,0.15503778870495843
new_more,10000,GB1 0AC,offwind-float,0.46160060318371937,0.3095532604030943,0.1520473427806251
new_more,10000,GB1 0AC,offwind-float,0.4548400090285209,0.2930216907910573,0.16181831823746362
new_more,10000,GB4 0AC,offwind-float,0.5268476348330038,0.3802704723029036,0.14657716253010017
new_more,10000,GB4 0AC,offwind-float,0.5017871437472434,0.35531392004667994,0.14647322370056348
new_more,10000,GB4 0AC,offwind-float,0.496637388536795,0.350636150204316,0.14600123833247902
new_more,10000,GB4 0AC,offwind-float,0.49054510440229615,0.3442445112167618,0.14630059318553434
new_more,10000,GB4 0AC,offwind-float,0.4836494658966378,0.337598883389829,0.1460505825068088
new_more,10000,GB4 0AC,offwind-float,0.47655911173302656,0.33292890895165334,0.14363020278137323
new_more,10000,GB4 0AC,offwind-float,0.5067076372851815,0.35130568622879255,0.155401951056389
new_more,10000,GB4 0AC,offwind-float,0.48261085298673867,0.3343974639186556,0.14821338906808307
new_more,10000,GB4 0AC,offwind-float,0.4776579007523958,0.3270898321002452,0.15056806865215056
new_more,10000,GB4 0AC,offwind-float,0.47179821839680913,0.3242990489021378,0.14749916949467134
new_more,10000,GB4 0AC,offwind-float,0.4651592593908623,0.32126651999291983,0.14389273939794245
new_more,10000,GB4 0AC,offwind-float,0.45834654522068036,0.3007151152768227,0.15763142994385765
new_more,10000,GB4 0AC,offwind-float,0.5182509965199871,0.36840412987243687,0.1498468666475502
new_more,10000,GB4 0AC,offwind-float,0.4936057868602171,0.3462423121411875,0.1473634747190296
new_more,10000,GB4 0AC,offwind-float,0.48853999550931054,0.3390983326061049,0.14944166290320565
new_more,10000,GB4 0AC,offwind-float,0.4825537618603659,0.335484876910881,0.1470688849494849
new_more,10000,GB4 0AC,offwind-float,0.4757704584057548,0.3311574129411886,0.14461304546456621
new_more,10000,GB4 0AC,offwind-float,0.46880233280511774,0.3132764406795535,0.15552589212556422
new_more,10000,GB4 0AC,offwind-float,0.4979457137632353,0.3498689369499202,0.1480767768133151
new_more,10000,GB4 0AC,offwind-float,0.47425866953029705,0.3329566852028406,0.14130198432745644
new_more,10000,GB4 0AC,offwind-float,0.46937779650901224,0.32617073618418857,0.14320706032482367
new_more,10000,GB4 0AC,offwind-float,0.46362636328889173,0.32325084439298646,0.14037551889590527
new_more,10000,GB4 0AC,offwind-float,0.4571091240498444,0.31937264144891825,0.13773648260092614
new_more,10000,GB4 0AC,offwind-float,0.4504143120174839,0.30158454818118174,0.14882976383630214
new_more,10000,NO0 0AC,offwind-float,0.4966854662953011,0.352539571437077,0.1441458948582241
new_more,10000,NO0 0AC,offwind-float,0.47307170735962173,0.3269570580195884,0.14611464934003332
new_more,10000,NO0 0AC,offwind-float,0.4682166537372872,0.31976903623691644,0.14844761750037078
new_more,10000,NO0 0AC,offwind-float,0.4624794483633927,0.3164515592737799,0.14602788908961284
new_more,10000,NO0 0AC,offwind-float,0.4559715189466025,0.3124384477874017,0.14353307115920078
new_more,10000,NO0 0AC,offwind-float,0.4492933682581806,0.2986965960791977,0.15059677217898293
new_more,10000,NO0 0AC,offwind-float,0.48972613209018917,0.34907465765768175,0.14065147443250742
new_more,10000,NO0 0AC,offwind-float,0.4664433767686683,0.3236596300498568,0.1427837467188115
new_more,10000,NO0 0AC,offwind-float,0.4616495044908226,0.31653736980157743,0.14511213468924516
new_more,10000,NO0 0AC,offwind-float,0.4559927684544606,0.31323825751388484,0.14275451094057573
new_more,10000,NO0 0AC,offwind-float,0.4495692006079475,0.30924114196282565,0.14032805864512182
new_more,10000,NO0 0AC,offwind-float,0.4429848181590848,0.29298167609107134,0.15000314206801346
new_more,10000,NO0 0AC,offwind-float,0.47716529095750304,0.33718362312727373,0.1399816678302293
new_more,10000,NO0 0AC,offwind-float,0.4544664288232913,0.3122972376538974,0.14216919116939392
new_more,10000,NO0 0AC,offwind-float,0.44980231797674974,0.30544035938776776,0.144361958588982
new_more,10000,NO0 0AC,offwind-float,0.44429074922905964,0.30232813055892166,0.14196261867013799
new_more,10000,NO0 0AC,offwind-float,0.43803850762663255,0.2984763921854123,0.13956211544122027
new_more,10000,NO0 0AC,offwind-float,0.4316230035003657,0.29230320878276117,0.13931979471760453
new_more,10000,NO0 0AC,offwind-float,0.5006502897896491,0.3544770636935504,0.14617322609609867
new_more,10000,NO0 0AC,offwind-float,0.4768281856187331,0.32935642777451685,0.14747175784421623
new_more,10000,NO0 0AC,offwind-float,0.47193457990567883,0.3220702226484572,0.14986435725722164
new_more,10000,NO0 0AC,offwind-float,0.4661518176174311,0.3187025002176152,0.14744931739981587
new_more,10000,NO0 0AC,offwind-float,0.45959907783020604,0.314542229495021,0.14505684833518506
new_more,10000,NO0 0AC,offwind-float,0.45286099145941294,0.2977854179350972,0.15507557352431572
base,100000,GB1 0AC,offwind-float,0.5694833431746111,0.4236740992858672,0.14580924388874394
base,100000,GB1 0AC,offwind-float,0.5680207495077773,0.4119646332899233,0.15605611621785398
base,100000,GB4 0AC,offwind-float,0.5767093234566315,0.44801851789329306,0.12869080556333845
base,100000,GB4 0AC,offwind-float,0.5929499785514185,0.42733578863545335,0.16561418991596516
base,100000,NL2 0AC,offwind-float,0.45268663068903936,0.2539313482373542,0.19875528245168517
base,100000,NO0 0AC,offwind-float,0.5595113706528272,0.42797151336377465,0.13153985728905254
base,100000,NO0 0AC,offwind-float,0.5932944952009628,0.37287286116353086,0.22042163403743192
base,100000,NO0 0AC,offwind-float,0.23766795171473948,0.11169885975411868,0.12596909196062078
base,100000,NO0 0AC,offwind-float,0.1837628923691869,0.08088629995617261,0.10287659241301428
base,100000,NO0 0AC,offwind-float,0.12289930638051427,0.057396114510713615,0.06550319186980066
base,100000,NO0 0AC,offwind-float,0.08583398702061212,0.03949526593771162,0.046338721082900505
base,100000,NO0 0AC,offwind-float,0.03195573470092069,0.014091519321436655,0.017864215379484034
base,100000,BE2 0AC,offwind-dc,0.5938659701081414,0.5590577572090386,0.03480821289910274
base,100000,DE2 0AC,offwind-dc,0.5837258025337415,0.5803118351765538,0.003413967357187686
base,100000,DK2 0AC,offwind-dc,0.595548014150497,0.46349285380916844,0.13205516034132853
base,100000,FR2 0AC,offwind-dc,0.5826198774371905,0.45731498693593425,0.1253048905012562
base,100000,NL2 0AC,offwind-dc,0.5788640904094802,0.5488421902337616,0.030021900175718597
base,100000,GB4 0AC,offwind-ac,0.6001263368277429,0.49217630907817966,0.1079500277495632
standard,100000,BE2 0AC,offwind-dc,0.5258481023171301,0.39263932835329396,0.13320877396383612
standard,100000,DE2 0AC,offwind-dc,0.516889198143628,0.5103903786326319,0.006498819510996068
standard,100000,DK2 0AC,offwind-dc,0.527357766530265,0.38760115154063385,0.13975661498963116
standard,100000,FR2 0AC,offwind-dc,0.5158709366117518,0.3436430952967711,0.17222784131498065
standard,100000,NL2 0AC,offwind-dc,0.5125712965537763,0.4208393575430354,0.09173193901074089
standard,100000,GB4 0AC,offwind-ac,0.5313741762097042,0.4347996800387382,0.09657449617096597
standard,100000,GB1 0AC,offwind-float,0.5042709365059292,0.3534820432847568,0.15078889322117245
standard,100000,GB1 0AC,offwind-float,0.5029755890785151,0.3489129641880755,0.15406262489043965
standard,100000,GB4 0AC,offwind-float,0.5106503702432255,0.3757590031060383,0.13489136713718713
standard,100000,GB4 0AC,offwind-float,0.5250378768452316,0.3374192181242313,0.1876186587210003
standard,100000,NL2 0AC,offwind-float,0.40083499669323225,0.2100786704814999,0.19075632621173236
standard,100000,NO0 0AC,offwind-float,0.49544117614183714,0.3663648122703831,0.12907636387145405
standard,100000,NO0 0AC,offwind-float,0.52534964874134,0.3331557728733595,0.19219387586798053
standard,100000,NO0 0AC,offwind-float,0.2103826864815731,0.09234319189427981,0.11803949458729329
standard,100000,NO0 0AC,offwind-float,0.16262630680102336,0.06908023109244958,0.09354607570857378
standard,100000,NO0 0AC,offwind-float,0.10871062694429905,0.04856852828468014,0.060142098659618906
standard,100000,NO0 0AC,offwind-float,0.07596654701950818,0.03423186555733627,0.041734681462171914
standard,100000,NO0 0AC,offwind-float,0.028232956417568192,0.012211830097187683,0.01602112632038051
glaum,100000,GB4 0AC,offwind-float,0.5371997628007714,0.3703430848315433,0.1668566779692281
glaum,100000,NL2 0AC,offwind-float,0.4101146324156617,0.24082793429892338,0.16928669811673833
glaum,100000,NO0 0AC,offwind-float,0.21528075321332707,0.11324012195294872,0.10204063126037835
glaum,100000,NO0 0AC,offwind-float,0.16640515148533852,0.08507382315438634,0.08133132833095218
glaum,100000,NO0 0AC,offwind-float,0.11127577598064112,0.05628701729371255,0.05498875868692857
glaum,100000,NO0 0AC,offwind-float,0.07774592731777961,0.039207646244518404,0.03853828107326121
glaum,100000,NO0 0AC,offwind-float,0.028900305883729126,0.014095900030641083,0.014804405853088043
glaum,100000,GB4 0AC,offwind-ac,0.5436758934455019,0.4542172709669269,0.08945862247857506
glaum,100000,BE2 0AC,offwind-dc,0.5380357715725339,0.4547266447123019,0.08330912686023201
glaum,100000,FR2 0AC,offwind-dc,0.5278276903587075,0.4033567332365585,0.12447095712214895
glaum,100000,GB1 0AC,offwind-float,0.5159451930822947,0.30485060782962503,0.21109458525266966
glaum,100000,GB1 0AC,offwind-float,0.4499115069432158,0.23445051645428402,0.21546099048893178
glaum,100000,GB1 0AC,offwind-float,0.3873545347250282,0.2603129659832605,0.1270415687417677
glaum,100000,GB1 0AC,offwind-float,0.5146267990540463,0.29277077322582795,0.22185602582821834
glaum,100000,GB1 0AC,offwind-float,0.4487555885104169,0.22766983480644876,0.22108575370396816
glaum,100000,GB1 0AC,offwind-float,0.38635918631374516,0.25473932099826574,0.13161986531547942
glaum,100000,GB4 0AC,offwind-float,0.5224723155735317,0.3301968627109447,0.19227545286258696
glaum,100000,GB4 0AC,offwind-float,0.4555773432300431,0.26297340121086543,0.1926039420191777
glaum,100000,GB4 0AC,offwind-float,0.3922005169965086,0.27037589368755083,0.12182462330895777
glaum,100000,NO0 0AC,offwind-float,0.5069110170350134,0.30572818127380064,0.20118283576121276
glaum,100000,NO0 0AC,offwind-float,0.4420266622788882,0.23305332994164635,0.20897333233724186
glaum,100000,NO0 0AC,offwind-float,0.3805533807903711,0.2600927386525435,0.12046064213782759
glaum,100000,NO0 0AC,offwind-float,0.5375118935738612,0.3233944590338639,0.21411743453999732
glaum,100000,NO0 0AC,offwind-float,0.4687181151543689,0.2435851100031985,0.2251330051511704
glaum,100000,NO0 0AC,offwind-float,0.4035337619472968,0.1932047339584193,0.21032902798887748
glaum,100000,DE2 0AC,offwind-dc,0.5288555770955697,0.5116735014038954,0.017182075691674292
glaum,100000,DE2 0AC,offwind-dc,0.4611699139398877,0.34020720259450826,0.12096271134537945
glaum,100000,DE2 0AC,offwind-dc,0.39704154589049667,0.2652099198213742,0.13183162606912247
glaum,100000,DK2 0AC,offwind-dc,0.5395665008203503,0.38837855092250484,0.15118794989784545
glaum,100000,DK2 0AC,offwind-dc,0.470510004346058,0.28538713489201534,0.18512286945404266
glaum,100000,DK2 0AC,offwind-dc,0.40507682949827545,0.26940884127505554,0.1356679882232199
glaum,100000,NL2 0AC,offwind-dc,0.5244445902608732,0.4537143922789557,0.07073019798191749
glaum,100000,NL2 0AC,offwind-dc,0.4573237404857261,0.3118871153111992,0.14543662517452688
glaum,100000,NL2 0AC,offwind-dc,0.39370944474656483,0.28882367252726326,0.10488577221930157
new_more,100000,NL2 0AC,offwind-float,0.40221663860715084,0.23180843884607363,0.1704081997610772
new_more,100000,NO0 0AC,offwind-float,0.5271604813785885,0.33572573209116785,0.19143474928742066
new_more,100000,NO0 0AC,offwind-float,0.5021051190690471,0.30184062358053526,0.20026449548851183
new_more,100000,NO0 0AC,offwind-float,0.2111078565390873,0.11150125068982084,0.09960660584926648
new_more,100000,NO0 0AC,offwind-float,0.2010605619373348,0.10078401971355164,0.10027654222378315
new_more,100000,NO0 0AC,offwind-float,0.16319372930277376,0.08323200186050041,0.07996172744227335
new_more,100000,NO0 0AC,offwind-float,0.15539057766360082,0.07413560518088155,0.08125497248271926
new_more,100000,NO0 0AC,offwind-float,0.10909907146503031,0.05610808961494586,0.052990981850084454
new_more,100000,NO0 0AC,offwind-float,0.10385377190696192,0.05315530751826272,0.050698464388699196
new_more,100000,NO0 0AC,offwind-float,0.07622839682375107,0.03878893167508348,0.03743946514866759
new_more,100000,NO0 0AC,offwind-float,0.07255795049892615,0.036456886226560896,0.03610106427236525
new_more,100000,NO0 0AC,offwind-float,0.028330272860149684,0.013818824509830687,0.014511448350318997
new_more,100000,NO0 0AC,offwind-float,0.026923601295911044,0.01265411410226544,0.014269487193645604
new_more,100000,BE2 0AC,offwind-dc,0.5276606530786894,0.4400907857947813,0.08756986728390809
new_more,100000,BE2 0AC,offwind-dc,0.5025815181541554,0.3943018587247396,0.10827965942941581
new_more,100000,FR2 0AC,offwind-dc,0.5176490969871561,0.38679861378676383,0.13085048320039228
new_more,100000,FR2 0AC,offwind-dc,0.4930458003965196,0.34418703450508276,0.14885876589143682
new_more,100000,GB1 0AC,offwind-float,0.5047093003594206,0.3084087669470573,0.1963005334123633
new_more,100000,GB1 0AC,offwind-float,0.480721018179333,0.3151772435495896,0.1655437746297434
new_more,100000,GB1 0AC,offwind-float,0.47578746099479885,0.29861396142036145,0.1771734995744374
new_more,100000,GB4 0AC,offwind-ac,0.5332057748472533,0.444132702322278,0.08907307252497532
new_more,100000,GB4 0AC,offwind-ac,0.5078564599693853,0.42039562410955195,0.08746083585983339
new_more,100000,GB4 0AC,offwind-ac,0.5026444164097269,0.4168934295031072,0.0857509869066197
new_more,100000,DE2 0AC,offwind-dc,0.518670868374268,0.5009497427980816,0.017721125576186436
new_more,100000,DE2 0AC,offwind-dc,0.4940122352212863,0.4800148825690658,0.013997352652220463
new_more,100000,DE2 0AC,offwind-dc,0.48894227256070943,0.42808096004860297,0.06086131251210647
new_more,100000,DK2 0AC,offwind-dc,0.5291755209675761,0.38562447973319935,0.14355104123437679
new_more,100000,DK2 0AC,offwind-dc,0.5040243860256893,0.34902435531495757,0.15500003071073176
new_more,100000,DK2 0AC,offwind-dc,0.4988448375179513,0.35334525439411524,0.14549958312383604
new_more,100000,NL2 0AC,offwind-dc,0.5143380833688814,0.4286988227155216,0.0856392606533598
new_more,100000,NL2 0AC,offwind-dc,0.48989215564170896,0.3842386311848791,0.10565352445682985
new_more,100000,NL2 0AC,offwind-dc,0.484864476649709,0.3761842489699961,0.10868022767971292
new_more,100000,NL2 0AC,offwind-dc,0.4789232802850745,0.3697428095340216,0.10918047075105292
new_more,100000,GB1 0AC,offwind-float,0.5060091127320456,0.31741071687057826,0.18859839586146737
new_more,100000,GB1 0AC,offwind-float,0.48195905188856986,0.32222066337882604,0.1597383885097438
new_more,100000,GB1 0AC,offwind-float,0.47701278897686783,0.3137666615731759,0.16324612740369193
new_more,100000,GB1 0AC,offwind-float,0.4711609646907699,0.3125525440378277,0.15860842065294223
new_more,100000,GB1 0AC,offwind-float,0.4645378108536859,0.27675863328615374,0.18777917756753215
new_more,100000,GB4 0AC,offwind-float,0.5124105357993934,0.3431038302736482,0.16930670552574523
new_more,100000,GB4 0AC,offwind-float,0.4880495794987353,0.3288058311798713,0.159243748318864
new_more,100000,GB4 0AC,offwind-float,0.48303401453790473,0.32048203769710387,0.16255197684080086
new_more,100000,GB4 0AC,offwind-float,0.47710843877215686,0.3187580153134232,0.15835042345873368
new_more,100000,GB4 0AC,offwind-float,0.4704016807345235,0.31398579020921347,0.15641589052531002
new_more,100000,NO0 0AC,offwind-float,0.4971489169840434,0.3258167655645103,0.17133215141953312
new_more,100000,NO0 0AC,offwind-float,0.47351997157399156,0.32534037162027607,0.1481795999537155
new_more,100000,NO0 0AC,offwind-float,0.46866031749307147,0.31722390916235665,0.1514364083307148
new_more,100000,NO0 0AC,offwind-float,0.46291767576815523,0.3097138575043082,0.15320381826384705
new_more,100000,NO0 0AC,offwind-float,0.4564036219967683,0.2723345497410049,0.1840690722557634
new_more,100000,GB4 0AC,offwind-float,0.5268476348330038,0.3509191001592831,0.17592853467372066
new_more,100000,GB4 0AC,offwind-float,0.5017871437472434,0.3374340926273928,0.1643530511198506
new_more,100000,GB4 0AC,offwind-float,0.496637388536795,0.33238326853510086,0.16425412000169415
new_more,100000,GB4 0AC,offwind-float,0.49054510440229615,0.32661533053678987,0.16392977386550628
new_more,100000,GB4 0AC,offwind-float,0.4836494658966378,0.32024562541439006,0.16340384048224776
new_more,100000,GB4 0AC,offwind-float,0.47655911173302656,0.31540559197950385,0.1611535197535227
