scenario,split,region,wake_loss,weight
base,1000,BE2 0AC_00001 0 offwind-ac,0.0,0.006214741347871731
base,1000,BE2 0AC_00003 0 offwind-ac,0.0,0.005250822785044273
base,1000,DE2 0AC_00029 0 offwind-ac,0.0,6.009811343613959
base,1000,DE2 0AC_00033 0 offwind-ac,0.0,0.0023149029279078796
base,1000,DE2 0AC_00034 0 offwind-ac,0.0,0.006941269029983885
base,1000,DE2 0AC_00036 0 offwind-ac,0.0,5.277225044916179
base,1000,DE2 0AC_00037 0 offwind-ac,0.0,0.07312341975295496
base,1000,DE2 0AC_00038 0 offwind-ac,0.0,0.0024329154680007635
base,1000,DE2 0AC_00040 0 offwind-ac,0.0,0.0013987831178638814
base,1000,DE2 0AC_00042 0 offwind-ac,0.0,0.0029417440799182778
base,1000,DK2 0AC_00035 0 offwind-ac,0.0,0.0019445546421552246
base,1000,DK2 0AC_00040 0 offwind-ac,0.0,0.002537210972104213
base,1000,DK2 0AC_00041 0 offwind-ac,0.0,0.00282288513222975
base,1000,DK2 0AC_00043 0 offwind-ac,0.0,0.0017238972722835653
base,1000,DK2 0AC_00045 0 offwind-ac,0.0,0.0019643037892826463
base,1000,DK2 0AC_00046 0 offwind-ac,0.0,0.0027211585498336877
base,1000,DK2 0AC_00047 0 offwind-ac,0.0,0.0009285113004571572
base,1000,DK2 0AC_00048 0 offwind-ac,0.0,0.0022830175673490636
base,1000,DK2 0AC_00050 0 offwind-ac,0.0,0.0011019168871105238
base,1000,DK2 0AC_00051 0 offwind-ac,0.0,0.0021683994588960654
base,1000,DK2 0AC_00052 0 offwind-ac,0.0,0.0008627268310030928
base,1000,DK2 0AC_00053 0 offwind-ac,0.0,0.0018873303907939556
base,1000,DK2 0AC_00055 0 offwind-ac,0.0,0.0022911486236017885
base,1000,DK2 0AC_00056 0 offwind-ac,0.0,0.001085491688111903
base,1000,DK2 0AC_00057 0 offwind-ac,0.0,0.002546753964384084
base,1000,DK2 0AC_00059 0 offwind-ac,0.0,0.003798988344640402
base,1000,DK2 0AC_00060 0 offwind-ac,0.0,0.0020132952157336194
base,1000,GB1 0AC_00000 0 offwind-ac,0.0,0.0006745120736588835
base,1000,GB1 0AC_00004 0 offwind-ac,0.0,0.000895792738061749
base,1000,GB1 0AC_00005 0 offwind-ac,0.0,0.002485989721331521
base,1000,GB1 0AC_00007 0 offwind-ac,0.0,1562.2080545533142
base,1000,GB1 0AC_00009 0 offwind-ac,0.0,0.0013607264460031923
base,1000,GB1 0AC_00011 0 offwind-ac,0.0,0.0029631464399115276
base,1000,GB1 0AC_00013 0 offwind-ac,0.0,0.001482822005754627
base,1000,GB1 0AC_00014 0 offwind-ac,0.0,0.002453034593676199
base,1000,GB1 0AC_00020 0 offwind-ac,0.0,0.0028094768381105003
base,1000,GB1 0AC_00026 0 offwind-ac,0.0,0.0010592582732217605
base,1000,GB1 0AC_00044 0 offwind-ac,0.0,0.0015352690816673143
base,1000,GB1 0AC_00046 0 offwind-ac,0.0,0.0010790409304676685
base,1000,GB1 0AC_00058 0 offwind-ac,0.0,0.00198279390504018
base,1000,GB1 0AC_00060 0 offwind-ac,0.0,0.0018099402553793359
base,1000,GB1 0AC_00061 0 offwind-ac,0.0,0.0008245685216317068
base,1000,GB1 0AC_00090 0 offwind-ac,0.0,0.0021398152067046566
base,1000,GB1 0AC_00092 0 offwind-ac,0.0,0.0010925100463994664
base,1000,GB1 0AC_00094 0 offwind-ac,0.0,0.0006337968318554375
base,1000,GB1 0AC_00097 0 offwind-ac,0.0,0.001702563615526933
base,1000,GB1 0AC_00103 0 offwind-ac,0.0,0.0017901012824899486
base,1000,GB1 0AC_00116 0 offwind-ac,0.0,0.0028900138742978827
base,1000,GB1 0AC_00119 0 offwind-ac,0.0,0.0011570658812472634
base,1000,GB1 0AC_00122 0 offwind-ac,0.0,0.002099342958916609
base,1000,GB1 0AC_00129 0 offwind-ac,0.0,0.00198815086931248
base,1000,GB1 0AC_00135 0 offwind-ac,0.0,0.0014868924309449543
base,1000,GB1 0AC_00145 0 offwind-ac,0.0,0.0013694572914512285
base,1000,GB1 0AC_00151 0 offwind-ac,0.0,0.0019331736811154315
base,1000,GB1 0AC_00155 0 offwind-ac,0.0,0.0017571750606324836
base,1000,GB1 0AC_00162 0 offwind-ac,0.0,0.002366470898871183
base,1000,GB1 0AC_00166 0 offwind-ac,0.0,0.002922991673738675
base,1000,GB1 0AC_00170 0 offwind-ac,0.0,0.0022915093948557013
base,1000,GB1 0AC_00178 0 offwind-ac,0.0,0.0025506237308654217
base,1000,GB4 0AC_00006 0 offwind-ac,0.0,0.00948869673843294
base,1000,GB4 0AC_00007 0 offwind-ac,0.0,0.009454584360805932
base,1000,GB4 0AC_00016 0 offwind-ac,0.0,1.1505778005800347
base,1000,GB4 0AC_00019 0 offwind-ac,0.0,100.85582243158608
base,1000,GB4 0AC_00025 0 offwind-ac,0.0,2.071135654962889
base,1000,NL2 0AC_00002 0 offwind-ac,0.0,0.0039673688473099425
base,1000,NL2 0AC_00017 0 offwind-ac,0.0,0.0012011946438682775
base,1000,NL2 0AC_00018 0 offwind-ac,0.0,0.003922131517834445
base,1000,NL2 0AC_00027 0 offwind-ac,0.0,0.004968526257319752
base,1000,NL2 0AC_00028 0 offwind-ac,0.0,0.005003580552487693
base,1000,NL2 0AC_00030 0 offwind-ac,0.0,0.0031328579292249524
base,1000,NL2 0AC_00039 0 offwind-ac,0.0,0.005722187632405348
base,1000,NL2 0AC_00041 0 offwind-ac,0.0,0.0032101573600007804
base,1000,NL2 0AC_00048 0 offwind-ac,0.0,0.0021409262703784866
base,1000,NL2 0AC_00049 0 offwind-ac,0.0,0.004424172821977706
base,1000,NL2 0AC_00051 0 offwind-ac,0.0,0.002607204411339279
base,1000,NL2 0AC_00052 0 offwind-ac,0.0,0.001176273674155456
base,1000,NL2 0AC_00061 0 offwind-ac,0.0,0.004478858049912939
base,1000,NL2 0AC_00065 0 offwind-ac,0.0,0.011153273295761885
base,1000,NO0 0AC_00027 0 offwind-ac,0.0,0.000796862778625694
base,1000,NO0 0AC_00090 0 offwind-ac,0.0,0.0007733937356020096
base,1000,NO0 0AC_00101 0 offwind-ac,0.0,0.0007247507613206128
base,1000,NO0 0AC_00106 0 offwind-ac,0.0,0.0005763814279160851
base,1000,NO0 0AC_00114 0 offwind-ac,0.0,0.001685902941708214
base,1000,NO0 0AC_00126 0 offwind-ac,0.0,0.001072192234144968
base,1000,NO0 0AC_00127 0 offwind-ac,0.0,0.0005969185765789084
base,1000,NO0 0AC_00149 0 offwind-ac,0.0,0.0009205255664734081
base,1000,NO0 0AC_00150 0 offwind-ac,0.0,0.000590981803388892
base,1000,NO0 0AC_00169 0 offwind-ac,0.0,0.0012475380338343174
base,1000,NO0 0AC_00172 0 offwind-ac,0.0,0.0012564105063663325
base,1000,NO0 0AC_00174 0 offwind-ac,0.0,0.0011069201593344401
base,1000,BE2 0AC_00000 0 offwind-dc,0.0,630.0067653939365
base,1000,BE2 0AC_00002 0 offwind-dc,0.0,0.008757209417179649
base,1000,DE2 0AC_00000 0 offwind-dc,0.0,1665.6763403839875
base,1000,DE2 0AC_00001 0 offwind-dc,0.0,1242.5421373654153
base,1000,DE2 0AC_00002 0 offwind-dc,0.0,165.58025208463235
base,1000,DE2 0AC_00003 0 offwind-dc,0.0,1056.3512297817194
base,1000,DE2 0AC_00004 0 offwind-dc,0.0,296.86181903640977
base,1000,DE2 0AC_00005 0 offwind-dc,0.0,1743.0687966847054
base,1000,DE2 0AC_00006 0 offwind-dc,0.0,2179.636713061356
base,1000,DE2 0AC_00007 0 offwind-dc,0.0,1972.6816312713604
base,1000,DE2 0AC_00008 0 offwind-dc,0.0,1265.9384612636475
base,1000,DE2 0AC_00009 0 offwind-dc,0.0,787.6776177396147
base,1000,DE2 0AC_00010 0 offwind-dc,0.0,2593.5038927857063
base,1000,DE2 0AC_00011 0 offwind-dc,0.0,1433.8921420188076
base,1000,DE2 0AC_00012 0 offwind-dc,0.0,2106.9258945011584
base,1000,DE2 0AC_00013 0 offwind-dc,0.0,1405.3447713337525
base,1000,DE2 0AC_00014 0 offwind-dc,0.0,2959.2150075963773
base,1000,DE2 0AC_00015 0 offwind-dc,0.0,2975.9623349096582
base,1000,DE2 0AC_00016 0 offwind-dc,0.0,2575.559425581562
base,1000,DE2 0AC_00017 0 offwind-dc,0.0,1493.3219630452213
base,1000,DE2 0AC_00018 0 offwind-dc,0.0,1300.0133871150174
base,1000,DE2 0AC_00019 0 offwind-dc,0.0,0.011037368825711942
base,1000,DE2 0AC_00020 0 offwind-dc,0.0,623.7662871939783
base,1000,DE2 0AC_00021 0 offwind-dc,0.0,3016.012688185348
base,1000,DE2 0AC_00022 0 offwind-dc,0.0,2593.6277389331144
base,1000,DE2 0AC_00023 0 offwind-dc,0.0,427.8301104544292
base,1000,DE2 0AC_00024 0 offwind-dc,0.0,644.4446168199049
base,1000,DE2 0AC_00025 0 offwind-dc,0.0,73.5420193280168
base,1000,DE2 0AC_00026 0 offwind-dc,0.0,0.01684288603767971
base,1000,DE2 0AC_00027 0 offwind-dc,0.0,0.1178963814605375
base,1000,DE2 0AC_00028 0 offwind-dc,0.0,155.0656393196513
base,1000,DE2 0AC_00030 0 offwind-dc,0.0,0.008137179808992962
base,1000,DE2 0AC_00031 0 offwind-dc,0.0,0.029378672611856053
base,1000,DE2 0AC_00032 0 offwind-dc,0.0,16.55956418449697
base,1000,DK2 0AC_00001 0 offwind-dc,0.0,0.004167773076044702
base,1000,DK2 0AC_00002 0 offwind-dc,0.0,0.004883906871240867
base,1000,DK2 0AC_00006 0 offwind-dc,0.0,0.009457527972873815
base,1000,DK2 0AC_00007 0 offwind-dc,0.0,0.0058610663535715425
base,1000,DK2 0AC_00008 0 offwind-dc,0.0,0.005090352394608763
base,1000,DK2 0AC_00009 0 offwind-dc,0.0,0.003769246122265791
base,1000,DK2 0AC_00010 0 offwind-dc,0.0,0.004892366828760368
base,1000,DK2 0AC_00012 0 offwind-dc,0.0,0.008846961611437651
base,1000,DK2 0AC_00013 0 offwind-dc,0.0,0.00142174274470822
base,1000,DK2 0AC_00014 0 offwind-dc,0.0,0.002747560962547867
base,1000,DK2 0AC_00015 0 offwind-dc,0.0,0.01127304180293928
base,1000,DK2 0AC_00016 0 offwind-dc,0.0,0.0015805730531607827
base,1000,DK2 0AC_00017 0 offwind-dc,0.0,0.004123734335937585
base,1000,DK2 0AC_00018 0 offwind-dc,0.0,0.005400896265688521
base,1000,DK2 0AC_00019 0 offwind-dc,0.0,0.008080936379538984
base,1000,DK2 0AC_00020 0 offwind-dc,0.0,0.003921017875925671
base,1000,DK2 0AC_00021 0 offwind-dc,0.0,0.0032718605173675678
base,1000,DK2 0AC_00022 0 offwind-dc,0.0,0.0026117840306808617
base,1000,DK2 0AC_00023 0 offwind-dc,0.0,0.003737669085113558
base,1000,DK2 0AC_00024 0 offwind-dc,0.0,0.008616780388783883
base,1000,DK2 0AC_00025 0 offwind-dc,0.0,0.0016409692953231654
base,1000,DK2 0AC_00026 0 offwind-dc,0.0,0.0035697856333141145
base,1000,DK2 0AC_00027 0 offwind-dc,0.0,0.033466893878311005
base,1000,DK2 0AC_00028 0 offwind-dc,0.0,0.008981024961182181
base,1000,DK2 0AC_00029 0 offwind-dc,0.0,0.0022624060450563083
base,1000,DK2 0AC_00030 0 offwind-dc,0.0,0.0026306809637777094
base,1000,DK2 0AC_00031 0 offwind-dc,0.0,0.004278438527212957
base,1000,DK2 0AC_00032 0 offwind-dc,0.0,0.029213833427516062
base,1000,DK2 0AC_00033 0 offwind-dc,0.0,0.002138962352600156
base,1000,DK2 0AC_00034 0 offwind-dc,0.0,0.002172550072357387
base,1000,DK2 0AC_00036 0 offwind-dc,0.0,0.0022409862917925306
base,1000,DK2 0AC_00037 0 offwind-dc,0.0,1302.327493320517
base,1000,DK2 0AC_00038 0 offwind-dc,0.0,0.0036964402946017025
base,1000,DK2 0AC_00039 0 offwind-dc,0.0,0.0048848352841674315
base,1000,DK2 0AC_00058 0 offwind-dc,0.0,0.01648579707040885
base,1000,FR2 0AC_00000 0 offwind-dc,0.0,0.003993606121715839
base,1000,FR2 0AC_00001 0 offwind-dc,0.0,0.0021271636816183955
base,1000,GB1 0AC_00019 0 offwind-dc,0.0,0.005868087049842065
base,1000,GB1 0AC_00024 0 offwind-dc,0.0,1624.1842288417604
base,1000,GB1 0AC_00033 0 offwind-dc,0.0,0.008790273194224403
base,1000,GB1 0AC_00037 0 offwind-dc,0.0,1695.6021298787098
base,1000,GB1 0AC_00091 0 offwind-dc,0.0,0.002039007683496087
base,1000,GB1 0AC_00100 0 offwind-dc,0.0,0.0029290381829338748
base,1000,GB1 0AC_00111 0 offwind-dc,0.0,0.0020468308163996895
base,1000,GB1 0AC_00112 0 offwind-dc,0.0,0.002806128833967268
base,1000,GB1 0AC_00117 0 offwind-dc,0.0,0.003537562843267004
base,1000,GB1 0AC_00120 0 offwind-dc,0.0,0.0062212968897158325
base,1000,GB1 0AC_00127 0 offwind-dc,0.0,0.0025647107121565464
base,1000,GB1 0AC_00132 0 offwind-dc,0.0,0.0024532485782895815
base,1000,GB1 0AC_00133 0 offwind-dc,0.0,0.0037419844839319213
base,1000,GB1 0AC_00137 0 offwind-dc,0.0,0.003044112908060567
base,1000,GB1 0AC_00143 0 offwind-dc,0.0,0.0027766072881464576
base,1000,GB1 0AC_00146 0 offwind-dc,0.0,0.0029317003463397782
base,1000,GB1 0AC_00147 0 offwind-dc,0.0,0.002111778249885736
base,1000,GB1 0AC_00148 0 offwind-dc,0.0,0.0126578851453522
base,1000,GB1 0AC_00154 0 offwind-dc,0.0,0.0026631609658950305
base,1000,GB1 0AC_00158 0 offwind-dc,0.0,0.003087578150848115
base,1000,GB1 0AC_00159 0 offwind-dc,0.0,0.0019784135905641406
base,1000,GB1 0AC_00160 0 offwind-dc,0.0,0.001878350083443147
base,1000,GB1 0AC_00161 0 offwind-dc,0.0,0.0024645461949649476
base,1000,GB1 0AC_00163 0 offwind-dc,0.0,0.0030552184489951385
base,1000,GB1 0AC_00164 0 offwind-dc,0.0,0.017842088655837533
base,1000,GB1 0AC_00165 0 offwind-dc,0.0,0.0015454278643570497
base,1000,GB1 0AC_00167 0 offwind-dc,0.0,0.002502119693447891
base,1000,GB1 0AC_00168 0 offwind-dc,0.0,0.002267703182275143
base,1000,GB1 0AC_00171 0 offwind-dc,0.0,0.002471459272851651
base,1000,GB1 0AC_00175 0 offwind-dc,0.0,0.0016343296241448553
base,1000,GB1 0AC_00176 0 offwind-dc,0.0,0.0029209328943640435
base,1000,GB1 0AC_00177 0 offwind-dc,0.0,0.0030629412840152367
base,1000,GB1 0AC_00179 0 offwind-dc,0.0,0.0028832164342007813
base,1000,GB1 0AC_00180 0 offwind-dc,0.0,0.0018907891555153824
base,1000,GB1 0AC_00181 0 offwind-dc,0.0,0.0020192505847399403
base,1000,GB1 0AC_00182 0 offwind-dc,0.0,0.020698284943994415
base,1000,GB1 0AC_00183 0 offwind-dc,0.0,0.0020877072988746866
base,1000,GB1 0AC_00184 0 offwind-dc,0.0,0.0017633802948940377
base,1000,GB1 0AC_00187 0 offwind-dc,0.0,0.0032055134164768705
base,1000,GB1 0AC_00188 0 offwind-dc,0.0,0.003985599971104684
base,1000,GB1 0AC_00189 0 offwind-dc,0.0,0.002906280956765282
base,1000,GB1 0AC_00190 0 offwind-dc,0.0,0.001751578263263128
base,1000,GB1 0AC_00192 0 offwind-dc,0.0,0.0023013251629854245
base,1000,GB1 0AC_00194 0 offwind-dc,0.0,0.0021929223586268096
base,1000,GB1 0AC_00196 0 offwind-dc,0.0,0.003023984769816224
base,1000,GB1 0AC_00197 0 offwind-dc,0.0,0.0028225310789724034
base,1000,GB1 0AC_00199 0 offwind-dc,0.0,0.0024096123485743007
base,1000,GB1 0AC_00200 0 offwind-dc,0.0,0.002553616617986125
base,1000,GB1 0AC_00202 0 offwind-dc,0.0,0.002660776636602544
base,1000,GB1 0AC_00203 0 offwind-dc,0.0,0.0028553326476878733
base,1000,GB1 0AC_00204 0 offwind-dc,0.0,0.0028628548610451733
base,1000,GB1 0AC_00205 0 offwind-dc,0.0,0.005774051056157996
base,1000,GB1 0AC_00206 0 offwind-dc,0.0,0.017783848401572447
base,1000,GB4 0AC_00002 0 offwind-dc,0.0,0.0361921080582525
base,1000,GB4 0AC_00003 0 offwind-dc,0.0,0.018883985275957398
base,1000,GB4 0AC_00008 0 offwind-dc,0.0,0.0033122826172405848
base,1000,GB4 0AC_00010 0 offwind-dc,0.0,608.4721204374872
base,1000,NL2 0AC_00000 0 offwind-dc,0.0,0.030384458641281618
base,1000,NL2 0AC_00001 0 offwind-dc,0.0,0.007899698445033044
base,1000,NL2 0AC_00003 0 offwind-dc,0.0,0.01108814674919863
base,1000,NL2 0AC_00004 0 offwind-dc,0.0,1528.5505369975335
base,1000,NL2 0AC_00005 0 offwind-dc,0.0,0.3337457112496726
base,1000,NL2 0AC_00006 0 offwind-dc,0.0,4.370833259075523
base,1000,NL2 0AC_00007 0 offwind-dc,0.0,0.005151322423085783
base,1000,NL2 0AC_00008 0 offwind-dc,0.0,0.017101815545809525
base,1000,NL2 0AC_00009 0 offwind-dc,0.0,0.01370575370325355
base,1000,NL2 0AC_00010 0 offwind-dc,0.0,0.004442618495393682
base,1000,NL2 0AC_00011 0 offwind-dc,0.0,0.011011863154811685
base,1000,NL2 0AC_00012 0 offwind-dc,0.0,0.011689111394501742
base,1000,NL2 0AC_00013 0 offwind-dc,0.0,0.012127397916451803
base,1000,NL2 0AC_00014 0 offwind-dc,0.0,0.010062611905210407
base,1000,NL2 0AC_00015 0 offwind-dc,0.0,0.0356655432677131
base,1000,NL2 0AC_00016 0 offwind-dc,0.0,0.011060411071955396
base,1000,NL2 0AC_00019 0 offwind-dc,0.0,0.008752778326962774
base,1000,NL2 0AC_00020 0 offwind-dc,0.0,5.94267420598965
base,1000,NL2 0AC_00022 0 offwind-dc,0.0,0.005608975140101639
base,1000,NL2 0AC_00023 0 offwind-dc,0.0,0.008846863867466572
base,1000,NL2 0AC_00024 0 offwind-dc,0.0,0.006506124072063166
base,1000,NL2 0AC_00025 0 offwind-dc,0.0,0.01819687011944142
base,1000,NL2 0AC_00026 0 offwind-dc,0.0,177.50910444459637
base,1000,NL2 0AC_00029 0 offwind-dc,0.0,0.00781328796268946
base,1000,NL2 0AC_00031 0 offwind-dc,0.0,0.009273349847421676
base,1000,NL2 0AC_00032 0 offwind-dc,0.0,0.008197925202193071
base,1000,NL2 0AC_00033 0 offwind-dc,0.0,286.48941873127666
base,1000,NL2 0AC_00034 0 offwind-dc,0.0,0.0031954288295975184
base,1000,NL2 0AC_00035 0 offwind-dc,0.0,0.012847936862804431
base,1000,NL2 0AC_00036 0 offwind-dc,0.0,0.06337036685337485
base,1000,NL2 0AC_00037 0 offwind-dc,0.0,2805.9438645930472
base,1000,NL2 0AC_00038 0 offwind-dc,0.0,0.004998964132038377
base,1000,NL2 0AC_00040 0 offwind-dc,0.0,0.007993983103552687
base,1000,NL2 0AC_00042 0 offwind-dc,0.0,0.027565360990615143
base,1000,NL2 0AC_00043 0 offwind-dc,0.0,0.005497094463340245
base,1000,NL2 0AC_00044 0 offwind-dc,0.0,3432.028915907085
base,1000,NL2 0AC_00045 0 offwind-dc,0.0,0.012198216231407377
base,1000,NL2 0AC_00046 0 offwind-dc,0.0,0.004097965936810276
base,1000,NL2 0AC_00050 0 offwind-dc,0.0,0.021911715569388285
base,1000,NL2 0AC_00053 0 offwind-dc,0.0,0.007589456948516661
base,1000,NL2 0AC_00054 0 offwind-dc,0.0,2943.1544444238457
base,1000,NL2 0AC_00055 0 offwind-dc,0.0,0.009948114787923443
base,1000,NL2 0AC_00056 0 offwind-dc,0.0,0.010094016613826593
base,1000,NL2 0AC_00057 0 offwind-dc,0.0,0.006544784674006298
base,1000,NL2 0AC_00058 0 offwind-dc,0.0,0.020736072893280545
base,1000,NL2 0AC_00059 0 offwind-dc,0.0,0.004090880179109094
base,1000,NL2 0AC_00060 0 offwind-dc,0.0,0.01023855593531442
base,1000,NL2 0AC_00062 0 offwind-dc,0.0,0.005320853527327795
base,1000,NL2 0AC_00063 0 offwind-dc,0.0,0.006960041234362147
base,1000,NL2 0AC_00064 0 offwind-dc,0.0,0.00776061705265928
base,1000,NO0 0AC_00063 0 offwind-dc,0.0,0.006888389740267406
base,1000,NO0 0AC_00074 0 offwind-dc,0.0,0.008859628590833436
base,1000,NO0 0AC_00094 0 offwind-dc,0.0,530.2895189575066
base,1000,NO0 0AC_00110 0 offwind-dc,0.0,0.025421448672974967
base,1000,NO0 0AC_00125 0 offwind-dc,0.0,0.02552002210711379
base,1000,DE2 0AC_00035 0 offwind-float,0.0,0.0008102103669958854
base,1000,DK2 0AC_00000 0 offwind-float,0.0,0.0013007209277310318
base,1000,DK2 0AC_00003 0 offwind-float,0.0,0.0012236999801138906
base,1000,DK2 0AC_00004 0 offwind-float,0.0,0.0012165075343804905
base,1000,DK2 0AC_00005 0 offwind-float,0.0,0.001219180541196994
base,1000,DK2 0AC_00011 0 offwind-float,0.0,0.001065413264438564
base,1000,DK2 0AC_00042 0 offwind-float,0.0,0.0010333486087598226
base,1000,DK2 0AC_00061 0 offwind-float,0.0,0.0012001475977671018
base,1000,DK2 0AC_00062 0 offwind-float,0.0,0.001424662633195665
base,1000,DK2 0AC_00063 0 offwind-float,0.0,0.0013543555905501346
base,1000,GB1 0AC_00001 0 offwind-float,0.0,0.000998949456696639
base,1000,GB1 0AC_00006 0 offwind-float,0.0,0.002034993491118597
base,1000,GB1 0AC_00008 0 offwind-float,0.0,0.0013230756231134525
base,1000,GB1 0AC_00010 0 offwind-float,0.0,0.001658665507565657
base,1000,GB1 0AC_00015 0 offwind-float,0.0,0.0007113927396610279
base,1000,GB1 0AC_00016 0 offwind-float,0.0,0.0015592067171250905
base,1000,GB1 0AC_00017 0 offwind-float,0.0,0.0020183517726239265
base,1000,GB1 0AC_00018 0 offwind-float,0.0,0.002477479025919427
base,1000,GB1 0AC_00021 0 offwind-float,0.0,0.0019692772703567446
base,1000,GB1 0AC_00022 0 offwind-float,0.0,0.0010017248597176689
base,1000,GB1 0AC_00023 0 offwind-float,0.0,0.0025131311253279113
base,1000,GB1 0AC_00025 0 offwind-float,0.0,0.001067970954509314
base,1000,GB1 0AC_00029 0 offwind-float,0.0,0.002361562693007371
base,1000,GB1 0AC_00030 0 offwind-float,0.0,0.001335893544439893
base,1000,GB1 0AC_00031 0 offwind-float,0.0,0.0023389124298631653
base,1000,GB1 0AC_00032 0 offwind-float,0.0,0.0018217766540512294
base,1000,GB1 0AC_00034 0 offwind-float,0.0,0.0010002614200592126
base,1000,GB1 0AC_00035 0 offwind-float,0.0,0.0021516589598952465
base,1000,GB1 0AC_00036 0 offwind-float,0.0,0.0016757075533814516
base,1000,GB1 0AC_00038 0 offwind-float,0.0,0.001471806256485047
base,1000,GB1 0AC_00039 0 offwind-float,0.0,0.001185805370937776
base,1000,GB1 0AC_00040 0 offwind-float,0.0,0.001795665791010734
base,1000,GB1 0AC_00041 0 offwind-float,0.0,0.0025464820798177146
base,1000,GB1 0AC_00042 0 offwind-float,0.0,0.0024887728426105957
base,1000,GB1 0AC_00043 0 offwind-float,0.0,0.001956805998064625
base,1000,GB1 0AC_00047 0 offwind-float,0.0,0.0020414590203589635
base,1000,GB1 0AC_00048 0 offwind-float,0.0,0.002011056126782003
base,1000,GB1 0AC_00049 0 offwind-float,0.0,0.0018797973347349087
base,1000,GB1 0AC_00050 0 offwind-float,0.0,0.0016688618009618403
base,1000,GB1 0AC_00051 0 offwind-float,0.0,0.0006235241473121556
base,1000,GB1 0AC_00052 0 offwind-float,0.0,0.0021313452067779027
base,1000,GB1 0AC_00053 0 offwind-float,0.0,0.002216676824081152
base,1000,GB1 0AC_00054 0 offwind-float,0.0,0.001996736143482126
base,1000,GB1 0AC_00055 0 offwind-float,0.0,0.0011243596183872823
base,1000,GB1 0AC_00056 0 offwind-float,0.0,0.0021277377352667466
base,1000,GB1 0AC_00057 0 offwind-float,0.0,0.00235256472325293
base,1000,GB1 0AC_00062 0 offwind-float,0.0,0.0008317353785727846
base,1000,GB1 0AC_00063 0 offwind-float,0.0,0.0021250622233133266
base,1000,GB1 0AC_00064 0 offwind-float,0.0,0.00205260579891827
base,1000,GB1 0AC_00065 0 offwind-float,0.0,0.0013393143464491826
base,1000,GB1 0AC_00066 0 offwind-float,0.0,0.0018787914902596617
base,1000,GB1 0AC_00067 0 offwind-float,0.0,0.002103359260425956
base,1000,GB1 0AC_00068 0 offwind-float,0.0,0.0008494086011383795
base,1000,GB1 0AC_00069 0 offwind-float,0.0,0.0016677188284684918
base,1000,GB1 0AC_00070 0 offwind-float,0.0,0.001308283770141797
base,1000,GB1 0AC_00071 0 offwind-float,0.0,0.0019770511954721533
base,1000,GB1 0AC_00072 0 offwind-float,0.0,0.0020810490534985877
base,1000,GB1 0AC_00073 0 offwind-float,0.0,0.0020966573641348855
base,1000,GB1 0AC_00074 0 offwind-float,0.0,0.0018692652335653892
base,1000,GB1 0AC_00075 0 offwind-float,0.0,0.0015718488790120416
base,1000,GB1 0AC_00076 0 offwind-float,0.0,0.0020193696565730815
base,1000,GB1 0AC_00077 0 offwind-float,0.0,0.0017808479326464545
base,1000,GB1 0AC_00078 0 offwind-float,0.0,0.0020644780835406156
base,1000,GB1 0AC_00079 0 offwind-float,0.0,0.0012942735132324776
base,1000,GB1 0AC_00080 0 offwind-float,0.0,0.0020189819141836385
base,1000,GB1 0AC_00081 0 offwind-float,0.0,0.0020157301223836578
base,1000,GB1 0AC_00082 0 offwind-float,0.0,0.001961951908231898
base,1000,GB1 0AC_00083 0 offwind-float,0.0,0.001186768860194095
base,1000,GB1 0AC_00084 0 offwind-float,0.0,0.001438118318345063
base,1000,GB1 0AC_00085 0 offwind-float,0.0,0.0018107089534696392
base,1000,GB1 0AC_00086 0 offwind-float,0.0,0.0020992567637364294
base,1000,GB1 0AC_00087 0 offwind-float,0.0,0.00200213861333132
base,1000,GB1 0AC_00088 0 offwind-float,0.0,0.002006299387560108
base,1000,GB1 0AC_00089 0 offwind-float,0.0,0.0016935683886024214
base,1000,GB1 0AC_00098 0 offwind-float,0.0,0.0018582096152321976
base,1000,GB1 0AC_00099 0 offwind-float,0.0,0.0019481193102000624
base,1000,GB1 0AC_00101 0 offwind-float,0.0,0.001808255285052376
base,1000,GB1 0AC_00102 0 offwind-float,0.0,0.001956496718596892
base,1000,GB1 0AC_00104 0 offwind-float,0.0,0.0014007084270229004
base,1000,GB1 0AC_00105 0 offwind-float,0.0,0.0015938180255889963
base,1000,GB1 0AC_00106 0 offwind-float,0.0,0.001960209946570725
base,1000,GB1 0AC_00107 0 offwind-float,0.0,0.0019057192211501537
base,1000,GB1 0AC_00108 0 offwind-float,0.0,0.001984905244658554
base,1000,GB1 0AC_00109 0 offwind-float,0.0,0.0019320395440583496
base,1000,GB1 0AC_00110 0 offwind-float,0.0,0.0017709375761567633
base,1000,GB1 0AC_00113 0 offwind-float,0.0,0.001889512207141471
base,1000,GB1 0AC_00114 0 offwind-float,0.0,0.0015354231992817792
base,1000,GB1 0AC_00115 0 offwind-float,0.0,0.0019103821780994722
base,1000,GB1 0AC_00121 0 offwind-float,0.0,0.0017709977813274453
base,1000,GB1 0AC_00123 0 offwind-float,0.0,0.0018547337401976338
base,1000,GB1 0AC_00124 0 offwind-float,0.0,0.001875669572601331
base,1000,GB1 0AC_00125 0 offwind-float,0.0,0.0018823362060818873
base,1000,GB1 0AC_00126 0 offwind-float,0.0,0.0018848482858312417
base,1000,GB1 0AC_00128 0 offwind-float,0.0,0.0018652370525729803
base,1000,GB1 0AC_00131 0 offwind-float,0.0,0.0018582746018682632
base,1000,GB1 0AC_00134 0 offwind-float,0.0,0.001460246386846865
base,1000,GB1 0AC_00136 0 offwind-float,0.0,0.0018289726741509591
base,1000,GB1 0AC_00138 0 offwind-float,0.0,0.00185938955973548
base,1000,GB1 0AC_00139 0 offwind-float,0.0,0.0018771943321696906
base,1000,GB1 0AC_00140 0 offwind-float,0.0,0.0017719349889914044
base,1000,GB1 0AC_00141 0 offwind-float,0.0,0.0006883064297692706
base,1000,GB1 0AC_00142 0 offwind-float,0.0,0.0018651159504837005
base,1000,GB1 0AC_00144 0 offwind-float,0.0,0.0018444418367986324
base,1000,GB1 0AC_00149 0 offwind-float,0.0,0.001883195928157215
base,1000,GB1 0AC_00150 0 offwind-float,0.0,0.0018590824241556546
base,1000,GB1 0AC_00152 0 offwind-float,0.0,0.0018765242370555513
base,1000,GB1 0AC_00153 0 offwind-float,0.0,0.0017883467464467507
base,1000,GB1 0AC_00156 0 offwind-float,0.0,0.0018925123234005113
base,1000,GB1 0AC_00157 0 offwind-float,0.0,0.0015870231278533257
base,1000,GB1 0AC_00169 0 offwind-float,0.0,0.0018419046995296739
base,1000,GB1 0AC_00172 0 offwind-float,0.0,0.0018137383611227878
base,1000,GB1 0AC_00173 0 offwind-float,0.0,0.001875649545232336
base,1000,GB1 0AC_00174 0 offwind-float,0.0,0.0017117915435679075
base,1000,GB1 0AC_00185 0 offwind-float,0.0,0.0016655516935118748
base,1000,GB1 0AC_00186 0 offwind-float,0.0,0.0016812788997006443
base,1000,GB1 0AC_00191 0 offwind-float,0.0,0.0017403656559747888
base,1000,GB1 0AC_00193 0 offwind-float,0.0,0.000745110339134615
base,1000,GB1 0AC_00195 0 offwind-float,0.0,0.0015979993823930767
base,1000,GB1 0AC_00198 0 offwind-float,0.0,0.0015035051539725958
base,1000,GB1 0AC_00201 0 offwind-float,0.0,0.0017166598410896918
base,1000,GB4 0AC_00000 0 offwind-float,0.0,0.000774217029677116
base,1000,GB4 0AC_00004 0 offwind-float,0.0,0.0010997003034861816
base,1000,GB4 0AC_00005 0 offwind-float,0.0,0.0009452234166512916
base,1000,GB4 0AC_00009 0 offwind-float,0.0,0.0017720990981242492
base,1000,GB4 0AC_00011 0 offwind-float,0.0,0.0018738592578400248
base,1000,GB4 0AC_00012 0 offwind-float,0.0,0.0021074402554742697
base,1000,GB4 0AC_00013 0 offwind-float,0.0,0.0018970610559007062
base,1000,GB4 0AC_00018 0 offwind-float,0.0,0.0016702375031090518
base,1000,GB4 0AC_00020 0 offwind-float,0.0,0.002105958983221978
base,1000,GB4 0AC_00021 0 offwind-float,0.0,0.00192866439437857
base,1000,GB4 0AC_00022 0 offwind-float,0.0,0.0018872947208037876
base,1000,GB4 0AC_00023 0 offwind-float,0.0,0.002014054368163983
base,1000,GB4 0AC_00026 0 offwind-float,0.0,0.0019887154132880547
base,1000,GB4 0AC_00027 0 offwind-float,0.0,0.0021584502141329845
base,1000,GB4 0AC_00028 0 offwind-float,0.0,0.0018078676692257591
base,1000,GB4 0AC_00029 0 offwind-float,0.0,0.002523949553852147
base,1000,GB4 0AC_00030 0 offwind-float,0.0,0.0020051603554428615
base,1000,GB4 0AC_00031 0 offwind-float,0.0,0.0023141707277688703
base,1000,GB4 0AC_00032 0 offwind-float,0.0,0.002248640508789301
base,1000,GB4 0AC_00033 0 offwind-float,0.0,0.0024379995586181506
base,1000,GB4 0AC_00034 0 offwind-float,0.0,0.0021012377171968177
base,1000,GB4 0AC_00035 0 offwind-float,0.0,0.001879181712159027
base,1000,GB4 0AC_00036 0 offwind-float,0.0,0.002149188311971899
base,1000,GB4 0AC_00037 0 offwind-float,0.0,0.0021034153420102534
base,1000,GB4 0AC_00038 0 offwind-float,0.0,0.001924700875707153
base,1000,GB4 0AC_00039 0 offwind-float,0.0,0.0019712256290372486
base,1000,GB4 0AC_00040 0 offwind-float,0.0,0.0017077474609377686
base,1000,GB4 0AC_00041 0 offwind-float,0.0,0.00228075153637625
base,1000,GB4 0AC_00042 0 offwind-float,0.0,0.0018830246164641671
base,1000,GB4 0AC_00043 0 offwind-float,0.0,0.001848687478421607
base,1000,GB4 0AC_00044 0 offwind-float,0.0,0.0015959992345441036
base,1000,GB4 0AC_00045 0 offwind-float,0.0,0.002129597983699134
base,1000,GB4 0AC_00046 0 offwind-float,0.0,0.001967948553898894
base,1000,GB4 0AC_00047 0 offwind-float,0.0,0.001673349077632787
base,1000,GB4 0AC_00048 0 offwind-float,0.0,0.001702327932966646
base,1000,GB4 0AC_00049 0 offwind-float,0.0,0.0017670440941640394
base,1000,GB4 0AC_00050 0 offwind-float,0.0,0.0018095129559715854
base,1000,GB4 0AC_00051 0 offwind-float,0.0,0.0014873090753587679
base,1000,GB4 0AC_00052 0 offwind-float,0.0,0.0017390799304274741
base,1000,GB4 0AC_00053 0 offwind-float,0.0,0.001856042305005722
base,1000,GB4 0AC_00054 0 offwind-float,0.0,0.0019385401783174297
base,1000,GB4 0AC_00055 0 offwind-float,0.0,0.0017038395536334596
base,1000,GB4 0AC_00056 0 offwind-float,0.0,0.0015617725403229928
base,1000,GB4 0AC_00057 0 offwind-float,0.0,0.0017557701037173138
base,1000,GB4 0AC_00058 0 offwind-float,0.0,0.0015895352915825717
base,1000,GB4 0AC_00059 0 offwind-float,0.0,0.0018343495592933337
base,1000,GB4 0AC_00060 0 offwind-float,0.0,0.0015922390107270443
base,1000,GB4 0AC_00061 0 offwind-float,0.0,0.0014138795590913128
base,1000,GB4 0AC_00062 0 offwind-float,0.0,0.0016459270374859676
base,1000,GB4 0AC_00063 0 offwind-float,0.0,0.0015023250612286483
base,1000,GB4 0AC_00064 0 offwind-float,0.0,0.001605167031658363
base,1000,GB4 0AC_00065 0 offwind-float,0.0,0.0014736785741338047
base,1000,GB4 0AC_00066 0 offwind-float,0.0,0.0015672100229116722
base,1000,GB4 0AC_00067 0 offwind-float,0.0,0.0015559886152948642
base,1000,GB4 0AC_00068 0 offwind-float,0.0,0.0016930988707180225
base,1000,NL2 0AC_00021 0 offwind-float,0.0,0.0010359302447718371
base,1000,NL2 0AC_00047 0 offwind-float,0.0,0.0005493204473890352
base,1000,NO0 0AC_00000 0 offwind-float,0.0,0.0014699248931056385
base,1000,NO0 0AC_00001 0 offwind-float,0.0,0.0015213416370987408
base,1000,NO0 0AC_00002 0 offwind-float,0.0,0.0013974596184025733
base,1000,NO0 0AC_00003 0 offwind-float,0.0,0.0014964398393566675
base,1000,NO0 0AC_00004 0 offwind-float,0.0,0.0013841621165675741
base,1000,NO0 0AC_00005 0 offwind-float,0.0,0.0014461723437137405
base,1000,NO0 0AC_00006 0 offwind-float,0.0,0.0014112973723640829
base,1000,NO0 0AC_00007 0 offwind-float,0.0,0.0013669451474759423
base,1000,NO0 0AC_00008 0 offwind-float,0.0,0.0013415736542618023
base,1000,NO0 0AC_00009 0 offwind-float,0.0,0.0014550835289751818
base,1000,NO0 0AC_00010 0 offwind-float,0.0,0.001402425166326544
base,1000,NO0 0AC_00011 0 offwind-float,0.0,0.0014940843577134334
base,1000,NO0 0AC_00012 0 offwind-float,0.0,0.0013897367693020794
base,1000,NO0 0AC_00013 0 offwind-float,0.0,0.0014862724229964533
base,1000,NO0 0AC_00014 0 offwind-float,0.0,0.0015853405867984674
base,1000,NO0 0AC_00015 0 offwind-float,0.0,0.0014990774829163323
base,1000,NO0 0AC_00016 0 offwind-float,0.0,0.0014150237295418374
base,1000,NO0 0AC_00017 0 offwind-float,0.0,0.001468941498523827
base,1000,NO0 0AC_00018 0 offwind-float,0.0,0.00149759395480657
base,1000,NO0 0AC_00019 0 offwind-float,0.0,0.0014015288592044734
base,1000,NO0 0AC_00020 0 offwind-float,0.0,0.0013819131897115796
base,1000,NO0 0AC_00021 0 offwind-float,0.0,0.00150417320780189
base,1000,NO0 0AC_00022 0 offwind-float,0.0,0.0014616180193154755
base,1000,NO0 0AC_00023 0 offwind-float,0.0,0.001422692882440734
base,1000,NO0 0AC_00024 0 offwind-float,0.0,0.0014017849023641065
base,1000,NO0 0AC_00025 0 offwind-float,0.0,0.0014652682244079647
base,1000,NO0 0AC_00026 0 offwind-float,0.0,0.0003349561883592306
base,1000,NO0 0AC_00028 0 offwind-float,0.0,0.0003982222046164035
base,1000,NO0 0AC_00029 0 offwind-float,0.0,0.0003689104433608585
base,1000,NO0 0AC_00031 0 offwind-float,0.0,0.0014734713022984776
base,1000,NO0 0AC_00032 0 offwind-float,0.0,0.0013722764989749074
base,1000,NO0 0AC_00033 0 offwind-float,0.0,0.0014022225639956172
base,1000,NO0 0AC_00034 0 offwind-float,0.0,0.001414049599380194
base,1000,NO0 0AC_00035 0 offwind-float,0.0,0.0014139024497751757
base,1000,NO0 0AC_00036 0 offwind-float,0.0,0.0014310565137910162
base,1000,NO0 0AC_00037 0 offwind-float,0.0,0.001449197979343493
base,1000,NO0 0AC_00038 0 offwind-float,0.0,0.0013209997977287392
base,1000,NO0 0AC_00039 0 offwind-float,0.0,0.0014382942631288415
base,1000,NO0 0AC_00040 0 offwind-float,0.0,0.0014495478315894232
base,1000,NO0 0AC_00041 0 offwind-float,0.0,0.0013927665353902117
base,1000,NO0 0AC_00042 0 offwind-float,0.0,0.0013887442667128264
base,1000,NO0 0AC_00043 0 offwind-float,0.0,0.0013602245537547965
base,1000,NO0 0AC_00044 0 offwind-float,0.0,0.0014830551657499052
base,1000,NO0 0AC_00045 0 offwind-float,0.0,0.0014564674577154445
base,1000,NO0 0AC_00046 0 offwind-float,0.0,0.0011217199140839435
base,1000,NO0 0AC_00047 0 offwind-float,0.0,0.0013568522195426971
base,1000,NO0 0AC_00048 0 offwind-float,0.0,0.0014743944860739215
base,1000,NO0 0AC_00049 0 offwind-float,0.0,0.001331391456704376
base,1000,NO0 0AC_00050 0 offwind-float,0.0,0.0015009243165922549
base,1000,NO0 0AC_00051 0 offwind-float,0.0,0.0014460270097865304
base,1000,NO0 0AC_00052 0 offwind-float,0.0,0.0013530062498446698
base,1000,NO0 0AC_00053 0 offwind-float,0.0,0.0015040180714416525
base,1000,NO0 0AC_00054 0 offwind-float,0.0,0.0014030638952565217
base,1000,NO0 0AC_00055 0 offwind-float,0.0,0.0013060686145073348
base,1000,NO0 0AC_00056 0 offwind-float,0.0,0.0014354189620742145
base,1000,NO0 0AC_00057 0 offwind-float,0.0,0.0014516773958233831
base,1000,NO0 0AC_00058 0 offwind-float,0.0,0.001380871899323159
base,1000,NO0 0AC_00059 0 offwind-float,0.0,0.0015159531098044138
base,1000,NO0 0AC_00060 0 offwind-float,0.0,0.0014081313120826863
base,1000,NO0 0AC_00061 0 offwind-float,0.0,0.0015029180322674578
base,1000,NO0 0AC_00062 0 offwind-float,0.0,0.001531573179581245
base,1000,NO0 0AC_00064 0 offwind-float,0.0,0.0014296281138046392
base,1000,NO0 0AC_00065 0 offwind-float,0.0,0.0013219867283963695
base,1000,NO0 0AC_00066 0 offwind-float,0.0,0.0014500969811556753
base,1000,NO0 0AC_00067 0 offwind-float,0.0,0.001403272595581348
base,1000,NO0 0AC_00068 0 offwind-float,0.0,0.0013160595697737185
base,1000,NO0 0AC_00069 0 offwind-float,0.0,0.001247107810041506
base,1000,NO0 0AC_00070 0 offwind-float,0.0,0.0014817730612075198
base,1000,NO0 0AC_00071 0 offwind-float,0.0,0.001354179421712387
base,1000,NO0 0AC_00072 0 offwind-float,0.0,0.0008219993612960419
base,1000,NO0 0AC_00073 0 offwind-float,0.0,0.001319347761632371
base,1000,NO0 0AC_00075 0 offwind-float,0.0,0.0013164157936163686
base,1000,NO0 0AC_00076 0 offwind-float,0.0,0.0006634945223326803
base,1000,NO0 0AC_00077 0 offwind-float,0.0,0.0010231676373971996
base,1000,NO0 0AC_00078 0 offwind-float,0.0,0.0015856339049625061
base,1000,NO0 0AC_00079 0 offwind-float,0.0,0.001314600969519714
base,1000,NO0 0AC_00080 0 offwind-float,0.0,0.0005424338926103285
base,1000,NO0 0AC_00081 0 offwind-float,0.0,0.001363552738571737
base,1000,NO0 0AC_00082 0 offwind-float,0.0,0.0006457826140870842
base,1000,NO0 0AC_00083 0 offwind-float,0.0,0.0015414593022251106
base,1000,NO0 0AC_00084 0 offwind-float,0.0,0.0006609391698746257
base,1000,NO0 0AC_00085 0 offwind-float,0.0,0.0006108510756305235
base,1000,NO0 0AC_00086 0 offwind-float,0.0,0.0010990917721546347
base,1000,NO0 0AC_00087 0 offwind-float,0.0,0.0015212362549882877
base,1000,NO0 0AC_00088 0 offwind-float,0.0,0.0014495351712199183
base,1000,NO0 0AC_00089 0 offwind-float,0.0,0.0007549208991391086
base,1000,NO0 0AC_00091 0 offwind-float,0.0,0.00042961315421722267
base,1000,NO0 0AC_00092 0 offwind-float,0.0,0.0008277302093844913
base,1000,NO0 0AC_00093 0 offwind-float,0.0,0.0010491887736966373
base,1000,NO0 0AC_00095 0 offwind-float,0.0,0.0002917057544513323
base,1000,NO0 0AC_00097 0 offwind-float,0.0,0.00027954041394126283
base,1000,NO0 0AC_00103 0 offwind-float,0.0,0.00018175541687531205
base,1000,NO0 0AC_00105 0 offwind-float,0.0,0.00034859198715122115
base,1000,NO0 0AC_00107 0 offwind-float,0.0,0.000854112047343426
base,1000,NO0 0AC_00108 0 offwind-float,0.0,0.0013414047052208646
base,1000,NO0 0AC_00109 0 offwind-float,0.0,0.001173076204142226
base,1000,NO0 0AC_00111 0 offwind-float,0.0,0.0014354634068580198
base,1000,NO0 0AC_00112 0 offwind-float,0.0,0.0012411241023623262
base,1000,NO0 0AC_00113 0 offwind-float,0.0,0.0008820584470223649
base,1000,NO0 0AC_00117 0 offwind-float,0.0,0.00013861275792289017
base,1000,NO0 0AC_00118 0 offwind-float,0.0,0.00015706147715419024
base,1000,NO0 0AC_00119 0 offwind-float,0.0,0.00018847489283733407
base,1000,NO0 0AC_00120 0 offwind-float,0.0,0.0002489870582590782
base,1000,NO0 0AC_00123 0 offwind-float,0.0,0.00025879432946314374
base,1000,NO0 0AC_00128 0 offwind-float,0.0,0.0012350935146979867
base,1000,NO0 0AC_00129 0 offwind-float,0.0,0.0007969324964429442
base,1000,NO0 0AC_00130 0 offwind-float,0.0,0.0015156262669427443
base,1000,NO0 0AC_00132 0 offwind-float,0.0,0.0006400578233486661
base,1000,NO0 0AC_00133 0 offwind-float,0.0,0.0009318792490264078
base,1000,NO0 0AC_00134 0 offwind-float,0.0,0.0013423387380668461
base,1000,NO0 0AC_00135 0 offwind-float,0.0,0.0011111809897105655
base,1000,NO0 0AC_00136 0 offwind-float,0.0,0.0013459932622594732
base,1000,NO0 0AC_00137 0 offwind-float,0.0,0.0006299178486649773
base,1000,NO0 0AC_00144 0 offwind-float,0.0,9.61844996642341e-05
base,1000,NO0 0AC_00145 0 offwind-float,0.0,0.0013417533567810112
base,1000,NO0 0AC_00146 0 offwind-float,0.0,0.0015114745123082011
base,1000,NO0 0AC_00147 0 offwind-float,0.0,0.000991877024679854
base,1000,NO0 0AC_00153 0 offwind-float,0.0,0.0008787454871367569
base,1000,NO0 0AC_00156 0 offwind-float,0.0,0.0014200435045080171
base,1000,NO0 0AC_00158 0 offwind-float,0.0,0.0007859146609272662
base,1000,NO0 0AC_00159 0 offwind-float,0.0,0.0011763801845197353
base,1000,NO0 0AC_00160 0 offwind-float,0.0,0.0008853661331647494
base,1000,NO0 0AC_00162 0 offwind-float,0.0,0.0009618374410530651
base,1000,NO0 0AC_00163 0 offwind-float,0.0,0.0008665812231221549
base,1000,NO0 0AC_00164 0 offwind-float,0.0,0.0008365116517414741
base,1000,NO0 0AC_00165 0 offwind-float,0.0,0.0007036992597554277
base,1000,NO0 0AC_00166 0 offwind-float,0.0,0.0005737157330729055
base,1000,NO0 0AC_00167 0 offwind-float,0.0,0.0011676024283994717
base,1000,NO0 0AC_00168 0 offwind-float,0.0,0.0012480480054048399
base,1000,NO0 0AC_00170 0 offwind-float,0.0,0.0011017689026743642
base,1000,NO0 0AC_00171 0 offwind-float,0.0,0.0007787908848278827
base,1000,NO0 0AC_00173 0 offwind-float,0.0,0.000590140135008094
standard,1000,BE2 0AC_00000 0 offwind-dc,0.11453293606326598,0.004023525630475749
standard,1000,BE2 0AC_00002 0 offwind-dc,0.11452175912715645,0.003045757478466213
standard,1000,DE2 0AC_00000 0 offwind-dc,0.11455622833177226,1665.6764286903792
standard,1000,DE2 0AC_00001 0 offwind-dc,0.11456515097168407,1242.5423086184458
standard,1000,DE2 0AC_00002 0 offwind-dc,0.11451129037146346,165.58032786946282
standard,1000,DE2 0AC_00003 0 offwind-dc,0.11454303777782571,1056.3513735830988
standard,1000,DE2 0AC_00004 0 offwind-dc,0.114522811089244,296.8619187591569
standard,1000,DE2 0AC_00005 0 offwind-dc,0.11451083258364037,1743.0689980450677
standard,1000,DE2 0AC_00006 0 offwind-dc,0.11454443234588252,2179.636699120043
standard,1000,DE2 0AC_00007 0 offwind-dc,0.11453320191427907,1972.681814688667
standard,1000,DE2 0AC_00008 0 offwind-dc,0.11452183151857331,1265.9386673742765
standard,1000,DE2 0AC_00009 0 offwind-dc,0.1145445465717494,0.008504950227772012
standard,1000,DE2 0AC_00010 0 offwind-dc,0.11451150184527015,2593.5028649566893
standard,1000,DE2 0AC_00011 0 offwind-dc,0.11453370926852735,0.21647106041144382
standard,1000,DE2 0AC_00012 0 offwind-dc,0.11454262288679251,0.06290128689051304
standard,1000,DE2 0AC_00013 0 offwind-dc,0.1145112074989495,0.033412587030695884
standard,1000,DE2 0AC_00014 0 offwind-dc,0.11452103638299593,0.025037085863785755
standard,1000,DE2 0AC_00015 0 offwind-dc,0.11458639732816422,2975.9546600196395
standard,1000,DE2 0AC_00016 0 offwind-dc,0.11453196951464073,0.01662343838587871
standard,1000,DE2 0AC_00017 0 offwind-dc,0.11455416905915727,1493.1994379654072
standard,1000,DE2 0AC_00018 0 offwind-dc,0.11453294300192463,1300.0030896623175
standard,1000,DE2 0AC_00019 0 offwind-dc,0.11453300106700359,0.0034798597748337645
standard,1000,DE2 0AC_00020 0 offwind-dc,0.1145106574000494,0.012918771172595524
standard,1000,DE2 0AC_00021 0 offwind-dc,0.11453338334757923,0.01749326322920621
standard,1000,DE2 0AC_00022 0 offwind-dc,0.11455554805574819,0.012930218228013232
standard,1000,DE2 0AC_00023 0 offwind-dc,0.11453293228253447,0.009045468477203111
standard,1000,DE2 0AC_00024 0 offwind-dc,0.11456663964423941,0.007639093789943794
standard,1000,DE2 0AC_00025 0 offwind-dc,0.11452230184704437,0.0323540784777108
standard,1000,DE2 0AC_00026 0 offwind-dc,0.11452253707502569,0.004421124388219006
standard,1000,DE2 0AC_00027 0 offwind-dc,0.11454330140396884,0.0073049381764038485
standard,1000,DE2 0AC_00028 0 offwind-dc,0.11454453630382178,0.007433659317934498
standard,1000,DE2 0AC_00030 0 offwind-dc,0.11455627289331027,0.003131949174980656
standard,1000,DE2 0AC_00031 0 offwind-dc,0.11453277514646032,0.006144598655566543
standard,1000,DE2 0AC_00032 0 offwind-dc,0.11451049060772434,0.0066656099250057745
standard,1000,DK2 0AC_00001 0 offwind-dc,0.1145447511924057,0.002424311910690055
standard,1000,DK2 0AC_00002 0 offwind-dc,0.11452172086664814,0.0025583557311608324
standard,1000,DK2 0AC_00006 0 offwind-dc,0.11451120273737447,0.003262165819322688
standard,1000,DK2 0AC_00007 0 offwind-dc,0.11454435935437257,0.002804228280609488
standard,1000,DK2 0AC_00008 0 offwind-dc,0.11451049458387508,0.0027618353304450635
standard,1000,DK2 0AC_00009 0 offwind-dc,0.11453413286501346,0.002450444787207115
standard,1000,DK2 0AC_00010 0 offwind-dc,0.11451070062484059,0.002704792572926446
standard,1000,DK2 0AC_00012 0 offwind-dc,0.1145314555577357,0.0034275854117627453
standard,1000,DK2 0AC_00013 0 offwind-dc,0.11453189538586062,0.001113208507564229
standard,1000,DK2 0AC_00014 0 offwind-dc,0.11455702728605321,0.0019176871837080249
standard,1000,DK2 0AC_00015 0 offwind-dc,0.11455316829172024,0.0035574939198249333
standard,1000,DK2 0AC_00016 0 offwind-dc,0.11455414611978898,0.0012747532683606041
standard,1000,DK2 0AC_00017 0 offwind-dc,0.11451070507563332,0.002489788775499761
standard,1000,DK2 0AC_00018 0 offwind-dc,0.11452162037037006,0.002915910586602529
standard,1000,DK2 0AC_00019 0 offwind-dc,0.11450000000000005,0.003504467104721991
standard,1000,DK2 0AC_00020 0 offwind-dc,0.11452145382120793,0.002618971520148636
standard,1000,DK2 0AC_00021 0 offwind-dc,0.11452078669606358,0.002382979055249573
standard,1000,DK2 0AC_00022 0 offwind-dc,0.11453191790367234,0.002081162434007392
standard,1000,DK2 0AC_00023 0 offwind-dc,0.11453310931455507,0.0025339021342272307
standard,1000,DK2 0AC_00024 0 offwind-dc,0.1145213474089789,0.0035514657034272424
standard,1000,DK2 0AC_00025 0 offwind-dc,0.11455573092808746,0.0013192211939409431
standard,1000,DK2 0AC_00026 0 offwind-dc,0.11453360220026143,0.0024366754390300954
standard,1000,DK2 0AC_00027 0 offwind-dc,0.11453087847270149,0.004360089040554494
standard,1000,DK2 0AC_00028 0 offwind-dc,0.1145319450635599,0.003584626395415442
standard,1000,DK2 0AC_00029 0 offwind-dc,0.1145114719028516,0.0017737203447866768
standard,1000,DK2 0AC_00030 0 offwind-dc,0.11454357751708932,0.0018944658895093782
standard,1000,DK2 0AC_00031 0 offwind-dc,0.114563038759121,0.002598871212300403
standard,1000,DK2 0AC_00032 0 offwind-dc,0.11450990362114122,0.0044129908524918725
standard,1000,DK2 0AC_00033 0 offwind-dc,0.11454448497812242,0.001724563356079578
standard,1000,DK2 0AC_00034 0 offwind-dc,0.11452166567104027,0.0015728682004836191
standard,1000,DK2 0AC_00036 0 offwind-dc,0.11453326597412128,0.0018248813982232593
standard,1000,DK2 0AC_00037 0 offwind-dc,0.11452131430494172,0.004382032239140113
standard,1000,DK2 0AC_00038 0 offwind-dc,0.11455350091566174,0.0021486696734839953
standard,1000,DK2 0AC_00039 0 offwind-dc,0.11453202242005678,0.002138182501411776
standard,1000,DK2 0AC_00058 0 offwind-dc,0.11451137268048006,0.002315948474100013
standard,1000,FR2 0AC_00000 0 offwind-dc,0.1145214062626978,0.0015489045941912238
standard,1000,FR2 0AC_00001 0 offwind-dc,0.11454556645714731,0.0011419949218311968
standard,1000,GB1 0AC_00019 0 offwind-dc,0.11454830844847552,0.002400448826476883
standard,1000,GB1 0AC_00024 0 offwind-dc,0.11453544095905799,0.0036079810296300824
standard,1000,GB1 0AC_00033 0 offwind-dc,0.11452376409633303,0.002624763552810517
standard,1000,GB1 0AC_00037 0 offwind-dc,0.11453417750381123,0.003919099359488904
standard,1000,GB1 0AC_00091 0 offwind-dc,0.11451082218631115,0.0012701821487542918
standard,1000,GB1 0AC_00100 0 offwind-dc,0.11451102959924753,0.0016998392267412743
standard,1000,GB1 0AC_00111 0 offwind-dc,0.11451117465154181,0.0013563710029378686
standard,1000,GB1 0AC_00112 0 offwind-dc,0.11456671700505228,0.0016976180647854042
standard,1000,GB1 0AC_00117 0 offwind-dc,0.11453331125715027,0.001935450140877976
standard,1000,GB1 0AC_00120 0 offwind-dc,0.11451145990835765,0.002469072241778656
standard,1000,GB1 0AC_00127 0 offwind-dc,0.11452227079134891,0.0016120944961567497
standard,1000,GB1 0AC_00132 0 offwind-dc,0.11454496407910586,0.0015870142818018619
standard,1000,GB1 0AC_00133 0 offwind-dc,0.11450000000000005,0.0019877763500332343
standard,1000,GB1 0AC_00137 0 offwind-dc,0.11454523859542887,0.001772139051995917
standard,1000,GB1 0AC_00143 0 offwind-dc,0.11453362621398577,0.0016750437271988291
standard,1000,GB1 0AC_00146 0 offwind-dc,0.11456697592196452,0.0016670578114885432
standard,1000,GB1 0AC_00147 0 offwind-dc,0.11458091922208047,0.0014189060932993478
standard,1000,GB1 0AC_00148 0 offwind-dc,0.11458978751367832,0.0026367524814084895
standard,1000,GB1 0AC_00154 0 offwind-dc,0.11450000000000016,0.0016463194376913066
standard,1000,GB1 0AC_00158 0 offwind-dc,0.11452198409226588,0.00112297639390379
standard,1000,GB1 0AC_00159 0 offwind-dc,0.11452297728889949,0.0011790716910858056
standard,1000,GB1 0AC_00160 0 offwind-dc,0.11454421201455589,0.0009919522813292506
standard,1000,GB1 0AC_00161 0 offwind-dc,0.11454471761997398,0.00101122656728133
standard,1000,GB1 0AC_00163 0 offwind-dc,0.11458891177724162,0.0017625414732320836
standard,1000,GB1 0AC_00164 0 offwind-dc,0.11454571634823596,0.002752025687501565
standard,1000,GB1 0AC_00165 0 offwind-dc,0.11455590813998495,0.001003435893498784
standard,1000,GB1 0AC_00167 0 offwind-dc,0.11455593236899186,0.001357526390550474
standard,1000,GB1 0AC_00168 0 offwind-dc,0.11453341133868822,0.00142516920604648
standard,1000,GB1 0AC_00171 0 offwind-dc,0.1145221949885914,0.0013210723246685557
standard,1000,GB1 0AC_00175 0 offwind-dc,0.11451053571471603,0.000794217884219561
standard,1000,GB1 0AC_00176 0 offwind-dc,0.11456760048324288,0.001767273198935048
standard,1000,GB1 0AC_00177 0 offwind-dc,0.11451137001123857,0.0017494056777296544
standard,1000,GB1 0AC_00179 0 offwind-dc,0.11452256833773566,0.001088109828885581
standard,1000,GB1 0AC_00180 0 offwind-dc,0.11453347386173851,0.00112689129058653
standard,1000,GB1 0AC_00181 0 offwind-dc,0.11452137198436418,0.0010447203846416652
standard,1000,GB1 0AC_00182 0 offwind-dc,0.11449999999999994,0.0028113079536306483
standard,1000,GB1 0AC_00183 0 offwind-dc,0.11452122558042455,0.0010667422369320635
standard,1000,GB1 0AC_00184 0 offwind-dc,0.1145226338075106,0.000999606314301912
standard,1000,GB1 0AC_00187 0 offwind-dc,0.11452141882937383,0.0018314288322742304
standard,1000,GB1 0AC_00188 0 offwind-dc,0.11455496364454021,0.001221313703660254
standard,1000,GB1 0AC_00189 0 offwind-dc,0.11460144812543938,0.0010893876362798878
standard,1000,GB1 0AC_00190 0 offwind-dc,0.11455655796851405,0.0010569035752282618
standard,1000,GB1 0AC_00192 0 offwind-dc,0.1145564246690235,0.0012982187311010478
standard,1000,GB1 0AC_00194 0 offwind-dc,0.11454373684217978,0.0011451335259646022
standard,1000,GB1 0AC_00196 0 offwind-dc,0.11452247422380757,0.0017681985773441284
standard,1000,GB1 0AC_00197 0 offwind-dc,0.11454500888633468,0.0015253685444010208
standard,1000,GB1 0AC_00199 0 offwind-dc,0.11450000000000005,0.0013048062084359431
standard,1000,GB1 0AC_00200 0 offwind-dc,0.114522105059495,0.0015501241283614317
standard,1000,GB1 0AC_00202 0 offwind-dc,0.11454525937953763,0.0016099695272208817
standard,1000,GB1 0AC_00203 0 offwind-dc,0.11452169090161712,0.0016496684187015838
standard,1000,GB1 0AC_00204 0 offwind-dc,0.11456514377178062,0.0016859921352867576
standard,1000,GB1 0AC_00205 0 offwind-dc,0.1145118191970762,0.001406316745531415
standard,1000,GB1 0AC_00206 0 offwind-dc,0.11452293285954118,0.0028922897644960335
standard,1000,GB4 0AC_00002 0 offwind-dc,0.11453259830128792,0.018970309596150772
standard,1000,GB4 0AC_00003 0 offwind-dc,0.11452260189864083,0.016202822018083433
standard,1000,GB4 0AC_00008 0 offwind-dc,0.1145437991302759,0.0029189565123409695
standard,1000,GB4 0AC_00010 0 offwind-dc,0.11454333106867498,102.25147363362258
standard,1000,NL2 0AC_00000 0 offwind-dc,0.11456912175856482,0.00638286735551036
standard,1000,NL2 0AC_00001 0 offwind-dc,0.1145114637294401,0.0023813323858970486
standard,1000,NL2 0AC_00003 0 offwind-dc,0.11453375137288291,0.00439504137674109
standard,1000,NL2 0AC_00004 0 offwind-dc,0.1145220841540473,1528.5493889941163
standard,1000,NL2 0AC_00005 0 offwind-dc,0.11451121267232156,0.0077272627583196045
standard,1000,NL2 0AC_00006 0 offwind-dc,0.11451104247759814,0.009840504031878236
standard,1000,NL2 0AC_00007 0 offwind-dc,0.11453273792082541,0.0023279778430346475
standard,1000,NL2 0AC_00008 0 offwind-dc,0.11452299758432005,0.005766885670156422
standard,1000,NL2 0AC_00009 0 offwind-dc,0.11452240805948444,0.0031259258134245906
standard,1000,NL2 0AC_00010 0 offwind-dc,0.11454327851876722,0.0022016889203181345
standard,1000,NL2 0AC_00011 0 offwind-dc,0.11450000000000016,0.004642969665651289
standard,1000,NL2 0AC_00012 0 offwind-dc,0.11452224170071523,0.0044987648700739085
standard,1000,NL2 0AC_00013 0 offwind-dc,0.11454614089266091,0.005499417424654381
standard,1000,NL2 0AC_00014 0 offwind-dc,0.11450000000000027,0.004650171381101923
standard,1000,NL2 0AC_00015 0 offwind-dc,0.11452247973248009,0.008168954982267572
standard,1000,NL2 0AC_00016 0 offwind-dc,0.11452110742410415,0.0037904442636763286
standard,1000,NL2 0AC_00019 0 offwind-dc,0.11456558306664855,0.004131668125155362
standard,1000,NL2 0AC_00020 0 offwind-dc,0.11450000000000016,0.010118998687948801
standard,1000,NL2 0AC_00022 0 offwind-dc,0.11452178636355781,0.0025046699203314805
standard,1000,NL2 0AC_00023 0 offwind-dc,0.11453397459688852,0.004418281899452393
standard,1000,NL2 0AC_00024 0 offwind-dc,0.1145341021196834,0.003395489819120359
standard,1000,NL2 0AC_00025 0 offwind-dc,0.11453401451725043,0.007073692100230862
standard,1000,NL2 0AC_00026 0 offwind-dc,0.11456700372937934,0.01862835757211574
standard,1000,NL2 0AC_00029 0 offwind-dc,0.11455627399339441,0.004081139939693699
standard,1000,NL2 0AC_00031 0 offwind-dc,0.1145117623852735,0.004892513597726285
standard,1000,NL2 0AC_00032 0 offwind-dc,0.11452234259166993,0.004400083311998156
standard,1000,NL2 0AC_00033 0 offwind-dc,0.11453347319244889,0.011219313422027316
standard,1000,NL2 0AC_00034 0 offwind-dc,0.11454435236018856,0.001889823064771338
standard,1000,NL2 0AC_00035 0 offwind-dc,0.11455617781552385,0.00600267134483394
standard,1000,NL2 0AC_00036 0 offwind-dc,0.1145460065274787,0.009904479237005768
standard,1000,NL2 0AC_00037 0 offwind-dc,0.11454510421739983,0.02078117156510153
standard,1000,NL2 0AC_00038 0 offwind-dc,0.11454450457740217,0.0030492515266051976
standard,1000,NL2 0AC_00040 0 offwind-dc,0.11450000000000005,0.004335939332831508
standard,1000,NL2 0AC_00042 0 offwind-dc,0.11454460027172164,0.008247947342171153
standard,1000,NL2 0AC_00043 0 offwind-dc,0.11451134087502646,0.0032029770891272924
standard,1000,NL2 0AC_00044 0 offwind-dc,0.11458881850261293,0.016964911727693488
standard,1000,NL2 0AC_00045 0 offwind-dc,0.11453337297272204,0.005588500993645214
standard,1000,NL2 0AC_00046 0 offwind-dc,0.11451128664802424,0.0023977543017399067
standard,1000,NL2 0AC_00050 0 offwind-dc,0.11453428728081261,0.007210727052249944
standard,1000,NL2 0AC_00053 0 offwind-dc,0.11453361546348184,0.004177544229007855
standard,1000,NL2 0AC_00054 0 offwind-dc,0.114533666898052,0.01244317028441145
standard,1000,NL2 0AC_00055 0 offwind-dc,0.11454450902778035,0.004576818001268051
standard,1000,NL2 0AC_00056 0 offwind-dc,0.11450000000000016,0.0056797600065700525
standard,1000,NL2 0AC_00057 0 offwind-dc,0.11453331250396259,0.003732396439861756
standard,1000,NL2 0AC_00058 0 offwind-dc,0.11451144086777731,0.006069141519316049
standard,1000,NL2 0AC_00059 0 offwind-dc,0.11450000000000016,0.002480292726978311
standard,1000,NL2 0AC_00060 0 offwind-dc,0.11451087581152908,0.00517075942368802
standard,1000,NL2 0AC_00062 0 offwind-dc,0.11455612648118318,0.002998140370881456
standard,1000,NL2 0AC_00063 0 offwind-dc,0.11454334907076336,0.00403057601041038
standard,1000,NL2 0AC_00064 0 offwind-dc,0.11453400340990261,0.004736018103498667
standard,1000,NO0 0AC_00063 0 offwind-dc,0.1145230412268774,0.0029734326880602575
standard,1000,NO0 0AC_00074 0 offwind-dc,0.11453271694262646,0.003026502670260693
standard,1000,NO0 0AC_00094 0 offwind-dc,0.11452153808779875,0.004780176730404253
standard,1000,NO0 0AC_00110 0 offwind-dc,0.11452182403002098,0.004212547206613127
standard,1000,NO0 0AC_00125 0 offwind-dc,0.1145103615312395,0.0042996101282392835
standard,1000,DE2 0AC_00035 0 offwind-float,0.11453490033380775,0.0005520925018748259
standard,1000,DK2 0AC_00000 0 offwind-float,0.11454641856777503,0.0010682759410026367
standard,1000,DK2 0AC_00003 0 offwind-float,0.11453499743128981,0.0010258060737668025
standard,1000,DK2 0AC_00004 0 offwind-float,0.1145104776068746,0.0010173860362880463
standard,1000,DK2 0AC_00005 0 offwind-float,0.11454427844807735,0.0010272775260171665
standard,1000,DK2 0AC_00011 0 offwind-float,0.11452107554019231,0.0008451172461975938
standard,1000,DK2 0AC_00042 0 offwind-float,0.11455213597044023,0.0008397852176070468
standard,1000,DK2 0AC_00061 0 offwind-float,0.1145651838935785,0.0009174675691472927
standard,1000,DK2 0AC_00062 0 offwind-float,0.11455454963921374,0.0011153278094060567
standard,1000,DK2 0AC_00063 0 offwind-float,0.1145809751630088,0.0010640844276181701
standard,1000,GB1 0AC_00001 0 offwind-float,0.11453772126998796,0.000850234354606563
standard,1000,GB1 0AC_00006 0 offwind-float,0.11451131691546557,0.001347886065432086
standard,1000,GB1 0AC_00008 0 offwind-float,0.11458434635884118,0.0010347561467388073
standard,1000,GB1 0AC_00010 0 offwind-float,0.11452182879491257,0.0011905051868635935
standard,1000,GB1 0AC_00015 0 offwind-float,0.11456045004204585,0.0006127524420619217
standard,1000,GB1 0AC_00016 0 offwind-float,0.11454664297289574,0.0011639151386598852
standard,1000,GB1 0AC_00017 0 offwind-float,0.11454551696954329,0.0013616213516752867
standard,1000,GB1 0AC_00018 0 offwind-float,0.1145211419901172,0.0015337878151516255
standard,1000,GB1 0AC_00021 0 offwind-float,0.11455751404281567,0.0013535880047668197
standard,1000,GB1 0AC_00022 0 offwind-float,0.11457766815354353,0.0008302991965225973
standard,1000,GB1 0AC_00023 0 offwind-float,0.11454352415284852,0.0015425749527639887
standard,1000,GB1 0AC_00025 0 offwind-float,0.11453414077309088,0.0007961134058769566
standard,1000,GB1 0AC_00029 0 offwind-float,0.11456677608434906,0.0014423917603574184
standard,1000,GB1 0AC_00030 0 offwind-float,0.11453575139771655,0.0010164654392913152
standard,1000,GB1 0AC_00031 0 offwind-float,0.11452320693519025,0.0015029959616070627
standard,1000,GB1 0AC_00032 0 offwind-float,0.11453368007525888,0.00128236556053961
standard,1000,GB1 0AC_00034 0 offwind-float,0.11454815472932789,0.0008426672049914389
standard,1000,GB1 0AC_00035 0 offwind-float,0.11452220448466555,0.0014812657040055445
standard,1000,GB1 0AC_00036 0 offwind-float,0.11455657351253479,0.00117617797086502
standard,1000,GB1 0AC_00038 0 offwind-float,0.11456910992215985,0.0011602461903387393
standard,1000,GB1 0AC_00039 0 offwind-float,0.11449999999999994,0.0009649337284651396
standard,1000,GB1 0AC_00040 0 offwind-float,0.1145331332804922,0.001274203714145271
standard,1000,GB1 0AC_00041 0 offwind-float,0.11454412047390838,0.0016128858586855707
standard,1000,GB1 0AC_00042 0 offwind-float,0.11452273103105481,0.0015723417561807583
standard,1000,GB1 0AC_00043 0 offwind-float,0.11457809629517268,0.0013511330970548666
standard,1000,GB1 0AC_00047 0 offwind-float,0.11452255787027354,0.00140464483634422
standard,1000,GB1 0AC_00048 0 offwind-float,0.11455618428810066,0.0013840349938365791
standard,1000,GB1 0AC_00049 0 offwind-float,0.1145578020569048,0.0013755096532958757
standard,1000,GB1 0AC_00050 0 offwind-float,0.11455662085120955,0.001294370796807464
standard,1000,GB1 0AC_00051 0 offwind-float,0.11452629219489896,0.0005496857560584618
standard,1000,GB1 0AC_00052 0 offwind-float,0.11452170980096787,0.0015073925809319906
standard,1000,GB1 0AC_00053 0 offwind-float,0.11453405005751771,0.0015143434048685278
standard,1000,GB1 0AC_00054 0 offwind-float,0.11452218680884585,0.001394488819737972
standard,1000,GB1 0AC_00055 0 offwind-float,0.11453603824166392,0.0009196820825083519
standard,1000,GB1 0AC_00056 0 offwind-float,0.11457856178741244,0.0013850468599719786
standard,1000,GB1 0AC_00057 0 offwind-float,0.11451175702564009,0.0015288781518104087
standard,1000,GB1 0AC_00062 0 offwind-float,0.11452342531756177,0.0007198725417072539
standard,1000,GB1 0AC_00063 0 offwind-float,0.11452167264576552,0.001454655451495057
standard,1000,GB1 0AC_00064 0 offwind-float,0.11453445511106242,0.0014602488507877024
standard,1000,GB1 0AC_00065 0 offwind-float,0.11453430886597071,0.0010544278420628063
standard,1000,GB1 0AC_00066 0 offwind-float,0.11453372291687414,0.0013611271201206853
standard,1000,GB1 0AC_00067 0 offwind-float,0.1145460700686356,0.001462690536584277
standard,1000,GB1 0AC_00068 0 offwind-float,0.11455846407566783,0.0007325512729269023
standard,1000,GB1 0AC_00069 0 offwind-float,0.11453422473806918,0.001291817753603517
standard,1000,GB1 0AC_00070 0 offwind-float,0.11455660383823907,0.0010308853629814702
standard,1000,GB1 0AC_00071 0 offwind-float,0.11452303646610917,0.0013815440093602283
standard,1000,GB1 0AC_00072 0 offwind-float,0.11455609385317278,0.001479711046551947
standard,1000,GB1 0AC_00073 0 offwind-float,0.1145577541000612,0.0014141957169342746
standard,1000,GB1 0AC_00074 0 offwind-float,0.11454567156336526,0.0013301606252259823
standard,1000,GB1 0AC_00075 0 offwind-float,0.11454488862561762,0.0012142516765876314
standard,1000,GB1 0AC_00076 0 offwind-float,0.11452190387859384,0.0013575597375128238
standard,1000,GB1 0AC_00077 0 offwind-float,0.11452228355159122,0.0012934037222064798
standard,1000,GB1 0AC_00078 0 offwind-float,0.11454555986294035,0.0014522777695943241
standard,1000,GB1 0AC_00079 0 offwind-float,0.11461584890217824,0.001012528816229485
standard,1000,GB1 0AC_00080 0 offwind-float,0.11456712951845072,0.0014273074119958025
standard,1000,GB1 0AC_00081 0 offwind-float,0.11453340658590527,0.0014132573638570812
standard,1000,GB1 0AC_00082 0 offwind-float,0.11452313576486994,0.0013998299868705117
standard,1000,GB1 0AC_00083 0 offwind-float,0.11453596127132948,0.0009495835011834481
standard,1000,GB1 0AC_00084 0 offwind-float,0.11451168000723544,0.0011435045980100734
standard,1000,GB1 0AC_00085 0 offwind-float,0.11452383063782212,0.0012440450586697232
standard,1000,GB1 0AC_00086 0 offwind-float,0.11455581607574816,0.0014078382752730353
standard,1000,GB1 0AC_00087 0 offwind-float,0.11456862937102164,0.0013700187704257316
standard,1000,GB1 0AC_00088 0 offwind-float,0.11455628426002784,0.0014059373105514345
standard,1000,GB1 0AC_00089 0 offwind-float,0.11451124784809963,0.0012613245975471835
standard,1000,GB1 0AC_00098 0 offwind-float,0.11450000000000005,0.0013201831193880378
standard,1000,GB1 0AC_00099 0 offwind-float,0.11456912455277268,0.0013769387584342285
standard,1000,GB1 0AC_00101 0 offwind-float,0.11453326904458772,0.0012955771769860092
standard,1000,GB1 0AC_00102 0 offwind-float,0.11456807686963866,0.0014174349983206973
standard,1000,GB1 0AC_00104 0 offwind-float,0.11454492226849766,0.0011414030080429646
standard,1000,GB1 0AC_00105 0 offwind-float,0.11453245177340188,0.001219075656928734
standard,1000,GB1 0AC_00106 0 offwind-float,0.11453309034993486,0.0014076442290499964
standard,1000,GB1 0AC_00107 0 offwind-float,0.11454590865839209,0.0013843108202668492
standard,1000,GB1 0AC_00108 0 offwind-float,0.11454534807214234,0.0013611602274218914
standard,1000,GB1 0AC_00109 0 offwind-float,0.11454512603854716,0.0013470982004046314
standard,1000,GB1 0AC_00110 0 offwind-float,0.11454565416986462,0.0012873042336048622
standard,1000,GB1 0AC_00113 0 offwind-float,0.11454502907628628,0.0013643443903408575
standard,1000,GB1 0AC_00114 0 offwind-float,0.1145223968849648,0.0011760414775603923
standard,1000,GB1 0AC_00115 0 offwind-float,0.11454648218129004,0.0013318121175899516
standard,1000,GB1 0AC_00121 0 offwind-float,0.11451141516216723,0.0013202741451986554
standard,1000,GB1 0AC_00123 0 offwind-float,0.11451180330513733,0.001331354031507134
standard,1000,GB1 0AC_00124 0 offwind-float,0.11451136786298421,0.0013130529047659604
standard,1000,GB1 0AC_00125 0 offwind-float,0.1145223737793788,0.0013304186133536076
standard,1000,GB1 0AC_00126 0 offwind-float,0.11453489794989147,0.0013446812103611832
standard,1000,GB1 0AC_00128 0 offwind-float,0.11454551637125221,0.0013219669207488653
standard,1000,GB1 0AC_00131 0 offwind-float,0.11452250703609812,0.0013102086812689252
standard,1000,GB1 0AC_00134 0 offwind-float,0.11453414074202306,0.001071979800106336
standard,1000,GB1 0AC_00136 0 offwind-float,0.11453279355104817,0.00131825326717837
standard,1000,GB1 0AC_00138 0 offwind-float,0.11456902118438272,0.0013377167796235377
standard,1000,GB1 0AC_00139 0 offwind-float,0.11454491289761559,0.0013324629712750564
standard,1000,GB1 0AC_00140 0 offwind-float,0.11452259284207511,0.001319724217854103
standard,1000,GB1 0AC_00141 0 offwind-float,0.1145118760742675,0.0004915388405547455
standard,1000,GB1 0AC_00142 0 offwind-float,0.1145224839437261,0.0013483291866657446
standard,1000,GB1 0AC_00144 0 offwind-float,0.11455745573864806,0.00131251054663619
standard,1000,GB1 0AC_00149 0 offwind-float,0.11451088635939988,0.001329863430022276
standard,1000,GB1 0AC_00150 0 offwind-float,0.11454568099797469,0.0013620737121469986
standard,1000,GB1 0AC_00152 0 offwind-float,0.11456822562375835,0.0013347267844143163
standard,1000,GB1 0AC_00153 0 offwind-float,0.11452209615903675,0.001306412980342831
standard,1000,GB1 0AC_00156 0 offwind-float,0.11455814620275062,0.0014131139179054323
standard,1000,GB1 0AC_00157 0 offwind-float,0.11452241421503462,0.0011345251834672583
standard,1000,GB1 0AC_00169 0 offwind-float,0.11452264079286412,0.001378915996990266
standard,1000,GB1 0AC_00172 0 offwind-float,0.11452321626259299,0.0013026515030909794
standard,1000,GB1 0AC_00173 0 offwind-float,0.11453340838813597,0.001342374794383847
standard,1000,GB1 0AC_00174 0 offwind-float,0.11456701766554345,0.0012493393701450168
standard,1000,GB1 0AC_00185 0 offwind-float,0.11454624457209972,0.001180087682436101
standard,1000,GB1 0AC_00186 0 offwind-float,0.11452229790184443,0.0012266536077727881
standard,1000,GB1 0AC_00191 0 offwind-float,0.11456974226869332,0.001249580232569905
standard,1000,GB1 0AC_00193 0 offwind-float,0.11454617401719025,0.0004865515539920159
standard,1000,GB1 0AC_00195 0 offwind-float,0.11454505823008665,0.0011462194366691778
standard,1000,GB1 0AC_00198 0 offwind-float,0.11453417463609772,0.0010876953386074562
standard,1000,GB1 0AC_00201 0 offwind-float,0.11456820536082257,0.0012815928421187226
standard,1000,GB4 0AC_00000 0 offwind-float,0.11453560494144055,0.0007720932574757552
standard,1000,GB4 0AC_00004 0 offwind-float,0.11453259830128792,0.0007244023141835829
standard,1000,GB4 0AC_00005 0 offwind-float,0.11452299499864893,0.0009201157158487323
standard,1000,GB4 0AC_00009 0 offwind-float,0.1145417086382231,0.0015125514270525361
standard,1000,GB4 0AC_00011 0 offwind-float,0.11452150487082968,0.0016100088374778687
standard,1000,GB4 0AC_00012 0 offwind-float,0.11452177073106218,0.0017859798487940913
standard,1000,GB4 0AC_00013 0 offwind-float,0.11453251453576674,0.0016254560101627157
standard,1000,GB4 0AC_00018 0 offwind-float,0.11452100410479826,0.0014385282155349672
standard,1000,GB4 0AC_00020 0 offwind-float,0.11454405308332571,0.0017483061150810667
standard,1000,GB4 0AC_00021 0 offwind-float,0.11452143232136014,0.0016371683655945063
standard,1000,GB4 0AC_00022 0 offwind-float,0.11454426797208461,0.0016927066531859437
standard,1000,GB4 0AC_00023 0 offwind-float,0.11454282672990657,0.0016524135859103369
standard,1000,GB4 0AC_00026 0 offwind-float,0.11451061536977869,0.0017027100607441177
standard,1000,GB4 0AC_00027 0 offwind-float,0.1145113075847296,0.00172185020089584
standard,1000,GB4 0AC_00028 0 offwind-float,0.11452344356698463,0.0016189454055205049
standard,1000,GB4 0AC_00029 0 offwind-float,0.11451090192676239,0.0019300830149615502
standard,1000,GB4 0AC_00030 0 offwind-float,0.11451150668666932,0.0017121826106557983
standard,1000,GB4 0AC_00031 0 offwind-float,0.11449999999999994,0.0019640646851897276
standard,1000,GB4 0AC_00032 0 offwind-float,0.1145641236389584,0.001841404489101795
standard,1000,GB4 0AC_00033 0 offwind-float,0.11456580845667474,0.001868875535387381
standard,1000,GB4 0AC_00034 0 offwind-float,0.11453416280433237,0.0018130369468387162
standard,1000,GB4 0AC_00035 0 offwind-float,0.11456783745947552,0.0016817306469352423
standard,1000,GB4 0AC_00036 0 offwind-float,0.1145216921387131,0.0018831806116065952
standard,1000,GB4 0AC_00037 0 offwind-float,0.11455532723846718,0.0016718971749475073
standard,1000,GB4 0AC_00038 0 offwind-float,0.11453213981573873,0.0016713140801833473
standard,1000,GB4 0AC_00039 0 offwind-float,0.11451152031378564,0.0017058955706492995
standard,1000,GB4 0AC_00040 0 offwind-float,0.11451083446003163,0.0015223409566242313
standard,1000,GB4 0AC_00041 0 offwind-float,0.1145344683713686,0.0019161598315553356
standard,1000,GB4 0AC_00042 0 offwind-float,0.11453329011261126,0.0016303542755090625
standard,1000,GB4 0AC_00043 0 offwind-float,0.11452118462101224,0.0016208584497131584
standard,1000,GB4 0AC_00044 0 offwind-float,0.11455631244811515,0.0013951496285506408
standard,1000,GB4 0AC_00045 0 offwind-float,0.11455810109656905,0.0018695865383716584
standard,1000,GB4 0AC_00046 0 offwind-float,0.1145335423276671,0.0017032694311490122
standard,1000,GB4 0AC_00047 0 offwind-float,0.11452180119584099,0.0014462142403624514
standard,1000,GB4 0AC_00048 0 offwind-float,0.11451075346308848,0.0015397787102578693
standard,1000,GB4 0AC_00049 0 offwind-float,0.11453325396660718,0.0015358854313365946
standard,1000,GB4 0AC_00050 0 offwind-float,0.11457888136131689,0.0016033478844814041
standard,1000,GB4 0AC_00051 0 offwind-float,0.11453401842747823,0.0013114293565800383
standard,1000,GB4 0AC_00052 0 offwind-float,0.11453581552219905,0.0015202612141157628
standard,1000,GB4 0AC_00053 0 offwind-float,0.11456758280318058,0.0016283437528909395
standard,1000,GB4 0AC_00054 0 offwind-float,0.1145347903716889,0.0017287159533107852
standard,1000,GB4 0AC_00055 0 offwind-float,0.11453497234421228,0.001542158093264775
standard,1000,GB4 0AC_00056 0 offwind-float,0.11454585267964645,0.001381511590462012
standard,1000,GB4 0AC_00057 0 offwind-float,0.11459173588000449,0.00156572903297384
standard,1000,GB4 0AC_00058 0 offwind-float,0.11456701212097942,0.0014174638299788672
standard,1000,GB4 0AC_00059 0 offwind-float,0.1145473267821574,0.001657451641999464
standard,1000,GB4 0AC_00060 0 offwind-float,0.11456700971289935,0.0014291775105691113
standard,1000,GB4 0AC_00061 0 offwind-float,0.11449999999999994,0.0012315841780988805
standard,1000,GB4 0AC_00062 0 offwind-float,0.11455860507800142,0.0014747792771605131
standard,1000,GB4 0AC_00063 0 offwind-float,0.11457881603078202,0.0013302452500404053
standard,1000,GB4 0AC_00064 0 offwind-float,0.11453381265967755,0.0014368690756836051
standard,1000,GB4 0AC_00065 0 offwind-float,0.1145342777691909,0.001321289654876874
standard,1000,GB4 0AC_00066 0 offwind-float,0.11454759929778635,0.0014878213882516822
standard,1000,GB4 0AC_00067 0 offwind-float,0.11457064292904096,0.0014727964745104277
standard,1000,GB4 0AC_00068 0 offwind-float,0.1145589885741326,0.0015354114215438656
standard,1000,NL2 0AC_00021 0 offwind-float,0.11453358954968529,0.0006751347872799665
standard,1000,NL2 0AC_00047 0 offwind-float,0.11454200429308703,0.000357249423245916
standard,1000,NO0 0AC_00000 0 offwind-float,0.11453434819523223,0.0012018533365964694
standard,1000,NO0 0AC_00001 0 offwind-float,0.11460417871736883,0.0012565299667379307
standard,1000,NO0 0AC_00002 0 offwind-float,0.11450000000000027,0.0011340548719359137
standard,1000,NO0 0AC_00003 0 offwind-float,0.11458968316263696,0.0012540234129808712
standard,1000,NO0 0AC_00004 0 offwind-float,0.11452385997567183,0.001095860434722344
standard,1000,NO0 0AC_00005 0 offwind-float,0.11457063520398514,0.0011641360463970542
standard,1000,NO0 0AC_00006 0 offwind-float,0.11454586316741167,0.0011381890636339026
standard,1000,NO0 0AC_00007 0 offwind-float,0.11452285356569769,0.0011151094554564449
standard,1000,NO0 0AC_00008 0 offwind-float,0.11454602018636784,0.001064113308687324
standard,1000,NO0 0AC_00009 0 offwind-float,0.1145230972951552,0.0011970833908177638
standard,1000,NO0 0AC_00010 0 offwind-float,0.1145342103408632,0.0011672541239253769
standard,1000,NO0 0AC_00011 0 offwind-float,0.1145112612474144,0.0012919572534468946
standard,1000,NO0 0AC_00012 0 offwind-float,0.11451159021294621,0.0011438758842633968
standard,1000,NO0 0AC_00013 0 offwind-float,0.11453676226203824,0.0012014821210184397
standard,1000,NO0 0AC_00014 0 offwind-float,0.11452437054292897,0.001327201816419725
standard,1000,NO0 0AC_00015 0 offwind-float,0.1145355013702124,0.0012446189517518586
standard,1000,NO0 0AC_00016 0 offwind-float,0.11455868449605389,0.0011303909389943254
standard,1000,NO0 0AC_00017 0 offwind-float,0.11458035061911032,0.0012217984887624945
standard,1000,NO0 0AC_00018 0 offwind-float,0.11453401810197206,0.001237759986706062
standard,1000,NO0 0AC_00019 0 offwind-float,0.11454486235977468,0.001143601318407634
standard,1000,NO0 0AC_00020 0 offwind-float,0.11450000000000016,0.001123198497999325
standard,1000,NO0 0AC_00021 0 offwind-float,0.11454807071066253,0.0012493740259974337
standard,1000,NO0 0AC_00022 0 offwind-float,0.11453646755796654,0.0012187638484316547
standard,1000,NO0 0AC_00023 0 offwind-float,0.11449999999999994,0.0012028502534439224
standard,1000,NO0 0AC_00024 0 offwind-float,0.11451191597219035,0.0011642056544748432
standard,1000,NO0 0AC_00025 0 offwind-float,0.11451125172995669,0.0012355876116849243
standard,1000,NO0 0AC_00026 0 offwind-float,0.11475874098129313,0.0003003934856830904
standard,1000,NO0 0AC_00028 0 offwind-float,0.11464518098156773,0.00032614228166208214
standard,1000,NO0 0AC_00029 0 offwind-float,0.11463419143406917,0.0003179973580308915
standard,1000,NO0 0AC_00031 0 offwind-float,0.11455983067892395,0.001305030209290423
standard,1000,NO0 0AC_00032 0 offwind-float,0.1145120506628533,0.0011107228125162422
standard,1000,NO0 0AC_00033 0 offwind-float,0.11454654101874628,0.0011357075124575969
standard,1000,NO0 0AC_00034 0 offwind-float,0.1145700793744302,0.0011709148774224445
standard,1000,NO0 0AC_00035 0 offwind-float,0.11452257205625704,0.0011452667311538233
standard,1000,NO0 0AC_00036 0 offwind-float,0.11452269966159923,0.00118281293579902
standard,1000,NO0 0AC_00037 0 offwind-float,0.11452385761618611,0.0012050887576468073
standard,1000,NO0 0AC_00038 0 offwind-float,0.1145346682971995,0.0010723147298764685
standard,1000,NO0 0AC_00039 0 offwind-float,0.11455786878110708,0.0011783999265117069
standard,1000,NO0 0AC_00040 0 offwind-float,0.11452287529032823,0.00120783416437326
standard,1000,NO0 0AC_00041 0 offwind-float,0.11451150169581292,0.0011700853057357377
standard,1000,NO0 0AC_00042 0 offwind-float,0.11452268149266254,0.0011289615986436452
standard,1000,NO0 0AC_00043 0 offwind-float,0.1145337105837102,0.001107072354286626
standard,1000,NO0 0AC_00044 0 offwind-float,0.11453257194456834,0.0012225283689626314
standard,1000,NO0 0AC_00045 0 offwind-float,0.11453643466481811,0.0012057143744672104
standard,1000,NO0 0AC_00046 0 offwind-float,0.11451217132803271,0.0009324392381169097
standard,1000,NO0 0AC_00047 0 offwind-float,0.11452520186801252,0.0011374832028919256
standard,1000,NO0 0AC_00048 0 offwind-float,0.11456842510997634,0.0012169150098523859
standard,1000,NO0 0AC_00049 0 offwind-float,0.11453364259677956,0.0010698481919830813
standard,1000,NO0 0AC_00050 0 offwind-float,0.11452265731636013,0.0012299470873135569
standard,1000,NO0 0AC_00051 0 offwind-float,0.11452288274653266,0.0011928838835796624
standard,1000,NO0 0AC_00052 0 offwind-float,0.11452367228300186,0.0010912241300526304
standard,1000,NO0 0AC_00053 0 offwind-float,0.11453421472530456,0.001209411912064882
standard,1000,NO0 0AC_00054 0 offwind-float,0.11458243279418556,0.0011379710478142716
standard,1000,NO0 0AC_00055 0 offwind-float,0.11453811012413917,0.0010978597006634453
standard,1000,NO0 0AC_00056 0 offwind-float,0.11457385769591677,0.001207091107512503
standard,1000,NO0 0AC_00057 0 offwind-float,0.11453456695727016,0.001161953003693302
standard,1000,NO0 0AC_00058 0 offwind-float,0.11453492378701835,0.001150944415318532
standard,1000,NO0 0AC_00059 0 offwind-float,0.11452188957744203,0.0011989018131681696
standard,1000,NO0 0AC_00060 0 offwind-float,0.11454652789392461,0.0011377432801870583
standard,1000,NO0 0AC_00061 0 offwind-float,0.11453478137875528,0.001248977467553956
standard,1000,NO0 0AC_00062 0 offwind-float,0.11453295573616984,0.0012174032280152986
standard,1000,NO0 0AC_00064 0 offwind-float,0.11451135786809641,0.0011189192657366542
standard,1000,NO0 0AC_00065 0 offwind-float,0.11453425059302225,0.0010691665509516867
standard,1000,NO0 0AC_00066 0 offwind-float,0.11451041980049514,0.0011264626319280728
standard,1000,NO0 0AC_00067 0 offwind-float,0.11456698452813396,0.0011107881442224412
standard,1000,NO0 0AC_00068 0 offwind-float,0.11456037332666769,0.0010890274682684973
standard,1000,NO0 0AC_00069 0 offwind-float,0.1145609198898151,0.001001604762224192
standard,1000,NO0 0AC_00070 0 offwind-float,0.11452276763434321,0.0011693725848028892
standard,1000,NO0 0AC_00071 0 offwind-float,0.11454558767959022,0.001079564871400799
standard,1000,NO0 0AC_00072 0 offwind-float,0.11454983653398221,0.0007188919792513007
standard,1000,NO0 0AC_00073 0 offwind-float,0.11454321574916515,0.0010567132046691312
standard,1000,NO0 0AC_00075 0 offwind-float,0.11455639635653103,0.0010599292514187817
standard,1000,NO0 0AC_00076 0 offwind-float,0.11456303953992242,0.0005538382446834483
standard,1000,NO0 0AC_00077 0 offwind-float,0.11454637329025352,0.0008761004973991143
standard,1000,NO0 0AC_00078 0 offwind-float,0.11451086188569615,0.0012137649982219148
standard,1000,NO0 0AC_00079 0 offwind-float,0.11452268726291381,0.0010592708008001818
standard,1000,NO0 0AC_00080 0 offwind-float,0.11458190671647162,0.0004377277618887871
standard,1000,NO0 0AC_00081 0 offwind-float,0.11454321028408976,0.0010810600591901814
standard,1000,NO0 0AC_00082 0 offwind-float,0.11454976826176677,0.0005432833636841047
standard,1000,NO0 0AC_00083 0 offwind-float,0.11453336565426697,0.0012076815213157355
standard,1000,NO0 0AC_00084 0 offwind-float,0.11464048164478391,0.0006201526278228968
standard,1000,NO0 0AC_00085 0 offwind-float,0.11464051906999595,0.0005826662150111852
standard,1000,NO0 0AC_00086 0 offwind-float,0.11452235603270056,0.0009240521693721157
standard,1000,NO0 0AC_00087 0 offwind-float,0.11451062264592748,0.0011790729970341308
standard,1000,NO0 0AC_00088 0 offwind-float,0.11451128291561319,0.0011341100767921705
standard,1000,NO0 0AC_00089 0 offwind-float,0.11463503840007849,0.0006912421983571189
standard,1000,NO0 0AC_00091 0 offwind-float,0.1146626560438444,0.0003000820882365255
standard,1000,NO0 0AC_00092 0 offwind-float,0.1146040915077875,0.0007048758915965385
standard,1000,NO0 0AC_00093 0 offwind-float,0.11455476889707683,0.0008771157967193943
standard,1000,NO0 0AC_00095 0 offwind-float,0.11498053756648463,0.0003054472099397013
standard,1000,NO0 0AC_00097 0 offwind-float,0.11544962989689267,0.00019088898859234173
standard,1000,NO0 0AC_00103 0 offwind-float,0.1153299212057185,0.0001649098528322566
standard,1000,NO0 0AC_00105 0 offwind-float,0.1146626560438444,0.0002955553978582607
standard,1000,NO0 0AC_00107 0 offwind-float,0.11452613464912753,0.0007662185365497979
standard,1000,NO0 0AC_00108 0 offwind-float,0.11452195698062162,0.0010780899836679437
standard,1000,NO0 0AC_00109 0 offwind-float,0.11453163693260271,0.0009593567875916796
standard,1000,NO0 0AC_00111 0 offwind-float,0.11451011954337731,0.0011363367476222574
standard,1000,NO0 0AC_00112 0 offwind-float,0.11456191772494528,0.0010186876956616697
standard,1000,NO0 0AC_00113 0 offwind-float,0.11455615646393746,0.0007636787084005996
standard,1000,NO0 0AC_00117 0 offwind-float,0.115880982664892,0.00014931352903803312
standard,1000,NO0 0AC_00118 0 offwind-float,0.11495959052600435,0.00015153841717574178
standard,1000,NO0 0AC_00119 0 offwind-float,0.11492447810970785,0.00016490279738045366
standard,1000,NO0 0AC_00120 0 offwind-float,0.11502417601956261,0.0001801711171001502
standard,1000,NO0 0AC_00123 0 offwind-float,0.115449629896893,0.00018751469885126801
standard,1000,NO0 0AC_00128 0 offwind-float,0.11454305077397786,0.001016653267899824
standard,1000,NO0 0AC_00129 0 offwind-float,0.11454463482315991,0.0006592279044782942
standard,1000,NO0 0AC_00130 0 offwind-float,0.11451043343605594,0.0011810581415573184
standard,1000,NO0 0AC_00132 0 offwind-float,0.11456961559143652,0.0005521617224897395
standard,1000,NO0 0AC_00133 0 offwind-float,0.11456888021858413,0.0007993091158251121
standard,1000,NO0 0AC_00134 0 offwind-float,0.11454152904153536,0.0010872519733560594
standard,1000,NO0 0AC_00135 0 offwind-float,0.11454243658993157,0.0009201724750085706
standard,1000,NO0 0AC_00136 0 offwind-float,0.11451046908225271,0.0010945379749050278
standard,1000,NO0 0AC_00137 0 offwind-float,0.11452364196182507,0.000535114060168969
standard,1000,NO0 0AC_00144 0 offwind-float,0.11785576793420882,9.876232616100137e-05
standard,1000,NO0 0AC_00145 0 offwind-float,0.11454258545284524,0.001096104405795389
standard,1000,NO0 0AC_00146 0 offwind-float,0.11451006056656632,0.0011918951478094549
standard,1000,NO0 0AC_00147 0 offwind-float,0.11452061115445666,0.0008404542062402635
standard,1000,NO0 0AC_00153 0 offwind-float,0.11454400922045704,0.0007681379946960656
standard,1000,NO0 0AC_00156 0 offwind-float,0.1145409810264354,0.0011331248523943158
standard,1000,NO0 0AC_00158 0 offwind-float,0.11457896372757148,0.0006647997183173696
standard,1000,NO0 0AC_00159 0 offwind-float,0.11450992533805371,0.0009951966750588901
standard,1000,NO0 0AC_00160 0 offwind-float,0.11452216678827443,0.0007671701667099836
standard,1000,NO0 0AC_00162 0 offwind-float,0.11454208451637604,0.0008186245226828933
standard,1000,NO0 0AC_00163 0 offwind-float,0.11458283550811932,0.0007788992249550306
standard,1000,NO0 0AC_00164 0 offwind-float,0.1145750205073699,0.0007652758758980272
standard,1000,NO0 0AC_00165 0 offwind-float,0.11453886097071775,0.0006360476615769107
standard,1000,NO0 0AC_00166 0 offwind-float,0.11457490991843733,0.0003861736751711093
standard,1000,NO0 0AC_00167 0 offwind-float,0.11453472213947713,0.0009911245457926096
standard,1000,NO0 0AC_00168 0 offwind-float,0.11453494786985485,0.0010377479405583709
standard,1000,NO0 0AC_00170 0 offwind-float,0.11456892796977591,0.0009372827418933985
standard,1000,NO0 0AC_00171 0 offwind-float,0.11463825795662419,0.0006754206955594668
standard,1000,NO0 0AC_00173 0 offwind-float,0.11453982940805829,0.0004786077146649964
standard,1000,BE2 0AC_00001 0 offwind-ac,0.11455807873434076,0.001972579374681809
standard,1000,BE2 0AC_00003 0 offwind-ac,0.11453363875656053,0.0026630465738316056
standard,1000,DE2 0AC_00029 0 offwind-ac,0.11451162807255832,6.009957928460858
standard,1000,DE2 0AC_00033 0 offwind-ac,0.11458693936431152,0.0015745578792394474
standard,1000,DE2 0AC_00034 0 offwind-ac,0.11452420646763328,0.0026690354241953713
standard,1000,DE2 0AC_00036 0 offwind-ac,0.11454604906779875,0.026548054373100746
standard,1000,DE2 0AC_00037 0 offwind-ac,0.11453651841287404,0.0045612588926829695
standard,1000,DE2 0AC_00038 0 offwind-ac,0.11452475712285193,0.0016504232242293385
standard,1000,DE2 0AC_00040 0 offwind-ac,0.11454433307742817,0.0008218021360389076
standard,1000,DE2 0AC_00042 0 offwind-ac,0.11453663020496263,0.0015984756603677516
standard,1000,DK2 0AC_00035 0 offwind-ac,0.11452247753172162,0.0016484100363075742
standard,1000,DK2 0AC_00040 0 offwind-ac,0.11451070840512845,0.0019868870553852577
standard,1000,DK2 0AC_00041 0 offwind-ac,0.1145453410906907,0.0018344743291917574
standard,1000,DK2 0AC_00043 0 offwind-ac,0.11453300789449083,0.001184445303887357
standard,1000,DK2 0AC_00045 0 offwind-ac,0.11451107733148724,0.0010065523594320661
standard,1000,DK2 0AC_00046 0 offwind-ac,0.11451077374629792,0.00212035161749485
standard,1000,DK2 0AC_00047 0 offwind-ac,0.11457434186819515,0.0006709638756502664
standard,1000,DK2 0AC_00048 0 offwind-ac,0.11452238238226864,0.0017167239034232302
standard,1000,DK2 0AC_00050 0 offwind-ac,0.11452612205232637,0.0006894136385502735
standard,1000,DK2 0AC_00051 0 offwind-ac,0.11453356808586668,0.0017930168407738502
standard,1000,DK2 0AC_00052 0 offwind-ac,0.11455547486868423,0.0007483589354705467
standard,1000,DK2 0AC_00053 0 offwind-ac,0.11450000000000005,0.0012823494225043894
standard,1000,DK2 0AC_00055 0 offwind-ac,0.11455676883812083,0.0014574160208722124
standard,1000,DK2 0AC_00056 0 offwind-ac,0.11455205354208864,0.0008809050351512821
standard,1000,DK2 0AC_00057 0 offwind-ac,0.11456797896703785,0.001593716123284683
standard,1000,DK2 0AC_00059 0 offwind-ac,0.11454422525408359,0.002099411825416478
standard,1000,DK2 0AC_00060 0 offwind-ac,0.11458790514515182,0.001621767413348545
standard,1000,GB1 0AC_00000 0 offwind-ac,0.11464208059612735,0.0005530887959090471
standard,1000,GB1 0AC_00004 0 offwind-ac,0.11456586202314156,0.0008083741414427221
standard,1000,GB1 0AC_00005 0 offwind-ac,0.11454280546202134,0.0017505515576492808
standard,1000,GB1 0AC_00007 0 offwind-ac,0.11459485514844481,0.005590440783807692
standard,1000,GB1 0AC_00009 0 offwind-ac,0.11454291642852732,0.00109412944643964
standard,1000,GB1 0AC_00011 0 offwind-ac,0.11455380351904665,0.0018164676116917025
standard,1000,GB1 0AC_00013 0 offwind-ac,0.11459092297019435,0.001210079010961551
standard,1000,GB1 0AC_00014 0 offwind-ac,0.11455192280011395,0.0016200086418137318
standard,1000,GB1 0AC_00020 0 offwind-ac,0.11457018459128676,0.0017207008187302484
standard,1000,GB1 0AC_00026 0 offwind-ac,0.1146032966140702,0.000841313851457374
standard,1000,GB1 0AC_00044 0 offwind-ac,0.11457744806158332,0.0010413120221813297
standard,1000,GB1 0AC_00046 0 offwind-ac,0.11456281567754845,0.0007768614698010623
standard,1000,GB1 0AC_00058 0 offwind-ac,0.11453654322639228,0.0014275605512552815
standard,1000,GB1 0AC_00060 0 offwind-ac,0.11451272816746982,0.0012491168827259075
standard,1000,GB1 0AC_00061 0 offwind-ac,0.11454170945228481,0.0005817389716090665
standard,1000,GB1 0AC_00090 0 offwind-ac,0.11452508744633405,0.001470140764372566
standard,1000,GB1 0AC_00092 0 offwind-ac,0.11450000000000005,0.0006148905849556888
standard,1000,GB1 0AC_00094 0 offwind-ac,0.11455987709866366,0.0005186915197294063
standard,1000,GB1 0AC_00097 0 offwind-ac,0.11451248189602381,0.0012567094915747889
standard,1000,GB1 0AC_00103 0 offwind-ac,0.11457252472770552,0.0012102042120823865
standard,1000,GB1 0AC_00116 0 offwind-ac,0.1145690699117149,0.001488615367092944
standard,1000,GB1 0AC_00119 0 offwind-ac,0.11452538569361892,0.0007838815848463361
standard,1000,GB1 0AC_00122 0 offwind-ac,0.11454591868824948,0.0013167624688057917
standard,1000,GB1 0AC_00129 0 offwind-ac,0.11454677048297823,0.00104384182938652
standard,1000,GB1 0AC_00135 0 offwind-ac,0.1145503600858424,0.0009712698396937107
standard,1000,GB1 0AC_00145 0 offwind-ac,0.1145127366511196,0.0009282199305886832
standard,1000,GB1 0AC_00151 0 offwind-ac,0.11451135941557977,0.0009925296616122648
standard,1000,GB1 0AC_00155 0 offwind-ac,0.11454700325428968,0.0010661847146672897
standard,1000,GB1 0AC_00162 0 offwind-ac,0.11452131532111409,0.0010628786318767631
standard,1000,GB1 0AC_00166 0 offwind-ac,0.11456816200677644,0.0013300970200450888
standard,1000,GB1 0AC_00170 0 offwind-ac,0.11454395522104166,0.0009560567625314825
standard,1000,GB1 0AC_00178 0 offwind-ac,0.11451084119986288,0.0011078322825055417
standard,1000,GB4 0AC_00006 0 offwind-ac,0.1145568425756246,0.009207947585123147
standard,1000,GB4 0AC_00007 0 offwind-ac,0.11455684257562448,0.009598345393142358
standard,1000,GB4 0AC_00016 0 offwind-ac,0.11455351433770633,1.1506583699118023
standard,1000,GB4 0AC_00019 0 offwind-ac,0.11456281185968509,100.85550062782332
standard,1000,GB4 0AC_00025 0 offwind-ac,0.11455351433770633,2.071220220846748
standard,1000,NL2 0AC_00002 0 offwind-ac,0.11453360030131554,0.001973646619710009
standard,1000,NL2 0AC_00017 0 offwind-ac,0.11455984908349359,0.0006456224069656139
standard,1000,NL2 0AC_00018 0 offwind-ac,0.11455696344980126,0.0018894779071943577
standard,1000,NL2 0AC_00027 0 offwind-ac,0.11455589077074102,0.0021892138328087145
standard,1000,NL2 0AC_00028 0 offwind-ac,0.1145117719105746,0.002284107537460903
standard,1000,NL2 0AC_00030 0 offwind-ac,0.1145228371759095,0.0020777512963970606
standard,1000,NL2 0AC_00039 0 offwind-ac,0.11455736784019088,0.002842341723129983
standard,1000,NL2 0AC_00041 0 offwind-ac,0.11453589429299404,0.002271382537599671
standard,1000,NL2 0AC_00048 0 offwind-ac,0.114523244773713,0.0011967168907273235
standard,1000,NL2 0AC_00049 0 offwind-ac,0.11451073701968284,0.0024224109304276493
standard,1000,NL2 0AC_00051 0 offwind-ac,0.11452430287688942,0.0013823478648078075
standard,1000,NL2 0AC_00052 0 offwind-ac,0.11454200429308725,0.0006584347241068017
standard,1000,NL2 0AC_00061 0 offwind-ac,0.11457827656571784,0.0023021307936570614
standard,1000,NL2 0AC_00065 0 offwind-ac,0.11452276137629636,0.00383803609526941
standard,1000,NO0 0AC_00027 0 offwind-ac,0.11465211424658217,0.0005239930737208065
standard,1000,NO0 0AC_00090 0 offwind-ac,0.1146626560438444,0.0004975146597399686
standard,1000,NO0 0AC_00101 0 offwind-ac,0.1146207272025539,0.0006394878371843112
standard,1000,NO0 0AC_00106 0 offwind-ac,0.1146626560438444,0.0005017297799679578
standard,1000,NO0 0AC_00114 0 offwind-ac,0.11456977970035198,0.00132763030310962
standard,1000,NO0 0AC_00126 0 offwind-ac,0.11454343230456154,0.0006422892457137495
standard,1000,NO0 0AC_00127 0 offwind-ac,0.11465676704239336,0.0005836137493499384
standard,1000,NO0 0AC_00149 0 offwind-ac,0.11464626038832892,0.0007968050905503307
standard,1000,NO0 0AC_00150 0 offwind-ac,0.11477751346880105,0.0005496116975152422
standard,1000,NO0 0AC_00169 0 offwind-ac,0.11457540462905458,0.0009806384946260975
standard,1000,NO0 0AC_00172 0 offwind-ac,0.11463542345132893,0.0010751516290394764
standard,1000,NO0 0AC_00174 0 offwind-ac,0.11459324370027468,0.0010172411370411763
glaum,1000,BE2 0AC_00001 0 offwind-ac,0.09403486252433291,0.002553835460630903
glaum,1000,BE2 0AC_00003 0 offwind-ac,0.09403441751941688,0.0031984894231032474
glaum,1000,DE2 0AC_00029 0 offwind-ac,0.09400000000000008,6.009922377649808
glaum,1000,DE2 0AC_00033 0 offwind-ac,0.0940755699838629,0.0018252415370286833
glaum,1000,DE2 0AC_00034 0 offwind-ac,0.09401209291018464,0.003590199705797226
glaum,1000,DE2 0AC_00036 0 offwind-ac,0.09403503781878775,5.276513599892985
glaum,1000,DE2 0AC_00037 0 offwind-ac,0.09401230637145885,0.006508960166312226
glaum,1000,DE2 0AC_00038 0 offwind-ac,0.09402533026911764,0.0018438589090198684
glaum,1000,DE2 0AC_00040 0 offwind-ac,0.09404535942196468,0.00097765104418891
glaum,1000,DE2 0AC_00042 0 offwind-ac,0.09402415010475174,0.0020112559399044472
glaum,1000,DK2 0AC_00035 0 offwind-ac,0.09402299790371482,0.001773343456796376
glaum,1000,DK2 0AC_00040 0 offwind-ac,0.09401095631287015,0.0022235201204639904
glaum,1000,DK2 0AC_00041 0 offwind-ac,0.09402285554742995,0.002140172009167419
glaum,1000,DK2 0AC_00043 0 offwind-ac,0.09403377205240959,0.0013462561588248368
glaum,1000,DK2 0AC_00045 0 offwind-ac,0.09401133378015492,0.0012324522190183922
glaum,1000,DK2 0AC_00047 0 offwind-ac,0.09406271241579323,0.000773255631021511
glaum,1000,DK2 0AC_00048 0 offwind-ac,0.09402290055147977,0.0019128566742949553
glaum,1000,DK2 0AC_00050 0 offwind-ac,0.09402672679774993,0.0008106543014668469
glaum,1000,DK2 0AC_00051 0 offwind-ac,0.09403434521264298,0.001934997736247586
glaum,1000,DK2 0AC_00052 0 offwind-ac,0.09402739991980513,0.000803215868424088
glaum,1000,DK2 0AC_00053 0 offwind-ac,0.09400000000000008,0.0014991014334517052
glaum,1000,DK2 0AC_00055 0 offwind-ac,0.09404581854251859,0.0017050560939416014
glaum,1000,DK2 0AC_00056 0 offwind-ac,0.09403962620422501,0.0009684768165542746
glaum,1000,DK2 0AC_00057 0 offwind-ac,0.09404501525095754,0.0018520364407230902
glaum,1000,DK2 0AC_00059 0 offwind-ac,0.09404524910242751,0.0024744944320298848
glaum,1000,GB1 0AC_00000 0 offwind-ac,0.09412610774451902,0.0006001768276799523
glaum,1000,GB1 0AC_00004 0 offwind-ac,0.09404980882932068,0.0008519720889609895
glaum,1000,GB1 0AC_00007 0 offwind-ac,0.09409705111743727,0.009105992258964224
glaum,1000,GB1 0AC_00009 0 offwind-ac,0.09402852094423164,0.0011757118247451626
glaum,1000,GB1 0AC_00011 0 offwind-ac,0.09404077424340762,0.002066137784497596
glaum,1000,GB1 0AC_00013 0 offwind-ac,0.09407702795667872,0.0012778389413730794
glaum,1000,GB1 0AC_00014 0 offwind-ac,0.09403907397687283,0.001824411526172707
glaum,1000,GB1 0AC_00020 0 offwind-ac,0.09404254413490787,0.001969825366375917
glaum,1000,GB1 0AC_00026 0 offwind-ac,0.09405884054116442,0.0009166410756389673
glaum,1000,GB1 0AC_00044 0 offwind-ac,0.09406540246673889,0.0011683389762943116
glaum,1000,GB1 0AC_00046 0 offwind-ac,0.09406426990836692,0.0008901338846227655
glaum,1000,GB1 0AC_00058 0 offwind-ac,0.0940373892299392,0.0015299118581927364
glaum,1000,GB1 0AC_00060 0 offwind-ac,0.09401302283424917,0.0013799124352816758
glaum,1000,GB1 0AC_00061 0 offwind-ac,0.09402785683611681,0.0006701073998806663
glaum,1000,GB1 0AC_00090 0 offwind-ac,0.09401233861635083,0.0016029192591177684
glaum,1000,GB1 0AC_00092 0 offwind-ac,0.09399999999999997,0.0007446914910646809
glaum,1000,GB1 0AC_00094 0 offwind-ac,0.094061263299141,0.0005993599870720368
glaum,1000,GB1 0AC_00097 0 offwind-ac,0.09401277086143134,0.0013549648726806176
glaum,1000,GB1 0AC_00103 0 offwind-ac,0.09407420373043596,0.0013291885738722666
glaum,1000,GB1 0AC_00116 0 offwind-ac,0.0940582474681656,0.0016755230661443742
glaum,1000,GB1 0AC_00119 0 offwind-ac,0.0940259733917772,0.0009215290938835635
glaum,1000,GB1 0AC_00122 0 offwind-ac,0.094046981740885,0.0014655418433729929
glaum,1000,GB1 0AC_00129 0 offwind-ac,0.09402295329393129,0.0012017043986608303
glaum,1000,GB1 0AC_00135 0 offwind-ac,0.09402525380076654,0.0010931239539676398
glaum,1000,GB1 0AC_00145 0 offwind-ac,0.09399999999999986,0.0010517127478830708
glaum,1000,GB1 0AC_00151 0 offwind-ac,0.0940116223947094,0.001146409306559999
glaum,1000,GB1 0AC_00155 0 offwind-ac,0.0940229551789854,0.001230044252859906
glaum,1000,GB1 0AC_00162 0 offwind-ac,0.0940218087870458,0.0012618784759055829
glaum,1000,GB1 0AC_00166 0 offwind-ac,0.09406974000919222,0.0015613117147234559
glaum,1000,GB1 0AC_00170 0 offwind-ac,0.09404497281791513,0.0011965058448302139
glaum,1000,GB1 0AC_00178 0 offwind-ac,0.09401109218190373,0.0013145140235456738
glaum,1000,GB4 0AC_00006 0 offwind-ac,0.09404610352069376,0.009763714214893164
glaum,1000,GB4 0AC_00007 0 offwind-ac,0.09404610352069354,0.010076162309568966
glaum,1000,GB4 0AC_00016 0 offwind-ac,0.09404322607277193,1.15064897336412
glaum,1000,GB4 0AC_00019 0 offwind-ac,0.09406426600211704,100.85569941512357
glaum,1000,GB4 0AC_00025 0 offwind-ac,0.09404322607277171,2.0712074013316144
glaum,1000,NL2 0AC_00002 0 offwind-ac,0.0940343781739037,0.0023212232872026526
glaum,1000,NL2 0AC_00017 0 offwind-ac,0.0940451278228367,0.0007872355872162339
glaum,1000,NL2 0AC_00018 0 offwind-ac,0.09404603968551717,0.002274842976630506
glaum,1000,NL2 0AC_00027 0 offwind-ac,0.09405718468468782,0.0026407308129484533
glaum,1000,NL2 0AC_00028 0 offwind-ac,0.09399999999999997,0.0027513513486974047
glaum,1000,NL2 0AC_00030 0 offwind-ac,0.09402336587394,0.002331049145209615
glaum,1000,NL2 0AC_00039 0 offwind-ac,0.09405869594942173,0.0035435555446283904
glaum,1000,NL2 0AC_00041 0 offwind-ac,0.09402402080991168,0.002489681181970369
glaum,1000,NL2 0AC_00048 0 offwind-ac,0.09402378290794378,0.0015156110601770051
glaum,1000,NL2 0AC_00049 0 offwind-ac,0.09401098558987286,0.0028525909915123175
glaum,1000,NL2 0AC_00051 0 offwind-ac,0.09399999999999986,0.0017298616781887537
glaum,1000,NL2 0AC_00052 0 offwind-ac,0.09404297672449113,0.0007895280806824396
glaum,1000,NL2 0AC_00061 0 offwind-ac,0.09408008872788254,0.0028171212898899403
glaum,1000,NL2 0AC_00065 0 offwind-ac,0.09401111018931996,0.00511234737123262
glaum,1000,NO0 0AC_00027 0 offwind-ac,0.09411474197243408,0.0006148399084481929
glaum,1000,NO0 0AC_00090 0 offwind-ac,0.09414454320876386,0.0005868084320549652
glaum,1000,NO0 0AC_00101 0 offwind-ac,0.09412352212932096,0.000680171222776559
glaum,1000,NO0 0AC_00106 0 offwind-ac,0.09414454320876386,0.0005286908679827847
glaum,1000,NO0 0AC_00114 0 offwind-ac,0.09404143290566169,0.001424824007128035
glaum,1000,NO0 0AC_00126 0 offwind-ac,0.09404443779551985,0.0007818118841481816
glaum,1000,NO0 0AC_00127 0 offwind-ac,0.0940889939382148,0.000595033882052847
glaum,1000,NO0 0AC_00149 0 offwind-ac,0.0940718157925402,0.0008453306992494486
glaum,1000,NO0 0AC_00150 0 offwind-ac,0.09417694318038794,0.000569826030200503
glaum,1000,NO0 0AC_00169 0 offwind-ac,0.09407715030369679,0.0010699988661368963
glaum,1000,NO0 0AC_00172 0 offwind-ac,0.09412065886392851,0.0011223981165878311
glaum,1000,NO0 0AC_00174 0 offwind-ac,0.09403691612752685,0.0010208024977138195
glaum,1000,BE2 0AC_00000 0 offwind-dc,0.09402197757772879,0.005954927416969147
glaum,1000,BE2 0AC_00002 0 offwind-dc,0.09402226286753679,0.003895056040674698
glaum,1000,DE2 0AC_00000 0 offwind-dc,0.09404547246393258,1665.6764137117736
glaum,1000,DE2 0AC_00001 0 offwind-dc,0.094054630172549,1242.5423160592934
glaum,1000,DE2 0AC_00002 0 offwind-dc,0.09401155175216913,165.5802926308562
glaum,1000,DE2 0AC_00003 0 offwind-dc,0.09404403413518903,1056.3516173704409
glaum,1000,DE2 0AC_00004 0 offwind-dc,0.09402333918334826,296.86187899773483
glaum,1000,DE2 0AC_00005 0 offwind-dc,0.09401108336620889,1743.0688854290534
glaum,1000,DE2 0AC_00007 0 offwind-dc,0.09403397056390383,1972.6817431830755
glaum,1000,DE2 0AC_00008 0 offwind-dc,0.09402233693486994,1265.938760141866
glaum,1000,DE2 0AC_00009 0 offwind-dc,0.0940219025839154,0.01679580623966981
glaum,1000,DE2 0AC_00011 0 offwind-dc,0.09401077229937727,1433.892923309558
glaum,1000,DE2 0AC_00013 0 offwind-dc,0.0940114669610933,1405.3446254996397
glaum,1000,DE2 0AC_00017 0 offwind-dc,0.09404366328556013,1493.32228130522
glaum,1000,DE2 0AC_00018 0 offwind-dc,0.094033705657531,1300.0141532381792
glaum,1000,DE2 0AC_00019 0 offwind-dc,0.0940337650668609,0.00464974191888412
glaum,1000,DE2 0AC_00020 0 offwind-dc,0.09401090412698454,0.038054348943891134
glaum,1000,DE2 0AC_00023 0 offwind-dc,0.0940218081966131,0.017854580789434315
glaum,1000,DE2 0AC_00024 0 offwind-dc,0.09405636533857176,0.01419011773231002
glaum,1000,DE2 0AC_00025 0 offwind-dc,0.09401089855536615,73.54146952444152
glaum,1000,DE2 0AC_00026 0 offwind-dc,0.09401106718124963,0.006287038028895653
glaum,1000,DE2 0AC_00027 0 offwind-dc,0.0940443038644786,0.011965313860745983
glaum,1000,DE2 0AC_00028 0 offwind-dc,0.09402190794963183,0.013679950947483477
glaum,1000,DE2 0AC_00030 0 offwind-dc,0.09404541134439814,0.004091997952417721
glaum,1000,DE2 0AC_00031 0 offwind-dc,0.09403353391608438,0.009208279012647065
glaum,1000,DE2 0AC_00032 0 offwind-dc,0.09401073347328981,0.010980824755475065
glaum,1000,DK2 0AC_00001 0 offwind-dc,0.09402204154001303,0.0028687208842958422
glaum,1000,DK2 0AC_00002 0 offwind-dc,0.09402222372126812,0.00305367479208337
glaum,1000,DK2 0AC_00006 0 offwind-dc,0.09401146208928413,0.004101212648808064
glaum,1000,DK2 0AC_00007 0 offwind-dc,0.09403361252932185,0.003385744619382546
glaum,1000,DK2 0AC_00008 0 offwind-dc,0.09401073754149147,0.003238321302925086
glaum,1000,DK2 0AC_00009 0 offwind-dc,0.09403492306685735,0.002804622592598241
glaum,1000,DK2 0AC_00010 0 offwind-dc,0.09401094835246215,0.0031863066359276914
glaum,1000,DK2 0AC_00013 0 offwind-dc,0.09403263378835658,0.0012993909793739197
glaum,1000,DK2 0AC_00014 0 offwind-dc,0.09402257984435658,0.0022200764627721458
glaum,1000,DK2 0AC_00015 0 offwind-dc,0.09404271134806341,0.004514066200587713
glaum,1000,DK2 0AC_00016 0 offwind-dc,0.09405539964373655,0.0014428932529185871
glaum,1000,DK2 0AC_00017 0 offwind-dc,0.09401095290629435,0.002906913487257895
glaum,1000,DK2 0AC_00018 0 offwind-dc,0.09402212089842499,0.003432072018087659
glaum,1000,DK2 0AC_00022 0 offwind-dc,0.09403265682747253,0.002288652085444587
glaum,1000,DK2 0AC_00025 0 offwind-dc,0.0940335906798887,0.001495587082368876
glaum,1000,DK2 0AC_00026 0 offwind-dc,0.09401135975868935,0.0027600248657182118
glaum,1000,DK2 0AC_00027 0 offwind-dc,0.09403159333288247,0.005956141078340518
glaum,1000,DK2 0AC_00029 0 offwind-dc,0.09399999999999986,0.002001359158051913
glaum,1000,DK2 0AC_00030 0 offwind-dc,0.09403295757462027,0.0021633921060814475
glaum,1000,DK2 0AC_00031 0 offwind-dc,0.09406449815444773,0.003010542464661509
glaum,1000,DK2 0AC_00033 0 offwind-dc,0.09402237518026169,0.0019177384136088182
glaum,1000,DK2 0AC_00034 0 offwind-dc,0.09402216724783996,0.0017921376197835037
glaum,1000,DK2 0AC_00036 0 offwind-dc,0.09402223441382984,0.001986860977346394
glaum,1000,DK2 0AC_00037 0 offwind-dc,0.09401075337480225,0.006291252643810898
glaum,1000,DK2 0AC_00038 0 offwind-dc,0.09405473950264209,0.0025455945608505747
glaum,1000,DK2 0AC_00039 0 offwind-dc,0.09402160238035573,0.0026914410378684334
glaum,1000,DK2 0AC_00058 0 offwind-dc,0.0940000000000002,0.003148901160678842
glaum,1000,FR2 0AC_00000 0 offwind-dc,0.09402190183399672,0.001952450546887243
glaum,1000,FR2 0AC_00001 0 offwind-dc,0.094022357140774,0.001313155662965615
glaum,1000,GB1 0AC_00019 0 offwind-dc,0.09403677367624885,0.0028684658817140396
glaum,1000,GB1 0AC_00024 0 offwind-dc,0.09403626144427613,0.004879861601886751
glaum,1000,GB1 0AC_00033 0 offwind-dc,0.09401182392023555,0.003249049019363201
glaum,1000,GB1 0AC_00037 0 offwind-dc,0.09402286433721851,0.005428021926434156
glaum,1000,GB1 0AC_00091 0 offwind-dc,0.09401107272817366,0.0014326223794623534
glaum,1000,GB1 0AC_00100 0 offwind-dc,0.09401128494287747,0.0019138519650942962
glaum,1000,GB1 0AC_00111 0 offwind-dc,0.09401143335324325,0.0014991397665706301
glaum,1000,GB1 0AC_00143 0 offwind-dc,0.09402256901386208,0.0018673621952763465
glaum,1000,GB1 0AC_00146 0 offwind-dc,0.09405653178023954,0.0019001607789230143
glaum,1000,GB1 0AC_00147 0 offwind-dc,0.09405820767455819,0.001546698800514895
glaum,1000,GB1 0AC_00148 0 offwind-dc,0.09407975277842595,0.0033223630931350444
glaum,1000,GB1 0AC_00154 0 offwind-dc,0.09399999999999997,0.0018225664910564352
glaum,1000,GB1 0AC_00158 0 offwind-dc,0.09402249304075982,0.0014762646042032256
glaum,1000,GB1 0AC_00159 0 offwind-dc,0.09402350923065228,0.0013166904756798132
glaum,1000,GB1 0AC_00160 0 offwind-dc,0.09404523555639455,0.0011850221765718912
glaum,1000,GB1 0AC_00161 0 offwind-dc,0.09403363697351119,0.0012963483891485945
glaum,1000,GB1 0AC_00163 0 offwind-dc,0.0940788665493224,0.001978201955347406
glaum,1000,GB1 0AC_00164 0 offwind-dc,0.09403462932405637,0.0035331189100273595
glaum,1000,GB1 0AC_00165 0 offwind-dc,0.09404501886824768,0.001134417505773834
glaum,1000,GB1 0AC_00167 0 offwind-dc,0.09402209202847045,0.0015328845308916047
glaum,1000,GB1 0AC_00168 0 offwind-dc,0.09402209188046051,0.001596328512835799
glaum,1000,GB1 0AC_00171 0 offwind-dc,0.09401096832490907,0.001497994196569252
glaum,1000,GB1 0AC_00175 0 offwind-dc,0.09401077962454296,0.0009882978446015423
glaum,1000,GB1 0AC_00177 0 offwind-dc,0.09401163323566586,0.001971533818675193
glaum,1000,GB1 0AC_00179 0 offwind-dc,0.0940111057684716,0.0014270332279422667
glaum,1000,GB1 0AC_00180 0 offwind-dc,0.09402224056203068,0.0012834850585056285
glaum,1000,GB1 0AC_00181 0 offwind-dc,0.09402186676209356,0.0011856184917900477
glaum,1000,GB1 0AC_00182 0 offwind-dc,0.09399999999999986,0.003629834805897936
glaum,1000,GB1 0AC_00183 0 offwind-dc,0.09402171696879102,0.0012889057200906949
glaum,1000,GB1 0AC_00184 0 offwind-dc,0.09401124433829344,0.0011934889583792299
glaum,1000,GB1 0AC_00188 0 offwind-dc,0.09405623609480895,0.0016253707969149098
glaum,1000,GB1 0AC_00189 0 offwind-dc,0.09406754603677747,0.0014164239022511525
glaum,1000,GB1 0AC_00190 0 offwind-dc,0.09403402733224864,0.0012153494235366384
glaum,1000,GB1 0AC_00192 0 offwind-dc,0.0940342701706266,0.0014710844458944842
glaum,1000,GB1 0AC_00194 0 offwind-dc,0.09403319935465759,0.0013454423225684427
glaum,1000,GB1 0AC_00197 0 offwind-dc,0.09403405832787537,0.0017630953138985561
glaum,1000,GB1 0AC_00199 0 offwind-dc,0.09399999999999997,0.0014884442104150667
glaum,1000,GB1 0AC_00200 0 offwind-dc,0.09402261680847268,0.0017179806604385583
glaum,1000,GB1 0AC_00202 0 offwind-dc,0.0940342601217139,0.0017816494641019667
glaum,1000,GB1 0AC_00203 0 offwind-dc,0.09402219306252402,0.0018363854189639836
glaum,1000,GB1 0AC_00204 0 offwind-dc,0.09406665189975516,0.0018654883471206554
glaum,1000,GB1 0AC_00205 0 offwind-dc,0.09399999999999997,0.0018139173942893824
glaum,1000,GB1 0AC_00206 0 offwind-dc,0.0940114766408553,0.0036857829755900964
glaum,1000,GB4 0AC_00002 0 offwind-dc,0.09402178559285101,0.021308939100190535
glaum,1000,GB4 0AC_00003 0 offwind-dc,0.09402312514982314,0.017189241663023515
glaum,1000,GB4 0AC_00008 0 offwind-dc,0.09404481311352908,0.003147022601606082
glaum,1000,GB4 0AC_00010 0 offwind-dc,0.09404433421594527,639.4664202452811
glaum,1000,NL2 0AC_00000 0 offwind-dc,0.09403440140880892,0.00947001391737277
glaum,1000,NL2 0AC_00001 0 offwind-dc,0.09399999999999997,0.0031108566608784955
glaum,1000,NL2 0AC_00003 0 offwind-dc,0.0940226687988518,0.005762881081384889
glaum,1000,NL2 0AC_00004 0 offwind-dc,0.094022595419048,1528.5504678751843
glaum,1000,NL2 0AC_00005 0 offwind-dc,0.09401147225423279,0.013252750918078869
glaum,1000,NL2 0AC_00006 0 offwind-dc,0.09401129811937192,0.08770551704023134
glaum,1000,NL2 0AC_00007 0 offwind-dc,0.09402189150816853,0.002835486365991792
glaum,1000,NL2 0AC_00008 0 offwind-dc,0.0940114525070811,0.008048774182820967
glaum,1000,NL2 0AC_00009 0 offwind-dc,0.09401126976554441,0.004122437522315716
glaum,1000,NL2 0AC_00010 0 offwind-dc,0.0940324769200066,0.002629453629229222
glaum,1000,NL2 0AC_00016 0 offwind-dc,0.09402159607706173,0.004899659070609073
glaum,1000,NL2 0AC_00022 0 offwind-dc,0.09402229073448143,0.00308770601718165
glaum,1000,NL2 0AC_00024 0 offwind-dc,0.09401119547040615,0.004093281215781347
glaum,1000,NL2 0AC_00026 0 offwind-dc,0.09405634513779015,177.50877300857064
glaum,1000,NL2 0AC_00034 0 offwind-dc,0.09403342039839502,0.0022048360361082977
glaum,1000,NL2 0AC_00043 0 offwind-dc,0.09401160342492831,0.003804986136380626
glaum,1000,NL2 0AC_00046 0 offwind-dc,0.0940115479425293,0.002833804262995149
glaum,1000,NL2 0AC_00050 0 offwind-dc,0.09401106957003336,0.010591152824278157
glaum,1000,NL2 0AC_00055 0 offwind-dc,0.09404553944570193,0.006046220070948896
glaum,1000,NL2 0AC_00057 0 offwind-dc,0.09403408371382249,0.004546873806281798
glaum,1000,NL2 0AC_00058 0 offwind-dc,0.09401170573258755,0.009417374619515593
glaum,1000,NL2 0AC_00059 0 offwind-dc,0.0940000000000002,0.002917241875836838
glaum,1000,NL2 0AC_00060 0 offwind-dc,0.09401112759485619,0.0068296479277254315
glaum,1000,NL2 0AC_00062 0 offwind-dc,0.09404559396529921,0.003629521970817414
glaum,1000,NL2 0AC_00063 0 offwind-dc,0.09404435263479549,0.0049043078444283355
glaum,1000,NO0 0AC_00074 0 offwind-dc,0.0940334743647876,0.003804589565332862
glaum,1000,NO0 0AC_00094 0 offwind-dc,0.09401068148469405,0.00716513929005746
glaum,1000,DE2 0AC_00035 0 offwind-float,0.09402354691253623,0.0006514198278945295
glaum,1000,DK2 0AC_00000 0 offwind-float,0.09402324741301393,0.001107691509415401
glaum,1000,DK2 0AC_00003 0 offwind-float,0.09401136622240325,0.0010576921857631085
glaum,1000,DK2 0AC_00004 0 offwind-float,0.0940107201714605,0.0010587534071843485
glaum,1000,DK2 0AC_00005 0 offwind-float,0.09404530352790297,0.0010576838937434894
glaum,1000,DK2 0AC_00011 0 offwind-float,0.09401019739222949,0.0009264642736880305
glaum,1000,DK2 0AC_00042 0 offwind-float,0.09404202918551685,0.0009170273852433974
glaum,1000,DK2 0AC_00061 0 offwind-float,0.09406669295040315,0.001009889379292664
glaum,1000,DK2 0AC_00062 0 offwind-float,0.09405581250494355,0.0011885501689890266
glaum,1000,DK2 0AC_00063 0 offwind-float,0.09403390555597457,0.0011405723841244296
glaum,1000,GB1 0AC_00001 0 offwind-float,0.09402494908784065,0.0008822046949768173
glaum,1000,GB1 0AC_00006 0 offwind-float,0.09401157891068523,0.0014794718316233075
glaum,1000,GB1 0AC_00010 0 offwind-float,0.09402233414815442,0.0012890021784175674
glaum,1000,GB1 0AC_00015 0 offwind-float,0.09406184950659913,0.0006626415102946866
glaum,1000,GB1 0AC_00022 0 offwind-float,0.09405263147993026,0.0008772641344587694
glaum,1000,GB1 0AC_00025 0 offwind-float,0.09403493115801265,0.0008921077544612364
glaum,1000,GB1 0AC_00029 0 offwind-float,0.09405652458865144,0.00160975536210505
glaum,1000,GB1 0AC_00030 0 offwind-float,0.09402415277936205,0.0010887391922587727
glaum,1000,GB1 0AC_00034 0 offwind-float,0.09403631344735264,0.0008793500109519802
glaum,1000,GB1 0AC_00036 0 offwind-float,0.09404564172522856,0.001274956052575749
glaum,1000,GB1 0AC_00051 0 offwind-float,0.09401327434146212,0.0005876473418786411
glaum,1000,GB1 0AC_00055 0 offwind-float,0.0940368725544296,0.0009518458369627422
glaum,1000,GB1 0AC_00062 0 offwind-float,0.09402396763151999,0.0007573441479897515
glaum,1000,GB1 0AC_00068 0 offwind-float,0.0940598175635855,0.0007643276476830367
glaum,1000,GB1 0AC_00134 0 offwind-float,0.0940229127618476,0.0011400819906139707
glaum,1000,GB1 0AC_00141 0 offwind-float,0.09400000000000008,0.0005671079865999566
glaum,1000,GB1 0AC_00193 0 offwind-float,0.09402301552656778,0.0005713704286924308
glaum,1000,GB4 0AC_00000 0 offwind-float,0.09403642922297573,0.00079284589717359
glaum,1000,GB4 0AC_00004 0 offwind-float,0.09402178559285101,0.000829549141160256
glaum,1000,GB4 0AC_00005 0 offwind-float,0.09401149718985358,0.0009399945779421907
glaum,1000,GB4 0AC_00018 0 offwind-float,0.09402149036583529,0.001494057471008855
glaum,1000,GB4 0AC_00027 0 offwind-float,0.0940000000000002,0.0018034875827920053
glaum,1000,GB4 0AC_00037 0 offwind-float,0.09404479552874279,0.0017441158332292272
glaum,1000,NL2 0AC_00021 0 offwind-float,0.09403436717336511,0.0008174595335926217
glaum,1000,NL2 0AC_00047 0 offwind-float,0.09404297672449113,0.0004165529535583089
glaum,1000,NO0 0AC_00026 0 offwind-float,0.09421863203344705,0.00032505223925015977
glaum,1000,NO0 0AC_00028 0 offwind-float,0.09407139395477315,0.00036010321015816655
glaum,1000,NO0 0AC_00029 0 offwind-float,0.0940572913927249,0.00035919049601860006
glaum,1000,NO0 0AC_00046 0 offwind-float,0.09401245310355477,0.0009453313753248542
glaum,1000,NO0 0AC_00065 0 offwind-float,0.09402297389026837,0.0010941214924073664
glaum,1000,NO0 0AC_00066 0 offwind-float,0.0940106610268191,0.001181937644737401
glaum,1000,NO0 0AC_00069 0 offwind-float,0.09403626169560275,0.0010275464106393496
glaum,1000,NO0 0AC_00072 0 offwind-float,0.09403746724629791,0.0007585729187646851
glaum,1000,NO0 0AC_00073 0 offwind-float,0.09404421622670067,0.001105135906839275
glaum,1000,NO0 0AC_00075 0 offwind-float,0.09404587383613938,0.0011060639638763511
glaum,1000,NO0 0AC_00076 0 offwind-float,0.09405069846968206,0.0006088788697326041
glaum,1000,NO0 0AC_00077 0 offwind-float,0.09404744686727251,0.0009012821344283077
glaum,1000,NO0 0AC_00079 0 offwind-float,0.09402321249034407,0.0010969547693193216
glaum,1000,NO0 0AC_00080 0 offwind-float,0.09405484285503529,0.0005058773243274885
glaum,1000,NO0 0AC_00081 0 offwind-float,0.09403278043102492,0.0011394583630101032
glaum,1000,NO0 0AC_00082 0 offwind-float,0.09405092043496388,0.000596294667401794
glaum,1000,NO0 0AC_00084 0 offwind-float,0.09409482301815242,0.0006204222767734089
glaum,1000,NO0 0AC_00085 0 offwind-float,0.09412672142721124,0.0005806858559209464
glaum,1000,NO0 0AC_00086 0 offwind-float,0.09401105777537155,0.0009724843233991723
glaum,1000,NO0 0AC_00087 0 offwind-float,0.09401086856827812,0.0012395168880735292
glaum,1000,NO0 0AC_00088 0 offwind-float,0.09399999999999986,0.0011946703770926688
glaum,1000,NO0 0AC_00089 0 offwind-float,0.09410606244230157,0.0006812217818275405
glaum,1000,NO0 0AC_00091 0 offwind-float,0.09414454320876386,0.0003457563539756442
glaum,1000,NO0 0AC_00092 0 offwind-float,0.09406927266382514,0.0007666485362927348
glaum,1000,NO0 0AC_00093 0 offwind-float,0.09404440915766965,0.0009400496873661842
glaum,1000,NO0 0AC_00095 0 offwind-float,0.09441751021141132,0.0003014606614584816
glaum,1000,NO0 0AC_00097 0 offwind-float,0.09457767291122843,0.0002118240960921272
glaum,1000,NO0 0AC_00103 0 offwind-float,0.09457758317485498,0.0001873012348309014
glaum,1000,NO0 0AC_00105 0 offwind-float,0.09414454320876386,0.00031730486655735487
glaum,1000,NO0 0AC_00107 0 offwind-float,0.0940127331819316,0.0007724080345316385
glaum,1000,NO0 0AC_00108 0 offwind-float,0.0940224653014603,0.0011167616274420935
glaum,1000,NO0 0AC_00109 0 offwind-float,0.09403236935170878,0.0010240046619466737
glaum,1000,NO0 0AC_00111 0 offwind-float,0.09401035381852041,0.001193360646214879
glaum,1000,NO0 0AC_00112 0 offwind-float,0.09406335116747633,0.0010690847103184181
glaum,1000,NO0 0AC_00113 0 offwind-float,0.09404544211790888,0.0008187216335862944
glaum,1000,NO0 0AC_00117 0 offwind-float,0.09492873066709884,0.00015147125208760958
glaum,1000,NO0 0AC_00118 0 offwind-float,0.09422910415300001,0.00016059148838327644
glaum,1000,NO0 0AC_00119 0 offwind-float,0.09430545940043267,0.00017260310540922978
glaum,1000,NO0 0AC_00120 0 offwind-float,0.09441156094138392,0.0001949567796121062
glaum,1000,NO0 0AC_00123 0 offwind-float,0.09457767291122865,0.00020643555949370176
glaum,1000,NO0 0AC_00128 0 offwind-float,0.09403288025079826,0.0010677860696899535
glaum,1000,NO0 0AC_00129 0 offwind-float,0.09403372772879093,0.0007274846174037092
glaum,1000,NO0 0AC_00130 0 offwind-float,0.09401067497805382,0.0012407979774583379
glaum,1000,NO0 0AC_00132 0 offwind-float,0.09405869098316055,0.0006002943993691596
glaum,1000,NO0 0AC_00133 0 offwind-float,0.09402245976231449,0.0008535038581202255
glaum,1000,NO0 0AC_00134 0 offwind-float,0.09404249047050361,0.001138222162381386
glaum,1000,NO0 0AC_00135 0 offwind-float,0.09402131545428494,0.000989591266204264
glaum,1000,NO0 0AC_00136 0 offwind-float,0.09401071144948725,0.0011406029302330387
glaum,1000,NO0 0AC_00137 0 offwind-float,0.09401162886513537,0.0005840461265369526
glaum,1000,NO0 0AC_00144 0 offwind-float,0.09677642304229306,0.00010472369280421528
glaum,1000,NO0 0AC_00145 0 offwind-float,0.09403242524923561,0.0011337058465666612
glaum,1000,NO0 0AC_00147 0 offwind-float,0.09402108831839373,0.0008994069606111624
glaum,1000,NO0 0AC_00153 0 offwind-float,0.09403324731140617,0.0008136592894459384
glaum,1000,NO0 0AC_00156 0 offwind-float,0.09403088824077965,0.0011772503899043797
glaum,1000,NO0 0AC_00158 0 offwind-float,0.09405680335406119,0.0007207482402026052
glaum,1000,NO0 0AC_00159 0 offwind-float,0.09401015511719535,0.0010295943709237813
glaum,1000,NO0 0AC_00160 0 offwind-float,0.094010836367459,0.000820120929337469
glaum,1000,NO0 0AC_00162 0 offwind-float,0.0940430588050104,0.000877901842976625
glaum,1000,NO0 0AC_00163 0 offwind-float,0.09408475321327603,0.0008015743641252228
glaum,1000,NO0 0AC_00164 0 offwind-float,0.09406317593205793,0.0007697129253753215
glaum,1000,NO0 0AC_00165 0 offwind-float,0.09403976063181263,0.0006691677915327674
glaum,1000,NO0 0AC_00166 0 offwind-float,0.09406063088765082,0.000457432899026493
glaum,1000,NO0 0AC_00167 0 offwind-float,0.09401117345167032,0.0010100954873532447
glaum,1000,NO0 0AC_00168 0 offwind-float,0.09402348278127481,0.001058601282362308
glaum,1000,NO0 0AC_00170 0 offwind-float,0.09407052370481861,0.000961328879631809
glaum,1000,NO0 0AC_00171 0 offwind-float,0.09411450421862655,0.000720042437188503
glaum,1000,NO0 0AC_00173 0 offwind-float,0.09402688095622946,0.0005557945754681286
glaum,1000,DK2 0AC_00046 0 offwind-ac,0.12852780275566322,0.003252082190917703
glaum,1000,DK2 0AC_00060 0 offwind-ac,0.12969578891297795,0.0024716211544648765
glaum,1000,GB1 0AC_00005 0 offwind-ac,0.1375799281542891,0.0028782399773108055
glaum,1000,DE2 0AC_00006 0 offwind-dc,0.09402199106966869,2000.001719413781
glaum,1000,DE2 0AC_00010 0 offwind-dc,0.09400013584217415,2000.0013419074264
glaum,1000,DE2 0AC_00012 0 offwind-dc,0.09404371201228146,1999.9996784166176
glaum,1000,DE2 0AC_00014 0 offwind-dc,0.09402559549935008,65.66253095731325
glaum,1000,DE2 0AC_00015 0 offwind-dc,0.09407662936417982,2000.0011081423906
glaum,1000,DE2 0AC_00016 0 offwind-dc,0.09845067094555793,0.0529432986656374
glaum,1000,DE2 0AC_00021 0 offwind-dc,0.09801723048261379,0.06656073856228926
glaum,1000,DE2 0AC_00022 0 offwind-dc,0.10163321027261396,0.03032519404750797
glaum,1000,DK2 0AC_00012 0 offwind-dc,0.11804175733182809,0.005302216161007116
glaum,1000,DK2 0AC_00019 0 offwind-dc,0.1270809276402588,0.0055778676805717286
glaum,1000,DK2 0AC_00020 0 offwind-dc,0.133114467985616,0.00416080304491467
glaum,1000,DK2 0AC_00021 0 offwind-dc,0.12879308045180615,0.00369147757130265
glaum,1000,DK2 0AC_00023 0 offwind-dc,0.1292122951916841,0.003954158038923485
glaum,1000,DK2 0AC_00024 0 offwind-dc,0.12482771952267546,0.0056343184623477306
glaum,1000,DK2 0AC_00028 0 offwind-dc,0.12363506418653591,0.005685507411442869
glaum,1000,DK2 0AC_00032 0 offwind-dc,0.11745675649780529,0.007241811523982472
glaum,1000,GB1 0AC_00112 0 offwind-dc,0.1318709963948541,0.0027365016994697275
glaum,1000,GB1 0AC_00117 0 offwind-dc,0.1344605441549973,0.0032058106027700187
glaum,1000,GB1 0AC_00120 0 offwind-dc,0.1328576178349773,0.0041251257453984455
glaum,1000,GB1 0AC_00127 0 offwind-dc,0.12871486200017446,0.002521239906976154
glaum,1000,GB1 0AC_00132 0 offwind-dc,0.13406745448812352,0.0025670681152223
glaum,1000,GB1 0AC_00133 0 offwind-dc,0.1320775041334552,0.0032525909327956767
glaum,1000,GB1 0AC_00137 0 offwind-dc,0.1291953857868371,0.002823770262049199
glaum,1000,GB1 0AC_00176 0 offwind-dc,0.13346058591598975,0.0028347025195637377
glaum,1000,GB1 0AC_00187 0 offwind-dc,0.1345599252413352,0.003012577842917627
glaum,1000,GB1 0AC_00196 0 offwind-dc,0.13468501360036556,0.0028971468086649048
glaum,1000,NL2 0AC_00011 0 offwind-dc,0.11954089521721378,0.007273497245219912
glaum,1000,NL2 0AC_00012 0 offwind-dc,0.11817545977279165,0.0070680704970306
glaum,1000,NL2 0AC_00013 0 offwind-dc,0.12329941493720764,0.008516766537846016
glaum,1000,NL2 0AC_00014 0 offwind-dc,0.12292064635333921,0.007274660673075217
glaum,1000,NL2 0AC_00015 0 offwind-dc,0.11462791788652438,0.013412873277152456
glaum,1000,NL2 0AC_00019 0 offwind-dc,0.12470717012463961,0.006480023689585365
glaum,1000,NL2 0AC_00020 0 offwind-dc,0.10439632762968609,0.01981074028082243
glaum,1000,NL2 0AC_00023 0 offwind-dc,0.12361707588948978,0.006879789421913901
glaum,1000,NL2 0AC_00025 0 offwind-dc,0.11981103242812707,0.01094475918259592
glaum,1000,NL2 0AC_00029 0 offwind-dc,0.12859433715395174,0.006346864110437813
glaum,1000,NL2 0AC_00031 0 offwind-dc,0.12300985436221745,0.00753636998708464
glaum,1000,NL2 0AC_00032 0 offwind-dc,0.1249686276370815,0.006799035737642617
glaum,1000,NL2 0AC_00033 0 offwind-dc,0.1071441950735631,0.02155447985223221
glaum,1000,NL2 0AC_00035 0 offwind-dc,0.12256078428820305,0.009181514870083394
glaum,1000,NL2 0AC_00036 0 offwind-dc,0.11060387971565844,0.017278269604640708
glaum,1000,NL2 0AC_00037 0 offwind-dc,0.09536201045629977,0.21059010491316868
glaum,1000,NL2 0AC_00038 0 offwind-dc,0.12323716652632355,0.0046714972338041325
glaum,1000,NL2 0AC_00040 0 offwind-dc,0.1285848000188735,0.006646576736128774
glaum,1000,NL2 0AC_00042 0 offwind-dc,0.11350730882278348,0.013553736767530803
glaum,1000,NL2 0AC_00044 0 offwind-dc,0.09966260053366316,0.05475449335791619
glaum,1000,NL2 0AC_00045 0 offwind-dc,0.11900890596424507,0.008678533972626993
glaum,1000,NL2 0AC_00053 0 offwind-dc,0.12462339300663938,0.006441764984914793
glaum,1000,NL2 0AC_00054 0 offwind-dc,0.10448898887142577,0.02601679234820997
glaum,1000,NL2 0AC_00056 0 offwind-dc,0.11733447415777742,0.00876146972810827
glaum,1000,NL2 0AC_00064 0 offwind-dc,0.11838007133017103,0.00719633641726249
glaum,1000,NO0 0AC_00063 0 offwind-dc,0.1228047819286453,0.004689638343536803
glaum,1000,NO0 0AC_00110 0 offwind-dc,0.11488275006429349,0.007003531456387584
glaum,1000,NO0 0AC_00125 0 offwind-dc,0.11997960603369706,0.007195459865042664
glaum,1000,GB1 0AC_00008 0 offwind-float,0.1311470522053615,0.001584313824649559
glaum,1000,GB1 0AC_00016 0 offwind-float,0.13676442941419198,0.0018844797891159294
glaum,1000,GB1 0AC_00017 0 offwind-float,0.13370834538195886,0.002181579004933022
glaum,1000,GB1 0AC_00018 0 offwind-float,0.13145683902181338,0.002447297650611982
glaum,1000,GB1 0AC_00021 0 offwind-float,0.13843771556376105,0.002233867684809215
glaum,1000,GB1 0AC_00023 0 offwind-float,0.1338571585847097,0.0025054507334638042
glaum,1000,GB1 0AC_00031 0 offwind-float,0.13761924407338522,0.002479987520486926
glaum,1000,GB1 0AC_00032 0 offwind-float,0.1369889862180126,0.002099043136967806
glaum,1000,GB1 0AC_00035 0 offwind-float,0.14167544041795932,0.00243795320914405
glaum,1000,GB1 0AC_00038 0 offwind-float,0.14390789699333895,0.0019193448948699129
glaum,1000,GB1 0AC_00039 0 offwind-float,0.13836038227506986,0.0015602906660343394
glaum,1000,GB1 0AC_00040 0 offwind-float,0.13854834524837834,0.0020989945273969233
glaum,1000,GB1 0AC_00041 0 offwind-float,0.13955491047641622,0.0026614482039898804
glaum,1000,GB1 0AC_00042 0 offwind-float,0.13824453552126914,0.0025968635988875624
glaum,1000,GB1 0AC_00043 0 offwind-float,0.1398489722192967,0.0022367631886872174
glaum,1000,GB1 0AC_00047 0 offwind-float,0.1411619912816332,0.002323006210930142
glaum,1000,GB1 0AC_00048 0 offwind-float,0.1397906228295357,0.0022874698581957596
glaum,1000,GB1 0AC_00049 0 offwind-float,0.1437097881299667,0.002258930156104327
glaum,1000,GB1 0AC_00050 0 offwind-float,0.14533792853358674,0.0021079114381753685
glaum,1000,GB1 0AC_00052 0 offwind-float,0.14402169611604076,0.0024337629879595144
glaum,1000,GB1 0AC_00053 0 offwind-float,0.1416680379993085,0.0024880057839091695
glaum,1000,GB1 0AC_00054 0 offwind-float,0.14128319932916267,0.0023013352558672187
glaum,1000,GB1 0AC_00056 0 offwind-float,0.13142095482016813,0.002196221852693838
glaum,1000,GB1 0AC_00057 0 offwind-float,0.13935626725542172,0.0025264527540385913
glaum,1000,GB1 0AC_00063 0 offwind-float,0.14188375630510974,0.002397946725393012
glaum,1000,GB1 0AC_00064 0 offwind-float,0.14310209494362158,0.0023843407842893457
glaum,1000,GB1 0AC_00065 0 offwind-float,0.14025393232548033,0.0017375471788651756
glaum,1000,GB1 0AC_00066 0 offwind-float,0.14335292244451547,0.0022396909429794826
glaum,1000,GB1 0AC_00067 0 offwind-float,0.14303572614166993,0.0023943143760897633
glaum,1000,GB1 0AC_00069 0 offwind-float,0.14553671947382718,0.002100092026595749
glaum,1000,GB1 0AC_00070 0 offwind-float,0.14044565469705728,0.0017014223988816783
glaum,1000,GB1 0AC_00071 0 offwind-float,0.1418408995917625,0.00228169463500747
glaum,1000,GB1 0AC_00072 0 offwind-float,0.14430104509909125,0.002389869304975441
glaum,1000,GB1 0AC_00073 0 offwind-float,0.13908768423836626,0.0023355732821506827
glaum,1000,GB1 0AC_00074 0 offwind-float,0.14220915069368223,0.0022006997952729404
glaum,1000,GB1 0AC_00075 0 offwind-float,0.14496355945912198,0.0020063562435052537
glaum,1000,GB1 0AC_00076 0 offwind-float,0.13731675204037042,0.0022338392722927873
glaum,1000,GB1 0AC_00077 0 offwind-float,0.14291364615757873,0.002143622765293993
glaum,1000,GB1 0AC_00078 0 offwind-float,0.14374913988620475,0.0023669434453691966
glaum,1000,GB1 0AC_00079 0 offwind-float,0.13935915957819622,0.001659548988536205
glaum,1000,GB1 0AC_00080 0 offwind-float,0.14293239571397987,0.0023390455207945985
glaum,1000,GB1 0AC_00081 0 offwind-float,0.14337733949717546,0.002319094943057802
glaum,1000,GB1 0AC_00082 0 offwind-float,0.14347021147084804,0.0022929158358526614
glaum,1000,GB1 0AC_00083 0 offwind-float,0.13903662734294842,0.001552109834058455
glaum,1000,GB1 0AC_00084 0 offwind-float,0.14560314832285892,0.0018955440514625815
glaum,1000,GB1 0AC_00085 0 offwind-float,0.1301231968878679,0.0019324639199721982
glaum,1000,GB1 0AC_00086 0 offwind-float,0.1391818121271715,0.002327547982897684
glaum,1000,GB1 0AC_00087 0 offwind-float,0.1398340321124285,0.0022655969455673327
glaum,1000,GB1 0AC_00088 0 offwind-float,0.14341042202266718,0.0023034242201466267
glaum,1000,GB1 0AC_00089 0 offwind-float,0.14406214613237467,0.0020869046378596424
glaum,1000,GB1 0AC_00098 0 offwind-float,0.14259005542286018,0.0021835613888338784
glaum,1000,GB1 0AC_00099 0 offwind-float,0.1433021247614722,0.0022619279637235527
glaum,1000,GB1 0AC_00101 0 offwind-float,0.14291543269899998,0.0021453002695291648
glaum,1000,GB1 0AC_00102 0 offwind-float,0.14434429965592677,0.0022924171150242377
glaum,1000,GB1 0AC_00104 0 offwind-float,0.14694440399540754,0.0018780907523714804
glaum,1000,GB1 0AC_00105 0 offwind-float,0.14487449790356444,0.0020182575829203967
glaum,1000,GB1 0AC_00106 0 offwind-float,0.14466093561801863,0.0022810432492194237
glaum,1000,GB1 0AC_00107 0 offwind-float,0.14457452565968165,0.0022450357540547998
glaum,1000,GB1 0AC_00108 0 offwind-float,0.1396234093208908,0.0022490809350968082
glaum,1000,GB1 0AC_00109 0 offwind-float,0.1423598572774034,0.00222918330177088
glaum,1000,GB1 0AC_00110 0 offwind-float,0.1437461845458764,0.0021323701080814476
glaum,1000,GB1 0AC_00113 0 offwind-float,0.14459611409739825,0.0022276727911450726
glaum,1000,GB1 0AC_00114 0 offwind-float,0.14422135532396108,0.001959870804833645
glaum,1000,GB1 0AC_00115 0 offwind-float,0.14264145550941587,0.002204410882648976
glaum,1000,GB1 0AC_00121 0 offwind-float,0.1452922122966207,0.002159333982854315
glaum,1000,GB1 0AC_00123 0 offwind-float,0.1433263680278909,0.0021929001059694466
glaum,1000,GB1 0AC_00124 0 offwind-float,0.1422441190430178,0.002174496833562767
glaum,1000,GB1 0AC_00125 0 offwind-float,0.14201862403642984,0.0022015891993737388
glaum,1000,GB1 0AC_00126 0 offwind-float,0.14394096815171653,0.0022078716802605655
glaum,1000,GB1 0AC_00128 0 offwind-float,0.14221463413672975,0.002186532180165771
glaum,1000,GB1 0AC_00131 0 offwind-float,0.142644175861242,0.002168043067355867
glaum,1000,GB1 0AC_00136 0 offwind-float,0.1438952407645786,0.0021762819897046433
glaum,1000,GB1 0AC_00138 0 offwind-float,0.14410741836857055,0.002188948831586373
glaum,1000,GB1 0AC_00139 0 offwind-float,0.14379312800639255,0.0021947687972805803
glaum,1000,GB1 0AC_00140 0 offwind-float,0.14535984098924548,0.0021555285290309908
glaum,1000,GB1 0AC_00142 0 offwind-float,0.14464797481598135,0.002206221376629834
glaum,1000,GB1 0AC_00144 0 offwind-float,0.1428330484477679,0.002169514772149172
glaum,1000,GB1 0AC_00149 0 offwind-float,0.14330385874068963,0.0021927300853717543
glaum,1000,GB1 0AC_00150 0 offwind-float,0.1453019884960648,0.0022026547116657264
glaum,1000,GB1 0AC_00152 0 offwind-float,0.14404779759483777,0.002193697424950556
glaum,1000,GB1 0AC_00153 0 offwind-float,0.1445745549412264,0.0021499763759937297
glaum,1000,GB1 0AC_00156 0 offwind-float,0.14615884524438805,0.0022441839139724757
glaum,1000,GB1 0AC_00157 0 offwind-float,0.1337943514477845,0.0018032725843546231
glaum,1000,GB1 0AC_00169 0 offwind-float,0.14609020163419195,0.0022112317658332303
glaum,1000,GB1 0AC_00172 0 offwind-float,0.14382146700221476,0.002148899770724754
glaum,1000,GB1 0AC_00173 0 offwind-float,0.14417927514556927,0.0022032265132681636
glaum,1000,GB1 0AC_00174 0 offwind-float,0.14379150345303426,0.002078161493173084
glaum,1000,GB1 0AC_00185 0 offwind-float,0.13950528563412157,0.0019607766723472274
glaum,1000,GB1 0AC_00186 0 offwind-float,0.14312685172168438,0.002044583222584411
glaum,1000,GB1 0AC_00191 0 offwind-float,0.14309074092443874,0.0020788367007821456
glaum,1000,GB1 0AC_00195 0 offwind-float,0.13902175786358184,0.0019012692193538247
glaum,1000,GB1 0AC_00198 0 offwind-float,0.12917036685228567,0.0016601639815667184
glaum,1000,GB1 0AC_00201 0 offwind-float,0.14545153182214754,0.0021030808953725146
glaum,1000,GB4 0AC_00009 0 offwind-float,0.13383388299452947,0.002259894063859215
glaum,1000,GB4 0AC_00011 0 offwind-float,0.13772985135858207,0.002438859611935038
glaum,1000,GB4 0AC_00012 0 offwind-float,0.13883231949358743,0.002685886250514488
glaum,1000,GB4 0AC_00013 0 offwind-float,0.13741970905051304,0.0024608200127188484
glaum,1000,GB4 0AC_00020 0 offwind-float,0.13634245171324555,0.0026287336294395242
glaum,1000,GB4 0AC_00021 0 offwind-float,0.13775047021406306,0.002502881985992157
glaum,1000,GB4 0AC_00022 0 offwind-float,0.14219918668584264,0.0025204337335117946
glaum,1000,GB4 0AC_00023 0 offwind-float,0.12762374271799903,0.002357965661342549
glaum,1000,GB4 0AC_00026 0 offwind-float,0.1386768630619264,0.0025664566808667887
glaum,1000,GB4 0AC_00028 0 offwind-float,0.14223415970940878,0.002430099865038398
glaum,1000,GB4 0AC_00029 0 offwind-float,0.13102670434952612,0.002857571563960097
glaum,1000,GB4 0AC_00030 0 offwind-float,0.1389361506854575,0.0025824795770424762
glaum,1000,GB4 0AC_00031 0 offwind-float,0.14117995341838518,0.0029274100780937486
glaum,1000,GB4 0AC_00032 0 offwind-float,0.1370992508427421,0.002756270970828271
glaum,1000,GB4 0AC_00033 0 offwind-float,0.12919988685395645,0.0027302092573719375
glaum,1000,GB4 0AC_00034 0 offwind-float,0.14044850625695005,0.002692845752005539
glaum,1000,GB4 0AC_00035 0 offwind-float,0.14217765139543348,0.00250233282698717
glaum,1000,GB4 0AC_00036 0 offwind-float,0.1414878898854428,0.002744487816852719
glaum,1000,GB4 0AC_00038 0 offwind-float,0.14005726155576947,0.00252337252603189
glaum,1000,GB4 0AC_00039 0 offwind-float,0.13987412468157556,0.002561440423530229
glaum,1000,GB4 0AC_00040 0 offwind-float,0.143121089412644,0.002351889667774245
glaum,1000,GB4 0AC_00041 0 offwind-float,0.1410155925485208,0.0028706402387543286
glaum,1000,GB4 0AC_00042 0 offwind-float,0.13933200416157765,0.002459740295800473
glaum,1000,GB4 0AC_00043 0 offwind-float,0.1403100336786729,0.0024472638942396544
glaum,1000,GB4 0AC_00044 0 offwind-float,0.1401263930136336,0.002142351615258039
glaum,1000,GB4 0AC_00045 0 offwind-float,0.14200530352879626,0.0027140649199636794
glaum,1000,GB4 0AC_00046 0 offwind-float,0.14030479589471134,0.0025493462759165267
glaum,1000,GB4 0AC_00047 0 offwind-float,0.13739329583511217,0.0022018222337046177
glaum,1000,GB4 0AC_00048 0 offwind-float,0.1427885511058291,0.0023142784360050085
glaum,1000,GB4 0AC_00049 0 offwind-float,0.13844047425703587,0.002328208278563368
glaum,1000,GB4 0AC_00050 0 offwind-float,0.1415230578043598,0.002408229864048039
glaum,1000,GB4 0AC_00051 0 offwind-float,0.14129702436492741,0.0020230809555362842
glaum,1000,GB4 0AC_00052 0 offwind-float,0.1413434460872789,0.0023003735222038467
glaum,1000,GB4 0AC_00053 0 offwind-float,0.14229265516341427,0.0024855631266739848
glaum,1000,GB4 0AC_00054 0 offwind-float,0.14258387161500807,0.002533938353350103
glaum,1000,GB4 0AC_00055 0 offwind-float,0.14256538610490077,0.00231184231166813
glaum,1000,GB4 0AC_00056 0 offwind-float,0.14184484579505297,0.002122287339438497
glaum,1000,GB4 0AC_00057 0 offwind-float,0.14213635031193428,0.0023490607897006595
glaum,1000,GB4 0AC_00058 0 offwind-float,0.14208292420648694,0.0021653417762162786
glaum,1000,GB4 0AC_00059 0 offwind-float,0.14331050929348865,0.002431677939648653
glaum,1000,GB4 0AC_00060 0 offwind-float,0.14223143369086289,0.00217544361924914
glaum,1000,GB4 0AC_00061 0 offwind-float,0.1387045821960161,0.0018977580318344073
glaum,1000,GB4 0AC_00062 0 offwind-float,0.1423569887024857,0.0022316375600499316
glaum,1000,GB4 0AC_00063 0 offwind-float,0.14077635419583157,0.002042567040385794
glaum,1000,GB4 0AC_00064 0 offwind-float,0.14225786702848808,0.0021783960144975984
glaum,1000,GB4 0AC_00065 0 offwind-float,0.14247361820648352,0.0020315627282039327
glaum,1000,GB4 0AC_00066 0 offwind-float,0.1457315169386869,0.0021838414477031005
glaum,1000,GB4 0AC_00067 0 offwind-float,0.14553244968650314,0.002163096081118204
glaum,1000,GB4 0AC_00068 0 offwind-float,0.1437090662100996,0.002277566189372571
glaum,1000,NO0 0AC_00000 0 offwind-float,0.1446969479102097,0.0019450857530780774
glaum,1000,NO0 0AC_00001 0 offwind-float,0.1458762218526244,0.0019914280054332337
glaum,1000,NO0 0AC_00002 0 offwind-float,0.14153125717085202,0.0018324358442057776
glaum,1000,NO0 0AC_00003 0 offwind-float,0.14619416257000206,0.001974988650738995
glaum,1000,NO0 0AC_00004 0 offwind-float,0.1374324420659978,0.0017540796709268692
glaum,1000,NO0 0AC_00005 0 offwind-float,0.14276121658016194,0.0018855224430801808
glaum,1000,NO0 0AC_00006 0 offwind-float,0.14185145094337637,0.001838013243673891
glaum,1000,NO0 0AC_00007 0 offwind-float,0.14146539798917934,0.0017923591379728652
glaum,1000,NO0 0AC_00008 0 offwind-float,0.1348808966481393,0.001658792504836728
glaum,1000,NO0 0AC_00009 0 offwind-float,0.14422258367005625,0.001926043711772657
glaum,1000,NO0 0AC_00010 0 offwind-float,0.14479135669029486,0.0018783548425046607
glaum,1000,NO0 0AC_00011 0 offwind-float,0.14679451796195175,0.0019874720203567333
glaum,1000,NO0 0AC_00012 0 offwind-float,0.14359504401283074,0.0018489984892228837
glaum,1000,NO0 0AC_00013 0 offwind-float,0.14283441309104883,0.0019358673573666206
glaum,1000,NO0 0AC_00014 0 offwind-float,0.14594902574802315,0.0020586600175680103
glaum,1000,NO0 0AC_00015 0 offwind-float,0.14508703362497422,0.001972107687601972
glaum,1000,NO0 0AC_00016 0 offwind-float,0.14018443139546244,0.0018219821675351934
glaum,1000,NO0 0AC_00017 0 offwind-float,0.14560606242569885,0.001957131243271005
glaum,1000,NO0 0AC_00018 0 offwind-float,0.14549716873650864,0.001977232524419536
glaum,1000,NO0 0AC_00019 0 offwind-float,0.14277556455008478,0.00184414565719061
glaum,1000,NO0 0AC_00020 0 offwind-float,0.1403109211923046,0.0018064472276615332
glaum,1000,NO0 0AC_00021 0 offwind-float,0.1454189156111616,0.0019756511031955616
glaum,1000,NO0 0AC_00022 0 offwind-float,0.1449911961791207,0.0019395682130665262
glaum,1000,NO0 0AC_00023 0 offwind-float,0.14562770127929836,0.0019136989863429836
glaum,1000,NO0 0AC_00024 0 offwind-float,0.1439140967001138,0.001870209717033227
glaum,1000,NO0 0AC_00025 0 offwind-float,0.14627176258372065,0.001955621010229764
glaum,1000,NO0 0AC_00031 0 offwind-float,0.14741981153177786,0.0019479547429812317
glaum,1000,NO0 0AC_00032 0 offwind-float,0.13964731148223608,0.0017912970271816808
glaum,1000,NO0 0AC_00033 0 offwind-float,0.1415844785725694,0.0018377364611723893
glaum,1000,NO0 0AC_00034 0 offwind-float,0.1444170039147411,0.0018833666802097746
glaum,1000,NO0 0AC_00035 0 offwind-float,0.1420880155167401,0.0018525275006636682
glaum,1000,NO0 0AC_00036 0 offwind-float,0.14448020882611345,0.001902873288259466
glaum,1000,NO0 0AC_00037 0 offwind-float,0.14455722063913545,0.0019220261285805987
glaum,1000,NO0 0AC_00038 0 offwind-float,0.13632405648150836,0.0016796617962818027
glaum,1000,NO0 0AC_00039 0 offwind-float,0.1439656941502503,0.0019109622572367662
glaum,1000,NO0 0AC_00040 0 offwind-float,0.14528131512492015,0.0019282703087683914
glaum,1000,NO0 0AC_00041 0 offwind-float,0.14539285809128477,0.0018975168524266379
glaum,1000,NO0 0AC_00042 0 offwind-float,0.1417414566095656,0.0018217705632342974
glaum,1000,NO0 0AC_00043 0 offwind-float,0.14022978230952532,0.0017886812745927629
glaum,1000,NO0 0AC_00044 0 offwind-float,0.14526535069035762,0.001967645273730338
glaum,1000,NO0 0AC_00045 0 offwind-float,0.1447689461307693,0.0019467500209028859
glaum,1000,NO0 0AC_00047 0 offwind-float,0.14445211338311403,0.0018206596744853394
glaum,1000,NO0 0AC_00048 0 offwind-float,0.14513075047479884,0.001962384963267378
glaum,1000,NO0 0AC_00049 0 offwind-float,0.1313797460973829,0.0016140044709296924
glaum,1000,NO0 0AC_00050 0 offwind-float,0.14439565315587266,0.0019857055399236973
glaum,1000,NO0 0AC_00051 0 offwind-float,0.14386448622823034,0.0019202302840966435
glaum,1000,NO0 0AC_00052 0 offwind-float,0.13866531518946268,0.0017396289311873531
glaum,1000,NO0 0AC_00053 0 offwind-float,0.1437785827812441,0.0019777848302676027
glaum,1000,NO0 0AC_00054 0 offwind-float,0.14178918430024146,0.0018296445636753517
glaum,1000,NO0 0AC_00055 0 offwind-float,0.14396559971434064,0.0017555392550012267
glaum,1000,NO0 0AC_00056 0 offwind-float,0.14575610297348007,0.001908836979713265
glaum,1000,NO0 0AC_00057 0 offwind-float,0.14035008169789331,0.0018783878766881119
glaum,1000,NO0 0AC_00058 0 offwind-float,0.1443087080976826,0.0018676831903101554
glaum,1000,NO0 0AC_00059 0 offwind-float,0.14161714916995705,0.0019546143344131702
glaum,1000,NO0 0AC_00060 0 offwind-float,0.14122720667457989,0.0018243535349206335
glaum,1000,NO0 0AC_00061 0 offwind-float,0.14547941066720282,0.0019928975544946225
glaum,1000,NO0 0AC_00062 0 offwind-float,0.1419289254829038,0.0019765588971734217
glaum,1000,NO0 0AC_00064 0 offwind-float,0.1337649177334017,0.0017416715566387297
glaum,1000,NO0 0AC_00067 0 offwind-float,0.1326696803439431,0.00169545506780665
glaum,1000,NO0 0AC_00068 0 offwind-float,0.14296051664651,0.0017419646764250591
glaum,1000,NO0 0AC_00070 0 offwind-float,0.1379225885937473,0.0018706921513006588
glaum,1000,NO0 0AC_00071 0 offwind-float,0.13224244122915307,0.001630302581067644
glaum,1000,NO0 0AC_00078 0 offwind-float,0.1370681936395448,0.0019527715316199692
glaum,1000,NO0 0AC_00083 0 offwind-float,0.13917698947873347,0.0019423834082331185
glaum,1000,NO0 0AC_00146 0 offwind-float,0.13308711844729004,0.0018339876448813562
new_more,1000,DE2 0AC_00035 0 offwind-float,0.11148278236730358,0.0004548117615704507
new_more,1000,GB1 0AC_00141 0 offwind-float,0.11144776173520798,0.00037884458551763533
new_more,1000,GB1 0AC_00193 0 offwind-float,0.11149409491005147,0.00038279505691529134
new_more,1000,NL2 0AC_00021 0 offwind-float,0.11148146706502737,0.0005728107543573516
new_more,1000,NO0 0AC_00097 0 offwind-float,0.1122889568860248,0.00011973018139638258
new_more,1000,NO0 0AC_00120 0 offwind-float,0.11191193389277432,0.00011417642538230314
new_more,1000,NO0 0AC_00123 0 offwind-float,0.11228895688602503,0.00011012906168384506
new_more,1000,DE2 0AC_00029 0 offwind-ac,0.11145942988867863,6.0100472216902
new_more,1000,DE2 0AC_00034 0 offwind-ac,0.11147205164034157,0.0048345961439610905
new_more,1000,DE2 0AC_00036 0 offwind-ac,0.11149396952997082,5.277878259526843
new_more,1000,DE2 0AC_00040 0 offwind-ac,0.11149224762473664,0.000630646281708842
new_more,1000,DE2 0AC_00042 0 offwind-ac,0.11147144675687648,0.0017716249613068452
new_more,1000,DK2 0AC_00047 0 offwind-ac,0.11152235985308645,0.0005751731595162392
new_more,1000,DK2 0AC_00050 0 offwind-ac,0.11147397382788149,0.0005611754261196704
new_more,1000,GB1 0AC_00000 0 offwind-ac,0.11159033207027602,0.00042277748170947406
new_more,1000,GB1 0AC_00092 0 offwind-ac,0.11144776173520765,0.0004842065650059604
new_more,1000,GB1 0AC_00162 0 offwind-ac,0.11146915052830242,0.0009041233880764585
new_more,1000,GB1 0AC_00170 0 offwind-ac,0.11149186846591375,0.000807957334442603
new_more,1000,NL2 0AC_00017 0 offwind-ac,0.11150781711306934,0.0004584057369777332
new_more,1000,NL2 0AC_00048 0 offwind-ac,0.1114710866315497,0.0010951326170452812
new_more,1000,NL2 0AC_00051 0 offwind-ac,0.11147214838191166,0.0013396260250787301
new_more,1000,GB1 0AC_00158 0 offwind-dc,0.11146982160464758,0.0009451045873515165
new_more,1000,GB1 0AC_00161 0 offwind-dc,0.11149263349276617,0.0008508321977883146
new_more,1000,GB1 0AC_00175 0 offwind-dc,0.11145833376557801,0.0006507579701866387
new_more,1000,GB1 0AC_00179 0 offwind-dc,0.11147040786395856,0.0009110548338428461
new_more,1000,GB1 0AC_00188 0 offwind-dc,0.1115029148344504,0.0010459591945415235
new_more,1000,GB1 0AC_00189 0 offwind-dc,0.11154955954314327,0.0009223347599482672
new_more,1000,GB1 0AC_00205 0 offwind-dc,0.11145962167198542,0.0012920739756009207
new_more,1000,NL2 0AC_00006 0 offwind-dc,0.11145884227522573,4.371174790810779
new_more,1000,DK2 0AC_00011 0 offwind-float,0.1345687149008129,0.0012146953924170704
new_more,1000,DK2 0AC_00042 0 offwind-float,0.1344655679711323,0.0012028846484913808
new_more,1000,DK2 0AC_00061 0 offwind-float,0.13436503235084019,0.0012970518999204182
new_more,1000,GB1 0AC_00015 0 offwind-float,0.13507011248407053,0.0008066824783120516
new_more,1000,GB1 0AC_00025 0 offwind-float,0.13451742815920054,0.0010858140305324234
new_more,1000,GB1 0AC_00051 0 offwind-float,0.13503774140099556,0.000714685572140837
new_more,1000,GB1 0AC_00062 0 offwind-float,0.13699405329272618,0.0009163885525600806
new_more,1000,GB1 0AC_00068 0 offwind-float,0.1372501308974602,0.0009161461094758322
new_more,1000,NL2 0AC_00047 0 offwind-float,0.13264696896264716,0.0005230880411798409
new_more,1000,NO0 0AC_00026 0 offwind-float,0.132776322766039,0.00038587712307889687
new_more,1000,NO0 0AC_00028 0 offwind-float,0.13213010911339973,0.00044726401446359054
new_more,1000,NO0 0AC_00029 0 offwind-float,0.1323910464544411,0.00042970794356558687
new_more,1000,NO0 0AC_00072 0 offwind-float,0.13644262529020557,0.0009189888404076423
new_more,1000,NO0 0AC_00076 0 offwind-float,0.13416411084821733,0.0007714041268234886
new_more,1000,NO0 0AC_00077 0 offwind-float,0.1375510598003793,0.0010597673911669878
new_more,1000,NO0 0AC_00080 0 offwind-float,0.13191833615679993,0.0006460612719607049
new_more,1000,NO0 0AC_00082 0 offwind-float,0.1338280183859586,0.0007524061093098782
new_more,1000,NO0 0AC_00085 0 offwind-float,0.13736565801267553,0.0006862842886754637
new_more,1000,NO0 0AC_00092 0 offwind-float,0.1352804180422421,0.0009468416818067726
new_more,1000,NO0 0AC_00093 0 offwind-float,0.13647915852084003,0.001156706156574025
new_more,1000,NO0 0AC_00095 0 offwind-float,0.13670585930865387,0.00033833011507214416
new_more,1000,NO0 0AC_00103 0 offwind-float,0.13275421468588722,0.00020796630189064336
new_more,1000,NO0 0AC_00109 0 offwind-float,0.13667347213289904,0.001255409909250506
new_more,1000,NO0 0AC_00112 0 offwind-float,0.13715956731043688,0.0012859215729508543
new_more,1000,NO0 0AC_00113 0 offwind-float,0.13583167150489994,0.0010080261757602548
new_more,1000,NO0 0AC_00117 0 offwind-float,0.13758993423550836,0.00015870149909964703
new_more,1000,NO0 0AC_00118 0 offwind-float,0.13314067632770832,0.00017553419417664105
new_more,1000,NO0 0AC_00119 0 offwind-float,0.13311206444993284,0.0001904731438680813
new_more,1000,NO0 0AC_00129 0 offwind-float,0.13400847416258355,0.0009296500122229104
new_more,1000,NO0 0AC_00132 0 offwind-float,0.13412526699702587,0.0007639989718511693
new_more,1000,NO0 0AC_00133 0 offwind-float,0.1358588007305952,0.0010534699495272086
new_more,1000,NO0 0AC_00135 0 offwind-float,0.13636838498523352,0.0012148252313070977
new_more,1000,NO0 0AC_00137 0 offwind-float,0.1334410448397556,0.0007478841904290642
new_more,1000,NO0 0AC_00144 0 offwind-float,0.13949209426973608,0.00010199206071100504
new_more,1000,NO0 0AC_00147 0 offwind-float,0.13604286925001097,0.0011121371463125584
new_more,1000,NO0 0AC_00153 0 offwind-float,0.13621918956159507,0.0010015152315449548
new_more,1000,NO0 0AC_00158 0 offwind-float,0.13480479842761028,0.0009137970446522754
new_more,1000,NO0 0AC_00160 0 offwind-float,0.1355591202156351,0.0010203660679831187
new_more,1000,NO0 0AC_00162 0 offwind-float,0.1359332629563088,0.0010970119104482456
new_more,1000,NO0 0AC_00163 0 offwind-float,0.13671411746739337,0.0009781010476402003
new_more,1000,NO0 0AC_00164 0 offwind-float,0.13729632426990135,0.0009208631585097717
new_more,1000,NO0 0AC_00165 0 offwind-float,0.13536460749201085,0.0008203338097388837
new_more,1000,BE2 0AC_00001 0 offwind-ac,0.1272852491493841,0.0034862953043954537
new_more,1000,DE2 0AC_00033 0 offwind-ac,0.13039344829899513,0.0026052375437857983
new_more,1000,DE2 0AC_00037 0 offwind-ac,0.1209079481060763,0.01370522090523963
new_more,1000,DE2 0AC_00038 0 offwind-ac,0.12964343247727272,0.0027361030481809047
new_more,1000,DK2 0AC_00041 0 offwind-ac,0.13234031082698716,0.003071561892302798
new_more,1000,DK2 0AC_00043 0 offwind-ac,0.1295098143057839,0.002004807639497539
new_more,1000,DK2 0AC_00045 0 offwind-ac,0.12938087914347096,0.0017481734787620732
new_more,1000,DK2 0AC_00052 0 offwind-ac,0.13434829785414593,0.0010604753406281173
new_more,1000,DK2 0AC_00053 0 offwind-ac,0.13127429880078634,0.002027053566407375
new_more,1000,DK2 0AC_00055 0 offwind-ac,0.1306023573507905,0.002328447294097675
new_more,1000,DK2 0AC_00056 0 offwind-ac,0.13331079326639483,0.001256485566703037
new_more,1000,DK2 0AC_00059 0 offwind-ac,0.13329654262994928,0.003301731110927396
new_more,1000,GB1 0AC_00026 0 offwind-ac,0.13454831920999966,0.0011497626788121475
new_more,1000,GB1 0AC_00044 0 offwind-ac,0.13375460413252827,0.001455255109461949
new_more,1000,GB1 0AC_00046 0 offwind-ac,0.13233238555799232,0.0011439225659355477
new_more,1000,GB1 0AC_00060 0 offwind-ac,0.13559190908082874,0.0016688905290816727
new_more,1000,GB1 0AC_00061 0 offwind-ac,0.13138782331235865,0.0009014808283772987
new_more,1000,GB1 0AC_00094 0 offwind-ac,0.13327109127539505,0.0007548392566353749
new_more,1000,GB1 0AC_00103 0 offwind-ac,0.13538927766215514,0.0016040347202927329
new_more,1000,GB1 0AC_00119 0 offwind-ac,0.1322090413148791,0.0011880321563336115
new_more,1000,GB1 0AC_00122 0 offwind-ac,0.13518095800303065,0.0017650166156328484
new_more,1000,GB1 0AC_00129 0 offwind-ac,0.1319350054058943,0.0015533033158396472
new_more,1000,GB1 0AC_00135 0 offwind-ac,0.13262373956746065,0.0013339489700330619
new_more,1000,GB1 0AC_00145 0 offwind-ac,0.13242733918566363,0.0012921163872282684
new_more,1000,GB1 0AC_00151 0 offwind-ac,0.13036000738857778,0.0014702338190628137
new_more,1000,GB1 0AC_00155 0 offwind-ac,0.13227086410950317,0.0014930388155394805
new_more,1000,GB1 0AC_00166 0 offwind-ac,0.13254201071680072,0.0018226884562131947
new_more,1000,GB1 0AC_00178 0 offwind-ac,0.13012060794481006,0.0016888912683839241
new_more,1000,GB4 0AC_00016 0 offwind-ac,0.14403899528274433,1.150699983732604
new_more,1000,NL2 0AC_00002 0 offwind-ac,0.1324206725103838,0.0029152541677778207
new_more,1000,NL2 0AC_00018 0 offwind-ac,0.13122847328725262,0.0028399105776241752
new_more,1000,NL2 0AC_00027 0 offwind-ac,0.13131650622481006,0.00328828045592274
new_more,1000,NL2 0AC_00028 0 offwind-ac,0.13102693852611313,0.0034672970118974815
new_more,1000,NL2 0AC_00039 0 offwind-ac,0.12819548222851385,0.005252140303113811
new_more,1000,NL2 0AC_00049 0 offwind-ac,0.13222461604688307,0.003728566497342113
new_more,1000,NL2 0AC_00052 0 offwind-ac,0.1311807012086601,0.0009739963556261591
new_more,1000,NL2 0AC_00061 0 offwind-ac,0.12663607560498136,0.004356356054321619
new_more,1000,NL2 0AC_00065 0 offwind-ac,0.12461422036087122,0.008578032407485982
new_more,1000,NO0 0AC_00101 0 offwind-ac,0.13493518399721638,0.000840155705027118
new_more,1000,NO0 0AC_00126 0 offwind-ac,0.13180489404564277,0.0009703771402205491
new_more,1000,NO0 0AC_00127 0 offwind-ac,0.13604882478330516,0.0006992958251300174
new_more,1000,NO0 0AC_00149 0 offwind-ac,0.13508660524162586,0.0010485018703989947
new_more,1000,NO0 0AC_00150 0 offwind-ac,0.1351256719566929,0.0006984570015021968
new_more,1000,NO0 0AC_00169 0 offwind-ac,0.13437970545517597,0.0013539467235614297
new_more,1000,NO0 0AC_00172 0 offwind-ac,0.13620346696154284,0.0013607278073468152
new_more,1000,BE2 0AC_00000 0 offwind-dc,0.127598512581501,0.006815136232586292
new_more,1000,DE2 0AC_00002 0 offwind-dc,0.14536928779770153,165.58034436849792
new_more,1000,DE2 0AC_00004 0 offwind-dc,0.14924653337760374,296.86197411779716
new_more,1000,DE2 0AC_00009 0 offwind-dc,0.11149877886266524,37.629950567470615
new_more,1000,DE2 0AC_00019 0 offwind-dc,0.1240032390100444,0.008465966858087098
new_more,1000,DE2 0AC_00020 0 offwind-dc,0.11147137024970477,32.65583186507299
new_more,1000,DE2 0AC_00023 0 offwind-dc,0.1114897841704201,32.23964077376726
new_more,1000,DE2 0AC_00024 0 offwind-dc,0.11152040221714199,38.00817351639327
new_more,1000,DE2 0AC_00025 0 offwind-dc,0.11147566221762917,33.67975217012204
new_more,1000,DE2 0AC_00026 0 offwind-dc,0.12157019644030553,0.013477790968583593
new_more,1000,DE2 0AC_00028 0 offwind-dc,0.11149943368171666,33.12485445688776
new_more,1000,DE2 0AC_00030 0 offwind-dc,0.12549231369403135,0.007013158425681721
new_more,1000,DE2 0AC_00032 0 offwind-dc,0.11146339689605356,39.978147750299755
new_more,1000,DK2 0AC_00013 0 offwind-dc,0.13115050312722043,0.0019388166967636963
new_more,1000,DK2 0AC_00014 0 offwind-dc,0.13426281425544606,0.0029520872185888093
new_more,1000,DK2 0AC_00016 0 offwind-dc,0.1327414445611017,0.002096707386858833
new_more,1000,DK2 0AC_00025 0 offwind-dc,0.13272236539505222,0.0021742502448988945
new_more,1000,DK2 0AC_00030 0 offwind-dc,0.1346229261878985,0.003009947085736259
new_more,1000,DK2 0AC_00034 0 offwind-dc,0.13325341336948082,0.002557901680979377
new_more,1000,DK2 0AC_00038 0 offwind-dc,0.13354696167999658,0.0034421377679129095
new_more,1000,DK2 0AC_00039 0 offwind-dc,0.12964980956960925,0.0037416795624246927
new_more,1000,DK2 0AC_00058 0 offwind-dc,0.12714109518715633,0.004467747363732164
new_more,1000,FR2 0AC_00000 0 offwind-dc,0.131106983218648,0.002355189734408188
new_more,1000,FR2 0AC_00001 0 offwind-dc,0.1308319539816042,0.001726215931744323
new_more,1000,GB1 0AC_00091 0 offwind-dc,0.13492262545844125,0.0017372536319081762
new_more,1000,GB1 0AC_00159 0 offwind-dc,0.1346448705852613,0.0015834263362886855
new_more,1000,GB1 0AC_00160 0 offwind-dc,0.13224999548364647,0.0014844763861103383
new_more,1000,GB1 0AC_00165 0 offwind-dc,0.13357607719975306,0.0014068591326751102
new_more,1000,GB1 0AC_00167 0 offwind-dc,0.13498191571578066,0.0018012386841656665
new_more,1000,GB1 0AC_00171 0 offwind-dc,0.13445576882812138,0.0017904517116266133
new_more,1000,GB1 0AC_00180 0 offwind-dc,0.13367539611396173,0.0015789359487815837
new_more,1000,GB1 0AC_00181 0 offwind-dc,0.1314011243883304,0.0015601516324455175
new_more,1000,GB1 0AC_00183 0 offwind-dc,0.1321697821481529,0.001605314862323376
new_more,1000,GB1 0AC_00184 0 offwind-dc,0.13220394575678707,0.0015084616851260904
new_more,1000,GB1 0AC_00190 0 offwind-dc,0.13242267948830477,0.0014968596593129577
new_more,1000,GB1 0AC_00192 0 offwind-dc,0.13480150100280575,0.0017481190882945989
new_more,1000,GB1 0AC_00194 0 offwind-dc,0.13185662553728317,0.0016338621281052168
new_more,1000,GB1 0AC_00199 0 offwind-dc,0.13468666727798506,0.0017803911300202863
new_more,1000,GB4 0AC_00002 0 offwind-dc,0.11573656524482967,0.03095544787495228
new_more,1000,NL2 0AC_00001 0 offwind-dc,0.12890158894459025,0.004089595279167269
new_more,1000,NL2 0AC_00007 0 offwind-dc,0.13310352836163863,0.0034626469390271536
new_more,1000,NL2 0AC_00009 0 offwind-dc,0.12899346608743534,0.0052362541214640065
new_more,1000,NL2 0AC_00010 0 offwind-dc,0.1328449277951057,0.0033097412184880243
new_more,1000,NL2 0AC_00022 0 offwind-dc,0.13061545656629958,0.004036650187851166
new_more,1000,NL2 0AC_00026 0 offwind-dc,0.11151216877597836,32.748840298867464
new_more,1000,NL2 0AC_00034 0 offwind-dc,0.13250906715081145,0.0028645437221285226
new_more,1000,NL2 0AC_00046 0 offwind-dc,0.13220097882201054,0.00376071606900387
new_more,1000,NL2 0AC_00058 0 offwind-dc,0.11620642745357834,0.039284324542378485
new_more,1000,NL2 0AC_00059 0 offwind-dc,0.1326326438515908,0.0038406051921073643
new_more,1000,NL2 0AC_00062 0 offwind-dc,0.1307626345137718,0.005137293837272263
new_more,1000,DK2 0AC_00004 0 offwind-float,0.14526533060076818,0.0018643436939188064
new_more,1000,DK2 0AC_00005 0 offwind-float,0.1459628480989278,0.0018692575131236079
new_more,1000,DK2 0AC_00062 0 offwind-float,0.1436152669004589,0.001994462742159206
new_more,1000,DK2 0AC_00063 0 offwind-float,0.14324614957237247,0.0019011530304717285
new_more,1000,GB1 0AC_00001 0 offwind-float,0.14519600651626707,0.0014216156275040548
new_more,1000,GB1 0AC_00010 0 offwind-float,0.14502021017092603,0.002043341780583787
new_more,1000,GB1 0AC_00022 0 offwind-float,0.14355605280759953,0.0013793586003520396
new_more,1000,GB1 0AC_00030 0 offwind-float,0.14492547942980227,0.0017788527932907387
new_more,1000,GB1 0AC_00034 0 offwind-float,0.14463749918440194,0.0014142243693664191
new_more,1000,GB1 0AC_00036 0 offwind-float,0.14619280551317348,0.002100846206157632
new_more,1000,GB4 0AC_00000 0 offwind-float,0.1433877598886869,0.001451720629618381
new_more,1000,GB4 0AC_00005 0 offwind-float,0.1435905289401762,0.0016976932873718248
new_more,1000,NO0 0AC_00073 0 offwind-float,0.14612590791097957,0.0018745189695740464
new_more,1000,NO0 0AC_00081 0 offwind-float,0.14508277853140683,0.0018715477233373508
new_more,1000,NO0 0AC_00084 0 offwind-float,0.14467513170428448,0.0010058631215492458
new_more,1000,NO0 0AC_00086 0 offwind-float,0.14354582289520412,0.00157171744443671
new_more,1000,NO0 0AC_00089 0 offwind-float,0.14569830597903277,0.0010874789035867818
new_more,1000,NO0 0AC_00105 0 offwind-float,0.14111456854845517,0.0006027933421502438
new_more,1000,NO0 0AC_00107 0 offwind-float,0.14526182450952063,0.0012575198235828763
new_more,1000,NO0 0AC_00108 0 offwind-float,0.14627884317285456,0.001881046834736953
new_more,1000,NO0 0AC_00111 0 offwind-float,0.1451462544545825,0.001972259847157076
new_more,1000,NO0 0AC_00128 0 offwind-float,0.1439209906890242,0.0017330101846696406
new_more,1000,NO0 0AC_00134 0 offwind-float,0.1455747455716142,0.0019179996409987013
new_more,1000,NO0 0AC_00136 0 offwind-float,0.14561322681782374,0.0019211912157564032
new_more,1000,NO0 0AC_00156 0 offwind-float,0.1462992788921854,0.0019900209124564822
new_more,1000,NO0 0AC_00159 0 offwind-float,0.1452199249175633,0.0017676535354514008
new_more,1000,NO0 0AC_00167 0 offwind-float,0.14520153948270587,0.0016771764584970882
new_more,1000,NO0 0AC_00168 0 offwind-float,0.14611432797446122,0.0017914597566468541
new_more,1000,NO0 0AC_00170 0 offwind-float,0.1439790061946702,0.001568091052523442
new_more,1000,NO0 0AC_00171 0 offwind-float,0.1431223307164632,0.0012265697277560215
new_more,1000,DK2 0AC_00040 0 offwind-ac,0.142043977121301,0.004007437063534767
new_more,1000,DK2 0AC_00048 0 offwind-ac,0.14319833638001456,0.0033888924646153632
new_more,1000,GB1 0AC_00004 0 offwind-ac,0.14474470920188587,0.001415148553229556
new_more,1000,GB1 0AC_00007 0 offwind-ac,0.14071820982653427,0.008736149960351419
new_more,1000,GB1 0AC_00009 0 offwind-ac,0.14359199156699154,0.0019256093749748851
new_more,1000,GB1 0AC_00011 0 offwind-ac,0.14431481978734417,0.003233037454577178
new_more,1000,GB1 0AC_00014 0 offwind-ac,0.14406674852092027,0.0028907116272538992
new_more,1000,GB1 0AC_00020 0 offwind-ac,0.14357063073229115,0.003051563970494422
new_more,1000,GB1 0AC_00090 0 offwind-ac,0.14418950303623834,0.0025924632461213474
new_more,1000,GB1 0AC_00097 0 offwind-ac,0.1435892792579072,0.002178728533986962
new_more,1000,GB1 0AC_00116 0 offwind-ac,0.14308932725168633,0.0026574486884302483
new_more,1000,GB4 0AC_00019 0 offwind-ac,0.15595680029159054,100.85576313538044
new_more,1000,NL2 0AC_00030 0 offwind-ac,0.1435695893921337,0.0037417077956069878
new_more,1000,NO0 0AC_00114 0 offwind-ac,0.14329524563833762,0.002296558531700579
new_more,1000,BE2 0AC_00002 0 offwind-dc,0.13862710671585587,0.006058551351940613
new_more,1000,DE2 0AC_00001 0 offwind-dc,0.155381110059147,1242.5199862204845
new_more,1000,DE2 0AC_00003 0 offwind-dc,0.15184197142870937,833.6187555653262
new_more,1000,DE2 0AC_00008 0 offwind-dc,0.1518209888242511,1002.2137014233509
new_more,1000,DE2 0AC_00011 0 offwind-dc,0.11152068946540439,40.91343073593558
new_more,1000,DE2 0AC_00013 0 offwind-dc,0.11149225275364938,38.18787915899996
new_more,1000,DE2 0AC_00018 0 offwind-dc,0.111544842076445,41.99763063951046
new_more,1000,DE2 0AC_00027 0 offwind-dc,0.11150429981939147,30.77432477628304
new_more,1000,DE2 0AC_00031 0 offwind-dc,0.11613380154235176,0.07561122146544791
new_more,1000,DK2 0AC_00001 0 offwind-dc,0.14288941842694491,0.004772971118551182
new_more,1000,DK2 0AC_00017 0 offwind-dc,0.14280631785015796,0.005034184053910763
new_more,1000,DK2 0AC_00029 0 offwind-dc,0.1419601704412553,0.0036598523330536076
new_more,1000,DK2 0AC_00033 0 offwind-dc,0.14249254762825803,0.0034697254227597867
new_more,1000,DK2 0AC_00036 0 offwind-dc,0.14402896007533206,0.003690280672347516
new_more,1000,DK2 0AC_00037 0 offwind-dc,0.13777901908476575,0.009731762241792206
new_more,1000,GB1 0AC_00019 0 offwind-dc,0.1443301195316814,0.004227550206623771
new_more,1000,GB1 0AC_00024 0 offwind-dc,0.1427484397096177,0.006036439305742384
new_more,1000,GB1 0AC_00033 0 offwind-dc,0.14383103110812379,0.004528770920897134
new_more,1000,GB1 0AC_00100 0 offwind-dc,0.1446212364836742,0.0030833086047298724
new_more,1000,GB1 0AC_00111 0 offwind-dc,0.14331882493279835,0.0024122039586378635
new_more,1000,GB1 0AC_00146 0 offwind-dc,0.14439520029003727,0.003050252138066858
new_more,1000,GB1 0AC_00148 0 offwind-dc,0.14354826808191534,0.004726981930142788
new_more,1000,GB1 0AC_00164 0 offwind-dc,0.14295192652291677,0.004961825277985725
new_more,1000,GB1 0AC_00168 0 offwind-dc,0.14393570461571992,0.002575736710654568
new_more,1000,GB1 0AC_00177 0 offwind-dc,0.1445610307524382,0.0031614276257510244
new_more,1000,GB1 0AC_00182 0 offwind-dc,0.14275681983390065,0.005084491208324356
new_more,1000,GB1 0AC_00197 0 offwind-dc,0.141890133823238,0.002765665758974229
new_more,1000,GB4 0AC_00008 0 offwind-dc,0.13834669429519486,0.005772650536895158
new_more,1000,NL2 0AC_00003 0 offwind-dc,0.1386812058910707,0.009002433582608072
new_more,1000,NL2 0AC_00005 0 offwind-dc,0.11798875884600701,0.060057676612177036
new_more,1000,NL2 0AC_00016 0 offwind-dc,0.13926517991455412,0.00752934185296813
new_more,1000,NL2 0AC_00055 0 offwind-dc,0.1353539957046026,0.010761795794191174
new_more,1000,NL2 0AC_00060 0 offwind-dc,0.13489317453975114,0.012926240108978637
new_more,1000,NO0 0AC_00074 0 offwind-dc,0.1422687198850403,0.005628525051200189
new_more,1000,DK2 0AC_00003 0 offwind-float,0.15090571638662809,0.002279616864092745
new_more,1000,GB1 0AC_00006 0 offwind-float,0.15172266382626265,0.0029632685780645747
new_more,1000,GB1 0AC_00008 0 offwind-float,0.15295614999874763,0.00226665003581426
new_more,1000,GB1 0AC_00016 0 offwind-float,0.1530645139364588,0.0025517446328931315
new_more,1000,GB1 0AC_00017 0 offwind-float,0.1530293527180232,0.0030324433883775104
new_more,1000,GB1 0AC_00023 0 offwind-float,0.15277213849360483,0.003411086491069865
new_more,1000,GB1 0AC_00029 0 offwind-float,0.15116145761295097,0.003157113574921464
new_more,1000,GB1 0AC_00039 0 offwind-float,0.15333353527240168,0.0021004703653318873
new_more,1000,GB1 0AC_00055 0 offwind-float,0.15323414380374178,0.0020422162455933477
new_more,1000,GB1 0AC_00083 0 offwind-float,0.15307697636451656,0.0020693677186304858
new_more,1000,GB1 0AC_00134 0 offwind-float,0.1516407457225376,0.0023207000168994885
new_more,1000,GB1 0AC_00198 0 offwind-float,0.15252265284210353,0.002430945150635848
new_more,1000,GB4 0AC_00023 0 offwind-float,0.1524428879350087,0.003915118276796753
new_more,1000,GB4 0AC_00027 0 offwind-float,0.14958519560023587,0.003917157099576405
new_more,1000,GB4 0AC_00037 0 offwind-float,0.14990049345101453,0.003798855706170603
new_more,1000,NO0 0AC_00004 0 offwind-float,0.15353485416124768,0.0024350793094903836
new_more,1000,NO0 0AC_00046 0 offwind-float,0.15286953213314747,0.0020043645449930748
new_more,1000,NO0 0AC_00065 0 offwind-float,0.15210925754111515,0.0022781709018940997
new_more,1000,NO0 0AC_00066 0 offwind-float,0.15306588152640999,0.0025473461416385935
new_more,1000,NO0 0AC_00067 0 offwind-float,0.15320893709735361,0.0024633155566284332
new_more,1000,NO0 0AC_00069 0 offwind-float,0.15141783561681688,0.00205308716020552
new_more,1000,NO0 0AC_00070 0 offwind-float,0.1532692816406379,0.0025841746494121047
new_more,1000,NO0 0AC_00071 0 offwind-float,0.15262777101082503,0.0023246358923747087
new_more,1000,NO0 0AC_00075 0 offwind-float,0.15159435738947968,0.002312812013088008
new_more,1000,NO0 0AC_00079 0 offwind-float,0.15164045892067401,0.002264961235334662
new_more,1000,NO0 0AC_00087 0 offwind-float,0.15099184529627774,0.0025366151396161623
new_more,1000,NO0 0AC_00088 0 offwind-float,0.15065102027648913,0.002428278967578963
new_more,1000,NO0 0AC_00091 0 offwind-float,0.14930279699863602,0.000848603080525495
new_more,1000,NO0 0AC_00130 0 offwind-float,0.15120344327755542,0.00254186444968165
new_more,1000,NO0 0AC_00145 0 offwind-float,0.15169555712829885,0.002403954208688021
new_more,1000,NO0 0AC_00146 0 offwind-float,0.15237732331630838,0.002623868646737595
new_more,1000,BE2 0AC_00003 0 offwind-ac,0.14744417665699294,0.0060645797499329955
new_more,1000,DK2 0AC_00035 0 offwind-ac,0.14991868826423194,0.00390986439898494
new_more,1000,DK2 0AC_00046 0 offwind-ac,0.1505462434529411,0.0051769616372219695
new_more,1000,DK2 0AC_00060 0 offwind-ac,0.15151092968565338,0.003709269019716739
new_more,1000,GB1 0AC_00005 0 offwind-ac,0.15285907258842824,0.00389483084036129
new_more,1000,GB1 0AC_00013 0 offwind-ac,0.15080565938197343,0.0026050029635750426
new_more,1000,GB1 0AC_00058 0 offwind-ac,0.1513572173928226,0.00313529818790257
new_more,1000,NL2 0AC_00041 0 offwind-ac,0.1495959238386655,0.004937147671171205
new_more,1000,NO0 0AC_00027 0 offwind-ac,0.14818539215022453,0.0015253496424701971
new_more,1000,NO0 0AC_00174 0 offwind-ac,0.15160935437564038,0.0021380512973258412
new_more,1000,DE2 0AC_00000 0 offwind-dc,0.1619363908262944,1665.6764114223058
new_more,1000,DE2 0AC_00005 0 offwind-dc,0.16174814886161692,1743.067983212256
new_more,1000,DE2 0AC_00006 0 offwind-dc,0.15186068174646583,1046.7809677148196
new_more,1000,DE2 0AC_00007 0 offwind-dc,0.15662132002001983,1642.3802383533132
new_more,1000,DE2 0AC_00012 0 offwind-dc,0.11152224556010315,45.76573500270599
new_more,1000,DE2 0AC_00017 0 offwind-dc,0.11157087583165004,33.822748275449484
new_more,1000,DK2 0AC_00002 0 offwind-dc,0.14839837137102008,0.006127207264673809
new_more,1000,DK2 0AC_00006 0 offwind-dc,0.1472064831309271,0.007768485009230757
new_more,1000,DK2 0AC_00007 0 offwind-dc,0.14791710285565762,0.006693600416200733
new_more,1000,DK2 0AC_00009 0 offwind-dc,0.1501711236446328,0.005804894506005336
new_more,1000,DK2 0AC_00010 0 offwind-dc,0.14827083158590748,0.006411188475500448
new_more,1000,DK2 0AC_00012 0 offwind-dc,0.14795349086179221,0.008230620892410744
new_more,1000,DK2 0AC_00015 0 offwind-dc,0.1466763694842803,0.008500331131389052
new_more,1000,DK2 0AC_00018 0 offwind-dc,0.1491572142535038,0.007084730997145332
new_more,1000,DK2 0AC_00021 0 offwind-dc,0.15058859254335932,0.005922593142800475
new_more,1000,DK2 0AC_00022 0 offwind-dc,0.14939365610187483,0.005155378170762507
new_more,1000,DK2 0AC_00026 0 offwind-dc,0.14962099333223744,0.006059175984696674
new_more,1000,DK2 0AC_00027 0 offwind-dc,0.14522355784581353,0.011005140373238248
new_more,1000,DK2 0AC_00028 0 offwind-dc,0.1486811512583538,0.008904878786125763
new_more,1000,DK2 0AC_00031 0 offwind-dc,0.14818630664859023,0.006448917217100037
new_more,1000,DK2 0AC_00032 0 offwind-dc,0.14595765395969018,0.011156554727552835
new_more,1000,GB1 0AC_00037 0 offwind-dc,0.1473267237158009,0.007565315541350545
new_more,1000,GB1 0AC_00112 0 offwind-dc,0.15221160794268196,0.003851745158583994
new_more,1000,GB1 0AC_00127 0 offwind-dc,0.15164786443690226,0.0036199846983339568
new_more,1000,GB1 0AC_00132 0 offwind-dc,0.1522114661000895,0.003559735131907121
new_more,1000,GB1 0AC_00143 0 offwind-dc,0.15122409086621658,0.003744423493951797
new_more,1000,GB1 0AC_00147 0 offwind-dc,0.15049068030502766,0.0030770561902965453
new_more,1000,GB1 0AC_00154 0 offwind-dc,0.1514718502342508,0.003669584306109113
new_more,1000,GB1 0AC_00163 0 offwind-dc,0.15041512833553983,0.0038822714789453986
new_more,1000,GB1 0AC_00176 0 offwind-dc,0.15176015337432902,0.003955881443308795
new_more,1000,GB1 0AC_00200 0 offwind-dc,0.15071492634549877,0.003355181055488046
new_more,1000,GB1 0AC_00202 0 offwind-dc,0.15170522681745358,0.003498285929886086
new_more,1000,GB1 0AC_00203 0 offwind-dc,0.15145444898909088,0.003580038858437741
new_more,1000,GB1 0AC_00206 0 offwind-dc,0.14987775251371394,0.006298579214086727
new_more,1000,GB4 0AC_00003 0 offwind-dc,0.13352725745058192,0.0268418409839448
new_more,1000,GB4 0AC_00010 0 offwind-dc,0.11151663533642275,32.757587049774465
new_more,1000,NL2 0AC_00000 0 offwind-dc,0.13648284914206077,0.019571571393021486
new_more,1000,NL2 0AC_00004 0 offwind-dc,0.11160119129934987,33.6216135170652
new_more,1000,NL2 0AC_00008 0 offwind-dc,0.13930023249402745,0.016369967741320553
new_more,1000,NL2 0AC_00024 0 offwind-dc,0.14753474754173612,0.007712119832388213
new_more,1000,NL2 0AC_00038 0 offwind-dc,0.14947924264556633,0.006917117616853735
new_more,1000,NL2 0AC_00043 0 offwind-dc,0.14730206242102462,0.007311012118058997
new_more,1000,NL2 0AC_00050 0 offwind-dc,0.1329615056199428,0.025593555115304003
new_more,1000,NL2 0AC_00057 0 offwind-dc,0.14532268698736628,0.00902168854133238
new_more,1000,NL2 0AC_00063 0 offwind-dc,0.14507652455454156,0.009826524651019337
new_more,1000,NO0 0AC_00063 0 offwind-dc,0.14910533101996615,0.006534041855879805
new_more,1000,NO0 0AC_00094 0 offwind-dc,0.14450617940941135,0.010516073357591789
new_more,1000,NO0 0AC_00110 0 offwind-dc,0.14769582650399016,0.009463052733247396
new_more,1000,NO0 0AC_00125 0 offwind-dc,0.14828569345789933,0.009580406693308431
new_more,1000,DK2 0AC_00000 0 offwind-float,0.1585226562297467,0.0028773105846747436
new_more,1000,GB1 0AC_00018 0 offwind-float,0.15786428671260033,0.003985320024502904
new_more,1000,GB1 0AC_00021 0 offwind-float,0.1574492845144303,0.003434140614087664
new_more,1000,GB1 0AC_00031 0 offwind-float,0.1582064542547894,0.0039212297848692755
new_more,1000,GB1 0AC_00032 0 offwind-float,0.1573126376314662,0.0032587665163884066
new_more,1000,GB1 0AC_00038 0 offwind-float,0.1591549074130929,0.0029502386528584565
new_more,1000,GB1 0AC_00040 0 offwind-float,0.15890943697937576,0.003371921124645962
new_more,1000,GB1 0AC_00042 0 offwind-float,0.1577290082681848,0.004036742760937145
new_more,1000,GB1 0AC_00056 0 offwind-float,0.15757121839462618,0.003627314650288606
new_more,1000,GB1 0AC_00057 0 offwind-float,0.15909686085397845,0.004054318574812215
new_more,1000,GB1 0AC_00065 0 offwind-float,0.15938806719058085,0.0027827768257661202
new_more,1000,GB1 0AC_00070 0 offwind-float,0.1594321754643867,0.0027369847362456825
new_more,1000,GB1 0AC_00079 0 offwind-float,0.15891961238074315,0.0026634958154819637
new_more,1000,GB1 0AC_00085 0 offwind-float,0.15892346634464083,0.0032955121028383507
new_more,1000,GB1 0AC_00086 0 offwind-float,0.15918069967433135,0.003762416154827192
new_more,1000,GB1 0AC_00104 0 offwind-float,0.16019661359419568,0.0029466172351066944
new_more,1000,GB1 0AC_00108 0 offwind-float,0.159428160301197,0.003600559309096547
new_more,1000,GB1 0AC_00114 0 offwind-float,0.15990434462996594,0.0030921443686811128
new_more,1000,GB1 0AC_00125 0 offwind-float,0.15960160231477982,0.003495568777650518
new_more,1000,GB1 0AC_00128 0 offwind-float,0.15972053530083585,0.00346875850184415
new_more,1000,GB1 0AC_00157 0 offwind-float,0.15837988072858045,0.0030177077215735007
new_more,1000,GB1 0AC_00195 0 offwind-float,0.15818635480466414,0.0030193269982013897
new_more,1000,GB4 0AC_00009 0 offwind-float,0.15867435816258557,0.0042288958715974165
new_more,1000,GB4 0AC_00011 0 offwind-float,0.15834579193390386,0.004387233721348569
new_more,1000,GB4 0AC_00013 0 offwind-float,0.158687139526982,0.004507386375130008
new_more,1000,GB4 0AC_00018 0 offwind-float,0.15570336565487064,0.003890224098013675
new_more,1000,GB4 0AC_00020 0 offwind-float,0.15855123217152445,0.00484177936569438
new_more,1000,GB4 0AC_00021 0 offwind-float,0.15878403938965846,0.0045502399523361416
new_more,1000,GB4 0AC_00029 0 offwind-float,0.15686041301087883,0.005276758428753359
new_more,1000,GB4 0AC_00030 0 offwind-float,0.15914572758826429,0.004718382912324711
new_more,1000,GB4 0AC_00031 0 offwind-float,0.15901770260103687,0.005241172730299983
new_more,1000,GB4 0AC_00032 0 offwind-float,0.15858017732071183,0.005061862273967831
new_more,1000,GB4 0AC_00033 0 offwind-float,0.1581010812028677,0.005276005835803203
new_more,1000,GB4 0AC_00035 0 offwind-float,0.15950131750256025,0.004468937585750009
new_more,1000,GB4 0AC_00051 0 offwind-float,0.1597733632078998,0.0035901051818249072
new_more,1000,GB4 0AC_00061 0 offwind-float,0.159289389649227,0.003417971164416893
new_more,1000,NO0 0AC_00001 0 offwind-float,0.16018401685746775,0.0031874813808500106
new_more,1000,NO0 0AC_00002 0 offwind-float,0.15968517991731934,0.002980034613150314
new_more,1000,NO0 0AC_00006 0 offwind-float,0.1598716442846565,0.002975932746167355
new_more,1000,NO0 0AC_00007 0 offwind-float,0.15991381910010027,0.0029183818332861136
new_more,1000,NO0 0AC_00008 0 offwind-float,0.1576567810856121,0.0027183856369727686
new_more,1000,NO0 0AC_00016 0 offwind-float,0.15982989493962296,0.0029656546196568886
new_more,1000,NO0 0AC_00019 0 offwind-float,0.15986628396608915,0.0029744150285165604
new_more,1000,NO0 0AC_00020 0 offwind-float,0.15982667069665135,0.0029384210690108293
new_more,1000,NO0 0AC_00032 0 offwind-float,0.1594852018709335,0.0029287434983985335
new_more,1000,NO0 0AC_00035 0 offwind-float,0.15947965289812593,0.0029895732781925516
new_more,1000,NO0 0AC_00049 0 offwind-float,0.15802181701521278,0.002767268114288027
new_more,1000,NO0 0AC_00050 0 offwind-float,0.1598174298781675,0.0031814266173640915
new_more,1000,NO0 0AC_00052 0 offwind-float,0.15970486221097702,0.0028616662356688934
new_more,1000,NO0 0AC_00054 0 offwind-float,0.16000845715836298,0.002952494369312934
new_more,1000,NO0 0AC_00055 0 offwind-float,0.1601162272528065,0.002782911385975094
new_more,1000,NO0 0AC_00057 0 offwind-float,0.15902949219328522,0.003035478370506867
new_more,1000,NO0 0AC_00058 0 offwind-float,0.1600702548208578,0.002978002390244657
new_more,1000,NO0 0AC_00059 0 offwind-float,0.15966325820517202,0.0031958771560190056
new_more,1000,NO0 0AC_00060 0 offwind-float,0.15947601421665747,0.0029354664278928412
new_more,1000,NO0 0AC_00064 0 offwind-float,0.15751142228811443,0.002896069771581816
new_more,1000,NO0 0AC_00068 0 offwind-float,0.1582542661974662,0.002647407344927671
new_more,1000,NO0 0AC_00078 0 offwind-float,0.15743130236918312,0.0031437862751033073
new_more,1000,NO0 0AC_00083 0 offwind-float,0.15856609774571573,0.0031427604000711317
new_more,1000,NO0 0AC_00173 0 offwind-float,0.15525538242759473,0.001710777127030591
new_more,1000,DK2 0AC_00051 0 offwind-ac,0.1562578912698046,0.005061133865985538
new_more,1000,DK2 0AC_00057 0 offwind-ac,0.15548590423629371,0.005123303223161098
new_more,1000,DE2 0AC_00010 0 offwind-dc,0.1115886689415001,38.55197195197944
new_more,1000,DE2 0AC_00014 0 offwind-dc,0.11151013778901542,41.22155719505036
new_more,1000,DE2 0AC_00015 0 offwind-dc,0.11160467796565643,39.09381694633277
new_more,1000,DE2 0AC_00016 0 offwind-dc,0.1115124605493999,40.57790503240349
new_more,1000,DE2 0AC_00021 0 offwind-dc,0.11151173246710966,39.90134720956114
new_more,1000,DE2 0AC_00022 0 offwind-dc,0.11152224769685337,35.630626847321686
new_more,1000,DK2 0AC_00008 0 offwind-dc,0.15407157533539706,0.0073951163844530095
new_more,1000,DK2 0AC_00019 0 offwind-dc,0.15356491689147844,0.009893189755112572
new_more,1000,DK2 0AC_00020 0 offwind-dc,0.15582791485036007,0.007580762114886217
new_more,1000,DK2 0AC_00023 0 offwind-dc,0.15462684130499227,0.007167354032012171
new_more,1000,DK2 0AC_00024 0 offwind-dc,0.15336922041778667,0.00995577233107704
new_more,1000,GB1 0AC_00117 0 offwind-dc,0.1573507518473959,0.005113618541422445
new_more,1000,GB1 0AC_00120 0 offwind-dc,0.15612361948744924,0.006393871833776603
new_more,1000,GB1 0AC_00133 0 offwind-dc,0.15703586494965294,0.005211530633935578
new_more,1000,GB1 0AC_00137 0 offwind-dc,0.15666743386525084,0.004609050341630468
new_more,1000,GB1 0AC_00187 0 offwind-dc,0.1568715776969125,0.004793887894445339
new_more,1000,GB1 0AC_00196 0 offwind-dc,0.15778331803958678,0.004590197818831104
new_more,1000,GB1 0AC_00204 0 offwind-dc,0.15706528387082264,0.004252732188755741
new_more,1000,NL2 0AC_00011 0 offwind-dc,0.15212501855658878,0.011996844263533075
new_more,1000,NL2 0AC_00012 0 offwind-dc,0.15162410986967623,0.011499228047328143
new_more,1000,NL2 0AC_00014 0 offwind-dc,0.15251873016372997,0.012143357056532807
new_more,1000,NL2 0AC_00019 0 offwind-dc,0.153357605284675,0.01063258505954037
new_more,1000,NL2 0AC_00020 0 offwind-dc,0.11147048835032802,36.22745986331892
new_more,1000,NL2 0AC_00023 0 offwind-dc,0.1530768465587391,0.011567587077825514
new_more,1000,NL2 0AC_00029 0 offwind-dc,0.15477268372650754,0.010585725055915311
new_more,1000,NL2 0AC_00031 0 offwind-dc,0.15164345298070891,0.013456721672001296
new_more,1000,NL2 0AC_00032 0 offwind-dc,0.15329949301750545,0.011672119320217101
new_more,1000,NL2 0AC_00037 0 offwind-dc,0.11152588319812395,36.52344590417142
new_more,1000,NL2 0AC_00045 0 offwind-dc,0.14827521761789764,0.01566078291299547
new_more,1000,NL2 0AC_00053 0 offwind-dc,0.15283528191052753,0.011026375278098901
new_more,1000,NL2 0AC_00054 0 offwind-dc,0.11150721593020252,38.487784835908364
new_more,1000,NL2 0AC_00056 0 offwind-dc,0.14572444450535005,0.017649422881305478
new_more,1000,NL2 0AC_00064 0 offwind-dc,0.14899451324618407,0.013743415880802697
new_more,1000,GB1 0AC_00035 0 offwind-float,0.16361709708043637,0.004319781478357693
new_more,1000,GB1 0AC_00041 0 offwind-float,0.1631159453006057,0.0047325593921184825
new_more,1000,GB1 0AC_00043 0 offwind-float,0.16336520302904234,0.003934680938362738
new_more,1000,GB1 0AC_00047 0 offwind-float,0.1634582458519278,0.004122375072923545
new_more,1000,GB1 0AC_00048 0 offwind-float,0.1639667325758536,0.004123347358640935
new_more,1000,GB1 0AC_00049 0 offwind-float,0.1647484573272462,0.004033904492117903
new_more,1000,GB1 0AC_00050 0 offwind-float,0.1647078523533223,0.0037374557819276825
new_more,1000,GB1 0AC_00052 0 offwind-float,0.16542752224584334,0.004410447713397337
new_more,1000,GB1 0AC_00053 0 offwind-float,0.16460461156035655,0.004498805818830431
new_more,1000,GB1 0AC_00054 0 offwind-float,0.16446330711484836,0.004169732969496978
new_more,1000,GB1 0AC_00063 0 offwind-float,0.1653415949698357,0.0043874449725005114
new_more,1000,GB1 0AC_00064 0 offwind-float,0.1641846739334989,0.004268923813067898
new_more,1000,GB1 0AC_00066 0 offwind-float,0.16466036813430773,0.003990415358079662
new_more,1000,GB1 0AC_00067 0 offwind-float,0.16439174424528258,0.004290103325230507
new_more,1000,GB1 0AC_00069 0 offwind-float,0.16574743114197354,0.0038235434516364648
new_more,1000,GB1 0AC_00071 0 offwind-float,0.16477285596444757,0.004133407347984735
new_more,1000,GB1 0AC_00072 0 offwind-float,0.16511868681430386,0.004329760879780923
new_more,1000,GB1 0AC_00073 0 offwind-float,0.16482929112707667,0.004289113926172362
new_more,1000,GB1 0AC_00074 0 offwind-float,0.16517167774945585,0.003986007450636298
new_more,1000,GB1 0AC_00075 0 offwind-float,0.1650142443689927,0.0036381001538195535
new_more,1000,GB1 0AC_00076 0 offwind-float,0.1652829896441298,0.004141598402594647
new_more,1000,GB1 0AC_00077 0 offwind-float,0.1649240180507422,0.003882091620301546
new_more,1000,GB1 0AC_00078 0 offwind-float,0.16517066284976623,0.00429830202551205
new_more,1000,GB1 0AC_00080 0 offwind-float,0.16516526634874507,0.004268861029779309
new_more,1000,GB1 0AC_00081 0 offwind-float,0.16550262498615675,0.004232016341936997
new_more,1000,GB1 0AC_00082 0 offwind-float,0.1648566724930075,0.004183196267280184
new_more,1000,GB1 0AC_00084 0 offwind-float,0.16386997997364972,0.003339276348082408
new_more,1000,GB1 0AC_00087 0 offwind-float,0.16331732950857125,0.004051860412037921
new_more,1000,GB1 0AC_00088 0 offwind-float,0.1655418655597708,0.004199055657250608
new_more,1000,GB1 0AC_00089 0 offwind-float,0.16480583183468245,0.0037630037524292365
new_more,1000,GB1 0AC_00098 0 offwind-float,0.16549825019625386,0.0039785351759201735
new_more,1000,GB1 0AC_00099 0 offwind-float,0.16527721026126763,0.004141173429762565
new_more,1000,GB1 0AC_00101 0 offwind-float,0.16514406940547266,0.0039062526124597685
new_more,1000,GB1 0AC_00102 0 offwind-float,0.1649138094012168,0.004153752746104662
new_more,1000,GB1 0AC_00105 0 offwind-float,0.16485625367093393,0.0036439169291389226
new_more,1000,GB1 0AC_00106 0 offwind-float,0.16578344830450253,0.004174905327025938
new_more,1000,GB1 0AC_00107 0 offwind-float,0.16508141718494285,0.004074359549298929
new_more,1000,GB1 0AC_00109 0 offwind-float,0.1653518820547556,0.004091368332796059
new_more,1000,GB1 0AC_00110 0 offwind-float,0.165286559316548,0.0038980125670313045
new_more,1000,GB1 0AC_00113 0 offwind-float,0.1653943801498441,0.004058993637351248
new_more,1000,GB1 0AC_00115 0 offwind-float,0.165319096988631,0.0040307841826426145
new_more,1000,GB1 0AC_00121 0 offwind-float,0.16491145417145459,0.003894494259119056
new_more,1000,GB1 0AC_00123 0 offwind-float,0.1636604891443082,0.003843216605590635
new_more,1000,GB1 0AC_00124 0 offwind-float,0.16467396641083287,0.003938310628177715
new_more,1000,GB1 0AC_00126 0 offwind-float,0.1654733630814027,0.004037926260925294
new_more,1000,GB1 0AC_00131 0 offwind-float,0.1645868426769087,0.003905793688793711
new_more,1000,GB1 0AC_00136 0 offwind-float,0.16543862222604744,0.003987141034192218
new_more,1000,GB1 0AC_00138 0 offwind-float,0.16567390606822197,0.004000288913740673
new_more,1000,GB1 0AC_00139 0 offwind-float,0.16399234537241747,0.003870960254640849
new_more,1000,GB1 0AC_00140 0 offwind-float,0.16546532731614805,0.003942403101955334
new_more,1000,GB1 0AC_00142 0 offwind-float,0.16524551948329125,0.0040227593473637375
new_more,1000,GB1 0AC_00144 0 offwind-float,0.16372322697553754,0.003823072181545232
new_more,1000,GB1 0AC_00149 0 offwind-float,0.1651772851913591,0.003975267721839319
new_more,1000,GB1 0AC_00150 0 offwind-float,0.1654777720616346,0.004004699485724286
new_more,1000,GB1 0AC_00152 0 offwind-float,0.16564118712346354,0.004042703990875076
new_more,1000,GB1 0AC_00153 0 offwind-float,0.16540830067469814,0.003946581753980749
new_more,1000,GB1 0AC_00156 0 offwind-float,0.16582023888739073,0.004104116016862868
new_more,1000,GB1 0AC_00169 0 offwind-float,0.1657722047639092,0.004054824190783535
new_more,1000,GB1 0AC_00172 0 offwind-float,0.165098657834858,0.0038851361764473827
new_more,1000,GB1 0AC_00173 0 offwind-float,0.16481968544978431,0.0039678130227150075
new_more,1000,GB1 0AC_00174 0 offwind-float,0.16512419817607993,0.0038043479579729367
new_more,1000,GB1 0AC_00185 0 offwind-float,0.16360834147240022,0.0035369976941126515
new_more,1000,GB1 0AC_00186 0 offwind-float,0.1645680711890959,0.0037126445359488207
new_more,1000,GB1 0AC_00191 0 offwind-float,0.1636795873503215,0.0036538397233397872
new_more,1000,GB1 0AC_00201 0 offwind-float,0.16533105767876766,0.0038377047199862143
new_more,1000,GB4 0AC_00004 0 offwind-float,0.1609701162249504,0.00310630092546207
new_more,1000,GB4 0AC_00012 0 offwind-float,0.16380700985146357,0.005574028170190454
new_more,1000,GB4 0AC_00022 0 offwind-float,0.1650203608353652,0.005230950503403636
new_more,1000,GB4 0AC_00026 0 offwind-float,0.16287575073813454,0.0052010668627753874
new_more,1000,GB4 0AC_00028 0 offwind-float,0.16391008040420108,0.004893781083199334
new_more,1000,GB4 0AC_00034 0 offwind-float,0.1640589755409465,0.005565949785197396
new_more,1000,GB4 0AC_00036 0 offwind-float,0.16466348010012122,0.0057316151730808645
new_more,1000,GB4 0AC_00038 0 offwind-float,0.16277779566610262,0.005046190864999344
new_more,1000,GB4 0AC_00039 0 offwind-float,0.16394701632450925,0.005288619617274891
new_more,1000,GB4 0AC_00040 0 offwind-float,0.16509371051939825,0.00477117768039245
new_more,1000,GB4 0AC_00041 0 offwind-float,0.16344443319170854,0.00578588100716911
new_more,1000,GB4 0AC_00042 0 offwind-float,0.16344869524505656,0.00504725463407006
new_more,1000,GB4 0AC_00043 0 offwind-float,0.1630044313051099,0.004907113232007298
new_more,1000,GB4 0AC_00044 0 offwind-float,0.16398836040339282,0.004347760062108067
new_more,1000,GB4 0AC_00045 0 offwind-float,0.1650037667550699,0.0056980922043220646
new_more,1000,GB4 0AC_00046 0 offwind-float,0.1628733495937763,0.005102420480838784
new_more,1000,GB4 0AC_00047 0 offwind-float,0.16400340526264212,0.004569425959041677
new_more,1000,GB4 0AC_00048 0 offwind-float,0.16479140889749688,0.004711214157129733
new_more,1000,GB4 0AC_00049 0 offwind-float,0.16399245204825008,0.004813591374301104
new_more,1000,GB4 0AC_00050 0 offwind-float,0.16480332249723262,0.004992693714991008
new_more,1000,GB4 0AC_00052 0 offwind-float,0.16467256964350419,0.004737987833079771
new_more,1000,GB4 0AC_00053 0 offwind-float,0.1639453180538678,0.00498810367704379
new_more,1000,GB4 0AC_00054 0 offwind-float,0.16457463571782527,0.005246908700745939
new_more,1000,GB4 0AC_00055 0 offwind-float,0.16472542321661998,0.004739115967934689
new_more,1000,GB4 0AC_00056 0 offwind-float,0.1634424988591442,0.0041761428755818205
new_more,1000,GB4 0AC_00057 0 offwind-float,0.16422285298440198,0.004776329837368487
new_more,1000,GB4 0AC_00058 0 offwind-float,0.16454663050709795,0.004380660873233085
new_more,1000,GB4 0AC_00059 0 offwind-float,0.16483105735342518,0.0050299736193796865
new_more,1000,GB4 0AC_00060 0 offwind-float,0.1636194435669469,0.004321712214624989
new_more,1000,GB4 0AC_00062 0 offwind-float,0.16433729258978258,0.004532265593764833
new_more,1000,GB4 0AC_00063 0 offwind-float,0.16474940759342416,0.00417994291956711
new_more,1000,GB4 0AC_00064 0 offwind-float,0.16449707374511502,0.004436552318229785
new_more,1000,GB4 0AC_00065 0 offwind-float,0.16560794837962733,0.004182876265881184
new_more,1000,GB4 0AC_00066 0 offwind-float,0.16560342939438855,0.004451278874477253
new_more,1000,GB4 0AC_00067 0 offwind-float,0.1646465955377292,0.004317295640701529
new_more,1000,GB4 0AC_00068 0 offwind-float,0.16565153752760142,0.004709211327544409
new_more,1000,NO0 0AC_00000 0 offwind-float,0.16385327694593244,0.003465275645763597
new_more,1000,NO0 0AC_00003 0 offwind-float,0.16535434318649023,0.0036249990631239378
new_more,1000,NO0 0AC_00005 0 offwind-float,0.16499018136439947,0.0034609250321955237
new_more,1000,NO0 0AC_00009 0 offwind-float,0.16559264724897116,0.0035598214592928758
new_more,1000,NO0 0AC_00010 0 offwind-float,0.1638880106090973,0.003342429794837969
new_more,1000,NO0 0AC_00011 0 offwind-float,0.16559164960526418,0.003665983014704757
new_more,1000,NO0 0AC_00012 0 offwind-float,0.16433043654381785,0.0033530592361756656
new_more,1000,NO0 0AC_00013 0 offwind-float,0.16532439162222112,0.003563000899697586
new_more,1000,NO0 0AC_00014 0 offwind-float,0.16542953346128952,0.0037833320010045145
new_more,1000,NO0 0AC_00015 0 offwind-float,0.1656732003756709,0.0036305741657531605
new_more,1000,NO0 0AC_00017 0 offwind-float,0.16591643009692347,0.003614576862641174
new_more,1000,NO0 0AC_00018 0 offwind-float,0.16494967949831962,0.0035876569451636074
new_more,1000,NO0 0AC_00021 0 offwind-float,0.1654659155893976,0.003601712797203914
new_more,1000,NO0 0AC_00022 0 offwind-float,0.16567341491467302,0.0035578172969473335
new_more,1000,NO0 0AC_00023 0 offwind-float,0.1647734997122996,0.003470500920557169
new_more,1000,NO0 0AC_00024 0 offwind-float,0.16449091359281576,0.003383885666109788
new_more,1000,NO0 0AC_00025 0 offwind-float,0.1652686649848547,0.0035863784307472437
new_more,1000,NO0 0AC_00031 0 offwind-float,0.1662265232999829,0.0036137907955538077
new_more,1000,NO0 0AC_00033 0 offwind-float,0.16434632673183702,0.0033531625498824406
new_more,1000,NO0 0AC_00034 0 offwind-float,0.1649297075681624,0.0034355765909710304
new_more,1000,NO0 0AC_00036 0 offwind-float,0.16478289907007593,0.0034492728882420686
new_more,1000,NO0 0AC_00037 0 offwind-float,0.16442354338009824,0.0034401655715910785
new_more,1000,NO0 0AC_00038 0 offwind-float,0.16384747530410326,0.0031569449381399317
new_more,1000,NO0 0AC_00039 0 offwind-float,0.16433043914998002,0.003442720777447049
new_more,1000,NO0 0AC_00040 0 offwind-float,0.16554133455195585,0.0035264271735476432
new_more,1000,NO0 0AC_00041 0 offwind-float,0.16611106466810133,0.003500608880664921
new_more,1000,NO0 0AC_00042 0 offwind-float,0.1650686854062462,0.0033828806534160014
new_more,1000,NO0 0AC_00043 0 offwind-float,0.16423694305913217,0.0032895397130824765
new_more,1000,NO0 0AC_00044 0 offwind-float,0.1638856507640961,0.0035007457670962567
new_more,1000,NO0 0AC_00045 0 offwind-float,0.16520450797397523,0.003567589560725497
new_more,1000,NO0 0AC_00047 0 offwind-float,0.16399272537833254,0.0032068634966224696
new_more,1000,NO0 0AC_00048 0 offwind-float,0.16585192704748952,0.0036414696165062
new_more,1000,NO0 0AC_00051 0 offwind-float,0.16508328971544672,0.0035247215811319314
new_more,1000,NO0 0AC_00053 0 offwind-float,0.16477944453763504,0.003626813270544797
new_more,1000,NO0 0AC_00056 0 offwind-float,0.16399752300387727,0.0033487061582801406
new_more,1000,NO0 0AC_00061 0 offwind-float,0.16392729336200296,0.003546231399555573
new_more,1000,NO0 0AC_00062 0 offwind-float,0.16385673130691814,0.0035936965322163695
new_more,1000,NO0 0AC_00166 0 offwind-float,0.16250933721901017,0.0016815066933951897
new_more,1000,GB4 0AC_00006 0 offwind-ac,0.1393549303920244,0.02057494457934609
new_more,1000,GB4 0AC_00007 0 offwind-ac,0.13981217280372227,0.02100839144395776
new_more,1000,GB4 0AC_00025 0 offwind-ac,0.17555758811569933,2.0712201942145607
new_more,1000,NO0 0AC_00090 0 offwind-ac,0.1618053955208154,0.0020289981014520557
new_more,1000,NO0 0AC_00106 0 offwind-ac,0.16209675562715897,0.0019760578805118464
new_more,1000,NL2 0AC_00013 0 offwind-dc,0.15446675733012616,0.016814702730208693
new_more,1000,NL2 0AC_00015 0 offwind-dc,0.14083834608270573,0.032543410710287914
new_more,1000,NL2 0AC_00025 0 offwind-dc,0.14931044689328876,0.024048530596655814
new_more,1000,NL2 0AC_00033 0 offwind-dc,0.11151281057625795,35.3735670556141
new_more,1000,NL2 0AC_00035 0 offwind-dc,0.15301306033239825,0.018958652346030613
new_more,1000,NL2 0AC_00036 0 offwind-dc,0.12175519981908844,0.10397465629434272
new_more,1000,NL2 0AC_00040 0 offwind-dc,0.15880696555622087,0.012587846951774853
new_more,1000,NL2 0AC_00042 0 offwind-dc,0.13909911056593638,0.034167722190165326
new_more,1000,NL2 0AC_00044 0 offwind-dc,0.11156024671494769,37.67195171577682
base,10000,BE2 0AC_00000 0 offwind-dc,0.0,0.01920634109374847
base,10000,DE2 0AC_00000 0 offwind-dc,0.0,4042.5604091745336
base,10000,DE2 0AC_00001 0 offwind-dc,0.0,18891.18639905476
base,10000,DE2 0AC_00002 0 offwind-dc,0.0,0.03232950653910102
base,10000,DE2 0AC_00003 0 offwind-dc,0.0,17557.748965238326
base,10000,DK2 0AC_00000 0 offwind-dc,0.0,0.008535700070469918
base,10000,DK2 0AC_00002 0 offwind-dc,0.0,0.008523385020981038
base,10000,DK2 0AC_00003 0 offwind-dc,0.0,664.4521226725552
base,10000,DK2 0AC_00004 0 offwind-dc,0.0,0.00824428049655168
base,10000,FR2 0AC_00000 0 offwind-dc,0.0,0.005109635636882216
base,10000,GB1 0AC_00012 0 offwind-dc,0.0,0.0035325351450329993
base,10000,GB1 0AC_00018 0 offwind-dc,0.0,0.003990231148562293
base,10000,GB1 0AC_00022 0 offwind-dc,0.0,0.003050696883373863
base,10000,GB1 0AC_00023 0 offwind-dc,0.0,0.004334826574407003
base,10000,GB1 0AC_00024 0 offwind-dc,0.0,0.0049807676997158
base,10000,NL2 0AC_00000 0 offwind-dc,0.0,0.018814707585307365
base,10000,NL2 0AC_00001 0 offwind-dc,0.0,0.008032325242440273
base,10000,NL2 0AC_00002 0 offwind-dc,0.0,10722.934482636463
base,10000,NL2 0AC_00004 0 offwind-dc,0.0,0.008965624746297522
base,10000,NL2 0AC_00005 0 offwind-dc,0.0,0.060594178292799346
base,10000,NL2 0AC_00006 0 offwind-dc,0.0,0.010960265738392087
base,10000,NL2 0AC_00007 0 offwind-dc,0.0,0.009586713153921844
base,10000,GB1 0AC_00001 0 offwind-float,0.0,0.0037838003793392704
base,10000,GB1 0AC_00007 0 offwind-float,0.0,0.002043574587292943
base,10000,GB1 0AC_00009 0 offwind-float,0.0,0.004260757343687575
base,10000,GB1 0AC_00010 0 offwind-float,0.0,0.0030713655371335776
base,10000,GB1 0AC_00011 0 offwind-float,0.0,0.004083240992512055
base,10000,GB1 0AC_00013 0 offwind-float,0.0,0.004144888389333773
base,10000,GB1 0AC_00014 0 offwind-float,0.0,0.003914740442539393
base,10000,GB1 0AC_00015 0 offwind-float,0.0,0.0025227630078575327
base,10000,GB1 0AC_00017 0 offwind-float,0.0,0.0037754733098584823
base,10000,GB1 0AC_00019 0 offwind-float,0.0,0.002422691254483506
base,10000,GB1 0AC_00020 0 offwind-float,0.0,0.003744266504956375
base,10000,GB1 0AC_00021 0 offwind-float,0.0,0.0024421633941085143
base,10000,GB4 0AC_00000 0 offwind-float,0.0,0.0033778569624555244
base,10000,GB4 0AC_00001 0 offwind-float,0.0,0.0037382721330444578
base,10000,GB4 0AC_00002 0 offwind-float,0.0,0.004062367086622836
base,10000,GB4 0AC_00003 0 offwind-float,0.0,0.006494944350878191
base,10000,GB4 0AC_00005 0 offwind-float,0.0,0.004863916739963749
base,10000,GB4 0AC_00006 0 offwind-float,0.0,0.006278717505802541
base,10000,GB4 0AC_00007 0 offwind-float,0.0,0.004578292760770731
base,10000,NL2 0AC_00008 0 offwind-float,0.0,0.0013274848117861857
base,10000,NO0 0AC_00000 0 offwind-float,0.0,0.0027958040736124484
base,10000,NO0 0AC_00001 0 offwind-float,0.0,0.0029358212039219075
base,10000,NO0 0AC_00002 0 offwind-float,0.0,0.0030830313175476518
base,10000,NO0 0AC_00003 0 offwind-float,0.0,0.002804339951573296
base,10000,NO0 0AC_00004 0 offwind-float,0.0,0.002690728153095934
base,10000,NO0 0AC_00005 0 offwind-float,0.0,0.002977253696745488
base,10000,NO0 0AC_00006 0 offwind-float,0.0,0.0014803882910268326
base,10000,NO0 0AC_00008 0 offwind-float,0.0,0.00251498290202344
base,10000,NO0 0AC_00009 0 offwind-float,0.0,0.0023930036989387553
base,10000,NO0 0AC_00010 0 offwind-float,0.0,0.001270522767909768
base,10000,NO0 0AC_00012 0 offwind-float,0.0,0.0004231435239914018
base,10000,NO0 0AC_00015 0 offwind-float,0.0,0.0020479447562436488
base,10000,NO0 0AC_00017 0 offwind-float,0.0,0.0016122328059550405
base,10000,NO0 0AC_00020 0 offwind-float,0.0,0.0021439895501337387
base,10000,NO0 0AC_00021 0 offwind-float,0.0,0.0015754984851807144
base,10000,DK2 0AC_00001 0 offwind-ac,0.0,0.003548327218871815
base,10000,DK2 0AC_00005 0 offwind-ac,0.0,0.001429057518943859
base,10000,DK2 0AC_00006 0 offwind-ac,0.0,0.0030988726535515444
base,10000,GB1 0AC_00000 0 offwind-ac,0.0,0.007752971721270514
base,10000,GB1 0AC_00004 0 offwind-ac,0.0,0.0029419966499018525
base,10000,GB1 0AC_00008 0 offwind-ac,0.0,0.00358580558204209
base,10000,GB4 0AC_00004 0 offwind-ac,0.0,100.85570610585403
base,10000,NL2 0AC_00003 0 offwind-ac,0.0,0.002506555864016488
standard,10000,DK2 0AC_00001 0 offwind-ac,0.1145225464333226,0.003264970105389052
standard,10000,DK2 0AC_00005 0 offwind-ac,0.11460376106794545,0.0018356548978693907
standard,10000,DK2 0AC_00006 0 offwind-ac,0.11456015383884333,0.002778034145222387
standard,10000,GB1 0AC_00000 0 offwind-ac,0.11455427582937461,0.003763170087096796
standard,10000,GB1 0AC_00004 0 offwind-ac,0.11455880304212784,0.0024458296717605604
standard,10000,GB1 0AC_00008 0 offwind-ac,0.11458426934811383,0.002712429308099783
standard,10000,GB4 0AC_00004 0 offwind-ac,0.11456281185968509,100.85542190667162
standard,10000,NL2 0AC_00003 0 offwind-ac,0.11452751830643415,0.0022271779464906874
standard,10000,GB1 0AC_00001 0 offwind-float,0.11456583491897265,0.0025456396911828004
standard,10000,GB1 0AC_00007 0 offwind-float,0.11452462349265446,0.0017602550323153692
standard,10000,GB1 0AC_00009 0 offwind-float,0.11449999999999994,0.0027410188480964477
standard,10000,GB1 0AC_00010 0 offwind-float,0.11452276464394173,0.0022483606221361816
standard,10000,GB1 0AC_00011 0 offwind-float,0.11452184575833779,0.0027101773264254377
standard,10000,GB1 0AC_00013 0 offwind-float,0.11452235859613202,0.0027190988755180986
standard,10000,GB1 0AC_00014 0 offwind-float,0.11453432923753415,0.0026713250010602253
standard,10000,GB1 0AC_00015 0 offwind-float,0.1145457968799175,0.0019849815750846945
standard,10000,GB1 0AC_00017 0 offwind-float,0.11452292659316354,0.0025839354699955064
standard,10000,GB1 0AC_00019 0 offwind-float,0.11452242276727087,0.0019628742735751086
standard,10000,GB1 0AC_00020 0 offwind-float,0.1145452208190696,0.002629142573413917
standard,10000,GB1 0AC_00021 0 offwind-float,0.11450000000000005,0.001980118559234545
standard,10000,GB4 0AC_00000 0 offwind-float,0.1145326595077577,0.002501115974222121
standard,10000,GB4 0AC_00001 0 offwind-float,0.11453259830128792,0.002520687339465707
standard,10000,GB4 0AC_00002 0 offwind-float,0.11454566669199295,0.002828987235683633
standard,10000,GB4 0AC_00003 0 offwind-float,0.11451096772659752,0.003633094813168182
standard,10000,GB4 0AC_00005 0 offwind-float,0.11454387827833978,0.0031318894462240014
standard,10000,GB4 0AC_00006 0 offwind-float,0.11451137634863473,0.003579364336554907
standard,10000,GB4 0AC_00007 0 offwind-float,0.11458169538939944,0.0030786160379212015
standard,10000,NL2 0AC_00008 0 offwind-float,0.11454200429308714,0.001303500086585476
standard,10000,NO0 0AC_00000 0 offwind-float,0.11455723261288209,0.002106014217756047
standard,10000,NO0 0AC_00001 0 offwind-float,0.11449999999999982,0.002204855165531171
standard,10000,NO0 0AC_00002 0 offwind-float,0.11454850925594895,0.002299834709504713
standard,10000,NO0 0AC_00003 0 offwind-float,0.11454848263237638,0.002129186590856675
standard,10000,NO0 0AC_00004 0 offwind-float,0.11453429192368114,0.0020747154923417234
standard,10000,NO0 0AC_00005 0 offwind-float,0.1145449318859394,0.002207437932512723
standard,10000,NO0 0AC_00006 0 offwind-float,0.11457858855194147,0.0014179266772645807
standard,10000,NO0 0AC_00008 0 offwind-float,0.11454453033771128,0.0020268523307906293
standard,10000,NO0 0AC_00009 0 offwind-float,0.11456461992947242,0.0020621980304800403
standard,10000,NO0 0AC_00010 0 offwind-float,0.1145838213714856,0.001270149890550377
standard,10000,NO0 0AC_00012 0 offwind-float,0.1150720298449035,0.0006529605843838313
standard,10000,NO0 0AC_00015 0 offwind-float,0.1145411756054745,0.0018092797307927206
standard,10000,NO0 0AC_00017 0 offwind-float,0.11454430482930456,0.0015765795870186447
standard,10000,NO0 0AC_00020 0 offwind-float,0.11449999999999994,0.0018812354824471454
standard,10000,NO0 0AC_00021 0 offwind-float,0.11454964797363665,0.0015383723338750549
standard,10000,BE2 0AC_00000 0 offwind-dc,0.11453403834307163,0.005294115079713136
standard,10000,DE2 0AC_00000 0 offwind-dc,0.11454478453498951,4042.560213587125
standard,10000,DE2 0AC_00001 0 offwind-dc,0.11452148187572353,0.02455025547015303
standard,10000,DE2 0AC_00002 0 offwind-dc,0.1145654539433466,0.009211893625712102
standard,10000,DE2 0AC_00003 0 offwind-dc,0.11455505215736184,17557.74233901846
standard,10000,DK2 0AC_00000 0 offwind-dc,0.11451165611277614,0.004889022385944997
standard,10000,DK2 0AC_00002 0 offwind-dc,0.11452210987622558,0.005240937634500629
standard,10000,DK2 0AC_00003 0 offwind-dc,0.11454094491461952,0.005814378878706522
standard,10000,DK2 0AC_00004 0 offwind-dc,0.11453177634848255,0.005056802734039828
standard,10000,FR2 0AC_00000 0 offwind-dc,0.11456687869808324,0.003489069697777252
standard,10000,GB1 0AC_00012 0 offwind-dc,0.11457982089548113,0.002690493642456796
standard,10000,GB1 0AC_00018 0 offwind-dc,0.11453423502974258,0.0029000778007385463
standard,10000,GB1 0AC_00022 0 offwind-dc,0.11452138646599885,0.0024508224505956234
standard,10000,GB1 0AC_00023 0 offwind-dc,0.11457792351286056,0.0030143996893504084
standard,10000,GB1 0AC_00024 0 offwind-dc,0.11449999999999994,0.003209482150775789
standard,10000,NL2 0AC_00000 0 offwind-dc,0.11449999999999971,0.008760363299308193
standard,10000,NL2 0AC_00001 0 offwind-dc,0.11451106941010103,0.004615748300095644
standard,10000,NL2 0AC_00002 0 offwind-dc,0.11452310187253101,0.016629315081373736
standard,10000,NL2 0AC_00004 0 offwind-dc,0.11454354156058488,0.005441573266120125
standard,10000,NL2 0AC_00005 0 offwind-dc,0.1145566221910056,0.014852941084507304
standard,10000,NL2 0AC_00006 0 offwind-dc,0.11450000000000016,0.007153369943639526
standard,10000,NL2 0AC_00007 0 offwind-dc,0.11452267784482073,0.0060615765059978954
glaum,10000,BE2 0AC_00000 0 offwind-dc,0.09401144592514865,0.009549168749033667
glaum,10000,FR2 0AC_00000 0 offwind-dc,0.09404448629439333,0.003546800471442517
glaum,10000,GB1 0AC_00022 0 offwind-dc,0.09402188157898905,0.002381573779783372
glaum,10000,DK2 0AC_00005 0 offwind-ac,0.09409238236429773,0.0015191112996945943
glaum,10000,GB4 0AC_00004 0 offwind-ac,0.09406426600211704,100.8557453807392
glaum,10000,NL2 0AC_00003 0 offwind-ac,0.09402815537620468,0.002042195676721086
glaum,10000,GB4 0AC_00001 0 offwind-float,0.09402178559285101,0.002219876926375115
glaum,10000,NL2 0AC_00008 0 offwind-float,0.09404297672449113,0.0008586017012623716
glaum,10000,NO0 0AC_00012 0 offwind-float,0.09454162837441404,0.0004211092742399756
glaum,10000,DE2 0AC_00000 0 offwind-dc,0.09403448469053277,2000.0124675551554
glaum,10000,DE2 0AC_00002 0 offwind-dc,0.09406716003676963,2000.0013511216753
glaum,10000,DK2 0AC_00000 0 offwind-dc,0.13636970345557875,0.008032664634083916
glaum,10000,DK2 0AC_00003 0 offwind-dc,0.11907420835404059,0.013285359952373852
glaum,10000,GB1 0AC_00012 0 offwind-dc,0.14711701437645264,0.0041710778838355955
glaum,10000,GB1 0AC_00024 0 offwind-dc,0.1462126495722822,0.004934499294085185
glaum,10000,NL2 0AC_00001 0 offwind-dc,0.12732117016110778,0.00845433350520414
glaum,10000,NL2 0AC_00004 0 offwind-dc,0.13303319490125742,0.009418456955779864
glaum,10000,NL2 0AC_00006 0 offwind-dc,0.11598951341787311,0.01815454477154124
glaum,10000,NL2 0AC_00007 0 offwind-dc,0.12728043827697344,0.01113674553710639
glaum,10000,DK2 0AC_00001 0 offwind-ac,0.14420501471152758,0.005405458129700431
glaum,10000,DK2 0AC_00006 0 offwind-ac,0.14024934375480413,0.004706053704299286
glaum,10000,GB1 0AC_00000 0 offwind-ac,0.14189876670254764,0.005695855948649384
glaum,10000,GB1 0AC_00004 0 offwind-ac,0.14369414769279598,0.004113854838467613
glaum,10000,GB1 0AC_00008 0 offwind-ac,0.1474620235892954,0.0041869975124802375
glaum,10000,GB4 0AC_00000 0 offwind-float,0.14843468301963147,0.0036696687646163746
glaum,10000,NO0 0AC_00006 0 offwind-float,0.15051762156598036,0.0023367161440315757
glaum,10000,NO0 0AC_00010 0 offwind-float,0.1497958174144719,0.0020990476226276458
glaum,10000,NO0 0AC_00015 0 offwind-float,0.15121805164994762,0.002899015222232461
glaum,10000,NO0 0AC_00017 0 offwind-float,0.14705776821075656,0.002505769457975545
glaum,10000,NO0 0AC_00020 0 offwind-float,0.14967540939888624,0.0029766475772238232
glaum,10000,NO0 0AC_00021 0 offwind-float,0.1475191195325617,0.0024490455235034563
glaum,10000,DE2 0AC_00001 0 offwind-dc,0.09402260559074493,2000.007771155532
glaum,10000,DE2 0AC_00003 0 offwind-dc,0.09404532018999534,2000.0098131958966
glaum,10000,DK2 0AC_00002 0 offwind-dc,0.17677716641461627,0.009910635879708283
glaum,10000,DK2 0AC_00004 0 offwind-dc,0.1749295828711116,0.009858432717168557
glaum,10000,GB1 0AC_00018 0 offwind-dc,0.19032841277024515,0.005758289690088361
glaum,10000,GB1 0AC_00023 0 offwind-dc,0.18790100244773822,0.005862290627900169
glaum,10000,NL2 0AC_00000 0 offwind-dc,0.15190521632284348,0.017384656444648542
glaum,10000,NL2 0AC_00002 0 offwind-dc,0.09402415716438384,2000.0063428083265
glaum,10000,NL2 0AC_00005 0 offwind-dc,0.09404640958104482,2000.000131687141
glaum,10000,GB1 0AC_00001 0 offwind-float,0.19802893097665686,0.004879551392030716
glaum,10000,GB1 0AC_00007 0 offwind-float,0.2001486492221919,0.0036901138245901254
glaum,10000,GB1 0AC_00009 0 offwind-float,0.20569431464648125,0.005162324790888517
glaum,10000,GB1 0AC_00010 0 offwind-float,0.19947292236946312,0.0044958420937973986
glaum,10000,GB1 0AC_00011 0 offwind-float,0.21041356418471813,0.00497153167211121
glaum,10000,GB1 0AC_00013 0 offwind-float,0.20813859848701244,0.00501981843955193
glaum,10000,GB1 0AC_00014 0 offwind-float,0.21342241724670674,0.004946234520164832
glaum,10000,GB1 0AC_00015 0 offwind-float,0.2082458239459557,0.00405041544744266
glaum,10000,GB1 0AC_00017 0 offwind-float,0.2097562079314651,0.0048000021355045445
glaum,10000,GB1 0AC_00019 0 offwind-float,0.20031386233237525,0.004019979342209589
glaum,10000,GB1 0AC_00020 0 offwind-float,0.21451896344296761,0.004883805558083524
glaum,10000,GB1 0AC_00021 0 offwind-float,0.19817333185757524,0.0040382126427059425
glaum,10000,GB4 0AC_00002 0 offwind-float,0.20598551840750745,0.004998248203166167
glaum,10000,GB4 0AC_00003 0 offwind-float,0.19913265852028128,0.006057819723651133
glaum,10000,GB4 0AC_00005 0 offwind-float,0.20024559975228462,0.0054277922405664165
glaum,10000,GB4 0AC_00006 0 offwind-float,0.19880035696798704,0.00600857748630263
glaum,10000,GB4 0AC_00007 0 offwind-float,0.2065742223212873,0.005297371395910022
glaum,10000,NO0 0AC_00000 0 offwind-float,0.20901665209345333,0.004307027902558457
glaum,10000,NO0 0AC_00001 0 offwind-float,0.21124493600769512,0.00442092691187362
glaum,10000,NO0 0AC_00002 0 offwind-float,0.2119996188589356,0.0044938605356531075
glaum,10000,NO0 0AC_00003 0 offwind-float,0.2105045311777125,0.004253868768983972
glaum,10000,NO0 0AC_00004 0 offwind-float,0.20616089502246449,0.004310675781077623
glaum,10000,NO0 0AC_00005 0 offwind-float,0.21244338278658237,0.004439097669803019
glaum,10000,NO0 0AC_00008 0 offwind-float,0.20345585306455405,0.004233553037603609
glaum,10000,NO0 0AC_00009 0 offwind-float,0.19397377030875373,0.00414485136812867
new_more,10000,NL2 0AC_00003 0 offwind-ac,0.1114753748947509,0.0015310831513792062
new_more,10000,NL2 0AC_00008 0 offwind-float,0.1114899108132873,0.0007169607524258396
new_more,10000,DK2 0AC_00005 0 offwind-ac,0.1311477261054559,0.0021589666969827246
new_more,10000,DK2 0AC_00006 0 offwind-ac,0.13381717346190525,0.0036382117646665308
new_more,10000,GB1 0AC_00004 0 offwind-ac,0.133466437242871,0.0030895938637927438
new_more,10000,NO0 0AC_00006 0 offwind-float,0.13608722869271983,0.0018139542413917347
new_more,10000,NO0 0AC_00010 0 offwind-float,0.13560425509926322,0.0016082547521045491
new_more,10000,NO0 0AC_00012 0 offwind-float,0.1316508864659388,0.0006632287075492133
new_more,10000,NO0 0AC_00017 0 offwind-float,0.1350252946904995,0.00191803537993576
new_more,10000,NO0 0AC_00020 0 offwind-float,0.13586249751051227,0.0023678283648331327
new_more,10000,NO0 0AC_00021 0 offwind-float,0.13515422559636314,0.0018557891590087815
new_more,10000,BE2 0AC_00000 0 offwind-dc,0.1288879523750205,0.007344190582117826
new_more,10000,DE2 0AC_00002 0 offwind-dc,0.115660669855287,0.057571967304657155
new_more,10000,DK2 0AC_00003 0 offwind-dc,0.1297967695616562,0.008377366046181228
new_more,10000,FR2 0AC_00000 0 offwind-dc,0.13008852206831134,0.003920609475646094
new_more,10000,GB1 0AC_00012 0 offwind-dc,0.13540197235157236,0.0034339981281367293
new_more,10000,GB1 0AC_00022 0 offwind-dc,0.13299291783803746,0.0031005799463478916
new_more,10000,GB1 0AC_00024 0 offwind-dc,0.13553868349255294,0.004107130619354221
new_more,10000,NL2 0AC_00001 0 offwind-dc,0.13133137501260317,0.006435693502510586
new_more,10000,DK2 0AC_00001 0 offwind-ac,0.14214648274071917,0.005914611583446099
new_more,10000,GB1 0AC_00000 0 offwind-ac,0.1427617002408368,0.0063147705442126644
new_more,10000,GB1 0AC_00008 0 offwind-ac,0.14278203118656307,0.004619346347316537
new_more,10000,GB4 0AC_00004 0 offwind-ac,0.15595684938098409,100.8556014451776
new_more,10000,GB1 0AC_00007 0 offwind-float,0.14599344312380313,0.003291727740487915
new_more,10000,NO0 0AC_00009 0 offwind-float,0.14518689784971783,0.003630965375915185
new_more,10000,NO0 0AC_00015 0 offwind-float,0.14416164928779884,0.0032196476374817006
new_more,10000,DE2 0AC_00000 0 offwind-dc,0.15498518189177501,4042.5600523643498
new_more,10000,DE2 0AC_00001 0 offwind-dc,0.11147151484958984,522.1413950968729
new_more,10000,DK2 0AC_00000 0 offwind-dc,0.14237777882282243,0.008639027981860349
new_more,10000,DK2 0AC_00004 0 offwind-dc,0.14370940515086528,0.00943340883932339
new_more,10000,GB1 0AC_00018 0 offwind-dc,0.1450143447698894,0.005316530240829505
new_more,10000,GB1 0AC_00023 0 offwind-dc,0.14486897013581723,0.005383544243914948
new_more,10000,NL2 0AC_00004 0 offwind-dc,0.14183054129475692,0.009990076626672279
new_more,10000,NL2 0AC_00006 0 offwind-dc,0.1371749460652042,0.015095860626577251
new_more,10000,NL2 0AC_00007 0 offwind-dc,0.13982418875979175,0.011566234651153296
new_more,10000,GB1 0AC_00001 0 offwind-float,0.15215589148510178,0.005731699760200782
new_more,10000,GB1 0AC_00010 0 offwind-float,0.151988463108791,0.00512020631845313
new_more,10000,GB1 0AC_00015 0 offwind-float,0.1532806222841493,0.004773244211879
new_more,10000,GB1 0AC_00019 0 offwind-float,0.15108809612744412,0.0045241082785962275
new_more,10000,GB1 0AC_00021 0 offwind-float,0.15173737351850147,0.0045889364081505134
new_more,10000,GB4 0AC_00000 0 offwind-float,0.1508612982997667,0.005254001411855489
new_more,10000,NO0 0AC_00008 0 offwind-float,0.15219800123848215,0.0046987658857679335
new_more,10000,DE2 0AC_00003 0 offwind-dc,0.15116990538403685,6226.627770472884
new_more,10000,DK2 0AC_00002 0 offwind-dc,0.1499254991884178,0.011719078093326668
new_more,10000,NL2 0AC_00002 0 offwind-dc,0.11392807829491969,0.3972729295422724
new_more,10000,GB1 0AC_00009 0 offwind-float,0.15911565187948984,0.007369157191296498
new_more,10000,GB4 0AC_00003 0 offwind-float,0.15827859015399803,0.008953462515285048
new_more,10000,GB4 0AC_00006 0 offwind-float,0.15879165241160997,0.008813144190405369
new_more,10000,NO0 0AC_00000 0 offwind-float,0.1593367118891127,0.005875216369521891
new_more,10000,NO0 0AC_00004 0 offwind-float,0.15833337823718585,0.005820171354926599
new_more,10000,NL2 0AC_00000 0 offwind-dc,0.1523619770428022,0.021664066342468067
new_more,10000,NL2 0AC_00005 0 offwind-dc,0.1397116409285406,0.04528436370099268
new_more,10000,GB1 0AC_00011 0 offwind-float,0.16507737519617594,0.008194575929470456
new_more,10000,GB1 0AC_00013 0 offwind-float,0.16435819489759496,0.008247725585424134
new_more,10000,GB1 0AC_00014 0 offwind-float,0.16536805427960755,0.008111185819893878
new_more,10000,GB1 0AC_00017 0 offwind-float,0.16470477127708594,0.007852384933387913
new_more,10000,GB1 0AC_00020 0 offwind-float,0.16529066178348228,0.008019438522599263
new_more,10000,GB4 0AC_00001 0 offwind-float,0.16208525840799703,0.007792295458554412
new_more,10000,GB4 0AC_00002 0 offwind-float,0.16406167445169584,0.008188464828830818
new_more,10000,GB4 0AC_00005 0 offwind-float,0.163964654977505,0.008915757497398574
new_more,10000,GB4 0AC_00007 0 offwind-float,0.16471857359695063,0.008778057286511933
new_more,10000,NO0 0AC_00001 0 offwind-float,0.1644279563354284,0.0069088941656669095
new_more,10000,NO0 0AC_00002 0 offwind-float,0.1650814912128573,0.007069289262284649
new_more,10000,NO0 0AC_00003 0 offwind-float,0.16404439534650517,0.006546128884964714
new_more,10000,NO0 0AC_00005 0 offwind-float,0.16496332456949037,0.006955546487239151
base,100000,GB1 0AC_00000 0 offwind-float,0.0,0.005783598119361846
base,100000,GB1 0AC_00001 0 offwind-float,0.0,0.004896114170320099
base,100000,GB4 0AC_00000 0 offwind-float,0.0,0.007600686453053166
base,100000,GB4 0AC_00001 0 offwind-float,0.0,0.004334720998926741
base,100000,NL2 0AC_00001 0 offwind-float,0.0,0.0014422046806909583
base,100000,NO0 0AC_00000 0 offwind-float,0.0,0.004270119504234354
base,100000,NO0 0AC_00002 0 offwind-float,0.0,0.002448557319337966
base,100000,NO0 0AC_00004 0 offwind-float,0.0,0.0007307748387111038
base,100000,NO0 0AC_00005 0 offwind-float,0.0,0.0006441776346330679
base,100000,NO0 0AC_00006 0 offwind-float,0.0,0.0006612652687341699
base,100000,NO0 0AC_00007 0 offwind-float,0.0,0.0005096302935731534
base,100000,NO0 0AC_00011 0 offwind-float,0.0,0.00041311148987034673
base,100000,BE2 0AC_00000 0 offwind-dc,0.0,81.04391816134074
base,100000,DE2 0AC_00000 0 offwind-dc,0.0,42871.32090115638
base,100000,DK2 0AC_00000 0 offwind-dc,0.0,0.016921416679479696
base,100000,FR2 0AC_00000 0 offwind-dc,0.0,0.007931928614467858
base,100000,NL2 0AC_00000 0 offwind-dc,0.0,2188.6951194941
base,100000,GB4 0AC_00002 0 offwind-ac,0.0,100.85561207161346
standard,100000,BE2 0AC_00000 0 offwind-dc,0.11453403834307163,0.004762327179589983
standard,100000,DE2 0AC_00000 0 offwind-dc,0.11450000000000016,21493.748572906206
standard,100000,DK2 0AC_00000 0 offwind-dc,0.11450000000000005,0.006291923195070573
standard,100000,FR2 0AC_00000 0 offwind-dc,0.11456687869808324,0.0025027063494488513
standard,100000,NL2 0AC_00000 0 offwind-dc,0.11452220815564718,0.01310140150420709
standard,100000,GB4 0AC_00002 0 offwind-ac,0.11456281185968509,100.85563803061771
standard,100000,GB1 0AC_00000 0 offwind-float,0.11451152601786796,0.0031439928143194924
standard,100000,GB1 0AC_00001 0 offwind-float,0.1145119443006748,0.00289974231365728
standard,100000,GB4 0AC_00000 0 offwind-float,0.1145446250417238,0.0037615540151992345
standard,100000,GB4 0AC_00001 0 offwind-float,0.11453259830128792,0.0020037748220739214
standard,100000,NL2 0AC_00001 0 offwind-float,0.11454200429308714,0.0009356463896896402
standard,100000,NO0 0AC_00000 0 offwind-float,0.11451097845649516,0.0027692980293358405
standard,100000,NO0 0AC_00002 0 offwind-float,0.11452128244778037,0.0019262471395567122
standard,100000,NO0 0AC_00004 0 offwind-float,0.11480414181343002,0.0005187980274003814
standard,100000,NO0 0AC_00005 0 offwind-float,0.11502096694091701,0.0004859489302791247
standard,100000,NO0 0AC_00006 0 offwind-float,0.11544962989689289,0.000510894157101674
standard,100000,NO0 0AC_00007 0 offwind-float,0.11495959052600435,0.0004485335696896759
standard,100000,NO0 0AC_00011 0 offwind-float,0.11649797190377975,0.00031041320468971857
glaum,100000,GB4 0AC_00001 0 offwind-float,0.09402178559285101,0.002520080917974937
glaum,100000,NL2 0AC_00001 0 offwind-float,0.09404297672449113,0.0010275432264964903
glaum,100000,NO0 0AC_00004 0 offwind-float,0.09419527681326856,0.0005910263028824419
glaum,100000,NO0 0AC_00005 0 offwind-float,0.09445726860336956,0.0005050858811806962
glaum,100000,NO0 0AC_00006 0 offwind-float,0.09457767291122865,0.0005364104039269465
glaum,100000,NO0 0AC_00007 0 offwind-float,0.09422910415300001,0.0004238004909673702
glaum,100000,NO0 0AC_00011 0 offwind-float,0.09561441305568019,0.00022644161096692294
glaum,100000,GB4 0AC_00002 0 offwind-ac,0.09406426600211704,100.85555552757774
glaum,100000,BE2 0AC_00000 0 offwind-dc,0.09401144592514865,0.013867611741309994
glaum,100000,FR2 0AC_00000 0 offwind-dc,0.09404448629439333,0.004052839310600455
glaum,100000,GB1 0AC_00000 0 offwind-float,0.2276456425259067,0.006012489384439924
glaum,100000,GB1 0AC_00001 0 offwind-float,0.22895040736065142,0.005636936182312662
glaum,100000,GB4 0AC_00000 0 offwind-float,0.22203448921766966,0.006754380606151933
glaum,100000,NO0 0AC_00000 0 offwind-float,0.2300975939756228,0.005512389700272036
glaum,100000,NO0 0AC_00002 0 offwind-float,0.2031981359650027,0.004330336006890749
glaum,100000,DE2 0AC_00000 0 offwind-dc,0.09400095528238162,2000.0115966094993
glaum,100000,DK2 0AC_00000 0 offwind-dc,0.1872631014658488,0.0121324699987864
glaum,100000,NL2 0AC_00000 0 offwind-dc,0.10984827359804661,0.10201206074019056
new_more,100000,NL2 0AC_00001 0 offwind-float,0.1114899108132873,0.0015328279696071197
new_more,100000,NO0 0AC_00002 0 offwind-float,0.1301656736914779,0.0028273976713785497
new_more,100000,NO0 0AC_00004 0 offwind-float,0.13240962266327438,0.001745755558764822
new_more,100000,NO0 0AC_00005 0 offwind-float,0.13189819838398764,0.0015915230011412196
new_more,100000,NO0 0AC_00006 0 offwind-float,0.13338180544828127,0.0015203894132290383
new_more,100000,NO0 0AC_00007 0 offwind-float,0.13263590135619896,0.0012501400731872417
new_more,100000,NO0 0AC_00011 0 offwind-float,0.13480283511453284,0.0007969572515292439
new_more,100000,BE2 0AC_00000 0 offwind-dc,0.12456030068858093,0.015543388833320567
new_more,100000,FR2 0AC_00000 0 offwind-dc,0.12840388402972047,0.008388277249691803
new_more,100000,GB1 0AC_00001 0 offwind-float,0.14394847831019564,0.004777043560114417
new_more,100000,GB4 0AC_00002 0 offwind-ac,0.15595750130598818,100.84974487301827
new_more,100000,DE2 0AC_00000 0 offwind-dc,0.14349295531147932,6069.652006982253
new_more,100000,DK2 0AC_00000 0 offwind-dc,0.13816632314411148,0.010675170415410159
new_more,100000,NL2 0AC_00000 0 offwind-dc,0.1371618586876644,0.031551093604924654
new_more,100000,GB1 0AC_00000 0 offwind-float,0.15648398674743802,0.008536781826123692
new_more,100000,GB4 0AC_00000 0 offwind-float,0.15583107073045854,0.009266659738705144
new_more,100000,NO0 0AC_00000 0 offwind-float,0.15725870576567103,0.008092778999336263
new_more,100000,GB4 0AC_00001 0 offwind-float,0.16485969334870676,0.014352860001460072
