scenario,split,region,wake_loss,weight
base,100000,GB4 0AC_00002 0 offwind-ac,0.0,100.85552819304199
base,100000,GB1 0AC_00000 0 offwind-float,0.0,0.005754252098105566
base,100000,GB1 0AC_00004 0 offwind-float,0.0,0.005215942701223692
base,100000,GB4 0AC_00000 0 offwind-float,0.0,0.007618148917889184
base,100000,GB4 0AC_00001 0 offwind-float,0.0,0.004112260549429971
base,100000,NL2 0AC_00001 0 offwind-float,0.0,0.0013752375508670467
base,100000,NO0 0AC_00000 0 offwind-float,0.0,0.004198642535287157
base,100000,NO0 0AC_00001 0 offwind-float,0.0,0.003280890065458191
base,100000,NO0 0AC_00003 0 offwind-float,0.0,0.002201984009804609
base,100000,BE2 0AC_00000 0 offwind-dc,0.0,81.1340139552664
base,100000,DE2 0AC_00000 0 offwind-dc,0.0,42871.32140256382
base,100000,DK2 0AC_00000 0 offwind-dc,0.0,0.015798866406723823
base,100000,FR2 0AC_00000 0 offwind-dc,0.0,0.009384419582060507
base,100000,GB1 0AC_00001 0 offwind-dc,0.0,0.005841317921109448
base,100000,NL2 0AC_00000 0 offwind-dc,0.0,2188.0065960013026
standard,100000,GB1 0AC_00000 0 offwind-float,0.11451107704452268,0.003587663246469652
standard,100000,GB1 0AC_00004 0 offwind-float,0.114522523362653,0.0033391956259362396
standard,100000,GB4 0AC_00000 0 offwind-float,0.1145446250417238,0.004138871969547116
standard,100000,GB4 0AC_00001 0 offwind-float,0.11453259830128792,0.0026013112322044265
standard,100000,NL2 0AC_00001 0 offwind-float,0.11454200429308714,0.0012948689998434387
standard,100000,NO0 0AC_00000 0 offwind-float,0.1145232022602437,0.003034574811111601
standard,100000,NO0 0AC_00001 0 offwind-float,0.11452220944119929,0.002385156267844953
standard,100000,NO0 0AC_00003 0 offwind-float,0.11453346938330067,0.0015192308252274574
standard,100000,BE2 0AC_00000 0 offwind-dc,0.11453403834307163,0.006083815348372357
standard,100000,DE2 0AC_00000 0 offwind-dc,0.11450000000000016,21493.793617519754
standard,100000,DK2 0AC_00000 0 offwind-dc,0.11450000000000005,0.00573585038395703
standard,100000,FR2 0AC_00000 0 offwind-dc,0.11456687869808324,0.004061757852255031
standard,100000,GB1 0AC_00001 0 offwind-dc,0.11450000000000005,0.00323081719999412
standard,100000,NL2 0AC_00000 0 offwind-dc,0.11452220815564718,0.011802718270763932
standard,100000,GB4 0AC_00002 0 offwind-ac,0.11456281185968509,100.8550983543834
glaum,100000,GB4 0AC_00001 0 offwind-float,0.09402178559285101,0.002725270700023668
glaum,100000,NL2 0AC_00001 0 offwind-float,0.09404297672449113,0.001226394312307646
glaum,100000,BE2 0AC_00000 0 offwind-dc,0.09401144592514865,0.009034944037709833
glaum,100000,FR2 0AC_00000 0 offwind-dc,0.09404448629439333,0.0032219293942276116
glaum,100000,GB4 0AC_00002 0 offwind-ac,0.09406426600211704,100.85546682678401
glaum,100000,NO0 0AC_00003 0 offwind-float,0.1524946647818397,0.001893270498455517
glaum,100000,GB1 0AC_00000 0 offwind-float,0.2288497001133648,0.0040183012098906085
glaum,100000,GB1 0AC_00004 0 offwind-float,0.22996869057383762,0.0037964123957489283
glaum,100000,GB4 0AC_00000 0 offwind-float,0.22468106113787456,0.004384999191224606
glaum,100000,NO0 0AC_00000 0 offwind-float,0.222495248672133,0.003287546701107029
glaum,100000,NO0 0AC_00001 0 offwind-float,0.2260243690222592,0.0035139269879677333
glaum,100000,DE2 0AC_00000 0 offwind-dc,0.09400058531210453,2000.00713329349
glaum,100000,DK2 0AC_00000 0 offwind-dc,0.1894004516292489,0.007522627886813094
glaum,100000,GB1 0AC_00001 0 offwind-dc,0.21340783857720802,0.0048388861002552986
glaum,100000,NL2 0AC_00000 0 offwind-dc,0.11143053547765114,0.061437119905616004
new_more,100000,NL2 0AC_00001 0 offwind-float,0.11148991081328719,0.001342494080754477
new_more,100000,BE2 0AC_00000 0 offwind-dc,0.12751222122715544,0.00887582614864933
new_more,100000,FR2 0AC_00000 0 offwind-dc,0.12874203447365729,0.004936396916090765
new_more,100000,NO0 0AC_00003 0 offwind-float,0.13682697273092326,0.0026573120358478154
new_more,100000,DE2 0AC_00000 0 offwind-dc,0.14349352255755354,6069.99630926094
new_more,100000,DK2 0AC_00000 0 offwind-dc,0.1443899819035146,0.0125671776102877
new_more,100000,GB1 0AC_00001 0 offwind-dc,0.1448498763505649,0.007622320997347376
new_more,100000,GB4 0AC_00002 0 offwind-ac,0.15595731640444566,100.85301040857635
new_more,100000,NO0 0AC_00001 0 offwind-float,0.1465295790560609,0.005544734724475727
new_more,100000,NL2 0AC_00000 0 offwind-dc,0.14567671553171724,0.03498136057925569
new_more,100000,GB1 0AC_00000 0 offwind-float,0.15530186275110414,0.010146437201004829
new_more,100000,GB1 0AC_00004 0 offwind-float,0.16192503147531756,0.01252042124738137
new_more,100000,GB4 0AC_00000 0 offwind-float,0.161539824745647,0.014912299015944158
new_more,100000,NO0 0AC_00000 0 offwind-float,0.1618240174464749,0.011568654516857572
new_more,100000,GB4 0AC_00001 0 offwind-float,0.1648346212636428,0.014626486893734643
base,10000,BE2 0AC_00000 0 offwind-dc,0.0,0.018630944182211007
base,10000,DE2 0AC_00000 0 offwind-dc,0.0,3441.3041442790545
base,10000,DE2 0AC_00001 0 offwind-dc,0.0,9423.887876444805
base,10000,DE2 0AC_00002 0 offwind-dc,0.0,13279.966247305176
base,10000,DE2 0AC_00003 0 offwind-dc,0.0,10649.521505848212
base,10000,DE2 0AC_00005 0 offwind-dc,0.0,4659.800043589104
base,10000,DK2 0AC_00000 0 offwind-dc,0.0,0.008277853771813991
base,10000,DK2 0AC_00001 0 offwind-dc,0.0,0.0034821331037742055
base,10000,DK2 0AC_00002 0 offwind-dc,0.0,0.008037139924214967
base,10000,DK2 0AC_00003 0 offwind-dc,0.0,0.008537931182655814
base,10000,DK2 0AC_00005 0 offwind-dc,0.0,0.025198894182103557
base,10000,FR2 0AC_00000 0 offwind-dc,0.0,0.005292148241359353
base,10000,GB1 0AC_00007 0 offwind-dc,0.0,0.0027553174730030644
base,10000,GB1 0AC_00016 0 offwind-dc,0.0,0.004899591258402103
base,10000,GB1 0AC_00019 0 offwind-dc,0.0,0.0031210594957832554
base,10000,GB1 0AC_00022 0 offwind-dc,0.0,0.0039038250872915916
base,10000,GB1 0AC_00024 0 offwind-dc,0.0,0.0031216459555605523
base,10000,GB1 0AC_00025 0 offwind-dc,0.0,0.0037375644181125048
base,10000,NL2 0AC_00000 0 offwind-dc,0.0,0.014468515538927584
base,10000,NL2 0AC_00001 0 offwind-dc,0.0,0.007713812189702449
base,10000,NL2 0AC_00002 0 offwind-dc,0.0,10594.150977160054
base,10000,NL2 0AC_00004 0 offwind-dc,0.0,0.007672619592138336
base,10000,NL2 0AC_00005 0 offwind-dc,0.0,0.04416775461462904
base,10000,NL2 0AC_00006 0 offwind-dc,0.0,0.009636060167315049
base,10000,NL2 0AC_00007 0 offwind-dc,0.0,0.00841715475712854
base,10000,NO0 0AC_00009 0 offwind-dc,0.0,404.48609698515344
base,10000,GB1 0AC_00001 0 offwind-float,0.0,0.0031992965470086475
base,10000,GB1 0AC_00003 0 offwind-float,0.0,0.0018191393213696384
base,10000,GB1 0AC_00004 0 offwind-float,0.0,0.003564950925270337
base,10000,GB1 0AC_00005 0 offwind-float,0.0,0.0024925747283290564
base,10000,GB1 0AC_00006 0 offwind-float,0.0,0.003331514334014085
base,10000,GB1 0AC_00008 0 offwind-float,0.0,0.001868816896385118
base,10000,GB1 0AC_00009 0 offwind-float,0.0,0.0032868117228799626
base,10000,GB1 0AC_00013 0 offwind-float,0.0,0.0023747382584560165
base,10000,GB1 0AC_00014 0 offwind-float,0.0,0.003134434984497433
base,10000,GB1 0AC_00015 0 offwind-float,0.0,0.003193727141828907
base,10000,GB1 0AC_00018 0 offwind-float,0.0,0.003001923847163948
base,10000,GB1 0AC_00020 0 offwind-float,0.0,0.002121250548235083
base,10000,GB1 0AC_00021 0 offwind-float,0.0,0.002972520249694399
base,10000,GB1 0AC_00023 0 offwind-float,0.0,0.0021864810388367434
base,10000,GB4 0AC_00000 0 offwind-float,0.0,0.0026353537386331247
base,10000,GB4 0AC_00001 0 offwind-float,0.0,0.004132011153752477
base,10000,GB4 0AC_00002 0 offwind-float,0.0,0.005572292289669815
base,10000,GB4 0AC_00003 0 offwind-float,0.0,0.0045455051582064514
base,10000,GB4 0AC_00004 0 offwind-float,0.0,0.006707878769064361
base,10000,GB4 0AC_00010 0 offwind-float,0.0,0.004086495903099217
base,10000,GB4 0AC_00011 0 offwind-float,0.0,0.004644029616305576
base,10000,GB4 0AC_00012 0 offwind-float,0.0,0.0032930039632509075
base,10000,GB4 0AC_00013 0 offwind-float,0.0,0.0035459863735892994
base,10000,NL2 0AC_00008 0 offwind-float,0.0,0.001321453783429514
base,10000,NO0 0AC_00000 0 offwind-float,0.0,0.002137500592706499
base,10000,NO0 0AC_00001 0 offwind-float,0.0,0.0021420393256411287
base,10000,NO0 0AC_00002 0 offwind-float,0.0,0.0023818802520034228
base,10000,NO0 0AC_00003 0 offwind-float,0.0,0.002237777802118979
base,10000,NO0 0AC_00004 0 offwind-float,0.0,0.0021888693683823324
base,10000,NO0 0AC_00005 0 offwind-float,0.0,0.0022680242399446
base,10000,NO0 0AC_00006 0 offwind-float,0.0,0.0022733280718003753
base,10000,NO0 0AC_00007 0 offwind-float,0.0,0.0014923452784522746
base,10000,NO0 0AC_00010 0 offwind-float,0.0,0.0020727151875104036
base,10000,NO0 0AC_00011 0 offwind-float,0.0,0.0018020823586435042
base,10000,NO0 0AC_00012 0 offwind-float,0.0,0.0009868052940538246
base,10000,NO0 0AC_00015 0 offwind-float,0.0,0.0006234329198574314
base,10000,NO0 0AC_00018 0 offwind-float,0.0,0.0014296927970803169
base,10000,NO0 0AC_00019 0 offwind-float,0.0,0.0018053218649539261
base,10000,NO0 0AC_00021 0 offwind-float,0.0,0.0016326630299016297
base,10000,NO0 0AC_00023 0 offwind-float,0.0,0.0018795461766208876
base,10000,NO0 0AC_00025 0 offwind-float,0.0,0.0015615168995325706
base,10000,DE2 0AC_00004 0 offwind-ac,0.0,0.006473602324178129
base,10000,DK2 0AC_00004 0 offwind-ac,0.0,0.003619952951969853
base,10000,DK2 0AC_00006 0 offwind-ac,0.0,0.002543546166849257
base,10000,DK2 0AC_00007 0 offwind-ac,0.0,0.0030349154342212215
base,10000,DK2 0AC_00008 0 offwind-ac,0.0,0.002758732799448813
base,10000,GB1 0AC_00000 0 offwind-ac,0.0,0.007222103948858949
base,10000,GB1 0AC_00002 0 offwind-ac,0.0,0.0032454185079087284
base,10000,GB1 0AC_00010 0 offwind-ac,0.0,0.0030249637381105712
base,10000,GB1 0AC_00017 0 offwind-ac,0.0,0.0026257225950565184
base,10000,GB4 0AC_00009 0 offwind-ac,0.0,100.85568622139618
base,10000,NL2 0AC_00003 0 offwind-ac,0.0,0.0032486433004950844
base,10000,NO0 0AC_00008 0 offwind-ac,0.0,0.001959340727526836
standard,10000,DE2 0AC_00004 0 offwind-ac,0.11459658491925029,0.003935388809505925
standard,10000,DK2 0AC_00004 0 offwind-ac,0.11452178034792782,0.002401455703249921
standard,10000,DK2 0AC_00006 0 offwind-ac,0.11457776997340041,0.0020796823802050604
standard,10000,DK2 0AC_00007 0 offwind-ac,0.11457340521209869,0.001946231361072504
standard,10000,DK2 0AC_00008 0 offwind-ac,0.11454754140027923,0.0018635491363804396
standard,10000,GB1 0AC_00000 0 offwind-ac,0.11455430106476183,0.0027797519331180342
standard,10000,GB1 0AC_00002 0 offwind-ac,0.1145543879983063,0.0019516774153201667
standard,10000,GB1 0AC_00010 0 offwind-ac,0.11454662993081133,0.0018470144365745984
standard,10000,GB1 0AC_00017 0 offwind-ac,0.11452602720176308,0.001718299349690661
standard,10000,GB4 0AC_00009 0 offwind-ac,0.11456281185968509,100.8556393408176
standard,10000,NL2 0AC_00003 0 offwind-ac,0.11452751830643415,0.0023924163185029693
standard,10000,NO0 0AC_00008 0 offwind-ac,0.11465211424658206,0.0017323013692741006
standard,10000,BE2 0AC_00000 0 offwind-dc,0.11453403834307163,0.004203362518035913
standard,10000,DE2 0AC_00000 0 offwind-dc,0.11454572366663629,3441.304218099389
standard,10000,DE2 0AC_00001 0 offwind-dc,0.114522490247427,0.02122641456652463
standard,10000,DE2 0AC_00002 0 offwind-dc,0.11451069813778714,6262.966702382603
standard,10000,DE2 0AC_00003 0 offwind-dc,0.11453387379414004,10649.521767126025
standard,10000,DE2 0AC_00005 0 offwind-dc,0.11454477747819736,0.012091433584791726
standard,10000,DK2 0AC_00000 0 offwind-dc,0.1145227880136469,0.0034969041393405256
standard,10000,DK2 0AC_00001 0 offwind-dc,0.1145323443749694,0.0022855807258274925
standard,10000,DK2 0AC_00002 0 offwind-dc,0.11452061774474465,0.003858955786179019
standard,10000,DK2 0AC_00003 0 offwind-dc,0.1145224753455043,0.0038607206583824937
standard,10000,DK2 0AC_00005 0 offwind-dc,0.11454250122765253,0.0042207980503830575
standard,10000,FR2 0AC_00000 0 offwind-dc,0.11456687869808324,0.0025359555313734343
standard,10000,GB1 0AC_00007 0 offwind-dc,0.11450000000000005,0.0017224937363724856
standard,10000,GB1 0AC_00016 0 offwind-dc,0.1145552582291457,0.002597655457762747
standard,10000,GB1 0AC_00019 0 offwind-dc,0.1145335292731906,0.0019247955532634689
standard,10000,GB1 0AC_00022 0 offwind-dc,0.1145657097470747,0.0021980680633113736
standard,10000,GB1 0AC_00024 0 offwind-dc,0.11451118567667651,0.001847512959944209
standard,10000,GB1 0AC_00025 0 offwind-dc,0.114556395875832,0.002152191452244217
standard,10000,NL2 0AC_00000 0 offwind-dc,0.11449999999999971,0.007010026515954797
standard,10000,NL2 0AC_00001 0 offwind-dc,0.11451106941010103,0.003529405851387612
standard,10000,NL2 0AC_00002 0 offwind-dc,0.11452310187253101,0.014532005613055033
standard,10000,NL2 0AC_00004 0 offwind-dc,0.11454354156058488,0.0041534631045375215
standard,10000,NL2 0AC_00005 0 offwind-dc,0.1145566221910056,0.01269012778724898
standard,10000,NL2 0AC_00006 0 offwind-dc,0.11450000000000016,0.005652851334582424
standard,10000,NL2 0AC_00007 0 offwind-dc,0.11452267784482073,0.004679247984535199
standard,10000,NO0 0AC_00009 0 offwind-dc,0.11451060890358289,0.005102340530450371
standard,10000,GB1 0AC_00001 0 offwind-float,0.11452255050966242,0.001980369618348203
standard,10000,GB1 0AC_00003 0 offwind-float,0.11455870223726805,0.0013551047623920405
standard,10000,GB1 0AC_00004 0 offwind-float,0.11454460185961757,0.0021592897577203144
standard,10000,GB1 0AC_00005 0 offwind-float,0.11454550134901187,0.0016344142167870504
standard,10000,GB1 0AC_00006 0 offwind-float,0.11456829616962316,0.0020810252812111124
standard,10000,GB1 0AC_00008 0 offwind-float,0.11453453441569428,0.0013436156055515436
standard,10000,GB1 0AC_00009 0 offwind-float,0.1145110476408937,0.0020720648969150745
standard,10000,GB1 0AC_00013 0 offwind-float,0.11454586369952624,0.0016854092964681154
standard,10000,GB1 0AC_00014 0 offwind-float,0.11456689522976904,0.001999463798470305
standard,10000,GB1 0AC_00015 0 offwind-float,0.11454678602772261,0.0020374095149131625
standard,10000,GB1 0AC_00018 0 offwind-float,0.114511753415384,0.001984076057901742
standard,10000,GB1 0AC_00020 0 offwind-float,0.11454509811062918,0.001477247936822377
standard,10000,GB1 0AC_00021 0 offwind-float,0.11451122075388565,0.0019527287370153718
standard,10000,GB1 0AC_00023 0 offwind-float,0.11452174350128763,0.0015294190093194902
standard,10000,GB4 0AC_00000 0 offwind-float,0.11452243841891185,0.001486066124750816
standard,10000,GB4 0AC_00001 0 offwind-float,0.11453259830128792,0.00242863117163289
standard,10000,GB4 0AC_00002 0 offwind-float,0.11456665674067423,0.002491647791188568
standard,10000,GB4 0AC_00003 0 offwind-float,0.11454343655443344,0.002342340131559028
standard,10000,GB4 0AC_00004 0 offwind-float,0.114510646859729,0.0027362979963649696
standard,10000,GB4 0AC_00010 0 offwind-float,0.11456592080318917,0.0022669402854923484
standard,10000,GB4 0AC_00011 0 offwind-float,0.11453484645279488,0.0024721641708809103
standard,10000,GB4 0AC_00012 0 offwind-float,0.11453327053966633,0.0020158298230812527
standard,10000,GB4 0AC_00013 0 offwind-float,0.11454721198712847,0.0021003185191918895
standard,10000,NL2 0AC_00008 0 offwind-float,0.11454200429308714,0.0010470710025626902
standard,10000,NO0 0AC_00000 0 offwind-float,0.11451141194887093,0.0016140751674627559
standard,10000,NO0 0AC_00001 0 offwind-float,0.11451139218061024,0.001616300813651648
standard,10000,NO0 0AC_00002 0 offwind-float,0.11453556092505157,0.0017730716762515545
standard,10000,NO0 0AC_00003 0 offwind-float,0.11456030858760935,0.0016678967728505666
standard,10000,NO0 0AC_00004 0 offwind-float,0.11455654669353543,0.0016508506791659452
standard,10000,NO0 0AC_00005 0 offwind-float,0.1145458766491998,0.0016881149307977508
standard,10000,NO0 0AC_00006 0 offwind-float,0.11452274099585968,0.0017116052996174814
standard,10000,NO0 0AC_00007 0 offwind-float,0.1145643116872791,0.0011062146448116478
standard,10000,NO0 0AC_00010 0 offwind-float,0.11452194407615313,0.0015788004358695395
standard,10000,NO0 0AC_00011 0 offwind-float,0.11453276358140108,0.0013351938672712953
standard,10000,NO0 0AC_00012 0 offwind-float,0.11461461152996633,0.0007669790704717188
standard,10000,NO0 0AC_00015 0 offwind-float,0.11491022900856585,0.000538560975986278
standard,10000,NO0 0AC_00018 0 offwind-float,0.11456235072805632,0.0010301498456287428
standard,10000,NO0 0AC_00019 0 offwind-float,0.11452142659417008,0.0012889390184861519
standard,10000,NO0 0AC_00021 0 offwind-float,0.11452158512226263,0.001171710783453913
standard,10000,NO0 0AC_00023 0 offwind-float,0.11454134366867419,0.0013402776482040026
standard,10000,NO0 0AC_00025 0 offwind-float,0.11453391543813973,0.0011259445896987044
glaum,10000,GB4 0AC_00001 0 offwind-float,0.09402178559285101,0.0015915225043868454
glaum,10000,GB4 0AC_00004 0 offwind-float,0.09401089334264745,0.0019761364150790886
glaum,10000,NL2 0AC_00008 0 offwind-float,0.09404297672449113,0.0007337064292031984
glaum,10000,NO0 0AC_00015 0 offwind-float,0.0943517952261439,0.00041148747227995417
glaum,10000,DE2 0AC_00004 0 offwind-ac,0.09408584234442341,0.005941773108191344
glaum,10000,DK2 0AC_00006 0 offwind-ac,0.09406534969994329,0.0014364146062476593
glaum,10000,DK2 0AC_00008 0 offwind-ac,0.09403586989606538,0.002123287383392422
glaum,10000,GB4 0AC_00009 0 offwind-ac,0.09406426600211704,100.85581927074158
glaum,10000,NL2 0AC_00003 0 offwind-ac,0.09402815537620457,0.0015633589292967816
glaum,10000,NO0 0AC_00008 0 offwind-ac,0.09411474197243408,0.0011385479219151744
glaum,10000,BE2 0AC_00000 0 offwind-dc,0.09401144592514865,0.006925955116231882
glaum,10000,FR2 0AC_00000 0 offwind-dc,0.09404448629439333,0.0028460995295116177
glaum,10000,GB1 0AC_00024 0 offwind-dc,0.09401144463361799,0.0020218730232954914
glaum,10000,GB1 0AC_00008 0 offwind-float,0.15422350034164978,0.0024008233378969754
glaum,10000,GB4 0AC_00000 0 offwind-float,0.1457596578880027,0.0027723151247913106
glaum,10000,NO0 0AC_00007 0 offwind-float,0.1504698299977021,0.002018079391343572
glaum,10000,NO0 0AC_00011 0 offwind-float,0.15227135846609285,0.0024384092610858395
glaum,10000,NO0 0AC_00012 0 offwind-float,0.14900813265493051,0.0014850058662708135
glaum,10000,NO0 0AC_00018 0 offwind-float,0.14575242057923188,0.0019321665779652732
glaum,10000,NO0 0AC_00019 0 offwind-float,0.14753156424341773,0.002377255222542205
glaum,10000,NO0 0AC_00021 0 offwind-float,0.14592326215113216,0.002174827888784543
glaum,10000,NO0 0AC_00023 0 offwind-float,0.1496585321716971,0.002437524794277228
glaum,10000,NO0 0AC_00025 0 offwind-float,0.14731872447673278,0.002093680934155972
glaum,10000,DK2 0AC_00004 0 offwind-ac,0.14527258152122624,0.0044937416716336245
glaum,10000,DK2 0AC_00007 0 offwind-ac,0.14024709573203953,0.003599979869881787
glaum,10000,GB1 0AC_00000 0 offwind-ac,0.1419713432153158,0.004800507201602743
glaum,10000,GB1 0AC_00002 0 offwind-ac,0.14754179231274145,0.00353428791225762
glaum,10000,GB1 0AC_00010 0 offwind-ac,0.1387029815857146,0.003276847269804544
glaum,10000,GB1 0AC_00017 0 offwind-ac,0.1460412921299452,0.003200419659832916
glaum,10000,DE2 0AC_00000 0 offwind-dc,0.09402325241025267,2000.0095894024482
glaum,10000,DE2 0AC_00001 0 offwind-dc,0.09402325120912602,2000.0036546546437
glaum,10000,DE2 0AC_00003 0 offwind-dc,0.0940231897797269,2000.0061017236137
glaum,10000,DE2 0AC_00005 0 offwind-dc,0.0940460151690039,2000.00274152906
glaum,10000,DK2 0AC_00000 0 offwind-dc,0.13627705355780084,0.006347141955916031
glaum,10000,DK2 0AC_00001 0 offwind-dc,0.13957348889617727,0.004339072728633871
glaum,10000,DK2 0AC_00005 0 offwind-dc,0.13176742007718112,0.007867067664036236
glaum,10000,GB1 0AC_00007 0 offwind-dc,0.14448257482080562,0.0031744769732072716
glaum,10000,GB1 0AC_00019 0 offwind-dc,0.14873868796633227,0.003484351454151816
glaum,10000,GB1 0AC_00022 0 offwind-dc,0.14826911362352568,0.0038622850917247077
glaum,10000,GB1 0AC_00025 0 offwind-dc,0.14946154782574028,0.0037907160910889415
glaum,10000,NL2 0AC_00001 0 offwind-dc,0.12886533962194902,0.006878794861231196
glaum,10000,NL2 0AC_00004 0 offwind-dc,0.13402783491916836,0.007794775297471133
glaum,10000,NL2 0AC_00006 0 offwind-dc,0.11888422030977397,0.013481288981429532
glaum,10000,NL2 0AC_00007 0 offwind-dc,0.1287350332145909,0.009117655496895579
glaum,10000,NO0 0AC_00009 0 offwind-dc,0.12530872161448559,0.009689989151123134
glaum,10000,GB1 0AC_00001 0 offwind-float,0.2002096067999386,0.004259895922466683
glaum,10000,GB1 0AC_00003 0 offwind-float,0.20025343959828334,0.003175997463324149
glaum,10000,GB1 0AC_00004 0 offwind-float,0.20762837429722591,0.004489316601170028
glaum,10000,GB1 0AC_00005 0 offwind-float,0.1931320325741689,0.003628938408094679
glaum,10000,GB1 0AC_00006 0 offwind-float,0.21251008497572588,0.004353146413709531
glaum,10000,GB1 0AC_00009 0 offwind-float,0.2101307565023195,0.004323536197853127
glaum,10000,GB1 0AC_00013 0 offwind-float,0.21143618981183332,0.003688442528249569
glaum,10000,GB1 0AC_00014 0 offwind-float,0.2101047490836454,0.004158913494185741
glaum,10000,GB1 0AC_00015 0 offwind-float,0.21486326763563568,0.004292448541103981
glaum,10000,GB1 0AC_00018 0 offwind-float,0.21469722060596885,0.004186851201308296
glaum,10000,GB1 0AC_00020 0 offwind-float,0.19525962852506162,0.003372012585764147
glaum,10000,GB1 0AC_00021 0 offwind-float,0.21295620492389478,0.004097779186979678
glaum,10000,GB1 0AC_00023 0 offwind-float,0.1999831006814583,0.00348831825310673
glaum,10000,GB4 0AC_00002 0 offwind-float,0.19321548262466326,0.005116449662181973
glaum,10000,GB4 0AC_00003 0 offwind-float,0.19910603335270294,0.004833754681503955
glaum,10000,GB4 0AC_00010 0 offwind-float,0.20564785894558169,0.004695898887361934
glaum,10000,GB4 0AC_00011 0 offwind-float,0.20612152453950927,0.004984141871264899
glaum,10000,GB4 0AC_00012 0 offwind-float,0.20987504207754648,0.004290780968901916
glaum,10000,GB4 0AC_00013 0 offwind-float,0.20893394992695236,0.0044464920633733186
glaum,10000,NO0 0AC_00000 0 offwind-float,0.20763832119828274,0.0036325180521203197
glaum,10000,NO0 0AC_00001 0 offwind-float,0.2092511512452797,0.003642392383418328
glaum,10000,NO0 0AC_00002 0 offwind-float,0.21507020922431708,0.003944754044952584
glaum,10000,NO0 0AC_00003 0 offwind-float,0.21456457972517806,0.003750315549380075
glaum,10000,NO0 0AC_00004 0 offwind-float,0.21146584224036125,0.003731845039593045
glaum,10000,NO0 0AC_00005 0 offwind-float,0.2126815384139038,0.0037930581836105887
glaum,10000,NO0 0AC_00006 0 offwind-float,0.210539261509203,0.003848081856777353
glaum,10000,NO0 0AC_00010 0 offwind-float,0.2037259656660243,0.003728374036787837
glaum,10000,DE2 0AC_00002 0 offwind-dc,0.09401145324762261,2000.0066602270842
glaum,10000,DK2 0AC_00002 0 offwind-dc,0.17859981920065393,0.00795954366804703
glaum,10000,DK2 0AC_00003 0 offwind-dc,0.1719700797285335,0.008098086086836525
glaum,10000,GB1 0AC_00016 0 offwind-dc,0.19078733000233528,0.00560066192152165
glaum,10000,NL2 0AC_00000 0 offwind-dc,0.15722886854692408,0.013850584262619654
glaum,10000,NL2 0AC_00002 0 offwind-dc,0.09402407078199482,2000.005227978052
glaum,10000,NL2 0AC_00005 0 offwind-dc,0.09404685202894791,991.5493466701263
new_more,10000,NL2 0AC_00008 0 offwind-float,0.1114899108132873,0.0004715976336945236
new_more,10000,DK2 0AC_00006 0 offwind-ac,0.1115257997746597,0.0010052082329235928
new_more,10000,NL2 0AC_00003 0 offwind-ac,0.11147537489475079,0.001104633327059637
new_more,10000,BE2 0AC_00000 0 offwind-dc,0.12586251176269259,0.007087474302850255
new_more,10000,DE2 0AC_00005 0 offwind-dc,0.11149363821919,314.1453649853847
new_more,10000,DK2 0AC_00001 0 offwind-dc,0.13062782029525466,0.0033809905887244246
new_more,10000,FR2 0AC_00000 0 offwind-dc,0.12948642769555763,0.003733668676876612
new_more,10000,GB1 0AC_00007 0 offwind-dc,0.1315098392896793,0.002300009237362358
new_more,10000,GB1 0AC_00024 0 offwind-dc,0.13085606325046917,0.002537691555536412
new_more,10000,NL2 0AC_00001 0 offwind-dc,0.12848613578666745,0.005535335217200516
new_more,10000,GB4 0AC_00004 0 offwind-float,0.13035638020739826,0.0026464712844799475
new_more,10000,NO0 0AC_00007 0 offwind-float,0.13385548307809847,0.0012855080047916665
new_more,10000,NO0 0AC_00012 0 offwind-float,0.1331926953826562,0.0009076666459678778
new_more,10000,NO0 0AC_00015 0 offwind-float,0.13226338686392913,0.0005786194668203786
new_more,10000,NO0 0AC_00018 0 offwind-float,0.13207548631720722,0.001257933534036085
new_more,10000,NO0 0AC_00019 0 offwind-float,0.132619131655622,0.001570743205917399
new_more,10000,NO0 0AC_00021 0 offwind-float,0.1319809927499176,0.0014478670768960679
new_more,10000,NO0 0AC_00025 0 offwind-float,0.13254994161354072,0.0013691302394425353
new_more,10000,DE2 0AC_00004 0 offwind-ac,0.1274983395692395,0.007268449422697535
new_more,10000,DK2 0AC_00007 0 offwind-ac,0.13099849694030363,0.0027430315667351115
new_more,10000,DK2 0AC_00008 0 offwind-ac,0.1308316150758766,0.0027116909164837484
new_more,10000,GB1 0AC_00010 0 offwind-ac,0.13102403823065067,0.0025431609905161865
new_more,10000,GB1 0AC_00017 0 offwind-ac,0.13195925319014767,0.0022855566651681725
new_more,10000,DE2 0AC_00000 0 offwind-dc,0.15464427916258416,3441.3022988658904
new_more,10000,DE2 0AC_00001 0 offwind-dc,0.11147354014759259,232.656811831692
new_more,10000,DK2 0AC_00000 0 offwind-dc,0.13870899464252684,0.006595274597096733
new_more,10000,DK2 0AC_00005 0 offwind-dc,0.1373379042508086,0.008478184867019269
new_more,10000,GB1 0AC_00019 0 offwind-dc,0.14137928043233916,0.0034772704768590724
new_more,10000,GB1 0AC_00022 0 offwind-dc,0.14133786617222244,0.003897158589763035
new_more,10000,GB1 0AC_00025 0 offwind-dc,0.14162616076376777,0.00375678387641711
new_more,10000,NL2 0AC_00004 0 offwind-dc,0.13867016606118976,0.008035398470391171
new_more,10000,NL2 0AC_00006 0 offwind-dc,0.1329753013225644,0.01373848238554647
new_more,10000,NL2 0AC_00007 0 offwind-dc,0.13671686273476857,0.009767832631264269
new_more,10000,NO0 0AC_00009 0 offwind-dc,0.13628004604478938,0.00885929154935649
new_more,10000,GB1 0AC_00008 0 offwind-float,0.14266995188829457,0.0022016600002109426
new_more,10000,NO0 0AC_00011 0 offwind-float,0.14216442189440404,0.002182182836956157
new_more,10000,NO0 0AC_00023 0 offwind-float,0.14181376748470542,0.002264227632626275
new_more,10000,DK2 0AC_00004 0 offwind-ac,0.14055928295118658,0.0047265191106767215
new_more,10000,GB1 0AC_00000 0 offwind-ac,0.14017200324209278,0.004971708562646212
new_more,10000,GB1 0AC_00002 0 offwind-ac,0.14140582532424606,0.0035711151227399308
new_more,10000,GB4 0AC_00009 0 offwind-ac,0.15595687750639198,100.85485168651027
new_more,10000,NO0 0AC_00008 0 offwind-ac,0.1420661251445594,0.002258715686218168
new_more,10000,DE2 0AC_00002 0 offwind-dc,0.11146686221718782,273.1158008443475
new_more,10000,DE2 0AC_00003 0 offwind-dc,0.15183322660747134,5561.85965985477
new_more,10000,DK2 0AC_00002 0 offwind-dc,0.14708387837262415,0.008556272848853304
new_more,10000,DK2 0AC_00003 0 offwind-dc,0.14630723086997233,0.008664387993016219
new_more,10000,GB1 0AC_00016 0 offwind-dc,0.14851735400393629,0.005566869571519834
new_more,10000,NL2 0AC_00002 0 offwind-dc,0.11147336325003898,318.1505772038711
new_more,10000,GB1 0AC_00001 0 offwind-float,0.14989447181237758,0.0038608723171809495
new_more,10000,GB1 0AC_00003 0 offwind-float,0.1498580812514516,0.0027431047814123265
new_more,10000,GB1 0AC_00005 0 offwind-float,0.1493061173817346,0.003338342236933467
new_more,10000,GB1 0AC_00020 0 offwind-float,0.14948968875473923,0.003070942559265248
new_more,10000,GB1 0AC_00023 0 offwind-float,0.14988167455731882,0.003121171923931329
new_more,10000,GB4 0AC_00000 0 offwind-float,0.14907670786224148,0.0034510923772604063
new_more,10000,NO0 0AC_00010 0 offwind-float,0.15035099726091772,0.0031488696409343866
new_more,10000,NL2 0AC_00000 0 offwind-dc,0.148704661366572,0.01740811019747642
new_more,10000,NL2 0AC_00005 0 offwind-dc,0.13337442851385473,0.04414299644945011
new_more,10000,GB4 0AC_00002 0 offwind-float,0.15524787761024028,0.0055202723666974984
new_more,10000,GB4 0AC_00003 0 offwind-float,0.15604655314177107,0.005113780271685528
new_more,10000,NO0 0AC_00000 0 offwind-float,0.15709939149359287,0.0036571315178390434
new_more,10000,NO0 0AC_00004 0 offwind-float,0.15736897336513156,0.0036907755979232564
new_more,10000,NO0 0AC_00006 0 offwind-float,0.1570889561245854,0.0038206024060188845
new_more,10000,GB1 0AC_00004 0 offwind-float,0.16202182384555674,0.005528581711893651
new_more,10000,GB1 0AC_00006 0 offwind-float,0.1629062489851616,0.005200260709275728
new_more,10000,GB1 0AC_00009 0 offwind-float,0.16223127532298798,0.005246020466593601
new_more,10000,GB1 0AC_00013 0 offwind-float,0.1627899205136658,0.004408732474892164
new_more,10000,GB1 0AC_00014 0 offwind-float,0.16271664046627266,0.005020325334703001
new_more,10000,GB1 0AC_00015 0 offwind-float,0.16272481876291445,0.00504973072792891
new_more,10000,GB1 0AC_00018 0 offwind-float,0.16312503050270577,0.0049640320877927325
new_more,10000,GB1 0AC_00021 0 offwind-float,0.16286837741656057,0.004903329816421711
new_more,10000,GB4 0AC_00001 0 offwind-float,0.16165079129972804,0.005831761492571415
new_more,10000,GB4 0AC_00010 0 offwind-float,0.16208030820959607,0.00561164504422706
new_more,10000,GB4 0AC_00011 0 offwind-float,0.16219524542222108,0.005912064044943871
new_more,10000,GB4 0AC_00012 0 offwind-float,0.16235598104486737,0.004994173067017484
new_more,10000,GB4 0AC_00013 0 offwind-float,0.16242333509873896,0.00518084979195417
new_more,10000,NO0 0AC_00001 0 offwind-float,0.16261484225860467,0.004172646274932981
new_more,10000,NO0 0AC_00002 0 offwind-float,0.16317641138456496,0.004409494148180758
new_more,10000,NO0 0AC_00003 0 offwind-float,0.16305472201688376,0.004202499744658032
new_more,10000,NO0 0AC_00005 0 offwind-float,0.16275648672763976,0.004289008887180118
base,1000,DE2 0AC_00040 0 offwind-float,0.0,0.0006958399832865717
base,1000,DE2 0AC_00042 0 offwind-float,0.0,0.0006111502317081477
base,1000,DK2 0AC_00000 0 offwind-float,0.0,0.0013990106639513425
base,1000,DK2 0AC_00003 0 offwind-float,0.0,0.0012884938955212324
base,1000,DK2 0AC_00004 0 offwind-float,0.0,0.0012951079711451294
base,1000,DK2 0AC_00023 0 offwind-float,0.0,0.0011912503109634744
base,1000,DK2 0AC_00043 0 offwind-float,0.0,0.0014589532700947606
base,1000,DK2 0AC_00058 0 offwind-float,0.0,0.001170957277628481
base,1000,DK2 0AC_00064 0 offwind-float,0.0,0.0011475207823443666
base,1000,DK2 0AC_00069 0 offwind-float,0.0,0.0009178888861404726
base,1000,DK2 0AC_00070 0 offwind-float,0.0,0.0010770841774350557
base,1000,DK2 0AC_00075 0 offwind-float,0.0,0.0015721656307962797
base,1000,DK2 0AC_00076 0 offwind-float,0.0,0.00152740903352772
base,1000,GB1 0AC_00006 0 offwind-float,0.0,0.0003769212781443508
base,1000,GB1 0AC_00009 0 offwind-float,0.0,0.0022728169995518705
base,1000,GB1 0AC_00011 0 offwind-float,0.0,0.0011490607697933004
base,1000,GB1 0AC_00015 0 offwind-float,0.0,0.0014806906454908403
base,1000,GB1 0AC_00016 0 offwind-float,0.0,0.0012229099032302652
base,1000,GB1 0AC_00020 0 offwind-float,0.0,0.0016979388231222292
base,1000,GB1 0AC_00022 0 offwind-float,0.0,0.0013668470035463703
base,1000,GB1 0AC_00023 0 offwind-float,0.0,0.0008155410115258673
base,1000,GB1 0AC_00025 0 offwind-float,0.0,0.0018844791380192216
base,1000,GB1 0AC_00026 0 offwind-float,0.0,0.002098956568578486
base,1000,GB1 0AC_00027 0 offwind-float,0.0,0.0014899747483859515
base,1000,GB1 0AC_00030 0 offwind-float,0.0,0.0025982206064608824
base,1000,GB1 0AC_00033 0 offwind-float,0.0,0.0020460854718064936
base,1000,GB1 0AC_00036 0 offwind-float,0.0,0.0015119943552336782
base,1000,GB1 0AC_00037 0 offwind-float,0.0,0.002340227584725347
base,1000,GB1 0AC_00038 0 offwind-float,0.0,0.002415457884118395
base,1000,GB1 0AC_00039 0 offwind-float,0.0,0.0009560340777426312
base,1000,GB1 0AC_00040 0 offwind-float,0.0,0.0012858573788525286
base,1000,GB1 0AC_00043 0 offwind-float,0.0,0.002135096076542708
base,1000,GB1 0AC_00045 0 offwind-float,0.0,0.001625382094283709
base,1000,GB1 0AC_00046 0 offwind-float,0.0,0.0016810565525522366
base,1000,GB1 0AC_00047 0 offwind-float,0.0,0.0009131984030241778
base,1000,GB1 0AC_00048 0 offwind-float,0.0,0.0015622657741307144
base,1000,GB1 0AC_00049 0 offwind-float,0.0,0.0015937857304974743
base,1000,GB1 0AC_00050 0 offwind-float,0.0,0.0023764855898679533
base,1000,GB1 0AC_00051 0 offwind-float,0.0,0.0022023909528594084
base,1000,GB1 0AC_00052 0 offwind-float,0.0,0.0017325450522147118
base,1000,GB1 0AC_00053 0 offwind-float,0.0,0.002119008311344495
base,1000,GB1 0AC_00054 0 offwind-float,0.0,0.0008361488816459383
base,1000,GB1 0AC_00055 0 offwind-float,0.0,0.001993480949597671
base,1000,GB1 0AC_00056 0 offwind-float,0.0,0.0018753565119614722
base,1000,GB1 0AC_00057 0 offwind-float,0.0,0.0022954424814656074
base,1000,GB1 0AC_00058 0 offwind-float,0.0,0.0013275197239021861
base,1000,GB1 0AC_00059 0 offwind-float,0.0,0.0010708037553697944
base,1000,GB1 0AC_00062 0 offwind-float,0.0,0.00036640979112104736
base,1000,GB1 0AC_00064 0 offwind-float,0.0,0.0013056868774955213
base,1000,GB1 0AC_00065 0 offwind-float,0.0,0.0022164077569978356
base,1000,GB1 0AC_00066 0 offwind-float,0.0,0.0018389367896536652
base,1000,GB1 0AC_00067 0 offwind-float,0.0,0.0019460477044386552
base,1000,GB1 0AC_00068 0 offwind-float,0.0,0.002106496457102488
base,1000,GB1 0AC_00069 0 offwind-float,0.0,0.002385695631239948
base,1000,GB1 0AC_00070 0 offwind-float,0.0,0.00251521307022711
base,1000,GB1 0AC_00071 0 offwind-float,0.0,0.0012429457580669372
base,1000,GB1 0AC_00072 0 offwind-float,0.0,0.0007740458304055444
base,1000,GB1 0AC_00073 0 offwind-float,0.0,0.0016672042352274645
base,1000,GB1 0AC_00074 0 offwind-float,0.0,0.002059556906909261
base,1000,GB1 0AC_00078 0 offwind-float,0.0,0.002040049085320944
base,1000,GB1 0AC_00079 0 offwind-float,0.0,0.001986680806516233
base,1000,GB1 0AC_00080 0 offwind-float,0.0,0.0021738006799251488
base,1000,GB1 0AC_00081 0 offwind-float,0.0,0.001622414020984765
base,1000,GB1 0AC_00082 0 offwind-float,0.0,0.0009363801831186959
base,1000,GB1 0AC_00083 0 offwind-float,0.0,0.0020190268938680626
base,1000,GB1 0AC_00084 0 offwind-float,0.0,0.0021594325154397575
base,1000,GB1 0AC_00086 0 offwind-float,0.0,0.0013540595462223299
base,1000,GB1 0AC_00087 0 offwind-float,0.0,0.001801740818853277
base,1000,GB1 0AC_00088 0 offwind-float,0.0,0.0021446909847784323
base,1000,GB1 0AC_00089 0 offwind-float,0.0,0.002014854141880223
base,1000,GB1 0AC_00090 0 offwind-float,0.0,0.002139018706393584
base,1000,GB1 0AC_00091 0 offwind-float,0.0,0.0021087068343633997
base,1000,GB1 0AC_00092 0 offwind-float,0.0,0.0007415288704537627
base,1000,GB1 0AC_00093 0 offwind-float,0.0,0.0016868154499612418
base,1000,GB1 0AC_00094 0 offwind-float,0.0,0.002102086175916423
base,1000,GB1 0AC_00095 0 offwind-float,0.0,0.0021703789133870866
base,1000,GB1 0AC_00096 0 offwind-float,0.0,0.0020044265771847138
base,1000,GB1 0AC_00097 0 offwind-float,0.0,0.0011345615139185764
base,1000,GB1 0AC_00098 0 offwind-float,0.0,0.0010468617765339334
base,1000,GB1 0AC_00099 0 offwind-float,0.0,0.0015040811150751822
base,1000,GB1 0AC_00100 0 offwind-float,0.0,0.002233568628335301
base,1000,GB1 0AC_00101 0 offwind-float,0.0,0.001918709506034251
base,1000,GB1 0AC_00102 0 offwind-float,0.0,0.0020855033897752267
base,1000,GB1 0AC_00103 0 offwind-float,0.0,0.0016296426251765797
base,1000,GB1 0AC_00104 0 offwind-float,0.0,0.0021037911384215848
base,1000,GB1 0AC_00105 0 offwind-float,0.0,0.001984222514625673
base,1000,GB1 0AC_00106 0 offwind-float,0.0,0.0018806140154502909
base,1000,GB1 0AC_00109 0 offwind-float,0.0,0.0020564725483883557
base,1000,GB1 0AC_00110 0 offwind-float,0.0,0.0014299134348622793
base,1000,GB1 0AC_00111 0 offwind-float,0.0,0.0020559567570711448
base,1000,GB1 0AC_00112 0 offwind-float,0.0,0.0022634835314443874
base,1000,GB1 0AC_00113 0 offwind-float,0.0,0.0011400629649856843
base,1000,GB1 0AC_00114 0 offwind-float,0.0,0.0017926325736662189
base,1000,GB1 0AC_00115 0 offwind-float,0.0,0.002054949114137821
base,1000,GB1 0AC_00117 0 offwind-float,0.0,0.0019394877781577144
base,1000,GB1 0AC_00118 0 offwind-float,0.0,0.001484020190572335
base,1000,GB1 0AC_00119 0 offwind-float,0.0,0.000932708301655136
base,1000,GB1 0AC_00120 0 offwind-float,0.0,0.001723557259802229
base,1000,GB1 0AC_00121 0 offwind-float,0.0,0.0019395738130051736
base,1000,GB1 0AC_00122 0 offwind-float,0.0,0.001401417748671334
base,1000,GB1 0AC_00123 0 offwind-float,0.0,0.002015783629376694
base,1000,GB1 0AC_00124 0 offwind-float,0.0,0.002035213415106455
base,1000,GB1 0AC_00133 0 offwind-float,0.0,0.0020046947657297778
base,1000,GB1 0AC_00134 0 offwind-float,0.0,0.0012121533530685203
base,1000,GB1 0AC_00136 0 offwind-float,0.0,0.001828167667079177
base,1000,GB1 0AC_00137 0 offwind-float,0.0,0.0019146946384778537
base,1000,GB1 0AC_00138 0 offwind-float,0.0,0.0015609939161064475
base,1000,GB1 0AC_00140 0 offwind-float,0.0,0.0010451665426159298
base,1000,GB1 0AC_00141 0 offwind-float,0.0,0.0014851721980317107
base,1000,GB1 0AC_00142 0 offwind-float,0.0,0.0019637127257759496
base,1000,GB1 0AC_00143 0 offwind-float,0.0,0.002018101000884797
base,1000,GB1 0AC_00145 0 offwind-float,0.0,0.0019982655326987644
base,1000,GB1 0AC_00146 0 offwind-float,0.0,0.001969236060199103
base,1000,GB1 0AC_00149 0 offwind-float,0.0,0.0016275346932421643
base,1000,GB1 0AC_00150 0 offwind-float,0.0,0.0012242552436640506
base,1000,GB1 0AC_00151 0 offwind-float,0.0,0.0019346425925738868
base,1000,GB1 0AC_00152 0 offwind-float,0.0,0.0019812767482623793
base,1000,GB1 0AC_00153 0 offwind-float,0.0,0.0019063647151597723
base,1000,GB1 0AC_00154 0 offwind-float,0.0,0.0018691401797543165
base,1000,GB1 0AC_00157 0 offwind-float,0.0,0.001473581895340645
base,1000,GB1 0AC_00158 0 offwind-float,0.0,0.0019490232883254573
base,1000,GB1 0AC_00159 0 offwind-float,0.0,0.00182222833025203
base,1000,GB1 0AC_00161 0 offwind-float,0.0,0.001893452277165168
base,1000,GB1 0AC_00162 0 offwind-float,0.0,0.0017775470268891016
base,1000,GB1 0AC_00170 0 offwind-float,0.0,0.0019266350268821255
base,1000,GB1 0AC_00171 0 offwind-float,0.0,0.001938708744723102
base,1000,GB1 0AC_00177 0 offwind-float,0.0,0.00187428572667893
base,1000,GB1 0AC_00178 0 offwind-float,0.0,0.001891130475719837
base,1000,GB1 0AC_00179 0 offwind-float,0.0,0.0016188922142937338
base,1000,GB1 0AC_00182 0 offwind-float,0.0,0.0018384604244606902
base,1000,GB1 0AC_00185 0 offwind-float,0.0,0.0019023555764118207
base,1000,GB1 0AC_00187 0 offwind-float,0.0,0.0018280684192060592
base,1000,GB1 0AC_00188 0 offwind-float,0.0,0.0018756389929157678
base,1000,GB1 0AC_00190 0 offwind-float,0.0,0.0018596062539515334
base,1000,GB1 0AC_00191 0 offwind-float,0.0,0.0019112025642363147
base,1000,GB1 0AC_00193 0 offwind-float,0.0,0.00190630526908011
base,1000,GB1 0AC_00194 0 offwind-float,0.0,0.0017212326058419743
base,1000,GB1 0AC_00197 0 offwind-float,0.0,0.0019135302830027591
base,1000,GB1 0AC_00198 0 offwind-float,0.0,0.0018410894862070481
base,1000,GB1 0AC_00203 0 offwind-float,0.0,0.0017957878983662025
base,1000,GB1 0AC_00208 0 offwind-float,0.0,0.0018774298326469608
base,1000,GB1 0AC_00211 0 offwind-float,0.0,0.0016111110348239733
base,1000,GB1 0AC_00212 0 offwind-float,0.0,0.0018722593778758392
base,1000,GB1 0AC_00213 0 offwind-float,0.0,0.0018521526161348898
base,1000,GB1 0AC_00219 0 offwind-float,0.0,0.0017076293996491916
base,1000,GB1 0AC_00220 0 offwind-float,0.0,0.0018710536528354796
base,1000,GB1 0AC_00224 0 offwind-float,0.0,0.0018625277460231698
base,1000,GB1 0AC_00229 0 offwind-float,0.0,0.0016488609835527955
base,1000,GB1 0AC_00232 0 offwind-float,0.0,0.0017705693581143225
base,1000,GB1 0AC_00233 0 offwind-float,0.0,0.0018812664177237388
base,1000,GB1 0AC_00235 0 offwind-float,0.0,0.0018171175748663007
base,1000,GB1 0AC_00237 0 offwind-float,0.0,0.0017316845259791477
base,1000,GB1 0AC_00238 0 offwind-float,0.0,0.0016464265948500515
base,1000,GB1 0AC_00242 0 offwind-float,0.0,0.0017264187414880634
base,1000,GB1 0AC_00245 0 offwind-float,0.0,0.0016598373977559468
base,1000,GB1 0AC_00250 0 offwind-float,0.0,0.0018566462673477691
base,1000,GB1 0AC_00258 0 offwind-float,0.0,0.001697156854114664
base,1000,GB1 0AC_00262 0 offwind-float,0.0,0.0016774672983716121
base,1000,GB1 0AC_00268 0 offwind-float,0.0,0.001706619692808264
base,1000,GB4 0AC_00000 0 offwind-float,0.0,0.0008403357623373479
base,1000,GB4 0AC_00004 0 offwind-float,0.0,0.0006541944547387023
base,1000,GB4 0AC_00005 0 offwind-float,0.0,0.001001351014687831
base,1000,GB4 0AC_00009 0 offwind-float,0.0,0.0016006584050036225
base,1000,GB4 0AC_00010 0 offwind-float,0.0,0.0018857186307197728
base,1000,GB4 0AC_00011 0 offwind-float,0.0,0.0017934043953512985
base,1000,GB4 0AC_00013 0 offwind-float,0.0,0.002016743306554579
base,1000,GB4 0AC_00015 0 offwind-float,0.0,0.001713199289452541
base,1000,GB4 0AC_00016 0 offwind-float,0.0,0.0017525354376294376
base,1000,GB4 0AC_00017 0 offwind-float,0.0,0.001651252027586404
base,1000,GB4 0AC_00018 0 offwind-float,0.0,0.001063706554865202
base,1000,GB4 0AC_00029 0 offwind-float,0.0,0.0016199417079091605
base,1000,GB4 0AC_00031 0 offwind-float,0.0,0.0016810684145089742
base,1000,GB4 0AC_00032 0 offwind-float,0.0,0.0019282791849231109
base,1000,GB4 0AC_00034 0 offwind-float,0.0,0.0017602095954563116
base,1000,GB4 0AC_00035 0 offwind-float,0.0,0.0017308346793716873
base,1000,GB4 0AC_00036 0 offwind-float,0.0,0.0016825401485260805
base,1000,GB4 0AC_00037 0 offwind-float,0.0,0.0018292998367021385
base,1000,GB4 0AC_00038 0 offwind-float,0.0,0.0018716230102352018
base,1000,GB4 0AC_00039 0 offwind-float,0.0,0.0020734231847335505
base,1000,GB4 0AC_00040 0 offwind-float,0.0,0.0018894512999799494
base,1000,GB4 0AC_00041 0 offwind-float,0.0,0.0023740640009311752
base,1000,GB4 0AC_00042 0 offwind-float,0.0,0.0020489096583529392
base,1000,GB4 0AC_00043 0 offwind-float,0.0,0.0016431405595443336
base,1000,GB4 0AC_00044 0 offwind-float,0.0,0.0019965757972668146
base,1000,GB4 0AC_00045 0 offwind-float,0.0,0.0017778842598956295
base,1000,GB4 0AC_00046 0 offwind-float,0.0,0.0018419557960070868
base,1000,GB4 0AC_00047 0 offwind-float,0.0,0.0016897396644421068
base,1000,GB4 0AC_00048 0 offwind-float,0.0,0.0021549332156183343
base,1000,GB4 0AC_00049 0 offwind-float,0.0,0.0019116087969365645
base,1000,GB4 0AC_00050 0 offwind-float,0.0,0.0017248235819691388
base,1000,GB4 0AC_00051 0 offwind-float,0.0,0.0017375752922531562
base,1000,GB4 0AC_00052 0 offwind-float,0.0,0.0016723273190335077
base,1000,GB4 0AC_00053 0 offwind-float,0.0,0.0015119994179613907
base,1000,GB4 0AC_00054 0 offwind-float,0.0,0.0019395888057073673
base,1000,GB4 0AC_00055 0 offwind-float,0.0,0.002006970980879028
base,1000,GB4 0AC_00056 0 offwind-float,0.0,0.001794608792607274
base,1000,GB4 0AC_00057 0 offwind-float,0.0,0.0016042489247741567
base,1000,GB4 0AC_00058 0 offwind-float,0.0,0.0017966796252275642
base,1000,GB4 0AC_00059 0 offwind-float,0.0,0.0016571643229941493
base,1000,GB4 0AC_00060 0 offwind-float,0.0,0.0016936167806125052
base,1000,GB4 0AC_00061 0 offwind-float,0.0,0.001482856291557964
base,1000,GB4 0AC_00062 0 offwind-float,0.0,0.0017012298979186484
base,1000,GB4 0AC_00063 0 offwind-float,0.0,0.0018316209971009413
base,1000,GB4 0AC_00064 0 offwind-float,0.0,0.0017340031726749557
base,1000,GB4 0AC_00065 0 offwind-float,0.0,0.0015813019703798952
base,1000,GB4 0AC_00066 0 offwind-float,0.0,0.0015315871336129571
base,1000,GB4 0AC_00067 0 offwind-float,0.0,0.001522175804712524
base,1000,GB4 0AC_00068 0 offwind-float,0.0,0.00162783155589037
base,1000,GB4 0AC_00069 0 offwind-float,0.0,0.0016167250471609226
base,1000,GB4 0AC_00070 0 offwind-float,0.0,0.0013824286356558387
base,1000,GB4 0AC_00071 0 offwind-float,0.0,0.001699547726364845
base,1000,GB4 0AC_00072 0 offwind-float,0.0,0.0016968385524876234
base,1000,GB4 0AC_00073 0 offwind-float,0.0,0.0015243604065603763
base,1000,GB4 0AC_00074 0 offwind-float,0.0,0.0015233047245981105
base,1000,GB4 0AC_00075 0 offwind-float,0.0,0.0014499952705532102
base,1000,GB4 0AC_00076 0 offwind-float,0.0,0.0016080883735285901
base,1000,GB4 0AC_00077 0 offwind-float,0.0,0.0014353080285180893
base,1000,GB4 0AC_00078 0 offwind-float,0.0,0.0014580131964687653
base,1000,GB4 0AC_00079 0 offwind-float,0.0,0.001616196801306111
base,1000,GB4 0AC_00080 0 offwind-float,0.0,0.001363646569417115
base,1000,GB4 0AC_00081 0 offwind-float,0.0,0.0015527372987760345
base,1000,GB4 0AC_00082 0 offwind-float,0.0,0.0014120765295363993
base,1000,GB4 0AC_00083 0 offwind-float,0.0,0.001384269377286166
base,1000,GB4 0AC_00084 0 offwind-float,0.0,0.001471450516518418
base,1000,GB4 0AC_00085 0 offwind-float,0.0,0.0015690211226600755
base,1000,GB4 0AC_00086 0 offwind-float,0.0,0.0013910541436396944
base,1000,GB4 0AC_00087 0 offwind-float,0.0,0.0014826036683636213
base,1000,GB4 0AC_00088 0 offwind-float,0.0,0.0014011066337512013
base,1000,GB4 0AC_00089 0 offwind-float,0.0,0.0014108715630436386
base,1000,NL2 0AC_00027 0 offwind-float,0.0,0.0007446862082938454
base,1000,NL2 0AC_00060 0 offwind-float,0.0,0.00035088414908101694
base,1000,NL2 0AC_00064 0 offwind-float,0.0,0.0005893614808743003
base,1000,NL2 0AC_00074 0 offwind-float,0.0,0.0005291126388350935
base,1000,NL2 0AC_00077 0 offwind-float,0.0,0.0005162375708095422
base,1000,NL2 0AC_00079 0 offwind-float,0.0,0.0004742058147344536
base,1000,NO0 0AC_00000 0 offwind-float,0.0,0.0014251613949234577
base,1000,NO0 0AC_00001 0 offwind-float,0.0,0.001464254875205572
base,1000,NO0 0AC_00002 0 offwind-float,0.0,0.0013881297252515208
base,1000,NO0 0AC_00003 0 offwind-float,0.0,0.0012726136343177942
base,1000,NO0 0AC_00004 0 offwind-float,0.0,0.0012865465090366951
base,1000,NO0 0AC_00005 0 offwind-float,0.0,0.0013124424835707722
base,1000,NO0 0AC_00006 0 offwind-float,0.0,0.0014546782642288942
base,1000,NO0 0AC_00007 0 offwind-float,0.0,0.0015261075865395928
base,1000,NO0 0AC_00008 0 offwind-float,0.0,0.001350181712703664
base,1000,NO0 0AC_00009 0 offwind-float,0.0,0.0014480954375880436
base,1000,NO0 0AC_00010 0 offwind-float,0.0,0.0013847424214964898
base,1000,NO0 0AC_00011 0 offwind-float,0.0,0.0011795626684265026
base,1000,NO0 0AC_00012 0 offwind-float,0.0,0.0013735761508838252
base,1000,NO0 0AC_00013 0 offwind-float,0.0,0.0013971747814376131
base,1000,NO0 0AC_00014 0 offwind-float,0.0,0.0012734369821916305
base,1000,NO0 0AC_00015 0 offwind-float,0.0,0.0012432879263199294
base,1000,NO0 0AC_00016 0 offwind-float,0.0,0.0014107768753677168
base,1000,NO0 0AC_00017 0 offwind-float,0.0,0.0012923350884722715
base,1000,NO0 0AC_00018 0 offwind-float,0.0,0.0013819747768963346
base,1000,NO0 0AC_00019 0 offwind-float,0.0,0.001359345746399276
base,1000,NO0 0AC_00020 0 offwind-float,0.0,0.0013377379521541115
base,1000,NO0 0AC_00021 0 offwind-float,0.0,0.001433058080383268
base,1000,NO0 0AC_00022 0 offwind-float,0.0,0.0013695730720495105
base,1000,NO0 0AC_00023 0 offwind-float,0.0,0.001380383345253266
base,1000,NO0 0AC_00024 0 offwind-float,0.0,0.0012488576470381489
base,1000,NO0 0AC_00025 0 offwind-float,0.0,0.0014254710573881918
base,1000,NO0 0AC_00026 0 offwind-float,0.0,0.001432443674381924
base,1000,NO0 0AC_00027 0 offwind-float,0.0,0.0014354453701368528
base,1000,NO0 0AC_00028 0 offwind-float,0.0,0.001356401969457438
base,1000,NO0 0AC_00029 0 offwind-float,0.0,0.0013837751743612761
base,1000,NO0 0AC_00030 0 offwind-float,0.0,0.0014393252174347338
base,1000,NO0 0AC_00031 0 offwind-float,0.0,0.0013844484802015204
base,1000,NO0 0AC_00032 0 offwind-float,0.0,0.0013775915816730852
base,1000,NO0 0AC_00033 0 offwind-float,0.0,0.0014013719436095778
base,1000,NO0 0AC_00034 0 offwind-float,0.0,0.0013927036205602285
base,1000,NO0 0AC_00035 0 offwind-float,0.0,0.0013887632166595418
base,1000,NO0 0AC_00036 0 offwind-float,0.0,0.0013575253834465142
base,1000,NO0 0AC_00037 0 offwind-float,0.0,0.001331241386416387
base,1000,NO0 0AC_00038 0 offwind-float,0.0,0.0013698726107667493
base,1000,NO0 0AC_00039 0 offwind-float,0.0,0.001338510219094129
base,1000,NO0 0AC_00040 0 offwind-float,0.0,0.0013796943828504132
base,1000,NO0 0AC_00041 0 offwind-float,0.0,0.0013396448024399275
base,1000,NO0 0AC_00042 0 offwind-float,0.0,0.0013707129115509034
base,1000,NO0 0AC_00043 0 offwind-float,0.0,0.0013648905345479032
base,1000,NO0 0AC_00044 0 offwind-float,0.0,0.0013466837678004027
base,1000,NO0 0AC_00045 0 offwind-float,0.0,0.0012923945760671067
base,1000,NO0 0AC_00046 0 offwind-float,0.0,0.0013804018046024646
base,1000,NO0 0AC_00047 0 offwind-float,0.0,0.0013779248013249313
base,1000,NO0 0AC_00048 0 offwind-float,0.0,0.0013023490442091625
base,1000,NO0 0AC_00049 0 offwind-float,0.0,0.0013576027589969918
base,1000,NO0 0AC_00050 0 offwind-float,0.0,0.00136427085639991
base,1000,NO0 0AC_00051 0 offwind-float,0.0,0.001412142872151848
base,1000,NO0 0AC_00052 0 offwind-float,0.0,0.0013926290646548091
base,1000,NO0 0AC_00053 0 offwind-float,0.0,0.0013211861185545347
base,1000,NO0 0AC_00054 0 offwind-float,0.0,0.0013186578237790673
base,1000,NO0 0AC_00055 0 offwind-float,0.0,0.001333280315952725
base,1000,NO0 0AC_00056 0 offwind-float,0.0,0.0013884043899196037
base,1000,NO0 0AC_00057 0 offwind-float,0.0,0.0014010275700846219
base,1000,NO0 0AC_00058 0 offwind-float,0.0,0.0013026300617366563
base,1000,NO0 0AC_00059 0 offwind-float,0.0,0.0014157762929912648
base,1000,NO0 0AC_00060 0 offwind-float,0.0,0.0013677197685984274
base,1000,NO0 0AC_00061 0 offwind-float,0.0,0.0013476133386921395
base,1000,NO0 0AC_00062 0 offwind-float,0.0,0.00140620027301989
base,1000,NO0 0AC_00063 0 offwind-float,0.0,0.0013165345556136905
base,1000,NO0 0AC_00064 0 offwind-float,0.0,0.0014290121547617762
base,1000,NO0 0AC_00065 0 offwind-float,0.0,0.001309233063514325
base,1000,NO0 0AC_00066 0 offwind-float,0.0,0.001450459346365196
base,1000,NO0 0AC_00067 0 offwind-float,0.0,0.001451586273570678
base,1000,NO0 0AC_00068 0 offwind-float,0.0,0.0013664841048782374
base,1000,NO0 0AC_00069 0 offwind-float,0.0,0.0006895285103680467
base,1000,NO0 0AC_00070 0 offwind-float,0.0,0.0012572020674306316
base,1000,NO0 0AC_00071 0 offwind-float,0.0,0.0014219644316294609
base,1000,NO0 0AC_00072 0 offwind-float,0.0,0.001171712911313483
base,1000,NO0 0AC_00074 0 offwind-float,0.0,0.0013078612818809862
base,1000,NO0 0AC_00075 0 offwind-float,0.0,0.00140824161173762
base,1000,NO0 0AC_00076 0 offwind-float,0.0,0.00144731304014994
base,1000,NO0 0AC_00077 0 offwind-float,0.0,0.0013579567838584831
base,1000,NO0 0AC_00078 0 offwind-float,0.0,0.0012586208621533815
base,1000,NO0 0AC_00079 0 offwind-float,0.0,0.0014176502075252332
base,1000,NO0 0AC_00080 0 offwind-float,0.0,0.0013022121421163945
base,1000,NO0 0AC_00081 0 offwind-float,0.0,0.001480173470313616
base,1000,NO0 0AC_00082 0 offwind-float,0.0,0.0014545132381037125
base,1000,NO0 0AC_00083 0 offwind-float,0.0,0.0013999280043278683
base,1000,NO0 0AC_00084 0 offwind-float,0.0,0.0011034938251659869
base,1000,NO0 0AC_00085 0 offwind-float,0.0,0.0008522238256387605
base,1000,NO0 0AC_00086 0 offwind-float,0.0,0.001240962832310453
base,1000,NO0 0AC_00087 0 offwind-float,0.0,0.0015001254075335045
base,1000,NO0 0AC_00088 0 offwind-float,0.0,0.0012679343798357736
base,1000,NO0 0AC_00089 0 offwind-float,0.0,0.0012713378289826787
base,1000,NO0 0AC_00090 0 offwind-float,0.0,0.0012148772498201833
base,1000,NO0 0AC_00091 0 offwind-float,0.0,0.0014066237593334777
base,1000,NO0 0AC_00092 0 offwind-float,0.0,0.0013974471253765627
base,1000,NO0 0AC_00093 0 offwind-float,0.0,0.0014235726411620166
base,1000,NO0 0AC_00094 0 offwind-float,0.0,0.0011758368405588395
base,1000,NO0 0AC_00095 0 offwind-float,0.0,0.0013515542692688013
base,1000,NO0 0AC_00096 0 offwind-float,0.0,0.0012561273799235632
base,1000,NO0 0AC_00097 0 offwind-float,0.0,0.001186304825838061
base,1000,NO0 0AC_00098 0 offwind-float,0.0,0.001498095547582012
base,1000,NO0 0AC_00099 0 offwind-float,0.0,0.0012917876505714365
base,1000,NO0 0AC_00100 0 offwind-float,0.0,0.0012147745778708725
base,1000,NO0 0AC_00101 0 offwind-float,0.0,0.0010470309653124316
base,1000,NO0 0AC_00102 0 offwind-float,0.0,0.0009334041686282848
base,1000,NO0 0AC_00103 0 offwind-float,0.0,0.0006343309986790742
base,1000,NO0 0AC_00105 0 offwind-float,0.0,0.0012895802705333568
base,1000,NO0 0AC_00106 0 offwind-float,0.0,0.0014920368295324854
base,1000,NO0 0AC_00107 0 offwind-float,0.0,0.0013894302118369227
base,1000,NO0 0AC_00108 0 offwind-float,0.0,0.0011799282152685662
base,1000,NO0 0AC_00109 0 offwind-float,0.0,0.0013150724337197656
base,1000,NO0 0AC_00110 0 offwind-float,0.0,0.000927460721174341
base,1000,NO0 0AC_00111 0 offwind-float,0.0,0.0005847143107931261
base,1000,NO0 0AC_00112 0 offwind-float,0.0,0.0013972465467531584
base,1000,NO0 0AC_00113 0 offwind-float,0.0,0.0007566370154495935
base,1000,NO0 0AC_00114 0 offwind-float,0.0,0.000608650296180984
base,1000,NO0 0AC_00115 0 offwind-float,0.0,0.0013476509716953014
base,1000,NO0 0AC_00116 0 offwind-float,0.0,0.0010940684042617026
base,1000,NO0 0AC_00117 0 offwind-float,0.0,0.0011771933654734052
base,1000,NO0 0AC_00118 0 offwind-float,0.0,0.0013462366245201786
base,1000,NO0 0AC_00119 0 offwind-float,0.0,0.00031584255103768704
base,1000,NO0 0AC_00121 0 offwind-float,0.0,0.0003277150085013286
base,1000,NO0 0AC_00123 0 offwind-float,0.0,0.000377594061133626
base,1000,NO0 0AC_00125 0 offwind-float,0.0,0.0006590126695153078
base,1000,NO0 0AC_00128 0 offwind-float,0.0,0.0003095841159651603
base,1000,NO0 0AC_00129 0 offwind-float,0.0,0.0003821617132853593
base,1000,NO0 0AC_00131 0 offwind-float,0.0,0.001186681256657913
base,1000,NO0 0AC_00132 0 offwind-float,0.0,0.001320959226147743
base,1000,NO0 0AC_00133 0 offwind-float,0.0,0.0012903785044877131
base,1000,NO0 0AC_00134 0 offwind-float,0.0,0.0013312928918989201
base,1000,NO0 0AC_00135 0 offwind-float,0.0,0.001122109233795759
base,1000,NO0 0AC_00136 0 offwind-float,0.0,0.0007726522267037343
base,1000,NO0 0AC_00138 0 offwind-float,0.0,0.0008696129944220249
base,1000,NO0 0AC_00139 0 offwind-float,0.0,0.0007465506962361712
base,1000,NO0 0AC_00140 0 offwind-float,0.0,0.0003060213720871864
base,1000,NO0 0AC_00141 0 offwind-float,0.0,0.00071353127267355
base,1000,NO0 0AC_00142 0 offwind-float,0.0,0.0002837221037730257
base,1000,NO0 0AC_00143 0 offwind-float,0.0,0.0002841373338918956
base,1000,NO0 0AC_00144 0 offwind-float,0.0,0.0002860309940648597
base,1000,NO0 0AC_00149 0 offwind-float,0.0,0.00016068301216650688
base,1000,NO0 0AC_00150 0 offwind-float,0.0,0.0001518992394692377
base,1000,NO0 0AC_00151 0 offwind-float,0.0,0.0001589868238195148
base,1000,NO0 0AC_00152 0 offwind-float,0.0,0.00015185014501808188
base,1000,NO0 0AC_00154 0 offwind-float,0.0,0.00016925480911986212
base,1000,NO0 0AC_00155 0 offwind-float,0.0,0.0014007571807927643
base,1000,NO0 0AC_00156 0 offwind-float,0.0,0.0009540001719679377
base,1000,NO0 0AC_00157 0 offwind-float,0.0,0.0011478280458149866
base,1000,NO0 0AC_00158 0 offwind-float,0.0,0.0010512669362949892
base,1000,NO0 0AC_00161 0 offwind-float,0.0,0.0014105607350451523
base,1000,NO0 0AC_00163 0 offwind-float,0.0,0.000365396635683191
base,1000,NO0 0AC_00166 0 offwind-float,0.0,0.0011831044138367224
base,1000,NO0 0AC_00167 0 offwind-float,0.0,0.0006593885258808318
base,1000,NO0 0AC_00169 0 offwind-float,0.0,0.00040076939394027866
base,1000,NO0 0AC_00172 0 offwind-float,0.0,0.00017720110339627322
base,1000,NO0 0AC_00174 0 offwind-float,0.0,0.00028800038697281106
base,1000,NO0 0AC_00176 0 offwind-float,0.0,0.00014847934244698597
base,1000,NO0 0AC_00177 0 offwind-float,0.0,0.0001816434246361755
base,1000,NO0 0AC_00178 0 offwind-float,0.0,0.001263806969954182
base,1000,NO0 0AC_00181 0 offwind-float,0.0,0.0013835675174200185
base,1000,NO0 0AC_00182 0 offwind-float,0.0,0.001175657913703832
base,1000,NO0 0AC_00184 0 offwind-float,0.0,0.0013828452861644293
base,1000,NO0 0AC_00185 0 offwind-float,0.0,0.0010942437458383327
base,1000,NO0 0AC_00186 0 offwind-float,0.0,0.0007470448611004227
base,1000,NO0 0AC_00187 0 offwind-float,0.0,0.0006839284441915709
base,1000,NO0 0AC_00188 0 offwind-float,0.0,0.0009237654218331798
base,1000,NO0 0AC_00189 0 offwind-float,0.0,0.000637037490294846
base,1000,NO0 0AC_00190 0 offwind-float,0.0,0.00034611282115053644
base,1000,NO0 0AC_00191 0 offwind-float,0.0,0.0011612980541825413
base,1000,NO0 0AC_00197 0 offwind-float,0.0,0.00011128825260841813
base,1000,NO0 0AC_00198 0 offwind-float,0.0,0.0013132092198201366
base,1000,NO0 0AC_00199 0 offwind-float,0.0,0.0013341856301925178
base,1000,NO0 0AC_00200 0 offwind-float,0.0,0.001295281216222604
base,1000,NO0 0AC_00201 0 offwind-float,0.0,0.0007027261943148456
base,1000,NO0 0AC_00203 0 offwind-float,0.0,0.000759706971132777
base,1000,NO0 0AC_00204 0 offwind-float,0.0,0.0012429712837248252
base,1000,NO0 0AC_00205 0 offwind-float,0.0,0.0014762900736244092
base,1000,NO0 0AC_00206 0 offwind-float,0.0,0.000889053626613909
base,1000,NO0 0AC_00212 0 offwind-float,0.0,0.0009943859540682675
base,1000,NO0 0AC_00214 0 offwind-float,0.0,0.0008162235055199738
base,1000,NO0 0AC_00215 0 offwind-float,0.0,0.0014434765082790165
base,1000,NO0 0AC_00216 0 offwind-float,0.0,0.0008646246499824987
base,1000,NO0 0AC_00219 0 offwind-float,0.0,0.0012959172032335205
base,1000,NO0 0AC_00220 0 offwind-float,0.0,0.0011119366184687413
base,1000,NO0 0AC_00221 0 offwind-float,0.0,0.0011563041853218815
base,1000,NO0 0AC_00223 0 offwind-float,0.0,0.0007642898778698306
base,1000,NO0 0AC_00225 0 offwind-float,0.0,0.001013907300685323
base,1000,NO0 0AC_00228 0 offwind-float,0.0,0.0010059984348219828
base,1000,NO0 0AC_00229 0 offwind-float,0.0,0.0008045922107671404
base,1000,NO0 0AC_00230 0 offwind-float,0.0,0.0009409684966018895
base,1000,NO0 0AC_00232 0 offwind-float,0.0,0.0007901522142177727
base,1000,NO0 0AC_00233 0 offwind-float,0.0,0.0009849788554585532
base,1000,NO0 0AC_00234 0 offwind-float,0.0,0.0011113330702265994
base,1000,NO0 0AC_00236 0 offwind-float,0.0,0.0008322080948456091
base,1000,NO0 0AC_00238 0 offwind-float,0.0,0.001201473104228183
base,1000,NO0 0AC_00239 0 offwind-float,0.0,0.0010630201039513367
base,1000,NO0 0AC_00240 0 offwind-float,0.0,0.0012834761204046743
base,1000,NO0 0AC_00241 0 offwind-float,0.0,0.0008815496167588686
base,1000,NO0 0AC_00242 0 offwind-float,0.0,0.0009329701944332569
base,1000,NO0 0AC_00245 0 offwind-float,0.0,0.0006132171159688341
base,1000,BE2 0AC_00000 0 offwind-dc,0.0,597.2956082541693
base,1000,BE2 0AC_00002 0 offwind-dc,0.0,0.009771275648507828
base,1000,DE2 0AC_00000 0 offwind-dc,0.0,1411.8089982388935
base,1000,DE2 0AC_00001 0 offwind-dc,0.0,73.91737893244849
base,1000,DE2 0AC_00002 0 offwind-dc,0.0,628.4404120810616
base,1000,DE2 0AC_00003 0 offwind-dc,0.0,1515.700089231433
base,1000,DE2 0AC_00004 0 offwind-dc,0.0,588.7878987814067
base,1000,DE2 0AC_00005 0 offwind-dc,0.0,415.75645769807966
base,1000,DE2 0AC_00006 0 offwind-dc,0.0,1223.0719373404345
base,1000,DE2 0AC_00007 0 offwind-dc,0.0,1289.9199930380018
base,1000,DE2 0AC_00008 0 offwind-dc,0.0,1364.8219632796113
base,1000,DE2 0AC_00009 0 offwind-dc,0.0,846.8381567478245
base,1000,DE2 0AC_00010 0 offwind-dc,0.0,951.4122300675003
base,1000,DE2 0AC_00011 0 offwind-dc,0.0,877.4029782385066
base,1000,DE2 0AC_00012 0 offwind-dc,0.0,1078.624081593097
base,1000,DE2 0AC_00013 0 offwind-dc,0.0,2693.993136089821
base,1000,DE2 0AC_00014 0 offwind-dc,0.0,774.9319988084192
base,1000,DE2 0AC_00015 0 offwind-dc,0.0,987.2387626058509
base,1000,DE2 0AC_00016 0 offwind-dc,0.0,2199.9918670847323
base,1000,DE2 0AC_00017 0 offwind-dc,0.0,1738.024204661047
base,1000,DE2 0AC_00018 0 offwind-dc,0.0,2311.3624039470324
base,1000,DE2 0AC_00019 0 offwind-dc,0.0,1427.2337318558052
base,1000,DE2 0AC_00020 0 offwind-dc,0.0,1358.5494851599183
base,1000,DE2 0AC_00021 0 offwind-dc,0.0,553.6223829154721
base,1000,DE2 0AC_00022 0 offwind-dc,0.0,0.021609977814348088
base,1000,DE2 0AC_00023 0 offwind-dc,0.0,2233.4972078159567
base,1000,DE2 0AC_00024 0 offwind-dc,0.0,2237.412155847294
base,1000,DE2 0AC_00025 0 offwind-dc,0.0,2266.0784719551802
base,1000,DE2 0AC_00026 0 offwind-dc,0.0,0.03040250817296796
base,1000,DE2 0AC_00028 0 offwind-dc,0.0,407.92843847206586
base,1000,DE2 0AC_00029 0 offwind-dc,0.0,2266.936893036767
base,1000,DE2 0AC_00030 0 offwind-dc,0.0,958.254954754095
base,1000,DE2 0AC_00031 0 offwind-dc,0.0,165.18551078884184
base,1000,DE2 0AC_00032 0 offwind-dc,0.0,1578.101973141099
base,1000,DE2 0AC_00033 0 offwind-dc,0.0,0.057940119686646564
base,1000,DE2 0AC_00034 0 offwind-dc,0.0,3.9635902498183624
base,1000,DE2 0AC_00035 0 offwind-dc,0.0,78.12416602595508
base,1000,DE2 0AC_00036 0 offwind-dc,0.0,0.038973565544207237
base,1000,DE2 0AC_00037 0 offwind-dc,0.0,0.010829756138979386
base,1000,DE2 0AC_00038 0 offwind-dc,0.0,0.05189769823214887
base,1000,DE2 0AC_00043 0 offwind-dc,0.0,0.036157133305259125
base,1000,DE2 0AC_00045 0 offwind-dc,0.0,0.00465840235855115
base,1000,DK2 0AC_00001 0 offwind-dc,0.0,0.005203983968889845
base,1000,DK2 0AC_00002 0 offwind-dc,0.0,0.004138712186419457
base,1000,DK2 0AC_00005 0 offwind-dc,0.0,0.005641253333941214
base,1000,DK2 0AC_00006 0 offwind-dc,0.0,0.009981534108104843
base,1000,DK2 0AC_00007 0 offwind-dc,0.0,0.007186279972713081
base,1000,DK2 0AC_00008 0 offwind-dc,0.0,0.004994928483690749
base,1000,DK2 0AC_00009 0 offwind-dc,0.0,0.005521554251121432
base,1000,DK2 0AC_00010 0 offwind-dc,0.0,0.004402445700608913
base,1000,DK2 0AC_00011 0 offwind-dc,0.0,0.003402423307201242
base,1000,DK2 0AC_00012 0 offwind-dc,0.0,0.009777151103899779
base,1000,DK2 0AC_00013 0 offwind-dc,0.0,0.006640102916529632
base,1000,DK2 0AC_00014 0 offwind-dc,0.0,0.0050997285602144005
base,1000,DK2 0AC_00015 0 offwind-dc,0.0,0.012473414305032165
base,1000,DK2 0AC_00016 0 offwind-dc,0.0,0.0015078547299425876
base,1000,DK2 0AC_00017 0 offwind-dc,0.0,0.003141174899455598
base,1000,DK2 0AC_00018 0 offwind-dc,0.0,0.00439625834398223
base,1000,DK2 0AC_00019 0 offwind-dc,0.0,0.0071799304753468905
base,1000,DK2 0AC_00020 0 offwind-dc,0.0,0.0033025133491116137
base,1000,DK2 0AC_00021 0 offwind-dc,0.0,0.004843565254516692
base,1000,DK2 0AC_00022 0 offwind-dc,0.0,0.0027834178729433945
base,1000,DK2 0AC_00024 0 offwind-dc,0.0,0.01123438105983794
base,1000,DK2 0AC_00025 0 offwind-dc,0.0,0.002295393592967182
base,1000,DK2 0AC_00026 0 offwind-dc,0.0,0.0034237093297823317
base,1000,DK2 0AC_00027 0 offwind-dc,0.0,0.0033926282404766715
base,1000,DK2 0AC_00028 0 offwind-dc,0.0,0.014409634354005217
base,1000,DK2 0AC_00029 0 offwind-dc,0.0,0.03300017170885472
base,1000,DK2 0AC_00030 0 offwind-dc,0.0,0.0017364914482196202
base,1000,DK2 0AC_00031 0 offwind-dc,0.0,0.002465396498191045
base,1000,DK2 0AC_00032 0 offwind-dc,0.0,0.005026629167645567
base,1000,DK2 0AC_00033 0 offwind-dc,0.0,0.0031396061451451083
base,1000,DK2 0AC_00034 0 offwind-dc,0.0,0.020814175949385224
base,1000,DK2 0AC_00035 0 offwind-dc,0.0,0.0012061707164039914
base,1000,DK2 0AC_00036 0 offwind-dc,0.0,0.0018610983748417167
base,1000,DK2 0AC_00037 0 offwind-dc,0.0,0.004994729907171214
base,1000,DK2 0AC_00038 0 offwind-dc,0.0,0.002838877191463181
base,1000,DK2 0AC_00039 0 offwind-dc,0.0,0.002363283492733816
base,1000,DK2 0AC_00040 0 offwind-dc,0.0,0.004668350561869598
base,1000,DK2 0AC_00041 0 offwind-dc,0.0,0.002819817202807141
base,1000,DK2 0AC_00042 0 offwind-dc,0.0,0.0019417672913385037
base,1000,DK2 0AC_00044 0 offwind-dc,0.0,1311.1635727737055
base,1000,DK2 0AC_00045 0 offwind-dc,0.0,0.002253703834996026
base,1000,DK2 0AC_00046 0 offwind-dc,0.0,0.005941671329792393
base,1000,DK2 0AC_00047 0 offwind-dc,0.0,0.0023371094241213066
base,1000,DK2 0AC_00048 0 offwind-dc,0.0,0.004117094538297475
base,1000,DK2 0AC_00050 0 offwind-dc,0.0,0.17563072600313762
base,1000,DK2 0AC_00054 0 offwind-dc,0.0,0.003101267926358904
base,1000,DK2 0AC_00056 0 offwind-dc,0.0,0.00239453397226602
base,1000,DK2 0AC_00073 0 offwind-dc,0.0,0.012548051229564873
base,1000,FR2 0AC_00000 0 offwind-dc,0.0,0.00438474874328125
base,1000,FR2 0AC_00001 0 offwind-dc,0.0,0.00217518191473236
base,1000,GB1 0AC_00014 0 offwind-dc,0.0,601.8642778757317
base,1000,GB1 0AC_00034 0 offwind-dc,0.0,0.018850286208626867
base,1000,GB1 0AC_00042 0 offwind-dc,0.0,0.013015367678176749
base,1000,GB1 0AC_00044 0 offwind-dc,0.0,1577.3592612627592
base,1000,GB1 0AC_00139 0 offwind-dc,0.0,0.002451180716750899
base,1000,GB1 0AC_00144 0 offwind-dc,0.0,0.0026041730807992007
base,1000,GB1 0AC_00147 0 offwind-dc,0.0,0.0019537394156780817
base,1000,GB1 0AC_00148 0 offwind-dc,0.0,0.0032448950950045687
base,1000,GB1 0AC_00160 0 offwind-dc,0.0,0.003189351312123205
base,1000,GB1 0AC_00163 0 offwind-dc,0.0,0.005297517547897185
base,1000,GB1 0AC_00164 0 offwind-dc,0.0,0.003988359049042645
base,1000,GB1 0AC_00172 0 offwind-dc,0.0,0.0027032112268461886
base,1000,GB1 0AC_00183 0 offwind-dc,0.0,0.0023035910905485793
base,1000,GB1 0AC_00184 0 offwind-dc,0.0,0.006479746794362704
base,1000,GB1 0AC_00186 0 offwind-dc,0.0,0.003092345740597719
base,1000,GB1 0AC_00189 0 offwind-dc,0.0,0.013613233139573295
base,1000,GB1 0AC_00192 0 offwind-dc,0.0,0.0024286445321570218
base,1000,GB1 0AC_00196 0 offwind-dc,0.0,0.002860896101071699
base,1000,GB1 0AC_00199 0 offwind-dc,0.0,0.0028731050940388058
base,1000,GB1 0AC_00200 0 offwind-dc,0.0,0.0027584117812194443
base,1000,GB1 0AC_00201 0 offwind-dc,0.0,0.0031332400135511574
base,1000,GB1 0AC_00202 0 offwind-dc,0.0,0.002083423229578415
base,1000,GB1 0AC_00205 0 offwind-dc,0.0,0.012018030872238848
base,1000,GB1 0AC_00207 0 offwind-dc,0.0,0.0016488115892156297
base,1000,GB1 0AC_00209 0 offwind-dc,0.0,0.0023276594083686494
base,1000,GB1 0AC_00210 0 offwind-dc,0.0,0.002198810581259093
base,1000,GB1 0AC_00214 0 offwind-dc,0.0,0.014917608648778344
base,1000,GB1 0AC_00215 0 offwind-dc,0.0,0.0028899026802564434
base,1000,GB1 0AC_00217 0 offwind-dc,0.0,0.0024728653250710615
base,1000,GB1 0AC_00218 0 offwind-dc,0.0,0.0029256197645419354
base,1000,GB1 0AC_00221 0 offwind-dc,0.0,0.0017010512734265638
base,1000,GB1 0AC_00222 0 offwind-dc,0.0,0.0025056212628816452
base,1000,GB1 0AC_00226 0 offwind-dc,0.0,0.002339910699923986
base,1000,GB1 0AC_00227 0 offwind-dc,0.0,0.0028781114688616904
base,1000,GB1 0AC_00228 0 offwind-dc,0.0,0.008283746130325316
base,1000,GB1 0AC_00230 0 offwind-dc,0.0,0.0026731740384659175
base,1000,GB1 0AC_00231 0 offwind-dc,0.0,0.0018047937699659758
base,1000,GB1 0AC_00234 0 offwind-dc,0.0,0.0012853816018892857
base,1000,GB1 0AC_00236 0 offwind-dc,0.0,0.002033549671051771
base,1000,GB1 0AC_00239 0 offwind-dc,0.0,0.0021246907620479398
base,1000,GB1 0AC_00240 0 offwind-dc,0.0,0.0030136940775089068
base,1000,GB1 0AC_00243 0 offwind-dc,0.0,0.0028700167301849724
base,1000,GB1 0AC_00244 0 offwind-dc,0.0,0.0025651829322510906
base,1000,GB1 0AC_00246 0 offwind-dc,0.0,0.00906882196718084
base,1000,GB1 0AC_00247 0 offwind-dc,0.0,0.001552031421433585
base,1000,GB1 0AC_00248 0 offwind-dc,0.0,0.0020534168619260637
base,1000,GB1 0AC_00249 0 offwind-dc,0.0,0.0020168643414324268
base,1000,GB1 0AC_00251 0 offwind-dc,0.0,0.0015939108067742783
base,1000,GB1 0AC_00252 0 offwind-dc,0.0,0.02164877875191012
base,1000,GB1 0AC_00253 0 offwind-dc,0.0,0.0031117095177244573
base,1000,GB1 0AC_00254 0 offwind-dc,0.0,0.002329370133734821
base,1000,GB1 0AC_00255 0 offwind-dc,0.0,0.0019690576808851054
base,1000,GB1 0AC_00256 0 offwind-dc,0.0,0.003088449659156624
base,1000,GB1 0AC_00257 0 offwind-dc,0.0,0.0018633253098220435
base,1000,GB1 0AC_00259 0 offwind-dc,0.0,0.013701086152589834
base,1000,GB1 0AC_00260 0 offwind-dc,0.0,0.002324327989767795
base,1000,GB1 0AC_00261 0 offwind-dc,0.0,0.002227902821733399
base,1000,GB1 0AC_00263 0 offwind-dc,0.0,0.0028195144981487475
base,1000,GB1 0AC_00264 0 offwind-dc,0.0,0.0024454941153847355
base,1000,GB1 0AC_00265 0 offwind-dc,0.0,0.0027289734419150146
base,1000,GB1 0AC_00266 0 offwind-dc,0.0,0.0033719962016057316
base,1000,GB1 0AC_00267 0 offwind-dc,0.0,0.0027154632099100173
base,1000,GB1 0AC_00269 0 offwind-dc,0.0,0.017440746131023827
base,1000,GB1 0AC_00270 0 offwind-dc,0.0,0.0029048284995430783
base,1000,GB1 0AC_00271 0 offwind-dc,0.0,0.0029493353573145976
base,1000,GB1 0AC_00272 0 offwind-dc,0.0,0.0033540528781505377
base,1000,GB1 0AC_00273 0 offwind-dc,0.0,0.0030927678740723338
base,1000,GB1 0AC_00274 0 offwind-dc,0.0,0.017118409978856407
base,1000,GB4 0AC_00002 0 offwind-dc,0.0,0.01574208000987703
base,1000,GB4 0AC_00003 0 offwind-dc,0.0,0.015504092791032676
base,1000,GB4 0AC_00008 0 offwind-dc,0.0,0.0030314630231551335
base,1000,GB4 0AC_00012 0 offwind-dc,0.0,499.7795408081876
base,1000,NL2 0AC_00000 0 offwind-dc,0.0,0.028733939117687127
base,1000,NL2 0AC_00001 0 offwind-dc,0.0,0.009270068439857676
base,1000,NL2 0AC_00003 0 offwind-dc,0.0,0.038369661988273476
base,1000,NL2 0AC_00004 0 offwind-dc,0.0,0.011890982946010646
base,1000,NL2 0AC_00005 0 offwind-dc,0.0,0.01773701423982713
base,1000,NL2 0AC_00006 0 offwind-dc,0.0,0.005162774082109814
base,1000,NL2 0AC_00007 0 offwind-dc,0.0,0.005102818472760208
base,1000,NL2 0AC_00008 0 offwind-dc,0.0,10.262076467496046
base,1000,NL2 0AC_00009 0 offwind-dc,0.0,0.010397984766498166
base,1000,NL2 0AC_00010 0 offwind-dc,0.0,0.011668940418313643
base,1000,NL2 0AC_00011 0 offwind-dc,0.0,0.01158536663318033
base,1000,NL2 0AC_00012 0 offwind-dc,0.0,0.012490725002706676
base,1000,NL2 0AC_00013 0 offwind-dc,0.0,131.82269929719936
base,1000,NL2 0AC_00014 0 offwind-dc,0.0,0.005933753297418644
base,1000,NL2 0AC_00016 0 offwind-dc,0.0,0.006207354706178401
base,1000,NL2 0AC_00017 0 offwind-dc,0.0,0.012768382476827638
base,1000,NL2 0AC_00018 0 offwind-dc,0.0,0.04092336494764517
base,1000,NL2 0AC_00019 0 offwind-dc,0.0,0.16447294437175167
base,1000,NL2 0AC_00020 0 offwind-dc,0.0,1395.7738351768428
base,1000,NL2 0AC_00021 0 offwind-dc,0.0,0.009437220797966675
base,1000,NL2 0AC_00022 0 offwind-dc,0.0,0.00766586575699619
base,1000,NL2 0AC_00023 0 offwind-dc,0.0,0.008950156140277202
base,1000,NL2 0AC_00024 0 offwind-dc,0.0,0.020414643331963436
base,1000,NL2 0AC_00025 0 offwind-dc,0.0,0.009411652409969704
base,1000,NL2 0AC_00026 0 offwind-dc,0.0,391.3096757123008
base,1000,NL2 0AC_00028 0 offwind-dc,0.0,0.005240138801108463
base,1000,NL2 0AC_00030 0 offwind-dc,0.0,0.04835203938332999
base,1000,NL2 0AC_00031 0 offwind-dc,0.0,0.008283274104855586
base,1000,NL2 0AC_00032 0 offwind-dc,0.0,0.010979460189062587
base,1000,NL2 0AC_00034 0 offwind-dc,0.0,0.006405888050811615
base,1000,NL2 0AC_00035 0 offwind-dc,0.0,0.00825917889390047
base,1000,NL2 0AC_00036 0 offwind-dc,0.0,0.008201136382304481
base,1000,NL2 0AC_00040 0 offwind-dc,0.0,1327.2828679470224
base,1000,NL2 0AC_00041 0 offwind-dc,0.0,2158.996538580616
base,1000,NL2 0AC_00043 0 offwind-dc,0.0,0.006964899669642802
base,1000,NL2 0AC_00044 0 offwind-dc,0.0,0.011593417884251694
base,1000,NL2 0AC_00045 0 offwind-dc,0.0,0.0040433799807071
base,1000,NL2 0AC_00046 0 offwind-dc,0.0,0.008220623447172058
base,1000,NL2 0AC_00047 0 offwind-dc,0.0,0.03441528594496172
base,1000,NL2 0AC_00050 0 offwind-dc,0.0,0.011059657626883816
base,1000,NL2 0AC_00051 0 offwind-dc,0.0,0.005409240872249847
base,1000,NL2 0AC_00052 0 offwind-dc,0.0,2076.805283340147
base,1000,NL2 0AC_00053 0 offwind-dc,0.0,2763.9947321038608
base,1000,NL2 0AC_00054 0 offwind-dc,0.0,0.007353968032454911
base,1000,NL2 0AC_00055 0 offwind-dc,0.0,0.020321178541855164
base,1000,NL2 0AC_00057 0 offwind-dc,0.0,0.013097473494395584
base,1000,NL2 0AC_00058 0 offwind-dc,0.0,0.008843889897471407
base,1000,NL2 0AC_00061 0 offwind-dc,0.0,0.08337863862129515
base,1000,NL2 0AC_00063 0 offwind-dc,0.0,0.004076000366938659
base,1000,NL2 0AC_00065 0 offwind-dc,0.0,0.005743909026924976
base,1000,NL2 0AC_00066 0 offwind-dc,0.0,0.00888750606279566
base,1000,NL2 0AC_00067 0 offwind-dc,0.0,0.02314259957164228
base,1000,NL2 0AC_00068 0 offwind-dc,0.0,951.5879380723455
base,1000,NL2 0AC_00069 0 offwind-dc,0.0,0.021192087314191647
base,1000,NL2 0AC_00070 0 offwind-dc,0.0,0.006585347853120169
base,1000,NL2 0AC_00071 0 offwind-dc,0.0,0.010048574949576032
base,1000,NL2 0AC_00072 0 offwind-dc,0.0,0.01221402369633428
base,1000,NL2 0AC_00073 0 offwind-dc,0.0,0.004901065435658422
base,1000,NL2 0AC_00075 0 offwind-dc,0.0,0.008211512784299234
base,1000,NL2 0AC_00076 0 offwind-dc,0.0,0.00894087158206307
base,1000,NL2 0AC_00081 0 offwind-dc,0.0,0.007179050827940367
base,1000,NL2 0AC_00082 0 offwind-dc,0.0,0.005482706239340685
base,1000,NL2 0AC_00084 0 offwind-dc,0.0,0.003929388304353525
base,1000,NL2 0AC_00085 0 offwind-dc,0.0,0.00821324882247322
base,1000,NO0 0AC_00073 0 offwind-dc,0.0,0.005211283858221493
base,1000,NO0 0AC_00104 0 offwind-dc,0.0,0.007168281651017544
base,1000,NO0 0AC_00137 0 offwind-dc,0.0,0.027970598156068567
base,1000,NO0 0AC_00159 0 offwind-dc,0.0,0.02210398706277186
base,1000,NO0 0AC_00160 0 offwind-dc,0.0,0.021819682561155258
base,1000,NO0 0AC_00173 0 offwind-dc,0.0,451.24231901257923
base,1000,BE2 0AC_00001 0 offwind-ac,0.0,0.005199023328370097
base,1000,BE2 0AC_00003 0 offwind-ac,0.0,0.005856464973135131
base,1000,DE2 0AC_00039 0 offwind-ac,0.0,0.004567826138805988
base,1000,DE2 0AC_00041 0 offwind-ac,0.0,116.89350070575573
base,1000,DE2 0AC_00044 0 offwind-ac,0.0,6.5276675708559155
base,1000,DE2 0AC_00046 0 offwind-ac,0.0,0.004345228644341788
base,1000,DE2 0AC_00047 0 offwind-ac,0.0,0.00845596651750952
base,1000,DE2 0AC_00048 0 offwind-ac,0.0,0.0015151135810646268
base,1000,DE2 0AC_00050 0 offwind-ac,0.0,0.0013993222509870518
base,1000,DE2 0AC_00053 0 offwind-ac,0.0,0.0030632058951632953
base,1000,DK2 0AC_00049 0 offwind-ac,0.0,0.0007729185577966549
base,1000,DK2 0AC_00051 0 offwind-ac,0.0,0.0032471047498595935
base,1000,DK2 0AC_00052 0 offwind-ac,0.0,0.0029047875180697657
base,1000,DK2 0AC_00053 0 offwind-ac,0.0,0.003221051190756887
base,1000,DK2 0AC_00055 0 offwind-ac,0.0,0.002618454564773998
base,1000,DK2 0AC_00057 0 offwind-ac,0.0,0.002558723470688051
base,1000,DK2 0AC_00059 0 offwind-ac,0.0,0.0022212110872201762
base,1000,DK2 0AC_00060 0 offwind-ac,0.0,0.000970711663750344
base,1000,DK2 0AC_00061 0 offwind-ac,0.0,0.001798434688527136
base,1000,DK2 0AC_00062 0 offwind-ac,0.0,0.0020410976727565006
base,1000,DK2 0AC_00063 0 offwind-ac,0.0,0.0022194441530826196
base,1000,DK2 0AC_00065 0 offwind-ac,0.0,0.003946013921726587
base,1000,DK2 0AC_00066 0 offwind-ac,0.0,0.0013399923814166866
base,1000,DK2 0AC_00067 0 offwind-ac,0.0,0.0008944036767673784
base,1000,DK2 0AC_00068 0 offwind-ac,0.0,0.0041205646862899035
base,1000,DK2 0AC_00071 0 offwind-ac,0.0,0.0026013714188485924
base,1000,DK2 0AC_00072 0 offwind-ac,0.0,0.001630351596110162
base,1000,DK2 0AC_00074 0 offwind-ac,0.0,0.005187276508122496
base,1000,GB1 0AC_00000 0 offwind-ac,0.0,0.0004767550815373706
base,1000,GB1 0AC_00001 0 offwind-ac,0.0,0.0004330813797406604
base,1000,GB1 0AC_00002 0 offwind-ac,0.0,0.002553580317727938
base,1000,GB1 0AC_00005 0 offwind-ac,0.0,0.0009644246866783928
base,1000,GB1 0AC_00007 0 offwind-ac,0.0,0.0028055464285216733
base,1000,GB1 0AC_00008 0 offwind-ac,0.0,0.0015176199397352865
base,1000,GB1 0AC_00010 0 offwind-ac,0.0,1375.6176354388879
base,1000,GB1 0AC_00012 0 offwind-ac,0.0,0.0015634330260228364
base,1000,GB1 0AC_00013 0 offwind-ac,0.0,0.002135496484671205
base,1000,GB1 0AC_00017 0 offwind-ac,0.0,0.0012922727326901576
base,1000,GB1 0AC_00018 0 offwind-ac,0.0,0.0011015723989215547
base,1000,GB1 0AC_00019 0 offwind-ac,0.0,0.000842533517133881
base,1000,GB1 0AC_00021 0 offwind-ac,0.0,0.0015543447043063112
base,1000,GB1 0AC_00024 0 offwind-ac,0.0,0.00235959056763182
base,1000,GB1 0AC_00028 0 offwind-ac,0.0,0.0036129617898763146
base,1000,GB1 0AC_00029 0 offwind-ac,0.0,0.006012713945186777
base,1000,GB1 0AC_00031 0 offwind-ac,0.0,0.0032497233949911257
base,1000,GB1 0AC_00032 0 offwind-ac,0.0,0.0022429709204483633
base,1000,GB1 0AC_00035 0 offwind-ac,0.0,0.005479156526420212
base,1000,GB1 0AC_00041 0 offwind-ac,0.0,0.0010951297837999534
base,1000,GB1 0AC_00060 0 offwind-ac,0.0,0.001079981515116131
base,1000,GB1 0AC_00061 0 offwind-ac,0.0,0.0008518293719441192
base,1000,GB1 0AC_00063 0 offwind-ac,0.0,0.0020748787818637296
base,1000,GB1 0AC_00075 0 offwind-ac,0.0,0.0016631976294113945
base,1000,GB1 0AC_00085 0 offwind-ac,0.0,0.0015847318887118286
base,1000,GB1 0AC_00107 0 offwind-ac,0.0,0.00199437601176226
base,1000,GB1 0AC_00108 0 offwind-ac,0.0,0.0020554968405898963
base,1000,GB1 0AC_00116 0 offwind-ac,0.0,0.0018834448744022676
base,1000,GB1 0AC_00125 0 offwind-ac,0.0,0.002001222863128717
base,1000,GB1 0AC_00126 0 offwind-ac,0.0,0.0017824582829595544
base,1000,GB1 0AC_00127 0 offwind-ac,0.0,0.0006742825147775336
base,1000,GB1 0AC_00129 0 offwind-ac,0.0,0.0006941004644551615
base,1000,GB1 0AC_00132 0 offwind-ac,0.0,0.001882749338026095
base,1000,GB1 0AC_00135 0 offwind-ac,0.0,0.0018977246073502683
base,1000,GB1 0AC_00155 0 offwind-ac,0.0,0.0016878337347175406
base,1000,GB1 0AC_00156 0 offwind-ac,0.0,0.002933136166252379
base,1000,GB1 0AC_00165 0 offwind-ac,0.0,0.0019439221014507203
base,1000,GB1 0AC_00169 0 offwind-ac,0.0,0.0012458959125777984
base,1000,GB1 0AC_00173 0 offwind-ac,0.0,0.0028968511351466016
base,1000,GB1 0AC_00174 0 offwind-ac,0.0,0.0009165857102673298
base,1000,GB1 0AC_00180 0 offwind-ac,0.0,0.0009663320853314575
base,1000,GB1 0AC_00181 0 offwind-ac,0.0,0.0019532154750932485
base,1000,GB1 0AC_00195 0 offwind-ac,0.0,0.0017354582749526423
base,1000,GB1 0AC_00204 0 offwind-ac,0.0,0.0013731958214984932
base,1000,GB1 0AC_00206 0 offwind-ac,0.0,0.0023467500835781846
base,1000,GB1 0AC_00216 0 offwind-ac,0.0,0.0029882260833460016
base,1000,GB1 0AC_00223 0 offwind-ac,0.0,0.0019604146937716354
base,1000,GB1 0AC_00225 0 offwind-ac,0.0,0.0018230943626076413
base,1000,GB1 0AC_00241 0 offwind-ac,0.0,0.0017964441918901508
base,1000,GB4 0AC_00006 0 offwind-ac,0.0,0.00634827901809274
base,1000,GB4 0AC_00007 0 offwind-ac,0.0,0.006800613570582757
base,1000,GB4 0AC_00026 0 offwind-ac,0.0,114.96262225961868
base,1000,GB4 0AC_00028 0 offwind-ac,0.0,100.85577406769814
base,1000,NL2 0AC_00002 0 offwind-ac,0.0,0.007015405322941281
base,1000,NL2 0AC_00015 0 offwind-ac,0.0,0.0037488242219941743
base,1000,NL2 0AC_00029 0 offwind-ac,0.0,0.006226451468323056
base,1000,NL2 0AC_00033 0 offwind-ac,0.0,0.005397691709316
base,1000,NL2 0AC_00037 0 offwind-ac,0.0,0.000663866258596267
base,1000,NL2 0AC_00038 0 offwind-ac,0.0,0.004333061753006209
base,1000,NL2 0AC_00039 0 offwind-ac,0.0,0.002598344376976312
base,1000,NL2 0AC_00042 0 offwind-ac,0.0,0.004059976470381019
base,1000,NL2 0AC_00048 0 offwind-ac,0.0,0.0053191348942555495
base,1000,NL2 0AC_00049 0 offwind-ac,0.0,0.0027242194188362044
base,1000,NL2 0AC_00056 0 offwind-ac,0.0,0.0035594935298994637
base,1000,NL2 0AC_00059 0 offwind-ac,0.0,0.0015443113885851916
base,1000,NL2 0AC_00062 0 offwind-ac,0.0,0.0060303162069783225
base,1000,NL2 0AC_00078 0 offwind-ac,0.0,0.003038429026408937
base,1000,NL2 0AC_00080 0 offwind-ac,0.0,0.004585186779355726
base,1000,NL2 0AC_00083 0 offwind-ac,0.0,0.013714129059243522
base,1000,NO0 0AC_00120 0 offwind-ac,0.0,0.0006675576012370643
base,1000,NO0 0AC_00126 0 offwind-ac,0.0,0.0015063421384881857
base,1000,NO0 0AC_00127 0 offwind-ac,0.0,0.0005748793309180227
base,1000,NO0 0AC_00130 0 offwind-ac,0.0,0.0011061951273903426
base,1000,NO0 0AC_00146 0 offwind-ac,0.0,0.0008637060068043426
base,1000,NO0 0AC_00162 0 offwind-ac,0.0,0.001419897230229856
base,1000,NO0 0AC_00168 0 offwind-ac,0.0,0.0020206918985328946
base,1000,NO0 0AC_00179 0 offwind-ac,0.0,0.0010011661621920286
base,1000,NO0 0AC_00183 0 offwind-ac,0.0,0.0005617408748988007
base,1000,NO0 0AC_00208 0 offwind-ac,0.0,0.001306602166799906
base,1000,NO0 0AC_00209 0 offwind-ac,0.0,0.0005531064044057221
base,1000,NO0 0AC_00224 0 offwind-ac,0.0,0.0007457817332164257
base,1000,NO0 0AC_00235 0 offwind-ac,0.0,0.0009455972527042391
base,1000,NO0 0AC_00243 0 offwind-ac,0.0,0.0011985766556367656
base,1000,NO0 0AC_00246 0 offwind-ac,0.0,0.0013864152912157275
standard,1000,BE2 0AC_00000 0 offwind-dc,0.11453293606326598,0.004081221787764752
standard,1000,BE2 0AC_00002 0 offwind-dc,0.11452175912715645,0.0030233776724001966
standard,1000,DE2 0AC_00000 0 offwind-dc,0.11453385028248741,1411.8090933723142
standard,1000,DE2 0AC_00001 0 offwind-dc,0.11453378549730098,73.91747787877341
standard,1000,DE2 0AC_00002 0 offwind-dc,0.11453364021276002,628.4406405532619
standard,1000,DE2 0AC_00003 0 offwind-dc,0.11456558182512122,1515.7002498071693
standard,1000,DE2 0AC_00004 0 offwind-dc,0.11453197829211881,588.7851979238897
standard,1000,DE2 0AC_00005 0 offwind-dc,0.11452224662532373,415.7565751977174
standard,1000,DE2 0AC_00006 0 offwind-dc,0.11453289077203688,1223.0720802518176
standard,1000,DE2 0AC_00007 0 offwind-dc,0.1145338001948355,1289.9201808507355
standard,1000,DE2 0AC_00008 0 offwind-dc,0.11453218169886525,1364.8221217547791
standard,1000,DE2 0AC_00009 0 offwind-dc,0.11451097781011943,846.8383887253859
standard,1000,DE2 0AC_00010 0 offwind-dc,0.1145324967642265,0.06032912716163305
standard,1000,DE2 0AC_00011 0 offwind-dc,0.11453325002518955,877.4031154039458
standard,1000,DE2 0AC_00012 0 offwind-dc,0.11455638082158182,1078.6244715500452
standard,1000,DE2 0AC_00013 0 offwind-dc,0.1145546157501609,2693.993274043838
standard,1000,DE2 0AC_00014 0 offwind-dc,0.11453213835627762,774.9320215641925
standard,1000,DE2 0AC_00015 0 offwind-dc,0.11453286450881217,987.2389958203177
standard,1000,DE2 0AC_00016 0 offwind-dc,0.11454485341477161,0.10038854646945551
standard,1000,DE2 0AC_00017 0 offwind-dc,0.11452205757410194,0.035654275031645845
standard,1000,DE2 0AC_00018 0 offwind-dc,0.11454387258905807,2311.3623462118594
standard,1000,DE2 0AC_00019 0 offwind-dc,0.1145442322037522,1427.2319328778917
standard,1000,DE2 0AC_00020 0 offwind-dc,0.11454398864903226,0.47019430826006825
standard,1000,DE2 0AC_00021 0 offwind-dc,0.11452333293241679,0.010255230860831799
standard,1000,DE2 0AC_00022 0 offwind-dc,0.11455645589527441,0.004256924157913065
standard,1000,DE2 0AC_00023 0 offwind-dc,0.11454473107441843,0.0302497850746274
standard,1000,DE2 0AC_00024 0 offwind-dc,0.11456635308972929,0.02165601568249289
standard,1000,DE2 0AC_00025 0 offwind-dc,0.11452209730440777,0.01717510716726575
standard,1000,DE2 0AC_00026 0 offwind-dc,0.11456727420021462,0.0047129897114650526
standard,1000,DE2 0AC_00028 0 offwind-dc,0.11454422063563341,0.01304379442644349
standard,1000,DE2 0AC_00029 0 offwind-dc,0.11453297024126119,0.017197441688916213
standard,1000,DE2 0AC_00030 0 offwind-dc,0.11455664051200543,149.09810910958646
standard,1000,DE2 0AC_00031 0 offwind-dc,0.11453245912824794,0.009739497030318022
standard,1000,DE2 0AC_00032 0 offwind-dc,0.11452279148800826,0.010015594001879177
standard,1000,DE2 0AC_00033 0 offwind-dc,0.11455552430896199,0.005559595022593744
standard,1000,DE2 0AC_00034 0 offwind-dc,0.11452239905129014,0.014517089538095981
standard,1000,DE2 0AC_00035 0 offwind-dc,0.114520964940102,0.008274193690998344
standard,1000,DE2 0AC_00036 0 offwind-dc,0.11451145566018028,0.006691788808902003
standard,1000,DE2 0AC_00037 0 offwind-dc,0.11454509408482172,0.003620608185801488
standard,1000,DE2 0AC_00038 0 offwind-dc,0.11452244311930859,0.006874523028680881
standard,1000,DE2 0AC_00043 0 offwind-dc,0.11457739680146628,0.006411238643795716
standard,1000,DE2 0AC_00045 0 offwind-dc,0.11453548634663335,0.002284999375840645
standard,1000,DK2 0AC_00001 0 offwind-dc,0.11452200250443456,0.0024667362887381425
standard,1000,DK2 0AC_00002 0 offwind-dc,0.11453301844472785,0.0022669477821208937
standard,1000,DK2 0AC_00005 0 offwind-dc,0.11455569140061506,0.0025946967949622506
standard,1000,DK2 0AC_00006 0 offwind-dc,0.1145327288731941,0.003128173433505283
standard,1000,DK2 0AC_00007 0 offwind-dc,0.11451155637830734,0.002788229591964331
standard,1000,DK2 0AC_00008 0 offwind-dc,0.1145110581210752,0.0025110862764866635
standard,1000,DK2 0AC_00009 0 offwind-dc,0.11450000000000005,0.0025435201723670144
standard,1000,DK2 0AC_00010 0 offwind-dc,0.11452175570041656,0.0023287864950723757
standard,1000,DK2 0AC_00011 0 offwind-dc,0.11455613516628171,0.002015971332194532
standard,1000,DK2 0AC_00012 0 offwind-dc,0.11454215362135223,0.0032357570823844904
standard,1000,DK2 0AC_00013 0 offwind-dc,0.1145560889557633,0.0028129127181989325
standard,1000,DK2 0AC_00014 0 offwind-dc,0.11450000000000027,0.0025372329655881727
standard,1000,DK2 0AC_00015 0 offwind-dc,0.11453336100176703,0.003525699296024295
standard,1000,DK2 0AC_00016 0 offwind-dc,0.11454364358146718,0.0010714743321425936
standard,1000,DK2 0AC_00017 0 offwind-dc,0.11455423868262948,0.0018615091168383347
standard,1000,DK2 0AC_00018 0 offwind-dc,0.11457733079261867,0.0024099519044116315
standard,1000,DK2 0AC_00019 0 offwind-dc,0.1145220205533416,0.002951253212355347
standard,1000,DK2 0AC_00020 0 offwind-dc,0.11453319802991013,0.002044518000653882
standard,1000,DK2 0AC_00021 0 offwind-dc,0.11453168640347211,0.002582957627110077
standard,1000,DK2 0AC_00022 0 offwind-dc,0.11453300648470954,0.001840415010451947
standard,1000,DK2 0AC_00024 0 offwind-dc,0.11452172085038703,0.003475320753176423
standard,1000,DK2 0AC_00025 0 offwind-dc,0.11456593483968047,0.0015740183943179764
standard,1000,DK2 0AC_00026 0 offwind-dc,0.1145551030463563,0.002134245609106174
standard,1000,DK2 0AC_00027 0 offwind-dc,0.11453162439581,0.0020697917676145657
standard,1000,DK2 0AC_00028 0 offwind-dc,0.11452104941738994,0.003713599069794496
standard,1000,DK2 0AC_00029 0 offwind-dc,0.11451988316044837,0.004226796548865249
standard,1000,DK2 0AC_00030 0 offwind-dc,0.11457646921717834,0.0012616398739348441
standard,1000,DK2 0AC_00031 0 offwind-dc,0.11457485226674735,0.0016362767985203164
standard,1000,DK2 0AC_00032 0 offwind-dc,0.11450000000000027,0.0025801158046319145
standard,1000,DK2 0AC_00033 0 offwind-dc,0.11456362511159779,0.0019470829248464147
standard,1000,DK2 0AC_00034 0 offwind-dc,0.11454303842915714,0.0038859286627454296
standard,1000,DK2 0AC_00035 0 offwind-dc,0.11451086105850705,0.000933871350647243
standard,1000,DK2 0AC_00036 0 offwind-dc,0.11454388281572203,0.0013143756718916257
standard,1000,DK2 0AC_00037 0 offwind-dc,0.11451041034032838,0.0025506312187322014
standard,1000,DK2 0AC_00038 0 offwind-dc,0.11455359562346956,0.0017566245308296253
standard,1000,DK2 0AC_00039 0 offwind-dc,0.11453218413449218,0.0015735851526379949
standard,1000,DK2 0AC_00040 0 offwind-dc,0.11453272577452878,0.002405961583773071
standard,1000,DK2 0AC_00041 0 offwind-dc,0.11449999999999982,0.0017101061446423143
standard,1000,DK2 0AC_00042 0 offwind-dc,0.1145768621439327,0.0013760729893118819
standard,1000,DK2 0AC_00044 0 offwind-dc,0.11451048535378028,0.0047185984177383474
standard,1000,DK2 0AC_00045 0 offwind-dc,0.11449999999999994,0.0015262404682766504
standard,1000,DK2 0AC_00046 0 offwind-dc,0.114531369411628,0.0026142167244940437
standard,1000,DK2 0AC_00047 0 offwind-dc,0.11452175674228238,0.0015343497261734425
standard,1000,DK2 0AC_00048 0 offwind-dc,0.11453171679437268,0.0020324560102038744
standard,1000,DK2 0AC_00050 0 offwind-dc,0.11450000000000027,0.004175415196747352
standard,1000,DK2 0AC_00054 0 offwind-dc,0.11456444237537,0.001567338645871837
standard,1000,DK2 0AC_00056 0 offwind-dc,0.11451129472383392,0.001351755221748166
standard,1000,DK2 0AC_00073 0 offwind-dc,0.11452216290941741,0.0022734227449159217
standard,1000,FR2 0AC_00000 0 offwind-dc,0.1145214062626978,0.00153526567208309
standard,1000,FR2 0AC_00001 0 offwind-dc,0.11454556645714731,0.0011097999415715222
standard,1000,GB1 0AC_00014 0 offwind-dc,0.11453491652051329,0.003085242169167391
standard,1000,GB1 0AC_00034 0 offwind-dc,0.11452263964026566,0.002817217143173708
standard,1000,GB1 0AC_00042 0 offwind-dc,0.11454675537060455,0.002468617145552193
standard,1000,GB1 0AC_00044 0 offwind-dc,0.11452153099007567,0.004664760352391604
standard,1000,GB1 0AC_00139 0 offwind-dc,0.11456743044311157,0.001263305679214834
standard,1000,GB1 0AC_00144 0 offwind-dc,0.11453362438637937,0.001355493955733928
standard,1000,GB1 0AC_00147 0 offwind-dc,0.11452369136880602,0.0011008850303315552
standard,1000,GB1 0AC_00148 0 offwind-dc,0.11454530459792289,0.001585637599963827
standard,1000,GB1 0AC_00160 0 offwind-dc,0.11453410521616758,0.0015888066331643388
standard,1000,GB1 0AC_00163 0 offwind-dc,0.11452278205886046,0.001961657749200867
standard,1000,GB1 0AC_00164 0 offwind-dc,0.11452320412743888,0.0018123282564074911
standard,1000,GB1 0AC_00172 0 offwind-dc,0.11453341168669562,0.0014366751076639254
standard,1000,GB1 0AC_00183 0 offwind-dc,0.11451116857412036,0.0012682732287307393
standard,1000,GB1 0AC_00184 0 offwind-dc,0.11453469679369466,0.0020101109525246966
standard,1000,GB1 0AC_00186 0 offwind-dc,0.11454522487661778,0.0015189295898020228
standard,1000,GB1 0AC_00189 0 offwind-dc,0.11449999999999982,0.0024579986139792068
standard,1000,GB1 0AC_00192 0 offwind-dc,0.11454399252281244,0.0013123952934055727
standard,1000,GB1 0AC_00196 0 offwind-dc,0.11456554036146538,0.0013784962216491798
standard,1000,GB1 0AC_00199 0 offwind-dc,0.11453347544232984,0.0013681264313909567
standard,1000,GB1 0AC_00200 0 offwind-dc,0.11452150170931141,0.001424383612669811
standard,1000,GB1 0AC_00201 0 offwind-dc,0.11453298947593316,0.001511332792148786
standard,1000,GB1 0AC_00202 0 offwind-dc,0.1145808630445928,0.00116587192861458
standard,1000,GB1 0AC_00205 0 offwind-dc,0.11452258094269996,0.0022594415674578807
standard,1000,GB1 0AC_00207 0 offwind-dc,0.11455598942450651,0.0009655323015264469
standard,1000,GB1 0AC_00209 0 offwind-dc,0.11450000000000005,0.0012442248956877388
standard,1000,GB1 0AC_00210 0 offwind-dc,0.11455735276259094,0.001088079642992732
standard,1000,GB1 0AC_00214 0 offwind-dc,0.11452321534386667,0.002494699846161266
standard,1000,GB1 0AC_00215 0 offwind-dc,0.1145226545767064,0.00147174554343465
standard,1000,GB1 0AC_00217 0 offwind-dc,0.11453208308807716,0.0012666636218159337
standard,1000,GB1 0AC_00218 0 offwind-dc,0.11452264524440126,0.001414105463672675
standard,1000,GB1 0AC_00221 0 offwind-dc,0.11452263277949448,0.00094453952988712
standard,1000,GB1 0AC_00222 0 offwind-dc,0.11453511275744566,0.0013289061055776247
standard,1000,GB1 0AC_00226 0 offwind-dc,0.11453314309059037,0.0011713440777540705
standard,1000,GB1 0AC_00227 0 offwind-dc,0.11451050172036337,0.001475432885095399
standard,1000,GB1 0AC_00228 0 offwind-dc,0.11451085950785711,0.0017854738907341998
standard,1000,GB1 0AC_00230 0 offwind-dc,0.11454372513342181,0.0012846678256419402
standard,1000,GB1 0AC_00231 0 offwind-dc,0.11452297986215454,0.001120515835375163
standard,1000,GB1 0AC_00234 0 offwind-dc,0.1145111096939857,0.000774035095098541
standard,1000,GB1 0AC_00236 0 offwind-dc,0.11453347510191414,0.0011101588774159454
standard,1000,GB1 0AC_00239 0 offwind-dc,0.11453316161330696,0.0010171485924625162
standard,1000,GB1 0AC_00240 0 offwind-dc,0.11456613015733308,0.0014487717027045145
standard,1000,GB1 0AC_00243 0 offwind-dc,0.11449999999999994,0.0014512459038391568
standard,1000,GB1 0AC_00244 0 offwind-dc,0.11453289215447038,0.001269206184143394
standard,1000,GB1 0AC_00246 0 offwind-dc,0.11452263247445638,0.0017762233761927937
standard,1000,GB1 0AC_00247 0 offwind-dc,0.11453291667692,0.0008783544284005107
standard,1000,GB1 0AC_00248 0 offwind-dc,0.11451023867047105,0.001005203385373635
standard,1000,GB1 0AC_00249 0 offwind-dc,0.1145341664726931,0.0010786617493905124
standard,1000,GB1 0AC_00251 0 offwind-dc,0.11456726069380863,0.0011105570465061163
standard,1000,GB1 0AC_00252 0 offwind-dc,0.11450000000000005,0.002613000995902646
standard,1000,GB1 0AC_00253 0 offwind-dc,0.11455582898882732,0.0015128582454064432
standard,1000,GB1 0AC_00254 0 offwind-dc,0.11455552599736973,0.001225200113844401
standard,1000,GB1 0AC_00255 0 offwind-dc,0.11453405354486468,0.0009947640808950515
standard,1000,GB1 0AC_00256 0 offwind-dc,0.1145453912347355,0.0015707154415086093
standard,1000,GB1 0AC_00257 0 offwind-dc,0.11452285245243465,0.0010555316501055223
standard,1000,GB1 0AC_00259 0 offwind-dc,0.11454520981399774,0.0020994473223108342
standard,1000,GB1 0AC_00260 0 offwind-dc,0.1145112398016066,0.0010684491432585194
standard,1000,GB1 0AC_00261 0 offwind-dc,0.11451068096952222,0.0011764424386636091
standard,1000,GB1 0AC_00263 0 offwind-dc,0.11454275634234734,0.0014376257110868926
standard,1000,GB1 0AC_00264 0 offwind-dc,0.11453218377840946,0.0011800935986396156
standard,1000,GB1 0AC_00265 0 offwind-dc,0.11456673540946272,0.0013550424812595887
standard,1000,GB1 0AC_00266 0 offwind-dc,0.11454391516168128,0.0016235432044148725
standard,1000,GB1 0AC_00267 0 offwind-dc,0.11452183036991437,0.0013054258870369981
standard,1000,GB1 0AC_00269 0 offwind-dc,0.11455685599603893,0.002682515535626987
standard,1000,GB1 0AC_00270 0 offwind-dc,0.11456521335225134,0.001465968498893302
standard,1000,GB1 0AC_00271 0 offwind-dc,0.11454333653781501,0.0014093003595407178
standard,1000,GB1 0AC_00272 0 offwind-dc,0.11453384947482481,0.0014229883649351086
standard,1000,GB1 0AC_00273 0 offwind-dc,0.11456644651657877,0.001558001627004904
standard,1000,GB1 0AC_00274 0 offwind-dc,0.11453480597128352,0.002630247737126615
standard,1000,GB4 0AC_00002 0 offwind-dc,0.11453259830128792,0.02383756537753136
standard,1000,GB4 0AC_00003 0 offwind-dc,0.11452260189864083,0.019825328943997786
standard,1000,GB4 0AC_00008 0 offwind-dc,0.1145437991302759,0.003421143362206823
standard,1000,GB4 0AC_00012 0 offwind-dc,0.11454333106867498,1.6613754846788562
standard,1000,NL2 0AC_00000 0 offwind-dc,0.1145787243395402,0.005901133174001853
standard,1000,NL2 0AC_00001 0 offwind-dc,0.11453201517959555,0.0022524439268193
standard,1000,NL2 0AC_00003 0 offwind-dc,0.11459002430293563,0.007080018006839306
standard,1000,NL2 0AC_00004 0 offwind-dc,0.11456610125256217,0.0043538336112508855
standard,1000,NL2 0AC_00005 0 offwind-dc,0.11452106906189718,0.002968813745605192
standard,1000,NL2 0AC_00006 0 offwind-dc,0.11453224373723314,0.002052243463975411
standard,1000,NL2 0AC_00007 0 offwind-dc,0.11455714544025108,0.0023120153241190343
standard,1000,NL2 0AC_00008 0 offwind-dc,0.11454556135466831,0.008132158966029613
standard,1000,NL2 0AC_00009 0 offwind-dc,0.1145454500378289,0.00432249343090372
standard,1000,NL2 0AC_00010 0 offwind-dc,0.11451044778651076,0.0027776514567054342
standard,1000,NL2 0AC_00011 0 offwind-dc,0.11456848263937991,0.004408606337705003
standard,1000,NL2 0AC_00012 0 offwind-dc,0.11450000000000005,0.005068869697609592
standard,1000,NL2 0AC_00013 0 offwind-dc,0.1145900248088052,131.82287027005407
standard,1000,NL2 0AC_00014 0 offwind-dc,0.114543392295406,0.0023610353161155656
standard,1000,NL2 0AC_00016 0 offwind-dc,0.11457548901802639,0.002171851602907854
standard,1000,NL2 0AC_00017 0 offwind-dc,0.11452268468643523,0.004093318868730629
standard,1000,NL2 0AC_00018 0 offwind-dc,0.11455806849624428,0.007887787436731828
standard,1000,NL2 0AC_00019 0 offwind-dc,0.11452295745334051,0.008906248393131153
standard,1000,NL2 0AC_00020 0 offwind-dc,0.11453247874101158,1395.7741606917111
standard,1000,NL2 0AC_00021 0 offwind-dc,0.1145556824992573,0.0032493228346736278
standard,1000,NL2 0AC_00022 0 offwind-dc,0.11456493948438096,0.003517504008910771
standard,1000,NL2 0AC_00023 0 offwind-dc,0.11453291818513933,0.003896893482336064
standard,1000,NL2 0AC_00024 0 offwind-dc,0.11456704370741577,0.006790880317933012
standard,1000,NL2 0AC_00025 0 offwind-dc,0.11450000000000005,0.004343382581653889
standard,1000,NL2 0AC_00026 0 offwind-dc,0.11454443793914204,0.008733093235929244
standard,1000,NL2 0AC_00028 0 offwind-dc,0.11454356440693403,0.0024024733027217557
standard,1000,NL2 0AC_00030 0 offwind-dc,0.114532474236823,0.009461389240321388
standard,1000,NL2 0AC_00031 0 offwind-dc,0.114533462259651,0.0034784118711479505
standard,1000,NL2 0AC_00032 0 offwind-dc,0.11456869908947898,0.005095150740234088
standard,1000,NL2 0AC_00034 0 offwind-dc,0.11456559059676708,0.0031088452884683567
standard,1000,NL2 0AC_00035 0 offwind-dc,0.11452200593200412,0.003956521601702865
standard,1000,NL2 0AC_00036 0 offwind-dc,0.11451115821419677,0.004048463168849916
standard,1000,NL2 0AC_00040 0 offwind-dc,0.1145230476132526,0.012975719090153876
standard,1000,NL2 0AC_00041 0 offwind-dc,0.11453321827759078,0.02212076807815659
standard,1000,NL2 0AC_00043 0 offwind-dc,0.11451120549995275,0.0035077366029960624
standard,1000,NL2 0AC_00044 0 offwind-dc,0.11452308051461713,0.005492412121917863
standard,1000,NL2 0AC_00045 0 offwind-dc,0.11453386329045578,0.0022056917719450583
standard,1000,NL2 0AC_00046 0 offwind-dc,0.11456686346189049,0.004098775868608525
standard,1000,NL2 0AC_00047 0 offwind-dc,0.11452350652875942,0.008673150996338051
standard,1000,NL2 0AC_00050 0 offwind-dc,0.11450000000000005,0.005082282557294954
standard,1000,NL2 0AC_00051 0 offwind-dc,0.1145328858124971,0.0028047457884288274
standard,1000,NL2 0AC_00052 0 offwind-dc,0.11453358100987487,0.015706013413346407
standard,1000,NL2 0AC_00053 0 offwind-dc,0.11454348462628172,0.01838585630996949
standard,1000,NL2 0AC_00054 0 offwind-dc,0.11454352067464879,0.0036628338000229323
standard,1000,NL2 0AC_00055 0 offwind-dc,0.11453378590952379,0.007311350830824147
standard,1000,NL2 0AC_00057 0 offwind-dc,0.11452219773785899,0.005351307569610622
standard,1000,NL2 0AC_00058 0 offwind-dc,0.11454551753216546,0.004199232465715547
standard,1000,NL2 0AC_00061 0 offwind-dc,0.11453364127436916,0.00988179980224674
standard,1000,NL2 0AC_00063 0 offwind-dc,0.11453309070060247,0.002253294943868751
standard,1000,NL2 0AC_00065 0 offwind-dc,0.1145219577448402,0.003007976452766484
standard,1000,NL2 0AC_00066 0 offwind-dc,0.11454463780459523,0.004055235442021892
standard,1000,NL2 0AC_00067 0 offwind-dc,0.1145565870731986,0.007282079254810655
standard,1000,NL2 0AC_00068 0 offwind-dc,0.1145565026371188,0.011165763823559762
standard,1000,NL2 0AC_00069 0 offwind-dc,0.11453394142094964,0.006644293954797147
standard,1000,NL2 0AC_00070 0 offwind-dc,0.11451096604039024,0.003373876712068214
standard,1000,NL2 0AC_00071 0 offwind-dc,0.11451046737604442,0.0051943645820979835
standard,1000,NL2 0AC_00072 0 offwind-dc,0.11454409110190478,0.00540987272976634
standard,1000,NL2 0AC_00073 0 offwind-dc,0.11452146189110934,0.002673898162580804
standard,1000,NL2 0AC_00075 0 offwind-dc,0.1145323186567162,0.003849494119375931
standard,1000,NL2 0AC_00076 0 offwind-dc,0.11454264861633179,0.004464719259665377
standard,1000,NL2 0AC_00081 0 offwind-dc,0.11449999999999994,0.0037388641555332444
standard,1000,NL2 0AC_00082 0 offwind-dc,0.11455586038575094,0.0028723399771941405
standard,1000,NL2 0AC_00084 0 offwind-dc,0.11455770957197842,0.002212947294092251
standard,1000,NL2 0AC_00085 0 offwind-dc,0.11452298122147886,0.004454788448470516
standard,1000,NO0 0AC_00073 0 offwind-dc,0.11453235811405316,0.002286007069595887
standard,1000,NO0 0AC_00104 0 offwind-dc,0.11451166169232496,0.002641663815599018
standard,1000,NO0 0AC_00137 0 offwind-dc,0.11453292727931519,0.0036936151430971903
standard,1000,NO0 0AC_00159 0 offwind-dc,0.11453251843880663,0.004041934909742449
standard,1000,NO0 0AC_00160 0 offwind-dc,0.11452099045494035,0.004003963763625782
standard,1000,NO0 0AC_00173 0 offwind-dc,0.11454199856132219,0.0044219501399195785
standard,1000,DE2 0AC_00040 0 offwind-float,0.11452172984323983,0.0006444240475925623
standard,1000,DE2 0AC_00042 0 offwind-float,0.11455625658405322,0.0006229521505612978
standard,1000,DK2 0AC_00000 0 offwind-float,0.11455667416180848,0.000964817722353236
standard,1000,DK2 0AC_00003 0 offwind-float,0.11451174528017571,0.0008974861954221693
standard,1000,DK2 0AC_00004 0 offwind-float,0.11454364469920197,0.0008880449813549013
standard,1000,DK2 0AC_00023 0 offwind-float,0.11453153920809933,0.0007925392639994038
standard,1000,DK2 0AC_00043 0 offwind-float,0.11455448115471067,0.0008930126596561974
standard,1000,DK2 0AC_00058 0 offwind-float,0.11451048201317715,0.0007814641830663774
standard,1000,DK2 0AC_00064 0 offwind-float,0.11456375861064816,0.0007696355954841755
standard,1000,DK2 0AC_00069 0 offwind-float,0.11452205602380616,0.0006318160476679721
standard,1000,DK2 0AC_00070 0 offwind-float,0.11453337994093393,0.0007035068462563714
standard,1000,DK2 0AC_00075 0 offwind-float,0.11452278135168936,0.0009509782103754291
standard,1000,DK2 0AC_00076 0 offwind-float,0.11456754701195182,0.0009270622959219098
standard,1000,GB1 0AC_00006 0 offwind-float,0.11462988872583058,0.00030636058901462856
standard,1000,GB1 0AC_00009 0 offwind-float,0.11455494240625086,0.0011975969791683614
standard,1000,GB1 0AC_00011 0 offwind-float,0.11453856592591083,0.0007469193026480736
standard,1000,GB1 0AC_00015 0 offwind-float,0.11453538964752485,0.0008608853979234753
standard,1000,GB1 0AC_00016 0 offwind-float,0.11459684105535106,0.0007719675996103495
standard,1000,GB1 0AC_00020 0 offwind-float,0.11452375026518868,0.0009713366424004897
standard,1000,GB1 0AC_00022 0 offwind-float,0.11455764792909728,0.0008467992020241117
standard,1000,GB1 0AC_00023 0 offwind-float,0.11454913955015378,0.0005626809235363586
standard,1000,GB1 0AC_00025 0 offwind-float,0.11454472086290701,0.0010435500111068052
standard,1000,GB1 0AC_00026 0 offwind-float,0.11453371854848438,0.0011435164907033243
standard,1000,GB1 0AC_00027 0 offwind-float,0.11456983089619177,0.0008919139663605581
standard,1000,GB1 0AC_00030 0 offwind-float,0.11452211605037843,0.001327305095368163
standard,1000,GB1 0AC_00033 0 offwind-float,0.11456857990769942,0.00113820775647618
standard,1000,GB1 0AC_00036 0 offwind-float,0.11456863898542313,0.0008874879741321715
standard,1000,GB1 0AC_00037 0 offwind-float,0.11455543852120753,0.0012328880066011265
standard,1000,GB1 0AC_00038 0 offwind-float,0.11454391280660292,0.0012132987668985237
standard,1000,GB1 0AC_00039 0 offwind-float,0.1145361593733184,0.0006381135184870694
standard,1000,GB1 0AC_00040 0 offwind-float,0.11457314387401163,0.0007980342956031437
standard,1000,GB1 0AC_00043 0 offwind-float,0.11455658079326703,0.0011799758955724317
standard,1000,GB1 0AC_00045 0 offwind-float,0.11456918993075826,0.0009267289170623213
standard,1000,GB1 0AC_00046 0 offwind-float,0.11453446176239979,0.0010001372781120457
standard,1000,GB1 0AC_00047 0 offwind-float,0.11452420030954658,0.0006096167910114332
standard,1000,GB1 0AC_00048 0 offwind-float,0.11455712282367414,0.0009218312610081854
standard,1000,GB1 0AC_00049 0 offwind-float,0.11459041696263372,0.0009354734635699512
standard,1000,GB1 0AC_00050 0 offwind-float,0.11454510143414298,0.0012163787009534304
standard,1000,GB1 0AC_00051 0 offwind-float,0.11454561309794842,0.0011652944723018566
standard,1000,GB1 0AC_00052 0 offwind-float,0.11453428282422762,0.000976983820109011
standard,1000,GB1 0AC_00053 0 offwind-float,0.11456546382756339,0.0011787926012343257
standard,1000,GB1 0AC_00054 0 offwind-float,0.11455053922909975,0.0005698476453557391
standard,1000,GB1 0AC_00055 0 offwind-float,0.11456694473065765,0.001112232905186988
standard,1000,GB1 0AC_00056 0 offwind-float,0.11454520354896536,0.0010853962428255817
standard,1000,GB1 0AC_00057 0 offwind-float,0.11454536048212527,0.0012291105242252715
standard,1000,GB1 0AC_00058 0 offwind-float,0.11453425309041465,0.0008365713380432889
standard,1000,GB1 0AC_00059 0 offwind-float,0.11451147808458229,0.000702428246135649
standard,1000,GB1 0AC_00062 0 offwind-float,0.11451340079220584,0.00043266988019342477
standard,1000,GB1 0AC_00064 0 offwind-float,0.11452309142271988,0.0008422859029729764
standard,1000,GB1 0AC_00065 0 offwind-float,0.11453404162013181,0.0012231598075452261
standard,1000,GB1 0AC_00066 0 offwind-float,0.11453212999223572,0.0010618926906354434
standard,1000,GB1 0AC_00067 0 offwind-float,0.11453444458004658,0.001100999442022906
standard,1000,GB1 0AC_00068 0 offwind-float,0.11455526036591002,0.0011523756603376363
standard,1000,GB1 0AC_00069 0 offwind-float,0.11453464562100246,0.0012621846431695317
standard,1000,GB1 0AC_00070 0 offwind-float,0.11451148941370792,0.0013220231048749922
standard,1000,GB1 0AC_00071 0 offwind-float,0.11451173853464103,0.0008144969017769562
standard,1000,GB1 0AC_00072 0 offwind-float,0.11452526627592441,0.0005369255423538907
standard,1000,GB1 0AC_00073 0 offwind-float,0.11454581216467397,0.0010018704703957182
standard,1000,GB1 0AC_00074 0 offwind-float,0.11452107885254481,0.001138539746637455
standard,1000,GB1 0AC_00078 0 offwind-float,0.11453346383722096,0.0011527145748315894
standard,1000,GB1 0AC_00079 0 offwind-float,0.11452232335825208,0.001120895392331382
standard,1000,GB1 0AC_00080 0 offwind-float,0.11453289609663775,0.001203693022902489
standard,1000,GB1 0AC_00081 0 offwind-float,0.11453424925542943,0.000985738310251481
standard,1000,GB1 0AC_00082 0 offwind-float,0.11456072932630146,0.0006214898174821391
standard,1000,GB1 0AC_00083 0 offwind-float,0.11455656981292306,0.001137541706667579
standard,1000,GB1 0AC_00084 0 offwind-float,0.11454514078227518,0.001178665489049769
standard,1000,GB1 0AC_00086 0 offwind-float,0.11453440736658937,0.0008682010375579818
standard,1000,GB1 0AC_00087 0 offwind-float,0.11457910537330085,0.0010478920271804117
standard,1000,GB1 0AC_00088 0 offwind-float,0.11452195054041314,0.0011716310716670757
standard,1000,GB1 0AC_00089 0 offwind-float,0.1145450423440012,0.0011409672295565436
standard,1000,GB1 0AC_00090 0 offwind-float,0.11454725778896535,0.0011721942184481238
standard,1000,GB1 0AC_00091 0 offwind-float,0.11453364987823655,0.0011772409998877546
standard,1000,GB1 0AC_00092 0 offwind-float,0.11451182953280226,0.0005301977997156758
standard,1000,GB1 0AC_00093 0 offwind-float,0.11454588104816499,0.0010104699149206607
standard,1000,GB1 0AC_00094 0 offwind-float,0.11453374406171457,0.0011648321473346867
standard,1000,GB1 0AC_00095 0 offwind-float,0.11452182576723424,0.00118922410039875
standard,1000,GB1 0AC_00096 0 offwind-float,0.11451052071845291,0.0011180098292834346
standard,1000,GB1 0AC_00097 0 offwind-float,0.11450000000000027,0.0007494156287980366
standard,1000,GB1 0AC_00098 0 offwind-float,0.11454724813820816,0.0006867019485149923
standard,1000,GB1 0AC_00099 0 offwind-float,0.11454632100995832,0.0009355198212154919
standard,1000,GB1 0AC_00100 0 offwind-float,0.11451148761134822,0.001210321798276692
standard,1000,GB1 0AC_00101 0 offwind-float,0.11452265715704746,0.0010926305544440946
standard,1000,GB1 0AC_00102 0 offwind-float,0.11454401595184838,0.0011469317676037905
standard,1000,GB1 0AC_00103 0 offwind-float,0.11453424232108445,0.0009801260323676609
standard,1000,GB1 0AC_00104 0 offwind-float,0.11453437216977058,0.0011712155430266566
standard,1000,GB1 0AC_00105 0 offwind-float,0.1145223744875471,0.001122813132266754
standard,1000,GB1 0AC_00106 0 offwind-float,0.11452377005959735,0.0010924104645008547
standard,1000,GB1 0AC_00109 0 offwind-float,0.11452122619369032,0.0011445313060059964
standard,1000,GB1 0AC_00110 0 offwind-float,0.11453494565151445,0.0009008710755921017
standard,1000,GB1 0AC_00111 0 offwind-float,0.11450000000000016,0.0011531328147924844
standard,1000,GB1 0AC_00112 0 offwind-float,0.1145788084500271,0.001219286106760941
standard,1000,GB1 0AC_00113 0 offwind-float,0.11456761016573402,0.0007495948080919107
standard,1000,GB1 0AC_00114 0 offwind-float,0.11451106408581446,0.0010533015981842564
standard,1000,GB1 0AC_00115 0 offwind-float,0.11455542657982598,0.0011342883256493185
standard,1000,GB1 0AC_00117 0 offwind-float,0.11453423252585593,0.0010976155732433967
standard,1000,GB1 0AC_00118 0 offwind-float,0.11453441325761304,0.0009195596725335855
standard,1000,GB1 0AC_00119 0 offwind-float,0.11451170395765886,0.0006166566867686254
standard,1000,GB1 0AC_00120 0 offwind-float,0.11454749860200708,0.000992011315609243
standard,1000,GB1 0AC_00121 0 offwind-float,0.11453361665344153,0.0011058783302217864
standard,1000,GB1 0AC_00122 0 offwind-float,0.1145233508229827,0.0008870176832155492
standard,1000,GB1 0AC_00123 0 offwind-float,0.11454479119510264,0.00112433963737378
standard,1000,GB1 0AC_00124 0 offwind-float,0.11455453096700707,0.0011367186831774574
standard,1000,GB1 0AC_00133 0 offwind-float,0.11452177170593603,0.001117782518299226
standard,1000,GB1 0AC_00134 0 offwind-float,0.11452285189395883,0.0007890942286983823
standard,1000,GB1 0AC_00136 0 offwind-float,0.11451192587882753,0.0010641368947653328
standard,1000,GB1 0AC_00137 0 offwind-float,0.11451119743237237,0.0010860396151014795
standard,1000,GB1 0AC_00138 0 offwind-float,0.1145108545251381,0.0009543580728395064
standard,1000,GB1 0AC_00140 0 offwind-float,0.11453366742419535,0.0006820168398674216
standard,1000,GB1 0AC_00141 0 offwind-float,0.11455534889424468,0.0009263885854212481
standard,1000,GB1 0AC_00142 0 offwind-float,0.11452283403244523,0.0011097982994532824
standard,1000,GB1 0AC_00143 0 offwind-float,0.11453414314386234,0.001121597612217336
standard,1000,GB1 0AC_00145 0 offwind-float,0.11453412174802824,0.0011224287104497875
standard,1000,GB1 0AC_00146 0 offwind-float,0.114535307333538,0.0011055620266387494
standard,1000,GB1 0AC_00149 0 offwind-float,0.11453443134339691,0.000981212393528646
standard,1000,GB1 0AC_00150 0 offwind-float,0.114533991434842,0.0007953228528647954
standard,1000,GB1 0AC_00151 0 offwind-float,0.1145346192442821,0.0010861955524781278
standard,1000,GB1 0AC_00152 0 offwind-float,0.11452295092454001,0.0011161660104417439
standard,1000,GB1 0AC_00153 0 offwind-float,0.11452242313876326,0.0010783965968542304
standard,1000,GB1 0AC_00154 0 offwind-float,0.11451138117252402,0.0010697038567084745
standard,1000,GB1 0AC_00157 0 offwind-float,0.1145561216613129,0.0009107049471888962
standard,1000,GB1 0AC_00158 0 offwind-float,0.11455673361110019,0.0010952575263492184
standard,1000,GB1 0AC_00159 0 offwind-float,0.11456870838830913,0.0010587184280849487
standard,1000,GB1 0AC_00161 0 offwind-float,0.11453360235804588,0.0010761787562117463
standard,1000,GB1 0AC_00162 0 offwind-float,0.1145696502219119,0.001013796946184458
standard,1000,GB1 0AC_00170 0 offwind-float,0.11451110252979202,0.0010905008190657225
standard,1000,GB1 0AC_00171 0 offwind-float,0.11456835538530674,0.0010983371130375208
standard,1000,GB1 0AC_00177 0 offwind-float,0.11453444916953448,0.0010614744807187339
standard,1000,GB1 0AC_00178 0 offwind-float,0.11454736541265365,0.0010638000589884976
standard,1000,GB1 0AC_00179 0 offwind-float,0.11454437756629421,0.000975763376648725
standard,1000,GB1 0AC_00182 0 offwind-float,0.11455845425259104,0.0010447755609265844
standard,1000,GB1 0AC_00185 0 offwind-float,0.1145117570648706,0.0010710560785008652
standard,1000,GB1 0AC_00187 0 offwind-float,0.1145230484467804,0.0010635184816156337
standard,1000,GB1 0AC_00188 0 offwind-float,0.1145463059550661,0.0010696235189649882
standard,1000,GB1 0AC_00190 0 offwind-float,0.11453301609807776,0.0010565052780557075
standard,1000,GB1 0AC_00191 0 offwind-float,0.11452330288600987,0.0010736688562870166
standard,1000,GB1 0AC_00193 0 offwind-float,0.11452267239975045,0.001081633480986255
standard,1000,GB1 0AC_00194 0 offwind-float,0.11451187529134299,0.001013267321242909
standard,1000,GB1 0AC_00197 0 offwind-float,0.11456882949652747,0.0010849159675988295
standard,1000,GB1 0AC_00198 0 offwind-float,0.11454488204892721,0.001064833549752162
standard,1000,GB1 0AC_00203 0 offwind-float,0.11452242162337156,0.0010237350465051014
standard,1000,GB1 0AC_00208 0 offwind-float,0.11453514630215722,0.0010604687331005492
standard,1000,GB1 0AC_00211 0 offwind-float,0.11451126225657093,0.0009618803013565087
standard,1000,GB1 0AC_00212 0 offwind-float,0.11451162974958029,0.0010766231501883137
standard,1000,GB1 0AC_00213 0 offwind-float,0.11455784589518181,0.0010673036165348027
standard,1000,GB1 0AC_00219 0 offwind-float,0.11451104000890122,0.0010051964725960132
standard,1000,GB1 0AC_00220 0 offwind-float,0.11456622914994596,0.0010621342293793083
standard,1000,GB1 0AC_00224 0 offwind-float,0.11452262286655213,0.0010514055025465457
standard,1000,GB1 0AC_00229 0 offwind-float,0.11453407655575953,0.0009818489745679908
standard,1000,GB1 0AC_00232 0 offwind-float,0.11453553802688798,0.0010320158889925565
standard,1000,GB1 0AC_00233 0 offwind-float,0.11452346844045092,0.0010620449854802717
standard,1000,GB1 0AC_00235 0 offwind-float,0.11455675897764428,0.0010465829436105273
standard,1000,GB1 0AC_00237 0 offwind-float,0.11454628056852045,0.0010049264866376208
standard,1000,GB1 0AC_00238 0 offwind-float,0.11453381162218745,0.0009763671265588053
standard,1000,GB1 0AC_00242 0 offwind-float,0.11452218811370918,0.0010116944839005915
standard,1000,GB1 0AC_00245 0 offwind-float,0.11451076965382279,0.0009856988962884566
standard,1000,GB1 0AC_00250 0 offwind-float,0.1145231580815943,0.0010576282507523305
standard,1000,GB1 0AC_00258 0 offwind-float,0.11455546865815947,0.0010040540518152627
standard,1000,GB1 0AC_00262 0 offwind-float,0.1145436016550696,0.0009952497387127847
standard,1000,GB1 0AC_00268 0 offwind-float,0.11453329380516064,0.0010005238989260305
standard,1000,GB4 0AC_00000 0 offwind-float,0.11453560494144055,0.000720421316733493
standard,1000,GB4 0AC_00004 0 offwind-float,0.11453259830128792,0.0008648603407677214
standard,1000,GB4 0AC_00005 0 offwind-float,0.11452299499864893,0.0008542505219051108
standard,1000,GB4 0AC_00009 0 offwind-float,0.11454335418904193,0.0013623422517251389
standard,1000,GB4 0AC_00010 0 offwind-float,0.11453196752955985,0.0015847979375272197
standard,1000,GB4 0AC_00011 0 offwind-float,0.11453136400567199,0.0015108529039825258
standard,1000,GB4 0AC_00013 0 offwind-float,0.11453275930037254,0.0016789570883204074
standard,1000,GB4 0AC_00015 0 offwind-float,0.11452087264914268,0.001455922602207805
standard,1000,GB4 0AC_00016 0 offwind-float,0.11451122310691975,0.0014783824036728303
standard,1000,GB4 0AC_00017 0 offwind-float,0.11452172585810982,0.0013969037120197306
standard,1000,GB4 0AC_00018 0 offwind-float,0.114510646859729,0.0009586349516209442
standard,1000,GB4 0AC_00029 0 offwind-float,0.11451064473097738,0.0013736265290539265
standard,1000,GB4 0AC_00031 0 offwind-float,0.11456660308240418,0.001407667108385849
standard,1000,GB4 0AC_00032 0 offwind-float,0.11454367009761768,0.0015123530481890284
standard,1000,GB4 0AC_00034 0 offwind-float,0.11450000000000005,0.0014918897988870216
standard,1000,GB4 0AC_00035 0 offwind-float,0.11451056285329964,0.0014597968049270644
standard,1000,GB4 0AC_00036 0 offwind-float,0.11456521476389803,0.001406931821632836
standard,1000,GB4 0AC_00037 0 offwind-float,0.11459599488236971,0.0014840394481345624
standard,1000,GB4 0AC_00038 0 offwind-float,0.11454317570932171,0.0015535861769052253
standard,1000,GB4 0AC_00039 0 offwind-float,0.11453399496694683,0.0017116707540933945
standard,1000,GB4 0AC_00040 0 offwind-float,0.114544233257028,0.001568758022580515
standard,1000,GB4 0AC_00041 0 offwind-float,0.11452150676792516,0.001898825321061015
standard,1000,GB4 0AC_00042 0 offwind-float,0.11454541127321294,0.0016839779838523172
standard,1000,GB4 0AC_00043 0 offwind-float,0.1145216824750821,0.0013598320162699334
standard,1000,GB4 0AC_00044 0 offwind-float,0.11452273155982007,0.0016452799668827567
standard,1000,GB4 0AC_00045 0 offwind-float,0.11455379974124169,0.0014789942130300727
standard,1000,GB4 0AC_00046 0 offwind-float,0.1145327355388217,0.0015291348027248498
standard,1000,GB4 0AC_00047 0 offwind-float,0.11457822978437582,0.0014018569340900403
standard,1000,GB4 0AC_00048 0 offwind-float,0.11452138955604341,0.0017341983135316702
standard,1000,GB4 0AC_00049 0 offwind-float,0.11453448418448708,0.0015768815742528356
standard,1000,GB4 0AC_00050 0 offwind-float,0.1145213204466976,0.0014346637215189675
standard,1000,GB4 0AC_00051 0 offwind-float,0.11454387432997348,0.00143972287112801
standard,1000,GB4 0AC_00052 0 offwind-float,0.11455605237898658,0.001358909882773542
standard,1000,GB4 0AC_00053 0 offwind-float,0.11453361290066832,0.0012280342948213245
standard,1000,GB4 0AC_00054 0 offwind-float,0.1145442094032032,0.0015924331051250743
standard,1000,GB4 0AC_00055 0 offwind-float,0.11453477228812192,0.0016428346675369217
standard,1000,GB4 0AC_00056 0 offwind-float,0.11452230288284293,0.0014911574943388705
standard,1000,GB4 0AC_00057 0 offwind-float,0.1145116264032967,0.0013137081713303239
standard,1000,GB4 0AC_00058 0 offwind-float,0.11453376374026936,0.0014833033923937029
standard,1000,GB4 0AC_00059 0 offwind-float,0.11455540027376354,0.0013625222873576163
standard,1000,GB4 0AC_00060 0 offwind-float,0.11453418092561085,0.0014050274687988796
standard,1000,GB4 0AC_00061 0 offwind-float,0.11456590487926188,0.0011915231275322516
standard,1000,GB4 0AC_00062 0 offwind-float,0.11452217605996151,0.0014179654025504103
standard,1000,GB4 0AC_00063 0 offwind-float,0.11453374629745872,0.00149470443982504
standard,1000,GB4 0AC_00064 0 offwind-float,0.11453314923638047,0.0014292486350785886
standard,1000,GB4 0AC_00065 0 offwind-float,0.11458900856246657,0.001298066266000674
standard,1000,GB4 0AC_00066 0 offwind-float,0.11456558909941417,0.0012472504197466505
standard,1000,GB4 0AC_00067 0 offwind-float,0.11453408941014454,0.0012429897587579296
standard,1000,GB4 0AC_00068 0 offwind-float,0.11450000000000016,0.0013872313536344282
standard,1000,GB4 0AC_00069 0 offwind-float,0.11450000000000016,0.0013471252801133828
standard,1000,GB4 0AC_00070 0 offwind-float,0.11454483709686747,0.0010982164350959729
standard,1000,GB4 0AC_00071 0 offwind-float,0.11455694325578314,0.0013903539693333126
standard,1000,GB4 0AC_00072 0 offwind-float,0.11456846741735693,0.0014235981620774915
standard,1000,GB4 0AC_00073 0 offwind-float,0.11451178885093116,0.0012789804196551772
standard,1000,GB4 0AC_00074 0 offwind-float,0.11453367251228375,0.0012778238521457777
standard,1000,GB4 0AC_00075 0 offwind-float,0.11452348271719526,0.0011608017561958496
standard,1000,GB4 0AC_00076 0 offwind-float,0.11454486232242944,0.0013190185965418998
standard,1000,GB4 0AC_00077 0 offwind-float,0.11453375660833098,0.001158910855463445
standard,1000,GB4 0AC_00078 0 offwind-float,0.11452304901060206,0.001199286160356172
standard,1000,GB4 0AC_00079 0 offwind-float,0.11453498878858226,0.00132907375973799
standard,1000,GB4 0AC_00080 0 offwind-float,0.11451198756941028,0.001078273013336622
standard,1000,GB4 0AC_00081 0 offwind-float,0.11452302598985342,0.0012734200771723871
standard,1000,GB4 0AC_00082 0 offwind-float,0.11455720504848244,0.00113170644268397
standard,1000,GB4 0AC_00083 0 offwind-float,0.11453558162499844,0.0011216965861763825
standard,1000,GB4 0AC_00084 0 offwind-float,0.11456846466719861,0.0012002286495390758
standard,1000,GB4 0AC_00085 0 offwind-float,0.11453540329943568,0.0012684664790963496
standard,1000,GB4 0AC_00086 0 offwind-float,0.11456766875734226,0.0011200366139193388
standard,1000,GB4 0AC_00087 0 offwind-float,0.11453424844745352,0.0012040987259793353
standard,1000,GB4 0AC_00088 0 offwind-float,0.11453447320081855,0.0011418882898064449
standard,1000,GB4 0AC_00089 0 offwind-float,0.11454759949681725,0.001143582249706484
standard,1000,NL2 0AC_00027 0 offwind-float,0.11457804680013206,0.0007170034183219551
standard,1000,NL2 0AC_00060 0 offwind-float,0.11454200429308714,0.00039623852622105494
standard,1000,NL2 0AC_00064 0 offwind-float,0.11452203042129083,0.00046967449485997895
standard,1000,NL2 0AC_00074 0 offwind-float,0.1145443590024886,0.0006297173900714165
standard,1000,NL2 0AC_00077 0 offwind-float,0.11457888599706434,0.0005692706634829008
standard,1000,NL2 0AC_00079 0 offwind-float,0.11455759325052839,0.0006317779628604446
standard,1000,NO0 0AC_00000 0 offwind-float,0.11452283594395007,0.0009455005755690838
standard,1000,NO0 0AC_00001 0 offwind-float,0.11459283672901466,0.0009624300507537109
standard,1000,NO0 0AC_00002 0 offwind-float,0.11453509455164224,0.0009269230680250818
standard,1000,NO0 0AC_00003 0 offwind-float,0.114570047015075,0.000858327265576702
standard,1000,NO0 0AC_00004 0 offwind-float,0.11452284959988968,0.0008660145420504863
standard,1000,NO0 0AC_00005 0 offwind-float,0.11455892124603784,0.000880296748585099
standard,1000,NO0 0AC_00006 0 offwind-float,0.11451140664868009,0.000965410038287884
standard,1000,NO0 0AC_00007 0 offwind-float,0.11453532238200226,0.001014400340396955
standard,1000,NO0 0AC_00008 0 offwind-float,0.11452309795529636,0.0009069236419157021
standard,1000,NO0 0AC_00009 0 offwind-float,0.11457000831155584,0.000960290281116708
standard,1000,NO0 0AC_00010 0 offwind-float,0.11453532431794522,0.0009296854877486535
standard,1000,NO0 0AC_00011 0 offwind-float,0.1145548632397071,0.0007873922414281094
standard,1000,NO0 0AC_00012 0 offwind-float,0.11453509013246022,0.0009167135549043974
standard,1000,NO0 0AC_00013 0 offwind-float,0.11451146356427766,0.0009289699406254915
standard,1000,NO0 0AC_00014 0 offwind-float,0.11455950111302104,0.0008599252868576148
standard,1000,NO0 0AC_00015 0 offwind-float,0.11452338155168529,0.0008474267222840656
standard,1000,NO0 0AC_00016 0 offwind-float,0.11454594728796241,0.0009407772970040105
standard,1000,NO0 0AC_00017 0 offwind-float,0.11453431392384406,0.000870330206658641
standard,1000,NO0 0AC_00018 0 offwind-float,0.11451148859357396,0.0009218530333990946
standard,1000,NO0 0AC_00019 0 offwind-float,0.11451128092485396,0.0009104506072074259
standard,1000,NO0 0AC_00020 0 offwind-float,0.11455642086497864,0.0008998623558644224
standard,1000,NO0 0AC_00021 0 offwind-float,0.11452234207168077,0.0009560609576243364
standard,1000,NO0 0AC_00022 0 offwind-float,0.11454781025023797,0.000918772736046081
standard,1000,NO0 0AC_00023 0 offwind-float,0.11457098978686109,0.0009260936128402939
standard,1000,NO0 0AC_00024 0 offwind-float,0.11455797851103666,0.0008455491258686527
standard,1000,NO0 0AC_00025 0 offwind-float,0.11454600315165242,0.0009511456201501913
standard,1000,NO0 0AC_00026 0 offwind-float,0.11452385467619364,0.0009523533211970806
standard,1000,NO0 0AC_00027 0 offwind-float,0.11450000000000016,0.0009521561912127246
standard,1000,NO0 0AC_00028 0 offwind-float,0.11453491339608612,0.0009157048989482817
standard,1000,NO0 0AC_00029 0 offwind-float,0.11455987143959978,0.000927014258118846
standard,1000,NO0 0AC_00030 0 offwind-float,0.11451215935918735,0.000956584312223208
standard,1000,NO0 0AC_00031 0 offwind-float,0.11455592341401011,0.0009225459358086069
standard,1000,NO0 0AC_00032 0 offwind-float,0.11452405793465659,0.0009305404301894845
standard,1000,NO0 0AC_00033 0 offwind-float,0.1145470432162744,0.0009349744448310657
standard,1000,NO0 0AC_00034 0 offwind-float,0.11453506524846457,0.000929242870247928
standard,1000,NO0 0AC_00035 0 offwind-float,0.11455753306282501,0.000927491169512939
standard,1000,NO0 0AC_00036 0 offwind-float,0.11454599309231417,0.0009265159163518918
standard,1000,NO0 0AC_00037 0 offwind-float,0.11453336304537876,0.0009010440026684141
standard,1000,NO0 0AC_00038 0 offwind-float,0.11453442019701965,0.0009184407126634571
standard,1000,NO0 0AC_00039 0 offwind-float,0.11454510927531203,0.0009004549071985529
standard,1000,NO0 0AC_00040 0 offwind-float,0.11456000333972194,0.0009255227765899421
standard,1000,NO0 0AC_00041 0 offwind-float,0.11455792288119948,0.0008975588521096946
standard,1000,NO0 0AC_00042 0 offwind-float,0.11453610677256676,0.0009200681452354065
standard,1000,NO0 0AC_00043 0 offwind-float,0.11457097542315409,0.0009125933046086731
standard,1000,NO0 0AC_00044 0 offwind-float,0.11452259990500069,0.0009172909705961674
standard,1000,NO0 0AC_00045 0 offwind-float,0.11454499894444892,0.0008821575400099108
standard,1000,NO0 0AC_00046 0 offwind-float,0.11454665263428465,0.0009237854603903715
standard,1000,NO0 0AC_00047 0 offwind-float,0.11451100698690186,0.0009302879630864575
standard,1000,NO0 0AC_00048 0 offwind-float,0.11453558729050572,0.0008824267235758058
standard,1000,NO0 0AC_00049 0 offwind-float,0.11453502885730493,0.000911307052791332
standard,1000,NO0 0AC_00050 0 offwind-float,0.1145724959570571,0.0009075191508590186
standard,1000,NO0 0AC_00051 0 offwind-float,0.11455872251986521,0.0009405256814376764
standard,1000,NO0 0AC_00052 0 offwind-float,0.11452360004387463,0.0009327968448904569
standard,1000,NO0 0AC_00053 0 offwind-float,0.11453467813876483,0.0009034017223606907
standard,1000,NO0 0AC_00054 0 offwind-float,0.11453388282842336,0.0009031555276991568
standard,1000,NO0 0AC_00055 0 offwind-float,0.11456957052334904,0.0008993386392796832
standard,1000,NO0 0AC_00056 0 offwind-float,0.11451142641013279,0.0009278419778216813
standard,1000,NO0 0AC_00057 0 offwind-float,0.11452364820398342,0.0009331584301014196
standard,1000,NO0 0AC_00058 0 offwind-float,0.11454972490417847,0.0008705803632862726
standard,1000,NO0 0AC_00059 0 offwind-float,0.11455915573386666,0.0009441182677489211
standard,1000,NO0 0AC_00060 0 offwind-float,0.11454711256692107,0.0009152492994289104
standard,1000,NO0 0AC_00061 0 offwind-float,0.11453554713071334,0.0009008048867122886
standard,1000,NO0 0AC_00062 0 offwind-float,0.1145460243816826,0.0009443019472913046
standard,1000,NO0 0AC_00063 0 offwind-float,0.11453360125426482,0.0009027618707718216
standard,1000,NO0 0AC_00064 0 offwind-float,0.11455696054237297,0.000950234853575578
standard,1000,NO0 0AC_00065 0 offwind-float,0.11453496983281264,0.000892292467516978
standard,1000,NO0 0AC_00066 0 offwind-float,0.11454534687449747,0.0009666611201898993
standard,1000,NO0 0AC_00067 0 offwind-float,0.11453293186300217,0.00096776500223755
standard,1000,NO0 0AC_00068 0 offwind-float,0.11452284995835504,0.000918004836965864
standard,1000,NO0 0AC_00069 0 offwind-float,0.11451328795575377,0.0005250735754525366
standard,1000,NO0 0AC_00070 0 offwind-float,0.11459901108694492,0.0008411903668971064
standard,1000,NO0 0AC_00071 0 offwind-float,0.11454424178173139,0.0009520210287787996
standard,1000,NO0 0AC_00072 0 offwind-float,0.11454527869103803,0.0008048245836165519
standard,1000,NO0 0AC_00074 0 offwind-float,0.11455639227263048,0.0008890680196376461
standard,1000,NO0 0AC_00075 0 offwind-float,0.1145230749966728,0.0009481853797183792
standard,1000,NO0 0AC_00076 0 offwind-float,0.11455655316690205,0.0009614708365613206
standard,1000,NO0 0AC_00077 0 offwind-float,0.11457122702427835,0.0009065670225322815
standard,1000,NO0 0AC_00078 0 offwind-float,0.11454769476415894,0.0008535160684146492
standard,1000,NO0 0AC_00079 0 offwind-float,0.11456910561768441,0.0009414044199715568
standard,1000,NO0 0AC_00080 0 offwind-float,0.11452333674809934,0.000894535262457807
standard,1000,NO0 0AC_00081 0 offwind-float,0.11451085743096123,0.0009868071852894402
standard,1000,NO0 0AC_00082 0 offwind-float,0.1145445269429457,0.000972226233820119
standard,1000,NO0 0AC_00083 0 offwind-float,0.11452268907073637,0.0009441892432363137
standard,1000,NO0 0AC_00084 0 offwind-float,0.11458869476912248,0.0007478063229503023
standard,1000,NO0 0AC_00085 0 offwind-float,0.11456296270540078,0.0005954632341735108
standard,1000,NO0 0AC_00086 0 offwind-float,0.11452521993182829,0.0008405232116707799
standard,1000,NO0 0AC_00087 0 offwind-float,0.11454478722686401,0.0009995978610890604
standard,1000,NO0 0AC_00088 0 offwind-float,0.11453276762916997,0.0008609005725760057
standard,1000,NO0 0AC_00089 0 offwind-float,0.11457083715452165,0.0008598838578046047
standard,1000,NO0 0AC_00090 0 offwind-float,0.1145326313149092,0.0008298686617898252
standard,1000,NO0 0AC_00091 0 offwind-float,0.11453345975337026,0.0009515135205011869
standard,1000,NO0 0AC_00092 0 offwind-float,0.114545619403854,0.0009397031099814705
standard,1000,NO0 0AC_00093 0 offwind-float,0.11451083517404792,0.0009552449285175027
standard,1000,NO0 0AC_00094 0 offwind-float,0.1145363369832163,0.0008017737657035519
standard,1000,NO0 0AC_00095 0 offwind-float,0.11451070689754006,0.000915536964854925
standard,1000,NO0 0AC_00096 0 offwind-float,0.1145334138446269,0.0008313781105199595
standard,1000,NO0 0AC_00097 0 offwind-float,0.11452259800441278,0.0007984911970301568
standard,1000,NO0 0AC_00098 0 offwind-float,0.114543731668589,0.000999157685994726
standard,1000,NO0 0AC_00099 0 offwind-float,0.11449999999999994,0.0008760132653751424
standard,1000,NO0 0AC_00100 0 offwind-float,0.11453405114988946,0.0008278974436067627
standard,1000,NO0 0AC_00101 0 offwind-float,0.11451272325292938,0.0007051120046783192
standard,1000,NO0 0AC_00102 0 offwind-float,0.11456430530038253,0.0006365726249358786
standard,1000,NO0 0AC_00103 0 offwind-float,0.11458694102223277,0.00047383142224586167
standard,1000,NO0 0AC_00105 0 offwind-float,0.1145232877240232,0.0008695977210782416
standard,1000,NO0 0AC_00106 0 offwind-float,0.1145316633592971,0.0009939716659961117
standard,1000,NO0 0AC_00107 0 offwind-float,0.11452191778543719,0.0009193253495695403
standard,1000,NO0 0AC_00108 0 offwind-float,0.11455650842163911,0.000796282130684449
standard,1000,NO0 0AC_00109 0 offwind-float,0.11459964108368026,0.0008755667544583529
standard,1000,NO0 0AC_00110 0 offwind-float,0.11456194187895019,0.0006389407179343711
standard,1000,NO0 0AC_00111 0 offwind-float,0.11460581564675831,0.00044890817117146267
standard,1000,NO0 0AC_00112 0 offwind-float,0.11453265574495752,0.0009452395276286038
standard,1000,NO0 0AC_00113 0 offwind-float,0.11454851325769333,0.000565473526837986
standard,1000,NO0 0AC_00114 0 offwind-float,0.11457735020919524,0.00048148604300682053
standard,1000,NO0 0AC_00115 0 offwind-float,0.1145208923909018,0.0008836806433308335
standard,1000,NO0 0AC_00116 0 offwind-float,0.11452310570005264,0.0007409671388474941
standard,1000,NO0 0AC_00117 0 offwind-float,0.11454428563915786,0.0007845744705271192
standard,1000,NO0 0AC_00118 0 offwind-float,0.11451093443180904,0.0009037709331632606
standard,1000,NO0 0AC_00119 0 offwind-float,0.11469063545394598,0.0002660277601579963
standard,1000,NO0 0AC_00121 0 offwind-float,0.11464518098156806,0.00034062173991140964
standard,1000,NO0 0AC_00123 0 offwind-float,0.11461439687573005,0.0003107024870217536
standard,1000,NO0 0AC_00125 0 offwind-float,0.11466059030215958,0.00047910304734643914
standard,1000,NO0 0AC_00128 0 offwind-float,0.11465211424658217,0.00037538837338856295
standard,1000,NO0 0AC_00129 0 offwind-float,0.11460619563464691,0.0004441097330330297
standard,1000,NO0 0AC_00131 0 offwind-float,0.11452152635629742,0.0007916881681237126
standard,1000,NO0 0AC_00132 0 offwind-float,0.11457546190479262,0.0008863516833667625
standard,1000,NO0 0AC_00133 0 offwind-float,0.1145100348606437,0.0008514078113770109
standard,1000,NO0 0AC_00134 0 offwind-float,0.11451092469687096,0.0008707399198766925
standard,1000,NO0 0AC_00135 0 offwind-float,0.11455463313709136,0.0007572460223677056
standard,1000,NO0 0AC_00136 0 offwind-float,0.11463137312292904,0.0005804909881500448
standard,1000,NO0 0AC_00138 0 offwind-float,0.11456840582694672,0.0006165338398824308
standard,1000,NO0 0AC_00139 0 offwind-float,0.11458035494966279,0.0005338363535623339
standard,1000,NO0 0AC_00140 0 offwind-float,0.11455418174768384,0.00034558572467949857
standard,1000,NO0 0AC_00141 0 offwind-float,0.11456203424358147,0.0005189506451979838
standard,1000,NO0 0AC_00142 0 offwind-float,0.1146626560438444,0.00029992535034387906
standard,1000,NO0 0AC_00143 0 offwind-float,0.1146626560438444,0.00032189119389805553
standard,1000,NO0 0AC_00144 0 offwind-float,0.1146626560438444,0.0003232854687567804
standard,1000,NO0 0AC_00149 0 offwind-float,0.11698756255501808,0.00012355319843039385
standard,1000,NO0 0AC_00150 0 offwind-float,0.11495959052600435,0.0001351375399557242
standard,1000,NO0 0AC_00151 0 offwind-float,0.11492447810970796,0.00014462179356514334
standard,1000,NO0 0AC_00152 0 offwind-float,0.1150241760195625,0.00018246944808891777
standard,1000,NO0 0AC_00154 0 offwind-float,0.11544962989689278,0.00015194367754174916
standard,1000,NO0 0AC_00155 0 offwind-float,0.11451075082113937,0.000916661430062645
standard,1000,NO0 0AC_00156 0 offwind-float,0.11453344239768004,0.0006718168402211274
standard,1000,NO0 0AC_00157 0 offwind-float,0.11454151398521473,0.0007774773591541589
standard,1000,NO0 0AC_00158 0 offwind-float,0.11452186650370522,0.0007244446048861801
standard,1000,NO0 0AC_00161 0 offwind-float,0.11453140298470954,0.0009240461869119582
standard,1000,NO0 0AC_00163 0 offwind-float,0.11470526441862261,0.0003011874328990076
standard,1000,NO0 0AC_00166 0 offwind-float,0.11458578747911963,0.0007926581619006276
standard,1000,NO0 0AC_00167 0 offwind-float,0.11453356268325454,0.0005050156236515931
standard,1000,NO0 0AC_00169 0 offwind-float,0.11482877610113895,0.0003109901388427519
standard,1000,NO0 0AC_00172 0 offwind-float,0.1153299212057185,0.00015181702789737264
standard,1000,NO0 0AC_00174 0 offwind-float,0.11534777962035081,0.00022339510864770676
standard,1000,NO0 0AC_00176 0 offwind-float,0.1158194029477787,0.00017508339308918518
standard,1000,NO0 0AC_00177 0 offwind-float,0.1156394814286602,0.00015396597295091314
standard,1000,NO0 0AC_00178 0 offwind-float,0.11454068935909845,0.000836773290881332
standard,1000,NO0 0AC_00181 0 offwind-float,0.11456223619065264,0.0009100742201720687
standard,1000,NO0 0AC_00182 0 offwind-float,0.11453143285875533,0.0007901469520067381
standard,1000,NO0 0AC_00184 0 offwind-float,0.11450000000000005,0.0009132737731538072
standard,1000,NO0 0AC_00185 0 offwind-float,0.11454160436947802,0.0007556116285992789
standard,1000,NO0 0AC_00186 0 offwind-float,0.1145334454533169,0.00057785856820127
standard,1000,NO0 0AC_00187 0 offwind-float,0.11453371625371866,0.0005330491180382107
standard,1000,NO0 0AC_00188 0 offwind-float,0.11453232472012909,0.000671910243340189
standard,1000,NO0 0AC_00189 0 offwind-float,0.11455747054210008,0.0005024859542949822
standard,1000,NO0 0AC_00190 0 offwind-float,0.11454432732508191,0.0004389008991792917
standard,1000,NO0 0AC_00191 0 offwind-float,0.11454098705492066,0.0007854517506872924
standard,1000,NO0 0AC_00197 0 offwind-float,0.11785576793420882,8.210975286608856e-05
standard,1000,NO0 0AC_00198 0 offwind-float,0.11454168211822979,0.0008761226250524516
standard,1000,NO0 0AC_00199 0 offwind-float,0.11449999999999994,0.0008871583987313424
standard,1000,NO0 0AC_00200 0 offwind-float,0.11453135715616869,0.0008568377427283743
standard,1000,NO0 0AC_00201 0 offwind-float,0.1145555963978705,0.000529436418118358
standard,1000,NO0 0AC_00203 0 offwind-float,0.11456915010179847,0.0005667752263844429
standard,1000,NO0 0AC_00204 0 offwind-float,0.11451973223920697,0.0008261809853046807
standard,1000,NO0 0AC_00205 0 offwind-float,0.1145203959922213,0.0009959658820382956
standard,1000,NO0 0AC_00206 0 offwind-float,0.11453273514757967,0.0006502691251509882
standard,1000,NO0 0AC_00212 0 offwind-float,0.11453199894978616,0.0006931923272341443
standard,1000,NO0 0AC_00214 0 offwind-float,0.11451095266845046,0.0006000426906164887
standard,1000,NO0 0AC_00215 0 offwind-float,0.11452070729699826,0.0009739958435296443
standard,1000,NO0 0AC_00216 0 offwind-float,0.11454229510129532,0.0006406765922887982
standard,1000,NO0 0AC_00219 0 offwind-float,0.11452103397559732,0.0008659599389569498
standard,1000,NO0 0AC_00220 0 offwind-float,0.11457559536185269,0.0007491630883385995
standard,1000,NO0 0AC_00221 0 offwind-float,0.11454204899067233,0.0007751598389750589
standard,1000,NO0 0AC_00223 0 offwind-float,0.11456004777098694,0.0005654016689689848
standard,1000,NO0 0AC_00225 0 offwind-float,0.11451018268533841,0.0007088540223648957
standard,1000,NO0 0AC_00228 0 offwind-float,0.11453232288739745,0.0007076326464336576
standard,1000,NO0 0AC_00229 0 offwind-float,0.11456727675447986,0.0005691839162155498
standard,1000,NO0 0AC_00230 0 offwind-float,0.11452263164067633,0.0006660596125602004
standard,1000,NO0 0AC_00232 0 offwind-float,0.114548674374652,0.0005753844228291939
standard,1000,NO0 0AC_00233 0 offwind-float,0.11453442971345729,0.0006826995653715271
standard,1000,NO0 0AC_00234 0 offwind-float,0.11454527188164487,0.0007448061338227148
standard,1000,NO0 0AC_00236 0 offwind-float,0.11453760299609073,0.0006012804909778504
standard,1000,NO0 0AC_00238 0 offwind-float,0.11459030500456147,0.0007864335829941215
standard,1000,NO0 0AC_00239 0 offwind-float,0.11454858725094841,0.0007145163563941828
standard,1000,NO0 0AC_00240 0 offwind-float,0.11453487682436359,0.0008388321185960704
standard,1000,NO0 0AC_00241 0 offwind-float,0.11455073252065773,0.0006173901848716688
standard,1000,NO0 0AC_00242 0 offwind-float,0.11454919000308972,0.00065068660982156
standard,1000,NO0 0AC_00245 0 offwind-float,0.1145398294080584,0.000473462721972915
standard,1000,BE2 0AC_00001 0 offwind-ac,0.11455807873434076,0.0019425970154984848
standard,1000,BE2 0AC_00003 0 offwind-ac,0.11453363875656042,0.0025650135799376752
standard,1000,DE2 0AC_00039 0 offwind-ac,0.1145470997771636,0.0029392007014775972
standard,1000,DE2 0AC_00041 0 offwind-ac,0.11452360552860841,0.0073394163699737015
standard,1000,DE2 0AC_00044 0 offwind-ac,0.11454398544332522,6.527695220609805
standard,1000,DE2 0AC_00046 0 offwind-ac,0.11454944947913925,0.002191783664663777
standard,1000,DE2 0AC_00047 0 offwind-ac,0.11453566463118126,0.003806991571047072
standard,1000,DE2 0AC_00048 0 offwind-ac,0.11455083633131391,0.0012881321949154703
standard,1000,DE2 0AC_00050 0 offwind-ac,0.11450000000000016,0.0011960380765764567
standard,1000,DE2 0AC_00053 0 offwind-ac,0.11454977908193553,0.0017808057899945792
standard,1000,DK2 0AC_00049 0 offwind-ac,0.11453757230519868,0.0006586923572011773
standard,1000,DK2 0AC_00051 0 offwind-ac,0.11451107606117239,0.0020859184008151835
standard,1000,DK2 0AC_00052 0 offwind-ac,0.11452132345562227,0.0016862730797694413
standard,1000,DK2 0AC_00053 0 offwind-ac,0.11451107745705347,0.0019799810827836367
standard,1000,DK2 0AC_00055 0 offwind-ac,0.11454484413100963,0.0017641456893400678
standard,1000,DK2 0AC_00057 0 offwind-ac,0.11451145376783023,0.0016263376432147994
standard,1000,DK2 0AC_00059 0 offwind-ac,0.11451143767352456,0.0015191679401744497
standard,1000,DK2 0AC_00060 0 offwind-ac,0.11454081125934845,0.0007442874376130637
standard,1000,DK2 0AC_00061 0 offwind-ac,0.11452217091089734,0.0011429163422261113
standard,1000,DK2 0AC_00062 0 offwind-ac,0.11449999999999994,0.0012520957396463472
standard,1000,DK2 0AC_00063 0 offwind-ac,0.11451076851070441,0.0015178003744466225
standard,1000,DK2 0AC_00065 0 offwind-ac,0.11455793374672996,0.002007364259389962
standard,1000,DK2 0AC_00066 0 offwind-ac,0.11453677000681795,0.0009089096291789298
standard,1000,DK2 0AC_00067 0 offwind-ac,0.11452588983291023,0.0006698279854786762
standard,1000,DK2 0AC_00068 0 offwind-ac,0.11454553321706018,0.0018068657180695389
standard,1000,DK2 0AC_00071 0 offwind-ac,0.11458638164034407,0.0015939364549875275
standard,1000,DK2 0AC_00072 0 offwind-ac,0.11455073605048594,0.001093285971067973
standard,1000,DK2 0AC_00074 0 offwind-ac,0.11457068876110266,0.0020420869551185175
standard,1000,GB1 0AC_00000 0 offwind-ac,0.11478135606573558,0.0004517321638425576
standard,1000,GB1 0AC_00001 0 offwind-ac,0.11459394868768158,0.00035991543261252104
standard,1000,GB1 0AC_00002 0 offwind-ac,0.11458462983658513,0.001390918869023681
standard,1000,GB1 0AC_00005 0 offwind-ac,0.11458421070039004,0.0006774530184545536
standard,1000,GB1 0AC_00007 0 offwind-ac,0.11462665355959534,0.0014958272169641662
standard,1000,GB1 0AC_00008 0 offwind-ac,0.1146682088636094,0.0009649593391701599
standard,1000,GB1 0AC_00010 0 offwind-ac,0.11461121837691768,0.004049507814227049
standard,1000,GB1 0AC_00012 0 offwind-ac,0.11462795641412071,0.0009884182695152346
standard,1000,GB1 0AC_00013 0 offwind-ac,0.1145673282927987,0.0011888536122069318
standard,1000,GB1 0AC_00017 0 offwind-ac,0.11457714058473756,0.0008493232193277846
standard,1000,GB1 0AC_00018 0 offwind-ac,0.1145446983969598,0.0007572083230575861
standard,1000,GB1 0AC_00019 0 offwind-ac,0.11456584968600858,0.0006201416899331414
standard,1000,GB1 0AC_00021 0 offwind-ac,0.11458859695123835,0.0009679929921299946
standard,1000,GB1 0AC_00024 0 offwind-ac,0.11455475005117766,0.001273059245953743
standard,1000,GB1 0AC_00028 0 offwind-ac,0.11455443130972376,0.0016297102797920694
standard,1000,GB1 0AC_00029 0 offwind-ac,0.11456425388334912,0.0019567695180945878
standard,1000,GB1 0AC_00031 0 offwind-ac,0.11452469775643315,0.0014813441730769262
standard,1000,GB1 0AC_00032 0 offwind-ac,0.11459739509615063,0.0012161433198185983
standard,1000,GB1 0AC_00035 0 offwind-ac,0.11452417206006116,0.0017914983597590397
standard,1000,GB1 0AC_00041 0 offwind-ac,0.11457228683827791,0.0007644246042930362
standard,1000,GB1 0AC_00060 0 offwind-ac,0.11461488942397902,0.000744502740673499
standard,1000,GB1 0AC_00061 0 offwind-ac,0.11453883464173287,0.0006021147006754523
standard,1000,GB1 0AC_00063 0 offwind-ac,0.11452492412340709,0.0012446312977355827
standard,1000,GB1 0AC_00075 0 offwind-ac,0.11454918914031509,0.0009521289620470518
standard,1000,GB1 0AC_00085 0 offwind-ac,0.11459189481243703,0.000931025872858289
standard,1000,GB1 0AC_00107 0 offwind-ac,0.11452614182933496,0.0011495085096897878
standard,1000,GB1 0AC_00108 0 offwind-ac,0.11453565226344342,0.0010761398292185671
standard,1000,GB1 0AC_00116 0 offwind-ac,0.11452362191215337,0.0010879715798232012
standard,1000,GB1 0AC_00125 0 offwind-ac,0.11453630435652395,0.001173816282386285
standard,1000,GB1 0AC_00126 0 offwind-ac,0.114526272195286,0.001086037998522867
standard,1000,GB1 0AC_00127 0 offwind-ac,0.11450000000000005,0.0007008956869626079
standard,1000,GB1 0AC_00129 0 offwind-ac,0.11455939938008053,0.0005106293639589143
standard,1000,GB1 0AC_00132 0 offwind-ac,0.11454788050194398,0.0010364353343004665
standard,1000,GB1 0AC_00135 0 offwind-ac,0.11452425373165587,0.0010560541730773281
standard,1000,GB1 0AC_00155 0 offwind-ac,0.11452303417953558,0.001024018981167504
standard,1000,GB1 0AC_00156 0 offwind-ac,0.1145576680100624,0.0012019409407776343
standard,1000,GB1 0AC_00165 0 offwind-ac,0.1145456439322512,0.001087223804174857
standard,1000,GB1 0AC_00169 0 offwind-ac,0.11452549770414955,0.0007626525580923176
standard,1000,GB1 0AC_00173 0 offwind-ac,0.11454759599106112,0.0013750832015963451
standard,1000,GB1 0AC_00174 0 offwind-ac,0.11456391006938416,0.000776628509613586
standard,1000,GB1 0AC_00180 0 offwind-ac,0.11453951400647899,0.0006579298586969508
standard,1000,GB1 0AC_00181 0 offwind-ac,0.11452353800019166,0.001107553013877699
standard,1000,GB1 0AC_00195 0 offwind-ac,0.11452429876528358,0.0010014189041620144
standard,1000,GB1 0AC_00204 0 offwind-ac,0.11449999999999994,0.0008259035461748414
standard,1000,GB1 0AC_00206 0 offwind-ac,0.1145441185501146,0.0010829789515456518
standard,1000,GB1 0AC_00216 0 offwind-ac,0.11453472995566094,0.0012707053918715547
standard,1000,GB1 0AC_00223 0 offwind-ac,0.11451055593475101,0.0009866913646969595
standard,1000,GB1 0AC_00225 0 offwind-ac,0.11454778662331089,0.0009710502385390537
standard,1000,GB1 0AC_00241 0 offwind-ac,0.11453349114324574,0.0010778869329241293
standard,1000,GB4 0AC_00006 0 offwind-ac,0.1145568425756246,0.011649268474935318
standard,1000,GB4 0AC_00007 0 offwind-ac,0.11455684257562448,0.011742551487169538
standard,1000,GB4 0AC_00026 0 offwind-ac,0.11452183316739606,114.96270920049535
standard,1000,GB4 0AC_00028 0 offwind-ac,0.11456281185968509,100.85584993217786
standard,1000,NL2 0AC_00002 0 offwind-ac,0.1145448382527764,0.0022581635034156036
standard,1000,NL2 0AC_00015 0 offwind-ac,0.11453558532850727,0.0017776597519493001
standard,1000,NL2 0AC_00029 0 offwind-ac,0.11454421427038508,0.002192088246741699
standard,1000,NL2 0AC_00033 0 offwind-ac,0.11451178678504081,0.002246719887931843
standard,1000,NL2 0AC_00037 0 offwind-ac,0.11455984908349381,0.0008140411764171289
standard,1000,NL2 0AC_00038 0 offwind-ac,0.11453312422328021,0.0017910918242168969
standard,1000,NL2 0AC_00039 0 offwind-ac,0.11453769548579329,0.0015307962967248203
standard,1000,NL2 0AC_00042 0 offwind-ac,0.11454512043570075,0.002085922522595887
standard,1000,NL2 0AC_00048 0 offwind-ac,0.11454480858647431,0.002609071713669057
standard,1000,NL2 0AC_00049 0 offwind-ac,0.1145487169585232,0.0016383150501962048
standard,1000,NL2 0AC_00056 0 offwind-ac,0.11456950996742066,0.0020145997480229155
standard,1000,NL2 0AC_00059 0 offwind-ac,0.11451142423181682,0.0012632398868896821
standard,1000,NL2 0AC_00062 0 offwind-ac,0.11452122964859246,0.00248689366615927
standard,1000,NL2 0AC_00078 0 offwind-ac,0.11457888599706434,0.002381148326439255
standard,1000,NL2 0AC_00080 0 offwind-ac,0.11454493293057122,0.0023677268397257864
standard,1000,NL2 0AC_00083 0 offwind-ac,0.11454401787150326,0.003991898468035166
standard,1000,NO0 0AC_00120 0 offwind-ac,0.11464518098156806,0.0008273323196425127
standard,1000,NO0 0AC_00126 0 offwind-ac,0.11466130489713877,0.0009868526888024715
standard,1000,NO0 0AC_00127 0 offwind-ac,0.11465211424658217,0.0006001976327386915
standard,1000,NO0 0AC_00130 0 offwind-ac,0.11460619563464702,0.0007815065170368344
standard,1000,NO0 0AC_00146 0 offwind-ac,0.11462119019613681,0.0008329711526342727
standard,1000,NO0 0AC_00162 0 offwind-ac,0.1145422248928063,0.0009838101328341145
standard,1000,NO0 0AC_00168 0 offwind-ac,0.11456275946372385,0.001287831988104401
standard,1000,NO0 0AC_00179 0 offwind-ac,0.11463050475843506,0.0007349613380173005
standard,1000,NO0 0AC_00183 0 offwind-ac,0.11466885606746446,0.0004473196128100847
standard,1000,NO0 0AC_00208 0 offwind-ac,0.1145608315555462,0.0009213259432296336
standard,1000,NO0 0AC_00209 0 offwind-ac,0.11484597474959579,0.00044916273757304216
standard,1000,NO0 0AC_00224 0 offwind-ac,0.11457625661295423,0.0009378627977807885
standard,1000,NO0 0AC_00235 0 offwind-ac,0.11468699024112117,0.0007174671178612607
standard,1000,NO0 0AC_00243 0 offwind-ac,0.11455518608337689,0.0008493114965803932
standard,1000,NO0 0AC_00246 0 offwind-ac,0.1146493895351216,0.000950335457049834
glaum,1000,BE2 0AC_00000 0 offwind-dc,0.09402197757772879,0.006191474911554799
glaum,1000,BE2 0AC_00002 0 offwind-dc,0.09402226286753679,0.004067777760421071
glaum,1000,DE2 0AC_00000 0 offwind-dc,0.09403463394233036,1411.8092288524858
glaum,1000,DE2 0AC_00001 0 offwind-dc,0.09403456765731744,73.91751415520226
glaum,1000,DE2 0AC_00002 0 offwind-dc,0.094022553596816,628.4408604741874
glaum,1000,DE2 0AC_00003 0 offwind-dc,0.09405509089137909,1515.700618736428
glaum,1000,DE2 0AC_00004 0 offwind-dc,0.0940327186139579,588.7891327691148
glaum,1000,DE2 0AC_00005 0 offwind-dc,0.0940227616516579,415.7566342000911
glaum,1000,DE2 0AC_00006 0 offwind-dc,0.09403365221848159,1223.0722243235073
glaum,1000,DE2 0AC_00007 0 offwind-dc,0.09402261135505552,1289.9204169756263
glaum,1000,DE2 0AC_00008 0 offwind-dc,0.0940329267297253,1364.8222727591804
glaum,1000,DE2 0AC_00009 0 offwind-dc,0.09401123195479144,846.8385591609527
glaum,1000,DE2 0AC_00010 0 offwind-dc,0.09403324908908983,951.4131282250802
glaum,1000,DE2 0AC_00011 0 offwind-dc,0.09402218280298924,877.4036520346232
glaum,1000,DE2 0AC_00012 0 offwind-dc,0.0940576860805794,1078.624735368562
glaum,1000,DE2 0AC_00014 0 offwind-dc,0.09403288238372376,774.9330447806179
glaum,1000,DE2 0AC_00015 0 offwind-dc,0.09403362534724313,987.2394511023842
glaum,1000,DE2 0AC_00017 0 offwind-dc,0.09401087033322619,0.9065747551313716
glaum,1000,DE2 0AC_00019 0 offwind-dc,0.0940452562129862,1427.234635066787
glaum,1000,DE2 0AC_00020 0 offwind-dc,0.0940331096722653,1358.550437490501
glaum,1000,DE2 0AC_00021 0 offwind-dc,0.09400000000000008,0.019133926782020926
glaum,1000,DE2 0AC_00022 0 offwind-dc,0.09403373752927391,0.00476751717031018
glaum,1000,DE2 0AC_00026 0 offwind-dc,0.09405687240957117,0.006258888228124104
glaum,1000,DE2 0AC_00028 0 offwind-dc,0.09403334056379786,0.018786264813245777
glaum,1000,DE2 0AC_00030 0 offwind-dc,0.09403440769919746,958.2550137656805
glaum,1000,DE2 0AC_00031 0 offwind-dc,0.09403321058180991,0.012659470322986885
glaum,1000,DE2 0AC_00032 0 offwind-dc,0.09401141821210846,0.01805725431490301
glaum,1000,DE2 0AC_00033 0 offwind-dc,0.09404480543400984,0.007682280580128719
glaum,1000,DE2 0AC_00034 0 offwind-dc,0.0940229176064018,0.011375629099322698
glaum,1000,DE2 0AC_00035 0 offwind-dc,0.09402145029444653,0.009427454558806215
glaum,1000,DE2 0AC_00036 0 offwind-dc,0.09401172086744591,0.009890626235335834
glaum,1000,DE2 0AC_00037 0 offwind-dc,0.09403407235036465,0.004383280359586355
glaum,1000,DE2 0AC_00038 0 offwind-dc,0.09401110704032178,0.009580088782150283
glaum,1000,DE2 0AC_00043 0 offwind-dc,0.09406728122950558,0.009638026472679008
glaum,1000,DE2 0AC_00045 0 offwind-dc,0.09401184010802655,0.002214997292264306
glaum,1000,DK2 0AC_00001 0 offwind-dc,0.09402251187918442,0.003605769396610536
glaum,1000,DK2 0AC_00002 0 offwind-dc,0.09402172143348186,0.003236865969460873
glaum,1000,DK2 0AC_00005 0 offwind-dc,0.09405698069899138,0.003904370519407265
glaum,1000,DK2 0AC_00006 0 offwind-dc,0.09403348657155708,0.0046022045236693504
glaum,1000,DK2 0AC_00007 0 offwind-dc,0.09400000000000008,0.0040200530723711846
glaum,1000,DK2 0AC_00008 0 offwind-dc,0.0940113141250073,0.0037558378403159845
glaum,1000,DK2 0AC_00009 0 offwind-dc,0.09399999999999997,0.003603430382792263
glaum,1000,DK2 0AC_00010 0 offwind-dc,0.09402225936146502,0.0032979799643560086
glaum,1000,DK2 0AC_00011 0 offwind-dc,0.09404563545114708,0.0027338233354137166
glaum,1000,DK2 0AC_00012 0 offwind-dc,0.09404312950981952,0.004794558855016615
glaum,1000,DK2 0AC_00013 0 offwind-dc,0.09405738745784464,0.0041809002574963346
glaum,1000,DK2 0AC_00014 0 offwind-dc,0.09400000000000008,0.0036879315715410595
glaum,1000,DK2 0AC_00015 0 offwind-dc,0.09402257215718757,0.005481951992168746
glaum,1000,DK2 0AC_00016 0 offwind-dc,0.09403295523732302,0.001107109983235993
glaum,1000,DK2 0AC_00017 0 offwind-dc,0.09405549434947746,0.0021741850413424715
glaum,1000,DK2 0AC_00018 0 offwind-dc,0.09406728516918517,0.0034988483407791746
glaum,1000,DK2 0AC_00019 0 offwind-dc,0.09402253034593722,0.004356263665679259
glaum,1000,DK2 0AC_00020 0 offwind-dc,0.09402212174185243,0.002842123662734812
glaum,1000,DK2 0AC_00022 0 offwind-dc,0.09402207562429232,0.002533647419152771
glaum,1000,DK2 0AC_00024 0 offwind-dc,0.09402222370463087,0.005353419457373734
glaum,1000,DK2 0AC_00025 0 offwind-dc,0.09405564320096238,0.00191177400643897
glaum,1000,DK2 0AC_00026 0 offwind-dc,0.09404457192128923,0.0030599310614881016
glaum,1000,DK2 0AC_00027 0 offwind-dc,0.09403235652467956,0.0029197474338746327
glaum,1000,DK2 0AC_00028 0 offwind-dc,0.09401030582366243,0.005796550543663864
glaum,1000,DK2 0AC_00029 0 offwind-dc,0.09402034347076926,0.0066718764872751414
glaum,1000,DK2 0AC_00030 0 offwind-dc,0.09405487393237544,0.001338333657912797
glaum,1000,DK2 0AC_00031 0 offwind-dc,0.09407658515378081,0.0019808022775228127
glaum,1000,DK2 0AC_00032 0 offwind-dc,0.0940000000000002,0.003759984646996383
glaum,1000,DK2 0AC_00033 0 offwind-dc,0.09405348794812673,0.002651877967619061
glaum,1000,DK2 0AC_00034 0 offwind-dc,0.09401029849103315,0.005944538826564326
glaum,1000,DK2 0AC_00035 0 offwind-dc,0.0940111125002907,0.0008124499005721697
glaum,1000,DK2 0AC_00036 0 offwind-dc,0.09403321065153836,0.0013963794412627073
glaum,1000,DK2 0AC_00037 0 offwind-dc,0.09401065134764264,0.0036998986025941405
glaum,1000,DK2 0AC_00038 0 offwind-dc,0.09405483640300749,0.0021057393232593374
glaum,1000,DK2 0AC_00039 0 offwind-dc,0.094032929221739,0.0019296581352194369
glaum,1000,DK2 0AC_00040 0 offwind-dc,0.09402209439461973,0.0033657947157543487
glaum,1000,DK2 0AC_00041 0 offwind-dc,0.09399999999999975,0.0019153373987804505
glaum,1000,DK2 0AC_00042 0 offwind-dc,0.0940550362834437,0.0015431690630363585
glaum,1000,DK2 0AC_00044 0 offwind-dc,0.09401072809771294,0.007689919374827172
glaum,1000,DK2 0AC_00045 0 offwind-dc,0.09400000000000008,0.0018979717063114644
glaum,1000,DK2 0AC_00046 0 offwind-dc,0.09403209563741932,0.0035490780580142516
glaum,1000,DK2 0AC_00047 0 offwind-dc,0.09402226042745077,0.001806168348512436
glaum,1000,DK2 0AC_00048 0 offwind-dc,0.0940324510623397,0.002299348133881243
glaum,1000,DK2 0AC_00050 0 offwind-dc,0.09400000000000008,0.0061663855963180365
glaum,1000,DK2 0AC_00054 0 offwind-dc,0.09405459122514825,0.0015346625432346103
glaum,1000,DK2 0AC_00056 0 offwind-dc,0.09400000000000008,0.0012519658131754752
glaum,1000,DK2 0AC_00073 0 offwind-dc,0.09401093487475276,0.0024757563593256937
glaum,1000,FR2 0AC_00000 0 offwind-dc,0.09402190183399672,0.0018245426647645578
glaum,1000,FR2 0AC_00001 0 offwind-dc,0.094022357140774,0.0010581546122041432
glaum,1000,GB1 0AC_00014 0 offwind-dc,0.09402313504920579,0.004915452103279361
glaum,1000,GB1 0AC_00042 0 offwind-dc,0.09402304311176701,0.003776685728481219
glaum,1000,GB1 0AC_00044 0 offwind-dc,0.09402202944890847,0.009111735834876181
glaum,1000,GB1 0AC_00139 0 offwind-dc,0.0940689915092705,0.0015987896139416104
glaum,1000,GB1 0AC_00144 0 offwind-dc,0.09402223121140207,0.0018672569330885557
glaum,1000,GB1 0AC_00147 0 offwind-dc,0.09401187414561962,0.001275787873152933
glaum,1000,GB1 0AC_00148 0 offwind-dc,0.09403425803962084,0.002269053348426403
glaum,1000,GB1 0AC_00163 0 offwind-dc,0.09402330948088966,0.0029047067976661002
glaum,1000,GB1 0AC_00183 0 offwind-dc,0.09401142713512489,0.0017297597411120675
glaum,1000,GB1 0AC_00184 0 offwind-dc,0.09401131613154556,0.0028924271999079
glaum,1000,GB1 0AC_00186 0 offwind-dc,0.094034348765488,0.0021497881201941725
glaum,1000,GB1 0AC_00189 0 offwind-dc,0.09400000000000008,0.0037320319139710133
glaum,1000,GB1 0AC_00192 0 offwind-dc,0.09404501098325024,0.0018029551815653085
glaum,1000,GB1 0AC_00196 0 offwind-dc,0.09406705767079337,0.0017264667961730494
glaum,1000,GB1 0AC_00199 0 offwind-dc,0.09403425042433744,0.000927844810756928
glaum,1000,GB1 0AC_00200 0 offwind-dc,0.09402199949027223,0.001987920984822549
glaum,1000,GB1 0AC_00201 0 offwind-dc,0.094033753207448,0.002100108658198631
glaum,1000,GB1 0AC_00202 0 offwind-dc,0.09404601546247127,0.0015132612782887194
glaum,1000,GB1 0AC_00205 0 offwind-dc,0.09401105231459539,0.0031670595629157026
glaum,1000,GB1 0AC_00207 0 offwind-dc,0.0940450888774661,0.001035976871114567
glaum,1000,GB1 0AC_00209 0 offwind-dc,0.09399999999999997,0.0015748082240641735
glaum,1000,GB1 0AC_00210 0 offwind-dc,0.09404662481435999,0.0011831972851801082
glaum,1000,GB1 0AC_00214 0 offwind-dc,0.09401161204188957,0.0038133442298622505
glaum,1000,GB1 0AC_00215 0 offwind-dc,0.09401117707468754,0.002061675348987741
glaum,1000,GB1 0AC_00217 0 offwind-dc,0.09403282583602246,0.001565761387901367
glaum,1000,GB1 0AC_00218 0 offwind-dc,0.0940110490385545,0.0018266649671198837
glaum,1000,GB1 0AC_00221 0 offwind-dc,0.09401119124360346,0.0010109605518879457
glaum,1000,GB1 0AC_00222 0 offwind-dc,0.09402372562285854,0.0008629960431529389
glaum,1000,GB1 0AC_00226 0 offwind-dc,0.09403391037840159,0.001315336173697193
glaum,1000,GB1 0AC_00227 0 offwind-dc,0.09401074484319494,0.0020707893232587613
glaum,1000,GB1 0AC_00228 0 offwind-dc,0.09401111091374215,0.0021075156313408077
glaum,1000,GB1 0AC_00230 0 offwind-dc,0.09402128560121803,0.0015019532159220648
glaum,1000,GB1 0AC_00231 0 offwind-dc,0.0940114734576063,0.0007376575546622257
glaum,1000,GB1 0AC_00234 0 offwind-dc,0.09401136689186995,0.0006734923217257228
glaum,1000,GB1 0AC_00236 0 offwind-dc,0.09403425007604083,0.0012115825448027729
glaum,1000,GB1 0AC_00239 0 offwind-dc,0.0940223844754331,0.0010347101159122267
glaum,1000,GB1 0AC_00240 0 offwind-dc,0.09406766112088494,0.0019295038559339305
glaum,1000,GB1 0AC_00243 0 offwind-dc,0.09399999999999997,0.002011592530036795
glaum,1000,GB1 0AC_00244 0 offwind-dc,0.09403365363291927,0.0009182142154111675
glaum,1000,GB1 0AC_00246 0 offwind-dc,0.09401107093037009,0.0020977052897105182
glaum,1000,GB1 0AC_00247 0 offwind-dc,0.09403367872308233,0.0007757271471041305
glaum,1000,GB1 0AC_00248 0 offwind-dc,0.09401047570349719,0.0010250452057504495
glaum,1000,GB1 0AC_00249 0 offwind-dc,0.09401139517266999,0.0011799366963473799
glaum,1000,GB1 0AC_00251 0 offwind-dc,0.09405668121570132,0.0006661984759606229
glaum,1000,GB1 0AC_00252 0 offwind-dc,0.09399999999999986,0.004056436709226964
glaum,1000,GB1 0AC_00253 0 offwind-dc,0.09404511595931975,0.0020987378044803493
glaum,1000,GB1 0AC_00254 0 offwind-dc,0.09405681146653544,0.0014985326049796622
glaum,1000,GB1 0AC_00255 0 offwind-dc,0.09402302287477671,0.0010827038014359187
glaum,1000,GB1 0AC_00257 0 offwind-dc,0.09402338150412837,0.0007991568169508761
glaum,1000,GB1 0AC_00259 0 offwind-dc,0.09404625645565434,0.0025987151232044828
glaum,1000,GB1 0AC_00260 0 offwind-dc,0.09400000000000008,0.001185190873491951
glaum,1000,GB1 0AC_00261 0 offwind-dc,0.09401092824210844,0.0013386520399925027
glaum,1000,GB1 0AC_00263 0 offwind-dc,0.09404374618426503,0.002002357407714093
glaum,1000,GB1 0AC_00264 0 offwind-dc,0.09403292885741266,0.0013234764200289854
glaum,1000,GB1 0AC_00265 0 offwind-dc,0.09403284738785156,0.0017581940325512
glaum,1000,GB1 0AC_00266 0 offwind-dc,0.09404493183114992,0.002302837754532846
glaum,1000,GB1 0AC_00267 0 offwind-dc,0.0940223357596186,0.0009432308665913568
glaum,1000,GB1 0AC_00269 0 offwind-dc,0.09403384585519392,0.0042422637649672515
glaum,1000,GB1 0AC_00270 0 offwind-dc,0.09406672309106667,0.002051284232664904
glaum,1000,GB1 0AC_00271 0 offwind-dc,0.0940325757302154,0.0018431754907643305
glaum,1000,GB1 0AC_00272 0 offwind-dc,0.09402237922012147,0.000997611175328207
glaum,1000,GB1 0AC_00274 0 offwind-dc,0.09401160112038653,0.00416274346832814
glaum,1000,GB4 0AC_00002 0 offwind-dc,0.09402178559285101,0.01033622459166206
glaum,1000,GB4 0AC_00003 0 offwind-dc,0.09402312514982314,0.02257032467818254
glaum,1000,GB4 0AC_00008 0 offwind-dc,0.09404481311352908,0.0028727876472311
glaum,1000,GB4 0AC_00012 0 offwind-dc,0.09404433421594527,527.7009931220199
glaum,1000,NL2 0AC_00000 0 offwind-dc,0.09408054686801048,0.009957678311016882
glaum,1000,NL2 0AC_00001 0 offwind-dc,0.09402119556977162,0.002426812745856191
glaum,1000,NL2 0AC_00004 0 offwind-dc,0.09405570371531236,0.007463146917320821
glaum,1000,NL2 0AC_00005 0 offwind-dc,0.09402155682674074,0.003892650020610278
glaum,1000,NL2 0AC_00006 0 offwind-dc,0.09402134684188468,0.0025465837841618633
glaum,1000,NL2 0AC_00007 0 offwind-dc,0.09404645315552473,0.002401574701676955
glaum,1000,NL2 0AC_00008 0 offwind-dc,0.09402228005240687,0.01252376207452772
glaum,1000,NL2 0AC_00010 0 offwind-dc,0.09401068966073223,0.0035376644241037437
glaum,1000,NL2 0AC_00013 0 offwind-dc,0.09406779550870636,131.8229486251261
glaum,1000,NL2 0AC_00014 0 offwind-dc,0.09404439686012167,0.002926278086435604
glaum,1000,NL2 0AC_00016 0 offwind-dc,0.09407723664633749,0.0024832453939583853
glaum,1000,NL2 0AC_00017 0 offwind-dc,0.09401144367289582,0.00662188257336757
glaum,1000,NL2 0AC_00019 0 offwind-dc,0.09401146089384882,0.018374418860483566
glaum,1000,NL2 0AC_00020 0 offwind-dc,0.09403323064862379,1395.77413158456
glaum,1000,NL2 0AC_00021 0 offwind-dc,0.09403373539162885,0.00438956085640112
glaum,1000,NL2 0AC_00026 0 offwind-dc,0.09403333718621087,0.017733537559494313
glaum,1000,NL2 0AC_00028 0 offwind-dc,0.09403293514064204,0.0029474550105915787
glaum,1000,NL2 0AC_00031 0 offwind-dc,0.0940225387579322,0.005626719124480954
glaum,1000,NL2 0AC_00040 0 offwind-dc,0.09402358118306808,0.037755539441223465
glaum,1000,NL2 0AC_00045 0 offwind-dc,0.09402283776841469,0.0029080195562466216
glaum,1000,NL2 0AC_00051 0 offwind-dc,0.09403364714412454,0.004129762135685273
glaum,1000,NL2 0AC_00057 0 offwind-dc,0.09402271163241127,0.008923421091261664
glaum,1000,NL2 0AC_00063 0 offwind-dc,0.09403385677554565,0.002656683330714654
glaum,1000,NL2 0AC_00065 0 offwind-dc,0.09402246608337106,0.004291565703994504
glaum,1000,NL2 0AC_00066 0 offwind-dc,0.09403360555458395,0.0055459817302838344
glaum,1000,NL2 0AC_00068 0 offwind-dc,0.09404571376587412,0.026334463539820174
glaum,1000,NL2 0AC_00069 0 offwind-dc,0.09403472719071715,0.01035666735596919
glaum,1000,NL2 0AC_00070 0 offwind-dc,0.09401121991258454,0.004745400746574582
glaum,1000,NL2 0AC_00071 0 offwind-dc,0.09401070970377912,0.00824981303376603
glaum,1000,NL2 0AC_00072 0 offwind-dc,0.09403318394870053,0.007443525698483375
glaum,1000,NL2 0AC_00073 0 offwind-dc,0.09402195875024855,0.003228579104668946
glaum,1000,NL2 0AC_00075 0 offwind-dc,0.09403306685825508,0.004904369299793102
glaum,1000,NL2 0AC_00076 0 offwind-dc,0.09404363596431009,0.007078002860184316
glaum,1000,NL2 0AC_00081 0 offwind-dc,0.09399999999999997,0.005356064761234013
glaum,1000,NL2 0AC_00082 0 offwind-dc,0.09404526576879313,0.0034633401000039132
glaum,1000,NL2 0AC_00084 0 offwind-dc,0.09403515180524447,0.002562644920232268
glaum,1000,NL2 0AC_00085 0 offwind-dc,0.09399999999999986,0.006953711818567111
glaum,1000,NO0 0AC_00073 0 offwind-dc,0.09403310722905933,0.0031774076412276375
glaum,1000,NO0 0AC_00104 0 offwind-dc,0.09399999999999997,0.003739369848000915
glaum,1000,NO0 0AC_00137 0 offwind-dc,0.0940221085378441,0.005631475914374663
glaum,1000,NO0 0AC_00159 0 offwind-dc,0.09402194292289456,0.006586400416161045
glaum,1000,NO0 0AC_00160 0 offwind-dc,0.09402147639997271,0.006460539292203636
glaum,1000,NO0 0AC_00173 0 offwind-dc,0.09403167673937707,0.007228715699835511
glaum,1000,BE2 0AC_00001 0 offwind-ac,0.09403486252433291,0.0020300558808662244
glaum,1000,BE2 0AC_00003 0 offwind-ac,0.09403441751941688,0.003526985206822911
glaum,1000,DE2 0AC_00039 0 offwind-ac,0.09403534089145704,0.0020463977981733487
glaum,1000,DE2 0AC_00041 0 offwind-ac,0.09401182706977895,0.010696159670771723
glaum,1000,DE2 0AC_00044 0 offwind-ac,0.09404500373986757,6.527871545382692
glaum,1000,DE2 0AC_00046 0 offwind-ac,0.09403763880568938,0.0024972969099646227
glaum,1000,DE2 0AC_00047 0 offwind-ac,0.0940364902945795,0.002802651406374753
glaum,1000,DE2 0AC_00048 0 offwind-ac,0.09403834309288117,0.0009047475542838199
glaum,1000,DE2 0AC_00050 0 offwind-ac,0.09399999999999997,0.0008109825324458219
glaum,1000,DE2 0AC_00053 0 offwind-ac,0.09405093150562793,0.0017842458460540158
glaum,1000,DK2 0AC_00049 0 offwind-ac,0.09402514429431719,0.00051249351503872
glaum,1000,DK2 0AC_00051 0 offwind-ac,0.09401133248043148,0.002925973062386604
glaum,1000,DK2 0AC_00052 0 offwind-ac,0.09402181710987423,0.0018487273786860763
glaum,1000,DK2 0AC_00053 0 offwind-ac,0.09401133390862804,0.002490070877968403
glaum,1000,DK2 0AC_00057 0 offwind-ac,0.09401171893128646,0.002023921245147638
glaum,1000,DK2 0AC_00059 0 offwind-ac,0.09401170246438517,0.001743706030925727
glaum,1000,DK2 0AC_00060 0 offwind-ac,0.09402717481519618,0.0007507361966001135
glaum,1000,DK2 0AC_00061 0 offwind-ac,0.09402268418438475,0.0012067735271460837
glaum,1000,DK2 0AC_00062 0 offwind-ac,0.09399999999999986,0.0013419173642624854
glaum,1000,DK2 0AC_00063 0 offwind-ac,0.09401101780993604,0.002043259786895916
glaum,1000,DK2 0AC_00065 0 offwind-ac,0.09403473325392597,0.00243131204568088
glaum,1000,DK2 0AC_00066 0 offwind-ac,0.09402469375442002,0.0009413356324675342
glaum,1000,DK2 0AC_00067 0 offwind-ac,0.09402648920227741,0.0006724143578554538
glaum,1000,DK2 0AC_00068 0 offwind-ac,0.0940344840832601,0.002048570694070172
glaum,1000,DK2 0AC_00071 0 offwind-ac,0.09404892684734278,0.0022393844950563506
glaum,1000,DK2 0AC_00072 0 offwind-ac,0.09403792577652759,0.001178318119399337
glaum,1000,DK2 0AC_00074 0 offwind-ac,0.09407232525980669,0.001474585376129904
glaum,1000,GB1 0AC_00000 0 offwind-ac,0.09426610833908788,0.0002856570939123864
glaum,1000,GB1 0AC_00001 0 offwind-ac,0.09409612367141662,0.00027682970079495037
glaum,1000,GB1 0AC_00002 0 offwind-ac,0.0940565480119453,0.001901376254957507
glaum,1000,GB1 0AC_00005 0 offwind-ac,0.09406825669131735,0.0008005161402718018
glaum,1000,GB1 0AC_00007 0 offwind-ac,0.09408509155102351,0.0020893148196217404
glaum,1000,GB1 0AC_00008 0 offwind-ac,0.09413944834757071,0.0011891033180903001
glaum,1000,GB1 0AC_00010 0 offwind-ac,0.09407458208513586,0.007041469743925295
glaum,1000,GB1 0AC_00012 0 offwind-ac,0.09409994614212314,0.0012625887646636163
glaum,1000,GB1 0AC_00013 0 offwind-ac,0.09405451837629997,0.0014095726822057728
glaum,1000,GB1 0AC_00017 0 offwind-ac,0.09407892644807703,0.0010704496405546124
glaum,1000,GB1 0AC_00018 0 offwind-ac,0.09403020257892492,0.000779535524157742
glaum,1000,GB1 0AC_00019 0 offwind-ac,0.09404982178293886,0.000620946472328775
glaum,1000,GB1 0AC_00021 0 offwind-ac,0.09407490791527362,0.0011026986826006026
glaum,1000,GB1 0AC_00024 0 offwind-ac,0.09404153376590751,0.0016048810533804978
glaum,1000,GB1 0AC_00028 0 offwind-ac,0.09404105406680141,0.0022371177759177973
glaum,1000,GB1 0AC_00029 0 offwind-ac,0.0940523360938581,0.002613219669351033
glaum,1000,GB1 0AC_00031 0 offwind-ac,0.09402526952832135,0.0016961233976244571
glaum,1000,GB1 0AC_00032 0 offwind-ac,0.09405531039845016,0.0013228857212923188
glaum,1000,GB1 0AC_00035 0 offwind-ac,0.09402473166167746,0.0020989954903643986
glaum,1000,GB1 0AC_00041 0 offwind-ac,0.09407396033368698,0.0007791490372646716
glaum,1000,GB1 0AC_00060 0 offwind-ac,0.09407219277607859,0.0007633287028915103
glaum,1000,GB1 0AC_00061 0 offwind-ac,0.09402574099717331,0.0004980436948935448
glaum,1000,GB1 0AC_00063 0 offwind-ac,0.09402550113586317,0.0017024910064577638
glaum,1000,GB1 0AC_00075 0 offwind-ac,0.09405032790640933,0.0010112130606836013
glaum,1000,GB1 0AC_00085 0 offwind-ac,0.09405278589061794,0.0009852155480705894
glaum,1000,GB1 0AC_00107 0 offwind-ac,0.09401323251130578,0.0013614725080751504
glaum,1000,GB1 0AC_00108 0 offwind-ac,0.09403647764051914,0.0011648203716084638
glaum,1000,GB1 0AC_00116 0 offwind-ac,0.09402416877742636,0.0011847230188787373
glaum,1000,GB1 0AC_00125 0 offwind-ac,0.09403714483005132,0.0015041561814266424
glaum,1000,GB1 0AC_00126 0 offwind-ac,0.09399999999999997,0.0013747385032828702
glaum,1000,GB1 0AC_00127 0 offwind-ac,0.09399999999999997,0.0003805710521535071
glaum,1000,GB1 0AC_00129 0 offwind-ac,0.09406077452100836,0.0005062476753806039
glaum,1000,GB1 0AC_00132 0 offwind-ac,0.09403632319568123,0.0011188874528323684
glaum,1000,GB1 0AC_00135 0 offwind-ac,0.09402481522403172,0.0011435344292004778
glaum,1000,GB1 0AC_00155 0 offwind-ac,0.09402356743835016,0.0011334927585965496
glaum,1000,GB1 0AC_00156 0 offwind-ac,0.09404689570533953,0.0013606708233910966
glaum,1000,GB1 0AC_00165 0 offwind-ac,0.09404670062407594,0.001185839670691287
glaum,1000,GB1 0AC_00169 0 offwind-ac,0.09402608799543677,0.000800524815769026
glaum,1000,GB1 0AC_00173 0 offwind-ac,0.09403616858977071,0.0016392022101314975
glaum,1000,GB1 0AC_00174 0 offwind-ac,0.0940653896362077,0.00045177660661846675
glaum,1000,GB1 0AC_00180 0 offwind-ac,0.09401262233373953,0.0005679882274366944
glaum,1000,GB1 0AC_00181 0 offwind-ac,0.09402408292283859,0.0012292083645031018
glaum,1000,GB1 0AC_00195 0 offwind-ac,0.0940117789308047,0.0010817404544909226
glaum,1000,GB1 0AC_00204 0 offwind-ac,0.09400000000000008,0.0008700269396002507
glaum,1000,GB1 0AC_00206 0 offwind-ac,0.0940451399281802,0.001181374931575799
glaum,1000,GB1 0AC_00216 0 offwind-ac,0.09403553398060838,0.0014375434787332012
glaum,1000,GB1 0AC_00223 0 offwind-ac,0.09401080031268705,0.0008869438106590784
glaum,1000,GB1 0AC_00225 0 offwind-ac,0.09402383164659456,0.001050484847581816
glaum,1000,GB1 0AC_00241 0 offwind-ac,0.09403426648874147,0.0007439808259388433
glaum,1000,GB4 0AC_00006 0 offwind-ac,0.09404610352069376,0.006711224888543224
glaum,1000,GB4 0AC_00007 0 offwind-ac,0.09404610352069354,0.007968868790520185
glaum,1000,GB4 0AC_00026 0 offwind-ac,0.09401079928028733,114.96151875063633
glaum,1000,GB4 0AC_00028 0 offwind-ac,0.09406426600211704,100.85572149327628
glaum,1000,NL2 0AC_00002 0 offwind-ac,0.09404587629250727,0.002839941080982235
glaum,1000,NL2 0AC_00015 0 offwind-ac,0.09402409828359026,0.0021128584134600032
glaum,1000,NL2 0AC_00029 0 offwind-ac,0.09404523786444818,0.0027049870803264745
glaum,1000,NL2 0AC_00033 0 offwind-ac,0.09399999999999986,0.0027610860105512585
glaum,1000,NL2 0AC_00037 0 offwind-ac,0.09404512782283658,0.00038996450814572615
glaum,1000,NL2 0AC_00038 0 offwind-ac,0.09403389107429927,0.002134863832756998
glaum,1000,NL2 0AC_00039 0 offwind-ac,0.09401258423121361,0.001750756249041202
glaum,1000,NL2 0AC_00042 0 offwind-ac,0.09404616500818164,0.0025082907916522544
glaum,1000,NL2 0AC_00048 0 offwind-ac,0.09404584593940801,0.002928103113686807
glaum,1000,NL2 0AC_00049 0 offwind-ac,0.09403671132984848,0.002175615042722043
glaum,1000,NL2 0AC_00056 0 offwind-ac,0.09405856851049155,0.0024880927161087785
glaum,1000,NL2 0AC_00059 0 offwind-ac,0.09401168871149168,0.0008895418857868979
glaum,1000,NL2 0AC_00062 0 offwind-ac,0.09402172113114016,0.003032722817614379
glaum,1000,NL2 0AC_00078 0 offwind-ac,0.0940807122680295,0.001487925561061513
glaum,1000,NL2 0AC_00080 0 offwind-ac,0.09403386182069717,0.002404740164637843
glaum,1000,NL2 0AC_00083 0 offwind-ac,0.09404503691878252,0.004650159854592049
glaum,1000,NO0 0AC_00120 0 offwind-ac,0.09407139395477326,0.0003935956906290783
glaum,1000,NO0 0AC_00126 0 offwind-ac,0.09416503922846708,0.0011666164784475855
glaum,1000,NO0 0AC_00127 0 offwind-ac,0.09411474197243408,0.00031815347623037003
glaum,1000,NO0 0AC_00130 0 offwind-ac,0.09410865414454006,0.0006352049276589447
glaum,1000,NO0 0AC_00146 0 offwind-ac,0.09410785220708362,0.00047118837528405263
glaum,1000,NO0 0AC_00162 0 offwind-ac,0.09404320243126185,0.0010674655222355353
glaum,1000,NO0 0AC_00168 0 offwind-ac,0.09405069928707277,0.0013373719800330286
glaum,1000,NO0 0AC_00179 0 offwind-ac,0.0941335260430739,0.0007884399572773732
glaum,1000,NO0 0AC_00183 0 offwind-ac,0.09417276521414197,0.0004354600724253719
glaum,1000,NO0 0AC_00208 0 offwind-ac,0.09406223985242779,0.0009336092354949789
glaum,1000,NO0 0AC_00209 0 offwind-ac,0.09429303953263957,0.00041895228913514085
glaum,1000,NO0 0AC_00224 0 offwind-ac,0.09404483576059885,0.0004343986943794437
glaum,1000,NO0 0AC_00235 0 offwind-ac,0.09415469949758082,0.0006935060790749319
glaum,1000,NO0 0AC_00243 0 offwind-ac,0.09405646368327425,0.001052249472609603
glaum,1000,NO0 0AC_00246 0 offwind-ac,0.09413467608469595,0.0011294401132605405
glaum,1000,DE2 0AC_00040 0 offwind-float,0.09402223290567491,0.00045449283574740544
glaum,1000,DE2 0AC_00042 0 offwind-float,0.09404547750565384,0.00037384727163339564
glaum,1000,DK2 0AC_00003 0 offwind-float,0.09399999999999986,0.0011940353567588538
glaum,1000,DK2 0AC_00004 0 offwind-float,0.0940326257126739,0.0011900567491732851
glaum,1000,DK2 0AC_00023 0 offwind-float,0.09403226936480824,0.000901141713337809
glaum,1000,DK2 0AC_00043 0 offwind-float,0.09404406628647388,0.0010766226776162755
glaum,1000,DK2 0AC_00058 0 offwind-float,0.09401072467977234,0.0008448564704960956
glaum,1000,DK2 0AC_00064 0 offwind-float,0.09405401667791125,0.0007988614273013402
glaum,1000,DK2 0AC_00069 0 offwind-float,0.09402256663757014,0.000641603738172471
glaum,1000,DK2 0AC_00070 0 offwind-float,0.09402239542739188,0.0007221739420566179
glaum,1000,DK2 0AC_00075 0 offwind-float,0.09401134886974849,0.0012534889683031643
glaum,1000,DK2 0AC_00076 0 offwind-float,0.09404463233536309,0.0012093699810980312
glaum,1000,GB1 0AC_00006 0 offwind-float,0.09411522500690572,0.00023296366008355605
glaum,1000,GB1 0AC_00009 0 offwind-float,0.09405621436483713,0.0016802485927004981
glaum,1000,GB1 0AC_00011 0 offwind-float,0.09402601710373559,0.0009936841778429158
glaum,1000,GB1 0AC_00015 0 offwind-float,0.09402404927178976,0.0011197570542376824
glaum,1000,GB1 0AC_00016 0 offwind-float,0.0940602120033105,0.0010375432653025917
glaum,1000,GB1 0AC_00020 0 offwind-float,0.0940000000000003,0.0013445215198205334
glaum,1000,GB1 0AC_00022 0 offwind-float,0.09404636560407809,0.001142546740259855
glaum,1000,GB1 0AC_00023 0 offwind-float,0.094037021361292,0.0006172764077654743
glaum,1000,GB1 0AC_00025 0 offwind-float,0.09403381013671663,0.0014546717209166394
glaum,1000,GB1 0AC_00026 0 offwind-float,0.09402253034444541,0.0015946277412519944
glaum,1000,GB1 0AC_00027 0 offwind-float,0.09405902676440303,0.001217068984995051
glaum,1000,GB1 0AC_00033 0 offwind-float,0.09405796506540232,0.001595062111750533
glaum,1000,GB1 0AC_00036 0 offwind-float,0.0940579198083965,0.0012146411891194283
glaum,1000,GB1 0AC_00037 0 offwind-float,0.0940447568077728,0.00172991746953149
glaum,1000,GB1 0AC_00038 0 offwind-float,0.09403313385049694,0.0017175541947051219
glaum,1000,GB1 0AC_00039 0 offwind-float,0.09403699649037423,0.000673759084185154
glaum,1000,GB1 0AC_00040 0 offwind-float,0.0940489271303302,0.001074909022942321
glaum,1000,GB1 0AC_00045 0 offwind-float,0.09404636570056257,0.0012757063602471478
glaum,1000,GB1 0AC_00046 0 offwind-float,0.09403525957846903,0.0013707988766948496
glaum,1000,GB1 0AC_00047 0 offwind-float,0.09401182610885328,0.000718822144104214
glaum,1000,GB1 0AC_00048 0 offwind-float,0.09403424155127815,0.0012598370069486543
glaum,1000,GB1 0AC_00049 0 offwind-float,0.0940925101842418,0.0012749745003255146
glaum,1000,GB1 0AC_00050 0 offwind-float,0.094022340957573,0.001714148759687111
glaum,1000,GB1 0AC_00051 0 offwind-float,0.09402286315026154,0.0016335035835893612
glaum,1000,GB1 0AC_00052 0 offwind-float,0.09402287099356499,0.0013453090285910165
glaum,1000,GB1 0AC_00054 0 offwind-float,0.09405170925077833,0.0007150186851476913
glaum,1000,GB1 0AC_00058 0 offwind-float,0.09403504607556823,0.0011232142533073551
glaum,1000,GB1 0AC_00059 0 offwind-float,0.09401174381098998,0.0009339652735129198
glaum,1000,GB1 0AC_00062 0 offwind-float,0.09401371103076062,0.0002255577783340433
glaum,1000,GB1 0AC_00064 0 offwind-float,0.09402362600675795,0.0011383444174734318
glaum,1000,GB1 0AC_00072 0 offwind-float,0.09402585120947216,0.0006335935134312981
glaum,1000,GB1 0AC_00082 0 offwind-float,0.09403626219013139,0.0007959464636696703
glaum,1000,GB1 0AC_00092 0 offwind-float,0.0940121033955037,0.0005348740575426171
glaum,1000,GB1 0AC_00097 0 offwind-float,0.0940000000000002,0.0009930534860800094
glaum,1000,GB1 0AC_00098 0 offwind-float,0.094048341968624,0.0009149406815363217
glaum,1000,GB1 0AC_00113 0 offwind-float,0.09405670511896813,0.0009961366604884076
glaum,1000,GB1 0AC_00119 0 offwind-float,0.09401197491320001,0.000772934999072305
glaum,1000,GB1 0AC_00120 0 offwind-float,0.09402383623489885,0.0013742651701003539
glaum,1000,GB1 0AC_00134 0 offwind-float,0.09401110600981788,0.0010553306016502218
glaum,1000,GB1 0AC_00140 0 offwind-float,0.0940221762936726,0.0009112393779967788
glaum,1000,GB1 0AC_00150 0 offwind-float,0.0940226872750567,0.0010641810639335405
glaum,1000,GB1 0AC_00162 0 offwind-float,0.09404681129231107,0.001408038733246328
glaum,1000,GB1 0AC_00211 0 offwind-float,0.0940115229863957,0.0013232836512389083
glaum,1000,GB4 0AC_00000 0 offwind-float,0.09403642922297573,0.0008240641526938115
glaum,1000,GB4 0AC_00004 0 offwind-float,0.09402178559285101,0.00044682498936412845
glaum,1000,GB4 0AC_00005 0 offwind-float,0.09401149718985358,0.0010264927555722145
glaum,1000,GB4 0AC_00009 0 offwind-float,0.0940443578715664,0.001710454020889685
glaum,1000,GB4 0AC_00015 0 offwind-float,0.09402135586688087,0.0018316432878694845
glaum,1000,GB4 0AC_00018 0 offwind-float,0.09401089334264745,0.0007354344577319821
glaum,1000,GB4 0AC_00029 0 offwind-float,0.09401089116461359,0.001699703031495289
glaum,1000,GB4 0AC_00032 0 offwind-float,0.09403302758422782,0.0018126112150598063
glaum,1000,GB4 0AC_00034 0 offwind-float,0.09399999999999975,0.0018461669244188073
glaum,1000,GB4 0AC_00037 0 offwind-float,0.09409821723707146,0.0018533977227466417
glaum,1000,GB4 0AC_00042 0 offwind-float,0.09402280110815975,0.0021442707182571137
glaum,1000,GB4 0AC_00052 0 offwind-float,0.09403357505373966,0.0016901780086534721
glaum,1000,NL2 0AC_00027 0 offwind-float,0.0940677559643126,0.00046826886382067
glaum,1000,NL2 0AC_00060 0 offwind-float,0.09404297672449113,0.00020481217025665428
glaum,1000,NL2 0AC_00064 0 offwind-float,0.09402254044233693,0.0003870081690733004
glaum,1000,NL2 0AC_00074 0 offwind-float,0.09403346222742881,0.0003427835340594512
glaum,1000,NL2 0AC_00077 0 offwind-float,0.0940807122680295,0.000305388223654733
glaum,1000,NL2 0AC_00079 0 offwind-float,0.09405892657818027,0.0002935285512291382
glaum,1000,NO0 0AC_00003 0 offwind-float,0.09405940387653511,0.0011310598162024967
glaum,1000,NO0 0AC_00004 0 offwind-float,0.0940233785855451,0.0011426812608348045
glaum,1000,NO0 0AC_00005 0 offwind-float,0.09403533988118717,0.0011762980724603067
glaum,1000,NO0 0AC_00011 0 offwind-float,0.09405613336552743,0.0010378405191352289
glaum,1000,NO0 0AC_00014 0 offwind-float,0.0940236436149976,0.0011407234087834018
glaum,1000,NO0 0AC_00015 0 offwind-float,0.09402392285242989,0.0011277029810985327
glaum,1000,NO0 0AC_00017 0 offwind-float,0.09403510831733763,0.0011530615405949873
glaum,1000,NO0 0AC_00024 0 offwind-float,0.09405932075776291,0.0011132980201802058
glaum,1000,NO0 0AC_00037 0 offwind-float,0.09403413542531136,0.0012164901779257117
glaum,1000,NO0 0AC_00039 0 offwind-float,0.09404615358942126,0.0012196444397936967
glaum,1000,NO0 0AC_00045 0 offwind-float,0.09403381531879429,0.0011785199238125044
glaum,1000,NO0 0AC_00048 0 offwind-float,0.09403641116340844,0.0011955218708951602
glaum,1000,NO0 0AC_00053 0 offwind-float,0.09403548096411185,0.001218201444444166
glaum,1000,NO0 0AC_00065 0 offwind-float,0.09402354284293102,0.0011829911104345003
glaum,1000,NO0 0AC_00069 0 offwind-float,0.09399999999999997,0.0005028381357778757
glaum,1000,NO0 0AC_00072 0 offwind-float,0.09404632692725057,0.0010520631129855907
glaum,1000,NO0 0AC_00074 0 offwind-float,0.09404564633012458,0.0011730542320897523
glaum,1000,NO0 0AC_00078 0 offwind-float,0.09404879893430595,0.0011495129827987548
glaum,1000,NO0 0AC_00080 0 offwind-float,0.0940238770116072,0.0011923410287585654
glaum,1000,NO0 0AC_00083 0 offwind-float,0.09401117439543394,0.0012807207636753618
glaum,1000,NO0 0AC_00084 0 offwind-float,0.09406401410644727,0.0009707054417216199
glaum,1000,NO0 0AC_00085 0 offwind-float,0.09405078103838982,0.000687216479619772
glaum,1000,NO0 0AC_00086 0 offwind-float,0.09402580379247472,0.0011330612417583246
glaum,1000,NO0 0AC_00088 0 offwind-float,0.09403352622476324,0.0011301437640648768
glaum,1000,NO0 0AC_00089 0 offwind-float,0.09405969464053232,0.001132870258858808
glaum,1000,NO0 0AC_00090 0 offwind-float,0.09403338675472372,0.0010855129851788197
glaum,1000,NO0 0AC_00091 0 offwind-float,0.09403423437216629,0.0012657102982579305
glaum,1000,NO0 0AC_00093 0 offwind-float,0.09401108601658636,0.0012729885548389836
glaum,1000,NO0 0AC_00094 0 offwind-float,0.0940371782120768,0.00107873201920709
glaum,1000,NO0 0AC_00095 0 offwind-float,0.0940109547703799,0.0012121226262246786
glaum,1000,NO0 0AC_00096 0 offwind-float,0.0940106810769219,0.0011060284940233654
glaum,1000,NO0 0AC_00097 0 offwind-float,0.09402312116544054,0.0010525296726781636
glaum,1000,NO0 0AC_00098 0 offwind-float,0.09403307417238671,0.0013517798480371518
glaum,1000,NO0 0AC_00099 0 offwind-float,0.09399999999999997,0.0011531722640445094
glaum,1000,NO0 0AC_00100 0 offwind-float,0.09403483945996582,0.0010807719893291255
glaum,1000,NO0 0AC_00101 0 offwind-float,0.09401301780593307,0.0009200667183054487
glaum,1000,NO0 0AC_00102 0 offwind-float,0.09405219400451081,0.0008243207893302472
glaum,1000,NO0 0AC_00103 0 offwind-float,0.09407328190691777,0.0004903852803592947
glaum,1000,NO0 0AC_00105 0 offwind-float,0.09399999999999986,0.0011484979415963242
glaum,1000,NO0 0AC_00106 0 offwind-float,0.09403239639020111,0.001324048902715462
glaum,1000,NO0 0AC_00107 0 offwind-float,0.0940108388591312,0.0012272897490688993
glaum,1000,NO0 0AC_00108 0 offwind-float,0.09405781663467527,0.0010494253737522116
glaum,1000,NO0 0AC_00109 0 offwind-float,0.09407834313356012,0.0011645295334314174
glaum,1000,NO0 0AC_00110 0 offwind-float,0.09403709382061731,0.0007793821789681772
glaum,1000,NO0 0AC_00111 0 offwind-float,0.094094251864422,0.00042591290788663726
glaum,1000,NO0 0AC_00112 0 offwind-float,0.09403341175034596,0.0012480739660861533
glaum,1000,NO0 0AC_00113 0 offwind-float,0.09404963637658958,0.000562802642405929
glaum,1000,NO0 0AC_00114 0 offwind-float,0.09407914092550063,0.0004582179092703058
glaum,1000,NO0 0AC_00115 0 offwind-float,0.09402137606567718,0.001174024905726718
glaum,1000,NO0 0AC_00116 0 offwind-float,0.09401163192408912,0.0009318840002385393
glaum,1000,NO0 0AC_00117 0 offwind-float,0.09404531088546242,0.001010380811800614
glaum,1000,NO0 0AC_00118 0 offwind-float,0.09401118757224058,0.001193865925695972
glaum,1000,NO0 0AC_00119 0 offwind-float,0.09411907903831163,0.0002375471135945041
glaum,1000,NO0 0AC_00121 0 offwind-float,0.09407139395477326,0.00019107068951033042
glaum,1000,NO0 0AC_00123 0 offwind-float,0.0940968866251034,0.0002808811280239114
glaum,1000,NO0 0AC_00125 0 offwind-float,0.09414856889485268,0.0005284154123252368
glaum,1000,NO0 0AC_00128 0 offwind-float,0.09411474197243408,0.00019256225240687894
glaum,1000,NO0 0AC_00129 0 offwind-float,0.09410865414454006,0.00023434012357525114
glaum,1000,NO0 0AC_00131 0 offwind-float,0.09401071191727906,0.0009440166996284458
glaum,1000,NO0 0AC_00132 0 offwind-float,0.09406564454722266,0.001169403759297047
glaum,1000,NO0 0AC_00133 0 offwind-float,0.09401026717531658,0.0011094828570272996
glaum,1000,NO0 0AC_00134 0 offwind-float,0.09401117761193134,0.0011474515156723595
glaum,1000,NO0 0AC_00135 0 offwind-float,0.09405589793586089,0.0009318059308673686
glaum,1000,NO0 0AC_00136 0 offwind-float,0.09405877516781824,0.0005681344097708675
glaum,1000,NO0 0AC_00138 0 offwind-float,0.09405557888866012,0.0007915452107354825
glaum,1000,NO0 0AC_00139 0 offwind-float,0.09408221522800042,0.0006536376474432473
glaum,1000,NO0 0AC_00140 0 offwind-float,0.0940358645703181,0.00017608378445468226
glaum,1000,NO0 0AC_00141 0 offwind-float,0.09406347038360796,0.0006484049152841242
glaum,1000,NO0 0AC_00142 0 offwind-float,0.09414454320876386,0.00016903175228580802
glaum,1000,NO0 0AC_00143 0 offwind-float,0.09414454320876386,0.00016020256919186936
glaum,1000,NO0 0AC_00144 0 offwind-float,0.09414454320876386,0.00016068167482431318
glaum,1000,NO0 0AC_00149 0 offwind-float,0.09555844497805732,0.00012136471977760519
glaum,1000,NO0 0AC_00150 0 offwind-float,0.09422910415300001,0.00010531627361993593
glaum,1000,NO0 0AC_00151 0 offwind-float,0.09430545940043289,0.0001006322407792466
glaum,1000,NO0 0AC_00152 0 offwind-float,0.09441156094138392,9.443690496483143e-05
glaum,1000,NO0 0AC_00154 0 offwind-float,0.09457767291122854,0.00010052084733125314
glaum,1000,NO0 0AC_00155 0 offwind-float,0.09401099971084381,0.0012262513327845964
glaum,1000,NO0 0AC_00156 0 offwind-float,0.09402210929967914,0.0007698049896461619
glaum,1000,NO0 0AC_00157 0 offwind-float,0.09404247506561758,0.0009008839841350491
glaum,1000,NO0 0AC_00158 0 offwind-float,0.0940107695280119,0.0008677772839551445
glaum,1000,NO0 0AC_00161 0 offwind-float,0.09403212998774346,0.0012409985665715103
glaum,1000,NO0 0AC_00163 0 offwind-float,0.09418533409488083,0.0002759489001433071
glaum,1000,NO0 0AC_00166 0 offwind-float,0.09404292469131392,0.0009478067197295597
glaum,1000,NO0 0AC_00167 0 offwind-float,0.09403433968495611,0.0004892399050227216
glaum,1000,NO0 0AC_00169 0 offwind-float,0.09428538854479862,0.00032092042366926795
glaum,1000,NO0 0AC_00172 0 offwind-float,0.09457758317485498,0.00012720005177130106
glaum,1000,NO0 0AC_00174 0 offwind-float,0.09473172671056473,0.00023010158380729046
glaum,1000,NO0 0AC_00176 0 offwind-float,0.09525455351767942,9.014199594646757e-05
glaum,1000,NO0 0AC_00177 0 offwind-float,0.0948883248207284,0.000130206559064705
glaum,1000,NO0 0AC_00178 0 offwind-float,0.09403056072422344,0.0010467084115932212
glaum,1000,NO0 0AC_00181 0 offwind-float,0.09406367700590779,0.0012228984140591345
glaum,1000,NO0 0AC_00182 0 offwind-float,0.09403216055339614,0.0009762908522577857
glaum,1000,NO0 0AC_00184 0 offwind-float,0.09399999999999986,0.0012273269620102895
glaum,1000,NO0 0AC_00185 0 offwind-float,0.0940313846237889,0.0008463915097322306
glaum,1000,NO0 0AC_00186 0 offwind-float,0.09402234498772655,0.0005624869847042758
glaum,1000,NO0 0AC_00187 0 offwind-float,0.09402247888818216,0.0005176540454529821
glaum,1000,NO0 0AC_00188 0 offwind-float,0.09403307306204034,0.0006600175971354616
glaum,1000,NO0 0AC_00189 0 offwind-float,0.09405880102895847,0.0004814893886527892
glaum,1000,NO0 0AC_00190 0 offwind-float,0.09402956592993206,0.00021585956196702488
glaum,1000,NO0 0AC_00191 0 offwind-float,0.09403095567987352,0.0009282288932492043
glaum,1000,NO0 0AC_00197 0 offwind-float,0.09677642304229306,8.310232728931614e-05
glaum,1000,NO0 0AC_00198 0 offwind-float,0.09402049362687837,0.0011757388096054239
glaum,1000,NO0 0AC_00199 0 offwind-float,0.09399999999999997,0.0011895053554858116
glaum,1000,NO0 0AC_00200 0 offwind-float,0.09402104628452335,0.001138495541727982
glaum,1000,NO0 0AC_00201 0 offwind-float,0.09403341500691864,0.0005154698205850175
glaum,1000,NO0 0AC_00203 0 offwind-float,0.09405842596379543,0.0005703581406922383
glaum,1000,NO0 0AC_00204 0 offwind-float,0.09402018905558607,0.001055719422149946
glaum,1000,NO0 0AC_00205 0 offwind-float,0.09402086817498878,0.0013292942484410103
glaum,1000,NO0 0AC_00206 0 offwind-float,0.0940220286418656,0.0006470298149963575
glaum,1000,NO0 0AC_00212 0 offwind-float,0.09402107530268367,0.0007848656451337916
glaum,1000,NO0 0AC_00214 0 offwind-float,0.09401120623107406,0.0006121061293030482
glaum,1000,NO0 0AC_00215 0 offwind-float,0.09402118668670845,0.001294870139443909
glaum,1000,NO0 0AC_00216 0 offwind-float,0.09403193669145438,0.0006296956199918864
glaum,1000,NO0 0AC_00219 0 offwind-float,0.09402152092816607,0.0011586877906370218
glaum,1000,NO0 0AC_00220 0 offwind-float,0.09406586766317204,0.0009204761846894446
glaum,1000,NO0 0AC_00221 0 offwind-float,0.09403179026890929,0.0009987017335090368
glaum,1000,NO0 0AC_00223 0 offwind-float,0.09404852515622875,0.00057681627046797
glaum,1000,NO0 0AC_00225 0 offwind-float,0.09401041842226587,0.0007926357696715974
glaum,1000,NO0 0AC_00228 0 offwind-float,0.09402156271073125,0.0007598378920821523
glaum,1000,NO0 0AC_00229 0 offwind-float,0.09404081314342061,0.0006841713841417626
glaum,1000,NO0 0AC_00230 0 offwind-float,0.09402315558040952,0.0007295493889336899
glaum,1000,NO0 0AC_00232 0 offwind-float,0.09404980122352868,0.0006086381803363926
glaum,1000,NO0 0AC_00233 0 offwind-float,0.09403522678756882,0.0007821487779318037
glaum,1000,NO0 0AC_00234 0 offwind-float,0.09404631996021473,0.0009081064301512502
glaum,1000,NO0 0AC_00236 0 offwind-float,0.09402526138179956,0.0006393709430007643
glaum,1000,NO0 0AC_00238 0 offwind-float,0.0940801624891352,0.001021063944473465
glaum,1000,NO0 0AC_00239 0 offwind-float,0.09404971208284507,0.0009159147749120975
glaum,1000,NO0 0AC_00240 0 offwind-float,0.0940356842494332,0.0011130173335952187
glaum,1000,NO0 0AC_00241 0 offwind-float,0.09405190701718347,0.0007196594094338594
glaum,1000,NO0 0AC_00242 0 offwind-float,0.09405032878915776,0.0007336664383150406
glaum,1000,NO0 0AC_00245 0 offwind-float,0.09402688095622957,0.0004385733219967393
glaum,1000,DE2 0AC_00013 0 offwind-dc,0.09405601700841149,2000.0018998125609
glaum,1000,DE2 0AC_00016 0 offwind-dc,0.09404598973528544,2000.0005265321968
glaum,1000,DE2 0AC_00018 0 offwind-dc,0.09403329453932807,2000.0012726607113
glaum,1000,DE2 0AC_00023 0 offwind-dc,0.09618177262086613,0.0893981296636878
glaum,1000,DE2 0AC_00024 0 offwind-dc,0.09767277816950126,0.05224084989208671
glaum,1000,DE2 0AC_00025 0 offwind-dc,0.09828820430204599,0.04495758861576452
glaum,1000,DE2 0AC_00029 0 offwind-dc,0.09916424944667734,0.03699900298210844
glaum,1000,DK2 0AC_00021 0 offwind-dc,0.11601144144290032,0.004641310962566188
glaum,1000,GB1 0AC_00034 0 offwind-dc,0.11412418667530033,0.005369635265009091
glaum,1000,GB1 0AC_00160 0 offwind-dc,0.12410500770443367,0.0030140744367362846
glaum,1000,GB1 0AC_00164 0 offwind-dc,0.12564948368832862,0.003496325979897001
glaum,1000,GB1 0AC_00172 0 offwind-dc,0.11728836002872278,0.002519567228523539
glaum,1000,GB1 0AC_00256 0 offwind-dc,0.1264331798718925,0.002989109401152633
glaum,1000,GB1 0AC_00273 0 offwind-dc,0.12706068845778362,0.002980776443448143
glaum,1000,NL2 0AC_00003 0 offwind-dc,0.1052223960320473,0.015033060023760142
glaum,1000,NL2 0AC_00009 0 offwind-dc,0.11328126831626151,0.008485743371368537
glaum,1000,NL2 0AC_00011 0 offwind-dc,0.11805437559413778,0.008772085351032006
glaum,1000,NL2 0AC_00012 0 offwind-dc,0.1095523568068939,0.00993897673074577
glaum,1000,NL2 0AC_00018 0 offwind-dc,0.10630193703397917,0.01667583462647873
glaum,1000,NL2 0AC_00022 0 offwind-dc,0.11474260985253104,0.006791852847630245
glaum,1000,NL2 0AC_00023 0 offwind-dc,0.1125270027857116,0.007579232246803807
glaum,1000,NL2 0AC_00024 0 offwind-dc,0.10881080661460218,0.013557527759548793
glaum,1000,NL2 0AC_00025 0 offwind-dc,0.11477471762174996,0.00841916267918752
glaum,1000,NL2 0AC_00030 0 offwind-dc,0.10913691827489058,0.020084258706673703
glaum,1000,NL2 0AC_00032 0 offwind-dc,0.11423274780172132,0.009827633536511393
glaum,1000,NL2 0AC_00034 0 offwind-dc,0.11309996054776827,0.005878338019667679
glaum,1000,NL2 0AC_00035 0 offwind-dc,0.11839453324763316,0.007735215691049781
glaum,1000,NL2 0AC_00036 0 offwind-dc,0.11245147169787262,0.007750676524462255
glaum,1000,NL2 0AC_00041 0 offwind-dc,0.09478330003327806,0.26566290640022344
glaum,1000,NL2 0AC_00043 0 offwind-dc,0.11720773982756783,0.006774392823750701
glaum,1000,NL2 0AC_00044 0 offwind-dc,0.11701333808497116,0.01064244849466878
glaum,1000,NL2 0AC_00046 0 offwind-dc,0.11860816165809329,0.007915359773069976
glaum,1000,NL2 0AC_00047 0 offwind-dc,0.10799725401216742,0.01813550695069368
glaum,1000,NL2 0AC_00050 0 offwind-dc,0.11249195416519409,0.009716118071664934
glaum,1000,NL2 0AC_00052 0 offwind-dc,0.09693507889517294,0.05739025025320799
glaum,1000,NL2 0AC_00053 0 offwind-dc,0.0975098491362858,0.08031007353049467
glaum,1000,NL2 0AC_00054 0 offwind-dc,0.11662677077428385,0.007037292286159729
glaum,1000,NL2 0AC_00055 0 offwind-dc,0.11093113387830433,0.014602462899549837
glaum,1000,NL2 0AC_00058 0 offwind-dc,0.11399915797944926,0.008046677450712525
glaum,1000,NL2 0AC_00061 0 offwind-dc,0.10135033322698261,0.022954583100814312
glaum,1000,NL2 0AC_00067 0 offwind-dc,0.1015131437094473,0.0146013039243394
glaum,1000,DK2 0AC_00055 0 offwind-ac,0.124940625821363,0.0032961542000926047
glaum,1000,DK2 0AC_00000 0 offwind-float,0.12764349447074652,0.001784289901969538
glaum,1000,GB1 0AC_00030 0 offwind-float,0.12052346333366404,0.0024287846686382153
glaum,1000,GB1 0AC_00043 0 offwind-float,0.12503009751199157,0.0022254096582226706
glaum,1000,GB1 0AC_00053 0 offwind-float,0.13072793451403353,0.002339741324468204
glaum,1000,GB1 0AC_00055 0 offwind-float,0.13088346308656773,0.0022006887801710173
glaum,1000,GB1 0AC_00056 0 offwind-float,0.12778773200158844,0.0020859680142139483
glaum,1000,GB1 0AC_00057 0 offwind-float,0.12176493403565913,0.0022762906986388046
glaum,1000,GB1 0AC_00065 0 offwind-float,0.13737524840789928,0.0025820072740649317
glaum,1000,GB1 0AC_00066 0 offwind-float,0.12849991829340945,0.002045422297711684
glaum,1000,GB1 0AC_00067 0 offwind-float,0.12914753384320377,0.0021500478722734752
glaum,1000,GB1 0AC_00068 0 offwind-float,0.1339394270804941,0.00235803210481723
glaum,1000,GB1 0AC_00069 0 offwind-float,0.12392361150142506,0.0023766346052909604
glaum,1000,GB1 0AC_00070 0 offwind-float,0.13180030958047262,0.002658388456114971
glaum,1000,GB1 0AC_00071 0 offwind-float,0.11850951067447058,0.001388807868863866
glaum,1000,GB1 0AC_00073 0 offwind-float,0.13453276079073218,0.0020351215596559036
glaum,1000,GB1 0AC_00074 0 offwind-float,0.13263732629763514,0.0022979682838292904
glaum,1000,GB1 0AC_00078 0 offwind-float,0.13561217806806125,0.0023947372151482483
glaum,1000,GB1 0AC_00079 0 offwind-float,0.1296108421426302,0.0021943347353119763
glaum,1000,GB1 0AC_00080 0 offwind-float,0.13658280382843024,0.0025292912631484643
glaum,1000,GB1 0AC_00081 0 offwind-float,0.1382954418003235,0.0020736555663290147
glaum,1000,GB1 0AC_00083 0 offwind-float,0.14004182908531826,0.00244750375937301
glaum,1000,GB1 0AC_00084 0 offwind-float,0.13548820032168762,0.0024502808341690966
glaum,1000,GB1 0AC_00086 0 offwind-float,0.13223200147920455,0.0017012580874735425
glaum,1000,GB1 0AC_00087 0 offwind-float,0.13450711221275102,0.002140745000196369
glaum,1000,GB1 0AC_00088 0 offwind-float,0.13655277614016603,0.0024580827404000983
glaum,1000,GB1 0AC_00089 0 offwind-float,0.1370857088570101,0.002403040999543054
glaum,1000,GB1 0AC_00090 0 offwind-float,0.13142328357987632,0.0023636844532453844
glaum,1000,GB1 0AC_00091 0 offwind-float,0.13789943729357756,0.0025030089794080895
glaum,1000,GB1 0AC_00093 0 offwind-float,0.13957654436016187,0.002155054652720538
glaum,1000,GB1 0AC_00094 0 offwind-float,0.1392770233085916,0.0025000267923692998
glaum,1000,GB1 0AC_00095 0 offwind-float,0.12221780340038779,0.002196869686087575
glaum,1000,GB1 0AC_00096 0 offwind-float,0.13180373096786568,0.002237827647535329
glaum,1000,GB1 0AC_00099 0 offwind-float,0.13926153988663992,0.0019800094491752513
glaum,1000,GB1 0AC_00100 0 offwind-float,0.1253136686345202,0.002301386219009613
glaum,1000,GB1 0AC_00101 0 offwind-float,0.1353553268993778,0.0022556276888303244
glaum,1000,GB1 0AC_00102 0 offwind-float,0.13476904289146152,0.0023665982052865357
glaum,1000,GB1 0AC_00103 0 offwind-float,0.13107100544199723,0.0019235571274284836
glaum,1000,GB1 0AC_00104 0 offwind-float,0.13861561799557776,0.002505962353938872
glaum,1000,GB1 0AC_00105 0 offwind-float,0.1361807188672074,0.0023484237994253095
glaum,1000,GB1 0AC_00106 0 offwind-float,0.14203259954085157,0.0023806210070312535
glaum,1000,GB1 0AC_00109 0 offwind-float,0.13870288276451592,0.0024479197346669477
glaum,1000,GB1 0AC_00110 0 offwind-float,0.1371017218427123,0.0018613908081601387
glaum,1000,GB1 0AC_00111 0 offwind-float,0.14145558086120646,0.002510405706317047
glaum,1000,GB1 0AC_00112 0 offwind-float,0.13490088676202283,0.0025327699711253427
glaum,1000,GB1 0AC_00114 0 offwind-float,0.141028279000739,0.0022731229081306386
glaum,1000,GB1 0AC_00115 0 offwind-float,0.1385824238066795,0.0024282514109117657
glaum,1000,GB1 0AC_00117 0 offwind-float,0.13398781643473479,0.002251881323058466
glaum,1000,GB1 0AC_00118 0 offwind-float,0.12498066596479096,0.0016950317124348481
glaum,1000,GB1 0AC_00121 0 offwind-float,0.14152337322187725,0.00240551142793091
glaum,1000,GB1 0AC_00122 0 offwind-float,0.13411934817018456,0.001774622826409477
glaum,1000,GB1 0AC_00123 0 offwind-float,0.14006136622231313,0.002439182288366165
glaum,1000,GB1 0AC_00124 0 offwind-float,0.13739871455521746,0.0024158187702773056
glaum,1000,GB1 0AC_00133 0 offwind-float,0.13914093811069428,0.002399421761406135
glaum,1000,GB1 0AC_00136 0 offwind-float,0.14138307482586754,0.0023087355559813566
glaum,1000,GB1 0AC_00137 0 offwind-float,0.13640652265135234,0.0022844590553803565
glaum,1000,GB1 0AC_00138 0 offwind-float,0.1342922041618252,0.001928840980101596
glaum,1000,GB1 0AC_00141 0 offwind-float,0.14138583017152972,0.00199724306315917
glaum,1000,GB1 0AC_00142 0 offwind-float,0.14092538328669824,0.002408770692349317
glaum,1000,GB1 0AC_00143 0 offwind-float,0.13913469679372892,0.0024076204959586358
glaum,1000,GB1 0AC_00145 0 offwind-float,0.13769907367364032,0.0023903153035077854
glaum,1000,GB1 0AC_00146 0 offwind-float,0.1247473449480615,0.002088188345207821
glaum,1000,GB1 0AC_00149 0 offwind-float,0.13455567985977157,0.001990092164644464
glaum,1000,GB1 0AC_00151 0 offwind-float,0.13782513327811008,0.0023163178008854756
glaum,1000,GB1 0AC_00152 0 offwind-float,0.1415445399131453,0.0024370222249251805
glaum,1000,GB1 0AC_00153 0 offwind-float,0.13863139248709277,0.0023186772210974935
glaum,1000,GB1 0AC_00154 0 offwind-float,0.13907339362502757,0.0022861431993169
glaum,1000,GB1 0AC_00157 0 offwind-float,0.12544823833007368,0.0016910414224213404
glaum,1000,GB1 0AC_00158 0 offwind-float,0.14115028318276734,0.0023956948222792953
glaum,1000,GB1 0AC_00159 0 offwind-float,0.1407835490769369,0.002286653095949836
glaum,1000,GB1 0AC_00161 0 offwind-float,0.13572320900965895,0.0022525104661872295
glaum,1000,GB1 0AC_00170 0 offwind-float,0.14118358725967228,0.0023810662526209314
glaum,1000,GB1 0AC_00171 0 offwind-float,0.14119310213451874,0.0023860815452075843
glaum,1000,GB1 0AC_00177 0 offwind-float,0.13825672893323926,0.0022750536145313156
glaum,1000,GB1 0AC_00178 0 offwind-float,0.13774085322427632,0.002270196742020211
glaum,1000,GB1 0AC_00179 0 offwind-float,0.13443784281443716,0.001977977771819186
glaum,1000,GB1 0AC_00182 0 offwind-float,0.13381296292574874,0.0021524036390474194
glaum,1000,GB1 0AC_00185 0 offwind-float,0.13963704367661967,0.0023228949564162637
glaum,1000,GB1 0AC_00187 0 offwind-float,0.14160563991660513,0.0023108694070028512
glaum,1000,GB1 0AC_00188 0 offwind-float,0.13964031427012735,0.0023004212014106204
glaum,1000,GB1 0AC_00190 0 offwind-float,0.13611468894025658,0.0022233537991955474
glaum,1000,GB1 0AC_00191 0 offwind-float,0.13899154705166894,0.0023108547357348678
glaum,1000,GB1 0AC_00193 0 offwind-float,0.1403410225111814,0.0023395151142562125
glaum,1000,GB1 0AC_00194 0 offwind-float,0.13494628594318037,0.002075577324292046
glaum,1000,GB1 0AC_00197 0 offwind-float,0.14296489070361817,0.002418173656598305
glaum,1000,GB1 0AC_00198 0 offwind-float,0.14182436997329428,0.002322989944370521
glaum,1000,GB1 0AC_00203 0 offwind-float,0.1300690358868376,0.0020298289950477443
glaum,1000,GB1 0AC_00208 0 offwind-float,0.1370429591092167,0.0022398342281688527
glaum,1000,GB1 0AC_00212 0 offwind-float,0.14309255524760478,0.0024064905986211403
glaum,1000,GB1 0AC_00213 0 offwind-float,0.14210962883069522,0.0023413009376307206
glaum,1000,GB1 0AC_00219 0 offwind-float,0.13296063357669285,0.002018771355973344
glaum,1000,GB1 0AC_00220 0 offwind-float,0.1402248125934118,0.002301668943344128
glaum,1000,GB1 0AC_00224 0 offwind-float,0.1379613003052098,0.0022454793541663194
glaum,1000,GB1 0AC_00229 0 offwind-float,0.12843503453529515,0.0018805962787929197
glaum,1000,GB1 0AC_00232 0 offwind-float,0.1407670643493223,0.0022410913042942406
glaum,1000,GB1 0AC_00233 0 offwind-float,0.14073069546471073,0.0023277452838136536
glaum,1000,GB1 0AC_00235 0 offwind-float,0.14077586186947333,0.002274726365120761
glaum,1000,GB1 0AC_00237 0 offwind-float,0.13133538510629472,0.0019973332752423697
glaum,1000,GB1 0AC_00238 0 offwind-float,0.13182157960443863,0.0019406373173223989
glaum,1000,GB1 0AC_00242 0 offwind-float,0.13681949070959465,0.0021179522631453677
glaum,1000,GB1 0AC_00245 0 offwind-float,0.13398905487023205,0.00199943396545919
glaum,1000,GB1 0AC_00250 0 offwind-float,0.1397631138929557,0.002282609936166157
glaum,1000,GB1 0AC_00258 0 offwind-float,0.14067976328842358,0.0021702579806777158
glaum,1000,GB1 0AC_00262 0 offwind-float,0.13903597867917217,0.00211956368317963
glaum,1000,GB1 0AC_00268 0 offwind-float,0.13570692255954575,0.0020745199864776243
glaum,1000,GB4 0AC_00010 0 offwind-float,0.12160856558209854,0.0026214004986037953
glaum,1000,GB4 0AC_00011 0 offwind-float,0.13473330556356633,0.0028318113834557984
glaum,1000,GB4 0AC_00013 0 offwind-float,0.13367785144772648,0.0031085632659558354
glaum,1000,GB4 0AC_00016 0 offwind-float,0.12086816920579435,0.0024350158487356412
glaum,1000,GB4 0AC_00017 0 offwind-float,0.12365215508353922,0.002358743081209068
glaum,1000,GB4 0AC_00031 0 offwind-float,0.1305437535297358,0.0025510568146149075
glaum,1000,GB4 0AC_00035 0 offwind-float,0.11772017683582348,0.0023365437835812736
glaum,1000,GB4 0AC_00036 0 offwind-float,0.1306074124880816,0.002550147024322708
glaum,1000,GB4 0AC_00038 0 offwind-float,0.13507503746939342,0.002947919672653883
glaum,1000,GB4 0AC_00039 0 offwind-float,0.13400095680162427,0.0031883682566778287
glaum,1000,GB4 0AC_00040 0 offwind-float,0.1323355169761059,0.002886042175382969
glaum,1000,GB4 0AC_00041 0 offwind-float,0.13315342739517144,0.0035093321849367716
glaum,1000,GB4 0AC_00043 0 offwind-float,0.13641104395995096,0.002644026688409649
glaum,1000,GB4 0AC_00044 0 offwind-float,0.13163005077860657,0.00300651298529054
glaum,1000,GB4 0AC_00045 0 offwind-float,0.13104497408190607,0.0026910105228780106
glaum,1000,GB4 0AC_00046 0 offwind-float,0.13680595119345362,0.0029697150019266016
glaum,1000,GB4 0AC_00047 0 offwind-float,0.13596901004189,0.002700816561275193
glaum,1000,GB4 0AC_00048 0 offwind-float,0.12139392146033989,0.0028875831374628133
glaum,1000,GB4 0AC_00049 0 offwind-float,0.13440862723510594,0.002974275256304007
glaum,1000,GB4 0AC_00050 0 offwind-float,0.13331152412911662,0.0026896268373143755
glaum,1000,GB4 0AC_00051 0 offwind-float,0.13434698617928187,0.002736620682490498
glaum,1000,GB4 0AC_00053 0 offwind-float,0.1311290053142763,0.002280746686546929
glaum,1000,GB4 0AC_00054 0 offwind-float,0.13117025962318518,0.0029044459878641575
glaum,1000,GB4 0AC_00055 0 offwind-float,0.13590413655700795,0.003132593862272535
glaum,1000,GB4 0AC_00056 0 offwind-float,0.13621587820912806,0.002875802268379668
glaum,1000,GB4 0AC_00057 0 offwind-float,0.1355945208477699,0.002549394878318915
glaum,1000,GB4 0AC_00058 0 offwind-float,0.1340191001594937,0.0027975086904543796
glaum,1000,GB4 0AC_00059 0 offwind-float,0.13415262748776213,0.0025937916799798535
glaum,1000,GB4 0AC_00060 0 offwind-float,0.1361720228497505,0.0027214067754664055
glaum,1000,GB4 0AC_00061 0 offwind-float,0.13316206485826987,0.0022671433903035205
glaum,1000,GB4 0AC_00062 0 offwind-float,0.13856313753997995,0.002822121373363803
glaum,1000,GB4 0AC_00063 0 offwind-float,0.13142530744585057,0.002757234605571118
glaum,1000,GB4 0AC_00064 0 offwind-float,0.12958375535984146,0.0025871152390693395
glaum,1000,GB4 0AC_00065 0 offwind-float,0.12910435718963753,0.0023476335416196667
glaum,1000,GB4 0AC_00066 0 offwind-float,0.12864312258065091,0.002253373941957874
glaum,1000,GB4 0AC_00067 0 offwind-float,0.13768048969638802,0.002477154651681731
glaum,1000,GB4 0AC_00068 0 offwind-float,0.14025474514818026,0.002781426856098019
glaum,1000,GB4 0AC_00069 0 offwind-float,0.1376687702896776,0.002659117809985795
glaum,1000,GB4 0AC_00070 0 offwind-float,0.13323938491900778,0.0021114834236684904
glaum,1000,GB4 0AC_00071 0 offwind-float,0.13348450689013946,0.0026289488553168944
glaum,1000,GB4 0AC_00072 0 offwind-float,0.14157898320488882,0.002906608223144019
glaum,1000,GB4 0AC_00073 0 offwind-float,0.13994343555705402,0.002579795883871896
glaum,1000,GB4 0AC_00074 0 offwind-float,0.14052052247066804,0.002607032724743363
glaum,1000,GB4 0AC_00075 0 offwind-float,0.1373267813167639,0.002320424476797126
glaum,1000,GB4 0AC_00076 0 offwind-float,0.13267622910940224,0.0024727327860719645
glaum,1000,GB4 0AC_00077 0 offwind-float,0.13481122459169526,0.0022559507522040773
glaum,1000,GB4 0AC_00078 0 offwind-float,0.13930377637390057,0.0024272414633358243
glaum,1000,GB4 0AC_00079 0 offwind-float,0.13933769141707564,0.0026736929898282377
glaum,1000,GB4 0AC_00080 0 offwind-float,0.13434922446509812,0.0020977735155560495
glaum,1000,GB4 0AC_00081 0 offwind-float,0.13737982879077215,0.0025154540318722187
glaum,1000,GB4 0AC_00082 0 offwind-float,0.13618176175623065,0.0022414396210301783
glaum,1000,GB4 0AC_00083 0 offwind-float,0.13976016598134322,0.002309137296444064
glaum,1000,GB4 0AC_00084 0 offwind-float,0.13827967770942862,0.0023988006665361826
glaum,1000,GB4 0AC_00085 0 offwind-float,0.13759896821958828,0.002515928444803338
glaum,1000,GB4 0AC_00086 0 offwind-float,0.13754000853773574,0.002243032564631673
glaum,1000,GB4 0AC_00087 0 offwind-float,0.13609292914208582,0.0023563615730009626
glaum,1000,GB4 0AC_00088 0 offwind-float,0.13918536435405027,0.0023122731078754595
glaum,1000,GB4 0AC_00089 0 offwind-float,0.12411983954963779,0.001977774287210999
glaum,1000,NO0 0AC_00000 0 offwind-float,0.1374857773164112,0.0019847305137284887
glaum,1000,NO0 0AC_00001 0 offwind-float,0.13745242640689648,0.002017552665493532
glaum,1000,NO0 0AC_00002 0 offwind-float,0.12711026698900052,0.0017440830594078632
glaum,1000,NO0 0AC_00006 0 offwind-float,0.14029011229058874,0.002079160470783563
glaum,1000,NO0 0AC_00007 0 offwind-float,0.14401860489361884,0.0022683971816717156
glaum,1000,NO0 0AC_00008 0 offwind-float,0.1270895945446704,0.001704210984539441
glaum,1000,NO0 0AC_00009 0 offwind-float,0.13724422761373256,0.0020096626063763885
glaum,1000,NO0 0AC_00010 0 offwind-float,0.12787723016486108,0.001759127692980343
glaum,1000,NO0 0AC_00012 0 offwind-float,0.11890139208395467,0.001587382808816461
glaum,1000,NO0 0AC_00013 0 offwind-float,0.1277658986954513,0.0017575429047147761
glaum,1000,NO0 0AC_00016 0 offwind-float,0.13873736192884456,0.0019978286745512535
glaum,1000,NO0 0AC_00018 0 offwind-float,0.1273638974490876,0.0017358192364778327
glaum,1000,NO0 0AC_00019 0 offwind-float,0.1343570998627751,0.001850550921105238
glaum,1000,NO0 0AC_00020 0 offwind-float,0.13074944275696743,0.0017553324832722136
glaum,1000,NO0 0AC_00021 0 offwind-float,0.12974130687420227,0.0018379653727476312
glaum,1000,NO0 0AC_00022 0 offwind-float,0.12067330728628234,0.0016151718995527666
glaum,1000,NO0 0AC_00023 0 offwind-float,0.12684459824826544,0.001735101656205921
glaum,1000,NO0 0AC_00025 0 offwind-float,0.1275926266716998,0.0017858714303483044
glaum,1000,NO0 0AC_00026 0 offwind-float,0.13812528264609425,0.002002633068956921
glaum,1000,NO0 0AC_00027 0 offwind-float,0.13507578879795223,0.001938276725402783
glaum,1000,NO0 0AC_00028 0 offwind-float,0.12574988335038495,0.001693571139325143
glaum,1000,NO0 0AC_00029 0 offwind-float,0.13157244623156228,0.0018253453758333804
glaum,1000,NO0 0AC_00030 0 offwind-float,0.14150210269602503,0.0020906153839135213
glaum,1000,NO0 0AC_00031 0 offwind-float,0.14041938091608486,0.002001280306954898
glaum,1000,NO0 0AC_00032 0 offwind-float,0.1278098952469835,0.001744169451203079
glaum,1000,NO0 0AC_00033 0 offwind-float,0.13850636094014934,0.001984459640601733
glaum,1000,NO0 0AC_00034 0 offwind-float,0.13669336074595995,0.001934122042680076
glaum,1000,NO0 0AC_00035 0 offwind-float,0.13679744272726768,0.0019340493751893472
glaum,1000,NO0 0AC_00036 0 offwind-float,0.13532566100020438,0.0018654007410408512
glaum,1000,NO0 0AC_00038 0 offwind-float,0.12772044276653838,0.0017323470362286587
glaum,1000,NO0 0AC_00040 0 offwind-float,0.12534801037752985,0.001708360457161544
glaum,1000,NO0 0AC_00041 0 offwind-float,0.13098287344492365,0.0017550773090803562
glaum,1000,NO0 0AC_00042 0 offwind-float,0.13235761215807096,0.0018248064070388815
glaum,1000,NO0 0AC_00043 0 offwind-float,0.13509910741065223,0.001871834333512465
glaum,1000,NO0 0AC_00044 0 offwind-float,0.12516839218586961,0.0016756928567377397
glaum,1000,NO0 0AC_00046 0 offwind-float,0.13125737904051182,0.0018117595444762172
glaum,1000,NO0 0AC_00047 0 offwind-float,0.12987393594014152,0.00178784997865057
glaum,1000,NO0 0AC_00049 0 offwind-float,0.13106501274316684,0.001779286388687025
glaum,1000,NO0 0AC_00050 0 offwind-float,0.1374285901150173,0.0019040581607519637
glaum,1000,NO0 0AC_00051 0 offwind-float,0.13320820832306945,0.001882539089438919
glaum,1000,NO0 0AC_00052 0 offwind-float,0.13045714317524437,0.0018128753814424736
glaum,1000,NO0 0AC_00054 0 offwind-float,0.12626948209826971,0.0016629909307846345
glaum,1000,NO0 0AC_00055 0 offwind-float,0.1223527833864948,0.0016183337500041551
glaum,1000,NO0 0AC_00056 0 offwind-float,0.1379338450786337,0.00196499319282767
glaum,1000,NO0 0AC_00057 0 offwind-float,0.13806338291360898,0.0019730309988190385
glaum,1000,NO0 0AC_00058 0 offwind-float,0.13552454224792354,0.0017883789999331642
glaum,1000,NO0 0AC_00059 0 offwind-float,0.13862031893850058,0.002005807565866812
glaum,1000,NO0 0AC_00060 0 offwind-float,0.13193918400085414,0.0018100371688413394
glaum,1000,NO0 0AC_00061 0 offwind-float,0.1369079372878026,0.001883507083232104
glaum,1000,NO0 0AC_00062 0 offwind-float,0.13296930504075544,0.0018761865637051981
glaum,1000,NO0 0AC_00063 0 offwind-float,0.1279691078175066,0.0016852806844128852
glaum,1000,NO0 0AC_00064 0 offwind-float,0.1332726883701676,0.0019038475292345977
glaum,1000,NO0 0AC_00066 0 offwind-float,0.13817021844844368,0.002036391301707869
glaum,1000,NO0 0AC_00067 0 offwind-float,0.13421488899506662,0.0019527730116629847
glaum,1000,NO0 0AC_00068 0 offwind-float,0.12920825671775393,0.0017640081325602317
glaum,1000,NO0 0AC_00070 0 offwind-float,0.13317269438208235,0.0016872601017186707
glaum,1000,NO0 0AC_00071 0 offwind-float,0.12312112716329715,0.0017220802735847833
glaum,1000,NO0 0AC_00075 0 offwind-float,0.12427715580137355,0.001733490368004879
glaum,1000,NO0 0AC_00076 0 offwind-float,0.13981372786761115,0.0020628940041439304
glaum,1000,NO0 0AC_00077 0 offwind-float,0.13109066818607784,0.0017743275945375468
glaum,1000,NO0 0AC_00079 0 offwind-float,0.13623776055961556,0.0019489899883039662
glaum,1000,NO0 0AC_00081 0 offwind-float,0.13430965604239653,0.00199113190100199
glaum,1000,NO0 0AC_00082 0 offwind-float,0.11750098607283699,0.0016616573916916804
glaum,1000,NO0 0AC_00087 0 offwind-float,0.13182570653290748,0.0019620154574983327
glaum,1000,NO0 0AC_00092 0 offwind-float,0.125679316951536,0.001736582303464167
new_more,1000,DE2 0AC_00040 0 offwind-float,0.11146956647924822,0.0003700256516729695
new_more,1000,DE2 0AC_00042 0 offwind-float,0.11150421223060891,0.0003096831474239805
new_more,1000,GB1 0AC_00006 0 offwind-float,0.11157809817570719,0.00015475483351277971
new_more,1000,GB1 0AC_00062 0 offwind-float,0.11146120871873033,0.00016686851750876436
new_more,1000,NL2 0AC_00027 0 offwind-float,0.11152607755558797,0.00037362504338493945
new_more,1000,NL2 0AC_00060 0 offwind-float,0.11148991081328741,0.0001629752393533766
new_more,1000,NL2 0AC_00064 0 offwind-float,0.11146986809336457,0.000267494659830637
new_more,1000,NL2 0AC_00077 0 offwind-float,0.11152691964515604,0.00025570143610892187
new_more,1000,NL2 0AC_00079 0 offwind-float,0.11150555350445246,0.00022801087589819312
new_more,1000,NO0 0AC_00152 0 offwind-float,0.11191193389277432,6.740033748046405e-05
new_more,1000,DE2 0AC_00034 0 offwind-dc,0.11147023799399836,3.964327718119211
new_more,1000,DK2 0AC_00035 0 offwind-dc,0.11145866023079953,0.0006236827212988262
new_more,1000,DK2 0AC_00056 0 offwind-dc,0.11145909539093146,0.0009466638575698704
new_more,1000,GB1 0AC_00199 0 offwind-dc,0.11148135256435443,0.0006869532611968709
new_more,1000,GB1 0AC_00222 0 offwind-dc,0.11147103044966167,0.0006468531628135045
new_more,1000,GB1 0AC_00231 0 offwind-dc,0.11147082080686488,0.0005540264721031854
new_more,1000,GB1 0AC_00234 0 offwind-dc,0.11145890972330197,0.00044060836052886104
new_more,1000,GB1 0AC_00244 0 offwind-dc,0.11148076726595435,0.000656504560376097
new_more,1000,GB1 0AC_00247 0 offwind-dc,0.11148079187293058,0.0005315903350134798
new_more,1000,GB1 0AC_00251 0 offwind-dc,0.11151525427053366,0.0005189859103562922
new_more,1000,GB1 0AC_00257 0 offwind-dc,0.11147069295797529,0.0005634197755306861
new_more,1000,GB1 0AC_00267 0 offwind-dc,0.11146966735242936,0.0006726511339788546
new_more,1000,GB1 0AC_00272 0 offwind-dc,0.11148172788610533,0.0007247991582505317
new_more,1000,NL2 0AC_00008 0 offwind-dc,0.11149348013573723,10.26251934435607
new_more,1000,DE2 0AC_00039 0 offwind-ac,0.11148242203124148,0.0028984555618750373
new_more,1000,DE2 0AC_00044 0 offwind-ac,0.11149189879237065,6.527889705658938
new_more,1000,DE2 0AC_00047 0 offwind-ac,0.11148354929914128,0.00464892272609109
new_more,1000,DE2 0AC_00048 0 offwind-ac,0.11149877329474989,0.0007795887338565159
new_more,1000,DE2 0AC_00050 0 offwind-ac,0.11144776173520787,0.0006702238911464505
new_more,1000,DK2 0AC_00049 0 offwind-ac,0.11148546354873823,0.0003668933659613481
new_more,1000,DK2 0AC_00074 0 offwind-ac,0.11151869415406479,0.0011859091743428658
new_more,1000,GB1 0AC_00000 0 offwind-ac,0.11173008760980829,0.0001993994877171166
new_more,1000,GB1 0AC_00001 0 offwind-ac,0.11154203425550313,0.0001839657500631525
new_more,1000,GB1 0AC_00061 0 offwind-ac,0.11148673023643207,0.0003308259376155182
new_more,1000,GB1 0AC_00174 0 offwind-ac,0.11151189209681012,0.0003472303249883347
new_more,1000,GB1 0AC_00223 0 offwind-ac,0.11145835405530946,0.0005811762767864924
new_more,1000,GB1 0AC_00241 0 offwind-ac,0.1114813683193897,0.0005400968931161895
new_more,1000,NL2 0AC_00037 0 offwind-ac,0.11150781711306934,0.00029323159530960096
new_more,1000,NL2 0AC_00059 0 offwind-ac,0.11145922534531649,0.0007107293288502853
new_more,1000,NO0 0AC_00224 0 offwind-ac,0.11150797191475181,0.000337424257929523
new_more,1000,DK2 0AC_00023 0 offwind-float,0.13914796421461284,0.0011157745775169225
new_more,1000,DK2 0AC_00058 0 offwind-float,0.13779145024672357,0.0010794489526657779
new_more,1000,DK2 0AC_00064 0 offwind-float,0.13713293965905882,0.0010188624310804011
new_more,1000,DK2 0AC_00069 0 offwind-float,0.13244770614464396,0.0007748427592808655
new_more,1000,DK2 0AC_00070 0 offwind-float,0.13382958348480867,0.0008232763178405986
new_more,1000,GB1 0AC_00023 0 offwind-float,0.13881040669425604,0.0007442392191936044
new_more,1000,GB1 0AC_00039 0 offwind-float,0.137581561491127,0.0008221723893009678
new_more,1000,GB1 0AC_00047 0 offwind-float,0.1396415429306862,0.0008406452054157696
new_more,1000,GB1 0AC_00072 0 offwind-float,0.14024406991000993,0.0007292856871031802
new_more,1000,GB1 0AC_00092 0 offwind-float,0.13770761199497217,0.0006625109803760392
new_more,1000,GB4 0AC_00018 0 offwind-float,0.1308634879277354,0.0009162988419234204
new_more,1000,NO0 0AC_00069 0 offwind-float,0.13626762813380144,0.0006377554905385783
new_more,1000,NO0 0AC_00085 0 offwind-float,0.13924505119285735,0.0008275364077533681
new_more,1000,NO0 0AC_00103 0 offwind-float,0.1374674952534657,0.0006114851490996274
new_more,1000,NO0 0AC_00110 0 offwind-float,0.13984231940123915,0.0009047014630361827
new_more,1000,NO0 0AC_00111 0 offwind-float,0.13254218016074437,0.0005259201285616121
new_more,1000,NO0 0AC_00113 0 offwind-float,0.13690251063166936,0.0007188333469011336
new_more,1000,NO0 0AC_00114 0 offwind-float,0.13405648294438222,0.0005585848243074731
new_more,1000,NO0 0AC_00116 0 offwind-float,0.13988696110683807,0.0010515907883780662
new_more,1000,NO0 0AC_00119 0 offwind-float,0.1349998632138817,0.00026799580474196413
new_more,1000,NO0 0AC_00121 0 offwind-float,0.13176779844710051,0.0002865457767814506
new_more,1000,NO0 0AC_00123 0 offwind-float,0.13535476628322107,0.0003135818455290536
new_more,1000,NO0 0AC_00125 0 offwind-float,0.13881604796059277,0.0006449530967950062
new_more,1000,NO0 0AC_00131 0 offwind-float,0.13954134558886455,0.0011259070246374828
new_more,1000,NO0 0AC_00135 0 offwind-float,0.13970727010279105,0.0010828996975478047
new_more,1000,NO0 0AC_00136 0 offwind-float,0.13629742633499997,0.0007252422120651648
new_more,1000,NO0 0AC_00140 0 offwind-float,0.1322258575901456,0.0002755895301456985
new_more,1000,NO0 0AC_00144 0 offwind-float,0.13134879251785103,0.00026174949617680757
new_more,1000,NO0 0AC_00149 0 offwind-float,0.1405233172050423,0.00012912621210967176
new_more,1000,NO0 0AC_00150 0 offwind-float,0.1346402075931159,0.00011716775188005171
new_more,1000,NO0 0AC_00151 0 offwind-float,0.1335198166365037,0.0001217557741456448
new_more,1000,NO0 0AC_00154 0 offwind-float,0.13345535910432926,0.00012974512828897665
new_more,1000,NO0 0AC_00156 0 offwind-float,0.13915804587797942,0.0009370056748213402
new_more,1000,NO0 0AC_00157 0 offwind-float,0.1391021932846187,0.0011027644889498006
new_more,1000,NO0 0AC_00158 0 offwind-float,0.13968230516929736,0.0010249763023513813
new_more,1000,NO0 0AC_00163 0 offwind-float,0.13727781346769896,0.00033797580494618877
new_more,1000,NO0 0AC_00166 0 offwind-float,0.13945234421304709,0.0011302851348523636
new_more,1000,NO0 0AC_00167 0 offwind-float,0.13238814629405327,0.0005973457938079462
new_more,1000,NO0 0AC_00169 0 offwind-float,0.13865208618896352,0.0003781997106622494
new_more,1000,NO0 0AC_00172 0 offwind-float,0.13542639876044005,0.00014155955659252422
new_more,1000,NO0 0AC_00174 0 offwind-float,0.1394904309920969,0.00025736069231543235
new_more,1000,NO0 0AC_00176 0 offwind-float,0.13431076097932682,0.0001285928441377056
new_more,1000,NO0 0AC_00177 0 offwind-float,0.13603439233413805,0.0001438079322326369
new_more,1000,NO0 0AC_00185 0 offwind-float,0.1393821274764827,0.0010347417169743536
new_more,1000,NO0 0AC_00186 0 offwind-float,0.13517941109135967,0.0006844277875908363
new_more,1000,NO0 0AC_00187 0 offwind-float,0.13387179993579645,0.0006196178536147399
new_more,1000,NO0 0AC_00188 0 offwind-float,0.13675740118651625,0.0008307052295037207
new_more,1000,NO0 0AC_00189 0 offwind-float,0.13612913805920845,0.0006031673023975744
new_more,1000,NO0 0AC_00190 0 offwind-float,0.1333339474651446,0.000305402301258926
new_more,1000,NO0 0AC_00197 0 offwind-float,0.14163046195645246,8.411041409096694e-05
new_more,1000,NO0 0AC_00201 0 offwind-float,0.1326816931596002,0.0006222925464043513
new_more,1000,NO0 0AC_00203 0 offwind-float,0.1375767130365807,0.000725800056559385
new_more,1000,NO0 0AC_00206 0 offwind-float,0.13701998578912855,0.0008292098737048286
new_more,1000,NO0 0AC_00212 0 offwind-float,0.1395810067629495,0.0009592565845334248
new_more,1000,NO0 0AC_00214 0 offwind-float,0.13815084062886762,0.0007682430200708456
new_more,1000,NO0 0AC_00216 0 offwind-float,0.13594244518635779,0.0007850920102296217
new_more,1000,NO0 0AC_00220 0 offwind-float,0.13978495787837142,0.001080390898631813
new_more,1000,NO0 0AC_00223 0 offwind-float,0.13772201352330382,0.0007309922075304114
new_more,1000,NO0 0AC_00225 0 offwind-float,0.13857332965054037,0.0009942663071571163
new_more,1000,NO0 0AC_00228 0 offwind-float,0.13813512205292366,0.0009663892987205255
new_more,1000,NO0 0AC_00229 0 offwind-float,0.1401714811410787,0.0007960586750439984
new_more,1000,NO0 0AC_00230 0 offwind-float,0.1386704971070205,0.0009098989438385295
new_more,1000,NO0 0AC_00232 0 offwind-float,0.1386563226887063,0.0007505680902645318
new_more,1000,NO0 0AC_00233 0 offwind-float,0.13983586542558613,0.0009384476150211973
new_more,1000,NO0 0AC_00236 0 offwind-float,0.13855602408112355,0.0007893670023436642
new_more,1000,NO0 0AC_00241 0 offwind-float,0.13921941849060182,0.0008629420507815354
new_more,1000,NO0 0AC_00242 0 offwind-float,0.13877942218974193,0.00089784358444736
new_more,1000,BE2 0AC_00000 0 offwind-dc,0.13266376941582225,0.005822228887157312
new_more,1000,DE2 0AC_00001 0 offwind-dc,0.1347106928900137,73.9175309226072
new_more,1000,DE2 0AC_00004 0 offwind-dc,0.11152135723421785,29.696776369086134
new_more,1000,DE2 0AC_00005 0 offwind-dc,0.15087903292962668,415.7566762734168
new_more,1000,DE2 0AC_00021 0 offwind-dc,0.11146968169254301,25.73726942405501
new_more,1000,DE2 0AC_00022 0 offwind-dc,0.11857660877931231,0.012371452501501186
new_more,1000,DE2 0AC_00026 0 offwind-dc,0.12427391937655619,0.010994034453898231
new_more,1000,DE2 0AC_00028 0 offwind-dc,0.11150267144452175,33.45045091339636
new_more,1000,DE2 0AC_00031 0 offwind-dc,0.11148792296528343,28.206441536646246
new_more,1000,DE2 0AC_00033 0 offwind-dc,0.11749199144117473,0.027503037555173256
new_more,1000,DE2 0AC_00035 0 offwind-dc,0.11147419488985866,27.922396469461805
new_more,1000,DE2 0AC_00037 0 offwind-dc,0.1269270967463254,0.006793700301864904
new_more,1000,DE2 0AC_00038 0 offwind-dc,0.11147759404762603,30.779566147261857
new_more,1000,DE2 0AC_00045 0 offwind-dc,0.12520562398777624,0.003257563497862631
new_more,1000,DK2 0AC_00016 0 offwind-dc,0.1326585837155959,0.0013851992431163154
new_more,1000,DK2 0AC_00017 0 offwind-dc,0.13833057740441046,0.002618278476624643
new_more,1000,DK2 0AC_00030 0 offwind-dc,0.13542146399965016,0.0017081495412871158
new_more,1000,DK2 0AC_00036 0 offwind-dc,0.13499895775917026,0.0017836334989827624
new_more,1000,DK2 0AC_00041 0 offwind-dc,0.13747135993824156,0.002495144077253154
new_more,1000,DK2 0AC_00042 0 offwind-dc,0.13846398969991158,0.002047872406124692
new_more,1000,DK2 0AC_00047 0 offwind-dc,0.13868292641510838,0.002242925647458312
new_more,1000,DK2 0AC_00048 0 offwind-dc,0.13575489533795193,0.0028688632258244756
new_more,1000,DK2 0AC_00054 0 offwind-dc,0.128967105971743,0.001908866508128566
new_more,1000,DK2 0AC_00073 0 offwind-dc,0.12883890612570092,0.002818576250778979
new_more,1000,FR2 0AC_00000 0 offwind-dc,0.1343871956290924,0.0018712374505313258
new_more,1000,FR2 0AC_00001 0 offwind-dc,0.13159119794818075,0.001196314975238115
new_more,1000,GB1 0AC_00147 0 offwind-dc,0.1394279158023909,0.0015006780470773512
new_more,1000,GB1 0AC_00207 0 offwind-dc,0.13729547865026426,0.0012064903635135463
new_more,1000,GB1 0AC_00210 0 offwind-dc,0.1341514362547077,0.0012948570277213213
new_more,1000,GB1 0AC_00221 0 offwind-dc,0.1353557043204714,0.0011284973367249802
new_more,1000,GB1 0AC_00226 0 offwind-dc,0.1379684873908178,0.0015112393689715794
new_more,1000,GB1 0AC_00228 0 offwind-dc,0.134487482286353,0.0021072435926324596
new_more,1000,GB1 0AC_00230 0 offwind-dc,0.13974437686898167,0.0016984017120347877
new_more,1000,GB1 0AC_00236 0 offwind-dc,0.13841543537087164,0.0014275006343045162
new_more,1000,GB1 0AC_00239 0 offwind-dc,0.13264927400682913,0.0011353750243876704
new_more,1000,GB1 0AC_00246 0 offwind-dc,0.1340402021252789,0.002045743111984996
new_more,1000,GB1 0AC_00248 0 offwind-dc,0.13267261758757243,0.0011232502308297725
new_more,1000,GB1 0AC_00249 0 offwind-dc,0.13747021457623576,0.001339119288126067
new_more,1000,GB1 0AC_00255 0 offwind-dc,0.1346423952753788,0.0011640699090617443
new_more,1000,GB1 0AC_00259 0 offwind-dc,0.13682000551987028,0.002714369871485485
new_more,1000,GB1 0AC_00260 0 offwind-dc,0.13452689764737136,0.0012677418910659456
new_more,1000,GB1 0AC_00264 0 offwind-dc,0.13729183106014853,0.0015137648438122943
new_more,1000,GB4 0AC_00002 0 offwind-dc,0.11811642731334793,0.008545195639587201
new_more,1000,NL2 0AC_00001 0 offwind-dc,0.12812439610958304,0.0027353148640211805
new_more,1000,NL2 0AC_00005 0 offwind-dc,0.13275057215503516,0.004009800822177839
new_more,1000,NL2 0AC_00006 0 offwind-dc,0.13717876194045808,0.0026999486639188797
new_more,1000,NL2 0AC_00007 0 offwind-dc,0.12577286541779786,0.0030320116990395912
new_more,1000,NL2 0AC_00010 0 offwind-dc,0.13171880383306955,0.0037611762110550204
new_more,1000,NL2 0AC_00013 0 offwind-dc,0.11156744060141,32.64765079976959
new_more,1000,NL2 0AC_00016 0 offwind-dc,0.1306924535668843,0.0027815157728194977
new_more,1000,NL2 0AC_00026 0 offwind-dc,0.11149998626095914,28.54543911088186
new_more,1000,NL2 0AC_00028 0 offwind-dc,0.13607144193327725,0.0032955911106188705
new_more,1000,NL2 0AC_00063 0 offwind-dc,0.13673295053886925,0.003109545957894084
new_more,1000,NL2 0AC_00084 0 offwind-dc,0.1339649210992866,0.0030753228928635506
new_more,1000,BE2 0AC_00001 0 offwind-ac,0.1263050658510908,0.0022893683494428253
new_more,1000,DE2 0AC_00041 0 offwind-ac,0.1114758718680613,29.126572855062825
new_more,1000,DE2 0AC_00046 0 offwind-ac,0.13288354132195168,0.0029948647022099424
new_more,1000,DE2 0AC_00053 0 offwind-ac,0.13072210862019762,0.002254525043006747
new_more,1000,DK2 0AC_00052 0 offwind-ac,0.13408111823299296,0.0022319364742781596
new_more,1000,DK2 0AC_00059 0 offwind-ac,0.1390301863942034,0.0021916284129496356
new_more,1000,DK2 0AC_00060 0 offwind-ac,0.1387325551509705,0.0009232747550331768
new_more,1000,DK2 0AC_00061 0 offwind-ac,0.13293775891918536,0.0014242892804095478
new_more,1000,DK2 0AC_00062 0 offwind-ac,0.13403272483586348,0.0015531167333856623
new_more,1000,DK2 0AC_00067 0 offwind-ac,0.1349761654412126,0.0007621045765840457
new_more,1000,DK2 0AC_00072 0 offwind-ac,0.138632584911478,0.0014490239352372783
new_more,1000,GB1 0AC_00018 0 offwind-ac,0.13796381058447504,0.0008598732549959065
new_more,1000,GB1 0AC_00031 0 offwind-ac,0.13892773691787075,0.0018576449249598928
new_more,1000,GB1 0AC_00032 0 offwind-ac,0.1372475331773152,0.001455739510204683
new_more,1000,GB1 0AC_00035 0 offwind-ac,0.137023644049302,0.002177774103824406
new_more,1000,GB1 0AC_00041 0 offwind-ac,0.13768717344718984,0.0009290351532218117
new_more,1000,GB1 0AC_00060 0 offwind-ac,0.13657772398499235,0.0008749003958664045
new_more,1000,GB1 0AC_00075 0 offwind-ac,0.1357769961712456,0.0010843783771275252
new_more,1000,GB1 0AC_00085 0 offwind-ac,0.13538541768561596,0.001080061710110683
new_more,1000,GB1 0AC_00107 0 offwind-ac,0.14001567759955735,0.001531931081071383
new_more,1000,GB1 0AC_00108 0 offwind-ac,0.13482376053555278,0.0012777737958331627
new_more,1000,GB1 0AC_00116 0 offwind-ac,0.1384548332242337,0.0013817838678392893
new_more,1000,GB1 0AC_00127 0 offwind-ac,0.13200363437563034,0.0005414841218516016
new_more,1000,GB1 0AC_00129 0 offwind-ac,0.13595505026819377,0.0005499790356013495
new_more,1000,GB1 0AC_00132 0 offwind-ac,0.1358581176593675,0.0012488280794063743
new_more,1000,GB1 0AC_00135 0 offwind-ac,0.13820691585865097,0.0012610876696876507
new_more,1000,GB1 0AC_00155 0 offwind-ac,0.1397002952330707,0.0013394991892466815
new_more,1000,GB1 0AC_00156 0 offwind-ac,0.13529420588926566,0.0014108072068337854
new_more,1000,GB1 0AC_00165 0 offwind-ac,0.13855772797997568,0.001359925522583441
new_more,1000,GB1 0AC_00169 0 offwind-ac,0.13556191312099908,0.0008510438273782813
new_more,1000,GB1 0AC_00180 0 offwind-ac,0.12989460987407142,0.0006700345473390778
new_more,1000,GB1 0AC_00181 0 offwind-ac,0.1394887370435035,0.0014387575739804135
new_more,1000,GB1 0AC_00195 0 offwind-ac,0.1369515090613247,0.0012314581139613332
new_more,1000,GB1 0AC_00204 0 offwind-ac,0.13481083963089224,0.0009541946643057172
new_more,1000,GB1 0AC_00206 0 offwind-ac,0.13427988119843848,0.0012344668208413138
new_more,1000,GB1 0AC_00216 0 offwind-ac,0.13690351461689554,0.0015491494561776175
new_more,1000,GB1 0AC_00225 0 offwind-ac,0.13430697603418518,0.0011499729176959515
new_more,1000,GB4 0AC_00026 0 offwind-ac,0.15158395017059434,114.96276069404188
new_more,1000,NL2 0AC_00002 0 offwind-ac,0.13592317772836748,0.002942307673805946
new_more,1000,NL2 0AC_00015 0 offwind-ac,0.1367300437111496,0.0023065898780788973
new_more,1000,NL2 0AC_00029 0 offwind-ac,0.13549352323308994,0.0028711021239749453
new_more,1000,NL2 0AC_00033 0 offwind-ac,0.13610985978615264,0.00296424603806662
new_more,1000,NL2 0AC_00038 0 offwind-ac,0.13388362059272074,0.002265846088171459
new_more,1000,NL2 0AC_00048 0 offwind-ac,0.1306065722795059,0.0035204733152934273
new_more,1000,NL2 0AC_00062 0 offwind-ac,0.13178781771688353,0.0033309012386649925
new_more,1000,NL2 0AC_00078 0 offwind-ac,0.1284504376771186,0.0021678199217313966
new_more,1000,NL2 0AC_00080 0 offwind-ac,0.1289150749392315,0.0030678108405473954
new_more,1000,NL2 0AC_00083 0 offwind-ac,0.1248606269841126,0.006728568528249919
new_more,1000,NO0 0AC_00120 0 offwind-ac,0.12638004190120367,0.00045554871583117207
new_more,1000,NO0 0AC_00146 0 offwind-ac,0.13231359250402064,0.0006852399601882568
new_more,1000,NO0 0AC_00162 0 offwind-ac,0.13930511193494388,0.001292110918172092
new_more,1000,NO0 0AC_00168 0 offwind-ac,0.13557276513975725,0.001589758592070735
new_more,1000,NO0 0AC_00179 0 offwind-ac,0.13942034569988349,0.0009555448220153059
new_more,1000,NO0 0AC_00183 0 offwind-ac,0.13777119842168495,0.000534610012211185
new_more,1000,NO0 0AC_00208 0 offwind-ac,0.13807387356210687,0.0011544085453452195
new_more,1000,NO0 0AC_00209 0 offwind-ac,0.13789491548173483,0.0005131423284771374
new_more,1000,NO0 0AC_00235 0 offwind-ac,0.1362329658473892,0.0008443682448506392
new_more,1000,NO0 0AC_00246 0 offwind-ac,0.1400664722914975,0.0012855375229856249
new_more,1000,DK2 0AC_00043 0 offwind-float,0.14700844806730184,0.0016595868459298483
new_more,1000,DK2 0AC_00076 0 offwind-float,0.14665796308622558,0.0017862389310784616
new_more,1000,GB1 0AC_00015 0 offwind-float,0.1454010400606871,0.0015444678163655196
new_more,1000,GB1 0AC_00036 0 offwind-float,0.14809959371307346,0.001796165989591228
new_more,1000,GB1 0AC_00040 0 offwind-float,0.14892638074185882,0.0016352569453663883
new_more,1000,GB1 0AC_00054 0 offwind-float,0.14611944745472938,0.0010373918665652132
new_more,1000,GB1 0AC_00059 0 offwind-float,0.14888519986107118,0.0014433618550816112
new_more,1000,GB1 0AC_00082 0 offwind-float,0.14616062482132453,0.0011411506400120417
new_more,1000,GB1 0AC_00098 0 offwind-float,0.14888367353684884,0.001420634924648788
new_more,1000,GB1 0AC_00119 0 offwind-float,0.14541728085998062,0.0011093366211171831
new_more,1000,GB4 0AC_00000 0 offwind-float,0.1443609767829085,0.001192727010102888
new_more,1000,GB4 0AC_00005 0 offwind-float,0.1461498539115208,0.0015258585149270647
new_more,1000,GB4 0AC_00032 0 offwind-float,0.14587120259758024,0.002570455593828072
new_more,1000,GB4 0AC_00037 0 offwind-float,0.14773304732788162,0.0027316929921709647
new_more,1000,GB4 0AC_00052 0 offwind-float,0.1460405533111342,0.0024027446138304687
new_more,1000,NO0 0AC_00096 0 offwind-float,0.1474854086599644,0.001688824773971187
new_more,1000,NO0 0AC_00097 0 offwind-float,0.1484417897646887,0.0016590393282871277
new_more,1000,NO0 0AC_00101 0 offwind-float,0.14744652222999421,0.001399795378297365
new_more,1000,NO0 0AC_00102 0 offwind-float,0.147647553605449,0.0012796388782470097
new_more,1000,NO0 0AC_00115 0 offwind-float,0.1480545645533965,0.0018245696447824998
new_more,1000,NO0 0AC_00117 0 offwind-float,0.14557642995254438,0.001467858581990304
new_more,1000,NO0 0AC_00133 0 offwind-float,0.14693678671159993,0.0016873280323861793
new_more,1000,NO0 0AC_00134 0 offwind-float,0.14648792318613457,0.0017046994325902926
new_more,1000,NO0 0AC_00138 0 offwind-float,0.14881061740524282,0.0012698840049027737
new_more,1000,NO0 0AC_00139 0 offwind-float,0.1457697709086746,0.0009728133695240506
new_more,1000,NO0 0AC_00141 0 offwind-float,0.14713191706808149,0.0009770304376819628
new_more,1000,NO0 0AC_00143 0 offwind-float,0.14313685537271614,0.00037329945065753847
new_more,1000,NO0 0AC_00155 0 offwind-float,0.14779644349210375,0.0018890114541469014
new_more,1000,NO0 0AC_00178 0 offwind-float,0.14657707500411188,0.001609757031720636
new_more,1000,NO0 0AC_00182 0 offwind-float,0.14442368862975064,0.0014047213648049944
new_more,1000,NO0 0AC_00191 0 offwind-float,0.14434222174080058,0.0013744903935475282
new_more,1000,NO0 0AC_00198 0 offwind-float,0.14834122974818076,0.001847800373584476
new_more,1000,NO0 0AC_00199 0 offwind-float,0.1471124412214666,0.0017800894696691708
new_more,1000,NO0 0AC_00200 0 offwind-float,0.14814374853869305,0.001775460814496033
new_more,1000,NO0 0AC_00204 0 offwind-float,0.14709631286947644,0.001636619667824731
new_more,1000,NO0 0AC_00221 0 offwind-float,0.14659124772500232,0.0015197061259119673
new_more,1000,NO0 0AC_00234 0 offwind-float,0.14653592073955068,0.0014034640869537258
new_more,1000,NO0 0AC_00238 0 offwind-float,0.14757309633263083,0.0015726437746927005
new_more,1000,NO0 0AC_00239 0 offwind-float,0.14704655163888924,0.0013980649652208866
new_more,1000,NO0 0AC_00240 0 offwind-float,0.14855294807339325,0.0017485255563003171
new_more,1000,BE2 0AC_00002 0 offwind-dc,0.1433041185117393,0.005506228144150671
new_more,1000,DE2 0AC_00002 0 offwind-dc,0.15233069014392875,510.6930682250203
new_more,1000,DE2 0AC_00009 0 offwind-dc,0.15570416969719347,846.8382307372333
new_more,1000,DE2 0AC_00010 0 offwind-dc,0.11151667305912882,24.45181605220672
new_more,1000,DE2 0AC_00011 0 offwind-dc,0.11205218013981688,28.367624273020102
new_more,1000,DE2 0AC_00014 0 offwind-dc,0.11154426772338566,31.586028669162662
new_more,1000,DE2 0AC_00015 0 offwind-dc,0.15182096005207035,715.0136711059912
new_more,1000,DE2 0AC_00020 0 offwind-dc,0.1115394953439881,34.74586206536042
new_more,1000,DE2 0AC_00030 0 offwind-dc,0.11154720109107186,35.466818487364435
new_more,1000,DE2 0AC_00036 0 offwind-dc,0.11146943046804136,35.67940425100872
new_more,1000,DE2 0AC_00043 0 offwind-dc,0.12233593232672013,0.035901538370577815
new_more,1000,DK2 0AC_00007 0 offwind-dc,0.14585436868139656,0.0053420827633829035
new_more,1000,DK2 0AC_00011 0 offwind-dc,0.14674991574405138,0.004020658759880968
new_more,1000,DK2 0AC_00025 0 offwind-dc,0.1459384950205217,0.003098619193867667
new_more,1000,DK2 0AC_00031 0 offwind-dc,0.14613244784128165,0.0032282436176252977
new_more,1000,DK2 0AC_00038 0 offwind-dc,0.14368067888631608,0.0032290734788658015
new_more,1000,DK2 0AC_00039 0 offwind-dc,0.14456545016924716,0.0029882762779093303
new_more,1000,DK2 0AC_00045 0 offwind-dc,0.1462206117209126,0.0030438178603887636
new_more,1000,DK2 0AC_00050 0 offwind-dc,0.1423960965324632,0.007568755038940334
new_more,1000,GB1 0AC_00014 0 offwind-dc,0.14656405745846435,0.0052445042900622005
new_more,1000,GB1 0AC_00042 0 offwind-dc,0.14738090233563172,0.00447398726484812
new_more,1000,GB1 0AC_00139 0 offwind-dc,0.14717003867133038,0.0023620709826521584
new_more,1000,GB1 0AC_00184 0 offwind-dc,0.14755001279117996,0.0038094494387595104
new_more,1000,GB1 0AC_00196 0 offwind-dc,0.14537085116499104,0.002437894497063723
new_more,1000,GB1 0AC_00202 0 offwind-dc,0.1485954383997371,0.002299601534853415
new_more,1000,GB1 0AC_00209 0 offwind-dc,0.14716297305137882,0.002338642777399316
new_more,1000,GB1 0AC_00217 0 offwind-dc,0.14682315388599165,0.0023067347388867876
new_more,1000,GB1 0AC_00218 0 offwind-dc,0.14721610705267252,0.002670100113945765
new_more,1000,GB1 0AC_00240 0 offwind-dc,0.14815824939548938,0.002831562584514448
new_more,1000,GB1 0AC_00254 0 offwind-dc,0.1474052375339101,0.0022544001983069873
new_more,1000,GB1 0AC_00261 0 offwind-dc,0.14545290319694348,0.0020126471969237987
new_more,1000,GB1 0AC_00265 0 offwind-dc,0.1484732074991516,0.0026142116850648945
new_more,1000,GB1 0AC_00271 0 offwind-dc,0.14781537391805222,0.0026967870351786135
new_more,1000,GB4 0AC_00008 0 offwind-dc,0.13811741944782252,0.0037056963269646195
new_more,1000,NL2 0AC_00014 0 offwind-dc,0.14286344023372632,0.004022274447395116
new_more,1000,NL2 0AC_00021 0 offwind-dc,0.1431298922779114,0.0058157004905827715
new_more,1000,NL2 0AC_00045 0 offwind-dc,0.14528880733354654,0.004041432064610757
new_more,1000,NL2 0AC_00065 0 offwind-dc,0.14580088709037953,0.005884787301466187
new_more,1000,NL2 0AC_00066 0 offwind-dc,0.14117201010431102,0.008123464450871944
new_more,1000,NL2 0AC_00069 0 offwind-dc,0.127466626722205,0.021451408703709447
new_more,1000,NL2 0AC_00072 0 offwind-dc,0.13208496686425897,0.014482904617023845
new_more,1000,NL2 0AC_00073 0 offwind-dc,0.14246562666594775,0.0048357135433624325
new_more,1000,NL2 0AC_00075 0 offwind-dc,0.13758566754616763,0.007505617018357771
new_more,1000,NL2 0AC_00082 0 offwind-dc,0.14108541763567473,0.005159738411589012
new_more,1000,NO0 0AC_00104 0 offwind-dc,0.14630289337370328,0.004788741948122299
new_more,1000,NO0 0AC_00137 0 offwind-dc,0.14408006593138634,0.006170631715922641
new_more,1000,NO0 0AC_00173 0 offwind-dc,0.14363231257606301,0.0073124557470789775
new_more,1000,DK2 0AC_00053 0 offwind-ac,0.14642162967892147,0.003924902753267965
new_more,1000,DK2 0AC_00057 0 offwind-ac,0.14644343547050565,0.0031400357857787765
new_more,1000,DK2 0AC_00065 0 offwind-ac,0.14574692303885917,0.0036906630951584764
new_more,1000,GB1 0AC_00008 0 offwind-ac,0.14648495113261695,0.0017188447215647196
new_more,1000,GB1 0AC_00012 0 offwind-ac,0.1481787612752986,0.0018947916179214174
new_more,1000,GB1 0AC_00013 0 offwind-ac,0.1470703038701624,0.0020900575508893647
new_more,1000,GB1 0AC_00021 0 offwind-ac,0.1460391908021531,0.0016418068448224438
new_more,1000,GB1 0AC_00028 0 offwind-ac,0.14767046278874996,0.0030448206120938805
new_more,1000,GB1 0AC_00029 0 offwind-ac,0.14579864673599663,0.0033374623109360584
new_more,1000,GB1 0AC_00126 0 offwind-ac,0.14829294855190833,0.002099173945221514
new_more,1000,GB1 0AC_00173 0 offwind-ac,0.14702341779995798,0.0024204175608403566
new_more,1000,GB4 0AC_00028 0 offwind-ac,0.15598420076861375,100.85575293349086
new_more,1000,NL2 0AC_00039 0 offwind-ac,0.14426264379817566,0.0025524939113726807
new_more,1000,NL2 0AC_00042 0 offwind-ac,0.14478734264250226,0.0036658774317462734
new_more,1000,NL2 0AC_00049 0 offwind-ac,0.1477637434992728,0.003122130784942628
new_more,1000,NL2 0AC_00056 0 offwind-ac,0.1462354507238901,0.0036837482262784328
new_more,1000,NO0 0AC_00126 0 offwind-ac,0.1450882028403444,0.0017369012577126844
new_more,1000,DK2 0AC_00004 0 offwind-float,0.15291333250556283,0.0022051628993546924
new_more,1000,DK2 0AC_00075 0 offwind-float,0.15286201180772974,0.0022558340747509697
new_more,1000,GB1 0AC_00011 0 offwind-float,0.15225866251135522,0.0017673486774528653
new_more,1000,GB1 0AC_00016 0 offwind-float,0.15415635772444858,0.0019416202412547022
new_more,1000,GB1 0AC_00020 0 offwind-float,0.15234904006119887,0.002319732519241129
new_more,1000,GB1 0AC_00022 0 offwind-float,0.15530995019429816,0.002201835347842489
new_more,1000,GB1 0AC_00025 0 offwind-float,0.15470512848675577,0.002657584318112519
new_more,1000,GB1 0AC_00027 0 offwind-float,0.15319212039671803,0.0021881370517515203
new_more,1000,GB1 0AC_00037 0 offwind-float,0.15496146716047898,0.003157332811453609
new_more,1000,GB1 0AC_00038 0 offwind-float,0.15413055735829406,0.0030365621528225294
new_more,1000,GB1 0AC_00045 0 offwind-float,0.15236527428464997,0.002215937805378133
new_more,1000,GB1 0AC_00046 0 offwind-float,0.15538886257391182,0.002613613888605913
new_more,1000,GB1 0AC_00048 0 offwind-float,0.1531628560233862,0.0022627880129840227
new_more,1000,GB1 0AC_00049 0 offwind-float,0.1545797137570052,0.002407504171575557
new_more,1000,GB1 0AC_00050 0 offwind-float,0.1547388761317664,0.0031018845925435004
new_more,1000,GB1 0AC_00051 0 offwind-float,0.15459939690178714,0.002965777736551341
new_more,1000,GB1 0AC_00052 0 offwind-float,0.15364616963922617,0.002436652675313996
new_more,1000,GB1 0AC_00058 0 offwind-float,0.15512280492506114,0.002184966971779605
new_more,1000,GB1 0AC_00097 0 offwind-float,0.15449914817814647,0.0019219913718940096
new_more,1000,GB1 0AC_00113 0 offwind-float,0.15481982697453966,0.0019525210020600872
new_more,1000,GB1 0AC_00140 0 offwind-float,0.1525094305953567,0.0016515719078432592
new_more,1000,GB1 0AC_00150 0 offwind-float,0.15569642178894572,0.0021158425137492998
new_more,1000,GB4 0AC_00029 0 offwind-float,0.15403649704378652,0.0032189352824002304
new_more,1000,GB4 0AC_00034 0 offwind-float,0.15425590857446014,0.0034968190022400007
new_more,1000,NO0 0AC_00004 0 offwind-float,0.15538154699996776,0.002305866083344496
new_more,1000,NO0 0AC_00072 0 offwind-float,0.15528186258180898,0.0021166992740394974
new_more,1000,NO0 0AC_00084 0 offwind-float,0.15235101576851406,0.0017923321535680311
new_more,1000,NO0 0AC_00088 0 offwind-float,0.15456717684247656,0.00224963820308631
new_more,1000,NO0 0AC_00089 0 offwind-float,0.15387182746310657,0.0021555503737973876
new_more,1000,NO0 0AC_00090 0 offwind-float,0.15405491879279176,0.002131306636433988
new_more,1000,NO0 0AC_00092 0 offwind-float,0.15549112476343818,0.0024780641827626283
new_more,1000,NO0 0AC_00093 0 offwind-float,0.155344201481999,0.00254024699725107
new_more,1000,NO0 0AC_00095 0 offwind-float,0.15484151000853053,0.0024109441186913882
new_more,1000,NO0 0AC_00099 0 offwind-float,0.15302904532719241,0.002163724342787139
new_more,1000,NO0 0AC_00100 0 offwind-float,0.15368006627342767,0.0020885792001439666
new_more,1000,NO0 0AC_00105 0 offwind-float,0.15414356287453046,0.002250931096237979
new_more,1000,NO0 0AC_00107 0 offwind-float,0.15373097444241113,0.0023689135853808526
new_more,1000,NO0 0AC_00108 0 offwind-float,0.15295361227897997,0.001974934641119362
new_more,1000,NO0 0AC_00109 0 offwind-float,0.15376888676759715,0.0022524262551301293
new_more,1000,NO0 0AC_00118 0 offwind-float,0.15463350972220402,0.0023569576920019508
new_more,1000,NO0 0AC_00128 0 offwind-float,0.1538415187116895,0.0004965228824598417
new_more,1000,NO0 0AC_00132 0 offwind-float,0.15313483681509665,0.0022068189908968474
new_more,1000,NO0 0AC_00161 0 offwind-float,0.15145973300548188,0.0022074446489594394
new_more,1000,NO0 0AC_00181 0 offwind-float,0.1524475930086262,0.0022452545957917726
new_more,1000,NO0 0AC_00184 0 offwind-float,0.15332031572393,0.002307914476309884
new_more,1000,NO0 0AC_00205 0 offwind-float,0.15522763157534314,0.0026562742063051983
new_more,1000,NO0 0AC_00215 0 offwind-float,0.15507943623187959,0.002603027067133494
new_more,1000,NO0 0AC_00219 0 offwind-float,0.15289303929262466,0.00218683813774445
new_more,1000,DE2 0AC_00003 0 offwind-dc,0.15663877029186213,1289.7423675303105
new_more,1000,DE2 0AC_00006 0 offwind-dc,0.15798662660910978,1223.072068954445
new_more,1000,DE2 0AC_00007 0 offwind-dc,0.15661455669349356,943.1156884648109
new_more,1000,DE2 0AC_00008 0 offwind-dc,0.16081446200720695,1364.8217067839469
new_more,1000,DE2 0AC_00012 0 offwind-dc,0.1518437558570237,582.4344522237224
new_more,1000,DE2 0AC_00016 0 offwind-dc,0.11154514772201407,35.64173804963097
new_more,1000,DE2 0AC_00017 0 offwind-dc,0.11151317272654304,29.879608872447147
new_more,1000,DE2 0AC_00019 0 offwind-dc,0.11161535634609476,30.25635928511614
new_more,1000,DE2 0AC_00032 0 offwind-dc,0.11149245345415537,31.806239979808968
new_more,1000,DK2 0AC_00001 0 offwind-dc,0.15274594340252834,0.005924939972899076
new_more,1000,DK2 0AC_00002 0 offwind-dc,0.15167534736292643,0.005333895805443301
new_more,1000,DK2 0AC_00006 0 offwind-dc,0.14989762166111475,0.00688078476755337
new_more,1000,DK2 0AC_00008 0 offwind-dc,0.1532945592863696,0.006219267086633642
new_more,1000,DK2 0AC_00009 0 offwind-dc,0.1505158881431301,0.0057596524595184195
new_more,1000,DK2 0AC_00010 0 offwind-dc,0.15132708410233187,0.005455645172130794
new_more,1000,DK2 0AC_00012 0 offwind-dc,0.15182844689523722,0.0075591551791950335
new_more,1000,DK2 0AC_00013 0 offwind-dc,0.152595853636177,0.006739639994116143
new_more,1000,DK2 0AC_00014 0 offwind-dc,0.15253366768293586,0.006175890213172382
new_more,1000,DK2 0AC_00015 0 offwind-dc,0.15093323320963759,0.008013171092500234
new_more,1000,DK2 0AC_00018 0 offwind-dc,0.15298452932342965,0.006062722894438537
new_more,1000,DK2 0AC_00019 0 offwind-dc,0.15113147344874478,0.006868265543719735
new_more,1000,DK2 0AC_00020 0 offwind-dc,0.15238130597078137,0.005067312939674966
new_more,1000,DK2 0AC_00022 0 offwind-dc,0.1540328773483206,0.004804926344468282
new_more,1000,DK2 0AC_00027 0 offwind-dc,0.1539988649520211,0.0053900676789205085
new_more,1000,DK2 0AC_00028 0 offwind-dc,0.15186829341173513,0.008771119030534649
new_more,1000,DK2 0AC_00029 0 offwind-dc,0.1505392567276116,0.00974649884110319
new_more,1000,DK2 0AC_00033 0 offwind-dc,0.15218705914153463,0.0048715993040636145
new_more,1000,DK2 0AC_00034 0 offwind-dc,0.14941626876724168,0.008704284330006902
new_more,1000,DK2 0AC_00037 0 offwind-dc,0.15332346727309365,0.006492530152852352
new_more,1000,DK2 0AC_00040 0 offwind-dc,0.1511365899984115,0.005790716316094089
new_more,1000,DK2 0AC_00044 0 offwind-dc,0.14963563592516727,0.010552455620979579
new_more,1000,DK2 0AC_00046 0 offwind-dc,0.14938335534314573,0.005862705137330688
new_more,1000,GB1 0AC_00044 0 offwind-dc,0.1502212448427579,0.00859081214444363
new_more,1000,GB1 0AC_00144 0 offwind-dc,0.15271712381921765,0.003229251290619601
new_more,1000,GB1 0AC_00163 0 offwind-dc,0.15463995493519478,0.004798333574539688
new_more,1000,GB1 0AC_00172 0 offwind-dc,0.154958173696624,0.0037007800635563953
new_more,1000,GB1 0AC_00183 0 offwind-dc,0.15453324062697504,0.0031740881415174716
new_more,1000,GB1 0AC_00186 0 offwind-dc,0.15488709428815772,0.0038364565398399976
new_more,1000,GB1 0AC_00189 0 offwind-dc,0.15351236648655964,0.005557997752996483
new_more,1000,GB1 0AC_00192 0 offwind-dc,0.15396241585762538,0.003242325702811304
new_more,1000,GB1 0AC_00200 0 offwind-dc,0.1546464690695799,0.0035876294833789364
new_more,1000,GB1 0AC_00201 0 offwind-dc,0.1540828483508474,0.0036913404411925963
new_more,1000,GB1 0AC_00205 0 offwind-dc,0.15103348208315426,0.004719514515819973
new_more,1000,GB1 0AC_00214 0 offwind-dc,0.1517358265991663,0.005425005590913905
new_more,1000,GB1 0AC_00227 0 offwind-dc,0.15526608587884227,0.003749361776472817
new_more,1000,GB1 0AC_00243 0 offwind-dc,0.15398937300250826,0.003561933198419272
new_more,1000,GB1 0AC_00252 0 offwind-dc,0.15236521700730554,0.005763937855284252
new_more,1000,GB1 0AC_00253 0 offwind-dc,0.15405579226594512,0.003697423285891011
new_more,1000,GB1 0AC_00269 0 offwind-dc,0.15391948772637676,0.006270753430557085
new_more,1000,GB4 0AC_00003 0 offwind-dc,0.14008915823280232,0.01870590516195165
new_more,1000,GB4 0AC_00012 0 offwind-dc,0.11151286858067033,33.10645444980141
new_more,1000,NL2 0AC_00000 0 offwind-dc,0.1403967631932641,0.0156766418176655
new_more,1000,NL2 0AC_00017 0 offwind-dc,0.15002453208724342,0.009195618785453587
new_more,1000,NL2 0AC_00019 0 offwind-dc,0.11149324859052534,28.103048068752763
new_more,1000,NL2 0AC_00020 0 offwind-dc,0.11161728176751418,33.75711772804865
new_more,1000,NL2 0AC_00034 0 offwind-dc,0.15307468664151025,0.007496370415840817
new_more,1000,NL2 0AC_00040 0 offwind-dc,0.11150115400929217,24.147259345758886
new_more,1000,NL2 0AC_00051 0 offwind-dc,0.15123468923120842,0.006446401036849148
new_more,1000,NL2 0AC_00070 0 offwind-dc,0.14951388083189543,0.007776688468242721
new_more,1000,NL2 0AC_00081 0 offwind-dc,0.14918083534155346,0.008894111832531743
new_more,1000,NO0 0AC_00073 0 offwind-dc,0.15060857122453386,0.004937811534277986
new_more,1000,NO0 0AC_00159 0 offwind-dc,0.1515890794538871,0.008621148840535291
new_more,1000,NO0 0AC_00160 0 offwind-dc,0.15203895418743818,0.008479961157787303
new_more,1000,BE2 0AC_00003 0 offwind-ac,0.15031846126901816,0.005673749648999837
new_more,1000,DK2 0AC_00063 0 offwind-ac,0.15179180698275774,0.0037126900393857675
new_more,1000,DK2 0AC_00066 0 offwind-ac,0.1502143246958162,0.0019062894867903093
new_more,1000,GB1 0AC_00002 0 offwind-ac,0.15291184598606977,0.0031937324603757916
new_more,1000,GB1 0AC_00005 0 offwind-ac,0.15315269495076,0.0014947020504534761
new_more,1000,GB1 0AC_00010 0 offwind-ac,0.1513543533447842,0.00783758591862489
new_more,1000,GB1 0AC_00017 0 offwind-ac,0.15270291590674623,0.0019248975489406426
new_more,1000,GB1 0AC_00019 0 offwind-ac,0.15208605796928898,0.0012146770027361433
new_more,1000,GB1 0AC_00024 0 offwind-ac,0.15216597277482036,0.002768566625613318
new_more,1000,GB1 0AC_00125 0 offwind-ac,0.15335576241553805,0.002730538548747394
new_more,1000,NO0 0AC_00243 0 offwind-ac,0.15437234134989886,0.0019492117839160243
new_more,1000,DK2 0AC_00000 0 offwind-float,0.1588147076931763,0.0028717021148903688
new_more,1000,DK2 0AC_00003 0 offwind-float,0.15920922605974386,0.002702276389667677
new_more,1000,GB1 0AC_00009 0 offwind-float,0.1604235004151734,0.003575062850203626
new_more,1000,GB1 0AC_00026 0 offwind-float,0.15817493366671953,0.003260681547309605
new_more,1000,GB1 0AC_00030 0 offwind-float,0.16011027427260194,0.003966269489127239
new_more,1000,GB1 0AC_00033 0 offwind-float,0.1599167918522718,0.003416051196138201
new_more,1000,GB1 0AC_00043 0 offwind-float,0.16117043677618048,0.0036581459355251797
new_more,1000,GB1 0AC_00055 0 offwind-float,0.1616688258049811,0.0034697055732136103
new_more,1000,GB1 0AC_00056 0 offwind-float,0.1613821492239349,0.0034140838195819423
new_more,1000,GB1 0AC_00064 0 offwind-float,0.16121894508762524,0.0026380263849134934
new_more,1000,GB1 0AC_00067 0 offwind-float,0.16127175969878993,0.003450449984530714
new_more,1000,GB1 0AC_00071 0 offwind-float,0.1617794241047128,0.002577263792198442
new_more,1000,GB1 0AC_00090 0 offwind-float,0.16124783476589089,0.003689297631442734
new_more,1000,GB1 0AC_00095 0 offwind-float,0.16116011807790653,0.0036997730750899177
new_more,1000,GB1 0AC_00100 0 offwind-float,0.1602420258500844,0.003699205386485585
new_more,1000,GB1 0AC_00112 0 offwind-float,0.1615002735025678,0.0038285700329624183
new_more,1000,GB1 0AC_00118 0 offwind-float,0.16190668992154644,0.0029089857284082827
new_more,1000,GB1 0AC_00120 0 offwind-float,0.1611762328229418,0.003086835701492987
new_more,1000,GB1 0AC_00134 0 offwind-float,0.16046026941097313,0.0024484600249799343
new_more,1000,GB1 0AC_00146 0 offwind-float,0.161294513698365,0.0034721466986779386
new_more,1000,GB1 0AC_00157 0 offwind-float,0.1618649821851621,0.002901298563980828
new_more,1000,GB1 0AC_00162 0 offwind-float,0.16114083184608952,0.003156810454566471
new_more,1000,GB1 0AC_00179 0 offwind-float,0.16193408557025246,0.003107622461119265
new_more,1000,GB1 0AC_00229 0 offwind-float,0.16106490197455203,0.0030919618295804597
new_more,1000,GB1 0AC_00258 0 offwind-float,0.16184681859406236,0.0032336132203477207
new_more,1000,GB4 0AC_00009 0 offwind-float,0.1592541949629478,0.0037527668409583718
new_more,1000,GB4 0AC_00011 0 offwind-float,0.16074205878441028,0.004346799423347426
new_more,1000,GB4 0AC_00015 0 offwind-float,0.1607619518147707,0.004112778935408443
new_more,1000,GB4 0AC_00016 0 offwind-float,0.1611419089834869,0.004212097842821333
new_more,1000,GB4 0AC_00017 0 offwind-float,0.1605994776192332,0.004000079993885184
new_more,1000,GB4 0AC_00031 0 offwind-float,0.16134928362166934,0.00409708050805831
new_more,1000,GB4 0AC_00035 0 offwind-float,0.16079279202167152,0.004165563845024188
new_more,1000,GB4 0AC_00042 0 offwind-float,0.15992301820247,0.004604087178555062
new_more,1000,GB4 0AC_00044 0 offwind-float,0.16091864344051432,0.004678428935180666
new_more,1000,GB4 0AC_00048 0 offwind-float,0.16071678324638117,0.00481776196924709
new_more,1000,GB4 0AC_00050 0 offwind-float,0.16128207508651626,0.004210877561805663
new_more,1000,GB4 0AC_00051 0 offwind-float,0.1612665836197913,0.0042266314105073935
new_more,1000,GB4 0AC_00064 0 offwind-float,0.16114845985349735,0.004197368493520197
new_more,1000,GB4 0AC_00070 0 offwind-float,0.16160356434626177,0.0033787167867855624
new_more,1000,GB4 0AC_00071 0 offwind-float,0.1613328682691163,0.004138423262134174
new_more,1000,GB4 0AC_00080 0 offwind-float,0.16136836069384963,0.003335103665666774
new_more,1000,NO0 0AC_00000 0 offwind-float,0.1618460355351662,0.0030804717780529953
new_more,1000,NO0 0AC_00001 0 offwind-float,0.16164258408361998,0.003133170359362732
new_more,1000,NO0 0AC_00005 0 offwind-float,0.1606595768349689,0.0027609894718253077
new_more,1000,NO0 0AC_00010 0 offwind-float,0.16178092221691354,0.002975618721154141
new_more,1000,NO0 0AC_00011 0 offwind-float,0.15969437993250146,0.002300466574032281
new_more,1000,NO0 0AC_00014 0 offwind-float,0.1592249957391514,0.0025934602922757155
new_more,1000,NO0 0AC_00015 0 offwind-float,0.16030746270220486,0.0026465359835075456
new_more,1000,NO0 0AC_00017 0 offwind-float,0.16138684701198092,0.002730893796713573
new_more,1000,NO0 0AC_00018 0 offwind-float,0.16162250203959816,0.002967176322833107
new_more,1000,NO0 0AC_00019 0 offwind-float,0.16189968910008412,0.0029625223296045706
new_more,1000,NO0 0AC_00020 0 offwind-float,0.16191355985497669,0.0029141404636685722
new_more,1000,NO0 0AC_00021 0 offwind-float,0.16175334244181916,0.0030438202794137357
new_more,1000,NO0 0AC_00024 0 offwind-float,0.1593549762195282,0.002555199344699863
new_more,1000,NO0 0AC_00028 0 offwind-float,0.16174961965776713,0.0029188512570672022
new_more,1000,NO0 0AC_00037 0 offwind-float,0.1607062829989726,0.0028364948040708543
new_more,1000,NO0 0AC_00039 0 offwind-float,0.1605747685645268,0.002815834245481714
new_more,1000,NO0 0AC_00044 0 offwind-float,0.16176925939255438,0.0029376599196996147
new_more,1000,NO0 0AC_00045 0 offwind-float,0.16123177816605394,0.0027954413859751378
new_more,1000,NO0 0AC_00047 0 offwind-float,0.1618229276908727,0.002999012584483051
new_more,1000,NO0 0AC_00048 0 offwind-float,0.16164465985316923,0.002821915894655521
new_more,1000,NO0 0AC_00051 0 offwind-float,0.16187629849476004,0.0030475019596134965
new_more,1000,NO0 0AC_00052 0 offwind-float,0.16147664487934899,0.0030050593676244123
new_more,1000,NO0 0AC_00055 0 offwind-float,0.16176934768039852,0.00289140499533547
new_more,1000,NO0 0AC_00060 0 offwind-float,0.1618480635662598,0.0029377543536846557
new_more,1000,NO0 0AC_00063 0 offwind-float,0.16179588396212097,0.002900942919038343
new_more,1000,NO0 0AC_00065 0 offwind-float,0.16125350502146385,0.0028182090172717885
new_more,1000,NO0 0AC_00071 0 offwind-float,0.16107193262636688,0.0030266547574907795
new_more,1000,NO0 0AC_00074 0 offwind-float,0.15800882376110714,0.002589859551522586
new_more,1000,NO0 0AC_00075 0 offwind-float,0.16159132751356775,0.0030407465112285816
new_more,1000,NO0 0AC_00077 0 offwind-float,0.16179284378526182,0.002900489318715572
new_more,1000,NO0 0AC_00078 0 offwind-float,0.16109130769486135,0.0026746743881850797
new_more,1000,NO0 0AC_00080 0 offwind-float,0.1599699384853368,0.0027424426547652896
new_more,1000,NO0 0AC_00082 0 offwind-float,0.15803934612929815,0.0028178387671931805
new_more,1000,NO0 0AC_00083 0 offwind-float,0.16172309276219898,0.003007840487267861
new_more,1000,NO0 0AC_00086 0 offwind-float,0.16151705872509448,0.0026602101758587396
new_more,1000,NO0 0AC_00091 0 offwind-float,0.16009786037599016,0.0029343729185102576
new_more,1000,NO0 0AC_00094 0 offwind-float,0.16090370427338185,0.002529243916973087
new_more,1000,NO0 0AC_00098 0 offwind-float,0.1597129392259603,0.003058217820263186
new_more,1000,NO0 0AC_00106 0 offwind-float,0.15950279911860943,0.0030166263812009464
new_more,1000,NO0 0AC_00112 0 offwind-float,0.1604816322556244,0.0029155365263744586
new_more,1000,NO0 0AC_00129 0 offwind-float,0.15973437061552653,0.0008049889163676332
new_more,1000,NO0 0AC_00245 0 offwind-float,0.15596095053710468,0.0011029739198147761
new_more,1000,DE2 0AC_00000 0 offwind-dc,0.164113610499645,1411.8092507773029
new_more,1000,DE2 0AC_00013 0 offwind-dc,0.11165605699165537,33.031645957403114
new_more,1000,DE2 0AC_00018 0 offwind-dc,0.11159065035936655,31.860051225252562
new_more,1000,DE2 0AC_00023 0 offwind-dc,0.11153904295559303,34.84479530873704
new_more,1000,DE2 0AC_00024 0 offwind-dc,0.1115640938946163,28.610909133492868
new_more,1000,DE2 0AC_00025 0 offwind-dc,0.1115089297144215,29.94734852817773
new_more,1000,DE2 0AC_00029 0 offwind-dc,0.1115229441682778,30.471645595460156
new_more,1000,DK2 0AC_00005 0 offwind-dc,0.1578216563223297,0.007161084080427979
new_more,1000,DK2 0AC_00021 0 offwind-dc,0.15804801168074623,0.007463841132703893
new_more,1000,DK2 0AC_00024 0 offwind-dc,0.15571908275495283,0.009170106927486663
new_more,1000,DK2 0AC_00026 0 offwind-dc,0.15895362917647526,0.006437611663371237
new_more,1000,DK2 0AC_00032 0 offwind-dc,0.15735052064106858,0.007311881254490435
new_more,1000,GB1 0AC_00034 0 offwind-dc,0.15800507922790064,0.007193297319206238
new_more,1000,GB1 0AC_00148 0 offwind-dc,0.15946631588508864,0.0046450173281506885
new_more,1000,GB1 0AC_00160 0 offwind-dc,0.16103772187718468,0.004834370641904541
new_more,1000,GB1 0AC_00164 0 offwind-dc,0.16038799957031002,0.005399807460738071
new_more,1000,GB1 0AC_00215 0 offwind-dc,0.1591999939626335,0.004201730961230176
new_more,1000,GB1 0AC_00256 0 offwind-dc,0.15930847938201353,0.0045514503649180214
new_more,1000,GB1 0AC_00263 0 offwind-dc,0.1583015237900779,0.0039963316787404125
new_more,1000,GB1 0AC_00266 0 offwind-dc,0.16106307159472255,0.00480336225579266
new_more,1000,GB1 0AC_00270 0 offwind-dc,0.15950992578555567,0.0041804811008672536
new_more,1000,GB1 0AC_00273 0 offwind-dc,0.16114912298789874,0.004685271086143463
new_more,1000,GB1 0AC_00274 0 offwind-dc,0.15820370795704752,0.006915344583276539
new_more,1000,NL2 0AC_00004 0 offwind-dc,0.1553692384922395,0.011508232507126973
new_more,1000,NL2 0AC_00009 0 offwind-dc,0.15647221390059496,0.011795239604507249
new_more,1000,NL2 0AC_00011 0 offwind-dc,0.15672400803944375,0.0116718833917296
new_more,1000,NL2 0AC_00012 0 offwind-dc,0.1520670700788015,0.014111071228560803
new_more,1000,NL2 0AC_00022 0 offwind-dc,0.1578035263594062,0.009595501639468429
new_more,1000,NL2 0AC_00023 0 offwind-dc,0.1563926198799912,0.01044371660019132
new_more,1000,NL2 0AC_00031 0 offwind-dc,0.15534214459396278,0.009000226681064925
new_more,1000,NL2 0AC_00036 0 offwind-dc,0.1566779508897479,0.011397920258663262
new_more,1000,NL2 0AC_00041 0 offwind-dc,0.11151568569564052,33.08450657732514
new_more,1000,NL2 0AC_00043 0 offwind-dc,0.15832954432400415,0.00977456312646796
new_more,1000,NL2 0AC_00050 0 offwind-dc,0.15408610773534626,0.014383764717134078
new_more,1000,NL2 0AC_00053 0 offwind-dc,0.11152732978191582,32.93372903211107
new_more,1000,NL2 0AC_00054 0 offwind-dc,0.15755043242418731,0.01016519464783038
new_more,1000,NL2 0AC_00057 0 offwind-dc,0.14968026002831725,0.014728371371284991
new_more,1000,NL2 0AC_00058 0 offwind-dc,0.15669872156992282,0.01167862825190482
new_more,1000,NL2 0AC_00067 0 offwind-dc,0.1419852508053483,0.024336805189429177
new_more,1000,NL2 0AC_00068 0 offwind-dc,0.11152627894707579,26.216464627988007
new_more,1000,NL2 0AC_00071 0 offwind-dc,0.1496332043602272,0.015249957874703797
new_more,1000,NL2 0AC_00076 0 offwind-dc,0.15170260683635173,0.012128553172937468
new_more,1000,NL2 0AC_00085 0 offwind-dc,0.15333738035367517,0.012699120155489635
new_more,1000,DK2 0AC_00051 0 offwind-ac,0.15688076199801593,0.006042501322727302
new_more,1000,DK2 0AC_00055 0 offwind-ac,0.1603437429641158,0.0055353549229960365
new_more,1000,DK2 0AC_00068 0 offwind-ac,0.15525374991051255,0.0043817487381278535
new_more,1000,DK2 0AC_00071 0 offwind-ac,0.15842573208649224,0.004594901705355974
new_more,1000,GB1 0AC_00007 0 offwind-ac,0.15984478958944137,0.004104549779736283
new_more,1000,GB1 0AC_00063 0 offwind-ac,0.1608827569228286,0.003688937989230273
new_more,1000,NO0 0AC_00130 0 offwind-ac,0.15539176524671605,0.0017932932670425474
new_more,1000,GB1 0AC_00053 0 offwind-float,0.16489854274804716,0.004032961296738396
new_more,1000,GB1 0AC_00057 0 offwind-float,0.16488944814336104,0.004150035352013461
new_more,1000,GB1 0AC_00065 0 offwind-float,0.16690853209007406,0.00441840641583784
new_more,1000,GB1 0AC_00066 0 offwind-float,0.16525705180383188,0.0036587199562046063
new_more,1000,GB1 0AC_00068 0 offwind-float,0.16561698835102479,0.004006309443007155
new_more,1000,GB1 0AC_00069 0 offwind-float,0.16446434293623569,0.004244054837648123
new_more,1000,GB1 0AC_00070 0 offwind-float,0.16376306285336983,0.004355589817576698
new_more,1000,GB1 0AC_00073 0 offwind-float,0.1653032655896225,0.0034855035960846027
new_more,1000,GB1 0AC_00074 0 offwind-float,0.16587841820158,0.003982312760887339
new_more,1000,GB1 0AC_00078 0 offwind-float,0.16664483623456972,0.004136165097243542
new_more,1000,GB1 0AC_00079 0 offwind-float,0.1661068636655616,0.003940496487820678
new_more,1000,GB1 0AC_00080 0 offwind-float,0.16572295824487637,0.0042474852688973415
new_more,1000,GB1 0AC_00081 0 offwind-float,0.16661864102624635,0.0035570965714080173
new_more,1000,GB1 0AC_00083 0 offwind-float,0.16765517675698927,0.00418154015767992
new_more,1000,GB1 0AC_00084 0 offwind-float,0.16783633889800886,0.004237579769490304
new_more,1000,GB1 0AC_00086 0 offwind-float,0.16524053589046572,0.0030304503818813747
new_more,1000,GB1 0AC_00087 0 offwind-float,0.1662779239160359,0.0037242316193359017
new_more,1000,GB1 0AC_00088 0 offwind-float,0.1663400982636185,0.004159865039303663
new_more,1000,GB1 0AC_00089 0 offwind-float,0.16597316612437152,0.004058486708552628
new_more,1000,GB1 0AC_00091 0 offwind-float,0.16753589081232245,0.004317503058774994
new_more,1000,GB1 0AC_00093 0 offwind-float,0.1674664583546348,0.003719548391488369
new_more,1000,GB1 0AC_00094 0 offwind-float,0.16735127324992893,0.004271355009610273
new_more,1000,GB1 0AC_00096 0 offwind-float,0.16758697019384672,0.004025533460186928
new_more,1000,GB1 0AC_00099 0 offwind-float,0.1679991916095004,0.0034633723100650875
new_more,1000,GB1 0AC_00101 0 offwind-float,0.16679795109263962,0.00391776852632714
new_more,1000,GB1 0AC_00102 0 offwind-float,0.16713382335357074,0.004132529608551851
new_more,1000,GB1 0AC_00103 0 offwind-float,0.16600476960687127,0.0034639279264226577
new_more,1000,GB1 0AC_00104 0 offwind-float,0.16748153203290594,0.004310569650500841
new_more,1000,GB1 0AC_00105 0 offwind-float,0.1665017634029775,0.004035275944655392
new_more,1000,GB1 0AC_00106 0 offwind-float,0.1674151511190758,0.004048801871080251
new_more,1000,GB1 0AC_00109 0 offwind-float,0.16761398414682038,0.00420176943935187
new_more,1000,GB1 0AC_00110 0 offwind-float,0.16505324778706953,0.003151473361306733
new_more,1000,GB1 0AC_00111 0 offwind-float,0.16764887952653995,0.00426256559578948
new_more,1000,GB1 0AC_00114 0 offwind-float,0.16752383286835626,0.003906209138524059
new_more,1000,GB1 0AC_00115 0 offwind-float,0.16653875264022344,0.0040865375033815685
new_more,1000,GB1 0AC_00117 0 offwind-float,0.1654034136858209,0.003841934666392921
new_more,1000,GB1 0AC_00121 0 offwind-float,0.1674650606230913,0.004092952857101767
new_more,1000,GB1 0AC_00122 0 offwind-float,0.16597844858061161,0.0031677126696920254
new_more,1000,GB1 0AC_00123 0 offwind-float,0.16744824921921098,0.00417011396697362
new_more,1000,GB1 0AC_00124 0 offwind-float,0.1665759856748631,0.004117676955500109
new_more,1000,GB1 0AC_00133 0 offwind-float,0.16705604208362013,0.004082932057060144
new_more,1000,GB1 0AC_00136 0 offwind-float,0.16753809093375172,0.003959000666906098
new_more,1000,GB1 0AC_00137 0 offwind-float,0.16595329333514797,0.0038690002276814115
new_more,1000,GB1 0AC_00138 0 offwind-float,0.16438601743598102,0.0032706971561043833
new_more,1000,GB1 0AC_00141 0 offwind-float,0.1674303729669132,0.0034555360420779548
new_more,1000,GB1 0AC_00142 0 offwind-float,0.1677780669080461,0.004115630909422681
new_more,1000,GB1 0AC_00143 0 offwind-float,0.16755118343732478,0.004124054222731459
new_more,1000,GB1 0AC_00145 0 offwind-float,0.16595708149527633,0.004009423076328321
new_more,1000,GB1 0AC_00149 0 offwind-float,0.16436733889288735,0.0033516887062702227
new_more,1000,GB1 0AC_00151 0 offwind-float,0.16751411687574747,0.0039951861620856404
new_more,1000,GB1 0AC_00152 0 offwind-float,0.16739896430057355,0.00414259689181217
new_more,1000,GB1 0AC_00153 0 offwind-float,0.1654455093936632,0.0038146393791962433
new_more,1000,GB1 0AC_00154 0 offwind-float,0.16699637623276908,0.0039054810439776997
new_more,1000,GB1 0AC_00158 0 offwind-float,0.1678744856925266,0.004085197214020253
new_more,1000,GB1 0AC_00159 0 offwind-float,0.16668180659656762,0.003856056590355756
new_more,1000,GB1 0AC_00161 0 offwind-float,0.16621378229388395,0.0038629310904835417
new_more,1000,GB1 0AC_00170 0 offwind-float,0.16702423624609186,0.0040341515093371486
new_more,1000,GB1 0AC_00171 0 offwind-float,0.1670968521269811,0.004053318753043485
new_more,1000,GB1 0AC_00177 0 offwind-float,0.16692653747089603,0.003880557666003074
new_more,1000,GB1 0AC_00178 0 offwind-float,0.16703635636100833,0.0038907697041197275
new_more,1000,GB1 0AC_00182 0 offwind-float,0.16472028132758654,0.0036113682625979497
new_more,1000,GB1 0AC_00185 0 offwind-float,0.16675476340626283,0.0039245764010366595
new_more,1000,GB1 0AC_00187 0 offwind-float,0.1681030530890042,0.003955017367187145
new_more,1000,GB1 0AC_00188 0 offwind-float,0.16773690202254532,0.003961530588592642
new_more,1000,GB1 0AC_00190 0 offwind-float,0.164848378975897,0.003672006275390398
new_more,1000,GB1 0AC_00191 0 offwind-float,0.16719589958293513,0.003947861410047632
new_more,1000,GB1 0AC_00193 0 offwind-float,0.16719999777765038,0.0039978771090026415
new_more,1000,GB1 0AC_00194 0 offwind-float,0.1673235723077201,0.0037039194862982195
new_more,1000,GB1 0AC_00197 0 offwind-float,0.16763878402601007,0.004082114102757121
new_more,1000,GB1 0AC_00198 0 offwind-float,0.16760127477359832,0.0039862398278598206
new_more,1000,GB1 0AC_00203 0 offwind-float,0.16491196681143439,0.003551464457838585
new_more,1000,GB1 0AC_00208 0 offwind-float,0.16596664723799914,0.003776095560066124
new_more,1000,GB1 0AC_00211 0 offwind-float,0.16537831830949645,0.0033369023031438174
new_more,1000,GB1 0AC_00212 0 offwind-float,0.1676168893182295,0.004067420012109736
new_more,1000,GB1 0AC_00213 0 offwind-float,0.16753468968510155,0.0039998871866769176
new_more,1000,GB1 0AC_00219 0 offwind-float,0.16639402700358918,0.0036061965642805774
new_more,1000,GB1 0AC_00220 0 offwind-float,0.16471014329560796,0.0036904499991809985
new_more,1000,GB1 0AC_00224 0 offwind-float,0.16619881171818296,0.003783427409706187
new_more,1000,GB1 0AC_00232 0 offwind-float,0.16745801283289774,0.0038588208746567197
new_more,1000,GB1 0AC_00233 0 offwind-float,0.16725535203920427,0.003955275993610371
new_more,1000,GB1 0AC_00235 0 offwind-float,0.1672329944768618,0.0038923017397176976
new_more,1000,GB1 0AC_00237 0 offwind-float,0.16602127198656402,0.003576028055141685
new_more,1000,GB1 0AC_00238 0 offwind-float,0.16505966023718355,0.003408851829022098
new_more,1000,GB1 0AC_00242 0 offwind-float,0.1658389484928866,0.0036137511478915255
new_more,1000,GB1 0AC_00245 0 offwind-float,0.1657151381713089,0.003499833490011904
new_more,1000,GB1 0AC_00250 0 offwind-float,0.16700707126794068,0.003891566935363306
new_more,1000,GB1 0AC_00262 0 offwind-float,0.16613027622552556,0.0035932535776963107
new_more,1000,GB1 0AC_00268 0 offwind-float,0.1670813237476012,0.0036685784379681084
new_more,1000,GB4 0AC_00004 0 offwind-float,0.165585085870795,0.0015916068736098253
new_more,1000,GB4 0AC_00010 0 offwind-float,0.1660395135568833,0.005035494024249938
new_more,1000,GB4 0AC_00013 0 offwind-float,0.16594841579166564,0.005405169676425357
new_more,1000,GB4 0AC_00036 0 offwind-float,0.16454231463051172,0.004481257385561602
new_more,1000,GB4 0AC_00038 0 offwind-float,0.16578994359553956,0.00510400545970563
new_more,1000,GB4 0AC_00039 0 offwind-float,0.16644495021315742,0.00558319594323666
new_more,1000,GB4 0AC_00040 0 offwind-float,0.16413564013403714,0.004898636933372975
new_more,1000,GB4 0AC_00041 0 offwind-float,0.1647408143787379,0.005849543263372633
new_more,1000,GB4 0AC_00043 0 offwind-float,0.16749652394210712,0.004706699598027292
new_more,1000,GB4 0AC_00045 0 offwind-float,0.1649242656917057,0.004737236172431603
new_more,1000,GB4 0AC_00046 0 offwind-float,0.16393407264493542,0.004817236155903896
new_more,1000,GB4 0AC_00047 0 offwind-float,0.16722890295970216,0.004811564045781842
new_more,1000,GB4 0AC_00049 0 offwind-float,0.16492652112412842,0.005063916596833816
new_more,1000,GB4 0AC_00053 0 offwind-float,0.1658338954873908,0.00415510390208563
new_more,1000,GB4 0AC_00054 0 offwind-float,0.16555375112828485,0.005147898350025784
new_more,1000,GB4 0AC_00055 0 offwind-float,0.16645643062237447,0.005479354746639267
new_more,1000,GB4 0AC_00056 0 offwind-float,0.16621292294167056,0.005043746931829861
new_more,1000,GB4 0AC_00057 0 offwind-float,0.165914447902896,0.0044638595293883705
new_more,1000,GB4 0AC_00058 0 offwind-float,0.1662049051005423,0.004956158584304149
new_more,1000,GB4 0AC_00059 0 offwind-float,0.16549505154899824,0.0045393260876187185
new_more,1000,GB4 0AC_00060 0 offwind-float,0.16620372053791277,0.0047611249151555506
new_more,1000,GB4 0AC_00061 0 offwind-float,0.16616794647601207,0.004087494243052375
new_more,1000,GB4 0AC_00062 0 offwind-float,0.16578576350156504,0.00480116540738946
new_more,1000,GB4 0AC_00063 0 offwind-float,0.1665037672852382,0.0050035265996977414
new_more,1000,GB4 0AC_00065 0 offwind-float,0.16453822662692574,0.004206772776918615
new_more,1000,GB4 0AC_00066 0 offwind-float,0.16640668234796963,0.004243630867920364
new_more,1000,GB4 0AC_00067 0 offwind-float,0.16496050933651252,0.00418617547902899
new_more,1000,GB4 0AC_00068 0 offwind-float,0.1668899527712867,0.00488184428841764
new_more,1000,GB4 0AC_00069 0 offwind-float,0.16572376230801567,0.004593165866521268
new_more,1000,GB4 0AC_00072 0 offwind-float,0.16732915817769434,0.005003911182032954
new_more,1000,GB4 0AC_00073 0 offwind-float,0.1672180781132553,0.004569664019628828
new_more,1000,GB4 0AC_00074 0 offwind-float,0.16687451368336603,0.004575810669892414
new_more,1000,GB4 0AC_00075 0 offwind-float,0.16570460575649626,0.004000699473752907
new_more,1000,GB4 0AC_00076 0 offwind-float,0.16457136298536046,0.004304636004909529
new_more,1000,GB4 0AC_00077 0 offwind-float,0.1649860645872907,0.0038973223432586103
new_more,1000,GB4 0AC_00078 0 offwind-float,0.16622373748795993,0.004216372508414133
new_more,1000,GB4 0AC_00079 0 offwind-float,0.16734615130183428,0.0047362821671760435
new_more,1000,GB4 0AC_00081 0 offwind-float,0.16563428596723573,0.004363020437813566
new_more,1000,GB4 0AC_00082 0 offwind-float,0.16598222235117766,0.003923807467570535
new_more,1000,GB4 0AC_00083 0 offwind-float,0.16770188923140505,0.004109199632031663
new_more,1000,GB4 0AC_00084 0 offwind-float,0.16615994309165594,0.004187973922668083
new_more,1000,GB4 0AC_00085 0 offwind-float,0.1666662372111649,0.004445741723620603
new_more,1000,GB4 0AC_00086 0 offwind-float,0.16651169670554,0.003953694431294362
new_more,1000,GB4 0AC_00087 0 offwind-float,0.16551948530299554,0.0040990523577204355
new_more,1000,GB4 0AC_00088 0 offwind-float,0.16667157028422652,0.004080852121160946
new_more,1000,GB4 0AC_00089 0 offwind-float,0.16493631910854234,0.0037821772955699763
new_more,1000,NL2 0AC_00074 0 offwind-float,0.1636539119406103,0.0012626480981072874
new_more,1000,NO0 0AC_00002 0 offwind-float,0.16527482212367117,0.003298905109954972
new_more,1000,NO0 0AC_00003 0 offwind-float,0.16463911454051627,0.0029070343569052542
new_more,1000,NO0 0AC_00006 0 offwind-float,0.16679467757328104,0.003621787147933633
new_more,1000,NO0 0AC_00007 0 offwind-float,0.16775536426247606,0.0039065437825748575
new_more,1000,NO0 0AC_00008 0 offwind-float,0.16717915605778466,0.0033584325652621333
new_more,1000,NO0 0AC_00009 0 offwind-float,0.16829346925373356,0.0035637081055259674
new_more,1000,NO0 0AC_00012 0 offwind-float,0.16496360887196448,0.003203796808483835
new_more,1000,NO0 0AC_00013 0 offwind-float,0.16741969195048567,0.0034315798706954113
new_more,1000,NO0 0AC_00016 0 offwind-float,0.16489019199107324,0.0033378906964037108
new_more,1000,NO0 0AC_00022 0 offwind-float,0.1677191422918003,0.003325964162734983
new_more,1000,NO0 0AC_00023 0 offwind-float,0.1649694866888325,0.0032350676344154485
new_more,1000,NO0 0AC_00025 0 offwind-float,0.16601715815716056,0.0033923522686750995
new_more,1000,NO0 0AC_00026 0 offwind-float,0.16805729961709404,0.003588432188564612
new_more,1000,NO0 0AC_00027 0 offwind-float,0.16724791857251864,0.003544000763435545
new_more,1000,NO0 0AC_00029 0 offwind-float,0.1683803653449727,0.003381903462812618
new_more,1000,NO0 0AC_00030 0 offwind-float,0.16818882043868644,0.003665643118076361
new_more,1000,NO0 0AC_00031 0 offwind-float,0.16765337266091418,0.0035559993410732736
new_more,1000,NO0 0AC_00032 0 offwind-float,0.16773298193013975,0.003422255699659228
new_more,1000,NO0 0AC_00033 0 offwind-float,0.16680098712747182,0.003481177243079071
new_more,1000,NO0 0AC_00034 0 offwind-float,0.1654960914611615,0.0033435476975804124
new_more,1000,NO0 0AC_00035 0 offwind-float,0.16504797163504148,0.0032891891509589746
new_more,1000,NO0 0AC_00036 0 offwind-float,0.16765337366883037,0.0034563976711320036
new_more,1000,NO0 0AC_00038 0 offwind-float,0.16458848517634783,0.00319914822102292
new_more,1000,NO0 0AC_00040 0 offwind-float,0.1676324002476286,0.003390112647086168
new_more,1000,NO0 0AC_00041 0 offwind-float,0.16504108307070064,0.0031365452294798094
new_more,1000,NO0 0AC_00042 0 offwind-float,0.16600232559956396,0.003306898388480243
new_more,1000,NO0 0AC_00043 0 offwind-float,0.16588523404957545,0.0033230569847348193
new_more,1000,NO0 0AC_00046 0 offwind-float,0.16517728171962087,0.0032829522656829973
new_more,1000,NO0 0AC_00049 0 offwind-float,0.1666735347706252,0.0033223047217266323
new_more,1000,NO0 0AC_00050 0 offwind-float,0.16618942924586877,0.0033096678276924693
new_more,1000,NO0 0AC_00053 0 offwind-float,0.165054293200652,0.003159370903130788
new_more,1000,NO0 0AC_00054 0 offwind-float,0.16809201967943654,0.003314179643940111
new_more,1000,NO0 0AC_00056 0 offwind-float,0.1678299106133715,0.0035216997967463777
new_more,1000,NO0 0AC_00057 0 offwind-float,0.16610165667344157,0.0033994687541959046
new_more,1000,NO0 0AC_00058 0 offwind-float,0.16694616398052642,0.0032293553404131327
new_more,1000,NO0 0AC_00059 0 offwind-float,0.16753773678101513,0.0035732110615237715
new_more,1000,NO0 0AC_00061 0 offwind-float,0.16769605984544889,0.003385786254027371
new_more,1000,NO0 0AC_00062 0 offwind-float,0.16719369665740536,0.003509813883169047
new_more,1000,NO0 0AC_00064 0 offwind-float,0.16724688937411758,0.003540439240201559
new_more,1000,NO0 0AC_00066 0 offwind-float,0.16623203225652672,0.0035445180487336672
new_more,1000,NO0 0AC_00067 0 offwind-float,0.16667690217261222,0.0035662381715273637
new_more,1000,NO0 0AC_00068 0 offwind-float,0.1649325124286335,0.0032308422096511647
new_more,1000,NO0 0AC_00070 0 offwind-float,0.1646736805566431,0.0029484082934163654
new_more,1000,NO0 0AC_00076 0 offwind-float,0.16606966390673739,0.003528714900207259
new_more,1000,NO0 0AC_00079 0 offwind-float,0.16497464119281924,0.0033140449198695086
new_more,1000,NO0 0AC_00081 0 offwind-float,0.16539325424556817,0.0035251514963038307
new_more,1000,NO0 0AC_00087 0 offwind-float,0.1657706820507694,0.003591616023850023
new_more,1000,NO0 0AC_00142 0 offwind-float,0.16380647479030563,0.0007175584472561782
new_more,1000,NL2 0AC_00003 0 offwind-dc,0.14790156043361646,0.023372499931388704
new_more,1000,NL2 0AC_00018 0 offwind-dc,0.14428870728027643,0.029263540379153467
new_more,1000,NL2 0AC_00024 0 offwind-dc,0.151268481836753,0.022268701077283
new_more,1000,NL2 0AC_00025 0 offwind-dc,0.15905961507664357,0.012791453032034555
new_more,1000,NL2 0AC_00030 0 offwind-dc,0.1325999831943131,0.05158308668313245
new_more,1000,NL2 0AC_00032 0 offwind-dc,0.15772354107021558,0.01572095001790872
new_more,1000,NL2 0AC_00035 0 offwind-dc,0.161773212440249,0.011888992215896697
new_more,1000,NL2 0AC_00044 0 offwind-dc,0.1579337230329101,0.017060318250253635
new_more,1000,NL2 0AC_00046 0 offwind-dc,0.16001717838858365,0.01217723890324308
new_more,1000,NL2 0AC_00047 0 offwind-dc,0.13870098420481802,0.037222809298402285
new_more,1000,NL2 0AC_00052 0 offwind-dc,0.11153278567964364,23.206834032993655
new_more,1000,NL2 0AC_00055 0 offwind-dc,0.14975120072128545,0.024091534063444966
new_more,1000,NL2 0AC_00061 0 offwind-dc,0.11152673326997775,22.433434194708784
new_more,1000,GB4 0AC_00006 0 offwind-ac,0.1514090719562613,0.009208964496392826
new_more,1000,GB4 0AC_00007 0 offwind-ac,0.1513485704275246,0.009426499830818169
new_more,1000,NO0 0AC_00127 0 offwind-ac,0.16557864695745683,0.0013281764797969267
